CASMGQIYEQYF	TRBV28	TRBJ2-7
CASSLESVSGNTIYF	TRBV5-1	TRBJ1-3
CASKRDSQAYNSPLHF	TRBV19	TRBJ1-6
CASSALQAYEQYF	TRBV6-1	TRBJ2-7
CSARSPPDTQYF	TRBV20-1	TRBJ2-3
CASSVESSGFTDTQYF	TRBV9	TRBJ2-3
CSARGPGTGIHNYGYTF	TRBV20-1	TRBJ1-2
CASSFFTNTGELFF	TRBV7-9	TRBJ2-2
CSARIGTSGADTQYF	TRBV20-1	TRBJ2-3
CASSSDGTGNSPLHF	TRBV19	TRBJ1-6
CASSVGDSYGYTF	TRBV25-1	TRBJ1-2
CSARDRGGSNEQFF	TRBV20-1	TRBJ2-1
CASSLEGTGFGYTF	TRBV5-1	TRBJ1-2
CASSQRARTSGTTDTQYF	TRBV4-2	TRBJ2-3
CASKGAGETYEQYF	TRBV6-6	TRBJ2-7
CASGSSTVNTEAFF	TRBV11-2	TRBJ1-1
CASSQGDSRANYGYTF	TRBV14	TRBJ1-2
CSVERQNEQFF	TRBV29-1	TRBJ2-1
CSARLSGGESKNIQYF	TRBV20-1	TRBJ2-4
CASRSEGTGALYTDTQYF	TRBV3-1	TRBJ2-3
CASRDPGTVTEAFF	TRBV19	TRBJ1-1
CASSLVLAGENEQFF	TRBV5-6	TRBJ2-1
CASSSSIAGAPYNEQFF	TRBV12-3	TRBJ2-1
CSARGLDDGYTF	TRBV20-1	TRBJ1-2
CASSYSISDNTEAFF	TRBV6-6	TRBJ1-1
CASSGLAGGTDTQYF	TRBV2	TRBJ2-3
CSADPGQRTQYF	TRBV20-1	TRBJ2-5
CAISDTNEKLFF	TRBV10-3	TRBJ1-4
CASSEEWTGSFSNYGYTF	TRBV6-1	TRBJ1-2
CASSEGGRGAGGYTF	TRBV25-1	TRBJ1-2
CASSGRVGGGYTF	TRBV9	TRBJ1-2
CASSLPPDGGQYEQYF	TRBV7-9	TRBJ2-7
CASSPDRDYGYTF	TRBV2	TRBJ1-2
CSAEGLAGGPPDTQYF	TRBV20-1	TRBJ2-3
CSVDRADTQYF	TRBV29-1	TRBJ2-3
CASSAAGARDGYTF	TRBV19	TRBJ1-2
CASSSNSGAGDTGELFF	TRBV7-2	TRBJ2-2
CSARDPGKLDTQYF	TRBV20-1	TRBJ2-3
CASSVGGAPPGANVLTF	TRBV9	TRBJ2-6
CASSQASGGAFETQYF	TRBV4-2	TRBJ2-5
CASSETPGLEQFF	TRBV4-2	TRBJ2-1
CASSSQAGGLDNEQFF	TRBV11-3	TRBJ2-1
CAWSPRDRISPLHF	TRBV30	TRBJ1-6
CASRPGTGVYNSPLHF	TRBV12-3	TRBJ1-6
CASSIMGNSYEQYF	TRBV19	TRBJ2-7
CSALQTGSYNSPLHF	TRBV20-1	TRBJ1-6
CATSRESGDRDYEQYF	TRBV15	TRBJ2-7
CASSFTGGQNNEQFF	TRBV7-2	TRBJ2-1
CASKGGLAQNYGYTF	TRBV5-1	TRBJ1-2
CASSQGRGVTGELFF	TRBV3-1	TRBJ2-2
CATSDINEQFF	TRBV24-1	TRBJ2-1
CSARVSGNTIYF	TRBV20-1	TRBJ1-3
CSVAQRGVATEAFF	TRBV29-1	TRBJ1-1
CAWSISTGSRMNTEAFF	TRBV30	TRBJ1-1
CSAERGESKNEQFF	TRBV20-1	TRBJ2-1
CSAREGGGAVGTQYF	TRBV20-1	TRBJ2-5
CATSLGGWGVPGTSVGDEQFF	TRBV24-1	TRBJ2-1
CSARDNSYEQYF	TRBV20-1	TRBJ2-7
CASSVGRNTEAFF	TRBV9	TRBJ1-1
CASSEDRSYNSPLHF	TRBV2	TRBJ1-6
CSAITRAGVGTQYF	TRBV20-1	TRBJ2-5
CASSHAGGIGQYQETQYF	TRBV7-9	TRBJ2-5
CAERAVGANEKLFF	TRBV2	TRBJ1-4
CASSVVDSTYYGYTF	TRBV9	TRBJ1-2
CSVEQGTYGYTF	TRBV29-1	TRBJ1-2
CSAYREGITEAFF	TRBV20-1	TRBJ1-1
CASSQAPGDTEAFF	TRBV3-1	TRBJ1-1
CASSLEGQGNEKLFF	TRBV5-1	TRBJ1-4
CASRVGVTSNQPQHF	TRBV12-3	TRBJ1-5
CSARDPYRAFTTDTQYF	TRBV20-1	TRBJ2-3
CSANTGLGSEAFF	TRBV20-1	TRBJ1-1
CASSVALSNYGYTF	TRBV9	TRBJ1-2
CASSDRGLAGVYQETQYF	TRBV7-2	TRBJ2-5
CASSFMGAGNEKLFF	TRBV27	TRBJ1-4
CASSPGREQYF	TRBV18	TRBJ2-7
CASSPPTANQETQYF	TRBV18	TRBJ2-5
CSASRGNQPQHF	TRBV20-1	TRBJ1-5
RASSLFHXTYEQYF	TRBV7-3	TRBJ2-7
CASTFDRGGYTF	TRBV19	TRBJ1-2
CASSQVSYRATQYF	TRBV3-1	TRBJ2-5
CASRPGLPGDEQYF	TRBV7-9	TRBJ2-7
CASSVAGSHTIYF	TRBV9	TRBJ1-3
CASSLIPSGELFF	TRBV13	TRBJ2-2
CASSLDSGVPDTEAFF	TRBV5-1	TRBJ1-1
CASSLEGYTEAFF	TRBV11-1	TRBJ1-1
CASSEEGGGGADTQYF	TRBV2	TRBJ2-3
CASSDPGGYEQYF	TRBV5-1	TRBJ2-7
CSVQQLAGPAYEQYF	TRBV29-1	TRBJ2-7
CSADPGERTQYF	TRBV20-1	TRBJ2-3
CSAGGGKTEAFF	TRBV20-1	TRBJ1-1
CASSLEPGTGDSPLHF	TRBV5-1	TRBJ1-6
CASSQPGGYSLNEQFF	TRBV3-1	TRBJ2-1
CASSATGGTISGNTIYF	TRBV12-3	TRBJ1-3
CASTTTGGRSPLHF	TRBV6-1	TRBJ1-6
CSASPGPTDTQYF	TRBV20-1	TRBJ2-3
CSAGPAVAGGRDTQYF	TRBV20-1	TRBJ2-3
CASSLAPGQAREQYF	TRBV5-1	TRBJ2-7
CASSNSGGDYNEQFF	TRBV6-6	TRBJ2-1
CASSYDFNYGYTF	TRBV5-1	TRBJ1-2
CASSSDRVMDTQYF	TRBV7-9	TRBJ2-3
CSARVDSKPYNEQFF	TRBV20-1	TRBJ2-1
CASSIGQVNTGELFF	TRBV19	TRBJ2-2
CASSRGTVNTEAFF	TRBV25-1	TRBJ1-1
CASSSPYRGNEQFF	TRBV7-2	TRBJ2-1
CSVETPGEQFF	TRBV29-1	TRBJ2-1
CSARAGRAKNIQYF	TRBV20-1	TRBJ2-4
CASSFRTGQTFRPQHF	TRBV28	TRBJ1-5
CASSQRTDEQYF	TRBV3-1	TRBJ2-7
CASSQGSTGPPAKNIQYF	TRBV4-2	TRBJ2-4
CAISGSNKADNEQFF	TRBV10-3	TRBJ2-1
CSARDRGGRNTIYF	TRBV20-1	TRBJ1-3
CASSQVGGTVGSPLHF	TRBV14	TRBJ1-6
CASSQGTAPPQYF	TRBV3-1	TRBJ2-7
CASSPLDSMNTEAFF	TRBV18	TRBJ1-1
CSVGQRANTEAFF	TRBV29-1	TRBJ1-1
CSVAQDYGYTF	TRBV29-1	TRBJ1-2
CASSDPGARYGYTF	TRBV19	TRBJ1-2
CASSLFSGETDTQYF	TRBV5-1	TRBJ2-3
CASSLEGASGETQYF	TRBV5-1	TRBJ2-5
CASSFTSGTYEQYF	TRBV5-1	TRBJ2-7
CAWRRPPYNEQFF	TRBV30	TRBJ2-1
CSAPTGAGWNEQFF	TRBV20-1	TRBJ2-1
CATSREVRTGNEQFF	TRBV15	TRBJ2-1
CSALKGLGPQHF	TRBV20-1	TRBJ1-5
CASSLRTGRTIETQYF	TRBV11-1	TRBJ2-5
CAISREDRGNTEAFF	TRBV10-3	TRBJ1-1
CSSDTDTQYF	TRBV29-1	TRBJ2-3
CASTWGTGSYEQYF	TRBV12-3	TRBJ2-7
CASSSQGGVGGTEAFF	TRBV7-9	TRBJ1-1
CASSLGTIKNTEAFF	TRBV5-1	TRBJ1-1
CASSRISGGAFTDTQYF	TRBV3-1	TRBJ2-3
CASSPWGTDTQYF	TRBV18	TRBJ2-3
CASSLAGGSYNEQFF	TRBV6-5	TRBJ2-1
CASSLGDSYNEQFF	TRBV7-9	TRBJ2-1
CSAKTSLGNQPQHF	TRBV20-1	TRBJ1-5
CSAGQGSGEKLFF	TRBV20-1	TRBJ1-4
CASSIDNRGDWTDTQYF	TRBV19	TRBJ2-3
CASSPESGQIYEQYF	TRBV18	TRBJ2-7
CASSQTGGSGTGELFF	TRBV3-1	TRBJ2-2
CASSGLAAYEQYF	TRBV6-1	TRBJ2-7
CASSDDPSGANVLTF	TRBV9	TRBJ2-6
CASSSTTANTEAFF	TRBV11-2	TRBJ1-1
CASSEVFSGGLFTYEQYF	TRBV6-1	TRBJ2-7
CASSRGEGAGETQYF	TRBV11-3	TRBJ2-5
CSASTGEDLKAFF	TRBV20-1	TRBJ1-1
CASSPGGTRYNEQFF	TRBV25-1	TRBJ2-1
CASSQERPGPNGGSSYEQYF	TRBV4-2	TRBJ2-7
CASSLGASYNEQFF	TRBV5-1	TRBJ2-1
CASSTGTAYGYTF	TRBV12-3	TRBJ1-2
CSARDSREPSGGAGELFF	TRBV20-1	TRBJ2-2
CASSGLVDTQYF	TRBV2	TRBJ2-3
CASSGNRVETQYF	TRBV10-1	TRBJ2-5
CASNTEPHSNQPQHF	TRBV6-1	TRBJ1-5
CASSRSTSGTYNEQFF	TRBV7-2	TRBJ2-1
CSAASGTGFNEQYF	TRBV20-1	TRBJ2-7
CASSLELAGGPMTGELFF	TRBV5-1	TRBJ2-2
CATSRDRTSSGNTIYF	TRBV15	TRBJ1-3
CASRGGAALSGTF	TRBV2	TRBJ1-2
CASSLNYGELFF	TRBV11-3	TRBJ2-2
CASSVGGAVWGYTF	TRBV9	TRBJ1-2
CASSQLNEQYF	TRBV3-1	TRBJ2-7
CASSQASGLYTGELFF	TRBV4-2	TRBJ2-2
CASSRQSNQPQHF	TRBV12-3	TRBJ1-5
CASSRFGGRGTEAFF	TRBV12-3	TRBJ1-1
CASSFARSYTGELFF	TRBV12-3	TRBJ2-2
CSAQGGPHGETQYF	TRBV20-1	TRBJ2-5
CSASRSRGATEAFF	TRBV20-1	TRBJ1-1
CSVQGGTGANVLTF	TRBV29-1	TRBJ2-6
CASSQEGAWDTQYF	TRBV4-2	TRBJ2-3
CSAWTGGDEQFF	TRBV20-1	TRBJ2-1
CASSPSPNLPSETQYF	TRBV12-3	TRBJ2-5
CASSPRRGAGGYTF	TRBV12-3	TRBJ1-2
CSASSRGGSSTDTQYF	TRBV20-1	TRBJ2-3
CSAKEGKETQYF	TRBV20-1	TRBJ2-5
CASVGTSGGNTQYF	TRBV25-1	TRBJ2-3
CASSFWGDSNQPQHF	TRBV12-3	TRBJ1-5
CASSVGLANYGYTF	TRBV9	TRBJ1-2
CASSLGQGANYGYTF	TRBV12-3	TRBJ1-2
CATSDLQSDQPQHF	TRBV24-1	TRBJ1-5
CASSAHENGEQYF	TRBV12-3	TRBJ2-7
CAISAFKGQGEGAQHF	TRBV10-3	TRBJ1-5
CASSLDRGNQPQHF	TRBV11-2	TRBJ1-5
CASRSGTDFYEQYF	TRBV7-9	TRBJ2-7
CASSPGAAGTEAFF	TRBV11-3	TRBJ1-1
CASSLSGTGSHEQYF	TRBV7-9	TRBJ2-7
CASSVSGNTIYF	TRBV9	TRBJ1-3
CASSLKGGTDTQYF	TRBV2	TRBJ2-3
CASSQDPQGDTQYF	TRBV4-2	TRBJ2-3
CSARLSGGEAKNIQYF	TRBV20-1	TRBJ2-4
CASSWSAQETQYF	TRBV6-5	TRBJ2-5
CATSPTLELSPQGIGTDTQYF	TRBV24-1	TRBJ2-3
CATSDWGGADTQYF	TRBV24-1	TRBJ2-3
CASSAGADRRRNIQYF	TRBV7-2	TRBJ2-4
CAWSFTGVNQPQHF	TRBV30	TRBJ1-5
CASSSGRGGTTEAFF	TRBV5-1	TRBJ1-1
CASSDRGTSIYEQYF	TRBV10-2	TRBJ2-7
CASKSSGGAGELFF	TRBV6-6	TRBJ2-2
CASSLAGQGGYGYTF	TRBV7-2	TRBJ1-2
CSASWFRAEETQYF	TRBV20-1	TRBJ2-5
CASSQGGGVGDYGYTF	TRBV3-1	TRBJ1-2
CASSLGADSQETQYF	TRBV7-6	TRBJ2-5
CASSTTPGYGNTIYF	TRBV9	TRBJ1-3
CSVVQGNLGTDTQYF	TRBV29-1	TRBJ2-3
CASSESAGQGRVIASYEQYF	TRBV10-1	TRBJ2-7
CASSQRWSTEAFF	TRBV3-1	TRBJ1-1
CSAGGTGNEQFF	TRBV20-1	TRBJ2-1
CASRAGGGAKNIQYF	TRBV2	TRBJ2-4
CSVSDRGDTEAFF	TRBV29-1	TRBJ1-1
CSARDQGVRVGSYNSPLHF	TRBV20-1	TRBJ1-6
CASSDSSGGADTQYF	TRBV6-4	TRBJ2-3
CASSQDLSSGFYNEQFF	TRBV3-1	TRBJ2-1
CAISEGLIGENTEAFF	TRBV10-3	TRBJ1-1
CASSLLQPPLNGYTF	TRBV5-1	TRBJ1-2
CASSSRAGSFTDTQYF	TRBV19	TRBJ2-3
CSARGLARLNYEQYF	TRBV20-1	TRBJ2-7
CASSQGGQYAEAFF	TRBV4-2	TRBJ1-1
CASGLVLRPWRDLNNEQFF	TRBV12-5	TRBJ2-1
CASSVSLDGTQYF	TRBV9	TRBJ2-5
CASSPGAHTGELFF	TRBV2	TRBJ2-2
CASSLDRGSAGGEKLFF	TRBV5-1	TRBJ1-4
CASSLDKWETQYF	TRBV11-3	TRBJ2-5
CASSSTGTSNYGYTF	TRBV7-6	TRBJ1-2
CSAPIAGALYNEQFF	TRBV20-1	TRBJ2-1
CAWSGGSSGGAGYGEQFF	TRBV30	TRBJ2-1
CASSPGTSGTNEQFF	TRBV6-1	TRBJ2-1
CASSIGDYEQYF	TRBV19	TRBJ2-7
CAISESGIRPGLQVTTYEQYF	TRBV10-3	TRBJ2-7
CASSISRSNYGYTF	TRBV19	TRBJ1-2
CAWSTGRVYEQYF	TRBV30	TRBJ2-7
CSAVSPGLAGYNEQFF	TRBV20-1	TRBJ2-1
CASSSSLGTPHTQYF	TRBV9	TRBJ2-3
CASSSSWGIGVYTDTQYF	TRBV6-2	TRBJ2-3
CASSSYRSDRGRELFF	TRBV7-6	TRBJ2-2
CASSLGQPSQPQHF	TRBV7-9	TRBJ1-5
CASSLGTESNQPQHF	TRBV7-2	TRBJ1-5
CASNFFGQKNTGELFF	TRBV6-6	TRBJ2-2
CASSELGGASTDTQYF	TRBV6-5	TRBJ2-3
CASSAQGNTAKNIQYF	TRBV9	TRBJ2-4
CASSLQPTETQYF	TRBV7-6	TRBJ2-5
CASSLTFETQYF	TRBV11-2	TRBJ2-5
CSATPGTSGRDYEQYF	TRBV20-1	TRBJ2-7
CASSPLTAVYEQFF	TRBV18	TRBJ2-1
CAWTSGQGASGYTF	TRBV30	TRBJ1-2
CASSWGDYPYEQYF	TRBV12-3	TRBJ2-7
CASSDRRGKDYGYTF	TRBV28	TRBJ1-2
CASRGVGVLYTEAFF	TRBV27	TRBJ1-1
CSARDRTGQGFGEKLFF	TRBV20-1	TRBJ1-4
CASRPGGRSRYEQYF	TRBV6-2	TRBJ2-7
CATSTGTGNGYGYTF	TRBV19	TRBJ1-2
CASSLNPGLAYEQYF	TRBV7-2	TRBJ2-7
CSARDSEDTEAFF	TRBV20-1	TRBJ1-1
CSVIPGQRGYEQYF	TRBV29-1	TRBJ2-7
CSARDTHSGNTYNEQFF	TRBV20-1	TRBJ2-1
CASKLAGGGDTQYF	TRBV6-1	TRBJ2-3
CASGLNEAFF	TRBV12-5	TRBJ1-1
CASTDGLVLDTQYF	TRBV25-1	TRBJ2-3
CSAPAGAHTEAFF	TRBV20-1	TRBJ1-1
CASSEDRLSNTGELFF	TRBV11-2	TRBJ2-2
CSARDLAGGAQYF	TRBV20-1	TRBJ2-5
CSAGLDYYNEQFF	TRBV20-1	TRBJ2-1
CASSHTFDTEAFF	TRBV27	TRBJ1-1
CASSPYNRPSYNEQFF	TRBV12-3	TRBJ2-1
CASSITNYNEQFF	TRBV19	TRBJ2-1
CASSSYRGLYYNEQFF	TRBV27	TRBJ2-1
CASSLFGGGMVTEAFF	TRBV7-3	TRBJ1-1
CSAREGSPDTQYF	TRBV20-1	TRBJ2-3
CASSVAGGFMFF	TRBV9	TRBJ2-1
CASSLRWQSTDTQYF	TRBV12-3	TRBJ2-3
CASSVGGQGNYGYTF	TRBV9	TRBJ1-2
CSASGRIANEQFF	TRBV20-1	TRBJ2-1
CASSFRDTDTQYF	TRBV5-1	TRBJ2-3
CSAQMDIHSGANVLTF	TRBV29-1	TRBJ2-6
CASSRGTPDTQYF	TRBV11-3	TRBJ2-3
CASSELTREGSTDTQYF	TRBV25-1	TRBJ2-3
CASSDSPTGRTQYF	TRBV6-4	TRBJ2-5
CASSLLRTGELFF	TRBV4-1	TRBJ2-2
CASSPQSGRVAGELFF	TRBV7-3	TRBJ2-2
CAWSVTWGYGYTF	TRBV30	TRBJ1-2
CASSPRRSGSSNEQYF	TRBV19	TRBJ2-7
CIIEVEAFF	TRBV29-1	TRBJ1-1
CASSLDAREQFF	TRBV11-3	TRBJ2-1
CASSLAYGSYNEQFF	TRBV7-2	TRBJ2-1
CASSSLGGNTEAFF	TRBV7-2	TRBJ1-1
CSARDVKGLAGAGELFF	TRBV20-1	TRBJ2-2
CASSVVLGGELFF	TRBV9	TRBJ2-2
CASSLGPAQAKQFF	TRBV7-9	TRBJ2-1
CASSSRLAGGPRVEQFF	TRBV27	TRBJ2-1
CASSQDPAVQETQYF	TRBV3-1	TRBJ2-5
CASSDWGQGNRRTGELFF	TRBV6-4	TRBJ2-2
CSARGGVRTGELFF	TRBV20-1	TRBJ2-2
CASSLAGAFAEAFF	TRBV11-3	TRBJ1-1
CASRSGTGVYEQYF	TRBV6-2	TRBJ2-7
CASSYPGRGVNEQFF	TRBV4-1	TRBJ2-1
CASSSQGVGANVLTF	TRBV7-3	TRBJ2-6
CASSEARTSGGGDTQYF	TRBV2	TRBJ2-3
CASSQGQGGNQPQHF	TRBV4-1	TRBJ1-5
CASSQDGAVNEQFF	TRBV4-2	TRBJ2-1
CASSLVGDRGLVLGNTIYF	TRBV5-1	TRBJ1-3
CSAGGTGVKSQHF	TRBV20-1	TRBJ1-5
CSARSLERGVGAGELFF	TRBV20-1	TRBJ2-2
CSASGLSQETQYF	TRBV20-1	TRBJ2-5
CASTSLAATSTDTQYF	TRBV2	TRBJ2-3
CASSLVRGAGNTIYF	TRBV11-2	TRBJ1-3
CASSRSGTEEQFF	TRBV12-3	TRBJ2-1
CASSQITGGLNEKLFF	TRBV4-1	TRBJ1-4
CASSLPARQGHNEQYF	TRBV28	TRBJ2-7
CSATGQAKYEQYF	TRBV29-1	TRBJ2-7
CASSESNQNQPQHF	TRBV10-2	TRBJ1-5
CASSPGGQTEAFF	TRBV12-3	TRBJ1-1
CSASPFPFNTGELFF	TRBV20-1	TRBJ2-2
CAPPGEQYF	TRBV7-4	TRBJ2-7
CASSESQVAGYEQFF	TRBV25-1	TRBJ2-1
CASSQRWGAKNIQYF	TRBV14	TRBJ2-4
CASSPGGLAGYEQYF	TRBV13	TRBJ2-7
CASSWTSAHNEQFF	TRBV25-1	TRBJ2-1
CASSRRTGNTGELFF	TRBV19	TRBJ2-2
CASGLVPGLNTEAFF	TRBV12-5	TRBJ1-1
CASSQRAGLSSGNTIYF	TRBV9	TRBJ1-3
CASSLDGQPQHF	TRBV5-1	TRBJ1-5
CASSLEKGTSGPPSYEQYF	TRBV11-3	TRBJ2-7
CASSQDETSRPNYGYTF	TRBV3-1	TRBJ1-2
CASSVDGLAGVLHEQFF	TRBV9	TRBJ2-1
CASSVALGAGEQYF	TRBV9	TRBJ2-7
CASSLDKEAFF	TRBV5-1	TRBJ1-1
CASSNPGNTIYF	TRBV7-6	TRBJ1-3
CSARDGRAYNEQFF	TRBV20-1	TRBJ2-1
CASSLRGPGGSPLHF	TRBV5-1	TRBJ1-6
CASGGGGKVNEQFF	TRBV12-5	TRBJ2-1
CSVGASGRLGEETQYF	TRBV29-1	TRBJ2-5
CSASREFGTEAFF	TRBV20-1	TRBJ1-1
CASSLDRYTEAFF	TRBV11-1	TRBJ1-1
CASSENTGSETQYF	TRBV7-3	TRBJ2-5
CAWSDNGGGRSTEAFF	TRBV30	TRBJ1-1
CATSTREQETQYF	TRBV15	TRBJ2-5
CASSALDGGEQYF	TRBV6-1	TRBJ2-7
CAWSAAGGPYNEQFF	TRBV30	TRBJ2-1
CASRQSYRAQETQYF	TRBV11-2	TRBJ2-5
CASSVASGRLETQYF	TRBV9	TRBJ2-5
CATSRGGASGTDTQYF	TRBV15	TRBJ2-3
CASSLLGQGFGYTF	TRBV7-2	TRBJ1-2
CASSDREGTGELFF	TRBV12-3	TRBJ2-2
CATSDWRSNQPQHF	TRBV24-1	TRBJ1-5
CSVDWSGGLNYGYTF	TRBV29-1	TRBJ1-2
CASSVGQGSYNEQFF	TRBV9	TRBJ2-1
CASSPWTWYDKNIQYF	TRBV6-2	TRBJ2-4
CATSDPGNEKLFF	TRBV24-1	TRBJ1-4
CASSQEGRPYEQYF	TRBV3-1	TRBJ2-7
CAARRAGIYNEQFF	TRBV2	TRBJ2-1
CASSPAHEQYF	TRBV6-2	TRBJ2-7
CASRLDGSNQPQHF	TRBV6-6	TRBJ1-5
CASSQGGLAGVVKNIQYF	TRBV4-1	TRBJ2-4
CSARPPGNTEAFF	TRBV20-1	TRBJ1-1
CASSPPGQGGDGYTF	TRBV18	TRBJ1-2
CASSQGISGYSNQPQHF	TRBV4-1	TRBJ1-5
CSPRGPGGDTIYF	TRBV20-1	TRBJ1-3
CAIGLAEDTQYF	TRBV10-3	TRBJ2-3
CASSVDGFGSPSEQYF	TRBV9	TRBJ2-7
CASSQITGQNNEKLFF	TRBV4-1	TRBJ1-4
CASSQDLDTEAFF	TRBV14	TRBJ1-1
CASSPSRTGYNEQFF	TRBV7-2	TRBJ2-1
CASRTTGRESVFF	TRBV28	TRBJ1-4
CASSQDLRGHTDTQYF	TRBV4-2	TRBJ2-3
CASDRGRQPQHF	TRBV19	TRBJ1-5
CASSVALAGANGYTF	TRBV9	TRBJ1-2
CASGLVIGQGASEQFF	TRBV12-5	TRBJ2-1
CASSQPPAGQRTADTQYF	TRBV4-1	TRBJ2-3
CASSQLAGGYYNEQFF	TRBV11-3	TRBJ2-1
CASSQDRTGGNTIYF	TRBV3-1	TRBJ1-3
CASSLVSGRKDTQYF	TRBV7-9	TRBJ2-3
CASGLVIRPRDRGNEQFF	TRBV12-5	TRBJ2-1
CASSHRISRGLAGMKAYEQYF	TRBV6-2	TRBJ2-7
CASSPGSYNEQFF	TRBV11-3	TRBJ2-1
CASSLDIRGEQFF	TRBV7-6	TRBJ2-1
CASSSGPLDEQFF	TRBV6-5	TRBJ2-1
CATGTRSSPGELFF	TRBV24-1	TRBJ2-2
CASSPFRDAANTIYF	TRBV18	TRBJ1-3
CATSWGVSGNEQFF	TRBV24-1	TRBJ2-1
CASSLSSSRWPYEQYF	TRBV27	TRBJ2-7
CASLRGPGGEQYF	TRBV12-3	TRBJ2-7
CASGLALAGPYEQYF	TRBV12-5	TRBJ2-7
CASSLTGPNTEAFF	TRBV5-6	TRBJ1-1
CASSLSSGRANSYNEQFF	TRBV12-3	TRBJ2-1
CASRGGVAGNIQYF	TRBV2	TRBJ2-4
CASSRGLAGATWEQFF	TRBV3-1	TRBJ2-1
CAWSVIAGVVGELFF	TRBV30	TRBJ2-2
CASTQGTDTQYF	TRBV25-1	TRBJ2-3
CSAGRTSGRGGTDTQYF	TRBV20-1	TRBJ2-3
CARAGEYNEQFF	TRBV30	TRBJ2-1
CARVYPLRWEQYF	TRBV11-3	TRBJ2-7
CASGLVSDRFTGNTIYF	TRBV12-5	TRBJ1-3
CASRMGNGVYIQYF	TRBV5-1	TRBJ2-4
CASSIPTGDGSGANVLTF	TRBV28	TRBJ2-6
CASSLQGTEAFF	TRBV11-2	TRBJ1-1
CSARGQGNEQYF	TRBV20-1	TRBJ2-7
CASTPRAGGVSGANVLTF	TRBV28	TRBJ2-6
CASSLDFGWTGGSDGYTF	TRBV12-3	TRBJ1-2
CASSQDKLRLTDTQYF	TRBV14	TRBJ2-3
CSVEDGQGAIYGYTF	TRBV29-1	TRBJ1-2
CSAELGGGHYGYTF	TRBV20-1	TRBJ1-2
CASSFYRSGGGEAFF	TRBV11-2	TRBJ1-1
CASSYLALSYNEQFF	TRBV6-5	TRBJ2-1
CATSDPTLPSDTQYF	TRBV24-1	TRBJ2-3
CASSLEKLGGPGSYEQYF	TRBV11-3	TRBJ2-7
CASSANRDQPQHF	TRBV7-3	TRBJ1-5
CASRLNSGLTQETQYF	TRBV4-2	TRBJ2-5
CATSLENEQFF	TRBV24-1	TRBJ2-1
CASSSRVGERSTDTQYF	TRBV7-6	TRBJ2-3
CASSLESTWLFGYTF	TRBV5-1	TRBJ1-2
CASSQGYQAFF	TRBV4-1	TRBJ1-1
CASSPLXLARQQFF	TRBV7-9	TRBJ2-1
CASSLESTGFGEQYF	TRBV11-3	TRBJ2-7
CASIKAGTGFLNTEAFF	TRBV19	TRBJ1-1
CATSDPGAELMNEQFF	TRBV24-1	TRBJ2-1
CASRFGSGDEQFF	TRBV25-1	TRBJ2-1
CASSLVTGPRGTEAFF	TRBV5-1	TRBJ1-1
CAISDSSGRAPDTQYF	TRBV10-3	TRBJ2-3
CASSTSGRRAYNEQFF	TRBV19	TRBJ2-1
CASSQSGGLGDIQYF	TRBV25-1	TRBJ2-4
CASSELAGTHNEQFF	TRBV28	TRBJ2-1
CASSLLQGRLSSYNEQFF	TRBV7-2	TRBJ2-1
CASSMDRAGREPLHF	TRBV2	TRBJ1-6
CASSAQGLAGSTQYF	TRBV9	TRBJ2-3
CSASWVLNTEAFF	TRBV20-1	TRBJ1-1
CASSFNRRANTGELFF	TRBV28	TRBJ2-2
CSASGSTGELFF	TRBV20-1	TRBJ2-2
CASRSVVDSSTDTQYF	TRBV5-1	TRBJ2-3
CSVARDVDSGANVLTF	TRBV29-1	TRBJ2-6
CASRLLAGGPQNEQFF	TRBV19	TRBJ2-1
CASSLPREGTDTQYF	TRBV11-3	TRBJ2-3
CASSLGSVSRGEQYF	TRBV7-9	TRBJ2-7
CASRRSNTEAFF	TRBV2	TRBJ1-1
CASSDRLAGISTDTQYF	TRBV25-1	TRBJ2-3
CASSYPQGAGANVLTF	TRBV6-6	TRBJ2-6
CASSELLDTGAHEAFF	TRBV25-1	TRBJ1-1
CASSSGLAGVYEQYF	TRBV7-6	TRBJ2-7
CASTSGTGAEKLFF	TRBV25-1	TRBJ1-4
CASSWPRVGTEAFF	TRBV6-2	TRBJ1-1
CSAGPGGAGQETQYF	TRBV20-1	TRBJ2-5
CASRKDRSTNEKLFF	TRBV6-1	TRBJ1-4
CSAAAAGTGNYGYTF	TRBV20-1	TRBJ1-2
CASGRIPQRLAGDIHSYEQYF	TRBV12-5	TRBJ2-7
CATIPQSAGEYGYTF	TRBV2	TRBJ1-2
CASSLGRLKNIQYF	TRBV12-3	TRBJ2-4
CASSIVAGYHNEQFF	TRBV19	TRBJ2-1
CSAKRGAPHIQETQYF	TRBV20-1	TRBJ2-5
CASSVALSGTGTQYF	TRBV9	TRBJ2-3
CASSPLDSSYEQYF	TRBV18	TRBJ2-7
CASSRGGQHYEQYF	TRBV12-3	TRBJ2-7
CASSQGLRGFAGNTIYF	TRBV4-1	TRBJ1-3
CASSTQPPARGETQYF	TRBV19	TRBJ2-5
CASSQGRGAGGPFDTQYF	TRBV4-1	TRBJ2-3
CASRLRDRPYGYTF	TRBV12-3	TRBJ1-2
CASTTGTGNSYEQYF	TRBV19	TRBJ2-7
CASSYSVTPGNTIYF	TRBV6-5	TRBJ1-3
CASSQGRVVGTNEKLFF	TRBV4-1	TRBJ1-4
CASSTNTLPGQNYNEQFF	TRBV11-2	TRBJ2-1
CASSVGTQFEQFF	TRBV9	TRBJ2-1
CASISASYQQYF	TRBV27	TRBJ2-7
CATRDYSNQPQHF	TRBV6-1	TRBJ1-5
CSASFPPGAKNIQYF	TRBV20-1	TRBJ2-4
CASSLTQGARGPSIQYF	TRBV11-1	TRBJ2-4
CASSGTSGSVNIQYF	TRBV2	TRBJ2-4
CASSSHSEPNTEAFF	TRBV9	TRBJ1-1
CSARGRTPDNEKLFF	TRBV20-1	TRBJ1-4
CASSLERVGGPQTYEQYF	TRBV11-3	TRBJ2-7
CASRLASGRLETQYF	TRBV7-2	TRBJ2-5
CASSLGPPVNYGYTF	TRBV11-2	TRBJ1-2
CASRAPILRPAQETQYF	TRBV5-1	TRBJ2-5
CASSFEQSNGNTIYF	TRBV6-1	TRBJ1-3
CASSSGAAKGYTF	TRBV28	TRBJ1-2
CSPYRNEQFF	TRBV20-1	TRBJ2-1
CASSSTGTSGANTGELFF	TRBV5-1	TRBJ2-2
CASSRTGQGDGYTF	TRBV25-1	TRBJ1-2
CSARDDSYEQYF	TRBV20-1	TRBJ2-7
CSGQNQETQYF	TRBV20-1	TRBJ2-5
CASSVGQGNGYTF	TRBV9	TRBJ1-2
CASSADGTGGDYNEQFF	TRBV25-1	TRBJ2-1
CASKGLAGEETQYF	TRBV7-2	TRBJ2-5
CSAGTSGSRSYNEQFF	TRBV20-1	TRBJ2-1
CASSQPAGTSSREQYF	TRBV4-1	TRBJ2-7
CATSGDRIGGYTF	TRBV15	TRBJ1-2
CASSLGGRSGGKLFF	TRBV7-2	TRBJ1-4
CASSPLSISYEQYF	TRBV4-1	TRBJ2-7
CASSAGGASETQYF	TRBV10-1	TRBJ2-5
CASSLARLTEAFF	TRBV7-2	TRBJ1-1
CASSTGTRGEQYF	TRBV5-1	TRBJ2-7
CASSLDRVRGYTF	TRBV19	TRBJ1-2
CAISDSTDTQYF	TRBV10-3	TRBJ2-3
CASSETREESNQPQHF	TRBV25-1	TRBJ1-5
CASSSGTSSVRTDTQYF	TRBV19	TRBJ2-3
CASSPRTGPGNTIYF	TRBV19	TRBJ1-3
CASSLYATNEKLFF	TRBV2	TRBJ1-4
CSVEESTGGAGGYTF	TRBV29-1	TRBJ1-2
CATSKDLTGASSGNTIYF	TRBV15	TRBJ1-3
CASSLGVGIPEAFF	TRBV5-1	TRBJ1-1
CATTPGPGTPGELFF	TRBV24-1	TRBJ2-2
CASSSLPGQAKSSGANVLTF	TRBV4-1	TRBJ2-6
CSARVPLAGALLQETQYF	TRBV20-1	TRBJ2-5
CAWSQGAPSYEQYF	TRBV30	TRBJ2-7
CASSDGEGNYGYTF	TRBV11-2	TRBJ1-2
CATSDPTKREGREGELFF	TRBV24-1	TRBJ2-2
CASSRWTRRLTYNEQFF	TRBV11-2	TRBJ2-1
CASSPPTGGEQFF	TRBV19	TRBJ2-1
CASSPGQLQTTGELFF	TRBV18	TRBJ2-2
CASSLTTPSYEQYF	TRBV7-2	TRBJ2-7
CASADRPGQRKNMAYEQYF	TRBV12-5	TRBJ2-7
CASSSGLGEAQYF	TRBV7-3	TRBJ2-5
CASTSGGRGLTRGANVLTF	TRBV12-3	TRBJ2-6
CSGGQGGNIQYF	TRBV29-1	TRBJ2-4
CAIGRRTDTQYF	TRBV10-3	TRBJ2-3
CASSSGGQGSREQYF	TRBV27	TRBJ2-7
CASSPLYRGRTRNTIYF	TRBV27	TRBJ1-3
CASSKGGQFYEQYF	TRBV12-3	TRBJ2-7
CASSPWGGGNEQYF	TRBV11-2	TRBJ2-7
CSATEGPWEQYF	TRBV20-1	TRBJ2-7
CAQGLYEQYF	TRBV30	TRBJ2-7
CAITRDKEGYGYTF	TRBV10-3	TRBJ1-2
CASSQGRAYGFRGELFF	TRBV4-1	TRBJ2-2
CASSIRINEQFF	TRBV5-1	TRBJ2-1
CATSDPASGRVDEQYF	TRBV24-1	TRBJ2-7
CASEGRTTSYEQYF	TRBV3-1	TRBJ2-7
CASTRQGFGEKLFF	TRBV19	TRBJ1-4
CASSVNPDLPQETQYF	TRBV9	TRBJ2-5
CASSQVWAWGYGYTF	TRBV4-1	TRBJ1-2
CASSLETTGLANIQYF	TRBV5-1	TRBJ2-4
CASRGLAKNIQYF	TRBV5-1	TRBJ2-4
CASSVALAGGPKYF	TRBV9	TRBJ2-7
CASRSSRQGKETQYF	TRBV12-3	TRBJ2-5
CASRLGGANVLTF	TRBV12-3	TRBJ2-6
CSAYLGLAGITDTQYF	TRBV20-1	TRBJ2-3
CASSSTGVGEAFF	TRBV28	TRBJ1-1
CASSLSPSGRETQYF	TRBV7-2	TRBJ2-5
CSATQETQYF	TRBV20-1	TRBJ2-5
CASSSSRDRYLGEQYF	TRBV12-3	TRBJ2-7
CASSSQGGTDTQYF	TRBV5-1	TRBJ2-3
CASSLLSSEQYF	TRBV28	TRBJ2-7
CASSQRGFGEQYF	TRBV3-1	TRBJ2-7
CSARDLGNLEAFF	TRBV20-1	TRBJ1-1
CSARRLGENIQYF	TRBV20-1	TRBJ2-4
CAISQNDRGGTEAFF	TRBV10-3	TRBJ1-1
CASSDPRETDTQYF	TRBV5-1	TRBJ2-3
CASSPSQGVTEAFF	TRBV18	TRBJ1-1
CASGLVLAGEIYNEQFF	TRBV12-5	TRBJ2-1
CASSFGTESNQPQHF	TRBV7-2	TRBJ1-5
CASSDFRAQYF	TRBV25-1	TRBJ2-5
CASSLWGEQYF	TRBV28	TRBJ2-7
CSARKTGTNQPQHF	TRBV20-1	TRBJ1-5
CASRRLLAHRRAFF	TRBV28	TRBJ1-1
CASGLIAGGPGEQFF	TRBV12-5	TRBJ2-1
CSARSTGAGELFF	TRBV20-1	TRBJ2-2
CASSPASGYTF	TRBV6-6	TRBJ1-2
CASSQQGMGLAGGNEQYF	TRBV4-1	TRBJ2-7
CASTGGTESNQPQHF	TRBV6-1	TRBJ1-5
CASSLVGTGRVADTQYF	TRBV7-9	TRBJ2-3
CASSATPSGELFF	TRBV9	TRBJ2-2
CRRDXRPTDTQYF	TRBV20-1	TRBJ2-3
CSANEGPSSYEQYF	TRBV20-1	TRBJ2-7
CASSKGGVDTQYF	TRBV12-3	TRBJ2-3
CSATRVPEAFF	TRBV20-1	TRBJ1-1
CASSFSSGEFEQYF	TRBV7-2	TRBJ2-7
CASSLGTESTDTQYF	TRBV7-2	TRBJ2-3
CASSREVDNEKLFF	TRBV7-9	TRBJ1-4
CASSPTGATTPLDTQYF	TRBV27	TRBJ2-3
CASSSHRRSSYEQYF	TRBV11-2	TRBJ2-7
CASSSTRTSGGNNEQFF	TRBV3-1	TRBJ2-1
CASSRTHDGDTQYF	TRBV19	TRBJ2-3
CASSFFETEQYF	TRBV11-2	TRBJ2-7
CASSVGPVREEQFF	TRBV9	TRBJ2-1
CASSQVLYSPLHF	TRBV3-1	TRBJ1-6
CASSHARGQNTEAFF	TRBV4-1	TRBJ1-1
CSASLSGTDTQYF	TRBV20-1	TRBJ2-3
CASSLGTAGGETQYF	TRBV3-1	TRBJ2-5
CASMGLGRYQPQHF	TRBV2	TRBJ1-5
CSAPRQGTDTQYF	TRBV20-1	TRBJ2-3
CASRGLGVSNGYTF	TRBV25-1	TRBJ1-2
CASTRQAYGYTF	TRBV28	TRBJ1-2
CAILNYNEQFF	TRBV10-2	TRBJ2-1
CASSRQGHLGYTF	TRBV5-1	TRBJ1-2
CASSLLAGVYNEQFF	TRBV7-6	TRBJ2-1
CASSVVNGEDTQYF	TRBV9	TRBJ2-3
CASSIVGTGELFF	TRBV3-1	TRBJ2-2
CASSLEIAGGGNEQFF	TRBV5-1	TRBJ2-1
CSARAQQGTTEAFF	TRBV20-1	TRBJ1-1
CSARDRVAGGPRAQYF	TRBV20-1	TRBJ2-3
CASGLRVWTSRGNEQFF	TRBV12-5	TRBJ2-1
CASSLLGEQFF	TRBV3-1	TRBJ2-1
CSASVTRGTEAFF	TRBV20-1	TRBJ1-1
CSASTLEYTEAFF	TRBV20-1	TRBJ1-1
CSAPDSGSTDTQYF	TRBV20-1	TRBJ2-3
CASTATELNTEAFF	TRBV7-2	TRBJ1-1
CSARASSFPGNTIYF	TRBV20-1	TRBJ1-3
CASSHHRDTEAFF	TRBV6-1	TRBJ1-1
CASSTLNRWGMNTGELFF	TRBV12-3	TRBJ2-2
CSGFLSGANVLTF	TRBV20-1	TRBJ2-6
CSAYNSGGYNEQFF	TRBV20-1	TRBJ2-1
CSAGNTEAFF	TRBV20-1	TRBJ1-1
CASSLSRGGHGELFF	TRBV28	TRBJ2-2
CASSQDSSGGLQNTQYF	TRBV4-1	TRBJ2-3
CASSFVAFTDTQYF	TRBV7-2	TRBJ2-3
CSIVGGQGQPQHF	TRBV20-1	TRBJ1-5
CASSQTRATNEKLFF	TRBV4-1	TRBJ1-4
CASSISSSNTEAFF	TRBV19	TRBJ1-1
CASKYDGGAPYEQYF	TRBV2	TRBJ2-7
CASSFEETQYF	TRBV7-2	TRBJ2-5
CASSLVGTDFSNYGYTF	TRBV12-3	TRBJ1-2
CASSLASSAYTDTQYF	TRBV5-1	TRBJ2-3
CSVLGGGPYNEQFF	TRBV29-1	TRBJ2-1
CASTPGLAVADTQYF	TRBV5-1	TRBJ2-3
CASSQARLPSTDTQYF	TRBV4-1	TRBJ2-3
CASGLVGTEAFF	TRBV12-5	TRBJ1-1
CSAETSGGTHEQFF	TRBV20-1	TRBJ2-1
CSASGSGLAGFEQYF	TRBV20-1	TRBJ2-7
CASSPLQGMVGEQYF	TRBV5-1	TRBJ2-7
CSASYRDTGTEAFF	TRBV20-1	TRBJ1-1
CASSLKRVSPHEQFF	TRBV28	TRBJ2-1
CASSPTSGNWNEQFF	TRBV18	TRBJ2-1
CSVDRLAGGPEQFF	TRBV29-1	TRBJ2-1
CASSGGGQGNIQYF	TRBV2	TRBJ2-4
CASSPGPTPYEQFF	TRBV11-1	TRBJ2-1
CASSRDTHTDTQYF	TRBV9	TRBJ2-3
CASSTGTESNQPQHF	TRBV7-2	TRBJ1-5
CASSYSGQGYANYGYTF	TRBV28	TRBJ1-2
CSARPRGGGELFF	TRBV20-1	TRBJ2-2
CASSPGTESNQPQHF	TRBV7-2	TRBJ1-5
CASSLQGGNQPQHF	TRBV5-1	TRBJ1-5
CAISAEDRGLAEAFF	TRBV10-3	TRBJ1-1
CATSSGPTTGKQFF	TRBV24-1	TRBJ2-1
CASSQWPDTQYF	TRBV3-1	TRBJ2-3
CASSLAGYMSAFF	TRBV12-3	TRBJ1-1
CASLPGQGAWNEQFF	TRBV2	TRBJ2-1
CSSGVLDTQYF	TRBV20-1	TRBJ2-3
CASSQRGRGIQYF	TRBV3-1	TRBJ2-4
CASAPNPTARGAFF	TRBV7-2	TRBJ1-1
CASRPLSNQPQHF	TRBV27	TRBJ1-5
CASRKQGVIYDEQFF	TRBV28	TRBJ2-1
CASSRGGQPQHF	TRBV19	TRBJ1-5
CASRTSGSSRNNEQFF	TRBV19	TRBJ2-1
CSAALPGHGELFF	TRBV20-1	TRBJ2-2
CASSTRTGNPREQYF	TRBV7-2	TRBJ2-7
CASMGPGQGHTGELFF	TRBV6-5	TRBJ2-2
CASRNPGQAEKLFF	TRBV6-1	TRBJ1-4
CASSQELARGITDTQYF	TRBV3-1	TRBJ2-3
CASRSFLGVNEQFF	TRBV12-3	TRBJ2-1
CSVGRAAYEQYF	TRBV20-1	TRBJ2-7
CSAGDRAGGEKLFF	TRBV20-1	TRBJ1-4
CASSRISGANVLTF	TRBV2	TRBJ2-6
CASSLTGNYGYTF	TRBV28	TRBJ1-2
CASSLSAGGALDGYTF	TRBV7-2	TRBJ1-2
CATGDYNEQFF	TRBV15	TRBJ2-1
CASSPGISYEQYF	TRBV5-1	TRBJ2-7
CASRSGTIYNEQFF	TRBV5-1	TRBJ2-1
CATSDGRTTNSPLHF	TRBV24-1	TRBJ1-6
CASGISLPGQGGNTEAFF	TRBV12-5	TRBJ1-1
CASSWGQGNTEAFF	TRBV5-1	TRBJ1-1
CASSPRRAAGELFF	TRBV12-3	TRBJ2-2
CASSPRTGGTYEQYF	TRBV7-2	TRBJ2-7
CASGLAATGELFF	TRBV7-3	TRBJ2-2
CASSRLTLYGYTF	TRBV14	TRBJ1-2
CASSQDLDRRETQYF	TRBV4-1	TRBJ2-5
CASSQRGFGGLYTF	TRBV3-1	TRBJ1-2
CASSSWTPPGEMNTEAFF	TRBV6-2	TRBJ1-1
CASSLVLADSKGYTF	TRBV5-1	TRBJ1-2
CASSPLDKNEQFF	TRBV5-6	TRBJ2-1
CSGGGLYADTQYF	TRBV20-1	TRBJ2-3
CSARIRENIQYF	TRBV20-1	TRBJ2-4
CSAMYGVANYGYTF	TRBV20-1	TRBJ1-2
CASSRTQTNYGYTF	TRBV28	TRBJ1-2
CASSRGRNYEQYF	TRBV5-6	TRBJ2-7
CASSIGTAPGTDTQYF	TRBV5-1	TRBJ2-3
CASSQDEGFYGYTF	TRBV4-2	TRBJ1-2
CASKGTGDQPQHF	TRBV30	TRBJ1-5
CAWSVKGNQPQHF	TRBV30	TRBJ1-5
CASQLGNPSTDTQYF	TRBV5-1	TRBJ2-3
CSARDIGTSGRFADTQYF	TRBV20-1	TRBJ2-3
CSARHTGSSYNEQFF	TRBV20-1	TRBJ2-1
CSARAPAGVTNEQFF	TRBV20-1	TRBJ2-1
CASSTRATDTQYF	TRBV6-1	TRBJ2-3
CASSTGTASEKLFF	TRBV12-3	TRBJ1-4
CSASPGEETQYF	TRBV20-1	TRBJ2-5
CSAGSSGGIRQFF	TRBV20-1	TRBJ2-1
CSARDSRSTDTQYF	TRBV20-1	TRBJ2-3
CAISNRPPTDTQYF	TRBV10-3	TRBJ2-3
CASSHRQIENEAFF	TRBV3-1	TRBJ1-1
CSARSAFSTDTQYF	TRBV20-1	TRBJ2-3
CASSLSRGYTGELFF	TRBV12-3	TRBJ2-2
CASSHRGTSGKGXGIQETQYF	TRBV4-2	TRBJ2-5
CASSATGSTNEKLFF	TRBV6-1	TRBJ1-4
CASSDRTGGTDTQYF	TRBV9	TRBJ2-3
CASSLSNHEQFF	TRBV11-2	TRBJ2-1
CSAPNYGYTF	TRBV20-1	TRBJ1-2
CASSPTFDTQYF	TRBV4-1	TRBJ2-3
CASSPGAYGYTF	TRBV7-2	TRBJ1-2
CASSQVSRKGIKTTGYNEQFF	TRBV4-1	TRBJ2-1
CASSPTGATNEQFF	TRBV4-2	TRBJ2-1
CASSTDRYTDTQYF	TRBV5-1	TRBJ2-3
CASSHVSQGKTEAFF	TRBV3-1	TRBJ1-1
CASSHGGWGSPLHF	TRBV3-1	TRBJ1-6
CASSVTDRYNSPLHF	TRBV9	TRBJ1-6
CSVVPAGTDTQYF	TRBV20-1	TRBJ2-3
CSVGGPNPGGKGDEQFF	TRBV20-1	TRBJ2-1
CSARQLGPNEQYF	TRBV20-1	TRBJ2-7
CASSLGPGNQPQHF	TRBV11-1	TRBJ1-5
CASSLAGATEAFF	TRBV12-3	TRBJ1-1
CSARASGGQGPMGTEAFF	TRBV20-1	TRBJ1-1
CASSLYGASEQYF	TRBV5-1	TRBJ2-7
CASSAQGTGELFF	TRBV3-1	TRBJ2-2
CASSLGDAGELFF	TRBV7-3	TRBJ2-2
CASSEDSGTAYGYTF	TRBV6-1	TRBJ1-2
CASSETNGGNQPQHF	TRBV6-1	TRBJ1-5
CASSLTASGIGPTDTQYF	TRBV7-3	TRBJ2-3
CASRLLGGPRSNEQFF	TRBV12-3	TRBJ2-1
CASSLGDLSYEQYF	TRBV12-3	TRBJ2-7
CASSQDRWNFQGQDDYGYTF	TRBV3-1	TRBJ1-2
CSARSRTGDEKLFF	TRBV20-1	TRBJ1-4
CASSLRDSGNTIYF	TRBV7-9	TRBJ1-3
CASSRATNAYEQYF	TRBV6-5	TRBJ2-7
CASSQRGQGTQYF	TRBV3-1	TRBJ2-5
CASSQPPGQGANEQYF	TRBV4-1	TRBJ2-7
CATSREWSQGEQYF	TRBV15	TRBJ2-7
CASRKTALRGLSPHSNQPQHF	TRBV6-2	TRBJ1-5
CASSLSGGSGYTF	TRBV28	TRBJ1-2
CASSPGAGERYNEQFF	TRBV7-9	TRBJ2-1
CSARRTGIDEQYF	TRBV20-1	TRBJ2-7
CASSVDILGNTIYF	TRBV9	TRBJ1-3
CASSSQAAETQYF	TRBV5-1	TRBJ2-5
CASSQAGAGGGERRGILYQPQHF	TRBV4-1	TRBJ1-5
CASRGFRGTGELFF	TRBV25-1	TRBJ2-2
CASSLGDRPYNEQFF	TRBV12-3	TRBJ2-1
CASSQGLPDEQFF	TRBV3-1	TRBJ2-1
CASSQWPGELFF	TRBV3-1	TRBJ2-2
CSVPPPLSNNEQFF	TRBV20-1	TRBJ2-1
CSASEGQLGLGSQYF	TRBV20-1	TRBJ2-3
CASSSREQTDTQYF	TRBV11-1	TRBJ2-3
CSARDSRLADNEQFF	TRBV20-1	TRBJ2-1
CASSPGTESNSPLHF	TRBV7-2	TRBJ1-6
CASSEGGGALLEQYF	TRBV6-1	TRBJ2-7
CASSESGGELFF	TRBV25-1	TRBJ2-2
CASSARDRGPGNTIYF	TRBV9	TRBJ1-3
CASSSVKAYSYEQYF	TRBV11-2	TRBJ2-7
CSASSQGAGDTQYF	TRBV20-1	TRBJ2-3
CSAHQSRSSTDTQYF	TRBV20-1	TRBJ2-3
CASSVGESHSPF	TRBV2	TRBJ1-2
CASGLVLRDSSREQYF	TRBV12-5	TRBJ2-7
CASRGTGLKVYEQYF	TRBV10-2	TRBJ2-7
CASSISGGSNSYEQYF	TRBV7-2	TRBJ2-7
CSARQTGITGELFF	TRBV20-1	TRBJ2-2
CASSSYRGSDEAFF	TRBV5-1	TRBJ1-1
CASTAPPGQGVVRWGAFF	TRBV2	TRBJ1-1
CASGGPGQPQHF	TRBV3-1	TRBJ1-5
CASSYRDRKDGSPLHF	TRBV6-6	TRBJ1-6
CASSQRGPNNEQFF	TRBV3-1	TRBJ2-1
CASRPTGYGYTF	TRBV6-1	TRBJ1-2
CSAERSGTDTQYF	TRBV20-1	TRBJ2-3
CSGGSTDTQYF	TRBV29-1	TRBJ2-3
CSAPATADGYTF	TRBV20-1	TRBJ1-2
CASSQLSETQYF	TRBV3-1	TRBJ2-5
CSARKQGNEQFF	TRBV20-1	TRBJ2-1
CASSLGQVYGYTF	TRBV3-1	TRBJ1-2
CASSYYRTSGRASRGNEQFF	TRBV19	TRBJ2-1
CASGLVVAGVTSYNEQFF	TRBV12-5	TRBJ2-1
CASSRGLNTEAFF	TRBV18	TRBJ1-1
CASSDPNLTPEKLFF	TRBV5-1	TRBJ1-4
CSAKGLGSTDTQYF	TRBV20-1	TRBJ2-3
CASSTQGWAGANVLTF	TRBV19	TRBJ2-6
CSASIGIRDSGEAFF	TRBV20-1	TRBJ1-1
CSARGGAGSTDTQYF	TRBV20-1	TRBJ2-3
CASSLDGLVRDTQYF	TRBV11-2	TRBJ2-3
CASSPHVGTEAFF	TRBV5-1	TRBJ1-1
CASTPWTGNNEQFF	TRBV25-1	TRBJ2-1
CSVRDRGDTEAFF	TRBV29-1	TRBJ1-1
CASTRDRVSPNEKLFF	TRBV2	TRBJ1-4
CASLLAGGQETQYF	TRBV2	TRBJ2-5
CASIGGGETQYF	TRBV6-6	TRBJ2-5
CASSPQGGFVNGYTF	TRBV6-5	TRBJ1-2
CASSETTLNVGGYTF	TRBV6-1	TRBJ1-2
CASSLSENYGYTF	TRBV12-3	TRBJ1-2
CASSSIGVAFF	TRBV6-6	TRBJ1-1
CASSQQGLTLPSEQFF	TRBV11-3	TRBJ2-1
CSVAPGQLNTEAFF	TRBV29-1	TRBJ1-1
CASSLEPSSYEQYF	TRBV11-2	TRBJ2-7
CASSLGGLEYYF	TRBV28	TRBJ2-3
CASSFVLGQGWEKLFF	TRBV28	TRBJ1-4
CASSRQGHQPQHF	TRBV4-1	TRBJ1-5
CASSQPNTGELFF	TRBV3-1	TRBJ2-2
CASSQGTGRGYTF	TRBV7-9	TRBJ1-2
CASSARAYGYTF	TRBV10-2	TRBJ1-2
CASSELALQETQYF	TRBV10-2	TRBJ2-5
CASSLHMNTEAFF	TRBV7-2	TRBJ1-1
CASSSIQGANTEAFF	TRBV11-1	TRBJ1-1
CSAELLSGLVSGEQFF	TRBV20-1	TRBJ2-1
CASSFWDSSTDTQYF	TRBV5-1	TRBJ2-3
CASNPTRTGELFF	TRBV28	TRBJ2-2
CASSLDPGYTGELFF	TRBV11-2	TRBJ2-2
CASSVEGTGGVGYGYTF	TRBV9	TRBJ1-2
CSASEWGQLTPYEQYF	TRBV20-1	TRBJ2-7
CASSLNWGDTEAFF	TRBV5-1	TRBJ1-1
CASKGPGEYGYTF	TRBV6-6	TRBJ1-2
CASSQEWGGFSYNEQFF	TRBV4-2	TRBJ2-1
CASRDHEKLFF	TRBV12-3	TRBJ1-4
CASSMGAHTGELFF	TRBV19	TRBJ2-2
CATSNGPGSNQPQHF	TRBV15	TRBJ1-5
CATSRGGTGPYNEQFF	TRBV15	TRBJ2-1
CASSEEAAVNTEAFF	TRBV2	TRBJ1-1
CASSWHYGYEQYF	TRBV27	TRBJ2-7
CASKTGGIREKLFF	TRBV6-1	TRBJ1-4
CAWSVGPVSEEYGYTF	TRBV30	TRBJ1-2
CASSLDRGYTEAFF	TRBV12-3	TRBJ1-1
CSAPRQGEKLFF	TRBV20-1	TRBJ1-4
CSARETGRYNYGYTF	TRBV20-1	TRBJ1-2
CASSGSAERRDTQYF	TRBV28	TRBJ2-3
CSARPEGLGLMNTEAFF	TRBV20-1	TRBJ1-1
CASRVAGRTDTQYF	TRBV27	TRBJ2-3
CSVAGQGTYGYTF	TRBV29-1	TRBJ1-2
CASSPRTGTNEQYF	TRBV18	TRBJ2-7
CASSLGVWETQYF	TRBV12-3	TRBJ2-5
CASSYTGGGGELFF	TRBV9	TRBJ2-2
CASSLRSGGIYNEQFF	TRBV12-3	TRBJ2-1
CASSRTGGVGLETQYF	TRBV3-1	TRBJ2-5
CASSRGLAMTGELFF	TRBV27	TRBJ2-2
CASSLSPSHNSPLHF	TRBV11-2	TRBJ1-6
CASSLEGSPGFSTKTF	TRBV11-2	TRBJ1-2
CAWSGSAIDSSNYGYTF	TRBV30	TRBJ1-2
CASSFRIGGSGGNEQFF	TRBV4-1	TRBJ2-1
CASRDISNTEAFF	TRBV19	TRBJ1-1
CSAVQRVGGTGELFF	TRBV20-1	TRBJ2-2
CSATREPLSNQPQHF	TRBV20-1	TRBJ1-5
CATRRGDGYTF	TRBV6-5	TRBJ1-2
CAIRSLPTDTQYF	TRBV10-3	TRBJ2-3
CASSFPRGEAYRYTF	TRBV28	TRBJ1-2
CASPPRAGLTYEQYF	TRBV6-1	TRBJ2-7
CASSQDSPDLSYNSPLHF	TRBV4-1	TRBJ1-6
CASSNRQTFYGYTF	TRBV6-1	TRBJ1-2
CASSFDAPGPRNTQYF	TRBV7-6	TRBJ2-3
CASSLRQGDGYTF	TRBV5-6	TRBJ1-2
CATSRDPGYTETQYF	TRBV15	TRBJ2-5
CASSLEGAANYGYTF	TRBV11-2	TRBJ1-2
CASLKMNTEAFF	TRBV6-6	TRBJ1-1
CAISIGGSYNSPLHF	TRBV12-3	TRBJ1-6
CAWTRGETETEKLFF	TRBV30	TRBJ1-4
CASSQGRDTYGYTF	TRBV3-1	TRBJ1-2
CASSRRTGSYGYTF	TRBV4-2	TRBJ1-2
CSVERELNTEAFF	TRBV29-1	TRBJ1-1
CASSEGTLAESYNEQFF	TRBV6-1	TRBJ2-1
CAWRGFGNQPQHF	TRBV30	TRBJ1-5
CATSRDKGGNEKLFF	TRBV15	TRBJ1-4
CSADLGGGHGYTF	TRBV20-1	TRBJ1-2
CASSYLTGTGEDTQYF	TRBV6-2	TRBJ2-3
CATSREDLYNYGYTF	TRBV15	TRBJ1-2
CASSFGGVTGELFF	TRBV5-6	TRBJ2-2
CASSLESSGEQFF	TRBV11-2	TRBJ2-1
CASRPFDRSDYGYTF	TRBV12-3	TRBJ1-2
CASSLGTSSGNTIYF	TRBV11-2	TRBJ1-3
CAIKARQDYEQYF	TRBV10-3	TRBJ2-7
CATSDSGRGLGQYF	TRBV24-1	TRBJ2-3
CAWSVGTGHGYTF	TRBV30	TRBJ1-2
CASHFGTYNEQFF	TRBV6-1	TRBJ2-1
CASSHREGSLAQPQHF	TRBV14	TRBJ1-5
CASSVRDLKNYNEQFF	TRBV13	TRBJ2-1
CASSLEGRGREQYF	TRBV5-1	TRBJ2-7
CASSHEPGLFQFF	TRBV11-2	TRBJ2-1
CASSLDPGGPSPLHF	TRBV11-2	TRBJ1-6
CASSLTGGNIQYF	TRBV28	TRBJ2-4
CSARVNVGGEQFF	TRBV20-1	TRBJ2-1
CASSFGTSGITDTQYF	TRBV5-1	TRBJ2-3
CAWKGDGNTIYF	TRBV30	TRBJ1-3
CASSLEGNYGYTF	TRBV5-1	TRBJ1-2
CASQFQLAPSGQSPQHF	TRBV6-1	TRBJ1-5
CASSLLQGGLGYTF	TRBV7-9	TRBJ1-2
CASSVGVGSSYNEQFF	TRBV9	TRBJ2-1
CASSRRVLGEQFF	TRBV12-3	TRBJ2-1
CASSPLQERGYNEQFF	TRBV14	TRBJ2-1
CASSRTATNEKLFF	TRBV2	TRBJ1-4
CASSELEPNTGELFF	TRBV2	TRBJ2-2
CASRSSYEQYF	TRBV10-2	TRBJ2-7
CASSVGTAGGSEQYF	TRBV9	TRBJ2-7
CASSWDITGGVETQYF	TRBV5-1	TRBJ2-5
CATSRDPNSQETQYF	TRBV15	TRBJ2-5
CSATTGVIGNTIYF	TRBV20-1	TRBJ1-3
CASSQFRPGASGGQYF	TRBV7-2	TRBJ2-5
CASSIQGINQPQHF	TRBV18	TRBJ1-5
CASRFSSYEQYF	TRBV6-6	TRBJ2-7
CATSREAPGRGNQPQHF	TRBV15	TRBJ1-5
CSAQTGVSGNTIYF	TRBV20-1	TRBJ1-3
CASSLMVNYGYTF	TRBV28	TRBJ1-2
CASSLPTGLGLYGYTF	TRBV28	TRBJ1-2
CAIRGDEYEQYF	TRBV10-3	TRBJ2-7
CAWSVYHEQYF	TRBV30	TRBJ2-7
CSVEVYRGQPQHF	TRBV29-1	TRBJ1-5
CSARSGVHQPQHF	TRBV20-1	TRBJ1-5
CASSMGGPNQPQHF	TRBV28	TRBJ1-5
CASTPTGYNYGYTF	TRBV27	TRBJ1-2
CAWSPFTGELFF	TRBV30	TRBJ2-2
CATSTGTPWRETQYF	TRBV10-3	TRBJ2-5
CASSWDFKNIQYF	TRBV19	TRBJ2-4
CASGLDQPQHF	TRBV12-5	TRBJ1-5
CATSRPLAPANTGELFF	TRBV15	TRBJ2-2
CASSETVSGSKGMHEQFF	TRBV5-1	TRBJ2-1
CASSLTGSQPQHF	TRBV5-6	TRBJ1-5
CSGANTGRGYQETQYF	TRBV20-1	TRBJ2-5
CASSSPGQGTETQYF	TRBV27	TRBJ2-5
CASSLTGFNEQFF	TRBV7-3	TRBJ2-1
CAISELKSHGGQPVYEQYF	TRBV10-3	TRBJ2-7
CASSPDYTNTGELFF	TRBV5-1	TRBJ2-2
CASSLVLAGGQWGRNEQYF	TRBV11-2	TRBJ2-7
CASSLKNGETQYF	TRBV5-6	TRBJ2-5
CASSLRGGPTEAFF	TRBV11-3	TRBJ1-1
CASSLWSAGTGTSGANVLTF	TRBV5-1	TRBJ2-6
CASSYPLAGAYTDTQYF	TRBV6-2	TRBJ2-3
CASSLEAGPAQFF	TRBV11-2	TRBJ2-1
CATQGASYNSPLHF	TRBV10-3	TRBJ1-6
CASTGDETQYF	TRBV2	TRBJ2-5
CATSDYSGKAYNEQFF	TRBV24-1	TRBJ2-1
CASSQQDASYNSPLHF	TRBV3-1	TRBJ1-6
CSAREDSGRARGEQYF	TRBV20-1	TRBJ2-7
CASRQGGPQYF	TRBV6-6	TRBJ2-3
CASSLDPGTAEQYF	TRBV11-2	TRBJ2-7
CASSHGTKNTEAFF	TRBV4-1	TRBJ1-1
CASSPRTGGEEQYF	TRBV9	TRBJ2-7
CASSLSGNAEAFF	TRBV7-2	TRBJ1-1
CSAGRAEDNEQFF	TRBV20-1	TRBJ2-1
CASRQGGNTEAFF	TRBV12-3	TRBJ1-1
CASSYSMPGLNTEAFF	TRBV6-5	TRBJ1-1
CASSLDPGSGYTF	TRBV11-2	TRBJ1-2
CASSPLDRGVTDTQYF	TRBV7-2	TRBJ2-3
CAIRPTGISTDTQYF	TRBV10-3	TRBJ2-3
CASTSGLAQGNTQYF	TRBV7-2	TRBJ2-3
CSARRGSGANVLTF	TRBV20-1	TRBJ2-6
CATSFLLGASYEQYF	TRBV15	TRBJ2-7
CASSDVVSPLHF	TRBV25-1	TRBJ1-6
CASSLISGLHHF	TRBV28	TRBJ1-6
CASSWGAEDEQFF	TRBV5-1	TRBJ2-1
CASGLANPGQGRFF	TRBV12-5	TRBJ2-1
CASSLGGWETQYF	TRBV2	TRBJ2-5
CASSDDRGWAKNIQYF	TRBV7-2	TRBJ2-4
CAWSVGRDIQYF	TRBV30	TRBJ2-4
CASSLRPVLNTEAFF	TRBV7-2	TRBJ1-1
CASGWNPNFSSGANVLTF	TRBV6-1	TRBJ2-6
CSASLDRVNIQYF	TRBV20-1	TRBJ2-4
CASSVLTGWSETQYF	TRBV6-1	TRBJ2-5
CASSLELSGEQYF	TRBV11-2	TRBJ2-7
CASRHRGETGAGGPRETQYF	TRBV19	TRBJ2-5
CASSNKYGYTF	TRBV6-5	TRBJ1-2
CASSYTRTGGGYGYTF	TRBV6-5	TRBJ1-2
CASSVGTVGTGELFF	TRBV9	TRBJ2-2
CAWSGGIATNEKLFF	TRBV30	TRBJ1-4
CSCPTDQNTIYF	TRBV20-1	TRBJ1-3
CASSHDRFNEQFF	TRBV3-1	TRBJ2-1
CASSEWDTQYF	TRBV25-1	TRBJ2-3
CASKETGGYTF	TRBV25-1	TRBJ1-2
CASSLGSGQQAGNTIYF	TRBV7-2	TRBJ1-3
CASSLEGTSGQFF	TRBV11-2	TRBJ2-1
CASSFGPGETQYF	TRBV7-3	TRBJ2-5
CASSAIRTGGGYGYTF	TRBV6-5	TRBJ1-2
CASSLEPGTNSPLHF	TRBV11-2	TRBJ1-6
CSARGETPYGYTF	TRBV20-1	TRBJ1-2
CASSLEVKGYTF	TRBV28	TRBJ1-2
CASSLAYSYEQYF	TRBV7-2	TRBJ2-7
CSATGREWNEQFF	TRBV20-1	TRBJ2-1
CASSPLLNTEAFF	TRBV4-1	TRBJ1-1
CASSFMRSAQYF	TRBV7-2	TRBJ2-7
CAWGSVVRVLQFF	TRBV30	TRBJ2-1
CASSFSQGRAGANVLTF	TRBV28	TRBJ2-6
CASSDGGRNTGELFF	TRBV28	TRBJ2-2
CASSATGTAGPRQYF	TRBV13	TRBJ2-7
CASSLNRNTEAFF	TRBV10-1	TRBJ1-1
CASSLYGPPNTGELFF	TRBV12-3	TRBJ2-2
CASSKDRGMNTEAFF	TRBV12-3	TRBJ1-1
CSAREGGAGNQPQHF	TRBV20-1	TRBJ1-5
CASSVRGLDYNEQFF	TRBV2	TRBJ2-1
CASSQDRWTGELFF	TRBV4-2	TRBJ2-2
CSAKLGGLGYTF	TRBV20-1	TRBJ1-2
CSAGRLKGGEQFF	TRBV20-1	TRBJ2-1
CATATVHLAVQETQYF	TRBV19	TRBJ2-5
CASSEDLAGGYQETQYF	TRBV2	TRBJ2-5
CSASFDRTTANYGYTF	TRBV20-1	TRBJ1-2
CASSSQTGGAGQTQYF	TRBV5-1	TRBJ2-5
CASSQGQDGQPQHF	TRBV6-1	TRBJ1-5
CASSPTSTSTDTQYF	TRBV3-1	TRBJ2-3
CSAPSPGGEHTIYF	TRBV20-1	TRBJ1-3
CSARSPPVDSDGYTF	TRBV20-1	TRBJ1-2
CSVSQGLYTEAFF	TRBV29-1	TRBJ1-1
CASGGAGYQPQHF	TRBV28	TRBJ1-5
CASSSQAGESYEQYF	TRBV11-2	TRBJ2-7
CASSLDSSPNQPQHF	TRBV5-1	TRBJ1-5
CSVEEPVDTQYF	TRBV29-1	TRBJ2-3
CSAPGLAGGGEQFF	TRBV20-1	TRBJ2-1
CASSLESPGVPQNEQFF	TRBV5-1	TRBJ2-1
CASSQDSVALFSGNTIYF	TRBV4-1	TRBJ1-3
CASSPQSQGEEQYF	TRBV5-1	TRBJ2-7
CATSDSSVSGNGELFF	TRBV24-1	TRBJ2-2
CSAREEPGLDYQPQHF	TRBV20-1	TRBJ1-5
CATQTSMGEQFF	TRBV11-2	TRBJ2-1
CASSSGWEQYF	TRBV12-3	TRBJ2-7
CASSRSGSTDTQYF	TRBV6-5	TRBJ2-3
CASSQGQGRNTGELFF	TRBV3-1	TRBJ2-2
CASSFQRSNEQYF	TRBV2	TRBJ2-7
CASSRSLALRGDEQFF	TRBV19	TRBJ2-1
CSAREEVTNYGYTF	TRBV20-1	TRBJ1-2
CATSADSWDETQYF	TRBV24-1	TRBJ2-5
CASSTGQGATGNTIYF	TRBV7-9	TRBJ1-3
CSVSGGNYGYTF	TRBV29-1	TRBJ1-2
CASSPVGNEQFF	TRBV7-2	TRBJ2-1
CASSDPGLAGSETQYF	TRBV10-2	TRBJ2-5
CSVKTSGGSGELFF	TRBV20-1	TRBJ2-2
CASSAHYDATEQFF	TRBV9	TRBJ2-1
CAGRDRGQETQYF	TRBV6-1	TRBJ2-5
CASSRVGVRDQPQHF	TRBV6-5	TRBJ1-5
CASSQTGTGDGNQPQHF	TRBV18	TRBJ1-5
CASSREVSYGYTF	TRBV5-1	TRBJ1-2
CAWSEQSVDYGYTF	TRBV30	TRBJ1-2
CASSTQGRYNEQFF	TRBV11-3	TRBJ2-1
CASSIGQVTGELFF	TRBV19	TRBJ2-2
CSAGGQTYEQYF	TRBV20-1	TRBJ2-7
CASRKQGSLLEQYF	TRBV5-1	TRBJ2-7
CSARVGPVNEKLFF	TRBV20-1	TRBJ1-4
CATSDSSKKVYNEQFF	TRBV24-1	TRBJ2-1
CSARPPGDSYNEQFF	TRBV20-1	TRBJ2-1
CAGKSSGVEAFF	TRBV2	TRBJ1-1
CASSPLRESFSYEQYF	TRBV19	TRBJ2-7
CASSLEHPDKDKLFF	TRBV5-1	TRBJ1-4
CSARDGGKFYGYTF	TRBV20-1	TRBJ1-2
CSASPGTAYGYTF	TRBV20-1	TRBJ1-2
CASSDTGRNQPQHF	TRBV4-1	TRBJ1-5
CASSLEAGTPNAYGYTF	TRBV5-6	TRBJ1-2
CASSPPRGLHYGYTF	TRBV19	TRBJ1-2
CASSELANSNQPQHF	TRBV6-1	TRBJ1-5
CASSQDQYNQPQHF	TRBV4-1	TRBJ1-5
CASSSGTTISYEQYF	TRBV6-1	TRBJ2-7
CASSQDARGGQPQHF	TRBV3-1	TRBJ1-5
CASSTTRGGPDTQYF	TRBV11-3	TRBJ2-3
CSAGFTGNSYEQYF	TRBV20-1	TRBJ2-7
CASSEDKTEAFF	TRBV10-2	TRBJ1-1
CASRGGVRNTEAFF	TRBV14	TRBJ1-1
CASIPGLAGVSSTDTQYF	TRBV12-3	TRBJ2-3
CASSEASRVQPQHF	TRBV6-1	TRBJ1-5
CSVEEPRQTEQFF	TRBV29-1	TRBJ2-1
CSVEEPRNTIYF	TRBV29-1	TRBJ1-3
CSARWGGLDYNEQFF	TRBV20-1	TRBJ2-1
CASSPPYGTEYQETQYF	TRBV11-2	TRBJ2-5
CASSPGRENIQYF	TRBV6-5	TRBJ2-4
CASSLDSSGNTIYF	TRBV18	TRBJ1-3
CSARDQGAGETQYF	TRBV20-1	TRBJ2-5
CSAGAPKGGRAIGLNEKLFF	TRBV20-1	TRBJ1-4
CASSGQGRNTIYF	TRBV6-6	TRBJ1-3
CASSPGQGSSGNTIYF	TRBV7-9	TRBJ1-3
CSARTGIYEQYF	TRBV20-1	TRBJ2-7
CSARDSSSGNTIYF	TRBV20-1	TRBJ1-3
CASSIEVWGYNEQFF	TRBV19	TRBJ2-1
CASNWGNQPQHF	TRBV12-3	TRBJ1-5
CSARVPDLGNTIYF	TRBV20-1	TRBJ1-3
CASSEVGNQNTEAFF	TRBV2	TRBJ1-1
CASSERTGVVGRNTEAFF	TRBV6-1	TRBJ1-1
CASSQNYGYTF	TRBV2	TRBJ1-2
CSARVPASGIYDTQYF	TRBV20-1	TRBJ2-3
CASSLVLLPGLAASNEQFF	TRBV7-2	TRBJ2-1
CASSIAANNEQFF	TRBV19	TRBJ2-1
CSARDGTGVFSGANVLTF	TRBV20-1	TRBJ2-6
CASSRTRAPVNEQFF	TRBV11-3	TRBJ2-1
CSVENSGNTIYF	TRBV29-1	TRBJ1-3
CATSREPSYEQYF	TRBV15	TRBJ2-7
CASSQASGHQPQHF	TRBV3-1	TRBJ1-5
CASRDRDNSPLHF	TRBV3-1	TRBJ1-6
CASSHAEGNEQFF	TRBV3-1	TRBJ2-1
CASSQGARNTEAFF	TRBV14	TRBJ1-1
CASSIRTAGTSGRGNEQFF	TRBV19	TRBJ2-1
CASRMTVGVGTGELFF	TRBV12-3	TRBJ2-2
CASSQSRERGEQYF	TRBV4-2	TRBJ2-7
CSARGDSNQPQHF	TRBV20-1	TRBJ1-5
CATSRRRWGATNEKLFF	TRBV15	TRBJ1-4
CSAEGIQERTQYF	TRBV20-1	TRBJ2-5
CASSLEKGGQTNTGELFF	TRBV11-3	TRBJ2-2
CSASRDRGNQPQHF	TRBV20-1	TRBJ1-5
CSVNQGTAEAFF	TRBV20-1	TRBJ1-1
CSAGRQGVGNQPQHF	TRBV20-1	TRBJ1-5
CASSPGRGYTF	TRBV3-1	TRBJ1-2
CASRVNTGELFF	TRBV7-2	TRBJ2-2
CASSPGGEETQYF	TRBV18	TRBJ2-5
CSVEGVLQGIYEQYF	TRBV29-1	TRBJ2-7
CASSNAGAPHYGELFF	TRBV6-6	TRBJ2-2
CASSFAGRKQYF	TRBV11-2	TRBJ2-7
CASSLEGGTEAFF	TRBV5-1	TRBJ1-1
CASKLGGTGELFF	TRBV2	TRBJ2-2
CASSSLSTGTHSNQPQHF	TRBV27	TRBJ1-5
CASSLGQGAKNIQYF	TRBV5-1	TRBJ2-4
CSAPVGDTYEQYF	TRBV20-1	TRBJ2-7
CASSEGLGQGNGYTF	TRBV6-1	TRBJ1-2
CASSLAETSGSYNEQFF	TRBV28	TRBJ2-1
CASSLGPSSNQPQHF	TRBV18	TRBJ1-5
CASSLLTGQNTEAFF	TRBV11-2	TRBJ1-1
CAWSRDMRNTEAFF	TRBV30	TRBJ1-1
CSARDSTGSLGNTIYF	TRBV20-1	TRBJ1-3
CATTNRQGWEDTQYF	TRBV15	TRBJ2-3
CSAPKAGAPTEAFF	TRBV20-1	TRBJ1-1
CSARERMTGTPYEQYF	TRBV20-1	TRBJ2-7
CASSVFIEQYF	TRBV12-3	TRBJ2-7
CSVEEPRGTAFF	TRBV29-1	TRBJ1-1
CSVVLGDYGYTF	TRBV29-1	TRBJ1-2
CSARRLAGAGAYNEQFF	TRBV20-1	TRBJ2-1
CASSQEEHQGYTF	TRBV14	TRBJ1-2
CASSQAAKGEKLFF	TRBV3-1	TRBJ1-4
CASSPDTGIDTQYF	TRBV3-1	TRBJ2-3
CSAKSPGGDGELFF	TRBV20-1	TRBJ2-2
CASRPAGEVTGELFF	TRBV27	TRBJ2-2
CAIQLGQEAEQYF	TRBV7-9	TRBJ2-7
CASSPGTDGGYSNQPQHF	TRBV5-1	TRBJ1-5
CASSSSGANVLTF	TRBV6-1	TRBJ2-6
CASSVPAGGDTQYF	TRBV5-1	TRBJ2-3
CASSIRASGVYNEQFF	TRBV5-1	TRBJ2-1
CASSPRRNYNYGYTF	TRBV27	TRBJ1-2
CASVEVASTDTQYF	TRBV12-3	TRBJ2-3
CSASHGGTNEKLFF	TRBV20-1	TRBJ1-4
CASSSSGTGADLGGYGYTF	TRBV9	TRBJ1-2
CASSPGLDWGTQYF	TRBV7-9	TRBJ2-5
CASSLRGSGYEQYF	TRBV18	TRBJ2-7
CASSGGAGAGNTIYF	TRBV12-3	TRBJ1-3
CSARPDREAHGYTF	TRBV20-1	TRBJ1-2
CASSPGQPLTDTQYF	TRBV27	TRBJ2-3
CASSLRGIGNTEAFF	TRBV27	TRBJ1-1
CASSGTSGSYEQFF	TRBV25-1	TRBJ2-1
CASSLTGTSGSQETQYF	TRBV12-3	TRBJ2-5
CSVNRGLGRETQYF	TRBV29-1	TRBJ2-5
CASSPPGGDGTEAFF	TRBV18	TRBJ1-1
CASSPPANGGSYEQYF	TRBV18	TRBJ2-7
CASSRSYEQYF	TRBV11-3	TRBJ2-7
CASSQDSSGANVLTF	TRBV4-1	TRBJ2-6
CASRELMGNQPQHF	TRBV19	TRBJ1-5
CSVGTTGGYTDTQYF	TRBV29-1	TRBJ2-3
CASEDSVARLGQYF	TRBV28	TRBJ2-7
CASSLRGGQAYNEQFF	TRBV12-3	TRBJ2-1
CSAIQGTHAGYTF	TRBV20-1	TRBJ1-2
CASSLVGGLTEAFF	TRBV7-9	TRBJ1-1
CASSEMVGGVSSITDTQYF	TRBV2	TRBJ2-3
CSARDWSATNEKLFF	TRBV20-1	TRBJ1-4
CASSTSGSSTDTQYF	TRBV5-1	TRBJ2-3
CASSQDGAAQWTEAFF	TRBV4-2	TRBJ1-1
CASSLWEYRGGGNTEAFF	TRBV28	TRBJ1-1
CASSPTGQDYGYTF	TRBV4-1	TRBJ1-2
CASSPLELAGLQETQYF	TRBV18	TRBJ2-5
CASSLNPPGLAGRIEQFF	TRBV27	TRBJ2-1
CASRLAGSYEQYF	TRBV12-3	TRBJ2-7
CASSSAGLDYQPQHF	TRBV6-6	TRBJ1-5
CASSEAPVGVEQYF	TRBV6-1	TRBJ2-7
CSARTTQETQYF	TRBV20-1	TRBJ2-5
CSAGRTGEAFF	TRBV20-1	TRBJ1-1
CASSLVASGGAGEQFF	TRBV12-3	TRBJ2-1
CASSQAAGGIRQFF	TRBV3-1	TRBJ2-1
CASRQTPLGGNTEAFF	TRBV7-9	TRBJ1-1
CASSQDPGDTQYF	TRBV3-1	TRBJ2-3
CSVVGLGVGTDTQYF	TRBV29-1	TRBJ2-3
CASSVTGMDYGYTF	TRBV9	TRBJ1-2
CASSSEVGRAEQYF	TRBV11-3	TRBJ2-7
CASSLAEGNTEAFF	TRBV12-3	TRBJ1-1
CSARATGLAGERTYNEQFF	TRBV20-1	TRBJ2-1
CASRSNSGPHYNEQFF	TRBV12-3	TRBJ2-1
CSAETGFDTEAFF	TRBV20-1	TRBJ1-1
CASSREVGQFNQPQHF	TRBV4-1	TRBJ1-5
CASSLDGRDLGEQYF	TRBV5-1	TRBJ2-7
CASSEWASSYNEQFF	TRBV6-1	TRBJ2-1
CSASSVAASTDTQYF	TRBV20-1	TRBJ2-3
CSAIAGTVYTEAFF	TRBV20-1	TRBJ1-1
CSAETDRLF	TRBV20-1	TRBJ1-1
CASSLRDRTYEQYF	TRBV27	TRBJ2-7
CSARGFRLAGGLDTQYF	TRBV20-1	TRBJ2-3
CASRSRGLQPQHF	TRBV2	TRBJ1-5
CASSLTGVVQPQHF	TRBV12-3	TRBJ1-5
CASSPPTLQETQYF	TRBV18	TRBJ2-5
CASSYSKLGTSGGVTGELFF	TRBV6-6	TRBJ2-2
CSVERGGNTEAFF	TRBV29-1	TRBJ1-1
CASSGTGFSYEQYF	TRBV10-2	TRBJ2-7
CASSLVGDSSTDTQYF	TRBV5-1	TRBJ2-3
CASSLLRGGFTDTQYF	TRBV7-2	TRBJ2-3
CASSRSDSGYTF	TRBV12-3	TRBJ1-2
CASSLQTAYGNTIYF	TRBV5-6	TRBJ1-3
CASSLRQGKNIQYF	TRBV12-3	TRBJ2-4
CASSLGSSGNTIYF	TRBV11-2	TRBJ1-3
CASSLRGQSFSYNEQFF	TRBV7-3	TRBJ2-1
CAIGMNNQPQHF	TRBV10-3	TRBJ1-5
CSVSAEDRFGSGAFF	TRBV29-1	TRBJ1-1
CASSQDPRGHSYNEQFF	TRBV4-1	TRBJ2-1
CSAREAGIGDTQYF	TRBV20-1	TRBJ2-3
CAISSEDRGNTEAFF	TRBV10-3	TRBJ1-1
CAITERDSGWGYTF	TRBV10-3	TRBJ1-2
CAWTSGPYGYTF	TRBV30	TRBJ1-2
CSARDVKGGRPYGYTF	TRBV20-1	TRBJ1-2
CATRGQWQETQYF	TRBV24-1	TRBJ2-5
CASSQVDGYEQYF	TRBV3-1	TRBJ2-7
CASSTGGGTEAFF	TRBV25-1	TRBJ1-1
CASSYQGAATEAFF	TRBV12-3	TRBJ1-1
CASSLDGPGAQYF	TRBV12-3	TRBJ2-5
CASSIRQGGTGELFF	TRBV19	TRBJ2-2
CASSLAPGQRVYEQYF	TRBV5-6	TRBJ2-7
CASSPTTGEPFNEQFF	TRBV5-1	TRBJ2-1
CASSQDGGGYEQYF	TRBV3-1	TRBJ2-7
CASSESTTGLPYEQYF	TRBV25-1	TRBJ2-7
CASSEAPVDTEAFF	TRBV2	TRBJ1-1
CASSQEMGTGNTIYF	TRBV6-6	TRBJ1-3
CASSNSGGVNTEAFF	TRBV19	TRBJ1-1
CASSLSGGNYEQYF	TRBV5-1	TRBJ2-7
CAWSTTSKLGQGRSYGYTF	TRBV30	TRBJ1-2
CASSLGAGGNQPQHF	TRBV12-3	TRBJ1-5
CASSEARTQVVFF	TRBV2	TRBJ1-1
CASSTTLNTIYF	TRBV28	TRBJ1-3
CASSFEGNYGYTF	TRBV27	TRBJ1-2
CASSHRGGRFSYEQYF	TRBV3-1	TRBJ2-7
CAVNRGIPGNTIYF	TRBV2	TRBJ1-3
CASLHPGTGGGTF	TRBV19	TRBJ1-2
CASSFPHGVNTEAFF	TRBV11-2	TRBJ1-1
CASSRPNENEQYF	TRBV3-1	TRBJ2-7
CASSYTHPDRGNEQFF	TRBV6-6	TRBJ2-1
CSASAPGLAGRGDEQFF	TRBV20-1	TRBJ2-1
CASSSDTAGYGYTF	TRBV7-3	TRBJ1-2
CSAVPGAGTLNTEAFF	TRBV20-1	TRBJ1-1
CASSQESRDNSYEQYF	TRBV4-1	TRBJ2-7
CSARRGPRGSNQPQHF	TRBV20-1	TRBJ1-5
CAGAPGQGRTTEAFF	TRBV2	TRBJ1-1
CASSWGAQSTEAFF	TRBV12-3	TRBJ1-1
CAYPGVTGTEAFF	TRBV30	TRBJ1-1
CASSQDWEGYTDTQYF	TRBV3-1	TRBJ2-3
CASSLGNTIYF	TRBV5-1	TRBJ1-3
CASTGAHSPLHF	TRBV6-5	TRBJ1-6
CASSGERGSSTDTQYF	TRBV19	TRBJ2-3
CASSDTRGSNSPLHF	TRBV3-1	TRBJ1-6
CASRERGPGNTIYF	TRBV27	TRBJ1-3
CASSGTPTYEQYF	TRBV19	TRBJ2-7
CASSPLTSNQPQHF	TRBV25-1	TRBJ1-5
CAIPDGDWTEAFF	TRBV2	TRBJ1-1
CASWERNTGELFF	TRBV19	TRBJ2-2
CSARDRRGNQPQHF	TRBV20-1	TRBJ1-5
CASTNQVGTPRTDTQYF	TRBV2	TRBJ2-3
CSCLKSTNTGELFF	TRBV20-1	TRBJ2-2
CASGFHGGGPQHF	TRBV12-5	TRBJ1-5
CASSWGQGTSYTF	TRBV12-3	TRBJ1-2
CSANDFWTSSYEQYF	TRBV20-1	TRBJ2-7
CAISWNNQPQHF	TRBV10-3	TRBJ1-5
CASSLDGTGTEAFF	TRBV12-3	TRBJ1-1
CSGTRSNSAMNTEAFF	TRBV20-1	TRBJ1-1
CSAREGAVVAFF	TRBV20-1	TRBJ1-1
CASSHTGNYGYTF	TRBV4-1	TRBJ1-2
CASSHPDSYEQYF	TRBV25-1	TRBJ2-7
CASGRSGSYYNEQFF	TRBV12-5	TRBJ2-1
CASSLGSGLQETQYF	TRBV27	TRBJ2-5
CSASFPGQGAGGTEAFF	TRBV20-1	TRBJ1-1
CASSGILEGFRGEQFF	TRBV19	TRBJ2-1
CASSYVGANTEAFF	TRBV6-2	TRBJ1-1
CSAPTGTGELFF	TRBV29-1	TRBJ2-2
CASSYPGTTHNEQFF	TRBV7-3	TRBJ2-1
CASSDRGNQPQHF	TRBV5-6	TRBJ1-5
CSASTGGAAGNTIYF	TRBV20-1	TRBJ1-3
CASREQGVLGYTF	TRBV2	TRBJ1-2
CSAPLGSGNTEAFF	TRBV20-1	TRBJ1-1
CATSRDVQVGGYTF	TRBV15	TRBJ1-2
CASSEKGRHQPQHF	TRBV2	TRBJ1-5
CSASPGDSNTEAFF	TRBV20-1	TRBJ1-1
CASSQVRGASTRGNTIYF	TRBV4-2	TRBJ1-3
CAWSVSDRGTYEQYF	TRBV30	TRBJ2-7
CASSQGALGRRLNTEAFF	TRBV4-1	TRBJ1-1
CASSPGWGELFF	TRBV11-2	TRBJ2-2
CASSQAGTGVLGTEAFF	TRBV4-1	TRBJ1-1
CASSGPGTAYNSPLHF	TRBV12-3	TRBJ1-6
CAWGWGSEQYF	TRBV30	TRBJ2-7
CASSPAVARTHEQYF	TRBV5-1	TRBJ2-7
CASSQPTVDYGYTF	TRBV4-1	TRBJ1-2
CASSRGAGDGTEAFF	TRBV5-1	TRBJ1-1
CASSRNRANYGYTF	TRBV25-1	TRBJ1-2
CASMVGTHNTGELFF	TRBV19	TRBJ2-2
CATRSGRGGGSYNEQFF	TRBV15	TRBJ2-1
CASRVGRAASYNEQFF	TRBV11-2	TRBJ2-1
CASSLGTGGGEQYF	TRBV7-6	TRBJ2-7
CASSQVTGYSPLHF	TRBV3-1	TRBJ1-6
CASSLRQGGTGELFF	TRBV19	TRBJ2-2
CASSTQNTEAFF	TRBV6-2	TRBJ1-1
CASSEWTGGEGGDTQYF	TRBV10-1	TRBJ2-3
CSARTGEGYTF	TRBV20-1	TRBJ1-2
CSAHLPGLAGRDEQFF	TRBV20-1	TRBJ2-1
CASSPNKRGVNEQFF	TRBV6-2	TRBJ2-1
CASSVALLGGTQYF	TRBV9	TRBJ2-3
CSAWLGDSNQPQHF	TRBV29-1	TRBJ1-5
CASSPAYTDTQYF	TRBV7-3	TRBJ2-3
CASSDHNSPLHF	TRBV6-1	TRBJ1-6
CASRQGAPGNTEAFF	TRBV19	TRBJ1-1
CSAPDSTGELFF	TRBV29-1	TRBJ2-2
CASSERGTGGQETQYF	TRBV25-1	TRBJ2-5
CASSIKLADNTEAFF	TRBV19	TRBJ1-1
CASSSRSGTAEKASLYGYTF	TRBV7-2	TRBJ1-2
CASSLTLAGEQYF	TRBV12-3	TRBJ2-7
CSAEGSSHSNQPQHF	TRBV20-1	TRBJ1-5
CASSPDSGEQYF	TRBV7-2	TRBJ2-7
CASSSPDRGVRGYTF	TRBV27	TRBJ1-2
CASRDRTQGVRNSPLHF	TRBV27	TRBJ1-6
CSAANQDRGPSTDTQYF	TRBV20-1	TRBJ2-3
CSAVGHGNQPQHF	TRBV20-1	TRBJ1-5
CASSSGTGNTGELFF	TRBV7-3	TRBJ2-2
CASSQDDRGNQPQHF	TRBV4-2	TRBJ1-5
CASGRGVRVHF	TRBV4-1	TRBJ1-6
CASAENTGVNTQYF	TRBV6-4	TRBJ2-3
CASTIAGGGASTQYF	TRBV12-3	TRBJ2-3
CAISENDRGGTEAFF	TRBV10-3	TRBJ1-1
CASSLEIYTNYGYTF	TRBV7-2	TRBJ1-2
CASSVALLAGTQYF	TRBV9	TRBJ2-3
CASSSIRGGGKGNQPQHF	TRBV28	TRBJ1-5
CASSQRLAGDTGELFF	TRBV4-1	TRBJ2-2
CASSLLAGTDTQYF	TRBV7-3	TRBJ2-3
CASSRDFGAEQYF	TRBV5-1	TRBJ2-7
CASSPTQGPNGYTF	TRBV6-6	TRBJ1-2
CASSLGQGARDTQYF	TRBV5-1	TRBJ2-3
CASIPGPPAKNIQYF	TRBV19	TRBJ2-4
CSARSGGNTGELFF	TRBV20-1	TRBJ2-2
CAIAGGARAEAFF	TRBV10-3	TRBJ1-1
CASSPRGGYGYTF	TRBV3-1	TRBJ1-2
CASSQTGGEKLFF	TRBV4-1	TRBJ1-4
CSVEGGQGANEQFF	TRBV29-1	TRBJ2-1
CASSTDRVAAGNTIYF	TRBV12-3	TRBJ1-3
CASSLFQGQETQYF	TRBV4-1	TRBJ2-5
CASTDTYEQYF	TRBV28	TRBJ2-7
CASSTPGVSYTF	TRBV13	TRBJ1-2
CASGEGHQYNEQFF	TRBV6-5	TRBJ2-1
CASSQRGSSGGNYEQYF	TRBV28	TRBJ2-7
CASSSNSYNEQFF	TRBV5-1	TRBJ2-1
CASSKGRDSYEQYF	TRBV25-1	TRBJ2-7
CASSQVGTRKETQYF	TRBV4-1	TRBJ2-5
CASSLRTRSYEQYF	TRBV5-6	TRBJ2-7
CASSHRQGTNYGYTF	TRBV3-1	TRBJ1-2
CASSLGRGEQYF	TRBV9	TRBJ2-7
CASSSIYEQYF	TRBV2	TRBJ2-7
CSVEGGRGADTQYF	TRBV29-1	TRBJ2-3
CSAGRVGGDQPQHF	TRBV20-1	TRBJ1-5
CSVEGGRGTSEAFF	TRBV29-1	TRBJ1-1
CAWSTRGGGNQPQHF	TRBV30	TRBJ1-5
CASSPFLGTGELFF	TRBV14	TRBJ2-2
CASSEARERGAYNEQFF	TRBV25-1	TRBJ2-1
CASTRGGAPSYNEQFF	TRBV2	TRBJ2-1
CSAIGAGGPSSYNEQFF	TRBV20-1	TRBJ2-1
CASSVALGGGNIQYF	TRBV9	TRBJ2-4
CASSLGYRGAMNTEAFF	TRBV7-3	TRBJ1-1
CSARDRAVPAYNEQFF	TRBV20-1	TRBJ2-1
CASKFYMGDNQPQHF	TRBV5-1	TRBJ1-5
CSARDIRGEGNEKLFF	TRBV20-1	TRBJ1-4
CATSTGGMQQAKETQYF	TRBV15	TRBJ2-5
CASSIEHTGNQPQHF	TRBV19	TRBJ1-5
CASRPGQGAVWELFF	TRBV6-1	TRBJ2-2
CASSSVGGNNEQFF	TRBV6-6	TRBJ2-1
CASSLAWTGPQPGYDYEQYF	TRBV28	TRBJ2-7
CASSLATALQKDGYTF	TRBV7-2	TRBJ1-2
CASSGAGAGTGELFF	TRBV9	TRBJ2-2
CAISAPRPSGGDVKFF	TRBV10-3	TRBJ2-1
CASSEPLQAAFYEQYF	TRBV2	TRBJ2-7
CASSWTAYEQYF	TRBV6-2	TRBJ2-7
CSARQTGSMNTEAFF	TRBV20-1	TRBJ1-1
CASSQTGSTDTQYF	TRBV4-1	TRBJ2-3
CASSIVDSNTYEQYF	TRBV19	TRBJ2-7
CASNRPGPYGYTF	TRBV28	TRBJ1-2
CASSEGSGGNTIYF	TRBV18	TRBJ1-3
CAISDTDTGELFF	TRBV10-3	TRBJ2-2
CASSQDLGNPNTEAFF	TRBV4-1	TRBJ1-1
CASGGIKATDTQYF	TRBV6-1	TRBJ2-3
CASSQGGQYYEQYF	TRBV12-3	TRBJ2-7
CSATGGVFAIGQPQHF	TRBV20-1	TRBJ1-5
CASSPGVIRGSSSYEQYF	TRBV7-6	TRBJ2-7
CASSRGTGKGGANVLTF	TRBV28	TRBJ2-6
CAISGGKFSYEQYF	TRBV10-3	TRBJ2-7
CSVDGGVAGAGTGELFF	TRBV29-1	TRBJ2-2
CASSQESSPRTDTQYF	TRBV4-2	TRBJ2-3
CAISEEDRGRTEAFF	TRBV10-3	TRBJ1-1
CASSPDEGAGGANVLTF	TRBV5-1	TRBJ2-6
CASSSITRQGPYEQYF	TRBV27	TRBJ2-7
CASSYSAGSSYNEQFF	TRBV27	TRBJ2-1
CASSQGGGSGQETQYF	TRBV3-1	TRBJ2-5
CASSLAGTETQYF	TRBV12-3	TRBJ2-5
CASSQTGFRRGANYGYTF	TRBV14	TRBJ1-2
CASGGGLTRELFF	TRBV7-3	TRBJ2-2
CSARRPRGLAGEQYF	TRBV20-1	TRBJ2-7
CASSYKGTQYF	TRBV6-5	TRBJ2-5
CASSLRSRSYEQYF	TRBV5-6	TRBJ2-7
CSARRDRNEKLFF	TRBV20-1	TRBJ1-4
CASSLVRTNSPLHF	TRBV7-2	TRBJ1-6
CASSRNRDRGGKAPWVYGYTF	TRBV14	TRBJ1-2
CASSLNSGREAFF	TRBV7-3	TRBJ1-1
CASSLAFPGELFF	TRBV7-2	TRBJ2-2
CASSLGPDSNYGYTF	TRBV7-2	TRBJ1-2
CASSSRPRGYNEQFF	TRBV7-2	TRBJ2-1
CASIFQPTGENTEAFF	TRBV12-3	TRBJ1-1
CASTRNGEAASPLHF	TRBV19	TRBJ1-6
CASIPGLNTGELFF	TRBV2	TRBJ2-2
CASSPASGASIYGYTF	TRBV7-2	TRBJ1-2
CASSPTSGSTDTQYF	TRBV3-1	TRBJ2-3
CASSPGSYNSPLHF	TRBV4-1	TRBJ1-6
CASSLDGTTLTEQYF	TRBV11-1	TRBJ2-7
CASSLRGRGYTQETQYF	TRBV11-2	TRBJ2-5
CASSPRPGNYGYTF	TRBV18	TRBJ1-2
CSARSTRQGILNEQFF	TRBV20-1	TRBJ2-1
CASSYQRERGYNEQFF	TRBV10-1	TRBJ2-1
CASSLSGQSYNEQFF	TRBV5-1	TRBJ2-1
CASSRRAGTSSYNEQFF	TRBV7-2	TRBJ2-1
CAISEIQAGTYNEQFF	TRBV10-3	TRBJ2-1
CASSQGRTRSLYEQYF	TRBV4-3	TRBJ2-7
CASSLVSGPYEQYF	TRBV28	TRBJ2-7
CSAKKGRETQYF	TRBV29-1	TRBJ2-5
CASSYFKGQMNTEAFF	TRBV28	TRBJ1-1
CASSPRRGGPAGELFF	TRBV28	TRBJ2-2
CSVASTSASTDTQYF	TRBV29-1	TRBJ2-3
CAWKRRPLDNEQFF	TRBV30	TRBJ2-1
CASSLEVGAGYTF	TRBV11-2	TRBJ1-2
CASSISSSGLNGKTQYF	TRBV7-2	TRBJ2-5
CASTPNTGHLYEQYF	TRBV6-1	TRBJ2-7
CSAHSGELRYEQYF	TRBV20-1	TRBJ2-7
CASSLAGILLAGGNNEQFF	TRBV12-3	TRBJ2-1
CAWSVQAGPSGNTIYF	TRBV30	TRBJ1-3
CASSRQATNEKLFF	TRBV6-1	TRBJ1-4
CASSLGQGGPFGYTF	TRBV11-2	TRBJ1-2
CASSLNGWEQYF	TRBV6-2	TRBJ2-7
CASSLLLNTEAFF	TRBV12-3	TRBJ1-1
CASKSLAGGLYEQYF	TRBV2	TRBJ2-7
CASSLEASTYEQFF	TRBV11-2	TRBJ2-1
CASSDGTSSYNEQFF	TRBV5-1	TRBJ2-1
CASSQLPVQAGARGGTDTQYF	TRBV4-1	TRBJ2-3
CAAGTGYLTGELFF	TRBV4-1	TRBJ2-2
CASSFTSDGGTEAFF	TRBV7-6	TRBJ1-1
CASSRTESSYEQYF	TRBV3-1	TRBJ2-7
CASSPRPTDTQYF	TRBV28	TRBJ2-3
CASSLRDSTNTGELFF	TRBV11-3	TRBJ2-2
CASSLRAASSGNTIYF	TRBV7-2	TRBJ1-3
CASSPQGGLAYGYTF	TRBV6-5	TRBJ1-2
CSARDFGSVTTEAFF	TRBV20-1	TRBJ1-1
CASSDTTNEKLFF	TRBV25-1	TRBJ1-4
CASIRGIDYGYTF	TRBV6-6	TRBJ1-2
CSAFRQGSLYEQYF	TRBV20-1	TRBJ2-7
CASSLGSGIRRDEQYF	TRBV5-1	TRBJ2-7
CASRQTASNTEAFF	TRBV2	TRBJ1-1
CASSLSPKGYTEAFF	TRBV27	TRBJ1-1
CSPSRQGEYTF	TRBV20-1	TRBJ1-2
CASSSGPSTDTQYF	TRBV5-1	TRBJ2-3
CASSPSLRGLGYGYTF	TRBV6-5	TRBJ1-2
CSARGIWRDLRLGEQYF	TRBV20-1	TRBJ2-7
CASSDGQGVETQYF	TRBV6-1	TRBJ2-5
CASRKLAGSSIDETQYF	TRBV6-2	TRBJ2-5
CASSHGQGQGYGYTF	TRBV4-1	TRBJ1-2
CASHLGALRNQPQHF	TRBV28	TRBJ1-5
CASRLGTGLGNEQFF	TRBV7-9	TRBJ2-1
CASSLTGGGQETQYF	TRBV28	TRBJ2-5
CSARGTGDYGYTF	TRBV20-1	TRBJ1-2
CAWGGGMSNQPQHF	TRBV30	TRBJ1-5
CASRLYYEQYF	TRBV2	TRBJ2-7
CASRPKYPSSYEQYF	TRBV4-1	TRBJ2-7
CASSAGTGYLSEQFF	TRBV6-2	TRBJ2-1
CASSLLGVAYEQYF	TRBV16	TRBJ2-7
CASSLDAGESPLHF	TRBV11-2	TRBJ1-6
CSVGPSTGSTDTQYF	TRBV29-1	TRBJ2-3
CASSPWLAKNIQYF	TRBV6-2	TRBJ2-4
CASSLGVFSGRKDRSYNEQFF	TRBV27	TRBJ2-1
CAWSGLVDRGPNEQYF	TRBV30	TRBJ2-7
CASSVVSGAPDTQYF	TRBV9	TRBJ2-3
CASRRAGGGNEKLFF	TRBV11-2	TRBJ1-4
CASSLGTGDHEQFF	TRBV5-1	TRBJ2-1
CAWSVGGSVWSGAFF	TRBV30	TRBJ1-1
CASRRKGLGINEQFF	TRBV6-6	TRBJ2-1
CASSLVQRGHNEQFF	TRBV5-1	TRBJ2-1
CSAPPTGATETQYF	TRBV20-1	TRBJ2-5
CASSQLDAGLGGEQYF	TRBV10-1	TRBJ2-7
CASSYRTQETQYF	TRBV7-2	TRBJ2-5
CASSLDPGNEKLFF	TRBV11-2	TRBJ1-4
CSASPQGTGNTIYF	TRBV20-1	TRBJ1-3
CASSQTGRPDTQYF	TRBV11-3	TRBJ2-3
CASSQVLVQTEGTEAFF	TRBV3-1	TRBJ1-1
CSAVIWGTTGVLKETQYF	TRBV20-1	TRBJ2-5
CASSPRVTGENQPQHF	TRBV18	TRBJ1-5
CASSRRATGRVYGYTF	TRBV7-2	TRBJ1-2
CASSPMGGSTDTQYF	TRBV12-3	TRBJ2-3
CASSLWVKSGQYF	TRBV13	TRBJ2-7
CASSQGQGVEEQYF	TRBV4-3	TRBJ2-7
CASSQSSGKTSYNEQFF	TRBV4-1	TRBJ2-1
CASSESGISSYNEQFF	TRBV10-2	TRBJ2-1
CASSFYRGSETQYF	TRBV28	TRBJ2-5
CASSSRVQETQYF	TRBV7-2	TRBJ2-5
CSAPSAGTTNEQFF	TRBV20-1	TRBJ2-1
CASSVGTGYEQYF	TRBV6-1	TRBJ2-7
CASSPNGLYLYEQYF	TRBV7-2	TRBJ2-7
CSVGTGGTDTQYF	TRBV29-1	TRBJ2-3
CASSLSLQSYNEQFF	TRBV5-1	TRBJ2-1
CASSRAGGAFF	TRBV4-1	TRBJ1-1
CASSVYGSNQPQHF	TRBV16	TRBJ1-5
CASSPSGRLHNEQFF	TRBV7-3	TRBJ2-1
CASGLVLAGGPYNEQFF	TRBV12-5	TRBJ2-1
CASSSRDKTQYF	TRBV2	TRBJ2-5
CSDRGTGGYTF	TRBV29-1	TRBJ1-2
CASSQGWSSGTSTDTQYF	TRBV4-1	TRBJ2-3
CASSLDASPGYEQYF	TRBV7-6	TRBJ2-7
CASRLTSPPYNEQFF	TRBV6-5	TRBJ2-1
CASSPPGSSYNEQFF	TRBV18	TRBJ2-1
CASSETIAGRASGFNIQYF	TRBV25-1	TRBJ2-4
CASSRTTRSSGQETQYF	TRBV7-9	TRBJ2-5
CASSPGTGGPGELFF	TRBV7-3	TRBJ2-2
CSAIRAGSYSNQPQHF	TRBV20-1	TRBJ1-5
CSATGDITDTQYF	TRBV20-1	TRBJ2-3
CASNTIQGNTEAFF	TRBV7-9	TRBJ1-1
CATAWKDEQFF	TRBV24-1	TRBJ2-1
CASSSRVQTGPGELFF	TRBV7-2	TRBJ2-2
CASSQRTVRGYRGTQYF	TRBV12-3	TRBJ2-5
CASSLGWKETQYF	TRBV11-2	TRBJ2-5
CASRRPGQGYTGELFF	TRBV4-1	TRBJ2-2
CASNEGPPYEQYF	TRBV2	TRBJ2-7
CASSLEWGQPQHF	TRBV11-2	TRBJ1-5
CASSLEARVRGELFF	TRBV11-2	TRBJ2-2
CSATTGTSSTDTQYF	TRBV20-1	TRBJ2-3
CASSEVRGTDFTDTQYF	TRBV6-1	TRBJ2-3
CASSARQGQDEQYF	TRBV11-2	TRBJ2-7
CASSLRDRDDEQYF	TRBV6-1	TRBJ2-7
CASSLSSGIKYF	TRBV28	TRBJ2-4
CASRTGLAGGEQYF	TRBV5-1	TRBJ2-7
CASRESNSPLHF	TRBV28	TRBJ1-6
CASSLDGPRLGRNGYTF	TRBV5-1	TRBJ1-2
CASSNTGTGELFF	TRBV7-6	TRBJ2-2
CSARAGQGGEQYV	TRBV20-1	TRBJ2-7
CASRLTSGAAGEQFF	TRBV10-2	TRBJ2-1
CASSPGLAGGREDTQYF	TRBV4-2	TRBJ2-3
CASSLHRRGYGYTF	TRBV12-3	TRBJ1-2
CASSYNTGEGYTF	TRBV12-3	TRBJ1-2
CASSSGLLGGNTEAFF	TRBV5-1	TRBJ1-1
CASSQEGGNTIYF	TRBV4-1	TRBJ1-3
CASSLDRVGTEAFF	TRBV13	TRBJ1-1
CASSLRGQGGYGYTF	TRBV12-3	TRBJ1-2
CASSHWTGGINEQFF	TRBV7-3	TRBJ2-1
CATSDPREAGNIQYF	TRBV24-1	TRBJ2-4
CASSFVTGGNTIYF	TRBV12-3	TRBJ1-3
CASSPGTGNTEAFF	TRBV3-1	TRBJ1-1
CASSPRRRGLLYSSGNTIYF	TRBV6-5	TRBJ1-3
CAIRSGRARTEAFF	TRBV10-3	TRBJ1-1
CASSPDRNQPQHF	TRBV18	TRBJ1-5
CASSQHVGHTTSGANVLTF	TRBV4-1	TRBJ2-6
CASTPFPLGNEQFF	TRBV12-3	TRBJ2-1
CASMDGYPWDTQYF	TRBV6-1	TRBJ2-3
CASRSPGRGIAKNIQYF	TRBV11-2	TRBJ2-4
CSARDLGDGYTF	TRBV20-1	TRBJ1-2
CASSQGGRARELFF	TRBV3-1	TRBJ1-4
CASSFGLTGFNYGYTF	TRBV12-3	TRBJ1-2
CASSPSLGGDSPLHF	TRBV18	TRBJ1-6
CSGTAGRNEQFF	TRBV29-1	TRBJ2-1
CASSQQGFEQFF	TRBV3-1	TRBJ2-1
CASSSPRGGLPNYGYTF	TRBV11-2	TRBJ1-2
CASSPFVPSTNEKLFF	TRBV18	TRBJ1-4
CASSQDDRVQPQHF	TRBV3-1	TRBJ1-5
CASSYFGPGSYTEAFF	TRBV4-3	TRBJ1-1
CASSGLWGSNTGELFF	TRBV6-1	TRBJ2-2
CASSLDYGAYNEQFF	TRBV11-2	TRBJ2-1
CSARSRNTGELFF	TRBV20-1	TRBJ2-2
CASSPVAGSGDEQFF	TRBV18	TRBJ2-1
CASSQDKRGRLDEQFF	TRBV4-1	TRBJ2-1
CASSETRGRAEAFF	TRBV10-1	TRBJ1-1
CSVNAVAGVSGEQYF	TRBV20-1	TRBJ2-7
CASSQGFRQSSYEQYF	TRBV4-1	TRBJ2-7
CASSWTGGMAFLKETQYF	TRBV6-6	TRBJ2-5
CASSSGQGGEYEQYV	TRBV5-1	TRBJ2-7
CSAREGFLSNQPQHF	TRBV20-1	TRBJ1-5
CASSFRSRAYEQYF	TRBV5-6	TRBJ2-7
CASGPSGGAGADTQYF	TRBV6-4	TRBJ2-3
CASSDSETSATNEKLFF	TRBV25-1	TRBJ1-4
CASSPQSSRAAKNIQYF	TRBV7-2	TRBJ2-4
CSARPGTSYNSPLHF	TRBV20-1	TRBJ1-6
CASSHRVVNEKLFF	TRBV3-1	TRBJ1-4
CASSLDAYEAFF	TRBV2	TRBJ1-1
CASSLVGTGGGQPQHF	TRBV7-2	TRBJ1-5
CASSPRRERQPQHF	TRBV12-3	TRBJ1-5
CASSEARARGTTEAFF	TRBV2	TRBJ1-1
CASSPREHGTQYF	TRBV27	TRBJ2-5
CASSLDGDSYEQYF	TRBV11-2	TRBJ2-7
CASSLATTGTGDQPQHF	TRBV7-2	TRBJ1-5
CSARDPGGLNTEAFF	TRBV20-1	TRBJ1-1
CASSQDPLADYNEQFF	TRBV3-1	TRBJ2-1
CASKPTSGGAGEQFF	TRBV10-2	TRBJ2-1
CASSPLGRGGAKTQYF	TRBV11-2	TRBJ2-5
CASSLEGTGKFF	TRBV11-2	TRBJ2-1
CAWSVDRGFGTEAFF	TRBV30	TRBJ1-1
CSARDLGSGYTF	TRBV20-1	TRBJ1-2
CAISDQGIDQETQYF	TRBV10-3	TRBJ2-5
CATLEGRIYEQYF	TRBV6-1	TRBJ2-7
CASSFKTSPLLGKQYF	TRBV12-3	TRBJ2-7
CASSLFAGYQPQHF	TRBV11-2	TRBJ1-5
CASSFRANEKLFF	TRBV27	TRBJ1-4
CSANPRSGANVLTF	TRBV20-1	TRBJ2-6
CATSQETYGYTF	TRBV10-3	TRBJ1-2
CASGLVVIGSTGELFF	TRBV12-5	TRBJ2-2
CASSDTEGQSKETQYF	TRBV25-1	TRBJ2-5
CASSPKGRLAGDQPQHF	TRBV25-1	TRBJ1-5
CASSPEFVNEQFF	TRBV5-1	TRBJ2-1
CASSPPNGNEQFF	TRBV3-1	TRBJ2-1
CASSHVLPPGQGNYGYTF	TRBV4-1	TRBJ1-2
CASSQSGGNTEAFF	TRBV4-1	TRBJ1-1
CASSLDGINTGELFF	TRBV5-1	TRBJ2-2
CASRTGSNQPQHF	TRBV12-3	TRBJ1-5
CASSPRGGVYEQYF	TRBV12-3	TRBJ2-7
CASSQGGANYGYTF	TRBV4-2	TRBJ1-2
CASSPASGGAVDTQYF	TRBV9	TRBJ2-3
CSASSPGLAGGQHEQFF	TRBV20-1	TRBJ2-1
CASSHLGAGYTF	TRBV7-3	TRBJ1-2
CASSSPTGEFRLGSGANVLTF	TRBV28	TRBJ2-6
CSVEAGTGGANGYTF	TRBV29-1	TRBJ1-2
CASSGGSGANVLTF	TRBV5-1	TRBJ2-6
CASRPPGRGSDEKLFF	TRBV11-2	TRBJ1-4
CASGLPPGLAGGHSYEQYF	TRBV12-5	TRBJ2-7
CASSEPYYGYTF	TRBV6-1	TRBJ1-2
CASSTRPDYYGNTEAFF	TRBV6-2	TRBJ1-1
CASSVEGAYEQYF	TRBV6-1	TRBJ2-7
CASSPTQSIQGRHGYTF	TRBV7-9	TRBJ1-2
CSATQGAGGGYTF	TRBV20-1	TRBJ1-2
CASSQPPVRRGGPPTDTQYF	TRBV4-1	TRBJ2-3
CASSQDRLTTGELFF	TRBV4-3	TRBJ2-2
CSARTSGNTGELFF	TRBV20-1	TRBJ2-2
CASSQLTSGPTGNTIYF	TRBV14	TRBJ1-3
CSARDSRGELFF	TRBV20-1	TRBJ2-2
CASSRPWDTEAFF	TRBV19	TRBJ1-1
CASSEKRGGETQYF	TRBV25-1	TRBJ2-5
CASSKDLWDTEAFF	TRBV5-1	TRBJ1-1
CASSLYTGSNQPQHF	TRBV19	TRBJ1-5
CAIRGTDSYNEQFF	TRBV10-3	TRBJ2-1
CSASQQQGDYGYTF	TRBV20-1	TRBJ1-2
CASGPRTGWIEAFF	TRBV12-5	TRBJ1-1
CASGLVVQRGGTYNEQFF	TRBV12-5	TRBJ2-1
CASSYSTLTGGWTDTQYF	TRBV6-6	TRBJ2-3
CASSFGQTYGYTF	TRBV5-1	TRBJ1-2
CASGLGGTGKQPQHF	TRBV12-5	TRBJ1-5
CASSQLGTGTDGYTF	TRBV4-1	TRBJ1-2
CASSLLGGGNEKLFF	TRBV4-1	TRBJ1-4
CASSSPGTGSGPGANVLTF	TRBV7-2	TRBJ2-6
CASTVWTGGYEQYV	TRBV5-6	TRBJ2-7
CASGQDMRDTQYF	TRBV5-1	TRBJ2-3
CASSMDRGRAEAFF	TRBV6-6	TRBJ1-1
CASSQIGRGQPQHF	TRBV4-1	TRBJ1-5
CASSFDRGNGNTIYF	TRBV6-5	TRBJ1-3
CASSLGWDRGPKTEAFF	TRBV14	TRBJ1-1
CSAGGGNTGELFF	TRBV20-1	TRBJ2-2
CASSPAGTGDYGYTF	TRBV3-1	TRBJ1-2
CASSGPGRQPQHF	TRBV25-1	TRBJ1-5
CSARRTGELYGYTF	TRBV20-1	TRBJ1-2
CASRGGTPEAFF	TRBV5-1	TRBJ1-1
CASSQYGWNEAFF	TRBV4-1	TRBJ1-1
CASSLGLAGVNEQFF	TRBV27	TRBJ2-1
CASSHPLAGGRTYNEQFF	TRBV11-2	TRBJ2-1
CASSHPWGAPFNEKLFF	TRBV4-1	TRBJ1-4
CASSLGRVSYEQYF	TRBV7-2	TRBJ2-7
CSVEVAGNQPQHF	TRBV29-1	TRBJ1-5
CAWSGTPNSPLHF	TRBV30	TRBJ1-6
CAWSQGRGYGYTF	TRBV30	TRBJ1-2
CASRYRDSQETQYF	TRBV2	TRBJ2-5
CASSFVGQLNAGELFF	TRBV12-3	TRBJ2-2
CASSGAGSTGTDTQYF	TRBV2	TRBJ2-3
CASSQLAGLDEQFF	TRBV4-1	TRBJ2-1
CASGLPSRAKDPYEQYF	TRBV12-5	TRBJ2-7
CASSRGGLAGGKAKNIQYF	TRBV5-6	TRBJ2-4
CASSPQGETQYF	TRBV11-2	TRBJ2-5
CASRKLGVETQYF	TRBV11-2	TRBJ2-5
CASSYGQGYGYTF	TRBV6-1	TRBJ1-2
CASSLPGSSGNTIYF	TRBV12-3	TRBJ1-3
CASRWTFSTNEKLFF	TRBV27	TRBJ1-4
CASSRGHGRPLGEKLFF	TRBV7-9	TRBJ1-4
CASGGLLAGARINTGELFF	TRBV7-2	TRBJ2-2
CASSIDLKGTDYGYTF	TRBV19	TRBJ1-2
CASSVGQGGETQYF	TRBV5-1	TRBJ2-5
CASSVGASTGPYGYTF	TRBV9	TRBJ1-2
CASSLLKDLFSYEQYF	TRBV11-2	TRBJ2-7
CASSKGAADSRNTIYF	TRBV2	TRBJ1-3
CAWSVSRRGSSPLHF	TRBV30	TRBJ1-6
CASSLGGGAFYNEQFF	TRBV12-3	TRBJ2-1
CASSRGQGRKEKLFF	TRBV7-6	TRBJ1-4
CASSHTGTGLVGANEKLFF	TRBV3-1	TRBJ1-4
CSATSLGGVEAFF	TRBV20-1	TRBJ1-1
CASSRTLERRFF	TRBV10-1	TRBJ2-1
CASNGGNEQYF	TRBV10-1	TRBJ2-7
CASSYGQGEGYTEAFF	TRBV10-1	TRBJ1-1
CASRTDQGRLTEAFF	TRBV5-1	TRBJ1-1
CAWSGGQGDQPQHF	TRBV30	TRBJ1-5
CASSLAVRGSGNTIYF	TRBV11-2	TRBJ1-3
CASSMGQGDRWSEKLFF	TRBV19	TRBJ1-4
CASEVPMNTEAFF	TRBV28	TRBJ1-1
CASSQDGLTTDTQYF	TRBV5-1	TRBJ2-3
CSASEGEGSYEQYF	TRBV20-1	TRBJ2-7
CASSVTGVAGNTIYF	TRBV25-1	TRBJ1-3
CASSLEQGPNSPLHF	TRBV5-6	TRBJ1-6
CASKRIGVNEKLFF	TRBV12-3	TRBJ1-4
CASSPDPKDYGYTF	TRBV5-6	TRBJ1-2
CSVLREMNTEAFF	TRBV29-1	TRBJ1-1
CSGGRGDTEAFF	TRBV29-1	TRBJ1-1
CASSFGGQRYEQYF	TRBV12-3	TRBJ2-7
CSASYLLASGETQYF	TRBV20-1	TRBJ2-5
CASSLDSGLPQHF	TRBV7-6	TRBJ1-5
CACKPIGGSTGELFF	TRBV30	TRBJ2-2
CASSPIARTGRDSGANVLTF	TRBV6-4	TRBJ2-6
CSARRQGGETQYF	TRBV20-1	TRBJ2-5
CASSSTQAYSGNTIYF	TRBV27	TRBJ1-3
CASSLSPLVGAGYNEQFF	TRBV27	TRBJ2-1
CSASKGSRTEAFF	TRBV20-1	TRBJ1-1
CASSDTDRATEAFF	TRBV6-4	TRBJ1-1
CASSYRGTGAGDTQYF	TRBV6-5	TRBJ2-3
CASTQRGVPEAFF	TRBV2	TRBJ1-1
CASSSGTENEKLFF	TRBV27	TRBJ1-4
CASSQEWGQGNYGYTF	TRBV3-1	TRBJ1-2
CASSKGLDIYNEQFF	TRBV6-6	TRBJ2-1
CASSTLGRGETEAFF	TRBV5-1	TRBJ1-1
CASSLERGTEAFF	TRBV4-2	TRBJ1-1
CSAKDWISGNTIYF	TRBV20-1	TRBJ1-3
CASSTRGLTTEAFF	TRBV11-2	TRBJ1-1
CSARDYKTYGYTF	TRBV20-1	TRBJ1-2
CASASGGTRDTQYF	TRBV10-1	TRBJ2-3
CASSPGQSSTDTQYF	TRBV5-6	TRBJ2-3
CASRPLGVNNEQFF	TRBV12-3	TRBJ2-1
CASSDFRSTNEKLFF	TRBV25-1	TRBJ1-4
CSVHREIGTEAFF	TRBV29-1	TRBJ1-1
CASSLRTGETQYF	TRBV5-6	TRBJ2-5
CASSSSTSQETQYF	TRBV6-6	TRBJ2-5
CSVEDFRRTTSLYEQYV	TRBV29-1	TRBJ2-7
CASRKGGDGNEQFF	TRBV6-4	TRBJ2-1
CAISEVRNNEQFF	TRBV10-3	TRBJ2-1
CASNPIRDITWAEAFF	TRBV11-2	TRBJ1-1
CASSIGSSISTDTQYF	TRBV19	TRBJ2-3
CASGLARGQGPQHF	TRBV12-5	TRBJ1-5
CASKETGQQLLHGYTF	TRBV19	TRBJ1-2
CASSLAQALTQYF	TRBV5-1	TRBJ2-3
CSAQVAGGKDTQYF	TRBV20-1	TRBJ2-3
CASNKGLSGDTQYF	TRBV6-6	TRBJ2-3
CSAREMGLGYGYTF	TRBV20-1	TRBJ1-2
CASSVGPNPYNEQFF	TRBV5-6	TRBJ2-1
CASSQSASENYGYTF	TRBV4-1	TRBJ1-2
CASNPRQGAGYGYTF	TRBV27	TRBJ1-2
CASSLGVSGQGFGGYTF	TRBV5-1	TRBJ1-2
CASSPANRGSYEQYF	TRBV25-1	TRBJ2-7
CSARDSGGAADTQYF	TRBV20-1	TRBJ2-3
CASLIRYGYTF	TRBV2	TRBJ1-2
CASSRTGQSFYGYTF	TRBV11-2	TRBJ1-2
CAWRGNQPQHF	TRBV30	TRBJ1-5
CASRAGNGDTGELFF	TRBV5-1	TRBJ2-2
CATMNSGQGVGNTIYF	TRBV10-3	TRBJ1-3
CASSLGVPRNEKLFF	TRBV27	TRBJ1-4
CASSNREIGNEQFF	TRBV19	TRBJ2-1
CASSRRELGNTIYF	TRBV19	TRBJ1-3
CSASRTDYGYTF	TRBV20-1	TRBJ1-2
CSAERAGGASTDTQYF	TRBV20-1	TRBJ2-3
CASSPRSGGDQPQHF	TRBV7-2	TRBJ1-5
CASSLRGTGRTTNEKLFF	TRBV27	TRBJ1-4
CASSLRLEQFF	TRBV12-3	TRBJ2-1
CASSLDAGGGYEQYF	TRBV7-6	TRBJ2-7
CASSRQGDYGYTF	TRBV4-1	TRBJ1-2
CASNPRGGNEQFF	TRBV6-1	TRBJ2-1
CATSDRTGPNQPQHF	TRBV24-1	TRBJ1-5
CASSLGQGANTDTQYF	TRBV5-1	TRBJ2-3
CSARDGGQTGNTEAFF	TRBV20-1	TRBJ1-1
CSARDRGSQYNEKLFF	TRBV20-1	TRBJ1-4
CASSGHRGSGELFF	TRBV6-1	TRBJ2-2
CSARSYTGVAFF	TRBV20-1	TRBJ1-1
CASSAGGVQNQPQHF	TRBV2	TRBJ1-5
CAWSVRGGPRSGNTIYF	TRBV30	TRBJ1-3
CASSTGSGNQPQHF	TRBV3-1	TRBJ1-5
CATSGGYEQYF	TRBV24-1	TRBJ2-7
CASSQLLGRTTNEKLFF	TRBV4-1	TRBJ1-4
CASSELEVDTQYF	TRBV2	TRBJ2-3
CASSGGFDEQFF	TRBV30	TRBJ2-1
CSVDVLPGANVLTF	TRBV29-1	TRBJ2-6
CASSPYFRGPTDTQYF	TRBV18	TRBJ2-3
CASSQGGTSSYNEQFF	TRBV4-2	TRBJ2-1
CSATTGTREKLFF	TRBV20-1	TRBJ1-4
CSAPRLSPSVDTQYF	TRBV20-1	TRBJ2-3
CASSWGGILQETQYF	TRBV6-6	TRBJ2-5
CASSLNEVGVYGYTF	TRBV3-1	TRBJ1-2
CASALQDGNTEAFF	TRBV6-6	TRBJ1-1
CASSTDRARSPLHF	TRBV19	TRBJ1-6
CSARDGLYEQYV	TRBV20-1	TRBJ2-7
CASSLGITQPQHF	TRBV10-1	TRBJ1-5
CAWSVKGEGDEKLFF	TRBV30	TRBJ1-4
CASSLGAGGYGEQFF	TRBV11-3	TRBJ2-1
CASRNTGQGTRSYEQYV	TRBV6-1	TRBJ2-7
CSAAIPTVRRGSNQPQHF	TRBV20-1	TRBJ1-5
CASSLRAGAGPEQFF	TRBV11-2	TRBJ2-1
CASSLGPRLEWQYF	TRBV5-6	TRBJ2-7
CSAREVPGTGTEKLFF	TRBV20-1	TRBJ1-4
CASSVGLAVYNEQFF	TRBV6-6	TRBJ2-1
CASSGFERNQPQHF	TRBV12-3	TRBJ1-5
CASSLGTGVDNQPQHF	TRBV5-1	TRBJ1-5
CASSLEPGFSYEQYF	TRBV7-2	TRBJ2-7
CATSFREKRGYTF	TRBV15	TRBJ1-2
CASSQGGARELANTEAFF	TRBV4-1	TRBJ1-1
CSARRRVGGTNQPQHF	TRBV20-1	TRBJ1-5
CASSLESDTQYF	TRBV5-1	TRBJ2-3
CASSFPGGGTDTQYF	TRBV7-2	TRBJ2-3
CASSKGLAVTDTQYF	TRBV6-6	TRBJ2-3
CASSFRSDGPGAQYF	TRBV27	TRBJ2-5
CASRKGQGDISNQPQHF	TRBV19	TRBJ1-5
CASSSNPGTLKSGIF	TRBV7-2	TRBJ2-1
CASTRRGTGNTEAFF	TRBV12-3	TRBJ1-1
CAWSAGAKNIQYF	TRBV30	TRBJ2-4
CAWSGGSSGEAFF	TRBV30	TRBJ1-1
CSARDSVNYGYTF	TRBV20-1	TRBJ1-2
CANSKGLALYNEQFF	TRBV6-6	TRBJ2-1
CASSKGLNWSGELFF	TRBV6-6	TRBJ2-2
CATSDLASGAAGELFF	TRBV24-1	TRBJ2-2
CSGGQGVDTEAFF	TRBV29-1	TRBJ1-1
CASSQDPNSDTQYF	TRBV3-1	TRBJ2-3
CASSEIEYEQYF	TRBV2	TRBJ2-7
CASSAVDGDRIFQETQYF	TRBV19	TRBJ2-5
CASSLGGLPYEQYF	TRBV5-6	TRBJ2-7
CASRVGRTAGANVLTF	TRBV2	TRBJ2-6
CATTSLNEKLFF	TRBV15	TRBJ1-4
RASSLTNTNTGELFF	TRBV7-3	TRBJ2-2
CASSFGRPANYGYTF	TRBV11-2	TRBJ1-2
CSALNSQGTYEQYV	TRBV20-1	TRBJ2-7
CASSERWNSPLHF	TRBV2	TRBJ1-6
CASSQVVTSGGHREQFF	TRBV4-1	TRBJ2-1
CASSSDRLGTEAFF	TRBV7-3	TRBJ1-1
CASSFDGTRSPLHF	TRBV7-6	TRBJ1-6
CASSSTGNTYNEQFF	TRBV11-3	TRBJ2-1
CASSVGTIGNTIYF	TRBV9	TRBJ1-3
CASSGASGSQADTQYF	TRBV10-1	TRBJ2-3
CASSQVVGNQPQHF	TRBV4-1	TRBJ1-5
CSVTSTGANTEAFF	TRBV29-1	TRBJ1-1
CASSPLAGAQETQYF	TRBV4-1	TRBJ2-5
CATSRGVEFGAFF	TRBV15	TRBJ1-1
CSVTTSSYEQYF	TRBV20-1	TRBJ2-7
CASSPGTGGQPQHF	TRBV11-2	TRBJ1-5
CAWSAQRLFSGNTEAFF	TRBV30	TRBJ1-1
CAGRGTMGEKLFF	TRBV2	TRBJ1-4
CASSPLVGTEAFF	TRBV6-5	TRBJ1-1
CASSKSGGGNTGELFF	TRBV9	TRBJ2-2
CASSYGAGPGQETQYF	TRBV6-6	TRBJ2-5
CASSLNRGEQFF	TRBV7-3	TRBJ2-1
CASSLGHTGASGNTIYF	TRBV5-1	TRBJ1-3
CASSLFRGGLTEAFF	TRBV5-1	TRBJ1-1
CAIRGQGLGTDTQYF	TRBV10-3	TRBJ2-3
CSARDPMGGGKNEQFF	TRBV20-1	TRBJ2-1
CASSSDRGAFF	TRBV11-2	TRBJ1-1
CSARDLGGGGSTDTQYF	TRBV20-1	TRBJ2-3
CASSPRGQHTDTQYF	TRBV12-3	TRBJ2-3
CSARPGTNTEAFF	TRBV20-1	TRBJ1-1
CSARVNTDTQYF	TRBV20-1	TRBJ2-3
CSVERQGRGTGELFF	TRBV29-1	TRBJ2-2
CASASKEGTSYQETQYF	TRBV12-5	TRBJ2-5
CASSSGPKNTEAFF	TRBV5-1	TRBJ1-1
CASTAATYNEQFF	TRBV3-1	TRBJ2-1
CASSFNQGGVDEQFF	TRBV11-2	TRBJ2-1
CASSPEAGFNQPQHF	TRBV11-2	TRBJ1-5
CSAGQGTEGSAQYF	TRBV20-1	TRBJ2-3
CASSSTGNYGYTF	TRBV7-2	TRBJ1-2
CASSLVGGSTEAFF	TRBV11-2	TRBJ1-1
CASSRTGSGEKLFF	TRBV18	TRBJ1-4
CASSRTTSGGANEQFF	TRBV9	TRBJ2-1
CASSRQGSTYEQYF	TRBV4-1	TRBJ2-7
CASSVADSFNYGYTF	TRBV9	TRBJ1-2
CSAIRGAGSPLHF	TRBV20-1	TRBJ1-6
CASSLGQTPNYGYTF	TRBV5-1	TRBJ1-2
CSARDYREYGYTF	TRBV20-1	TRBJ1-2
CASSQPTGGGNYGYTF	TRBV4-1	TRBJ1-2
CASSFSGTGGKGYTF	TRBV12-3	TRBJ1-2
CASSLGQGAGYGYTF	TRBV2	TRBJ1-2
CASSPYLLAGGTSNEQFF	TRBV5-1	TRBJ2-1
CSAGRQGAGEQYF	TRBV20-1	TRBJ2-7
CSASISGGGNNEQFF	TRBV20-1	TRBJ2-1
CASSLTSGGFVNEQFF	TRBV3-1	TRBJ2-1
CASTNGGAPDTQYF	TRBV5-1	TRBJ2-3
CASSQRGQDTQYF	TRBV3-1	TRBJ2-3
CASSPAGGQGGQPQHF	TRBV18	TRBJ1-5
CASSSNVLFYNSPLHF	TRBV5-1	TRBJ1-6
CASSLLGGGSYEQYV	TRBV7-2	TRBJ2-7
CSASPGTGNRETQYF	TRBV20-1	TRBJ2-5
CASRSYGTGGSSYNSPLHF	TRBV27	TRBJ1-6
CASSLGLAGGQGTQYF	TRBV7-6	TRBJ2-3
CASTQNERGERETQYF	TRBV4-1	TRBJ2-5
CASSRENQGEQFF	TRBV6-4	TRBJ2-1
CAWSVSGGGYEQYF	TRBV30	TRBJ2-7
CSASFTGTGGYTF	TRBV20-1	TRBJ1-2
CASSQIITDTQYF	TRBV11-2	TRBJ2-3
CSVRRLTPDTQYF	TRBV20-1	TRBJ2-3
CAWSVRDRGAFF	TRBV30	TRBJ1-1
CSAQAGTGDEKLFF	TRBV20-1	TRBJ1-4
CASSSTGNTEAFF	TRBV6-6	TRBJ1-1
CASSAQQISGANVLTF	TRBV19	TRBJ2-6
CASRMRQGERDTQYF	TRBV6-4	TRBJ2-3
CASSINSELTDTQYF	TRBV19	TRBJ2-3
CSASPTSGGYEQYF	TRBV20-1	TRBJ2-7
CASYRNTEAFF	TRBV25-1	TRBJ1-1
CAWSVQGQSSGNTIYF	TRBV30	TRBJ1-3
CASSEYPPGGGFTDTQYF	TRBV25-1	TRBJ2-3
CASGLERDRVDEKLFF	TRBV12-5	TRBJ1-4
CASSPWEFSNYGYTF	TRBV12-3	TRBJ1-2
CASSYQSTGSDGYTF	TRBV6-2	TRBJ1-2
CASSYAPGQGANNEQFF	TRBV10-1	TRBJ2-1
CASSLGGLGNSPLHF	TRBV25-1	TRBJ1-6
CASSQPKGGTGGPGAFF	TRBV4-1	TRBJ1-1
CASSRLVNEQFF	TRBV6-1	TRBJ2-1
CSARDEGREKLFF	TRBV20-1	TRBJ1-4
CSARGRTGTYEQYF	TRBV20-1	TRBJ2-7
CASSQATGGPSYGYTF	TRBV3-1	TRBJ1-2
CSAVPGAGELFF	TRBV20-1	TRBJ2-2
CASSARAQDGQPQHF	TRBV12-3	TRBJ1-5
CSIGASTDTQYF	TRBV20-1	TRBJ2-3
CASSRITTGLTEAFF	TRBV4-1	TRBJ1-1
CASFLGGGFTGGYTF	TRBV28	TRBJ1-2
CASSEARGSNYGYTF	TRBV2	TRBJ1-2
CASSLGGVNTGELFF	TRBV11-2	TRBJ2-2
CSVPFPTSGVYEQYF	TRBV20-1	TRBJ2-7
CATSRGRAAGNNEQFF	TRBV15	TRBJ2-1
CASSQERFGSQTDTQYF	TRBV4-2	TRBJ2-3
CASSLRQQGGELFF	TRBV11-2	TRBJ2-2
CASSPGRGNTEAFF	TRBV6-5	TRBJ1-1
CSVERGVTDTQYF	TRBV29-1	TRBJ2-3
CASSQETGSSFNYGYTF	TRBV3-1	TRBJ1-2
CAIQGVMNTEAFF	TRBV10-3	TRBJ1-1
CASSGDRDFAPLHF	TRBV9	TRBJ1-6
CASSVPGHLKNIQYF	TRBV19	TRBJ2-4
CASGLVVGGPGMNTEAFF	TRBV12-5	TRBJ1-1
CSARVATSYNEQFF	TRBV20-1	TRBJ2-1
CASSTKRVQPPFYNEQFF	TRBV18	TRBJ2-1
CATGTVANYGYTF	TRBV6-5	TRBJ1-2
CSARDGISNAAFF	TRBV20-1	TRBJ1-1
CSAQRVGTGVFDGYTF	TRBV20-1	TRBJ1-2
CASSAGQGADTQYF	TRBV2	TRBJ2-3
CASTPGGQSGYTF	TRBV11-2	TRBJ1-2
CASSEGLNQPQHF	TRBV6-1	TRBJ1-5
CASSYSGPNSPLHF	TRBV6-6	TRBJ1-6
CATTGQRGSPLHF	TRBV19	TRBJ1-6
CASSYWGQGTQETQYF	TRBV6-6	TRBJ2-5
CASSRHLGQANTEAFF	TRBV6-5	TRBJ1-1
CASSSPLTDRYNEQFF	TRBV5-1	TRBJ2-1
CASSLAPPEQYF	TRBV5-1	TRBJ2-7
CASNNLAGGGFF	TRBV28	TRBJ2-1
CASSQDGSGQPYEQYF	TRBV3-1	TRBJ2-7
CASSLASSPLHF	TRBV3-1	TRBJ1-6
CASSPRTTSYEQYF	TRBV18	TRBJ2-7
CASSQSNEQFF	TRBV3-1	TRBJ2-1
CSAPRTGLPANYGYTF	TRBV20-1	TRBJ1-2
CASSFQGTGYTF	TRBV12-3	TRBJ1-2
CAWGPKGNQPQHF	TRBV30	TRBJ1-5
CSAREGTTQETQYF	TRBV20-1	TRBJ2-5
CSARDRITGAVYEQYF	TRBV20-1	TRBJ2-7
CASSLASAGYNEQFF	TRBV5-1	TRBJ2-1
CASSQGDRDTKSGYTF	TRBV3-1	TRBJ1-2
CAISEEDKGRTEAFF	TRBV10-3	TRBJ1-1
CASSRHRSSGNTIYF	TRBV6-5	TRBJ1-3
CSARFVGPNEQFF	TRBV20-1	TRBJ2-1
CAWTSTGFGYTF	TRBV30	TRBJ1-2
CASTVNYGYTF	TRBV6-1	TRBJ1-2
CASSRGGETQYF	TRBV4-2	TRBJ2-5
CASSVGVGNNYGYTF	TRBV9	TRBJ1-2
CASRTGMPNTGELFF	TRBV5-1	TRBJ2-2
CSATREGAPYEQYF	TRBV20-1	TRBJ2-7
CSARGLGSGGANEQFF	TRBV20-1	TRBJ2-1
CSISGGLGQPQHF	TRBV20-1	TRBJ1-5
CASSYPGRTLTDTQYF	TRBV5-6	TRBJ2-3
CASSPVAGESGEQYF	TRBV5-1	TRBJ2-7
CSARVIGVNEQFF	TRBV20-1	TRBJ2-1
CASSSGTGDEKLFF	TRBV5-1	TRBJ1-4
CASSLGAWGTAKNIQYF	TRBV7-2	TRBJ2-4
CASGLFSNQPQHF	TRBV12-5	TRBJ1-5
CASSNLVSGGGYNEQFF	TRBV18	TRBJ2-1
CSVGGQTEFYGYTF	TRBV29-1	TRBJ1-2
CASSRRVAASSYNEQFF	TRBV27	TRBJ2-1
CASSLGLAGIDTQYF	TRBV5-1	TRBJ2-3
CAWSAMGQPQHF	TRBV30	TRBJ1-5
CASSEIPNYGYTF	TRBV6-1	TRBJ1-2
CASSLFSGANVLTF	TRBV27	TRBJ2-6
CASSQGWAAGIPLRAFF	TRBV3-1	TRBJ1-1
CASSMGALRLNYEQYF	TRBV19	TRBJ2-7
CASSFTGTGIEAFF	TRBV3-1	TRBJ1-1
CSAEKKLLAGGPGNEQFF	TRBV20-1	TRBJ2-1
CSARDGGQPTYEQYF	TRBV20-1	TRBJ2-7
CASSFTTSGYQETQYF	TRBV5-1	TRBJ2-5
CSAAPTGTDEAFF	TRBV20-1	TRBJ1-1
CASSHTGSWTEQYF	TRBV7-6	TRBJ2-7
CASSLKLSGQYEQYF	TRBV12-3	TRBJ2-7
CASRRHGSDRTSYEQYF	TRBV6-5	TRBJ2-7
CASSEADRFHTF	TRBV6-1	TRBJ1-2
CASSHRQAGGPDEQFF	TRBV12-3	TRBJ2-1
CASSGNRGTEAFF	TRBV2	TRBJ1-1
CASSSSRDRGRGNQPQHF	TRBV28	TRBJ1-5
CASSQTSEQFF	TRBV11-2	TRBJ2-1
CASSVTGTGNTEAFF	TRBV9	TRBJ1-1
CASSLTQTGAAYTEAFF	TRBV4-1	TRBJ1-1
CASRPSGYEQYF	TRBV6-1	TRBJ2-7
CASSPHTGGEGYTF	TRBV5-1	TRBJ1-2
CASSXSCGPRMNTEAFF	TRBV7-6	TRBJ1-1
CATSDPTQGMRDTQYF	TRBV24-1	TRBJ2-3
CASSRPPSGYGYTF	TRBV28	TRBJ1-2
CATSDTGPSGRGKLFF	TRBV24-1	TRBJ1-4
CASSPFTGANYKDTQYF	TRBV6-5	TRBJ2-3
CATSREASGRAFNEQFF	TRBV15	TRBJ2-1
CASSGDSGRNQPQHF	TRBV6-1	TRBJ1-5
CASRTKLRDTRVSGNSPLHF	TRBV6-5	TRBJ1-6
CASSITANTEAFF	TRBV19	TRBJ1-1
CSAAPPDRGYDSKFF	TRBV20-1	TRBJ2-1
CASSTITGVNEQYF	TRBV19	TRBJ2-7
CASSSNQGPPGGPQHF	TRBV12-3	TRBJ1-5
CATLYDYGYTF	TRBV28	TRBJ1-2
CASSLQGSGTEAFF	TRBV3-1	TRBJ1-1
CSAVNRVLSGANVLTF	TRBV20-1	TRBJ2-6
CASTQLDRANGYTF	TRBV6-1	TRBJ1-2
CASSLYGASEQFF	TRBV5-1	TRBJ2-1
CASSINLGQGRGYTF	TRBV19	TRBJ1-2
CASKPLHYNEQFF	TRBV28	TRBJ2-1
CASSLTGTGDSDTQYF	TRBV12-3	TRBJ2-3
CASSFDREETQYF	TRBV11-1	TRBJ2-5
CSGILAGQETQYF	TRBV20-1	TRBJ2-5
CASSTRDGENTIYF	TRBV13	TRBJ1-3
CASSRGQGVTGELFF	TRBV4-1	TRBJ2-2
CSATDGNQPQHF	TRBV20-1	TRBJ1-5
CASSQVAPTGGYNSYNSPLHF	TRBV4-2	TRBJ1-6
CASSYGTSGPYEQYF	TRBV12-3	TRBJ2-7
CASSLRGSGQPQHF	TRBV3-1	TRBJ1-5
CASSQEGYTEAFF	TRBV3-1	TRBJ1-1
CASSPPGVGSYEQYF	TRBV12-3	TRBJ2-7
CSATRGLAGGRVGEQFF	TRBV20-1	TRBJ2-1
CASSQDISGGANEQFF	TRBV4-1	TRBJ2-1
CASSRHLSSGANVLTF	TRBV6-5	TRBJ2-6
CASSPSKGPGNTIYF	TRBV18	TRBJ1-3
CASSRVSMNTEAFF	TRBV19	TRBJ1-1
CASSRESNQPQHF	TRBV10-2	TRBJ1-5
CASGMAGIFLPGELFF	TRBV2	TRBJ2-2
CASSLQAVGNTEAFF	TRBV5-1	TRBJ1-1
CASSLTGQGRETQYF	TRBV5-1	TRBJ2-5
CASSLLGGGTGELFF	TRBV7-2	TRBJ2-2
CASSLGQSYEQYF	TRBV5-1	TRBJ2-7
CASSRLAGGSTYNEQFF	TRBV27	TRBJ2-1
CASSNTGQGSGGYTF	TRBV6-1	TRBJ1-2
CASSRGLAGAGGQFF	TRBV11-2	TRBJ2-1
CSARDMGRSSYEQYF	TRBV20-1	TRBJ2-7
CAWSVLAGTDTQYF	TRBV30	TRBJ2-3
CSVIRDGLTYEQYF	TRBV20-1	TRBJ2-7
CSANDGQSTDTQYF	TRBV20-1	TRBJ2-3
CASSQDPPGGLFYEQYF	TRBV3-1	TRBJ2-7
CSARDGGRVKGEAFF	TRBV20-1	TRBJ1-1
CASSFNEGRAGTEAFF	TRBV27	TRBJ1-1
CASSPGTGDYEQYF	TRBV2	TRBJ2-7
CASSLGTPQRPQYF	TRBV5-1	TRBJ2-3
CASSRHTGPKNTEAFF	TRBV6-5	TRBJ1-1
CATTGVGGNEQFF	TRBV2	TRBJ2-1
CAISEKDRAKGYEQYF	TRBV10-3	TRBJ2-7
CASSLFQGTAGNTIYF	TRBV7-2	TRBJ1-3
CASSEALGSGSYQPQHF	TRBV2	TRBJ1-5
CASSQGEVGAGGTDTQYF	TRBV4-2	TRBJ2-3
CASSLALITEAFF	TRBV7-6	TRBJ1-1
CAWRSSGNTIYF	TRBV30	TRBJ1-3
CANRQREVGGELFF	TRBV2	TRBJ2-2
CASSSRGAAMGGEQFF	TRBV11-2	TRBJ2-1
CASSGAVAYEQYF	TRBV6-1	TRBJ2-7
CSALGGGGALYEQYF	TRBV20-1	TRBJ2-7
CASSYSVPKSEQFF	TRBV6-5	TRBJ2-1
CASSLPPSQVYTEAFF	TRBV7-2	TRBJ1-1
CASSPGDGRRKLFF	TRBV3-1	TRBJ1-4
CSARQTGAGELFF	TRBV20-1	TRBJ2-2
CASNNRGHNEQFF	TRBV7-2	TRBJ2-1
CASRRGASNTGELFF	TRBV19	TRBJ2-2
CASSLNTYTEAFF	TRBV27	TRBJ1-1
CAITKGTSGMYEQYF	TRBV28	TRBJ2-7
CASSLQGDTGELFF	TRBV10-2	TRBJ2-2
CASSRGDQHGGTEAFF	TRBV11-2	TRBJ1-1
CASSSKQGQPQHF	TRBV14	TRBJ1-5
CASSRDRSGYEQYF	TRBV6-1	TRBJ2-7
CASRWLAGGNEQFF	TRBV27	TRBJ2-1
CSVEGVGTNKFF	TRBV29-1	TRBJ2-1
CASSSESPGQGEKLFF	TRBV7-2	TRBJ1-4
CASTGHYMNTEAFF	TRBV10-2	TRBJ1-1
CASSQQLADLYEQYF	TRBV4-2	TRBJ2-7
CSAWTDENTEAFF	TRBV20-1	TRBJ1-1
CASTGRDEQYF	TRBV6-6	TRBJ2-7
CASSRDLSGGTTYEQYF	TRBV6-5	TRBJ2-7
CASSYSIPGAGYTF	TRBV6-5	TRBJ1-2
CASSLLLAGALDTQYF	TRBV28	TRBJ2-3
CASSQDQGRGTGANVLTF	TRBV3-1	TRBJ2-6
CASSYGGGNQPQHF	TRBV19	TRBJ1-5
CACQNTGAYTGELFF	TRBV30	TRBJ2-2
CASYLVAGAVARSGANVLTF	TRBV12-3	TRBJ2-6
CASTPTRLGVYNEQFF	TRBV19	TRBJ2-1
CASLEGGTGGFYEQYF	TRBV2	TRBJ2-7
CSARLAMGVDTQYF	TRBV20-1	TRBJ2-3
CASSPYSSYNEQFF	TRBV28	TRBJ2-1
CASSLDGTAHSGANVLTF	TRBV5-1	TRBJ2-6
CASSPTTNYGYTF	TRBV6-5	TRBJ1-2
CASSLEQTGGGYTF	TRBV5-1	TRBJ1-2
CAWSPASRRPNYGYTF	TRBV30	TRBJ1-2
CASSYEQGGRTPLHF	TRBV6-5	TRBJ1-6
CSARRTGPNEQYF	TRBV20-1	TRBJ2-7
CASRTDSYEQYF	TRBV2	TRBJ2-7
CASSRHGATWEQYF	TRBV6-5	TRBJ2-7
CASSLTSTDWNTEAFF	TRBV5-1	TRBJ1-1
CATSRDLTGGLAEAFF	TRBV15	TRBJ1-1
CASSLGGASGANVLTF	TRBV11-3	TRBJ2-6
CAWSHAGGDSPLHF	TRBV30	TRBJ1-6
CASTGLSGGYTF	TRBV6-6	TRBJ1-2
CSASPGTGSYQPQHF	TRBV20-1	TRBJ1-5
CASSLVPGGQETQYF	TRBV5-1	TRBJ2-5
CSARARGAGELFF	TRBV20-1	TRBJ2-2
CASSFREGSNSGNTIYF	TRBV12-3	TRBJ1-3
CASSQERGDTQYF	TRBV3-1	TRBJ2-3
CSATGGSQPQHF	TRBV20-1	TRBJ1-5
CASSLDQTAYEQYF	TRBV28	TRBJ2-7
CATSRLAGSSYEQYF	TRBV15	TRBJ2-7
CASSQDRDGHSYNEQFF	TRBV3-1	TRBJ2-1
CASSQDWQYGTEAFF	TRBV3-1	TRBJ1-1
CSAGRQGGGETQYF	TRBV20-1	TRBJ2-5
CSARAQTRLAGWDTQYF	TRBV20-1	TRBJ2-3
CASSDPRSFYDQRDPSYEQYF	TRBV2	TRBJ2-7
CASRPHTSPQHF	TRBV12-3	TRBJ1-5
CASSLDSEGEKLFF	TRBV5-6	TRBJ1-4
CASSLGTTQGYEQYF	TRBV7-2	TRBJ2-7
CASSFPGAMYNEQFF	TRBV28	TRBJ2-1
CASRAHGTVTEAFF	TRBV6-5	TRBJ1-1
CASSVGGSGANVLTF	TRBV5-1	TRBJ2-6
CSAKNTGTTEAFF	TRBV20-1	TRBJ1-1
CASSQGSITQYF	TRBV14	TRBJ2-3
CSARDRTGDEKLFF	TRBV20-1	TRBJ1-4
CASSYSVPGAEQYF	TRBV6-5	TRBJ2-7
CASSYGGLAGLSDTQYF	TRBV6-6	TRBJ2-3
CASSKIVGGANTEAFF	TRBV28	TRBJ1-1
CASSLTSGGAKNIQYF	TRBV4-1	TRBJ2-4
CASSLEPDEKLFF	TRBV11-2	TRBJ1-4
CASRLGGLNTEAFF	TRBV6-5	TRBJ1-1
CASSPTPTEWNTEAFF	TRBV5-1	TRBJ1-1
CASSYPYQGDEQYF	TRBV6-2	TRBJ2-7
CASSMTSGSSEQYF	TRBV11-2	TRBJ2-7
CASSFNLKDSPLHF	TRBV11-1	TRBJ1-6
CASSALGLAGGPDTQYF	TRBV4-2	TRBJ2-3
CASSLEGVSTDTQYF	TRBV13	TRBJ2-3
CASSLEPEETQYF	TRBV11-2	TRBJ2-5
CASSLRTSRAYEQYF	TRBV4-1	TRBJ2-7
CACSRDASVNEQYF	TRBV2	TRBJ2-7
CASSTSRFGQETQYF	TRBV18	TRBJ2-5
CASSQDDRGFSGNTIYF	TRBV4-2	TRBJ1-3
CSAGGTNSYNEQFF	TRBV29-1	TRBJ2-1
CSARDRPQGSEKLFF	TRBV20-1	TRBJ1-4
CSASWGTNYGYTF	TRBV20-1	TRBJ1-2
CASSQRGGRNEQFF	TRBV3-1	TRBJ2-1
CSPLSGEKLFF	TRBV20-1	TRBJ1-4
CASSRDRNEQFF	TRBV10-1	TRBJ2-1
CASSPWALTPTNEKLFF	TRBV27	TRBJ1-4
CASSENIRGPYDETQYF	TRBV25-1	TRBJ2-5
CSVEGGQGADTQYF	TRBV29-1	TRBJ2-3
CASSLQGAGANVLTF	TRBV5-1	TRBJ2-6
CASSELKETQYF	TRBV2	TRBJ2-5
CSARVNRGLYGYTF	TRBV20-1	TRBJ1-2
CSARVIGINEQYF	TRBV20-1	TRBJ2-7
CASSEYRDRGPKDEQYF	TRBV25-1	TRBJ2-7
CASRKPGGGETQYF	TRBV27	TRBJ2-5
CASRRGDTDTQYF	TRBV2	TRBJ2-3
CSAPVARGTDTQYF	TRBV20-1	TRBJ2-3
CSARKDRYNEQFF	TRBV20-1	TRBJ2-1
CASSENYEQYF	TRBV25-1	TRBJ2-7
CASSQVEKLFF	TRBV3-1	TRBJ1-4
CASSQEGGLAGGKQYF	TRBV14	TRBJ2-7
CASRLDSGNEKLFF	TRBV6-1	TRBJ1-4
CASRRPGLAGGRSLLDTQYF	TRBV2	TRBJ2-3
CASSLADYGYTF	TRBV7-2	TRBJ1-2
CASSLEAGVNQPQHF	TRBV11-2	TRBJ1-5
CAAGVYMNTEAFF	TRBV2	TRBJ1-1
CASSQDNSGANEQFF	TRBV4-1	TRBJ2-1
CASNSGRSGEQFF	TRBV10-1	TRBJ2-1
CASSLEGLGSGYTF	TRBV11-2	TRBJ1-2
CASNREAEGYTF	TRBV2	TRBJ1-2
CASSQALPGANVLTF	TRBV4-1	TRBJ2-6
CASSPGGDEQFF	TRBV4-1	TRBJ2-1
CSATRGASGTSSYEQYF	TRBV20-1	TRBJ2-7
CASSQEGRGGRGEQFF	TRBV4-3	TRBJ2-1
CASSLVGGAKNIQYF	TRBV11-2	TRBJ2-4
CSAEWGFRTAGYTF	TRBV20-1	TRBJ1-2
CATSTLRLRPQHF	TRBV28	TRBJ1-5
CASRLTGGSSSPLHF	TRBV7-3	TRBJ1-6
CATSDPGSGESNEQFF	TRBV24-1	TRBJ2-1
CASSFVDSSYEQYF	TRBV11-2	TRBJ2-7
CSAEGQGVGSPLHF	TRBV20-1	TRBJ1-6
CASSRLGTEAFF	TRBV5-6	TRBJ1-1
CASRRQASGGSGQYF	TRBV10-2	TRBJ2-7
CSASGLAGAKKSYEQYF	TRBV20-1	TRBJ2-7
CASSQALPRDILSYEQYF	TRBV4-3	TRBJ2-7
CASGSGSTDTQYF	TRBV5-1	TRBJ2-3
CSAPLAGAPMADTQYF	TRBV20-1	TRBJ2-3
CASSQDASGANVLTF	TRBV3-1	TRBJ2-6
CASTPSGSSYNEQFF	TRBV9	TRBJ2-1
CASSYASGYPLYEQYF	TRBV27	TRBJ2-7
CSARGLLDNYGYTF	TRBV20-1	TRBJ1-2
CASSLGVNNEQFF	TRBV12-3	TRBJ2-1
CASSLTVGSSTTQYF	TRBV7-3	TRBJ2-3
CASSQTQGARGETQYF	TRBV3-1	TRBJ2-5
CSAFGPGADTQYF	TRBV20-1	TRBJ2-3
CASSEDRGSPLHF	TRBV27	TRBJ1-6
CASSALTGSNTEAFF	TRBV11-2	TRBJ1-1
CASSSRRGSYNEQFF	TRBV7-2	TRBJ2-1
CASSPPAGRNQPQHF	TRBV28	TRBJ1-5
CSARKGAYEKLFF	TRBV20-1	TRBJ1-4
CASSLFDRVFMGYTF	TRBV28	TRBJ1-2
CASSLGLWETQYF	TRBV7-2	TRBJ2-5
CATSEGPSEQFF	TRBV24-1	TRBJ2-1
CASSLLPRDRVIRDEQFF	TRBV18	TRBJ2-1
CASSEFLDRGLGYTF	TRBV25-1	TRBJ1-2
CSVEEPRGQPQHF	TRBV29-1	TRBJ1-5
CASTSGTANEKLFF	TRBV5-1	TRBJ1-4
CASSFGSGGVPGELFF	TRBV7-2	TRBJ2-2
CASSTAIGDRYF	TRBV14	TRBJ2-7
CASGLGQGGGADTQYF	TRBV12-5	TRBJ2-3
CASSVGQVTGELFF	TRBV9	TRBJ2-2
CAWRRGTAQSGANVLTF	TRBV30	TRBJ2-6
CSAPSGLQETQYF	TRBV20-1	TRBJ2-5
CASSSGRFTTEAFF	TRBV6-5	TRBJ1-1
CSARDTLGGSYNEQFF	TRBV20-1	TRBJ2-1
CASSLSSGGGTTGELFF	TRBV7-3	TRBJ2-2
CASSLADGPNYGYTF	TRBV5-1	TRBJ1-2
CASSSQTISNTGELFF	TRBV7-3	TRBJ2-2
CASTPQGAGNTIYF	TRBV6-6	TRBJ1-3
CASSLDSGNTIYF	TRBV5-1	TRBJ1-3
CSAREGGSPQETQYF	TRBV20-1	TRBJ2-5
CSASPQGVGLSGANVLTF	TRBV20-1	TRBJ2-6
CASSFHDRDGEKLFF	TRBV28	TRBJ1-4
CASSIAGNNEQFF	TRBV19	TRBJ2-1
CASSQGIGLAGEETQYF	TRBV4-1	TRBJ2-5
CASRGGGKSTEAFF	TRBV6-5	TRBJ1-1
CASSLGGPNTEAFF	TRBV7-2	TRBJ1-1
CASSPQHLNTEAFF	TRBV9	TRBJ1-1
CASSPTTGNQPQHF	TRBV6-6	TRBJ1-5
CASKLYSGVNTGELFF	TRBV2	TRBJ2-2
CATSRDASGPGDGYTF	TRBV15	TRBJ1-2
CSAKISPTTNEKLFF	TRBV20-1	TRBJ1-4
CASSSKGLAGGEQFF	TRBV7-3	TRBJ2-1
CASSFYERDTQYF	TRBV28	TRBJ2-3
CASSLDRAAGGSYEQYF	TRBV11-2	TRBJ2-7
CASADYNYGYTF	TRBV28	TRBJ1-2
CASSYSGLTEAFF	TRBV6-6	TRBJ1-1
CASSLAGLGSQFF	TRBV27	TRBJ2-1
CASSLRPYTAPYF	TRBV12-3	TRBJ2-3
CATVLQGEASGELFF	TRBV6-1	TRBJ2-2
CATSDPIAGEFGAEQFF	TRBV24-1	TRBJ2-1
CSASWDGNTIYF	TRBV20-1	TRBJ1-3
CASSVGRAGAGNTIYF	TRBV9	TRBJ1-3
CASSLVLAGGGEQYF	TRBV5-1	TRBJ2-7
CASSEALATQETQYF	TRBV6-1	TRBJ2-5
CASSLAFPDTQYF	TRBV12-3	TRBJ2-3
CASSSWTGATGELFF	TRBV11-3	TRBJ2-2
CASSLNWGNTEAFF	TRBV5-1	TRBJ1-1
CASSYRLIEKGEAFF	TRBV6-6	TRBJ1-1
CSYRGDTEAFF	TRBV20-1	TRBJ1-1
CASSPADTYTGELFF	TRBV5-1	TRBJ2-2
CASRPLRRTGGNYGYTF	TRBV11-2	TRBJ1-2
CASSLIREKLFF	TRBV13	TRBJ1-4
CSVERTGGALTEAFF	TRBV29-1	TRBJ1-1
CASSYTMGSYNEQFF	TRBV9	TRBJ2-1
CASSQGQVLNTEAFF	TRBV3-1	TRBJ1-1
CSARVTSGHEKEYF	TRBV20-1	TRBJ2-7
CASSPEHENEKLFF	TRBV18	TRBJ1-4
CSVEIAGAPGETQYF	TRBV29-1	TRBJ2-5
CASLSGPESSGNTIYF	TRBV18	TRBJ1-3
CASSEGPRGIYEQYF	TRBV2	TRBJ2-7
CSAPPVGNLEGETQYF	TRBV20-1	TRBJ2-5
CASSPRTGLYEQYF	TRBV11-1	TRBJ2-7
CASRSTGGVYGYTF	TRBV6-6	TRBJ1-2
CSARDPWATGNPGELFF	TRBV20-1	TRBJ2-2
CASSLGGGLGVNEQFF	TRBV5-1	TRBJ2-1
CSASNSRGAETQYF	TRBV20-1	TRBJ2-3
CASSPRGGRANIQYF	TRBV28	TRBJ2-4
CAISDQAGGPRTDTQYF	TRBV10-3	TRBJ2-3
CSVVPVRGADEQYF	TRBV29-1	TRBJ2-7
CATSQQGNQPQHF	TRBV24-1	TRBJ1-5
CASSLSGQGYGYTF	TRBV28	TRBJ1-2
CASSFSGTSGNNEQFF	TRBV5-1	TRBJ2-1
CASSQDGTQETQYF	TRBV3-1	TRBJ2-5
CSARASAYNEQFF	TRBV20-1	TRBJ2-1
CASSLDRVGSAGELFF	TRBV12-3	TRBJ2-2
CASSILGTSSTDTQYF	TRBV19	TRBJ2-3
CASSQGLRGAGGNTIYF	TRBV3-1	TRBJ1-3
CASSLGPLGYTF	TRBV5-6	TRBJ1-2
CASSLPVSTDTQYF	TRBV13	TRBJ2-3
CSALGVGDSPLHF	TRBV20-1	TRBJ1-6
CAWSQGARTDTQYF	TRBV30	TRBJ2-3
CSAETGGQSSGNTIYF	TRBV20-1	TRBJ1-3
CASSFGAVPYNSPLHF	TRBV12-3	TRBJ1-6
CASSQDVATGNEKLFF	TRBV3-1	TRBJ1-4
CASSPSQGPYEQYF	TRBV7-2	TRBJ2-7
CASTTPGGFWGYTF	TRBV6-5	TRBJ1-2
CASSRSQNSNQPQHF	TRBV2	TRBJ1-5
CSALGPTNYGYTF	TRBV20-1	TRBJ1-2
CSVEEPRHTEAFF	TRBV29-1	TRBJ1-1
CASGLVLGPPNTEAFF	TRBV12-5	TRBJ1-1
CASSLSDRGSYEQYF	TRBV11-2	TRBJ2-7
CASSDTDRATDTQYF	TRBV6-4	TRBJ2-3
CASSQVWASGRLYNEQFF	TRBV14	TRBJ2-1
CASSEGTGREQYF	TRBV19	TRBJ2-7
CASSESRYGQIFPYEQYF	TRBV10-1	TRBJ2-7
CSARDSSGPQHF	TRBV20-1	TRBJ1-5
CATSDSTPGTSGSRSSYNEQFF	TRBV24-1	TRBJ2-1
CASSFQGGDTEAFF	TRBV11-2	TRBJ1-1
CASGLVLGQGPTPQHF	TRBV12-5	TRBJ1-5
CSAREEPDQPQHF	TRBV20-1	TRBJ1-5
CASYPGTGLGEQYF	TRBV6-6	TRBJ2-7
CASSSVHDGANVLTF	TRBV7-2	TRBJ2-6
CASSLGPPGLEARDTQYF	TRBV4-3	TRBJ2-3
CASRTVRGRRGEKLFF	TRBV2	TRBJ1-4
CASSVSGNTEAFF	TRBV6-6	TRBJ1-1
CASSYPTSGRFYEQYF	TRBV6-6	TRBJ2-7
CASSPVLAGDTGELFF	TRBV18	TRBJ2-2
CASSLGGTDTQYF	TRBV5-1	TRBJ2-3
CASSLGAGGTEAFF	TRBV13	TRBJ1-1
CASSHPGQGQTQYF	TRBV4-1	TRBJ2-5
CASNAGLVKGSYEQYF	TRBV19	TRBJ2-7
CASSSGGPEDEQYF	TRBV5-1	TRBJ2-7
CSVDKGGNTEAFF	TRBV29-1	TRBJ1-1
CASKETSIFIYF	TRBV2	TRBJ2-7
CASSVGQGQETQYF	TRBV6-1	TRBJ2-5
CSVGGKGNQPQHF	TRBV20-1	TRBJ1-5
CASSSQADYGYTF	TRBV7-2	TRBJ1-2
CASSLGGVDQPQHF	TRBV5-1	TRBJ1-5
CASSIDQAGGGEQYF	TRBV19	TRBJ2-7
CASSLEGLAPDEQFF	TRBV5-1	TRBJ2-1
CASSLVTRGEAFF	TRBV5-6	TRBJ1-1
CASSAPGGVGGEQFF	TRBV9	TRBJ2-1
CASSLASVRGLTYEQYF	TRBV11-2	TRBJ2-7
CASSQRGENSPLHF	TRBV3-1	TRBJ1-6
CASTSGGGASGELFF	TRBV6-1	TRBJ2-2
CASSQYNEQFF	TRBV5-1	TRBJ2-1
CASSPPGLAGIRGSYNEQFF	TRBV12-3	TRBJ2-1
CASGLPRTGALGELFF	TRBV12-5	TRBJ2-2
CASTQTGTQYF	TRBV2	TRBJ2-5
CSAGGLAGYEQYF	TRBV20-1	TRBJ2-7
CASSYQAGVRAGELFF	TRBV7-3	TRBJ2-2
CASSQDGAGANVLTF	TRBV4-1	TRBJ2-6
CASSRDRGHYGYTF	TRBV5-1	TRBJ1-2
CASGQALAKNIQYF	TRBV2	TRBJ2-4
CSARAGSIAYEQYF	TRBV20-1	TRBJ2-7
CASSSGGRSFTNGYTF	TRBV19	TRBJ1-2
CASSLVAVATQNEQFF	TRBV7-2	TRBJ2-1
CASREERGAYNEQFF	TRBV2	TRBJ2-1
CSVSTGGSGANVLTF	TRBV29-1	TRBJ2-6
CASSYRQGQGGYEQYF	TRBV6-6	TRBJ2-7
CATLEMAEAFF	TRBV2	TRBJ1-1
CAWSRLASADTQYF	TRBV30	TRBJ2-3
CASSPLIVAGGSYNEQFF	TRBV6-1	TRBJ2-1
CASSPRTASGYTF	TRBV18	TRBJ1-2
CSARTINSGEYGYTF	TRBV20-1	TRBJ1-2
CASSFRYGESSYEQYF	TRBV28	TRBJ2-7
CASRTGGSSYEQYF	TRBV6-2	TRBJ2-7
CASSQDTLAASYEQYF	TRBV14	TRBJ2-7
CATSRVPGDRQETQYF	TRBV15	TRBJ2-5
CASSGSPTSGANVLTF	TRBV6-1	TRBJ2-6
CSVARDLNTEAFF	TRBV29-1	TRBJ1-1
CASSLNHPSWPGNTIYF	TRBV5-1	TRBJ1-3
CSAPLGGSFSYNEQFF	TRBV20-1	TRBJ2-1
CASSITPGQGGRDTQYF	TRBV19	TRBJ2-3
CASSSPGQGAHSYGYTF	TRBV28	TRBJ1-2
CSVEENRGDEQFF	TRBV29-1	TRBJ2-1
CASSPSLRREVYNEQFF	TRBV28	TRBJ2-1
CASSEVSSYTF	TRBV2	TRBJ1-2
CSASRGTGNTIYF	TRBV20-1	TRBJ1-3
CSARTGSKNIQYF	TRBV20-1	TRBJ2-4
CASSLLRRQGAPGELFF	TRBV28	TRBJ2-2
CASSYHSRSPRDNEQFF	TRBV28	TRBJ2-1
CAISDRTVYEQYF	TRBV10-3	TRBJ2-7
CASSYSRLRPDGYTF	TRBV6-5	TRBJ1-2
CASSQYRLFRGTYTGELFF	TRBV4-1	TRBJ2-2
CAWGRPRGISYEQYF	TRBV30	TRBJ2-7
CASSVSGTPGAKNIQYF	TRBV19	TRBJ2-4
CAISQDTDYGYTF	TRBV10-3	TRBJ1-2
CASSQQTFATNEKLFF	TRBV5-1	TRBJ1-4
CSAQTGGRIRNQPQHF	TRBV20-1	TRBJ1-5
CASSQAGALKPYEQYF	TRBV3-1	TRBJ2-7
CSARIGTFQETQYF	TRBV20-1	TRBJ2-5
CASSVRSGQRIEQYF	TRBV18	TRBJ2-7
CSAREGWLEKLFF	TRBV20-1	TRBJ1-4
CASSPVLRSKSSGNTIYF	TRBV4-1	TRBJ1-3
CASSSWGSNQPQHF	TRBV7-9	TRBJ1-5
CSARAREWEQYF	TRBV20-1	TRBJ2-7
CASSRAGTVNTGELFF	TRBV27	TRBJ2-2
CSVSPSGIGYYEQYF	TRBV29-1	TRBJ2-7
CSASRGPPLQGRDNQPQHF	TRBV20-1	TRBJ1-5
CASSVAGRSGNTIYF	TRBV9	TRBJ1-3
CASTSGATNSDTQYF	TRBV19	TRBJ2-3
CASSLEGSSRRQPQHF	TRBV7-2	TRBJ1-5
CASSSQRYNEQFF	TRBV7-2	TRBJ2-1
CASTSQPDRVDGYTF	TRBV28	TRBJ1-2
CASSLTQGVGYGYTF	TRBV7-2	TRBJ1-2
CASSPQQGANVLTF	TRBV9	TRBJ2-6
CASSLGGGPYGYTF	TRBV28	TRBJ1-2
CASSQAGKRAYEQYF	TRBV14	TRBJ2-7
CSARDGDLSGANVLTF	TRBV20-1	TRBJ2-6
CSAMGGQGTGELFF	TRBV20-1	TRBJ2-2
CSARDGGGHEKLFF	TRBV20-1	TRBJ1-4
CASSVRPSGGRDEQFF	TRBV9	TRBJ2-1
CASTDPWRLKYNEQFF	TRBV5-1	TRBJ2-1
CASSDGSTDTQYF	TRBV5-1	TRBJ2-3
CASSPRGTTDTQYF	TRBV11-2	TRBJ2-3
CASSSGTVNSPLHF	TRBV11-3	TRBJ1-6
CSARVPGRAGNTEAFF	TRBV20-1	TRBJ1-1
CSVETGKEAFF	TRBV29-1	TRBJ1-1
CASRGELRDTQYF	TRBV28	TRBJ2-3
CASSEGQGFSEGYTF	TRBV10-2	TRBJ1-2
CASRSSGGANVLTF	TRBV28	TRBJ2-6
CASSFSSQTGGYTF	TRBV12-3	TRBJ1-2
CSALGTDTQYF	TRBV20-1	TRBJ2-3
CSARPFRDREEQYF	TRBV20-1	TRBJ2-7
CASSPLQGASYGYTF	TRBV18	TRBJ1-2
CASSLGGSGRANTGELFF	TRBV11-2	TRBJ2-2
CASRANADTEAFF	TRBV2	TRBJ1-1
CASSHYPSTSMNEQFF	TRBV19	TRBJ2-1
CASSFLPQGAKNIQYF	TRBV27	TRBJ2-4
CASSLIQTGPQGYGYTF	TRBV5-1	TRBJ1-2
CASTLVSGSGGTEAFF	TRBV5-1	TRBJ1-1
CSGTSTDEQFF	TRBV29-1	TRBJ2-1
CSALHWTGYTF	TRBV20-1	TRBJ1-2
CASSQEAPRSGSIVADTQYF	TRBV4-1	TRBJ2-3
CASYTRGANVLTF	TRBV27	TRBJ2-6
CAISDRGHYEQYF	TRBV10-3	TRBJ2-7
CSAMGQGNTIYF	TRBV20-1	TRBJ1-3
CASSAWAGWIEKLFF	TRBV4-1	TRBJ1-4
CATTNTGGANTEAFF	TRBV19	TRBJ1-1
CASSLVGTHEQYF	TRBV12-3	TRBJ2-7
CSARVSRNLYEQYF	TRBV20-1	TRBJ2-7
CASSAGNFPYGYTF	TRBV12-3	TRBJ1-2
CSVWVGFRGYEQYF	TRBV29-1	TRBJ2-7
CSDQDRIAYGYTF	TRBV29-1	TRBJ1-2
CASSSAPAPSSYEQYF	TRBV9	TRBJ2-7
CSATNRGYEQYF	TRBV20-1	TRBJ2-7
CASRLRVRSWADTQYF	TRBV27	TRBJ2-3
CASSNGPGQGPDNEQFF	TRBV11-2	TRBJ2-1
CASSAGTVTEKLFF	TRBV18	TRBJ1-4
CASKVGGTNTGELFF	TRBV27	TRBJ2-2
CASSVGYSDTQYF	TRBV9	TRBJ2-3
CASSLRQPNEKLFF	TRBV5-1	TRBJ1-4
CASSLDAGVGEQFF	TRBV5-1	TRBJ2-1
CASRGWDGYTF	TRBV3-1	TRBJ1-2
CASSFGRVVGGYTF	TRBV5-6	TRBJ1-2
CASWGRRNEQFF	TRBV2	TRBJ2-1
CASSQVGRAFF	TRBV3-1	TRBJ1-1
CSAGVGAGAGGTQYF	TRBV20-1	TRBJ2-3
CASFLGGRTGELFF	TRBV6-1	TRBJ2-2
CASSQDVAQPQHF	TRBV3-1	TRBJ1-5
CASSPLAATSTDTQYF	TRBV2	TRBJ2-3
CASSQVSRGTVVSYGYTF	TRBV4-2	TRBJ1-2
CASSQVSQEGYTF	TRBV3-1	TRBJ1-2
CASRSHTGGAGQYF	TRBV28	TRBJ2-7
CSGLNTEAFF	TRBV29-1	TRBJ1-1
CASSSRQGGTDTQYF	TRBV2	TRBJ2-3
CASSPTEYRGGRGGTQYF	TRBV11-2	TRBJ2-3
CASRRTGEGAFF	TRBV6-5	TRBJ1-1
CASSVNRARISGELFF	TRBV2	TRBJ2-2
CASNGAGDAQYF	TRBV2	TRBJ2-5
CASSKQEPGDEAFF	TRBV4-1	TRBJ1-1
CASSRPGTGEWETQYF	TRBV4-1	TRBJ2-5
CASSIGTPGNSPLHF	TRBV19	TRBJ1-6
CASSWGGAGGYTF	TRBV12-3	TRBJ1-2
CSATRLGPYEQYF	TRBV20-1	TRBJ2-7
CASSLDVWGAQSTEAFF	TRBV11-2	TRBJ1-1
CASSQYTAAGELFF	TRBV3-1	TRBJ2-2
CATSDRNRGYNEQFF	TRBV24-1	TRBJ2-1
CSARDLPFRAKSPPYNEQFF	TRBV20-1	TRBJ2-1
CASSISGRISTDTQYF	TRBV3-1	TRBJ2-3
CASGGQNTEAFF	TRBV2	TRBJ1-1
CASRKASGHTDTQYF	TRBV28	TRBJ2-3
CASTQGGGVGNTEAFF	TRBV6-6	TRBJ1-1
CASSDPGLAGASTDTQYF	TRBV10-1	TRBJ2-3
CASSLGGTLYTGELFF	TRBV7-6	TRBJ2-2
CAISRDRSYGYTF	TRBV10-3	TRBJ1-2
CASSGIAGVSTDTQYF	TRBV19	TRBJ2-3
CASSNRGRTNTEAFF	TRBV5-1	TRBJ1-1
CASSKQAGGPDNEQFF	TRBV7-3	TRBJ2-1
CASVGSGANVLTF	TRBV19	TRBJ2-6
CASSLRAATSTDTQYF	TRBV2	TRBJ2-3
CASSSTGGYGYTF	TRBV12-3	TRBJ1-2
CASSSRGGRAPDTQYF	TRBV12-3	TRBJ2-3
CSAPQGSSGDEQFF	TRBV20-1	TRBJ2-1
CASSVGLAGVETQYF	TRBV9	TRBJ2-5
CASSDVWTSSYEQYF	TRBV6-1	TRBJ2-7
CASTWGTSGRVYNEQFF	TRBV12-3	TRBJ2-1
CASSLSPGMSNTEAFF	TRBV7-3	TRBJ1-1
CASSRLHPDTQYF	TRBV4-1	TRBJ2-3
CASSLGEAYGYTF	TRBV5-1	TRBJ1-2
CSGQVNEQFF	TRBV29-1	TRBJ2-1
CASSRDSGQETQYF	TRBV5-1	TRBJ2-5
CSVEDSESWSSGNTIYF	TRBV29-1	TRBJ1-3
CSVGSGWGMDTEAFF	TRBV29-1	TRBJ1-1
CASSLDTSGAQGREQYF	TRBV7-6	TRBJ2-7
CASRRGLGNTEAFF	TRBV27	TRBJ1-1
CASSTPSGSLSGELFF	TRBV19	TRBJ2-2
CASSLAGVETQYF	TRBV12-3	TRBJ2-5
CASRPLESGTDTQYF	TRBV6-5	TRBJ2-3
CSVLITGAGANVLTF	TRBV29-1	TRBJ2-6
CSVEGGAGISEQYF	TRBV29-1	TRBJ2-7
CASSISGVGADTQYF	TRBV27	TRBJ2-3
CSAGVLADTQYF	TRBV20-1	TRBJ2-3
CASSKLPGETQYF	TRBV7-6	TRBJ2-5
CASSDQLDRGRGNTDTQYF	TRBV25-1	TRBJ2-3
CSVAREQGTQYF	TRBV29-1	TRBJ2-3
CASSSGANVLTF	TRBV6-5	TRBJ2-6
CASSQVRSRTTQAKNIQYF	TRBV4-1	TRBJ2-4
CANDPGMTNSPLHF	TRBV2	TRBJ1-6
CATSRVRGSTEAFF	TRBV15	TRBJ1-1
CSARHSGQFYEQYF	TRBV20-1	TRBJ2-7
CASSGGDGNEKLFF	TRBV2	TRBJ1-4
CASRSIIGTGDYEQYF	TRBV4-1	TRBJ2-7
CSARNRDYGYTF	TRBV20-1	TRBJ1-2
CASSESWGEQYF	TRBV10-2	TRBJ2-7
CSARTAGRGDTQYF	TRBV20-1	TRBJ2-3
CASSVGAGRETQYF	TRBV9	TRBJ2-5
CASSLPGQKIYEQYF	TRBV19	TRBJ2-7
CAWTAGDSTDTQYF	TRBV30	TRBJ2-3
CASSPGGYGYTF	TRBV19	TRBJ1-2
CSARIPAGGRDTQYF	TRBV20-1	TRBJ2-3
CASTEAGETEAFF	TRBV2	TRBJ1-1
CSVDTDTQYF	TRBV29-1	TRBJ2-3
CSAMTGGGPTGELFF	TRBV29-1	TRBJ2-2
CSVVGGRGTTEAFF	TRBV29-1	TRBJ1-1
CATSRESAGRVNEQYF	TRBV15	TRBJ2-7
CASSKPTQGHTEAFF	TRBV6-5	TRBJ1-1
CAWNILGQNYNEQFF	TRBV30	TRBJ2-1
CASSSTGHPNYGYTF	TRBV6-5	TRBJ1-2
CASSDTQGRGTEAFF	TRBV25-1	TRBJ1-1
CASTPRVTTEAFF	TRBV12-3	TRBJ1-1
CASSLAFQASGNTIYF	TRBV11-2	TRBJ1-3
CSAMGQSAYGYTF	TRBV20-1	TRBJ1-2
CASSVRVRAEAFF	TRBV10-2	TRBJ1-1
CASDLGSQETQYF	TRBV6-1	TRBJ2-5
CASSLTLLEQFF	TRBV13	TRBJ2-1
CASSWGQGANGYTF	TRBV27	TRBJ1-2
CASSPGQDGNTIYF	TRBV6-6	TRBJ1-3
CAWSPVRGHGVGETQYF	TRBV30	TRBJ2-5
CASSFGERYGYTF	TRBV28	TRBJ1-2
CASSQELGAPGQISSGNTIYF	TRBV4-2	TRBJ1-3
CASSRLRDKGSNSPLHF	TRBV19	TRBJ1-6
CASSQATGELFF	TRBV3-1	TRBJ2-2
CASSLLRESPLHF	TRBV12-3	TRBJ1-6
CATSDAREDYTDTQYF	TRBV24-1	TRBJ2-3
CATSRDLPSLTLVNTEAFF	TRBV15	TRBJ1-1
CATGQLGLTEKLFF	TRBV15	TRBJ1-4
CASSSEPEETQYF	TRBV11-2	TRBJ2-5
CSATLSSDTQYF	TRBV20-1	TRBJ2-3
CSVTQGAARGYTF	TRBV20-1	TRBJ1-2
CASSEVGDNSPLHF	TRBV2	TRBJ1-6
CSARAEGAWSQPQHF	TRBV20-1	TRBJ1-5
CSVAGETQYF	TRBV29-1	TRBJ2-5
CSAGGTSNEQFF	TRBV20-1	TRBJ2-1
CATRPVLHEQYF	TRBV10-3	TRBJ2-7
CASSPSGATDTQYF	TRBV5-1	TRBJ2-3
CSATRLAGGQGETQYF	TRBV20-1	TRBJ2-5
CASTGSGANVLTF	TRBV4-1	TRBJ2-6
CASSGETEAFF	TRBV2	TRBJ1-1
CASSVDGLAGVKGEQYF	TRBV9	TRBJ2-7
CASSLAGTEKLFF	TRBV12-3	TRBJ1-4
CSANGLAGSDTQYF	TRBV20-1	TRBJ2-3
CASSSLSWGSSYEQYF	TRBV12-3	TRBJ2-7
CSIRTELAKNIQYF	TRBV29-1	TRBJ2-4
CASRSIRGSGELFF	TRBV2	TRBJ2-2
CASSYGGVGETQYF	TRBV6-5	TRBJ2-5
CASRTISGRGSYNEQFF	TRBV11-2	TRBJ2-1
CASRHLSGGPSYEQYF	TRBV5-1	TRBJ2-7
CSATGDRAMNTEAFF	TRBV20-1	TRBJ1-1
CASSLWGALNEKLFF	TRBV5-6	TRBJ1-4
CASRMDRRIGGYTF	TRBV6-1	TRBJ1-2
CASSSNGILETQYF	TRBV5-1	TRBJ2-5
CASSLVLTHEQYF	TRBV12-3	TRBJ2-7
CASSFQGSSYEQYF	TRBV5-1	TRBJ2-7
CASSYSRAGGRFFGTGELFF	TRBV6-5	TRBJ2-2
CSARTGGTGELFF	TRBV29-1	TRBJ2-2
CASSQDRGRGRYGYTF	TRBV4-1	TRBJ1-2
CASSYWDSISGNTIYF	TRBV6-5	TRBJ1-3
CASRVPGRRNTEAFF	TRBV11-2	TRBJ1-1
CASSFSSTGSPQHF	TRBV5-6	TRBJ1-5
CSVEGGSGANVLTF	TRBV29-1	TRBJ2-6
CASSFWGATTDTQYF	TRBV27	TRBJ2-3
CASSSEAPGGANSGNTIYF	TRBV7-6	TRBJ1-3
CASSIDSQTNYEQYF	TRBV19	TRBJ2-7
CSVNQQGAGGYTF	TRBV29-1	TRBJ1-2
CASSRSSGNTGELFF	TRBV19	TRBJ2-2
CASSRDRVVEQYF	TRBV12-3	TRBJ2-7
CASMRDTFSNQPQHF	TRBV6-1	TRBJ1-5
CASQDESTQYF	TRBV6-5	TRBJ2-3
CASRDYNGDGYTF	TRBV28	TRBJ1-2
CASSLYEFPSTDTQYF	TRBV5-1	TRBJ2-3
CASNTASRELFF	TRBV2	TRBJ2-2
CASSTGAGPQHF	TRBV2	TRBJ1-5
CASSLGPGQGSSETQYF	TRBV11-1	TRBJ2-5
CASSMPPYYNEQFF	TRBV19	TRBJ2-1
CASSLATLLIGTSGSIPDTQYF	TRBV5-1	TRBJ2-3
CASSDSSGANVLTF	TRBV6-4	TRBJ2-6
CASSLNVFGAQGYEQYF	TRBV7-6	TRBJ2-7
CASSPQGAGKKKLFF	TRBV6-5	TRBJ1-4
CAWSRQGGAGDNEQFF	TRBV30	TRBJ2-1
CASSAQTGNRETQYF	TRBV2	TRBJ2-5
CAWSEGSGGGTQYF	TRBV30	TRBJ2-5
CASTEVGNNEQFF	TRBV5-1	TRBJ2-1
CASSEALQGAYGYTF	TRBV6-1	TRBJ1-2
CASSEGSYSPLHF	TRBV2	TRBJ1-6
CASSGAGVEIYNEQFF	TRBV25-1	TRBJ2-1
CASSLRSGVTDTQYF	TRBV12-3	TRBJ2-3
CASSQDLVFGQNNYGYTF	TRBV3-1	TRBJ1-2
CSARDLGRSYNEQFF	TRBV20-1	TRBJ2-1
CSVVPGALTLGYTF	TRBV29-1	TRBJ1-2
CASSRGGEETQYF	TRBV7-2	TRBJ2-5
CASRRRGETQYF	TRBV5-1	TRBJ2-5
CARAPSGFTDTQYF	TRBV2	TRBJ2-3
CASSWRGQKQETQYF	TRBV11-2	TRBJ2-5
CASSLVDSYNSPLHF	TRBV3-1	TRBJ1-6
CSAKTGGINTIYF	TRBV20-1	TRBJ1-3
CSARVSGSFIEQYF	TRBV20-1	TRBJ2-7
CASSAGGAGNTIYF	TRBV11-3	TRBJ1-3
CASSFEVNGYTF	TRBV28	TRBJ1-2
CASSRQGGAYNYGYTF	TRBV5-6	TRBJ1-2
CASGLVLGTGGLTDYGYTF	TRBV12-5	TRBJ1-2
CASSPFRKGAIYEQYF	TRBV18	TRBJ2-7
CASSLGGGIDLVRAFF	TRBV12-3	TRBJ1-1
CASSLAGSQETQYF	TRBV5-1	TRBJ2-5
CSVFVTDEAFF	TRBV29-1	TRBJ1-1
CSASSGTTDTQYF	TRBV20-1	TRBJ2-3
CSARDSSRLVDVYEQYF	TRBV20-1	TRBJ2-7
CASSSDRPGDTQYF	TRBV12-3	TRBJ2-3
CASSQMQAPGLNEQYF	TRBV2	TRBJ2-7
CSAIVGPREGYTF	TRBV20-1	TRBJ1-2
CASALRLAGSSYEQYF	TRBV12-5	TRBJ2-7
CASSPPRYGGKLFF	TRBV3-1	TRBJ1-4
CASSLQGGTDTQYF	TRBV27	TRBJ2-3
CASSFGLAGTDNEQFF	TRBV5-6	TRBJ2-1
CAVGSGANVLTF	TRBV28	TRBJ2-6
CASSFRVPMVVVSTDTQYF	TRBV12-3	TRBJ2-3
CASRPTIGGAQENTIYF	TRBV2	TRBJ1-3
CASSLLLNPLGYTF	TRBV28	TRBJ1-2
CASSEVMLLGGNTQYF	TRBV6-1	TRBJ2-3
CSARPDYYGYTF	TRBV20-1	TRBJ1-2
CASSPASGGTVETQYF	TRBV25-1	TRBJ2-5
CASSLGWGMNTEAFF	TRBV7-2	TRBJ1-1
CASSSLRRTRGTDTQYF	TRBV7-9	TRBJ2-3
CASLWFGGENEQFF	TRBV2	TRBJ2-1
CATSDLTGYGYTF	TRBV24-1	TRBJ1-2
CASNIHSGATSTDTQYF	TRBV19	TRBJ2-3
CSVEGPRRDTQYF	TRBV29-1	TRBJ2-3
CASSSSGRSEQYF	TRBV7-3	TRBJ2-7
CASSYLSRPSTDTQYF	TRBV14	TRBJ2-3
CASRRGPPGTEAFF	TRBV12-3	TRBJ1-1
CASSHRAGMNTEAFF	TRBV27	TRBJ1-1
CSAGTGGFNEQFF	TRBV20-1	TRBJ2-1
CASSFRQNNSPLHF	TRBV13	TRBJ1-6
CSVEPGWAMNTEAFF	TRBV29-1	TRBJ1-1
CASSQDWWGAQDEQFF	TRBV4-1	TRBJ2-1
CASSGGSGNTIYF	TRBV3-1	TRBJ1-3
CASSPGGETQYF	TRBV5-1	TRBJ2-5
CSARGGLDNEQFF	TRBV20-1	TRBJ2-1
CATSLQGGPNNEQFF	TRBV24-1	TRBJ2-1
CASSQQDSSNSPLHF	TRBV3-1	TRBJ1-6
CASSPVDSGGYTF	TRBV12-3	TRBJ1-2
CASSQDRGETQYF	TRBV4-1	TRBJ2-5
CASSLTGSNQPQHF	TRBV12-3	TRBJ1-5
CSARDPQSNSPLHF	TRBV20-1	TRBJ1-6
CASSQEPGTVRFPLHF	TRBV4-1	TRBJ1-6
CASSLREGGELFF	TRBV6-1	TRBJ2-2
CSALLWAGNHEQYF	TRBV20-1	TRBJ2-7
CASSLQVGGETQYF	TRBV7-2	TRBJ2-5
CASSTIQGRGSPLHF	TRBV11-2	TRBJ1-6
CASGGGWYEQYF	TRBV10-2	TRBJ2-7
CASSLGDGNQPQHF	TRBV2	TRBJ1-5
CASSQDLDRGNTIYF	TRBV4-2	TRBJ1-3
CASRVSGRGIAGNSPLHF	TRBV4-2	TRBJ1-6
CASSSRTGKGTQYF	TRBV28	TRBJ2-5
CASSLWGKGELFF	TRBV28	TRBJ2-2
CASSGNKGRNIQYF	TRBV28	TRBJ2-4
CASGRGGDIYEQYF	TRBV6-6	TRBJ2-7
CASSSQGPGELFF	TRBV3-1	TRBJ2-2
CATSREKTGAIAEQYF	TRBV15	TRBJ2-7
CASSIKGDQPQHF	TRBV19	TRBJ1-5
CASSEWGTGGLNSPLHF	TRBV2	TRBJ1-6
CASSFSGGADTQYF	TRBV7-2	TRBJ2-3
CSVFSGEYEQYF	TRBV20-1	TRBJ2-7
CAWESGQGAYEQYF	TRBV30	TRBJ2-7
CASSLIYGTGGYEQYF	TRBV28	TRBJ2-7
CATSPIAGGPDTQYF	TRBV10-3	TRBJ2-3
CASSYSGQGDYGYTF	TRBV6-6	TRBJ1-2
CASSLLAGGGREQFF	TRBV5-1	TRBJ2-1
CASSNPGRSSPLHF	TRBV6-5	TRBJ1-6
CSAREVKLNSPLHF	TRBV20-1	TRBJ1-6
CASSLYFGQPQHF	TRBV6-5	TRBJ1-5
CASSQDRGREQYF	TRBV4-3	TRBJ2-7
CASSRIQGTEAFF	TRBV4-1	TRBJ1-1
CASSENRDTYEQYF	TRBV25-1	TRBJ2-7
CASSLDRRSMKDYGYTF	TRBV7-6	TRBJ1-2
CSAAPGWGMNTEAFF	TRBV29-1	TRBJ1-1
CATSRAFLEPQHF	TRBV15	TRBJ1-5
CASSWGRLAGEGEQFF	TRBV5-1	TRBJ2-1
CASSLQSGGGETQYF	TRBV7-2	TRBJ2-5
CASSWNLGGFNQPQHF	TRBV6-1	TRBJ1-5
CASSEGTVNNSPLHF	TRBV11-2	TRBJ1-6
CAWSHSGSSGANVLTF	TRBV30	TRBJ2-6
CASSQGLADTQYF	TRBV3-1	TRBJ2-3
CASSPGQGFGQPQHF	TRBV6-5	TRBJ1-5
CSARRGAMNTEAFF	TRBV20-1	TRBJ1-1
CASSQDSWVYNLTRRSTDTQYF	TRBV4-3	TRBJ2-3
CASSGQGGNTEAFF	TRBV5-1	TRBJ1-1
CASSLWGRNNQETQYF	TRBV28	TRBJ2-5
CASSRNLGQGTNEQYF	TRBV4-2	TRBJ2-7
CSARPGHGTGWAFF	TRBV20-1	TRBJ1-1
CASSRFGQAINEKLFF	TRBV4-1	TRBJ1-4
CSARDFVVTDTQYF	TRBV20-1	TRBJ2-3
CSATTRTVYNEQFF	TRBV20-1	TRBJ2-1
CASSLAQVEDHF	TRBV5-6	TRBJ1-6
CASNLPGGGAYTGELFF	TRBV19	TRBJ2-2
CASSLRRDRVSYNEQFF	TRBV28	TRBJ2-1
CASSLGPAGNTIYF	TRBV25-1	TRBJ1-3
CASSFAGQNTEAFF	TRBV7-2	TRBJ1-1
CAISESRGRDEKLFF	TRBV10-3	TRBJ1-4
CASSPPIQVGWRETQYF	TRBV18	TRBJ2-5
CASSLASLAKNIQYF	TRBV5-1	TRBJ2-4
CASYDLDTRHNSPLHF	TRBV2	TRBJ1-6
CASSHLGQTEKLFF	TRBV4-1	TRBJ1-4
CASSRQGPNEKLFF	TRBV4-3	TRBJ1-4
CASSIALLIQGKGVNQPQHF	TRBV19	TRBJ1-5
CASSGQGGHGSEAFF	TRBV2	TRBJ1-1
CASSEQGVFYEQYF	TRBV2	TRBJ2-7
CASLYGFSNTEAFF	TRBV12-3	TRBJ1-1
CASSLQLGLYEQYF	TRBV27	TRBJ2-7
CASSLVSENTEAFF	TRBV5-1	TRBJ1-1
CSVRHPVTDTQYF	TRBV29-1	TRBJ2-3
CASSKAETQYF	TRBV6-2	TRBJ2-5
CSARTMRTSSYEQYF	TRBV20-1	TRBJ2-7
CASSRQGAGEKLFF	TRBV28	TRBJ1-4
CSAYRDSGNQPQHF	TRBV20-1	TRBJ1-5
CASSPAGGYTEAFF	TRBV18	TRBJ1-1
CASSLTPGGGESYNEQFF	TRBV11-2	TRBJ2-1
CASRDSTERYSNQPQHF	TRBV19	TRBJ1-5
CASSLIGNTGELFF	TRBV12-3	TRBJ2-2
CSAPTGLAGGEQFF	TRBV20-1	TRBJ2-1
CASSPSPGQATYEQYF	TRBV7-2	TRBJ2-7
CASSFSAGGHTDTQYF	TRBV12-3	TRBJ2-3
CASSQKPLRTGPSTDTQYF	TRBV12-3	TRBJ2-3
CSAGRPQHF	TRBV20-1	TRBJ1-5
CASRSNRGQGINTEAFF	TRBV4-1	TRBJ1-1
CASSPNPGQASREQYF	TRBV18	TRBJ2-7
CASSLEWGSNYGYTF	TRBV5-1	TRBJ1-2
CASSSGQLYGYTF	TRBV3-1	TRBJ1-2
CASSHRAGIGEKLFF	TRBV13	TRBJ1-4
CASSHDQGASEQYF	TRBV4-1	TRBJ2-7
CASSPPGLSYGYTF	TRBV28	TRBJ1-2
CASSGKSSGRLDEQFF	TRBV19	TRBJ2-1
CASSQVGLGGGNQPQHF	TRBV4-2	TRBJ1-5
CASSTGTSTDTQYF	TRBV6-6	TRBJ2-3
CASSPFRTGTNEKLFF	TRBV3-1	TRBJ1-4
CASRDRGSQETQYF	TRBV12-3	TRBJ2-5
CSAEGQRYEQYF	TRBV20-1	TRBJ2-7
CATSRDTDTQYF	TRBV15	TRBJ2-3
CSARDLRGDGNTIYF	TRBV20-1	TRBJ1-3
CASSSQGQGGYEQYF	TRBV7-2	TRBJ2-7
CASSGLAGGKTSSYEQYF	TRBV18	TRBJ2-7
CASGLVVAGGPPGELFF	TRBV12-5	TRBJ2-2
CASSSYGTGKSMNTEAFF	TRBV7-2	TRBJ1-1
CSAGDKRGGGEQFF	TRBV20-1	TRBJ2-1
CAWGQGGNSPLHF	TRBV30	TRBJ1-6
CASTPGLAGAYNEQFF	TRBV6-2	TRBJ2-1
CASSQKYGGNYEQYF	TRBV7-2	TRBJ2-7
CASSLTGVQSGELFF	TRBV7-3	TRBJ2-2
CASSQGDRGETQYF	TRBV4-1	TRBJ2-5
CAISDGTGPYEQYF	TRBV10-3	TRBJ2-7
CASSSGTLSREKLFF	TRBV9	TRBJ1-4
CASSDWEFRTDTQYF	TRBV10-2	TRBJ2-3
CASSDEAAYEQYF	TRBV25-1	TRBJ2-7
CASSNLAGGQSYEQYF	TRBV19	TRBJ2-7
CASSLDGGRNTEAFF	TRBV5-6	TRBJ1-1
CASSSRRGRGEQYF	TRBV12-3	TRBJ2-7
CASSLALLQGTDTQYF	TRBV11-1	TRBJ2-3
CASSHPARDRYQPQHF	TRBV4-1	TRBJ1-5
CASSFGGDSYEQYF	TRBV28	TRBJ2-7
CASSPHTDTQYF	TRBV3-1	TRBJ2-3
CASSSGQGLRNIQYF	TRBV28	TRBJ2-4
CASSFRWDLVPYEQYF	TRBV11-2	TRBJ2-7
CASSTDRGHTEAFF	TRBV5-6	TRBJ1-1
CASSYPRQGSSYNEQFF	TRBV6-2	TRBJ2-1
CATSIIGLADQFF	TRBV15	TRBJ2-1
CASSLGSVSQPQHF	TRBV12-3	TRBJ1-5
CASSERQFNIQYF	TRBV2	TRBJ2-4
CASSAFTSPYNEQFF	TRBV2	TRBJ2-1
CASSQVIQETQYF	TRBV4-1	TRBJ2-5
CASSQEEGANTEAFF	TRBV4-3	TRBJ1-1
CASSQGWTESYGYTF	TRBV16	TRBJ1-2
CASSLNGQGLYTEAFF	TRBV5-1	TRBJ1-1
CSVPGLAGTDGELFF	TRBV29-1	TRBJ2-2
CAWSAWDGQETQYF	TRBV30	TRBJ2-5
CASSPTLAGGSELFF	TRBV3-1	TRBJ2-2
CASSHGTSGGRATDTQYF	TRBV11-1	TRBJ2-3
CASREFRGGNNEQFF	TRBV2	TRBJ2-1
CASSRTGEVRTEAFF	TRBV7-9	TRBJ1-1
CASRRLEANVLTF	TRBV2	TRBJ2-6
CASSIAGGSYEQYF	TRBV19	TRBJ2-7
CSATRLAGGGSSYNEQFF	TRBV20-1	TRBJ2-1
CASRKGTFSSAFF	TRBV6-5	TRBJ1-1
CASSSGTGYQSSYNEQFF	TRBV7-2	TRBJ2-1
CASSAGQVGGRGNTIYF	TRBV4-1	TRBJ1-3
CASSIRRPGGMSPLHF	TRBV6-2	TRBJ1-6
CASSLGAGDTGELFF	TRBV5-1	TRBJ2-2
CSARVTGQNIQYF	TRBV20-1	TRBJ2-4
CASRTWISGKDEQFF	TRBV27	TRBJ2-1
CSVGSSGQETQYF	TRBV29-1	TRBJ2-5
CSVQNTEAFF	TRBV29-1	TRBJ1-1
CASSQGTGDFLKRPQYF	TRBV4-1	TRBJ2-5
CAWSEIRHVSELRVF	TRBV30	TRBJ1-1
CASSSLAFYEQYF	TRBV11-2	TRBJ2-7
CASSEEGTSNTEAFF	TRBV2	TRBJ1-1
CSARDLRDSSPLHF	TRBV20-1	TRBJ1-6
CASSFGVAGSNEQFF	TRBV5-1	TRBJ2-1
CASSVAGYEQYF	TRBV3-1	TRBJ2-7
CASSPNVPGQGNSGNTIYF	TRBV18	TRBJ1-3
CASGLVLAGGPLEQFF	TRBV12-5	TRBJ2-1
CASSELDTDTQYF	TRBV2	TRBJ2-3
CSARNRQGENEKLFF	TRBV20-1	TRBJ1-4
CASSQDYLGPTAADTQYF	TRBV3-1	TRBJ2-3
CATGTGDHNEQFF	TRBV19	TRBJ2-1
CASSVADRVNSPLHF	TRBV9	TRBJ1-6
CASSEWTGGDGNTIYF	TRBV11-2	TRBJ1-3
CASGGQLNYGYTF	TRBV10-2	TRBJ1-2
CAWSATNLRTGLLGNTIYF	TRBV30	TRBJ1-3
CASSSLRGPGTSEQYF	TRBV11-2	TRBJ2-7
CASTWDTAGQPQHF	TRBV19	TRBJ1-5
CASSQDLVSGGYNEQFF	TRBV3-1	TRBJ2-1
CSALTGGRSYEQYF	TRBV20-1	TRBJ2-7
CSAPGQGYNQPQHF	TRBV20-1	TRBJ1-5
CASSLRSDRSYNEQFF	TRBV11-2	TRBJ2-1
CASWRVLTNEKLFF	TRBV6-6	TRBJ1-4
CASSQETLGANVLTF	TRBV4-2	TRBJ2-6
CASNPGTGGEQYF	TRBV2	TRBJ2-7
CSARSPQGHEQYF	TRBV20-1	TRBJ2-7
CASVLWGPNSPLHF	TRBV12-5	TRBJ1-6
CASSQVMGQPNTGELFF	TRBV4-1	TRBJ2-2
CSAVRAGLEVGELFF	TRBV20-1	TRBJ2-2
CATSFRAGELFF	TRBV24-1	TRBJ2-2
CAWRASRGTDTQYF	TRBV30	TRBJ2-3
CASSPGITRNTIYF	TRBV11-2	TRBJ1-3
CASSHRFSTDTQYF	TRBV3-1	TRBJ2-3
CASSSGTGSYEQYF	TRBV7-2	TRBJ2-7
CASSELGLYGYTF	TRBV2	TRBJ1-2
CASARYETQYF	TRBV28	TRBJ2-5
CASREDVAANIQYF	TRBV6-1	TRBJ2-4
CASSQQTGPGEKLFF	TRBV4-1	TRBJ1-4
CSARDAGGTDTQYF	TRBV20-1	TRBJ2-3
CATALGPTRGEQFF	TRBV24-1	TRBJ2-1
CASSRNAGPNGYTF	TRBV7-2	TRBJ1-2
CASSSSWKEGLEQYF	TRBV9	TRBJ2-7
CASSSDTNYGYTF	TRBV7-2	TRBJ1-2
CSASTSRDPYEQYF	TRBV20-1	TRBJ2-7
CASSVTETQYF	TRBV25-1	TRBJ2-5
CASRTGRGYGYTF	TRBV6-1	TRBJ1-2
CATSRDFWGQGVWADYEQYF	TRBV15	TRBJ2-7
CATARDNYEQYF	TRBV2	TRBJ2-7
CASNLSPDRASGANVLTF	TRBV12-3	TRBJ2-6
CSVDTINTGELFF	TRBV29-1	TRBJ2-2
CASSMTVYSYNEQFF	TRBV19	TRBJ2-1
CASSLGRDSANYGYTF	TRBV7-2	TRBJ1-2
CASKGLGTDTQYF	TRBV28	TRBJ2-3
CSARRPGLALLNEQFF	TRBV20-1	TRBJ2-1
CASSGTGTGADAFF	TRBV5-1	TRBJ1-1
CASSVGTVNTGELFF	TRBV9	TRBJ2-2
CASSAGGGNGEQYF	TRBV6-1	TRBJ2-7
CASSEKGLAGVQQETQYF	TRBV25-1	TRBJ2-5
CASSQGLAGGPDTQYF	TRBV4-1	TRBJ2-3
CASTRRGSQNSPLHF	TRBV2	TRBJ1-6
CASSQLPGPFGGNQPQHF	TRBV4-1	TRBJ1-5
CASSTGTAYNSPLHF	TRBV18	TRBJ1-6
CASSQQNAQGNQYF	TRBV4-3	TRBJ2-7
CASSLNTDQPQHF	TRBV5-1	TRBJ1-5
CSARDHRGQGLSLHF	TRBV20-1	TRBJ1-6
CAATGSNTGELFF	TRBV6-6	TRBJ2-2
CASSHWGGSTGELFF	TRBV3-1	TRBJ2-2
CASSQADRGAQYF	TRBV4-3	TRBJ2-7
CASDVQGLNNSPLHF	TRBV2	TRBJ1-6
CASGLVLVTNTGELFF	TRBV12-5	TRBJ2-2
CASSIGTAVNEKLFF	TRBV5-1	TRBJ1-4
CASRARDRGNSPLHF	TRBV27	TRBJ1-6
CASSLVDGMRGYTF	TRBV11-2	TRBJ1-2
CASSQAGGDSGYTF	TRBV3-1	TRBJ1-2
CASSGLANEQFF	TRBV2	TRBJ2-1
CASSENPQGNAGELFF	TRBV7-6	TRBJ2-2
CASSLGSSYEQYF	TRBV28	TRBJ2-7
CSARPPGAVNEQFF	TRBV20-1	TRBJ2-1
CSATAPRTGGIFEQYF	TRBV20-1	TRBJ2-7
CAWAESYEQYF	TRBV30	TRBJ2-7
CSARRRTVGSPLHF	TRBV20-1	TRBJ1-6
CASRFPGRITDTQYF	TRBV11-2	TRBJ2-3
CASSHPTEATNEKLFF	TRBV4-1	TRBJ1-4
CASNHRDRNTGELFF	TRBV11-2	TRBJ2-2
CASSEQGALGTF	TRBV6-2	TRBJ2-7
CATSRDKGHNEKLFF	TRBV15	TRBJ1-4
CASSPYGTVRDYGYTF	TRBV14	TRBJ1-2
CASSYLSGSSYEQYF	TRBV5-1	TRBJ2-7
CASSFRATEETQYF	TRBV28	TRBJ2-5
CASSQPGQGTYEQYF	TRBV4-1	TRBJ2-7
CSARRRGGTSYEQYF	TRBV20-1	TRBJ2-7
CASRTAFVGFHEQYF	TRBV11-2	TRBJ2-7
CASSIIPGAYGYTF	TRBV19	TRBJ1-2
CASSSLTSEQAKNIQYF	TRBV28	TRBJ2-4
CASSQDINGAQYF	TRBV3-1	TRBJ2-5
CSARKWGETEAFF	TRBV20-1	TRBJ1-1
CASSLLPGGSDYGYTF	TRBV5-1	TRBJ1-2
CASSNDELTGGIYGYTF	TRBV5-6	TRBJ1-2
CASSIRADSYTEAFF	TRBV19	TRBJ1-1
CSARGGWDRVSNEKLFF	TRBV20-1	TRBJ1-4
CASGRGQETQYF	TRBV28	TRBJ2-5
CASSQGASGDYTGELFF	TRBV4-3	TRBJ2-2
CASPRQGTDTQYF	TRBV6-1	TRBJ2-3
CASSYSPRDNTEAFF	TRBV6-5	TRBJ1-1
CASSQVGIGAVGEKLFF	TRBV4-3	TRBJ1-4
CASSQVFGAGELFF	TRBV4-3	TRBJ2-2
CASSPTSGRDTDTQYF	TRBV4-2	TRBJ2-3
CAWTMARTEAFF	TRBV30	TRBJ1-1
CASSFSTDTQYF	TRBV5-1	TRBJ2-3
CASSLGQGSEKLFF	TRBV11-2	TRBJ1-4
CASHQTAQGSPLHF	TRBV6-5	TRBJ1-6
CAIRAGGGTGELFF	TRBV10-3	TRBJ2-2
CSAVPGTSGYNEQFF	TRBV20-1	TRBJ2-1
CASSPPARILAKNIQYF	TRBV18	TRBJ2-4
CSLSRERTGRLGNTEAFF	TRBV20-1	TRBJ1-1
CASRRGRLETQYF	TRBV27	TRBJ2-5
CASSLGGVNYGYTF	TRBV7-2	TRBJ1-2
CASSPWTVNTDTQYF	TRBV5-6	TRBJ2-3
CASSQGTTGLYEQYF	TRBV14	TRBJ2-7
CASSLTTGGNQPQHF	TRBV4-1	TRBJ1-5
CASTNDWTGGYEQFF	TRBV2	TRBJ2-1
CAWRVRVSVANTGELFF	TRBV30	TRBJ2-2
CASSQRPKPFSYEQYF	TRBV4-1	TRBJ2-7
CASSPTQGSSYNEQFF	TRBV18	TRBJ2-1
CASRQPGQVTGELFF	TRBV11-2	TRBJ2-2
CASSEGRTGGYTF	TRBV2	TRBJ1-2
CASSLRPPNEQFF	TRBV5-1	TRBJ2-1
CSARRDSYNEQFF	TRBV20-1	TRBJ2-1
CSAGASRGGNNEQFF	TRBV20-1	TRBJ2-1
CASSQRSNYGYTF	TRBV3-1	TRBJ1-2
CASSAVPGQGGYTF	TRBV2	TRBJ1-2
CSVSLGENFF	TRBV29-1	TRBJ2-1
CASGSPLAVSNEQFF	TRBV5-6	TRBJ2-1
CASSLGYLGQGLRGTSGVNPEDTQYF	TRBV12-3	TRBJ2-3
CSVKGGKRVDEQFF	TRBV29-1	TRBJ2-1
CASSQWASGGADTQYF	TRBV3-1	TRBJ2-3
CASTLGSYNEQFF	TRBV2	TRBJ2-1
CASSFSTRRLEPTTYTQYF	TRBV12-3	TRBJ2-3
CASSDPARASSNQPQHF	TRBV4-1	TRBJ1-5
CASSPRGDSGNTIYF	TRBV18	TRBJ1-3
CASSPGWGSYGYTF	TRBV11-2	TRBJ1-2
CASSLGTGGINTIYF	TRBV7-6	TRBJ1-3
CASRRLAGDTGELFF	TRBV12-3	TRBJ2-2
CSASQGYEQYV	TRBV29-1	TRBJ2-7
CASSHRGGLNQPQHF	TRBV4-1	TRBJ1-5
CASSAARTGKSTDTQYF	TRBV25-1	TRBJ2-3
CASSGKQGDTEAFF	TRBV6-1	TRBJ1-1
CASSYRLAGARSTDTQYF	TRBV19	TRBJ2-3
CSARGWTGGTDTQYF	TRBV20-1	TRBJ2-3
CASGGGLAGNTGELFF	TRBV3-1	TRBJ2-2
CASSSGTANEKLFF	TRBV7-2	TRBJ1-4
CAISLDSGSPEAFF	TRBV10-3	TRBJ1-1
CASSSLAGGSRDTQYF	TRBV7-3	TRBJ2-3
CASGKRGAKGNTIYF	TRBV7-6	TRBJ1-3
CSATPPLAAIQETQYF	TRBV20-1	TRBJ2-5
CASSLTVSSTDTQYF	TRBV7-3	TRBJ2-3
CASKQPSSYNEQFF	TRBV7-2	TRBJ2-1
CASSRSWGSFAQYF	TRBV7-2	TRBJ2-3
CAWSEGVASYEQYV	TRBV30	TRBJ2-7
CASSLDGIPGGTF	TRBV5-1	TRBJ1-2
CASSDKQGSTDTQYF	TRBV25-1	TRBJ2-3
CASSTNRFLGGNSPLHF	TRBV6-2	TRBJ1-6
CASILTGFDGYTF	TRBV6-1	TRBJ1-2
CSAREVPKGFSLYNEQFF	TRBV20-1	TRBJ2-1
CASSHIGQGADGYTF	TRBV4-1	TRBJ1-2
CASSLGDGSLAKNIQYF	TRBV11-2	TRBJ2-4
CASSQADTQYF	TRBV5-1	TRBJ2-3
CATSRPGNYEQYV	TRBV15	TRBJ2-7
CASSSRTGWGPGGELFF	TRBV12-3	TRBJ2-2
CASSLSGGRDNEQFF	TRBV11-2	TRBJ2-1
CASSETQGLQETQYF	TRBV25-1	TRBJ2-5
CASSPSAGARDTQYF	TRBV6-1	TRBJ2-3
CASSFTYGQDQLAKNIQYF	TRBV28	TRBJ2-4
CASSYGGVPYGYTF	TRBV6-5	TRBJ1-2
CASRDRDYGYTF	TRBV6-1	TRBJ1-2
CASRLSFGPKMQNIQYF	TRBV6-1	TRBJ2-4
CASIAGVYNEQFF	TRBV10-2	TRBJ2-1
CASSQQGWGRNTEAFF	TRBV4-1	TRBJ1-1
CASRLTPEYTDTQYF	TRBV10-2	TRBJ2-3
CSIEGGTGVDTQYF	TRBV29-1	TRBJ2-3
CASSAFGETQYF	TRBV6-1	TRBJ2-5
CSGGPSNEQFF	TRBV29-1	TRBJ2-1
CASRTDSEAFF	TRBV4-1	TRBJ1-1
CASSLRTKETQYF	TRBV5-6	TRBJ2-5
CASSYFGNTEAFF	TRBV6-6	TRBJ1-1
CASSEPVGIGNTIYF	TRBV6-1	TRBJ1-3
CSATPGGEGNTF	TRBV20-1	TRBJ1-2
CASSYPGQGEETQYF	TRBV6-6	TRBJ2-5
CASSTTVSGANVLTF	TRBV12-3	TRBJ2-6
CASSLAGIETQYF	TRBV12-3	TRBJ2-5
CASSVQSNNEQFF	TRBV2	TRBJ2-1
CASSDSGGRSSYNEQFF	TRBV25-1	TRBJ2-1
CASSFGGTANTGELFF	TRBV5-1	TRBJ2-2
CASSLELRLAGGQSGELFF	TRBV11-3	TRBJ2-2
CASSQGLAGVSTEAFF	TRBV4-1	TRBJ1-1
CAWMRRENSPLHF	TRBV30	TRBJ1-6
CAARTGFLDGNQPQHF	TRBV6-1	TRBJ1-5
CASSQGKETQYF	TRBV4-1	TRBJ2-5
CASSPGTGGGYGYTF	TRBV18	TRBJ1-2
CASSGPGSQETQYF	TRBV10-1	TRBJ2-5
CAIGNTGELFF	TRBV3-1	TRBJ2-2
CASNHRRADSNQPQHF	TRBV28	TRBJ1-5
CASSVAGELFF	TRBV3-1	TRBJ2-2
CSVPGQGSTDTQYF	TRBV29-1	TRBJ2-3
CASSQGARGAGELFF	TRBV4-1	TRBJ2-2
CASEAGADKNIQYF	TRBV19	TRBJ2-4
CSVEGLGGGPLWAQYF	TRBV29-1	TRBJ2-3
CASSGEALGETQYF	TRBV7-2	TRBJ2-5
CASSRENQETQYF	TRBV5-1	TRBJ2-5
CASSVLWGLVTDTQYF	TRBV9	TRBJ2-3
CASLPGGGRRETQYF	TRBV2	TRBJ2-5
CASSDRVGYNEQFF	TRBV19	TRBJ2-1
CASSDPRGGNTDTQYF	TRBV25-1	TRBJ2-3
CASSHPLKEEKLFF	TRBV4-1	TRBJ1-4
CASSPGRTDDAETQYF	TRBV11-3	TRBJ2-5
CASSHSITGELFF	TRBV5-1	TRBJ2-2
CATSDLGATGELFF	TRBV24-1	TRBJ2-2
CASSLPRTTDTQYF	TRBV11-2	TRBJ2-3
CASSQDLALTEAFF	TRBV4-2	TRBJ1-1
CAISFDRGETQYF	TRBV10-3	TRBJ2-5
CASSGLAGPTTGELFF	TRBV2	TRBJ2-2
CASNQDRGANQPQHF	TRBV2	TRBJ1-5
CASSPSNTGELFF	TRBV7-3	TRBJ2-2
CASSEDSVYGYTF	TRBV6-1	TRBJ1-2
CASSPLSTAHEAFF	TRBV4-2	TRBJ1-1
CASSGWGAGGTNEQYV	TRBV11-2	TRBJ2-7
CASSQGGLRGVTQYF	TRBV4-2	TRBJ2-3
CASSYRAATNEKLFF	TRBV25-1	TRBJ1-4
CASNNRGHGYTF	TRBV6-1	TRBJ1-2
CASSPQGAEAFF	TRBV18	TRBJ1-1
CASSLSPSGGGTNSYNEQFF	TRBV5-1	TRBJ2-1
CASSQEGQEETQYF	TRBV4-1	TRBJ2-5
CASSQDGGGAQADTQYF	TRBV4-1	TRBJ2-3
CASSVDGLAGVKYEQFF	TRBV9	TRBJ2-1
CASSLRGVTDTQYF	TRBV4-1	TRBJ2-3
CASSPTGQDGYTF	TRBV18	TRBJ1-2
CASSGTGSNSPLHF	TRBV2	TRBJ1-6
CASSGGGVSGANVLTF	TRBV2	TRBJ2-6
CASSKTETNTEAFF	TRBV19	TRBJ1-1
CSARYWTGGTDTQYF	TRBV20-1	TRBJ2-3
CASSRTSGGAHEQFF	TRBV3-1	TRBJ2-1
CASSFPGTGKMAKNIQYF	TRBV6-1	TRBJ2-4
CASSTSGGSTDTQYF	TRBV6-4	TRBJ2-3
CASSSLIGGEGRF	TRBV12-3	TRBJ2-3
CASSLGMNTGELFF	TRBV12-3	TRBJ2-2
CASSLIGGSTTGELFF	TRBV5-1	TRBJ2-2
CASSLSARGRTVVSIEQFF	TRBV27	TRBJ2-1
CASSLTGGQGGYTF	TRBV12-3	TRBJ1-2
CSARAGQVPAEQFF	TRBV20-1	TRBJ2-1
CASSPDPGKKNEQFF	TRBV12-3	TRBJ2-1
CASSESLGQGANYGYTF	TRBV25-1	TRBJ1-2
CASSFRGLRTEAFF	TRBV12-3	TRBJ1-1
CASSHGGSSYNEQFF	TRBV4-3	TRBJ2-1
CASSHRRGERGPNNEQFF	TRBV4-1	TRBJ2-1
CATSDLLAGGRTGELFF	TRBV24-1	TRBJ2-2
CASSYGTGEQYV	TRBV6-6	TRBJ2-7
CASSGRGLLGYTF	TRBV25-1	TRBJ1-2
CASTPLVGTGSSTDTQYF	TRBV6-1	TRBJ2-3
CASSHPAMRGARSEQFF	TRBV6-2	TRBJ2-1
CASSRTGGAGELFF	TRBV6-4	TRBJ2-2
CASGLPPSGVGHNEQFF	TRBV12-5	TRBJ2-1
CASSFRVSTDTQYF	TRBV19	TRBJ2-3
CASSPTSSGANVLTF	TRBV3-1	TRBJ2-6
CSAPRPSGGAGETQYF	TRBV20-1	TRBJ2-5
CASRRRDTGELFF	TRBV2	TRBJ2-2
CASSESVEPQHF	TRBV2	TRBJ1-5
CASSASGPSYGELFF	TRBV6-4	TRBJ2-2
CASNPRGNTGELFF	TRBV6-5	TRBJ2-2
CASSPPHRDRAGANVLTF	TRBV27	TRBJ2-6
CASSDDGNTEQYV	TRBV2	TRBJ2-7
CASSPPIKTQYF	TRBV12-3	TRBJ2-5
CSVVTGTGETQYF	TRBV29-1	TRBJ2-5
CASSEAAGRAKNIQYF	TRBV2	TRBJ2-4
CASSEVGGKGTDTQYF	TRBV6-1	TRBJ2-3
CASSVLGEGYTF	TRBV6-5	TRBJ1-2
CSASAGNEKLFF	TRBV20-1	TRBJ1-4
CASSHEGQEQYV	TRBV4-3	TRBJ2-7
CSAGLAGSSYNEQFF	TRBV20-1	TRBJ2-1
CASSLDWVGTGETQYF	TRBV11-2	TRBJ2-5
CASSQGTGTLVYGYTF	TRBV4-1	TRBJ1-2
CASSEQLGQLESGELFF	TRBV2	TRBJ2-2
CASRGKPSTDTQYF	TRBV25-1	TRBJ2-3
CATSAGGGPPRETQYF	TRBV24-1	TRBJ2-5
CASGPTDTQYF	TRBV24-1	TRBJ2-3
CASNRRDTEAFF	TRBV10-2	TRBJ1-1
CASSRGQDLQPQHF	TRBV2	TRBJ1-5
CASSLNSAGVQETQYF	TRBV7-2	TRBJ2-5
CASSALGPSGGATTSETQYF	TRBV25-1	TRBJ2-5
CSVGQDPYNEQFF	TRBV29-1	TRBJ2-1
CSGNTGGVTEAFF	TRBV29-1	TRBJ1-1
CASSFNSRAGGQFF	TRBV7-3	TRBJ2-1
CASSLPPGALYNEQFF	TRBV5-6	TRBJ2-1
CASSSPTGLNTEAFF	TRBV19	TRBJ1-1
CASSPTSGGPAEQFF	TRBV5-1	TRBJ2-1
CASGQGSGGNNEQFF	TRBV12-5	TRBJ2-1
CASSPIRTGEQYV	TRBV12-3	TRBJ2-7
CSAREGADNSPLHF	TRBV20-1	TRBJ1-6
CASSLSPRGQAPLAKNIQYF	TRBV27	TRBJ2-4
CSAASVYGDFF	TRBV20-1	TRBJ2-1
CASSLAFGRGRSPLHF	TRBV28	TRBJ1-6
CASSQTLGGELFF	TRBV5-1	TRBJ2-2
CASGPRYNEQFF	TRBV12-5	TRBJ2-1
CASSPGLAGRDTQYF	TRBV2	TRBJ2-3
CASSVRRQETQYF	TRBV7-3	TRBJ2-5
CSADRGNEQFF	TRBV29-1	TRBJ2-1
CASSLLGGSGTGELFF	TRBV12-3	TRBJ2-2
CASSLEGAPRDEQFF	TRBV5-1	TRBJ2-1
CASKGDSGYGYTF	TRBV2	TRBJ1-2
CASSLIAETQYF	TRBV7-9	TRBJ2-5
CASSESGGAGTGELFF	TRBV2	TRBJ2-2
CASGNGGLSYNEQFF	TRBV6-2	TRBJ2-1
CASSSFRGSTDTQYF	TRBV7-2	TRBJ2-3
CASSGTSGLNEQFF	TRBV11-3	TRBJ2-1
CASMGTGPTDTQYF	TRBV19	TRBJ2-3
CASIDRATDTQYF	TRBV10-2	TRBJ2-3
CSASPRGGPLAKNIQYF	TRBV29-1	TRBJ2-4
CASSVGPSGNSPLHF	TRBV2	TRBJ1-6
CASSLLGESNEQFF	TRBV7-2	TRBJ2-1
CASSDGQAPDGYTF	TRBV25-1	TRBJ1-2
CAVGNTGELFF	TRBV3-1	TRBJ2-2
CASSQPTDKNTEAFF	TRBV4-1	TRBJ1-1
CASSPGQVITGGWQYF	TRBV28	TRBJ2-3
CASSSQWGTEAFF	TRBV7-2	TRBJ1-1
CASSSSGTPNTEAFF	TRBV5-1	TRBJ1-1
CSVWDSGGMGETQYF	TRBV29-1	TRBJ2-5
CASSGQGSKNIQYF	TRBV12-3	TRBJ2-4
CASSIRGGTEAFF	TRBV19	TRBJ1-1
CASSWGSQSTDTQYF	TRBV19	TRBJ2-3
CASSGVHRAINYGYTF	TRBV6-1	TRBJ1-2
CATSTGQGSDTQYF	TRBV15	TRBJ2-3
CATSEGTVPSTDTQYF	TRBV24-1	TRBJ2-3
CASSQGGGYTF	TRBV4-1	TRBJ1-2
CATSSGVGTQYF	TRBV24-1	TRBJ2-3
CASSLNVRGELFF	TRBV12-3	TRBJ2-2
CASGLVVSRGAGELFF	TRBV12-5	TRBJ2-2
CSVEGGQGVDTQYF	TRBV29-1	TRBJ2-3
CASSSGTSSGNTIYF	TRBV11-2	TRBJ1-3
CASSLAGFTDTQYF	TRBV7-2	TRBJ2-3
CASYLFQGSPLHF	TRBV6-5	TRBJ1-6
CASSRDRGAGNTIYF	TRBV27	TRBJ1-3
CASSFQGKDTEAFF	TRBV7-6	TRBJ1-1
CASRLVGGESGYTF	TRBV19	TRBJ1-2
CASSATGTGVDSNQPQHF	TRBV2	TRBJ1-5
CASSQFLAKNIQYF	TRBV2	TRBJ2-4
CSAAPDKNEQFF	TRBV20-1	TRBJ2-1
CASSPGQGHTEAFF	TRBV7-2	TRBJ1-1
CASSIGSSGNTIYF	TRBV19	TRBJ1-3
CAIAAPGGQETQYF	TRBV10-3	TRBJ2-5
CSAHSGDEQYV	TRBV29-1	TRBJ2-7
CASSLLAASTDTQYF	TRBV7-3	TRBJ2-3
CASRGQGTGELFF	TRBV2	TRBJ2-2
CATSDGRVGKETQYF	TRBV24-1	TRBJ2-5
CASSGKTMTGGSATGELFF	TRBV9	TRBJ2-2
CASTFSAGRTDTQYF	TRBV25-1	TRBJ2-3
CASSPRTDSYNEQFF	TRBV9	TRBJ2-1
CASSYLSRYYNEQFF	TRBV6-2	TRBJ2-1
CASSPQGVGTEAFF	TRBV4-1	TRBJ1-1
CASSSLDRGYGYTF	TRBV28	TRBJ1-2
CASQRPGGYEQYF	TRBV6-1	TRBJ2-7
CAWRGAGKSGYTF	TRBV30	TRBJ1-2
CASSPFSRGPYEQYF	TRBV18	TRBJ2-7
CASSLQDSYEQYF	TRBV5-1	TRBJ2-7
CASSLIWPGLANQETQYF	TRBV6-2	TRBJ2-5
CSAANPGTSEIYNEQFF	TRBV20-1	TRBJ2-1
CSASSDRDYEQYF	TRBV20-1	TRBJ2-7
CAARGGGEDHQYF	TRBV28	TRBJ2-4
CASSSTGDSNYGYTF	TRBV6-5	TRBJ1-2
CASSVAPDRNTEAFF	TRBV9	TRBJ1-1
CASSESGQRIVF	TRBV25-1	TRBJ1-4
CASSTGQYQTEAFF	TRBV28	TRBJ1-1
CASSGTLWDTQYF	TRBV11-3	TRBJ2-3
CASSDRADYGYTF	TRBV2	TRBJ1-2
CASSPLTRDRETYEQYF	TRBV7-6	TRBJ2-7
CSVDGGGPSDTQYF	TRBV29-1	TRBJ2-3
CAWRAPTILAGGPDTQYF	TRBV30	TRBJ2-3
CASSSQRWYESTEAFF	TRBV7-2	TRBJ1-1
CASSVYDRGRDEQFF	TRBV9	TRBJ2-1
CASTGKGAKLPHEQFF	TRBV7-2	TRBJ2-1
CASSPRGLSNQPQHF	TRBV19	TRBJ1-5
CATAAGPGDNEQFF	TRBV6-4	TRBJ2-1
CAISWRDQETQYF	TRBV10-3	TRBJ2-5
CASSVTGYWGDTEAFF	TRBV9	TRBJ1-1
CASNRLAGDSYEQYF	TRBV5-1	TRBJ2-7
CASSRSTPTDTQYF	TRBV5-1	TRBJ2-3
CASSLSGSSYNEQFF	TRBV27	TRBJ2-1
CASSKQGIKIRPRNGYTF	TRBV28	TRBJ1-2
CATSGLNTEAFF	TRBV24-1	TRBJ1-1
CASSQGMLAGDLQYF	TRBV14	TRBJ2-7
CATSDLKDQPQHF	TRBV24-1	TRBJ1-5
CASSEGYEQYF	TRBV2	TRBJ2-7
CSAGAFNEKLFF	TRBV20-1	TRBJ1-4
CASSIPGGRYGYTF	TRBV19	TRBJ1-2
CASSEGGGYEQYF	TRBV25-1	TRBJ2-7
CASRSSIGGDYGYTF	TRBV7-3	TRBJ1-2
CASSPSGWYTGELFF	TRBV19	TRBJ2-2
CASAPSRSPSSGANVLTF	TRBV11-2	TRBJ2-6
CASSLRNTEAFF	TRBV12-3	TRBJ1-1
CASSRGAGLVNEQFF	TRBV28	TRBJ2-1
CSARGQGAAGQPQHF	TRBV20-1	TRBJ1-5
CASSEFSGSPLHF	TRBV25-1	TRBJ1-6
CASAGMGHSPLHF	TRBV6-2	TRBJ1-6
CASSQGFRTSGSRYEQYF	TRBV3-1	TRBJ2-7
CASSRLRTSGGNYNEQFF	TRBV4-1	TRBJ2-1
CASSHPYRDRGYEKLFF	TRBV14	TRBJ1-4
CASSYIYREAYEQYF	TRBV6-2	TRBJ2-7
CAISGAPAGDGDTQYF	TRBV10-3	TRBJ2-3
CASNKGPSSYNEQFF	TRBV2	TRBJ2-1
CASSAQREGLGEQYF	TRBV9	TRBJ2-7
CASSYDRAYNEQFF	TRBV6-2	TRBJ2-1
CASSYSTSGNEQFF	TRBV6-2	TRBJ2-1
CSAALGLGEQYF	TRBV20-1	TRBJ2-7
CASSQGGEQGNTEAFF	TRBV4-3	TRBJ1-1
CASSIQAPGQPQHF	TRBV4-1	TRBJ1-5
CASSPGTGVLRPYGYTF	TRBV5-6	TRBJ1-2
CASSFKPQGWGTGELFF	TRBV12-3	TRBJ2-2
CASSIYPTGRRGNTEAFF	TRBV19	TRBJ1-1
CASSPPPDSLSGNTIYF	TRBV19	TRBJ1-3
CASSDIGTGSDTQYF	TRBV6-1	TRBJ2-3
CASSYLTTSGSNEQFF	TRBV6-5	TRBJ2-1
CASSIAALSGNTIYF	TRBV19	TRBJ1-3
CASSLAGIGIQYF	TRBV11-2	TRBJ2-4
CASSQDAGEQFF	TRBV3-1	TRBJ2-1
CAWEQGLGGYTF	TRBV30	TRBJ1-2
CASSPGRWGNEQFF	TRBV7-2	TRBJ2-1
CASSSGTSGRYPSYEQYF	TRBV9	TRBJ2-7
CAWSVLGDPPNEQFF	TRBV30	TRBJ2-1
CASNRNTEAFF	TRBV25-1	TRBJ1-1
CASSTNGQGSYEQYF	TRBV5-6	TRBJ2-7
CATSREGLAGTGELFF	TRBV15	TRBJ2-2
CASSPPSSYEQYF	TRBV18	TRBJ2-7
CASSRLQGNEQYF	TRBV4-1	TRBJ2-7
CASSLVAGDPNTEAFF	TRBV7-6	TRBJ1-1
CASSAAGLAIDEKLFF	TRBV9	TRBJ1-4
CASSPRGLLSGANVLTF	TRBV11-2	TRBJ2-6
CASSLRTENTEAFF	TRBV19	TRBJ1-1
CSAAGINYGYTF	TRBV20-1	TRBJ1-2
CSARDRFSNQPQHF	TRBV20-1	TRBJ1-5
CAISEVGTSPPQETQYF	TRBV10-3	TRBJ2-5
CASSTGPTYGYTF	TRBV5-1	TRBJ1-2
CAWSAATGGTTGELFF	TRBV30	TRBJ2-2
CASSPPVSVQETQYF	TRBV6-6	TRBJ2-5
CASSSVIRTGSHEQYF	TRBV28	TRBJ2-7
CSAPKLVPREGEKLFF	TRBV20-1	TRBJ1-4
CAWTAGSGTDTQYF	TRBV30	TRBJ2-3
CASSQEGGAGTEAFF	TRBV3-1	TRBJ1-1
CASSRTSARGLAKNIQYF	TRBV28	TRBJ2-4
CASSFRERSYEQYF	TRBV27	TRBJ2-7
CASSIKAGESNEQFF	TRBV19	TRBJ2-1
CASSQVYGAGDTQYF	TRBV4-3	TRBJ2-3
CASSETGQGLRNQPQHF	TRBV6-1	TRBJ1-5
CASSPIGASDLAKNIQYF	TRBV11-2	TRBJ2-4
CASRPGGGNQPQHF	TRBV7-2	TRBJ1-5
CASSRGSYMNTEAFF	TRBV4-1	TRBJ1-1
CASGGRDTEAFF	TRBV12-3	TRBJ1-1
CASSHISGLAGGGNEQFF	TRBV4-1	TRBJ2-1
CASSLGPTGRKTLIYGYTF	TRBV5-1	TRBJ1-2
CASSPGQGGGYTF	TRBV16	TRBJ1-2
CASSLVSLGRRAKNIQYF	TRBV12-3	TRBJ2-4
CASSRTGTSGGASYNEQFF	TRBV7-2	TRBJ2-1
CASSRGLAGGTGELFF	TRBV2	TRBJ2-2
CASSAPFKLGRGYEKLFF	TRBV25-1	TRBJ1-4
CASSTTGEASGNTIYF	TRBV19	TRBJ1-3
CANSDRANSPLHF	TRBV6-2	TRBJ1-6
CASSRIGLRNTGELFF	TRBV14	TRBJ2-2
CASSQASGAANTGELFF	TRBV14	TRBJ2-2
CASSFGGVDNEQFF	TRBV5-1	TRBJ2-1
CASMLLGDTQYF	TRBV2	TRBJ2-3
CASRGVGTGGGEQYF	TRBV4-1	TRBJ2-7
CASSRTGEKLFF	TRBV7-2	TRBJ1-4
CASSEVPDIVGNQPQHF	TRBV2	TRBJ1-5
CASSFSGTGEREKLFF	TRBV7-2	TRBJ1-4
CASSLTSGNQETQYF	TRBV27	TRBJ2-5
CASSWGGEEKLFF	TRBV7-2	TRBJ1-4
CASSPRSREGGETDTQYF	TRBV14	TRBJ2-3
CASSDAGNTIYF	TRBV25-1	TRBJ1-3
CASTPSRLNTEAFF	TRBV6-5	TRBJ1-1
CASSGNEQGAYGYTF	TRBV5-1	TRBJ1-2
CASSYGTSSAKNIQYF	TRBV6-5	TRBJ2-4
CASSDRGQGIDEQFF	TRBV25-1	TRBJ2-1
CASRRAGGGGTDTQYF	TRBV12-3	TRBJ2-3
CASSARTGRYAGELFF	TRBV25-1	TRBJ2-2
CASSPERITEAFF	TRBV18	TRBJ1-1
CASSQVGIASSYEQYF	TRBV4-2	TRBJ2-7
CASSLRQTKAFF	TRBV12-3	TRBJ1-1
CASSEGLAGVNEQFF	TRBV25-1	TRBJ2-1
CASRGQGANEQYF	TRBV28	TRBJ2-7
CASSRQTGVGRNSPLHF	TRBV3-1	TRBJ1-6
CASRPRGHAGEKLFF	TRBV12-3	TRBJ1-4
CSADRDHTGELFF	TRBV29-1	TRBJ2-2
CSVVKTANTGELFF	TRBV29-1	TRBJ2-2
CASRHPGLRINTGELFF	TRBV19	TRBJ2-2
CASSSSRASYVFF	TRBV19	TRBJ1-1
CASSPRTGRTNYGYTF	TRBV19	TRBJ1-2
CASSRISSYNEQFF	TRBV19	TRBJ2-1
CAAKGLAPTGELFF	TRBV10-3	TRBJ2-2
CASRRDRDTEAFF	TRBV6-1	TRBJ1-1
CASRRNPGQGSGYTF	TRBV7-9	TRBJ1-2
CASSLGASGLGEQFF	TRBV5-1	TRBJ2-1
CSASDRVRETQYF	TRBV20-1	TRBJ2-5
CASSISGGRAYNEQFF	TRBV19	TRBJ2-1
CSAKRTSGRYYADTQYF	TRBV20-1	TRBJ2-3
CASSPWGLIPSHNEQFF	TRBV7-3	TRBJ2-1
CASSPREGRYNEQFF	TRBV18	TRBJ2-1
CASSQGTGGADTQYF	TRBV4-2	TRBJ2-3
CASRGGTGAQPQHF	TRBV2	TRBJ1-5
CASSSAILSGTF	TRBV6-2	TRBJ1-2
CASRPTGVNYGYTF	TRBV5-1	TRBJ1-2
CASSSIQGGPDSYEQYF	TRBV11-2	TRBJ2-7
CASSLNSGANVLTF	TRBV11-3	TRBJ2-6
CASSEQGTSTEAFF	TRBV6-1	TRBJ1-1
CASSINNRPSAEAFF	TRBV19	TRBJ1-1
CASSLGFDSLSYNEQFF	TRBV11-1	TRBJ2-1
CASSEFVSSLAGAGEQFF	TRBV25-1	TRBJ2-1
CAGGGVDYYEQYF	TRBV30	TRBJ2-7
CSVEDWGRKTLSTDTQYF	TRBV29-1	TRBJ2-3
CASSLGGLSRRAEAFF	TRBV5-1	TRBJ1-1
CASSLMMDTEAFF	TRBV5-1	TRBJ1-1
CASSAGLAVLSSYEQYF	TRBV2	TRBJ2-7
CSASHRDSFNTGELFF	TRBV20-1	TRBJ2-2
CASSHSVGRGKANYGYTF	TRBV3-1	TRBJ1-2
CASSLSPLGSALQSSTDTQYF	TRBV12-3	TRBJ2-3
CASSFLTSGRGFF	TRBV5-6	TRBJ2-1
CASSLGGTYNEQFF	TRBV5-1	TRBJ2-1
CASRGQLNTGELFF	TRBV6-1	TRBJ2-2
CASSPRRNEQFF	TRBV18	TRBJ2-1
CASKTGTARELFF	TRBV19	TRBJ2-2
CATSRGSRNQPQHF	TRBV24-1	TRBJ1-5
CASRSRVSYGYTF	TRBV12-3	TRBJ1-2
CASSRWSGISGNTIYF	TRBV12-3	TRBJ1-3
CASNPDRQSNYEQYF	TRBV5-1	TRBJ2-7
CASSLGAGQETQYF	TRBV5-1	TRBJ2-5
CASSQGHLALGTGELFF	TRBV4-2	TRBJ2-2
CSATRTASSYEQYF	TRBV20-1	TRBJ2-7
CASSQGRGGADNEQFF	TRBV4-1	TRBJ2-1
CSAREASGRLTGELFF	TRBV20-1	TRBJ2-2
CASSLDPTGVYNSPLHF	TRBV27	TRBJ1-6
CASSPAGTNYGYTF	TRBV25-1	TRBJ1-2
CASSQEVWVLAEFGYEQYF	TRBV4-2	TRBJ2-7
CASSRTSGGSNEQFF	TRBV6-5	TRBJ2-1
CASSYSFLSGLNTEAFF	TRBV6-5	TRBJ1-1
CASSLEWGRGSPLHF	TRBV27	TRBJ1-6
CSVVGHYEQYF	TRBV29-1	TRBJ2-7
CAIGEGNQPQHF	TRBV10-3	TRBJ1-5
CAWRPPGSDNEQFF	TRBV30	TRBJ2-1
CASSQGPWGSTDTQYF	TRBV4-3	TRBJ2-3
CASSFSSKAFF	TRBV7-9	TRBJ1-1
CSAPPSGIKYEQYF	TRBV20-1	TRBJ2-7
CSARTNREDYGYTF	TRBV20-1	TRBJ1-2
CASSFEAPDTQYF	TRBV12-3	TRBJ2-3
CASSPSPGGGETEAFF	TRBV12-3	TRBJ1-1
CASSSDTGRSNYGYTF	TRBV9	TRBJ1-2
CASTRFQGRQGVYEQYF	TRBV12-3	TRBJ2-7
CASSPRRDRVHSTNEKLFF	TRBV6-5	TRBJ1-4
CASSQEVGLAGRNNEQFF	TRBV4-1	TRBJ2-1
CASSLDRGRNQPQHF	TRBV7-2	TRBJ1-5
CASSEGYRVGEKLFF	TRBV25-1	TRBJ1-4
CASSLYGGIISNQPQHF	TRBV28	TRBJ1-5
CSAVPDGYTF	TRBV20-1	TRBJ1-2
CASSPLDGGAAAGELFF	TRBV18	TRBJ2-2
CASSQTRLSGRSPYEQYF	TRBV18	TRBJ2-7
CASSAVRDRVYEQYF	TRBV18	TRBJ2-7
CAWSVRRASNQPQHF	TRBV30	TRBJ1-5
CASSLGGRETQYF	TRBV12-3	TRBJ2-5
CASSYSNGRGSYSNQPQHF	TRBV6-6	TRBJ1-5
CSVGVSTLQETQYF	TRBV29-1	TRBJ2-5
CASSLPGQIKELGIQYF	TRBV28	TRBJ2-4
CSARIRLGGGYTF	TRBV20-1	TRBJ1-2
CASTARVGTPAEQYF	TRBV25-1	TRBJ2-7
CASSQNLGSGITSTDTQYF	TRBV3-1	TRBJ2-3
CASSRRVWGGLDEQYF	TRBV25-1	TRBJ2-7
CASSLVEGQGEQFF	TRBV12-3	TRBJ2-1
CASSQDRHNNEQFF	TRBV12-3	TRBJ2-1
CASSSGSGGEQYF	TRBV28	TRBJ2-7
CASSLNVRGGLDEKLFF	TRBV7-9	TRBJ1-4
CASSVGDQGARAGYSSYNEQFF	TRBV9	TRBJ2-1
CAWKQRGGRTDTQYF	TRBV30	TRBJ2-3
CASSQGGTGGFTEAFF	TRBV4-2	TRBJ1-1
CASSFADSNQPQHF	TRBV11-2	TRBJ1-5
CASTGAAPTNEQFF	TRBV6-1	TRBJ2-1
CASSFVGEGQGMPQPQHF	TRBV7-2	TRBJ1-5
CASSLPSLGLAVSGRQRTDTQYF	TRBV28	TRBJ2-3
CAISVLGGGYTF	TRBV10-3	TRBJ1-2
CASSLRDTQYF	TRBV13	TRBJ2-3
CASSSLMGQGKYQPQHF	TRBV28	TRBJ1-5
CASSPSRGNQPQHF	TRBV28	TRBJ1-5
CASSPPTGGNTGELFF	TRBV18	TRBJ2-2
CSARRKETQYF	TRBV20-1	TRBJ2-5
CASSSGTIFTYTDTQYF	TRBV9	TRBJ2-3
CASSRLWVSGNTIYF	TRBV4-1	TRBJ1-3
CASSLQQRGYEQYF	TRBV7-2	TRBJ2-7
CASRSGAFIQYF	TRBV25-1	TRBJ2-4
CASSLVAAGEETQYF	TRBV7-2	TRBJ2-5
CASSRGQGGNTEAFF	TRBV12-3	TRBJ1-1
CASSQGRQGPVAKNIQYF	TRBV4-1	TRBJ2-4
CASSLGVVGNQPQHF	TRBV11-2	TRBJ1-5
CASSRLAGVTDTQYF	TRBV5-1	TRBJ2-3
CASTTKAPDRLYEQYF	TRBV28	TRBJ2-7
CSAAGGQFNQPQHF	TRBV20-1	TRBJ1-5
CASSEQGMSNQPQHF	TRBV7-2	TRBJ1-5
CASSLAWSGGGNTDTQYF	TRBV7-2	TRBJ2-3
CASGLEVGTGSYNEQFF	TRBV12-5	TRBJ2-1
CSSYLGRATDTQYF	TRBV20-1	TRBJ2-3
CSVRPGGDQPQHF	TRBV20-1	TRBJ1-5
CASSQRGSSYNEQFF	TRBV7-2	TRBJ2-1
CSLPVETEAFF	TRBV20-1	TRBJ1-1
CASSPWLTTKADNEQFF	TRBV11-2	TRBJ2-1
CASSQLRDRGLQETQYF	TRBV6-6	TRBJ2-5
CASSDTLDRRNSYEQYF	TRBV14	TRBJ2-7
CASRPPTRKGDYGYTF	TRBV9	TRBJ1-2
CASRNRGQYEQYF	TRBV28	TRBJ2-7
CASSGVRKGTFSYEQYF	TRBV25-1	TRBJ2-7
CASSSTTAAAYEQYF	TRBV11-2	TRBJ2-7
CASSPPGWDGGHEQYF	TRBV18	TRBJ2-7
CASSRAFSSTEAFF	TRBV4-3	TRBJ1-1
CASRMRGAASSGANVLTF	TRBV7-9	TRBJ2-6
CASRDLRQERSQYF	TRBV10-2	TRBJ2-5
CASSLDDFLGTTFTGELFF	TRBV7-2	TRBJ2-2
CSANMPEAFF	TRBV20-1	TRBJ1-1
CASSAGRGGYEQYF	TRBV25-1	TRBJ2-7
CASSEVRGRFYEQYF	TRBV11-2	TRBJ2-7
CASSGGTGVTEAFF	TRBV25-1	TRBJ1-1
CASSYVAAGQETQYF	TRBV6-6	TRBJ2-5
CASSLGGSTLHF	TRBV11-2	TRBJ1-6
CSVERVGLNYGYTF	TRBV29-1	TRBJ1-2
CASSRVVGREEQAFF	TRBV4-1	TRBJ1-1
CASSPLAGVKETQYF	TRBV7-3	TRBJ2-5
CSARVWQGEDGELFF	TRBV20-1	TRBJ2-2
CASCGVGPNTGELFF	TRBV12-3	TRBJ2-2
CSARGLAVGADTQYF	TRBV20-1	TRBJ2-3
CATSDSGYVGYTF	TRBV24-1	TRBJ1-2
CASSGPGLAGEQFF	TRBV19	TRBJ2-1
CASSQQGAKSSEQYF	TRBV28	TRBJ2-7
CASSAAGLRETQYF	TRBV12-3	TRBJ2-5
CSARARRGEVGGELFF	TRBV20-1	TRBJ2-2
CASSNIESGKPRYNEQFF	TRBV6-2	TRBJ2-1
CASSPTGGSYEQYF	TRBV14	TRBJ2-7
CSAGGQGLFNQPQHF	TRBV20-1	TRBJ1-5
CACTKKRGFYEQYF	TRBV30	TRBJ2-7
CASSSTGTGWQPQHF	TRBV28	TRBJ1-5
CASSMTGDLAKNIQYF	TRBV19	TRBJ2-4
CASSQGGLAKNIQYF	TRBV4-1	TRBJ2-4
CASSQDSNLAGVGDTQYF	TRBV4-1	TRBJ2-3
CASSRRQAANTEAFF	TRBV7-2	TRBJ1-1
CASSEGPQSPGANVLTF	TRBV25-1	TRBJ2-6
CASRRKRGGNPSTGELFF	TRBV2	TRBJ2-2
CSATPLRAGGGETQYF	TRBV20-1	TRBJ2-5
CASRKWGRETQYF	TRBV12-3	TRBJ2-5
CASNEYGTGGAITYGYTF	TRBV28	TRBJ1-2
CSASEHRVNQPQHF	TRBV20-1	TRBJ1-5
CSARGPGRSSGGTDTQYF	TRBV20-1	TRBJ2-3
CATSDPKNRDSEQFF	TRBV24-1	TRBJ2-1
CSARLTHSPSFEQYF	TRBV20-1	TRBJ2-7
CASSIAGRYDLNQPQHF	TRBV19	TRBJ1-5
CASSLKGLGGMNTEAFF	TRBV12-3	TRBJ1-1
CSAQRVAEAFF	TRBV29-1	TRBJ1-1
CASSPRTGVEKLFF	TRBV18	TRBJ1-4
CASSLAGAPYEQYF	TRBV12-3	TRBJ2-7
CASSGRVGLAGRGVYNEQFF	TRBV25-1	TRBJ2-1
CASSAFRGRNYGYTF	TRBV7-9	TRBJ1-2
CASSPGGESGYTF	TRBV11-2	TRBJ1-2
CASSYSRGTGSVSNQPQHF	TRBV6-6	TRBJ1-5
CASTPRRIYSGANVLTF	TRBV12-3	TRBJ2-6
CASSLTSGATGELFF	TRBV11-3	TRBJ2-2
CASTLPPWGTANTGELFF	TRBV11-2	TRBJ2-2
CASRSTLYNEQFF	TRBV6-5	TRBJ2-1
CASSLLTGGSNQPQHF	TRBV12-3	TRBJ1-5
CASSRDGLRGNSPLHF	TRBV27	TRBJ1-6
CASTPFYDQPQHF	TRBV19	TRBJ1-5
CASSEVYEQYF	TRBV10-2	TRBJ2-7
CASSDGDGFTDTQYF	TRBV10-1	TRBJ2-3
CASKKVFWSEESLLAKNIQYF	TRBV6-2	TRBJ2-4
CASSPRTSGDRDTQYF	TRBV7-6	TRBJ2-3
CASSPVGQGRGMNTEAFF	TRBV18	TRBJ1-1
CASSSSGRYNEQFF	TRBV11-2	TRBJ2-1
CASNTLWGPPTSHEQFF	TRBV12-3	TRBJ2-1
CASTGTGRSDTQYF	TRBV28	TRBJ2-3
CASSLVEGPYEQYF	TRBV27	TRBJ2-7
CASSLRTELAKNIQYF	TRBV11-2	TRBJ2-4
CASRRSSGLNTGELFF	TRBV2	TRBJ2-2
CSAREAGEFYNEQFF	TRBV20-1	TRBJ2-1
CASSFVGNTEAFF	TRBV5-1	TRBJ1-1
CASSLARLQGHPYEQYF	TRBV5-1	TRBJ2-7
CASSLVLGLGGEQYF	TRBV5-1	TRBJ2-7
CASSFYSVGTEAFF	TRBV7-3	TRBJ1-1
CASSYSRGPYEQYF	TRBV6-5	TRBJ2-7
CSAPARGNSAFF	TRBV20-1	TRBJ1-1
CASSLDVVGRATGELFF	TRBV11-3	TRBJ2-2
CASSQGLGTSGNEQFF	TRBV4-3	TRBJ2-1
CASRITGGLPYEQYF	TRBV5-1	TRBJ2-7
CSVEGVGYEQYF	TRBV29-1	TRBJ2-7
CASSPGQHSEGYTF	TRBV10-1	TRBJ1-2
CASSNAAGGPSNNEQFF	TRBV7-6	TRBJ2-1
CASSAHRSQSSQGTDTQYF	TRBV25-1	TRBJ2-3
CSARSGGISYNSPLHF	TRBV20-1	TRBJ1-6
CATSDSSLVYNEQFF	TRBV24-1	TRBJ2-1
CATSSPRGLAGAIGTEQYF	TRBV15	TRBJ2-7
CASSPGGSYNEQFF	TRBV18	TRBJ2-1
CASSSGQGSPQGTEQYF	TRBV5-1	TRBJ2-7
CSARETGSNTEAFF	TRBV20-1	TRBJ1-1
CASSLAGTDTQYF	TRBV5-6	TRBJ2-3
CASSSSTGGHNYGYTF	TRBV19	TRBJ1-2
CAWRSYRGPNTEAFF	TRBV30	TRBJ1-1
CASSDTQSGGQETQYF	TRBV25-1	TRBJ2-5
CASSYRTADQPQHF	TRBV6-5	TRBJ1-5
CASKPTLGTLQETQYF	TRBV12-3	TRBJ2-5
CASGPDSTDTQYF	TRBV28	TRBJ2-3
CASSQAGTNTEAFF	TRBV4-1	TRBJ1-1
CASSTRQGRYGYTF	TRBV7-2	TRBJ1-2
CASSLWLTLAPYEQYF	TRBV12-3	TRBJ2-7
CASSTQGASTDTQYF	TRBV18	TRBJ2-3
CASSQDWDGGEQYF	TRBV4-1	TRBJ2-7
CSARGLAGSNF	TRBV20-1	TRBJ2-1
CSARQDSYNEQFF	TRBV20-1	TRBJ2-1
CASSDRGQRGTDTQYF	TRBV25-1	TRBJ2-3
CASSLISGSFLHTGELFF	TRBV28	TRBJ2-2
CASSTLTDTQYF	TRBV11-2	TRBJ2-3
CASSAGAGGYTF	TRBV2	TRBJ1-2
CASSLRGLAGVDTQYF	TRBV5-1	TRBJ2-3
CASSPVDTWNTEAFF	TRBV18	TRBJ1-1
CASSFLRGRNNSPLHF	TRBV6-6	TRBJ1-6
CASSLVLAGVGDEFF	TRBV11-2	TRBJ2-1
CSARRGVNEQFF	TRBV20-1	TRBJ2-1
CASSPSGSSTGANVLTF	TRBV28	TRBJ2-6
CSAREIRGGNQPQHF	TRBV20-1	TRBJ1-5
CASSQGSFTNTGELFF	TRBV14	TRBJ2-2
CSATGRGIGGYTF	TRBV20-1	TRBJ1-2
CAISDAQGLKYEQYF	TRBV10-3	TRBJ2-7
CASSPAGSNEQFF	TRBV5-6	TRBJ2-1
CSVENQNEQFF	TRBV29-1	TRBJ2-1
CASSPDSGTDTQYF	TRBV4-1	TRBJ2-3
CSARGGSGTGYLNEQFF	TRBV20-1	TRBJ2-1
CSARAGHTDTQYF	TRBV20-1	TRBJ2-3
CASSEGWGVLKPQHF	TRBV6-1	TRBJ1-5
CASRVSSSGPQYF	TRBV6-2	TRBJ2-3
CASSGGQGGSGANVLTF	TRBV2	TRBJ2-6
CASSRASGSIETQYF	TRBV4-1	TRBJ2-5
CASSTEAGYSYEQYF	TRBV6-5	TRBJ2-7
CATSDPTGDGYNEQFF	TRBV24-1	TRBJ2-1
CASSDLRVTSGRSEQFF	TRBV2	TRBJ2-1
CASSPRARNGYTF	TRBV18	TRBJ1-2
CASSGWTGAGNEQFF	TRBV27	TRBJ2-1
CSANLGTSGRGSGELFF	TRBV20-1	TRBJ2-2
CSARAFF	TRBV20-1	TRBJ1-1
CASSYHSSEYF	TRBV12-3	TRBJ1-3
CSAQGPSGRATEQFF	TRBV20-1	TRBJ2-1
CASSLGGSGELFF	TRBV9	TRBJ2-2
CASSVGVLEQYF	TRBV2	TRBJ2-7
CASSSVGTDTQYF	TRBV7-2	TRBJ2-3
CASSLALSINEQFF	TRBV5-1	TRBJ2-1
CASSISGTSGGETQYF	TRBV5-1	TRBJ2-5
CATSDPGLASYNEQFF	TRBV24-1	TRBJ2-1
CSARNMGGLAGIIQYF	TRBV20-1	TRBJ2-4
CASSLEMRAFF	TRBV7-2	TRBJ1-1
CASSLRGTGGTDTQYF	TRBV11-2	TRBJ2-3
CAWRHNRDRGRVSKNIQYF	TRBV30	TRBJ2-4
CASSLVRGTDTQYF	TRBV3-1	TRBJ2-3
CSAMDGLSPLHF	TRBV20-1	TRBJ1-6
CSVEMQSISSF	TRBV29-1	TRBJ1-2
CASRNGGVPNTGELFF	TRBV12-3	TRBJ2-2
CASSRSSYEQYF	TRBV6-2	TRBJ2-7
CASSFHNGGLFF	TRBV12-3	TRBJ1-4
CASSTGDTDTQYF	TRBV3-1	TRBJ2-3
CASSGPGGPGELFF	TRBV25-1	TRBJ2-2
CAWSNHPTGTVNQPQHF	TRBV30	TRBJ1-5
CASSIGTRGTDTQYF	TRBV19	TRBJ2-3
CSARDLGGRADTQYF	TRBV20-1	TRBJ2-3
CASSGTGRKYEQYF	TRBV6-2	TRBJ2-7
CASSQPGQGNSPLHF	TRBV3-1	TRBJ1-6
CASSYGIGGRASDETQYF	TRBV6-6	TRBJ2-5
CASGMAGETEQYF	TRBV12-5	TRBJ2-7
CASSSQGDFGTGEQFF	TRBV7-2	TRBJ2-1
CASSYVAPGQPQHF	TRBV6-2	TRBJ1-5
CASSLRPKDEKLFF	TRBV5-1	TRBJ1-4
CASSLSGREFF	TRBV6-2	TRBJ2-1
CASSEQGLAGGETQYF	TRBV25-1	TRBJ2-5
CASSLFGGSSYEQYF	TRBV28	TRBJ2-7
CASSPGQGANYGYTF	TRBV12-3	TRBJ1-2
CASNGQSYEQYF	TRBV6-1	TRBJ2-7
CASYDSTDTQYF	TRBV5-1	TRBJ2-3
CASSVDQYGNTIYF	TRBV9	TRBJ1-3
CASSVRSSSEEQFF	TRBV2	TRBJ2-1
CSARDGGGLGKLFF	TRBV20-1	TRBJ1-4
CASSPQGMREKLFF	TRBV18	TRBJ1-4
CASSQKGTTNQETQYF	TRBV18	TRBJ2-5
CASRVGRPSYEQYF	TRBV6-1	TRBJ2-7
CASWDRVNTGELFF	TRBV7-6	TRBJ2-2
CASGASWDRAVRSYEQYF	TRBV10-2	TRBJ2-7
CAWRRPPVGTEAFF	TRBV30	TRBJ1-1
CSARMGGNTGELFF	TRBV20-1	TRBJ2-2
CASSLGGGQNTDTQYF	TRBV11-1	TRBJ2-3
CASSAPTSPGANVLTF	TRBV28	TRBJ2-6
CASSYFSGYNEQFF	TRBV6-5	TRBJ2-1
CASSLRRGRTDTQYF	TRBV27	TRBJ2-3
CASSIGLAGYNEQFF	TRBV19	TRBJ2-1
CASSLSLGYNSPLHF	TRBV27	TRBJ1-6
CASSPGQSSYNEQFF	TRBV27	TRBJ2-1
CSVWFGQLTEAFF	TRBV29-1	TRBJ1-1
CSAEGQNSYEQYF	TRBV20-1	TRBJ2-7
CSVDRGPTTAETEAFF	TRBV29-1	TRBJ1-1
CASSDKGQGYEQYF	TRBV25-1	TRBJ2-7
CSAQKTGGSTYEQYF	TRBV20-1	TRBJ2-7
CSARPSTGTTYEQYF	TRBV20-1	TRBJ2-7
CASSGWASNTGELFF	TRBV6-5	TRBJ2-2
CASSFTGTVDNEQFF	TRBV7-2	TRBJ2-1
CASSIIWTSLEKPSYNEQFF	TRBV19	TRBJ2-1
CASSYAPDTQYF	TRBV6-6	TRBJ2-3
CASSEGNEQFF	TRBV25-1	TRBJ2-1
CASSPGLAADTQYF	TRBV5-6	TRBJ2-3
CASSQDPGQGASNQPQHF	TRBV3-1	TRBJ1-5
CASSSSPQRIGRSSYEQYV	TRBV6-2	TRBJ2-7
CASSPGGDTQYF	TRBV3-1	TRBJ2-3
CASTAGSGANVLTF	TRBV25-1	TRBJ2-6
CASSLGTSFEQFF	TRBV7-3	TRBJ2-1
CASSYGRPPSYNEQFF	TRBV12-3	TRBJ2-1
CAWMAGHQNSPLHF	TRBV30	TRBJ1-6
CASRSFLGSGNTIYF	TRBV12-3	TRBJ1-3
CSARDPRADSYNEQFF	TRBV20-1	TRBJ2-1
CASSGKGTPRDGTQYF	TRBV6-1	TRBJ2-5
CASSDLTRGEQYF	TRBV25-1	TRBJ2-7
CASSWGGGGGTEAFF	TRBV6-5	TRBJ1-1
CASKGTAGTGELFF	TRBV19	TRBJ2-2
CATSDALASESRGEQFF	TRBV24-1	TRBJ2-1
CASSVETGYGYTF	TRBV9	TRBJ1-2
CASSYVTGGEQYF	TRBV6-5	TRBJ2-7
CSARDDDRVLSNSPLHF	TRBV20-1	TRBJ1-6
CASSQSLSNQPQHF	TRBV25-1	TRBJ1-5
CASSLWAGLAGVGQETQYF	TRBV28	TRBJ2-5
CASSVSSGRYNEQFF	TRBV2	TRBJ2-1
CASSPRGGGGNEQFF	TRBV25-1	TRBJ2-1
CASSLDGGTGNEQFF	TRBV11-2	TRBJ2-1
CASSQATSGRPNEQFF	TRBV3-1	TRBJ2-1
CASRNRGEGRKNIQYF	TRBV19	TRBJ2-4
CSAEKYSYGYTF	TRBV20-1	TRBJ1-2
CASSLTTSAKYNEQFF	TRBV7-3	TRBJ2-1
CASSLGQTRLADNEQFF	TRBV5-6	TRBJ2-1
CASSRDRDLNYGYTF	TRBV18	TRBJ1-2
CASSLAGGGNEQFF	TRBV5-1	TRBJ2-1
CASSDRVHEQFF	TRBV2	TRBJ2-1
CSAVGRAGLNEKLFF	TRBV20-1	TRBJ1-4
CSVEPTLGRAFF	TRBV29-1	TRBJ1-1
CSARESRGKLTDTQYF	TRBV20-1	TRBJ2-3
CASSGDRDLYNEQFF	TRBV25-1	TRBJ2-1
CASSYSRGQRNTEAFF	TRBV6-5	TRBJ1-1
CASKYGGGGEKLFF	TRBV2	TRBJ1-4
CASNPQGVGYTF	TRBV28	TRBJ1-2
CASNHNGVTEAFF	TRBV6-1	TRBJ1-1
CSVVFAGGHRTDTQYF	TRBV29-1	TRBJ2-3
CASSLVSYGYTF	TRBV7-2	TRBJ1-2
CASSSLAGTPYEQYF	TRBV7-2	TRBJ2-7
CASSPRQAGANVLTF	TRBV12-3	TRBJ2-6
CSVDLTDTQYF	TRBV29-1	TRBJ2-3
CASSVGGGASSSYNEQFF	TRBV9	TRBJ2-1
CASSLLGDSGANVLTF	TRBV9	TRBJ2-6
CASSPTSGTYNEQFF	TRBV11-2	TRBJ2-1
CSAPGGLAAYNEQFF	TRBV20-1	TRBJ2-1
CSARDSGVMRTDTQYF	TRBV20-1	TRBJ2-3
CASSSSALGAKNIQYF	TRBV7-2	TRBJ2-4
CASSPTGWDGYTF	TRBV18	TRBJ1-2
CSARSTGNQPQHF	TRBV20-1	TRBJ1-5
CASSRASGELFF	TRBV4-2	TRBJ2-2
CASSPKTGNTGELFF	TRBV10-2	TRBJ2-2
CSARHSGGERKNIQYF	TRBV20-1	TRBJ2-4
CASSTHLQNTGELFF	TRBV19	TRBJ2-2
CASSQSPTGGRYEQYF	TRBV4-1	TRBJ2-7
CSGGRAGGSKTQYF	TRBV20-1	TRBJ2-5
CASSLGSGKYEQYF	TRBV5-1	TRBJ2-7
CAWSEAGHTEAFF	TRBV30	TRBJ1-1
CASRGALESPNSPLHF	TRBV2	TRBJ1-6
CASSGGTANTGELFF	TRBV5-1	TRBJ2-2
CASNTGLPSTDTQYF	TRBV5-1	TRBJ2-3
CASSPRQGTGYGYTF	TRBV27	TRBJ1-2
CASSLSPEGNQETQYF	TRBV28	TRBJ2-5
CASSYSSGANVLTF	TRBV6-6	TRBJ2-6
CASSRGQPRYYNSPLHF	TRBV27	TRBJ1-6
CASSLVSNQPQHF	TRBV28	TRBJ1-5
CSVVFGQGLYEQYF	TRBV29-1	TRBJ2-7
CASLILAGGTDTQYF	TRBV6-1	TRBJ2-3
CASRQGLGANVLTF	TRBV5-1	TRBJ2-6
CASREAASSYEQYV	TRBV5-1	TRBJ2-7
CSASPGLAGGNRGEETQYF	TRBV20-1	TRBJ2-5
CAITRDEDQPQHF	TRBV10-3	TRBJ1-5
CASSSGAGANVLTF	TRBV7-2	TRBJ2-6
CASSEARDRGRIAGNTIYF	TRBV6-1	TRBJ1-3
CSASGGDNQPQHF	TRBV20-1	TRBJ1-5
CASSQDTRAPLHF	TRBV14	TRBJ1-6
CASSQRFNQRETTYEQYF	TRBV4-2	TRBJ2-7
CASSHKGARETQYF	TRBV3-1	TRBJ2-5
CASSLTPGPNYEQYV	TRBV28	TRBJ2-7
CASIKGTSGNAKNIQYF	TRBV6-6	TRBJ2-4
CSATGTGHGYTF	TRBV20-1	TRBJ1-2
CSAPDRVSNQPQHF	TRBV20-1	TRBJ1-5
CASSVQGSGELFF	TRBV2	TRBJ2-2
CASFGGAANYGYTF	TRBV2	TRBJ1-2
CASSPSPTGYDNGYTF	TRBV9	TRBJ1-2
CASSSGTLSSYNEQFF	TRBV9	TRBJ2-1
CASSLDRNDNQPQHF	TRBV7-2	TRBJ1-5
CASSTPAGVGEQYF	TRBV7-2	TRBJ2-7
CASSQFLIAGTNTEAFF	TRBV14	TRBJ1-1
CSALRGQYNEQFF	TRBV20-1	TRBJ2-1
CASSLSGSSYNSPLHF	TRBV11-1	TRBJ1-6
CASSQEGRHYGYTF	TRBV4-1	TRBJ1-2
CATSRDGGGYQPQHF	TRBV15	TRBJ1-5
CASSPEGLAGRAPTYNEQFF	TRBV5-1	TRBJ2-1
CSVAQDSGANVLTF	TRBV29-1	TRBJ2-6
CASSMGTGGKYEQYV	TRBV6-6	TRBJ2-7
CASSPPGAGQETQYF	TRBV18	TRBJ2-5
CASSFSLAGDNEQFF	TRBV5-6	TRBJ2-1
CASSLEGGHTGELFF	TRBV9	TRBJ2-2
CASSQVIPSGANVLTF	TRBV3-1	TRBJ2-6
CASSTLPSYEQYF	TRBV6-1	TRBJ2-7
CASSHPGLAGGPVSPDTQYF	TRBV4-1	TRBJ2-3
CASSPAGWAGGGEQYV	TRBV11-2	TRBJ2-7
CASSYSKGRYGYTF	TRBV6-6	TRBJ1-2
CASSIQHWTWNEQYF	TRBV19	TRBJ2-7
CASKGTSYSGANVLTF	TRBV2	TRBJ2-6
CASSVDFKITDTQYF	TRBV7-2	TRBJ2-3
CASSPTGARNQPQHF	TRBV28	TRBJ1-5
CASSPVVGMTEAFF	TRBV19	TRBJ1-1
CASSSPSRPGNQPQHF	TRBV28	TRBJ1-5
CASSLRREQYF	TRBV7-2	TRBJ2-7
CASTGGRQQFF	TRBV2	TRBJ2-1
CASSLAGARNQPQHF	TRBV28	TRBJ1-5
CASGFHGADTQYF	TRBV12-5	TRBJ2-3
CASSLDRNSYEQYF	TRBV5-1	TRBJ2-7
CASSDPRGWGTDTQYF	TRBV25-1	TRBJ2-3
CASSYSESSTDTQYF	TRBV6-5	TRBJ2-3
CASRPRRSRLDEQFF	TRBV11-2	TRBJ2-1
CASSPLAGETQYF	TRBV18	TRBJ2-5
CASSTTQLVAGGPRDEQFF	TRBV12-3	TRBJ2-1
CASSERTSGAYQETQYF	TRBV25-1	TRBJ2-5
CASSSRLEQYF	TRBV3-1	TRBJ2-7
CASSWGTEISNQPQHF	TRBV12-3	TRBJ1-5
CASSGQGALGGEKLFF	TRBV2	TRBJ1-4
CATSDPTGLNEQFF	TRBV24-1	TRBJ2-1
CASSLRRTGGQPQHF	TRBV12-3	TRBJ1-5
CSASGASGITNTGELFF	TRBV20-1	TRBJ2-2
CASSVALLGETQYF	TRBV9	TRBJ2-5
CASSQGRVTEAFF	TRBV4-2	TRBJ1-1
CASSLFGAAQPQHF	TRBV5-6	TRBJ1-5
CAWSQTSGSTEAFF	TRBV30	TRBJ1-1
CASSNQGREAFF	TRBV6-5	TRBJ1-1
CASSRGTGNYGYTF	TRBV18	TRBJ1-2
CASTAWSTGELFF	TRBV6-5	TRBJ2-2
CASSFEPGNTDTQYF	TRBV5-1	TRBJ2-3
CASSSGLPNYEQYF	TRBV12-3	TRBJ2-7
CAWSWRDRVSGEQYF	TRBV30	TRBJ2-7
CASSYTFSGKEQFF	TRBV6-6	TRBJ2-1
CSARDLVRVAQETQYF	TRBV20-1	TRBJ2-5
CASSVERNTGELFF	TRBV2	TRBJ2-2
CASSPLAGLIGELFF	TRBV7-6	TRBJ2-2
CASRLGARGTDTQYF	TRBV5-1	TRBJ2-3
CASSPRGGTASYEQYF	TRBV7-3	TRBJ2-7
CASSGGRGLAASTDTQYF	TRBV2	TRBJ2-3
CASSPITQTGMRTF	TRBV12-3	TRBJ1-2
CASSYSISAESTEAFF	TRBV6-6	TRBJ1-1
CASSRTSGNTDTQYF	TRBV12-3	TRBJ2-3
CASSWSQETQYF	TRBV6-6	TRBJ2-5
CASSLSSGRLLAKNIQYF	TRBV28	TRBJ2-4
CSAPKRELRNEQFF	TRBV20-1	TRBJ2-1
CASSQARELGHNEQFF	TRBV4-1	TRBJ2-1
CASSLGLAGAQYV	TRBV7-2	TRBJ2-7
CASSEYLAGRSYEQYF	TRBV2	TRBJ2-7
CASSLSGRAGVEQYF	TRBV5-1	TRBJ2-7
CASSLGLTNEKLFF	TRBV5-6	TRBJ1-4
CSAPLARNEQFF	TRBV20-1	TRBJ2-1
CASSGVQREMREQYF	TRBV25-1	TRBJ2-7
CASKNSGMVKEQYF	TRBV5-1	TRBJ2-7
CASSTQGDYYGYTF	TRBV19	TRBJ1-2
CASRSDPVTYNEQFF	TRBV4-3	TRBJ2-1
CASSEHEQFF	TRBV25-1	TRBJ2-1
CSARDLAVHPYEQYF	TRBV20-1	TRBJ2-7
CASSSTYGYTF	TRBV28	TRBJ1-2
CASSLVRGNEQFF	TRBV6-2	TRBJ2-1
CASSYSSGGRVPTEAFF	TRBV6-2	TRBJ1-1
CASSESTGGNSPLHF	TRBV25-1	TRBJ1-6
CASSLLQSGGGYTF	TRBV27	TRBJ1-2
CSVELGAPGELFF	TRBV29-1	TRBJ2-2
CASTKDGYSYEQYF	TRBV27	TRBJ2-7
CASSLGGVRETQYF	TRBV7-6	TRBJ2-5
CASSLMPGPYGYTF	TRBV12-3	TRBJ1-2
CASSIEAGGWKRGYTF	TRBV12-3	TRBJ1-2
CASSPPSGTGSRADTQYF	TRBV6-5	TRBJ2-3
CASSPGRLVFTSYEQYF	TRBV11-2	TRBJ2-7
CASSEGGSHGYTF	TRBV6-1	TRBJ1-2
CSARGGLQVLSEAFF	TRBV20-1	TRBJ1-1
CASSLGQGDDIQYF	TRBV5-1	TRBJ2-4
CASSLGGDRGVYNSPLHF	TRBV27	TRBJ1-6
CASSPSGASYEQYF	TRBV18	TRBJ2-7
CASSGNSQVPNYGYTF	TRBV6-1	TRBJ1-2
CASREYQTGELFF	TRBV2	TRBJ2-2
CASGLMISTDTQYF	TRBV10-2	TRBJ2-3
CASSLEGARETQYF	TRBV5-1	TRBJ2-5
CASSLESAGELFF	TRBV11-2	TRBJ2-2
CASSPGTENTEAFF	TRBV2	TRBJ1-1
CSAIPGRTGLVEQYF	TRBV20-1	TRBJ2-7
CASSPTTAGITEAFF	TRBV18	TRBJ1-1
CASSPPPRGAVQTQYF	TRBV7-2	TRBJ2-3
CAVAGRGTDTQYF	TRBV19	TRBJ2-3
CASTNDRGLAGVPQIEQFF	TRBV12-3	TRBJ2-1
CASSVSPGGNSPLHF	TRBV9	TRBJ1-6
CSAVGGRGPGEQYF	TRBV20-1	TRBJ2-7
CASSLTGGEYF	TRBV12-3	TRBJ2-7
CASSGGTGELFF	TRBV6-1	TRBJ2-2
CATAPGGGRTDTQYF	TRBV24-1	TRBJ2-3
CASGGRYNEQFF	TRBV12-3	TRBJ2-1
CASSQVPWDATDTQYF	TRBV4-1	TRBJ2-3
CSASLWGRGTYEQYF	TRBV20-1	TRBJ2-7
CAISESEAYGYTF	TRBV10-3	TRBJ1-2
CASSQGIGQGSYEQYF	TRBV4-1	TRBJ2-7
CASSFKGGGLAGGPHTDTQYF	TRBV12-3	TRBJ2-3
CASSGGGGWIGYTF	TRBV6-1	TRBJ1-2
CASSLGSVREELFF	TRBV12-3	TRBJ2-2
CASSPWGQPQHF	TRBV12-3	TRBJ1-5
CASRITSGGYNEQFF	TRBV6-1	TRBJ2-1
CASSIITGAGGQPQHF	TRBV19	TRBJ1-5
CASRDRGRGDEKLFF	TRBV6-1	TRBJ1-4
CASSTLEGETQYF	TRBV2	TRBJ2-5
CASSWGDSRTEAFF	TRBV5-1	TRBJ1-1
CASTQMRLAGGQQFF	TRBV2	TRBJ2-1
CASSPSGAYGYTF	TRBV3-1	TRBJ1-2
CASTLGGAGTQYF	TRBV6-6	TRBJ2-5
CASNHGLAGQNTEAFF	TRBV5-1	TRBJ1-1
CASRGSVSGNTIYF	TRBV3-1	TRBJ1-3
CATSRDPGADEQYF	TRBV15	TRBJ2-7
CAARQGPQPQHF	TRBV9	TRBJ1-5
CASSGRDGGLGSPLHF	TRBV2	TRBJ1-6
CASSHRETQYF	TRBV4-1	TRBJ2-5
CASSVWGQGGEKLFF	TRBV9	TRBJ1-4
CASSRSGGSYNEQFF	TRBV7-3	TRBJ2-1
CASSTGGAGYEQYF	TRBV2	TRBJ2-7
CATLPGQGFTEAFF	TRBV2	TRBJ1-1
CASGLGRDRGIGELFF	TRBV12-5	TRBJ2-2
CASAWQGGLGNTIYF	TRBV27	TRBJ1-3
CASSPKTSGVGEQFF	TRBV7-3	TRBJ2-1
CASRRENYGYTF	TRBV12-3	TRBJ1-2
CASSLRLAGANEQFF	TRBV7-2	TRBJ2-1
CSAGTARNEKLFF	TRBV20-1	TRBJ1-4
CAIKKQGANTIYF	TRBV10-3	TRBJ1-3
CASSSGVGGGAQETQYF	TRBV5-1	TRBJ2-5
CSVPSRAPGRGKLFF	TRBV20-1	TRBJ1-4
CASGKERGVGYTF	TRBV2	TRBJ1-2
CASSQRGGNTGELFF	TRBV5-1	TRBJ2-2
CASSPTVQAYGYTF	TRBV12-3	TRBJ1-2
CASSPGQEYGYTF	TRBV11-2	TRBJ1-2
CASSQVGAGPRNTEAFF	TRBV4-1	TRBJ1-1
CSVGWGDTQYF	TRBV29-1	TRBJ2-3
CASSQGTGTRTQYF	TRBV3-1	TRBJ2-3
CASSDPPRGRYGYTF	TRBV4-1	TRBJ1-2
CASSLSLQGAGELFF	TRBV5-1	TRBJ2-2
CASSDSGYGYTF	TRBV6-1	TRBJ1-2
CASNRPPNSPLHF	TRBV19	TRBJ1-6
CASSSPPVGGKQYF	TRBV6-2	TRBJ2-7
CATSDSGRHGYTF	TRBV24-1	TRBJ1-2
CSAYRGYTEAFF	TRBV20-1	TRBJ1-1
CASSPVGGRAETQYF	TRBV5-6	TRBJ2-5
CATSRGGPTGELFF	TRBV28	TRBJ2-2
CASSFGSRTDTQYF	TRBV7-3	TRBJ2-3
CAWSVYRTGDNSPLHF	TRBV30	TRBJ1-6
CASSRDSLRDEQFF	TRBV6-1	TRBJ2-1
CASSLPGGRGGETQYF	TRBV11-2	TRBJ2-5
CAWSYGTGNYGYTF	TRBV30	TRBJ1-2
CASSLGQPTNEKLFF	TRBV5-1	TRBJ1-4
CASSNYRVSTEAFF	TRBV7-2	TRBJ1-1
CASRASGTVQYF	TRBV28	TRBJ2-7
CASSPGGLAGGGTQYF	TRBV4-1	TRBJ2-5
CASSPSGLRGVHEQFF	TRBV5-1	TRBJ2-1
CASSYSGGTFLQEQYF	TRBV6-2	TRBJ2-7
CASSSQLGLDEQYF	TRBV11-2	TRBJ2-7
CASTNTGELFF	TRBV10-1	TRBJ2-2
CAWSRGGVTEAFF	TRBV30	TRBJ1-1
CSVERQGLPGYTF	TRBV29-1	TRBJ1-2
CASSELGGAETQYF	TRBV10-2	TRBJ2-5
CASSWGRGGYTDTQYF	TRBV5-1	TRBJ2-3
CAISGEVNTGELFF	TRBV10-3	TRBJ2-2
CASSFPASASTDTQYF	TRBV11-2	TRBJ2-3
CASSPGIHQETQYF	TRBV18	TRBJ2-5
CASSLDPGANYGYTF	TRBV11-2	TRBJ1-2
CASSSGGFGNIQYF	TRBV6-2	TRBJ2-4
CASSLESQGAAFF	TRBV11-2	TRBJ1-1
CASSEGGRGGEQYF	TRBV7-6	TRBJ2-7
CATSLDRGGTGELFF	TRBV24-1	TRBJ2-2
CSARDPYFTGRDEQFF	TRBV20-1	TRBJ2-1
CASSLTGPRNYGYTF	TRBV5-1	TRBJ1-2
CSARASGGNTEAFF	TRBV20-1	TRBJ1-1
CASRRDRGARGANVLTF	TRBV2	TRBJ2-6
CASSEGVGFLGGSGANVLTF	TRBV2	TRBJ2-6
CASSGGYTGELFF	TRBV2	TRBJ2-2
CASSPLEGSGTQYF	TRBV18	TRBJ2-5
CASSIGTSRQETQYF	TRBV7-2	TRBJ2-5
CASSQRSFAGGPDTQYF	TRBV18	TRBJ2-3
CATSDGGLGNQPQHF	TRBV24-1	TRBJ1-5
CASSLETGAEAEAFF	TRBV11-2	TRBJ1-1
CASSGEGAQDYGYTF	TRBV28	TRBJ1-2
CASSLGAGVQETQYF	TRBV5-1	TRBJ2-5
CASSALAAGGESQHF	TRBV6-1	TRBJ1-5
CASSPPRGRQGEKLFF	TRBV4-1	TRBJ1-4
CASSWGGTDTQYF	TRBV12-3	TRBJ2-3
CASSLTNEKLFF	TRBV25-1	TRBJ1-4
CASSLAPADPTTYEQYF	TRBV5-1	TRBJ2-7
CASSRLPGQSGNTIYF	TRBV4-1	TRBJ1-3
CASSLRRGQETQYF	TRBV5-1	TRBJ2-5
CASSQTSDRSSYNEQFF	TRBV25-1	TRBJ2-1
CASSQTDLAGYTDTQYF	TRBV25-1	TRBJ2-3
CASSLEGSHTDTQYF	TRBV5-1	TRBJ2-3
CASGYQDTDTQYF	TRBV12-3	TRBJ2-3
CASRVGSNEQFF	TRBV6-1	TRBJ2-1
CSVDALTAGEFTNEQFF	TRBV29-1	TRBJ2-1
CASSHGRDTEAFF	TRBV4-3	TRBJ1-1
CASTGTGGSGNTIYF	TRBV2	TRBJ1-3
CASSPRDQQETQYF	TRBV11-3	TRBJ2-5
CASTAVDTQYF	TRBV25-1	TRBJ2-3
CATSGPRLGLSYEQYF	TRBV15	TRBJ2-7
CASSPPGGSNEKLFF	TRBV19	TRBJ1-4
CASSLGLAGRGIVTGELFF	TRBV12-3	TRBJ2-2
CASSSNQPQHF	TRBV6-6	TRBJ1-5
CAWSMGGPYSNQPQHF	TRBV30	TRBJ1-5
CATSDPGEPKAFF	TRBV24-1	TRBJ1-1
CASLPGQYTGELFF	TRBV19	TRBJ2-2
CASGFIIPGQGPHSNQPQHF	TRBV12-5	TRBJ1-5
CASCPPGGKNEQFF	TRBV6-1	TRBJ2-1
CSASPLSPGTYEQYF	TRBV20-1	TRBJ2-7
CASSQEGDRAMNTEAFF	TRBV25-1	TRBJ1-1
CASSQEFWSPSYEQYF	TRBV3-1	TRBJ2-7
CASSLDGREDEAFF	TRBV5-1	TRBJ1-1
CASSIRTGNEQYF	TRBV19	TRBJ2-7
CASSPRDSGDLNTGELFF	TRBV6-5	TRBJ2-2
CASRSDQPQHF	TRBV6-6	TRBJ1-5
CASSTWGLDGYTF	TRBV6-5	TRBJ1-2
CASSSAPGGTNEKLFF	TRBV7-2	TRBJ1-4
CASSLNRGRETQYF	TRBV6-1	TRBJ2-5
CASSYHNEQFF	TRBV5-1	TRBJ2-1
CASSESKGANSPLHF	TRBV25-1	TRBJ1-6
CASSQDQASGRRDEQFF	TRBV4-1	TRBJ2-1
CSARAGRVSGNTIYF	TRBV20-1	TRBJ1-3
CASRGKIWREGQETQYF	TRBV2	TRBJ2-5
CASSLTGDLRAFF	TRBV27	TRBJ1-1
CASSYSRGQETQYF	TRBV6-2	TRBJ2-5
CASSQPRDGTGELFF	TRBV4-1	TRBJ2-2
CASSVGSVATDTQYF	TRBV9	TRBJ2-3
CAWRAIGANVLTF	TRBV30	TRBJ2-6
CASSEILAGGNTDTQYF	TRBV25-1	TRBJ2-3
CASSYVAYEQYF	TRBV6-2	TRBJ2-7
CSALGLRTSADNEQFF	TRBV20-1	TRBJ2-1
CSARGTGSQPQHF	TRBV20-1	TRBJ1-5
CASGPGVGGWVAGAKNIQYF	TRBV27	TRBJ2-4
CASSQEGVRSETQYF	TRBV4-1	TRBJ2-5
CATLTGTSGRQQYF	TRBV6-2	TRBJ2-3
CASSQLPTQGGEQYF	TRBV3-1	TRBJ2-7
CASSLDISKNIQYF	TRBV6-6	TRBJ2-4
CSANAGANEKLFF	TRBV20-1	TRBJ1-4
CASSSNPGLAGYHEQFF	TRBV28	TRBJ2-1
CSARDRDRGWTEAFF	TRBV20-1	TRBJ1-1
CASSQTRDPEAFF	TRBV4-2	TRBJ1-1
CASTLGLAGADTQYF	TRBV5-1	TRBJ2-3
CASSPRSGGDTGELFF	TRBV4-2	TRBJ2-2
CASSLEGAGKYNEQFF	TRBV11-3	TRBJ2-1
CASSLTGTGGGETQYF	TRBV28	TRBJ2-5
CASRPTRTGFYGYTF	TRBV5-1	TRBJ1-2
CASLQGHGAEETQYF	TRBV2	TRBJ2-5
CASSRPRARNEQFF	TRBV7-2	TRBJ2-1
CASSPRYSFLDVTSTDTQYF	TRBV18	TRBJ2-3
CASSGFNEQFF	TRBV27	TRBJ2-1
CASSGLGLAGLNSYNEQFF	TRBV5-1	TRBJ2-1
CASSLDVGRETQYF	TRBV5-6	TRBJ2-5
CASSSGGGNQPQHF	TRBV18	TRBJ1-5
CASSGGQGAGETQYF	TRBV11-3	TRBJ2-5
CAYLLTGGNGGNTIYF	TRBV30	TRBJ1-3
CASSQDGASGRVTDTQYF	TRBV4-2	TRBJ2-3
CASSPLRLKTNTEAFF	TRBV7-2	TRBJ1-1
CASSQRRGDSSYNEQFF	TRBV14	TRBJ2-1
CASSQEGLYNEQFF	TRBV4-1	TRBJ2-1
CASAIPPLPGRAGSYEQYF	TRBV2	TRBJ2-7
CASSITGGADYEQYF	TRBV19	TRBJ2-7
CASGTLGGGYTF	TRBV12-5	TRBJ1-2
CASSPGRGEQYF	TRBV6-6	TRBJ2-7
CSARGRGGELFF	TRBV20-1	TRBJ2-2
CAISAGRPAGQETQYF	TRBV10-3	TRBJ2-5
CASTPRPGQPISYEQYF	TRBV6-2	TRBJ2-7
CASSFLWVTEAFF	TRBV11-3	TRBJ1-1
CASSQDMGKLFF	TRBV14	TRBJ1-4
CASSWTLAGDSYEQYF	TRBV5-1	TRBJ2-7
CASSLPGGPGELFF	TRBV4-1	TRBJ2-2
CSAGVSSHEQYF	TRBV29-1	TRBJ2-7
CASSQVRTADYEQYF	TRBV3-1	TRBJ2-7
CASRPGQGDYGYTF	TRBV12-3	TRBJ1-2
CASSTTGAAETTDTQYF	TRBV19	TRBJ2-3
CASSLAAGTAGDTQYF	TRBV5-1	TRBJ2-3
CASSLEGWGQDNQPQHF	TRBV7-2	TRBJ1-5
CASSQSATNEKLFF	TRBV12-3	TRBJ1-4
CASSPEGAEAFF	TRBV6-2	TRBJ1-1
CASSPKLSDREAETQYF	TRBV18	TRBJ2-5
CASSVATTSGSWVQGANVLTF	TRBV9	TRBJ2-6
CASSHRTGGVLSEAFF	TRBV3-1	TRBJ1-1
CASSLSSGRTSGEKQYF	TRBV28	TRBJ2-7
CASGGPNEQFF	TRBV2	TRBJ2-1
CASSESARGETQYF	TRBV25-1	TRBJ2-5
CASSYSTTGELFF	TRBV6-2	TRBJ2-2
CASTRSGTGLHNEQFF	TRBV5-1	TRBJ2-1
CASSDPVDRTGEETQYF	TRBV25-1	TRBJ2-5
CASSHLGGGARREQYF	TRBV4-1	TRBJ2-7
CSARGESGQGGYTF	TRBV20-1	TRBJ1-2
CASRTYSGGQYEQYF	TRBV11-2	TRBJ2-7
CASSRDSATNEKLFF	TRBV2	TRBJ1-4
CASCWGGRAYEQFF	TRBV28	TRBJ2-1
CASSQTSGRAGQYF	TRBV14	TRBJ2-7
CASSPFNSGANVLTF	TRBV28	TRBJ2-6
CASSVEGASSGNTIYF	TRBV9	TRBJ1-3
CASSQVGVKTGGSTQYF	TRBV4-1	TRBJ2-3
CASSEDGGYGYTF	TRBV6-1	TRBJ1-2
CASSQERLAGNTGELFF	TRBV4-3	TRBJ2-2
CASSLGGPGQETQYF	TRBV7-2	TRBJ2-5
CASSQDGLAGETQYF	TRBV4-3	TRBJ2-5
CASRLLAGVYNEQFF	TRBV6-1	TRBJ2-1
CASSLSGGAQNIQYF	TRBV14	TRBJ2-4
CASSHAPARGYEQYF	TRBV4-1	TRBJ2-7
CASSLFLGAGGNTEAFF	TRBV27	TRBJ1-1
CSVRFHSGRSGDTQYF	TRBV20-1	TRBJ2-3
CASSSSTSGIISGANVLTF	TRBV27	TRBJ2-6
CASSVGQGVYGYTF	TRBV14	TRBJ1-2
CSAVQEGTLHF	TRBV20-1	TRBJ1-6
CASSESETGNEKLFF	TRBV25-1	TRBJ1-4
CSPRTGTIYGYTF	TRBV20-1	TRBJ1-2
CASSPGLAGAHEQFF	TRBV12-3	TRBJ2-1
CASQPTGSSLTNEKLFF	TRBV19	TRBJ1-4
CSAREGLAGTIRGNEQFF	TRBV20-1	TRBJ2-1
CASSSRGAYEQYF	TRBV11-2	TRBJ2-7
CASGAFGLTDTQYF	TRBV27	TRBJ2-3
CASSQGGYQETQYF	TRBV3-1	TRBJ2-5
CASSQVRGEDQPQHF	TRBV3-1	TRBJ1-5
CATKKQGLKFDTEAFF	TRBV19	TRBJ1-1
CASSQDPRTSGTDTQYF	TRBV3-1	TRBJ2-3
CASSLNFGGDDTEAFF	TRBV5-1	TRBJ1-1
CAWQSRGAVGAQHF	TRBV30	TRBJ1-5
CASSPGRSEQYF	TRBV6-6	TRBJ2-7
CSARFRGRGTGVDYGYTF	TRBV20-1	TRBJ1-2
CSARDRGLTGELFF	TRBV20-1	TRBJ2-2
CASSQGWATGELFF	TRBV3-1	TRBJ2-2
CASSHPGLAVGELFF	TRBV4-1	TRBJ2-2
CASSLFGQGGADTQYF	TRBV28	TRBJ2-3
CASSFSSQVKVEQYF	TRBV11-2	TRBJ2-7
CASSITGRVEAFF	TRBV19	TRBJ1-1
CASSRGGRGSSGNTIYF	TRBV4-1	TRBJ1-3
CATTSIAGNTIYF	TRBV10-3	TRBJ1-3
CASTRDEVTDTQYF	TRBV2	TRBJ2-3
CASSPGRHEQFF	TRBV6-6	TRBJ2-1
CASFRGRGDYGYTF	TRBV2	TRBJ1-2
CSVEGASGRGDTQYF	TRBV29-1	TRBJ2-3
CASSEGQGLSLHF	TRBV25-1	TRBJ1-6
CASSGGAGGPGTQYF	TRBV25-1	TRBJ2-5
CASSPGRNEQFF	TRBV6-6	TRBJ2-1
CASSERGRSGKVGDTQYF	TRBV25-1	TRBJ2-3
CASSLSSGGRETQYF	TRBV7-2	TRBJ2-5
CSAQRGSTSKEQYF	TRBV20-1	TRBJ2-7
CASSELTGVTGANVLTF	TRBV25-1	TRBJ2-6
CASRDPLRANYGYTF	TRBV19	TRBJ1-2
CAWSVRGSKSPLHF	TRBV30	TRBJ1-6
CSARDQRGYNEQFF	TRBV20-1	TRBJ2-1
CSASPERGANVLTF	TRBV20-1	TRBJ2-6
CASSEYGKIGYVTGSYNEQFF	TRBV6-1	TRBJ2-1
CASSIVRGGEDGYTF	TRBV19	TRBJ1-2
CATSDFPDRGGASTDTQYF	TRBV24-1	TRBJ2-3
CASRGLSLVGGLSSYNEQFF	TRBV7-3	TRBJ2-1
CASSSYYEQYF	TRBV7-2	TRBJ2-7
CASSQERAVWSGNTIYF	TRBV4-1	TRBJ1-3
CASSTNRGQETQYF	TRBV25-1	TRBJ2-5
CASSLVAGGDTDTQYF	TRBV7-2	TRBJ2-3
CASSGRHLGQETQYF	TRBV25-1	TRBJ2-5
CASRPGVAGVPSTDTQYF	TRBV4-1	TRBJ2-3
CASSESPSGGSGELFF	TRBV25-1	TRBJ2-2
CASSLRTAGGDTIYF	TRBV5-1	TRBJ1-3
CASSQLSLKERGGYTF	TRBV4-1	TRBJ1-2
CASSIRGQGNYGYTF	TRBV19	TRBJ1-2
CASSEGVATNEKLFF	TRBV25-1	TRBJ1-4
CSARGLGGVSPDTQYF	TRBV20-1	TRBJ2-3
CASSPRPGVLSSYEQYF	TRBV5-1	TRBJ2-7
CASRIPGGTGELFF	TRBV4-1	TRBJ2-2
CASRPGLARDTQYF	TRBV19	TRBJ2-3
CSARPPAGTGTYEQYF	TRBV20-1	TRBJ2-7
CASSLGFGTGELFF	TRBV7-3	TRBJ2-2
CSVGNKPGANVLTF	TRBV20-1	TRBJ2-6
CASSLSASYDEQFF	TRBV5-1	TRBJ2-1
CASSFSGPTEAFF	TRBV12-3	TRBJ1-1
CSARDQAGGQEDTEAFF	TRBV20-1	TRBJ1-1
CAWSYDGLAGGSEQFF	TRBV30	TRBJ2-1
CASSARDSPANYGYTF	TRBV9	TRBJ1-2
CASSRSPLGRGRIYHEQYF	TRBV7-9	TRBJ2-7
CASTRGGHTEAFF	TRBV2	TRBJ1-1
CASSTGTGGFRYGYTF	TRBV28	TRBJ1-2
CASSSGGRGDYGYTF	TRBV12-3	TRBJ1-2
CASSSSGTSGPLSSYNEQFF	TRBV5-1	TRBJ2-1
CASSLDGEGRNGYTF	TRBV7-2	TRBJ1-2
CASSQGGQGAFYGYTF	TRBV4-3	TRBJ1-2
CASSLRVLPLYGYTF	TRBV12-3	TRBJ1-2
CATSTGSDTQYF	TRBV24-1	TRBJ2-3
CSVSPRRRDTEAFF	TRBV20-1	TRBJ1-1
CSVVRGRGISTDTQYF	TRBV29-1	TRBJ2-3
CASSLDLENTEAFF	TRBV11-2	TRBJ1-1
CASSTEGNYGYTF	TRBV5-1	TRBJ1-2
CASSNSGLGEQYF	TRBV3-1	TRBJ2-7
CASGPSSREFYEQYF	TRBV12-5	TRBJ2-7
CASSLWSTGSRYEQYF	TRBV28	TRBJ2-7
CSKLPPGQGGTDTQYF	TRBV20-1	TRBJ2-3
CSAGQGASYTGELFF	TRBV20-1	TRBJ2-2
CASSFLRGGTDTQYF	TRBV7-2	TRBJ2-3
CSARDTGSLGGTNTEAFF	TRBV20-1	TRBJ1-1
CASIGAWTMNTEAFF	TRBV2	TRBJ1-1
CASSEEQGFEQYF	TRBV25-1	TRBJ2-7
CASSERVDSGNTIYF	TRBV25-1	TRBJ1-3
CASRGQGGNQPQHF	TRBV19	TRBJ1-5
CASSPGRATEAFF	TRBV6-6	TRBJ1-1
CAWSNPYARLAGGENTGELFF	TRBV30	TRBJ2-2
CASKGTGGNSNQPQHF	TRBV19	TRBJ1-5
CASSQPPRDSADTQYF	TRBV4-1	TRBJ2-3
CASSPDRSEQYF	TRBV6-6	TRBJ2-7
CASSPGQDTQYF	TRBV6-6	TRBJ2-3
CASSLLGRGLVLNTEAFF	TRBV12-3	TRBJ1-1
CASSQDRREAFF	TRBV4-3	TRBJ1-1
CSARETGSQPQHF	TRBV20-1	TRBJ1-5
CASSAPSSRGYTF	TRBV4-1	TRBJ1-2
CASSGAGRSPQHF	TRBV5-6	TRBJ1-5
CASSQEVRGRGYEQYF	TRBV4-1	TRBJ2-7
CASSPLNQNEKLFF	TRBV18	TRBJ1-4
CASSLQGNPDTQYF	TRBV5-1	TRBJ2-3
CSAKAGRISGNTIYF	TRBV20-1	TRBJ1-3
CSASSVNQPQHF	TRBV20-1	TRBJ1-5
CASSLSSGQGSNQPQHF	TRBV27	TRBJ1-5
CASSLARLIDQPQHF	TRBV12-3	TRBJ1-5
CASSHPGEIEAFF	TRBV4-1	TRBJ1-1
CASNSALAKNIQYF	TRBV4-1	TRBJ2-4
CASRAPSGFANTGELFF	TRBV7-2	TRBJ2-2
CASSQEPQGSEAYEQYF	TRBV4-1	TRBJ2-7
CASSAGGGNTIYF	TRBV5-1	TRBJ1-3
CASRTLRNEQFF	TRBV6-2	TRBJ2-1
CASSLFVASGPDTQYF	TRBV5-6	TRBJ2-3
CASSLAGSPDTQYF	TRBV5-1	TRBJ2-3
CASSEPVLRGQETQYF	TRBV25-1	TRBJ2-5
CASSPQRGTQYF	TRBV6-6	TRBJ2-3
CASSQFSVGGPNEQFF	TRBV4-1	TRBJ2-1
CSPRRGARGADTQYF	TRBV20-1	TRBJ2-3
CASSIARQTEAFF	TRBV19	TRBJ1-1
CATSEVGNTGELFF	TRBV24-1	TRBJ2-2
CASSPGTGPLLDEQFF	TRBV18	TRBJ2-1
CASSGPAVDTDEQYF	TRBV25-1	TRBJ2-7
CASSQDRGGAARYEQYF	TRBV14	TRBJ2-7
CASSQDEVFSTDTQYF	TRBV4-3	TRBJ2-3
CAWSHTTPLRYEQYF	TRBV30	TRBJ2-7
CASSTQGQSNEKLFF	TRBV12-3	TRBJ1-4
CASSRDPQSLADWSDTQYF	TRBV4-1	TRBJ2-3
CASSVNSYTGELFF	TRBV9	TRBJ2-2
CASTRGTSNTGELFF	TRBV9	TRBJ2-2
CASSQVRGLTEAFF	TRBV4-1	TRBJ1-1
CSAARTSLGETQYF	TRBV20-1	TRBJ2-5
CASSRGTGANYGYTF	TRBV6-5	TRBJ1-2
CASSVGMTGEQYF	TRBV9	TRBJ2-7
CSASRTSGGAGTQYF	TRBV20-1	TRBJ2-3
CASSFSPPTGGNSYTF	TRBV7-3	TRBJ1-2
CASTTGPPGGQSYGYTF	TRBV5-1	TRBJ1-2
CAISESKNAGTDTQYF	TRBV10-3	TRBJ2-3
CASSPNPGTGDNEQFF	TRBV9	TRBJ2-1
CSARQGWETGELFF	TRBV20-1	TRBJ2-2
CASSRGEVQDQPQHF	TRBV18	TRBJ1-5
CASSDPGRFQETQYF	TRBV6-1	TRBJ2-5
CASSRIRDRGYGYTF	TRBV6-5	TRBJ1-2
CSARPWASGGAGEQYF	TRBV20-1	TRBJ2-7
CATPGQGASEAFF	TRBV6-1	TRBJ1-1
CASSLEPQNTEAFF	TRBV5-1	TRBJ1-1
CAWSPGRLRGGYTF	TRBV30	TRBJ1-2
CATGQGLEKLFF	TRBV4-1	TRBJ1-4
CASSLFGQRLNTEAFF	TRBV7-2	TRBJ1-1
CSANRGQETQYF	TRBV20-1	TRBJ2-5
CASSQAGGLYEQYF	TRBV4-1	TRBJ2-7
CASSTPQGDLNEQYF	TRBV27	TRBJ2-7
CSAREAGGSGYGYTF	TRBV20-1	TRBJ1-2
CASSTRTGQITDTQYF	TRBV11-3	TRBJ2-3
CASSRSGGGTQYF	TRBV7-3	TRBJ2-5
CASSLRGPSQPQHF	TRBV28	TRBJ1-5
CSVLRQRDRGAFF	TRBV29-1	TRBJ1-1
CASSQGVPGMGNQPQHF	TRBV3-1	TRBJ1-5
CASGLSLPNTEAFF	TRBV12-5	TRBJ1-1
CASTRGSGGADTQYF	TRBV9	TRBJ2-3
CASSVQGSTEAFF	TRBV9	TRBJ1-1
CSASHGAYNQPQHF	TRBV20-1	TRBJ1-5
CASSLADPGANVLTF	TRBV5-1	TRBJ2-6
CASGKNGGGDTGELFF	TRBV3-1	TRBJ2-2
CASSPPQGPSANYGYTF	TRBV28	TRBJ1-2
CASSIGQNTGELFF	TRBV19	TRBJ2-2
CASSPLGQIGTEAFF	TRBV6-6	TRBJ1-1
CASTPVRNTGELFF	TRBV12-3	TRBJ2-2
CASRTQETQYF	TRBV6-6	TRBJ2-5
CASSQQGSNEKLFF	TRBV5-1	TRBJ1-4
CASSQAPSSAGAF	TRBV6-1	TRBJ1-2
CASSLYGGRMNTEAFF	TRBV5-6	TRBJ1-1
CASSQGPSVETQYF	TRBV3-1	TRBJ2-5
CASSQLPGTSGGNEQFF	TRBV4-2	TRBJ2-1
CASSSPGGGGLQRTSLHF	TRBV5-1	TRBJ1-6
CASSYSGGETQYF	TRBV6-2	TRBJ2-5
CASGDGSTDTQYF	TRBV2	TRBJ2-3
CASSPHGGAVNEQFF	TRBV7-3	TRBJ2-1
CASSQEMGASYNSPLHF	TRBV4-2	TRBJ1-6
CASSQGGDAGREQYF	TRBV9	TRBJ2-7
CSASEGRGGPQHF	TRBV20-1	TRBJ1-5
CSARDEARGSNQPQHF	TRBV20-1	TRBJ1-5
CSALVGTNHQETQYF	TRBV29-1	TRBJ2-5
CAISKGNQPQHF	TRBV24-1	TRBJ1-5
CASSHDSSGANVLTF	TRBV4-1	TRBJ2-6
CSVEGSAVGRLF	TRBV29-1	TRBJ2-7
CASSVEGNRGRGYTF	TRBV9	TRBJ1-2
CASRTGDSGYTF	TRBV6-4	TRBJ1-2
CAIRAAGDRDTQYF	TRBV10-3	TRBJ2-3
CASSFKGGDSYEQYF	TRBV28	TRBJ2-7
CASSFGTSNTGELFF	TRBV27	TRBJ2-2
CASSLTGSGNQPQHF	TRBV12-3	TRBJ1-5
CASSLGWAGGDNEQFF	TRBV13	TRBJ2-1
CASSPPGFPDVNTIYF	TRBV7-2	TRBJ1-3
CASRGPTGVDGYTF	TRBV12-3	TRBJ1-2
CASSPQMTNYGYTF	TRBV4-1	TRBJ1-2
CSARSTGTANTGELFF	TRBV20-1	TRBJ2-2
CSVEEPRNTQYF	TRBV29-1	TRBJ2-3
CSASRGNGNTIYF	TRBV20-1	TRBJ1-3
CASSQDLSGGGPGGETQYF	TRBV4-1	TRBJ2-5
CASSVTGVYGETQYF	TRBV6-1	TRBJ2-5
CASSDVQGPGETQYF	TRBV5-1	TRBJ2-5
CASSLGWESPLHF	TRBV12-3	TRBJ1-6
CSASLRQGAQGYTF	TRBV20-1	TRBJ1-2
CASSFLDGNSGANVLTF	TRBV27	TRBJ2-6
CASSGQGTGSNQPQHF	TRBV6-1	TRBJ1-5
CASSLEGRDTDTQYF	TRBV5-1	TRBJ2-3
CASSLGTGTETQYF	TRBV5-1	TRBJ2-5
CSATLYGQGAHGYTF	TRBV20-1	TRBJ1-2
CASSGRAEEKLFF	TRBV19	TRBJ1-4
CAWSDPPGNTIYF	TRBV30	TRBJ1-3
CASSQDPGGTYGYTF	TRBV4-1	TRBJ1-2
CASSASAGTGEETQYF	TRBV5-1	TRBJ2-5
CASSLHPPGGGNSPLHF	TRBV6-6	TRBJ1-6
CASSRGGGNQPQHF	TRBV4-1	TRBJ1-5
CASWDRSIYEQYF	TRBV28	TRBJ2-7
CASSQEERQPQHF	TRBV3-1	TRBJ1-5
CATVPGQGTDTEAFF	TRBV19	TRBJ1-1
CSASSGGHPTNGYTF	TRBV20-1	TRBJ1-2
CASSLSSPGDTEAFF	TRBV5-1	TRBJ1-1
CSVSVQGFKETQYF	TRBV29-1	TRBJ2-5
CASSSRGLGEQYF	TRBV19	TRBJ2-7
CASSLSPGGTYNEQFF	TRBV5-1	TRBJ2-1
CSVEGESYGYTF	TRBV29-1	TRBJ1-2
CASSPETGEFEQYF	TRBV18	TRBJ2-7
CSARVVPGRAETQYF	TRBV20-1	TRBJ2-5
CSAPTTGTQETQYF	TRBV20-1	TRBJ2-5
CAVNVGGADYGYTF	TRBV30	TRBJ1-2
CASSQDGQGANTIYF	TRBV4-1	TRBJ1-3
CSAQDGPAWMGETQYF	TRBV20-1	TRBJ2-5
CASSLNRDNYGYTF	TRBV5-1	TRBJ1-2
CASSQTGYTEAFF	TRBV5-1	TRBJ1-1
CASSLDRHEQYF	TRBV11-2	TRBJ2-7
CATSAETAGTATEAFF	TRBV15	TRBJ1-1
CASSVPGQLDEQYF	TRBV5-6	TRBJ2-7
CSVGDGGINQPQHF	TRBV29-1	TRBJ1-5
CASSATTGALYEQYF	TRBV11-2	TRBJ2-7
CSVTYAGTGAGQPQHF	TRBV20-1	TRBJ1-5
CASRGTGGAYEQYF	TRBV19	TRBJ2-7
CSAPPVTLVYNEQFF	TRBV20-1	TRBJ2-1
CAWSVASSPYEQYF	TRBV30	TRBJ2-7
CASSWDLFNEKLFF	TRBV7-2	TRBJ1-4
CASSVGREYEQYF	TRBV2	TRBJ2-7
CSARQGRGYTF	TRBV20-1	TRBJ1-2
CACQRDARFGGELFF	TRBV2	TRBJ2-2
CSALPSRGNTEAFF	TRBV20-1	TRBJ1-1
CASSYSATSGGNTGELFF	TRBV6-5	TRBJ2-2
CASSLRTGQTYGYTF	TRBV12-3	TRBJ1-2
CASGLVGDGELTFF	TRBV12-5	TRBJ1-1
CASSLGQGHSPLHF	TRBV12-3	TRBJ1-6
CASSQAAGGAYEQYF	TRBV4-1	TRBJ2-7
CASSPLGGRYGYTF	TRBV4-1	TRBJ1-2
CASSLMLAGGNEQFF	TRBV5-1	TRBJ2-1
CASSQDPGTGNEKLFF	TRBV4-1	TRBJ1-4
CASRDWDKPRQETQYF	TRBV2	TRBJ2-5
CSATVGGDQETQYF	TRBV20-1	TRBJ2-5
CASSQDSAGANVLTF	TRBV4-1	TRBJ2-6
CASSQVVGISGNTIYF	TRBV4-1	TRBJ1-3
CASSLKPGGPSFNEQFF	TRBV6-6	TRBJ2-1
CASSTTNTEAFF	TRBV9	TRBJ1-1
CASSNNDYEQYF	TRBV6-6	TRBJ2-7
CATSRDEAGLIRYF	TRBV15	TRBJ2-3
CASSRTLEETQYF	TRBV16	TRBJ2-5
CASSYSVPGGGPDTQYF	TRBV6-5	TRBJ2-3
CASMNGNQPQHF	TRBV10-2	TRBJ1-5
CASSFKGGGTSYNEQFF	TRBV27	TRBJ2-1
CASSPVAGTGREKLFF	TRBV18	TRBJ1-4
CASSYIGGRGATEAFF	TRBV11-3	TRBJ1-1
CASSIASNNEQFF	TRBV19	TRBJ2-1
CASSPRTDTQYF	TRBV18	TRBJ2-3
CASSDTDTNTEAFF	TRBV6-4	TRBJ1-1
CSATADIAGGPNEQFF	TRBV20-1	TRBJ2-1
CASSLDLTQSEQYF	TRBV7-6	TRBJ2-7
CSALSGGASRETQYF	TRBV20-1	TRBJ2-5
CAWDRRTSGNTIYF	TRBV30	TRBJ1-3
CASSYSSSYNSPLHF	TRBV6-5	TRBJ1-6
CASSYYSDQPQHF	TRBV6-6	TRBJ1-5
CASSVGADGGYGYTF	TRBV9	TRBJ1-2
CASSAGTTYSNQPQHF	TRBV2	TRBJ1-5
CASSKEDTQYF	TRBV6-1	TRBJ2-3
CSAARIGTENTEAFF	TRBV20-1	TRBJ1-1
CSATLSGTGSEQPQHF	TRBV20-1	TRBJ1-5
CASSYARTNSPLHF	TRBV6-5	TRBJ1-6
CSAGPPGWNEQFF	TRBV20-1	TRBJ2-1
CASSYRTSGSYNEQFF	TRBV12-3	TRBJ2-1
CASSFVLTGGSYEQYF	TRBV5-1	TRBJ2-7
CATSRRGLDTQYF	TRBV6-6	TRBJ2-3
CASSLRTGRNTEAFF	TRBV18	TRBJ1-1
CSVEDNRGDPQHF	TRBV29-1	TRBJ1-5
CSAKGRVDTGELFF	TRBV20-1	TRBJ2-2
CASTPSGYYNEQFF	TRBV6-5	TRBJ2-1
CASSQQQGGGYTF	TRBV3-1	TRBJ1-2
CSARDGRVTDTQYF	TRBV20-1	TRBJ2-3
CASSLSFQGSSYNSPLHF	TRBV27	TRBJ1-6
CASSQFLSYEQYF	TRBV3-1	TRBJ2-7
CASSRSMTSPDTQYF	TRBV3-1	TRBJ2-3
CASSQADERTTNEKLFF	TRBV3-1	TRBJ1-4
CASSPIWRGSYNEQFF	TRBV4-1	TRBJ2-1
CASSLDGTGSEKLFF	TRBV5-1	TRBJ1-4
CSAPRQVNTEAFF	TRBV20-1	TRBJ1-1
CASSQGTGRNSPLHF	TRBV3-1	TRBJ1-6
CSATQGPGNTIYF	TRBV20-1	TRBJ1-3
CSAFGGIRRGGYTF	TRBV20-1	TRBJ1-2
CASSSGQEQRGWNSPLHF	TRBV7-9	TRBJ1-6
CASDRRAASNGYTF	TRBV7-2	TRBJ1-2
CASSLGQVTGELFF	TRBV5-1	TRBJ2-2
CASRKPGLAGRNNEQFF	TRBV11-2	TRBJ2-1
CSAIVPNTGELFF	TRBV20-1	TRBJ2-2
CASSQIRTGNLSEAFF	TRBV18	TRBJ1-1
CASSVVQAADTQYF	TRBV9	TRBJ2-3
CASSYSDGDVGTQYF	TRBV6-2	TRBJ2-3
CAWSPSGGQETQYF	TRBV30	TRBJ2-5
CAIRDTGYDGYTF	TRBV10-3	TRBJ1-2
CASSQDNQGANIQYF	TRBV4-1	TRBJ2-4
CASISGSANEQYF	TRBV10-2	TRBJ2-7
CASSGTSGSSHEQFF	TRBV2	TRBJ2-1
CASSGTGGSYEQYF	TRBV10-1	TRBJ2-7
CASSSPGLAGSKNIQYF	TRBV5-1	TRBJ2-4
CSAGGKGNQPQHF	TRBV20-1	TRBJ1-5
CASSPRTSDGNEQFF	TRBV4-1	TRBJ2-1
CSARSPPWAIF	TRBV20-1	TRBJ1-1
CASSVGPYNEQFF	TRBV2	TRBJ2-1
CASSYSRPERHEQYF	TRBV6-6	TRBJ2-7
CASSLVYSKSYEQYF	TRBV7-6	TRBJ2-7
CSARDPGIYGYTF	TRBV20-1	TRBJ1-2
CSARTSGNQNYPTDTQYF	TRBV20-1	TRBJ2-3
CASSANGLGETQYF	TRBV10-2	TRBJ2-5
CASSRTENTEAFF	TRBV12-3	TRBJ1-1
CASSSSPGLAYRSYNEQFF	TRBV4-1	TRBJ2-1
CASSPWGRQGPTEAFF	TRBV28	TRBJ1-1
CASSEAGETQYF	TRBV2	TRBJ2-5
CASGTGFYEQYF	TRBV19	TRBJ2-7
CASSLEEKTSGTQYF	TRBV7-6	TRBJ2-5
CASSLVAGEENEQFF	TRBV5-1	TRBJ2-1
CSGEGSGGAHNEQFF	TRBV29-1	TRBJ2-1
CASSLDRLYGYTF	TRBV12-3	TRBJ1-2
CASSQTVGDTEAFF	TRBV3-1	TRBJ1-1
CASSQDQIRPEQYF	TRBV3-1	TRBJ2-7
CASSPLAAGYNEQFF	TRBV2	TRBJ2-1
CASSIGNPRRDTQYF	TRBV19	TRBJ2-3
CASSLVGYTEAFF	TRBV5-6	TRBJ1-1
CSARRRTGVFFEAFF	TRBV20-1	TRBJ1-1
CASSRQRTYEQYF	TRBV27	TRBJ2-7
CAISGGLEETQYF	TRBV10-3	TRBJ2-5
CASSQGQGVTDTQYF	TRBV11-2	TRBJ2-3
CASSVSTSHEQYF	TRBV9	TRBJ2-7
CASSPYDSTRDQYF	TRBV4-1	TRBJ2-3
CASSEGWGGFGKTQYF	TRBV2	TRBJ2-5
CSASSGYDSYEQYF	TRBV20-1	TRBJ2-7
CAISEAGDGEQYF	TRBV10-3	TRBJ2-7
CSVLPVYNEQFF	TRBV29-1	TRBJ2-1
CASSLPGAAGYTF	TRBV5-6	TRBJ1-2
CASSRLANSYNEQFF	TRBV2	TRBJ2-1
CATSRDEGTLANYGYTF	TRBV15	TRBJ1-2
CASSSLQGDRGYTF	TRBV5-1	TRBJ1-2
CASGFRIFGAPDHSYEQYF	TRBV12-5	TRBJ2-7
CASSLSRKQFF	TRBV28	TRBJ2-1
CASSQFTAGLSYEQYF	TRBV3-1	TRBJ2-7
CATVGDPGRNQETQYF	TRBV28	TRBJ2-5
CASSFGYWGVNTEAFF	TRBV11-1	TRBJ1-1
CASTKGGREGTWYSSYNEQFF	TRBV6-1	TRBJ2-1
CASSQFISNAGELFF	TRBV3-1	TRBJ2-2
CASSLANGRSGGYTF	TRBV28	TRBJ1-2
CSARGRTLSYNEQFF	TRBV20-1	TRBJ2-1
CAGRDREVTNEKLFF	TRBV2	TRBJ1-4
CASSGVGDTEAFF	TRBV2	TRBJ1-1
CATHGLSSSPLHF	TRBV10-3	TRBJ1-6
CASSPNLFSGLRGYGYTF	TRBV18	TRBJ1-2
CSARPGQGSYEQYF	TRBV20-1	TRBJ2-7
CATSDFRKKYNEQFF	TRBV24-1	TRBJ2-1
CASSLGDSEQYF	TRBV5-1	TRBJ2-7
CASSDLQGQVNEQYF	TRBV10-1	TRBJ2-7
CASTQGAGALHF	TRBV3-1	TRBJ1-6
CSAMTGTNPTDTQYF	TRBV20-1	TRBJ2-3
CSAGQGADQPQHF	TRBV20-1	TRBJ1-5
CASSTRDNGVDEQYF	TRBV28	TRBJ2-7
CASSRSSEETQYF	TRBV6-5	TRBJ2-5
CSALPLYESNVLTF	TRBV20-1	TRBJ2-6
CASSPTGYYEQYF	TRBV12-3	TRBJ2-7
CASEEGPENTEAFF	TRBV6-1	TRBJ1-1
CASRRTGAQETQYF	TRBV2	TRBJ2-5
CASGSGRTGGSGELFF	TRBV11-1	TRBJ2-2
CSARGQGAINGTEAFF	TRBV20-1	TRBJ1-1
CATSKGPMNTGELFF	TRBV24-1	TRBJ2-2
CASSRPTRDRNNEQFF	TRBV7-6	TRBJ2-1
CSAGEGGETQYF	TRBV29-1	TRBJ2-5
CASSFYRGLETQYF	TRBV28	TRBJ2-5
CSARDHLRGGGTDTQYF	TRBV20-1	TRBJ2-3
CASSLGRLERFSYEQYF	TRBV5-1	TRBJ2-7
CASSEGVLNEQFF	TRBV2	TRBJ2-1
CASRAMRDRNYNEQFF	TRBV25-1	TRBJ2-1
CASSPSSGGGANVLTF	TRBV7-3	TRBJ2-6
CASSIFQGTGETQYF	TRBV19	TRBJ2-5
CASSYARPGELFF	TRBV6-2	TRBJ2-2
CASSPDRLSNQPQHF	TRBV2	TRBJ1-5
CASSLVVTGSYPNEQFF	TRBV5-1	TRBJ2-1
CSALDRAYGYTF	TRBV20-1	TRBJ1-2
CASSPPVGGTYNEQFF	TRBV11-2	TRBJ2-1
CASSPLGSTQYF	TRBV2	TRBJ2-3
CAISEKFGVSGRNTEAFF	TRBV10-3	TRBJ1-1
CASSYNRAGYTF	TRBV28	TRBJ1-2
CSVAGGWGMNTEAFF	TRBV29-1	TRBJ1-1
CASSLLTPGLASTGSYNEQFF	TRBV27	TRBJ2-1
CASSDTLAGGRGNEQFF	TRBV2	TRBJ2-1
CASRTSSNNEQFF	TRBV6-1	TRBJ2-1
CASSRPSQETQYF	TRBV9	TRBJ2-5
CASSWNGEDTEAFF	TRBV5-1	TRBJ1-1
CASSPGTGRNEAFF	TRBV11-1	TRBJ1-1
CASSSEISPLHF	TRBV6-6	TRBJ1-6
CATSDFREGVREANEQFF	TRBV24-1	TRBJ2-1
CASSQTTRGAEKLFF	TRBV4-1	TRBJ1-4
CASSESFGVSGNTIYF	TRBV2	TRBJ1-3
CASSVGGYNEQFF	TRBV9	TRBJ2-1
CASSTIRGDKNIQYF	TRBV7-6	TRBJ2-4
CASSLRGAGDAEQFF	TRBV3-1	TRBJ2-1
CSASDSGTGVNEQYF	TRBV20-1	TRBJ2-7
CASSPLHLARAGRDQPQHF	TRBV27	TRBJ1-5
CASSQTGNTGELFF	TRBV5-1	TRBJ2-2
CASSSTGASGANVLTF	TRBV7-6	TRBJ2-6
CASSLGSGTYGEQYF	TRBV5-1	TRBJ2-7
CASSVVRASDTQYF	TRBV2	TRBJ2-3
CASSPRRQEGGYTF	TRBV19	TRBJ1-2
CASSLPGQLPYNEQFF	TRBV12-3	TRBJ2-1
CSARGANYNEQFF	TRBV20-1	TRBJ2-1
CASSLDRGGVDTQYF	TRBV7-3	TRBJ2-3
CASSQFLDPLYTF	TRBV3-1	TRBJ1-2
CASSQLGTSYNEQFF	TRBV4-1	TRBJ2-1
CASSPRQTSTDTDTQYF	TRBV28	TRBJ2-3
CSAREDREANGYTF	TRBV20-1	TRBJ1-2
CASSLGTGGVDGYTF	TRBV12-3	TRBJ1-2
CASSQDTVGYTF	TRBV12-3	TRBJ1-2
CASSTYRGPKDTQYF	TRBV11-2	TRBJ2-3
CASGGADSYEQYF	TRBV4-1	TRBJ2-7
CASSERYGPASGSSYEQYF	TRBV6-1	TRBJ2-7
CASSQFLAAQTQYF	TRBV3-1	TRBJ2-3
CASTSVPRASSYNEQFF	TRBV2	TRBJ2-1
CSARLQGSNTEAFF	TRBV20-1	TRBJ1-1
CASSLDGGGGTEAFF	TRBV5-1	TRBJ1-1
CASSQDLDQPQHF	TRBV3-1	TRBJ1-5
CASSPIVGQGLGYTF	TRBV11-2	TRBJ1-2
CASGAPGLAGGLSTDTQYF	TRBV5-1	TRBJ2-3
CSANDRGLYSYNEQFF	TRBV20-1	TRBJ2-1
CASSLLGTGELFF	TRBV11-3	TRBJ2-2
CASRLRGSGKSNHGEQYF	TRBV28	TRBJ2-7
CASSVTGEQPQHF	TRBV9	TRBJ1-5
CSARGPWTSGIRETQYF	TRBV20-1	TRBJ2-5
CASSVRSWDRLTNYGYTF	TRBV9	TRBJ1-2
CSALSDRGRVQPQHF	TRBV20-1	TRBJ1-5
CASSPSTSRAPTF	TRBV6-2	TRBJ1-2
CSARDPPPNTEAFF	TRBV20-1	TRBJ1-1
CASSQVSAADTQYF	TRBV4-1	TRBJ2-3
CASSYPSWREGNYEQYF	TRBV6-2	TRBJ2-7
CSVAGTAYERQYF	TRBV29-1	TRBJ2-7
CSARTTYEQYF	TRBV20-1	TRBJ2-7
CASSWTWSEQFF	TRBV11-2	TRBJ2-1
CASSALAGTDTQYF	TRBV6-1	TRBJ2-3
CASSQDSSRGLANTEAFF	TRBV4-1	TRBJ1-1
CASSPPLLAGGFASYNEQFF	TRBV3-1	TRBJ2-1
CASSLITGTYNEQFF	TRBV7-3	TRBJ2-1
CASSQLLAGSYEQYF	TRBV4-2	TRBJ2-7
CAISGTGSSYEQYF	TRBV10-3	TRBJ2-7
CASSLIRLRGGELFF	TRBV11-2	TRBJ2-2
CASSVAGGPDTQYF	TRBV6-4	TRBJ2-3
CSANYGYTF	TRBV20-1	TRBJ1-2
CASSLVPGGYLSEQFF	TRBV28	TRBJ2-1
CASSWGTDSYEQYF	TRBV5-1	TRBJ2-7
CASSEFTGTETQYF	TRBV25-1	TRBJ2-5
CSARPQGSRGFGREYNEQFF	TRBV20-1	TRBJ2-1
CASSQDPGDGYTF	TRBV3-1	TRBJ1-2
CASSEGLAGSNEQFF	TRBV2	TRBJ2-1
CASSYSGRNTEAFF	TRBV7-2	TRBJ1-1
CSARDTGQGGWDYGYTF	TRBV20-1	TRBJ1-2
CASSDYASGNTIYF	TRBV2	TRBJ1-3
CASRPGTVSQPQHF	TRBV6-6	TRBJ1-5
CSARPTVLSNQPQHF	TRBV20-1	TRBJ1-5
CASHRGGNGGYTF	TRBV2	TRBJ1-2
CASSLGGRATEAFF	TRBV12-3	TRBJ1-1
CASSIGPLTDTQYF	TRBV19	TRBJ2-3
CASGTGFNSPLHF	TRBV6-4	TRBJ1-6
CSARGQGNEQFF	TRBV20-1	TRBJ2-1
CASSEGLYTGELFF	TRBV3-1	TRBJ2-2
CASSLLAGVSSSYEQYF	TRBV7-6	TRBJ2-7
CASSPGSANYGYTF	TRBV6-6	TRBJ1-2
CSASRGNTIYF	TRBV20-1	TRBJ1-3
CASRDRASNYGYTF	TRBV6-1	TRBJ1-2
CSVGPTVGAEAFF	TRBV29-1	TRBJ1-1
CASSPFGAASEAFF	TRBV27	TRBJ1-1
CASSLVQGNGEQFF	TRBV5-1	TRBJ2-1
CASVQSKNTGELFF	TRBV2	TRBJ2-2
CASSSGQGQGNTEAFF	TRBV11-3	TRBJ1-1
CASSDGRYTEAFF	TRBV6-4	TRBJ1-1
CSARFDGLKREYSNEQFF	TRBV20-1	TRBJ2-1
CASSQGLRNEKLFF	TRBV14	TRBJ1-4
CASSPRQVYSYEQYF	TRBV28	TRBJ2-7
CASSSRNGRGNTGELFF	TRBV13	TRBJ2-2
CSAGTSFSYEQYF	TRBV20-1	TRBJ2-7
CASSLVAGLGTDTQYF	TRBV7-2	TRBJ2-3
CSVPRTGNSEQFF	TRBV20-1	TRBJ2-1
CASSLDGAPSYEQYF	TRBV5-1	TRBJ2-7
CASRTNEQFF	TRBV6-6	TRBJ2-1
CASSLRRLLGASGANVLTF	TRBV11-1	TRBJ2-6
CAISENRGQIYNEQFF	TRBV10-3	TRBJ2-1
CASSQGGQFYEQYF	TRBV12-3	TRBJ2-7
CASSAGWVLGNTIYF	TRBV9	TRBJ1-3
CASSFRVAGEQYF	TRBV7-2	TRBJ2-7
CSVPRYDNEQFF	TRBV20-1	TRBJ2-1
CAWTEGAGGNEQFF	TRBV30	TRBJ2-1
CASSPDLAASSYEQYF	TRBV5-1	TRBJ2-7
CASTPDWNTEAFF	TRBV28	TRBJ1-1
CASIPGGAGNTEAFF	TRBV7-2	TRBJ1-1
CASSGTNHQIYYEQYF	TRBV6-1	TRBJ2-7
CASSDRGIEQYF	TRBV10-1	TRBJ2-7
CSARDVSSGNYEQFF	TRBV20-1	TRBJ2-1
CASSLGSGTGITYEQFF	TRBV28	TRBJ2-1
CASSETSGRVGEQFF	TRBV25-1	TRBJ2-1
CASRGDRGATEAFF	TRBV11-1	TRBJ1-1
CASTTASLNYGYTF	TRBV19	TRBJ1-2
CAISESKGPGETQYF	TRBV10-3	TRBJ2-5
CSAPTSVGELFF	TRBV20-1	TRBJ2-2
CSASPPSGTGSYEQYF	TRBV20-1	TRBJ2-7
CSVNRGGYGTDTQYF	TRBV20-1	TRBJ2-3
CASIPGAFGGNTIYF	TRBV2	TRBJ1-3
CASSDRGNTEAFF	TRBV6-1	TRBJ1-1
CASSFPGGRSREQYF	TRBV28	TRBJ2-7
CASGRGYEQYF	TRBV19	TRBJ2-7
CSARDPSGRAGYEQYF	TRBV20-1	TRBJ2-7
CAFKHTRGNSPLHF	TRBV30	TRBJ1-6
CASSVKASGRALDEQYF	TRBV25-1	TRBJ2-7
CATSEGQGEMQPQHF	TRBV24-1	TRBJ1-5
CASSPNANEQFF	TRBV11-2	TRBJ2-1
CASSLAGVWDNEQFF	TRBV25-1	TRBJ2-1
CASSSVGSDTQYF	TRBV7-3	TRBJ2-3
CASSAGQGGEKLFF	TRBV25-1	TRBJ1-4
CASSGRREGVYGYTF	TRBV2	TRBJ1-2
CSAAEGANQPQHF	TRBV20-1	TRBJ1-5
CASRNRQGPDEQFF	TRBV25-1	TRBJ2-1
CASSPTGGAHQPQHF	TRBV2	TRBJ1-5
CATSRQSTSTDTQYF	TRBV24-1	TRBJ2-3
CASSGTRVYTQYF	TRBV25-1	TRBJ2-3
CASSLGAGKGSYNEQFF	TRBV11-3	TRBJ2-1
CASSPWQHQETQYF	TRBV18	TRBJ2-5
CAWSFKGPLHF	TRBV30	TRBJ1-6
CASRPTGEGHTGELFF	TRBV3-1	TRBJ2-2
CASSQLAGAAGELFF	TRBV3-1	TRBJ2-2
CASSWGGQRYEQYF	TRBV12-3	TRBJ2-7
CASSLSGTGIYEQYF	TRBV19	TRBJ2-7
CSAVTGTYNEQFF	TRBV20-1	TRBJ2-1
CASSFGVWGQGKNTIYF	TRBV12-3	TRBJ1-3
CASSLGGTSGSYEQFF	TRBV4-2	TRBJ2-1
CASSLSGWAINEKLFF	TRBV27	TRBJ1-4
CASTPERTEISYEQYF	TRBV11-2	TRBJ2-7
CASSLQKGTGETINEQFF	TRBV25-1	TRBJ2-1
CASSFRSPANQPQHF	TRBV28	TRBJ1-5
CSGGRGYNEQFF	TRBV20-1	TRBJ2-1
CSARPTGAGNTIYF	TRBV20-1	TRBJ1-3
CSASSSAQTGRTEAFF	TRBV20-1	TRBJ1-1
CASSFQGATNEKLFF	TRBV5-1	TRBJ1-4
CSASDRSWGTQYF	TRBV20-1	TRBJ2-5
CASTKTGDMYEQYF	TRBV6-1	TRBJ2-7
CASSDPPGAATLYEQYF	TRBV25-1	TRBJ2-7
CASLGTNYGYTF	TRBV6-2	TRBJ1-2
CASSRGEGPGETQYF	TRBV11-3	TRBJ2-5
CASNHPSGGSYNEQFF	TRBV2	TRBJ2-1
CASSLWLAGGDF	TRBV12-3	TRBJ2-3
CASSPRGLPGETQYF	TRBV18	TRBJ2-5
CASSVNQGGGPQYF	TRBV6-4	TRBJ2-5
CASSPGGRNQPQHF	TRBV4-2	TRBJ1-5
CASSLTGGARDYGYTF	TRBV5-6	TRBJ1-2
CASSYLTGNQETQYF	TRBV6-5	TRBJ2-5
CASSEGITDTQYF	TRBV7-2	TRBJ2-3
CASSETGTGQRGAFF	TRBV28	TRBJ1-1
CASSHLLSGANVLTF	TRBV5-6	TRBJ2-6
CASSTSPSGRYTYEQYF	TRBV12-3	TRBJ2-7
CASGQTGRTEAFF	TRBV19	TRBJ1-1
CSARDGTSGRIDTQYF	TRBV20-1	TRBJ2-3
CASSIGLAIYNEQFF	TRBV6-6	TRBJ2-1
CASSTNRNTEAFF	TRBV18	TRBJ1-1
CASNTVLGGGPGRDTQYF	TRBV28	TRBJ2-3
CASSWVENTEAFF	TRBV12-3	TRBJ1-1
CASSPDLASETQYF	TRBV18	TRBJ2-5
CSARDNTGELFF	TRBV20-1	TRBJ2-2
CSAPYRTGGRGEQYF	TRBV20-1	TRBJ2-7
CASRPTGGAFAYEQFF	TRBV27	TRBJ2-1
CASSQGPGPNNEQFF	TRBV4-2	TRBJ2-1
CATSRVSGDIQYF	TRBV15	TRBJ2-4
CASSGRIADTQYF	TRBV11-3	TRBJ2-3
CASSQSDLTETTQYF	TRBV3-1	TRBJ2-5
CATSDSLTDRGSPQHF	TRBV24-1	TRBJ1-5
CASRPGQGSYEQYF	TRBV12-3	TRBJ2-7
CAWRTGPGGSPLHF	TRBV30	TRBJ1-6
CASSEPPGQGTPFEQYF	TRBV25-1	TRBJ2-7
CASSLREQDSGNTIYF	TRBV5-1	TRBJ1-3
CASSQEFGRGAFF	TRBV3-1	TRBJ1-1
CASTPSRTENNEQFF	TRBV7-2	TRBJ2-1
CASSLDLNSPLHF	TRBV11-2	TRBJ1-6
CASSLSGSTDTQYF	TRBV5-1	TRBJ2-3
CASSPDSAHSYEQYF	TRBV12-3	TRBJ2-7
CASSPGYSNQPQHF	TRBV18	TRBJ1-5
CASSPAVWGNEQFF	TRBV10-2	TRBJ2-1
CASSQDLLAGKQFF	TRBV14	TRBJ2-1
CASSRKTGGPDTQYF	TRBV19	TRBJ2-3
CSAIPVIGYNEQFF	TRBV20-1	TRBJ2-1
CASSLKSSGNTIYF	TRBV5-1	TRBJ1-3
CASSIRWQGTNSYEQYF	TRBV19	TRBJ2-7
CSAHGDRRITEQYF	TRBV20-1	TRBJ2-7
CASSLRTRAYEQYF	TRBV5-6	TRBJ2-7
CSARGTDTGELFF	TRBV20-1	TRBJ2-2
CSARGSGAYNEQFF	TRBV20-1	TRBJ2-1
CASRFGGATNEKLFF	TRBV27	TRBJ1-4
CASSELQTGNTEAFF	TRBV25-1	TRBJ1-1
CASSPSQETQYF	TRBV9	TRBJ2-5
CASRLGNQPQHF	TRBV27	TRBJ1-5
CASSIGRLRARLKINTEAFF	TRBV19	TRBJ1-1
CASSAQGTGRAFF	TRBV3-1	TRBJ1-1
CASLDISTGSKNIQYF	TRBV6-1	TRBJ2-4
CATSQTAHYGYTF	TRBV24-1	TRBJ1-2
CASSLLQTPDTEAFF	TRBV5-1	TRBJ1-1
CASSEMGLAGVNEQFF	TRBV27	TRBJ2-1
CSAPDTISNQPQHF	TRBV20-1	TRBJ1-5
CSARENQETQYF	TRBV20-1	TRBJ2-5
CASSPFLAQETQYF	TRBV3-1	TRBJ2-5
CSAGGGRGTGELFF	TRBV20-1	TRBJ2-2
CASSYRDSGELFF	TRBV7-6	TRBJ2-2
CASSLSGGQGSNQPQHF	TRBV27	TRBJ1-5
CASSLRQGVYGYTF	TRBV27	TRBJ1-2
CASSHGGAGSYNEQFF	TRBV19	TRBJ2-1
CASSDTGGLSYEQYF	TRBV25-1	TRBJ2-7
CASSSGQRDTQYF	TRBV5-1	TRBJ2-3
CASFPGTPSYGYTF	TRBV2	TRBJ1-2
CASSASPGNYGYTF	TRBV5-1	TRBJ1-2
CAWSPTGDRGQAFF	TRBV30	TRBJ1-1
CASSLGQYGVGTEKLFF	TRBV27	TRBJ1-4
CASSLFKGSQIREQYF	TRBV28	TRBJ2-7
CASSKDTYSNQPQHF	TRBV6-1	TRBJ1-5
CASSWGKGYTF	TRBV11-2	TRBJ1-2
CSALTGNGGAFF	TRBV20-1	TRBJ1-1
CASANSQGTYGYTF	TRBV12-5	TRBJ1-2
CASNIDRDEKLFF	TRBV19	TRBJ1-4
CASKIRTSGRSVETQYF	TRBV6-5	TRBJ2-5
CASSQGWGEKLFF	TRBV3-1	TRBJ1-4
CAWSRGGQPQHF	TRBV30	TRBJ1-5
CASSLGVAGGPYNEQFF	TRBV11-3	TRBJ2-1
CSAREGADEKLFF	TRBV20-1	TRBJ1-4
CASSLSRGDGEQFF	TRBV11-3	TRBJ2-1
CASSQDGVASGYEQYF	TRBV4-1	TRBJ2-7
CSTKATGEGTDTQYF	TRBV20-1	TRBJ2-3
CASSHNRGAGGAAFF	TRBV3-1	TRBJ1-1
CASSKKEGRTVGAFF	TRBV6-5	TRBJ1-1
CASSTTLPGFYNEQFF	TRBV9	TRBJ2-1
CASSHGDSNSPLHF	TRBV7-6	TRBJ1-6
CASSQDRGAGSYEQYF	TRBV4-1	TRBJ2-7
CASSEALPQDHGNTIYF	TRBV6-1	TRBJ1-3
CASSQEGRRNTEAFF	TRBV3-1	TRBJ1-1
CSARLPPGGGGTGELFF	TRBV20-1	TRBJ2-2
CASSRPESSYEQYF	TRBV11-2	TRBJ2-7
CASSESMTQYF	TRBV10-2	TRBJ2-5
CASSQSEGLAGTVEQFF	TRBV2	TRBJ2-1
CASSKMTIAGLVADTQYF	TRBV6-2	TRBJ2-3
CSAPDRARLGEQYF	TRBV20-1	TRBJ2-7
CASRPFYALQETQYF	TRBV5-1	TRBJ2-5
CASSSRPDPKQYF	TRBV27	TRBJ2-7
CASSEYSSSGSLDTQYF	TRBV25-1	TRBJ2-3
CASSQVVSGRADTQYF	TRBV3-1	TRBJ2-3
CASSLDGVTEAFF	TRBV12-3	TRBJ1-1
CASSLSGAAEAFF	TRBV28	TRBJ1-1
CATSDSGERTDTQYF	TRBV24-1	TRBJ2-3
CASSSVAVNEQFF	TRBV7-3	TRBJ2-1
CASSQGPSGFSYEQYF	TRBV4-1	TRBJ2-7
CASSLGGGAGSPLHF	TRBV7-3	TRBJ1-6
CASSLVPSGAWLDTQYF	TRBV7-2	TRBJ2-3
CASSTGEGQPQHF	TRBV12-3	TRBJ1-5
CASSQDLAGGADQETQYF	TRBV4-2	TRBJ2-5
CASSRDPQHLYEQYF	TRBV5-1	TRBJ2-7
CASSDRVGPDTQYF	TRBV6-1	TRBJ2-3
CASSLKWTSGRETQYF	TRBV11-2	TRBJ2-5
CASSSDGFYGYTF	TRBV28	TRBJ1-2
CASREFRQHADTQYF	TRBV27	TRBJ2-3
CASSILSGRGNNEQFF	TRBV19	TRBJ2-1
CASSHFRNEQFF	TRBV3-1	TRBJ2-1
CASSSYWEETQYF	TRBV11-3	TRBJ2-5
CSASSQVNTEAFF	TRBV20-1	TRBJ1-1
CSARHQGNEQFF	TRBV20-1	TRBJ2-1
CSASNRERGSTEAFF	TRBV20-1	TRBJ1-1
CASSLQGRGYEQYF	TRBV12-3	TRBJ2-7
CASYQGRANYGYTF	TRBV2	TRBJ1-2
CSARELYGYTF	TRBV20-1	TRBJ1-2
CASSVQLPGLYEGGDTQYF	TRBV9	TRBJ2-3
CASSLDGSGNTIYF	TRBV5-1	TRBJ1-3
CASSYTWGNTEAFF	TRBV11-2	TRBJ1-1
CASSLSLAGSFPEQYF	TRBV7-9	TRBJ2-7
CSARSLSYEQYF	TRBV20-1	TRBJ2-7
CATESHPSLNEQFF	TRBV24-1	TRBJ2-1
CASILRTGLPSSALHF	TRBV19	TRBJ1-6
CASSLDGQVQHNEQFF	TRBV11-2	TRBJ2-1
CASSLGGNEQFF	TRBV6-5	TRBJ2-1
CSARGPGSGANVLTF	TRBV20-1	TRBJ2-6
CASSDRTSGNYEQYF	TRBV10-1	TRBJ2-7
CAWSRSGSAEQFF	TRBV30	TRBJ2-1
CSARSDTNTEAFF	TRBV20-1	TRBJ1-1
CASSLASGQGSNQPQHF	TRBV27	TRBJ1-5
CASSMTGGADTQYF	TRBV19	TRBJ2-3
CASSLSTGNYGYTF	TRBV7-2	TRBJ1-2
CSVEGLAEPPSYNEQFF	TRBV29-1	TRBJ2-1
CASSPGPAVTEAFF	TRBV27	TRBJ1-1
CASSGGLAFDNEQFF	TRBV10-2	TRBJ2-1
CASSEYNTEAFF	TRBV25-1	TRBJ1-1
CASSQPGWGQQFF	TRBV14	TRBJ2-1
CASSLGAGSGANVLTF	TRBV11-2	TRBJ2-6
CASSLMTGGDEQFF	TRBV5-1	TRBJ2-1
CSASHVPGTGAYEQYF	TRBV20-1	TRBJ2-7
CASTASGMRGVRGLSTYGYTF	TRBV28	TRBJ1-2
CASNPEGNYGYTF	TRBV5-1	TRBJ1-2
CAWSPRGRGVYGYTF	TRBV30	TRBJ1-2
CASSSGLAGGIETQYF	TRBV7-2	TRBJ2-5
CASSPWTSGAYEQYF	TRBV14	TRBJ2-7
CASLPAQYNSPLHF	TRBV2	TRBJ1-6
CAWSVDGSHNQPQHF	TRBV30	TRBJ1-5
CSARVPPNTEAFF	TRBV20-1	TRBJ1-1
CATSGTGQGTSDTQYF	TRBV24-1	TRBJ2-3
CASRGSAGLAGGYEQYF	TRBV28	TRBJ2-7
CSATTTHPGEFTDTQYF	TRBV20-1	TRBJ2-3
CASRSRMGEDYGYTF	TRBV6-1	TRBJ1-2
CASSVVPDGRASGYNEQFF	TRBV9	TRBJ2-1
CASRTGLHTDTQYF	TRBV4-2	TRBJ2-3
CASSLGRVWRDTQYF	TRBV6-2	TRBJ2-3
CASSDPGGIGSYEQYF	TRBV10-2	TRBJ2-7
CASRLGQANYGYTF	TRBV2	TRBJ1-2
CASSPHFSSGGSSYNEQFF	TRBV9	TRBJ2-1
CASSLRNTGELFF	TRBV11-3	TRBJ2-2
CASSRRGGYDANTGELFF	TRBV19	TRBJ2-2
CASSVEGTSWRGEQYF	TRBV9	TRBJ2-7
CASSHTENTEAFF	TRBV6-6	TRBJ1-1
CASSQGIWETQYF	TRBV3-1	TRBJ2-5
CASSHPRGTGGPEETQYF	TRBV4-2	TRBJ2-5
CASSPQVNTEAFF	TRBV2	TRBJ1-1
CSAPGRPRDGEQYF	TRBV20-1	TRBJ2-7
CASSETGGGQPQHF	TRBV25-1	TRBJ1-5
CASQSGVRNQPQHF	TRBV12-3	TRBJ1-5
CASSEDWDIEDTQYF	TRBV2	TRBJ2-3
CASSLTPDRVGSNQPQHF	TRBV7-3	TRBJ1-5
CASSHSTGETEAFF	TRBV3-1	TRBJ1-1
CATREYPEAFF	TRBV11-2	TRBJ1-1
CASSIIAGWGYQPQHF	TRBV19	TRBJ1-5
CASSLALQSNSFHQETQYF	TRBV5-1	TRBJ2-5
CASSLIGVRSQPQHF	TRBV28	TRBJ1-5
CASSQAGGRTGELFF	TRBV3-1	TRBJ2-2
CASSLGTWETQYF	TRBV12-3	TRBJ2-5
CASSPLTASTDTQYF	TRBV5-1	TRBJ2-3
CASSFGVWETQYF	TRBV11-2	TRBJ2-5
CASSPILGEQYF	TRBV4-1	TRBJ2-7
CASTSGQSQNSPLHF	TRBV10-2	TRBJ1-6
CASSQDWGNTIYF	TRBV4-3	TRBJ1-3
CASSPERAKNIQYF	TRBV6-6	TRBJ2-4
CASSSRDGALSTEAFF	TRBV6-1	TRBJ1-1
CASSPQASGTEAFF	TRBV4-2	TRBJ1-1
CASSLTRGSVEQYF	TRBV11-2	TRBJ2-7
CASGRDRMTYNEQFF	TRBV10-2	TRBJ2-1
CASSRSNQPQHF	TRBV3-1	TRBJ1-5
CASSYQTGPSYEQYF	TRBV27	TRBJ2-7
CASRRLTGGSYNEQFF	TRBV4-1	TRBJ2-1
CATSPIGDTGTDTQYF	TRBV24-1	TRBJ2-3
CASSVGYWETQYF	TRBV10-2	TRBJ2-5
CASSEGPGGTIYF	TRBV6-4	TRBJ1-3
CASSLNSHTDTQYF	TRBV5-1	TRBJ2-3
CASSQQGANTGELFF	TRBV19	TRBJ2-2
CASGKGTEITGELFF	TRBV6-6	TRBJ2-2
CASCLLAGGTTYEQYF	TRBV28	TRBJ2-7
CASSQGGLNGADTQYF	TRBV4-2	TRBJ2-3
CSARDRKYGNTIYF	TRBV20-1	TRBJ1-3
CASSQTGQNSPLHF	TRBV4-3	TRBJ1-6
CAISESNGPEQFF	TRBV10-3	TRBJ2-1
CASSPTRRDTQYF	TRBV7-3	TRBJ2-3
CASEIAGSTGELFF	TRBV3-1	TRBJ2-2
CSVARQGPGELFF	TRBV29-1	TRBJ2-2
CASSETQGPNYGYTF	TRBV2	TRBJ1-2
CASSDTLFRDTGELFF	TRBV2	TRBJ2-2
CASERTGGTGELFF	TRBV2	TRBJ2-2
CATSDPDRGGGELFF	TRBV24-1	TRBJ2-2
CASSLAIQGANMEAFF	TRBV5-1	TRBJ1-1
CASSLVGLVIQETQYF	TRBV5-1	TRBJ2-5
CAISDPGGSSSYEQYF	TRBV10-3	TRBJ2-7
CASSLPTGTWGSGANVLTF	TRBV18	TRBJ2-6
CASSRLQGGSGANVLTF	TRBV25-1	TRBJ2-6
CASSLGSLETQYF	TRBV12-3	TRBJ2-5
CSARGPYEQYF	TRBV20-1	TRBJ2-7
CSAPLAGGGGEQFF	TRBV20-1	TRBJ2-1
CASSVGVSQETQYF	TRBV9	TRBJ2-5
CASSSPGGGLSYEQYF	TRBV6-5	TRBJ2-7
CASSLAGYGNTIYF	TRBV5-1	TRBJ1-3
CASSLGQNTEAFF	TRBV27	TRBJ1-1
CASSFGFSTEAFF	TRBV12-3	TRBJ1-1
CASGLVLGDPNTDTQYF	TRBV12-5	TRBJ2-3
CSATGGLAGGKANTGELFF	TRBV20-1	TRBJ2-2
CASSSLSGQETQYF	TRBV7-2	TRBJ2-5
CASSLGAGYEQFF	TRBV7-2	TRBJ2-1
CASSLAQGLNQPQHF	TRBV7-2	TRBJ1-5
CSAYAGGATEAFF	TRBV20-1	TRBJ1-1
CAWRGTSGANVLTF	TRBV30	TRBJ2-6
CASSYRGPNTEAFF	TRBV5-6	TRBJ1-1
CASSEEPNTEAFF	TRBV6-1	TRBJ1-1
CASSTGSPREQYF	TRBV18	TRBJ2-7
CASSQGGTEDNEQFF	TRBV4-1	TRBJ2-1
CATRGQHTGELFF	TRBV24-1	TRBJ2-2
CASRDPLTGGNTEAFF	TRBV10-2	TRBJ1-1
CASSPSEGTGLYF	TRBV7-3	TRBJ1-3
CASASGGGTDTQYF	TRBV2	TRBJ2-3
CASSSRWGAGEDLAIATDTQYF	TRBV28	TRBJ2-3
CASSYSSGRLQETQYF	TRBV6-5	TRBJ2-5
CASSLLGGALNTEAFF	TRBV7-2	TRBJ1-1
CASSHRQGVQPQHF	TRBV4-1	TRBJ1-5
CASSSQGLEQYF	TRBV27	TRBJ2-7
CASSPTGANTGELFF	TRBV5-1	TRBJ2-2
CASSAGLSTGNTGELFF	TRBV6-1	TRBJ2-2
CASSLAYIREAWKTQYF	TRBV7-2	TRBJ2-5
CASSEWASGQETQYF	TRBV25-1	TRBJ2-5
CSVEQGNEKLFF	TRBV29-1	TRBJ1-4
CASSYTTPLGGGSYEQYF	TRBV6-5	TRBJ2-7
CASSTPGQGLTYEQYF	TRBV11-2	TRBJ2-7
CASSRLAGANTDTQYF	TRBV10-1	TRBJ2-3
CASNEPGQGNSYEQYF	TRBV7-2	TRBJ2-7
CASSLDGTGAWNEQFF	TRBV5-6	TRBJ2-1
CASSSWEMSGANVLTF	TRBV7-2	TRBJ2-6
CASSGGRAGDTQYF	TRBV7-2	TRBJ2-3
CASGLVLGLGRPYEQYF	TRBV12-5	TRBJ2-7
CASSDHPPSTDTQYF	TRBV6-6	TRBJ2-3
CATSRDTRGVETQYF	TRBV15	TRBJ2-5
CATSEPGQGANNEQFF	TRBV24-1	TRBJ2-1
CASSSSSGTYNEQFF	TRBV7-2	TRBJ2-1
CSAAPLAGGTDTQYF	TRBV20-1	TRBJ2-3
CSAPKVGQGLTYNEQFF	TRBV20-1	TRBJ2-1
CASSVEARGEQYF	TRBV10-1	TRBJ2-7
CASSVLAGGKDTQYF	TRBV2	TRBJ2-3
CSARGTDSNQPQHF	TRBV20-1	TRBJ1-5
CASSGTFRDRDGYEQYF	TRBV18	TRBJ2-7
CASSLSLSYEQYF	TRBV5-1	TRBJ2-7
CASSVAGTGNTGELFF	TRBV9	TRBJ2-2
CSARDAGAEQYF	TRBV20-1	TRBJ2-7
CSASPPSGGLETQYF	TRBV20-1	TRBJ2-5
CASSLGGDTYEQYF	TRBV5-6	TRBJ2-7
CASSQDDAHGTEAFF	TRBV4-3	TRBJ1-1
CASSVGDRVQYF	TRBV5-1	TRBJ2-3
CATSREGQDLGPQHF	TRBV15	TRBJ1-5
CASSRNSGTSGGLQYF	TRBV14	TRBJ2-4
CASSEPGQGLTGELFF	TRBV11-2	TRBJ2-2
CASSLGFMTGAFF	TRBV4-1	TRBJ1-1
CASSLKGGTEAFF	TRBV7-2	TRBJ1-1
CASSRTGVGNQPQHF	TRBV4-1	TRBJ1-5
CSAGGVWETQYF	TRBV20-1	TRBJ2-5
CASNEPGRSGDTEAFF	TRBV7-2	TRBJ1-1
CSARDDGALQHF	TRBV20-1	TRBJ1-5
CAWFREGQGYEQYF	TRBV30	TRBJ2-7
CASSPGTRGTDTQYF	TRBV10-1	TRBJ2-3
CASSLALGTGGANYGYTF	TRBV11-2	TRBJ1-2
CASRDRAHYGYTF	TRBV27	TRBJ1-2
CAWSQSPNSPLHF	TRBV30	TRBJ1-6
CASSLAYRRNNEQFF	TRBV7-6	TRBJ2-1
CATSKRTGGNTGELFF	TRBV24-1	TRBJ2-2
CASRTSGDEDTQYF	TRBV5-1	TRBJ2-3
CASSSTGLRYEQYF	TRBV14	TRBJ2-7
CASRKDRVRYNEQFF	TRBV2	TRBJ2-1
CSAGELAGEAGNEQFF	TRBV20-1	TRBJ2-1
CASSNSGLAGATQYF	TRBV19	TRBJ2-5
CSVGRGGYTEAFF	TRBV29-1	TRBJ1-1
CSAPRGRGNTGELFF	TRBV20-1	TRBJ2-2
CATSREGGVGGDTEAFF	TRBV15	TRBJ1-1
CASSLTPLPVRRTSTDTQYF	TRBV7-2	TRBJ2-3
CASGLVLTGGYNTEAFF	TRBV12-5	TRBJ1-1
CASSIIGLAGGTDTQYF	TRBV19	TRBJ2-3
CASSQDTRRNTIYF	TRBV4-3	TRBJ1-3
CASSKGGLFTGELFF	TRBV19	TRBJ2-2
CASSKGLVRYNEQFF	TRBV6-6	TRBJ2-1
CATSRLAGDYNEQFF	TRBV24-1	TRBJ2-1
CASSQTQDPGYGYTF	TRBV4-1	TRBJ1-2
CSAEGTYTEAFF	TRBV20-1	TRBJ1-1
CSAAAENIQYF	TRBV20-1	TRBJ2-4
CASNREEALYNEQFF	TRBV5-1	TRBJ2-1
CASRYTGTSGGETQYF	TRBV6-6	TRBJ2-5
CASSLPVWRVHEQFF	TRBV28	TRBJ2-1
CASTGTGGSGANVLTF	TRBV19	TRBJ2-6
CASSNQGGLYYGYTF	TRBV6-5	TRBJ1-2
CASSQALTGGTNYGYTF	TRBV4-2	TRBJ1-2
CASSGAQGVPYNEQFF	TRBV10-1	TRBJ2-1
CASSPLLSGRTDTQYF	TRBV5-6	TRBJ2-3
CASSPRQAQETQYF	TRBV2	TRBJ2-5
CASSEEGNEQFF	TRBV2	TRBJ2-1
CASSLTFRGHRTDTQYF	TRBV7-6	TRBJ2-3
CASSRPTGGGYTF	TRBV12-3	TRBJ1-2
CASSSGLAGGTADTQYF	TRBV5-1	TRBJ2-3
CSAPSGGRDTQYF	TRBV20-1	TRBJ2-3
CASSQAGTGGNSPLHF	TRBV4-3	TRBJ1-6
CASSVLAGGPGDGELFF	TRBV9	TRBJ2-2
CSASSGQGAQEQYF	TRBV20-1	TRBJ2-7
CAWSSHYGYTF	TRBV30	TRBJ1-2
CSARDRDRGFHTGELFF	TRBV20-1	TRBJ2-2
CASRAFNQPQHF	TRBV10-2	TRBJ1-5
CASRDPGGKGGELFF	TRBV19	TRBJ2-2
CASSPKGGPTNYGYTF	TRBV4-1	TRBJ1-2
CASALQKDFYEQYF	TRBV2	TRBJ2-7
CSSNTGGNQPQHF	TRBV20-1	TRBJ1-5
CASSQVSGNTGELFF	TRBV4-2	TRBJ2-2
CASSLAGTGGTDTQYF	TRBV5-1	TRBJ2-3
CASTESRGRGGTEAFF	TRBV12-3	TRBJ1-1
CASSLMGGPSSYEQYF	TRBV27	TRBJ2-7
CASSSGGGLNTEAFF	TRBV7-2	TRBJ1-1
CASSWAALTYEQYF	TRBV6-2	TRBJ2-7
CASSSERGAGSDTQYF	TRBV5-1	TRBJ2-3
CSVHIGGYTF	TRBV29-1	TRBJ1-2
CAISELDRGPAETQYF	TRBV10-3	TRBJ2-5
CSAPGGTGNTGELFF	TRBV20-1	TRBJ2-2
CASSPHEGTGELFF	TRBV5-1	TRBJ2-2
CASSKRTEMNTEAFF	TRBV12-3	TRBJ1-1
CAYDWGGVKETQYF	TRBV30	TRBJ2-5
CSPGTGPSETQYF	TRBV29-1	TRBJ2-5
CASRDPGTASSYEQYF	TRBV2	TRBJ2-7
CASSLRTGLREKLFF	TRBV7-2	TRBJ1-4
CASSSWGNPSNEQFF	TRBV7-2	TRBJ2-1
CSASTGTSGYNEQFF	TRBV20-1	TRBJ2-1
CASSYRQGSPSPETQYF	TRBV6-2	TRBJ2-5
CSAFRQTAYNEQFF	TRBV20-1	TRBJ2-1
CASSFRPQGPEAFF	TRBV7-2	TRBJ1-1
CASIVTGTGSYEQYF	TRBV6-2	TRBJ2-7
CSVAMSGATEAFF	TRBV29-1	TRBJ1-1
CASSLINSSTDTQYF	TRBV14	TRBJ2-3
CSARYLAGGPRNEQFF	TRBV20-1	TRBJ2-1
CATGERLSTDTQYF	TRBV24-1	TRBJ2-3
CSASGDSRYYNEQFF	TRBV20-1	TRBJ2-1
CASSLGSLVSYEQYF	TRBV7-2	TRBJ2-7
CASSLPGQGSDTQYF	TRBV28	TRBJ2-3
CASSIVELGRGSSYNEQFF	TRBV19	TRBJ2-1
CSARDLGEGNIQYF	TRBV20-1	TRBJ2-4
CASGQGVVNEQFF	TRBV7-2	TRBJ2-1
CSAVVEGQETQYF	TRBV20-1	TRBJ2-5
CSGEYFPGPTDTQYF	TRBV29-1	TRBJ2-3
CASSQVGTRGTGELFF	TRBV4-1	TRBJ2-2
CSASVKRGSNEQFF	TRBV20-1	TRBJ2-1
CASSPIRSPLHF	TRBV9	TRBJ1-6
CASSTDLAGWRDEQFF	TRBV28	TRBJ2-1
CASSGSRRQGYEQYF	TRBV5-1	TRBJ2-7
CASSLVGVNTEAFF	TRBV11-1	TRBJ1-1
CAWSVSGGVSYNEQFF	TRBV30	TRBJ2-1
CASGLVLLTAQGAYGYTF	TRBV12-5	TRBJ1-2
CASSLDSIPHEQYF	TRBV5-1	TRBJ2-7
CASSRTGGNYGYTF	TRBV11-1	TRBJ1-2
CASSEGPNSPLHF	TRBV6-1	TRBJ1-6
CSAQGLDEKLFF	TRBV20-1	TRBJ1-4
CASSLRRPPYEQYF	TRBV5-6	TRBJ2-7
CASSLAWASGGGVHEQFF	TRBV7-2	TRBJ2-1
CASSLAGITTGNTQYF	TRBV7-2	TRBJ2-3
CASTRDLVADTQYF	TRBV6-6	TRBJ2-3
CASSFRWGDSYNEQFF	TRBV5-1	TRBJ2-1
CASSEDIGSLAGNTIYF	TRBV6-1	TRBJ1-3
CASSQTGLADNEQFF	TRBV7-3	TRBJ2-1
CASSQGHSGNTIYF	TRBV4-2	TRBJ1-3
CASSPPGLAGGSNEQFF	TRBV7-2	TRBJ2-1
CASSHSTGTEAFF	TRBV7-2	TRBJ1-1
CASSETGNLLEQYF	TRBV2	TRBJ2-7
CASSLSGGRDNSPLHF	TRBV12-3	TRBJ1-6
CASRFGQGAVEQYF	TRBV5-1	TRBJ2-7
CASSLEPGANTEAFF	TRBV11-2	TRBJ1-1
CATSETGYTDTQYF	TRBV24-1	TRBJ2-3
CASSLTPGLEGYTF	TRBV7-3	TRBJ1-2
CSAGSLYGYTF	TRBV20-1	TRBJ1-2
CSARDQPSGQETQYF	TRBV20-1	TRBJ2-5
CASSSSPGSNSPLHF	TRBV9	TRBJ1-6
CASSPTTGVNTEAFF	TRBV12-3	TRBJ1-1
CASSGTTTWNEQYF	TRBV2	TRBJ2-7
CASSELESYEQYF	TRBV2	TRBJ2-7
CASSRGAWETQYF	TRBV2	TRBJ2-5
CAIKAGGVYNEQFF	TRBV28	TRBJ2-1
CSARDTTSGLYEQYF	TRBV20-1	TRBJ2-7
CASRDSVSGGVSTDTQYF	TRBV9	TRBJ2-3
CASSQFLGDEQFF	TRBV3-1	TRBJ2-1
CASSQDRAAGNTIYF	TRBV4-1	TRBJ1-3
CASSADSPKDEQYF	TRBV5-1	TRBJ2-7
CASSQDRYEGGTADTQYF	TRBV4-2	TRBJ2-3
CASSDPAEAFF	TRBV2	TRBJ1-1
CSARDDRTGAEAFF	TRBV20-1	TRBJ1-1
CSAKAVPDYSNQPQHF	TRBV20-1	TRBJ1-5
CASSEVEDTQYF	TRBV2	TRBJ2-3
CSASSSLNTEAFF	TRBV20-1	TRBJ1-1
CASNTYAKGTVEAFF	TRBV28	TRBJ1-1
CASSYRALPETQYF	TRBV6-5	TRBJ2-5
CASSQVEVSPLHF	TRBV4-1	TRBJ1-6
CASSEQGANTGELFF	TRBV18	TRBJ2-2
CASSGAGTPEPDTQYF	TRBV5-1	TRBJ2-3
CASGGAYNSPLHF	TRBV19	TRBJ1-6
CASSFRGNEGGYTF	TRBV28	TRBJ1-2
CASSLEASGVAQYF	TRBV11-2	TRBJ2-3
CASSDTGLPMFANTGELFF	TRBV6-1	TRBJ2-2
CASRLGASTDTQYF	TRBV6-1	TRBJ2-3
CSASPLAGQGYEQYF	TRBV20-1	TRBJ2-7
CASSHPLGNEQFF	TRBV4-1	TRBJ2-1
CASSPGYRPQADTQYF	TRBV4-1	TRBJ2-3
CASTWGQEAFF	TRBV6-6	TRBJ1-1
RGVGEQYF	TRBV7-3	TRBJ2-7
CATSRDNQPQHF	TRBV15	TRBJ1-5
CASSGGYGYTF	TRBV12-3	TRBJ1-2
CASSLDHNSPLHF	TRBV7-3	TRBJ1-6
CASSVDPGNSPLHF	TRBV9	TRBJ1-6
CASRSDSNEQFF	TRBV6-5	TRBJ2-1
CASSQFNTGELFF	TRBV3-1	TRBJ2-2
CSASGGSGGAYEQYF	TRBV20-1	TRBJ2-7
CASSWGQFAFF	TRBV6-6	TRBJ1-1
CASSPLGGYEQYF	TRBV3-1	TRBJ2-7
CASSQDSANNQPQHF	TRBV3-1	TRBJ1-5
CASSEVENTEAFF	TRBV2	TRBJ1-1
CASSQDHGDSTYTF	TRBV4-1	TRBJ1-2
CATSRDQTEAFF	TRBV15	TRBJ1-1
CSADPGLQREQYF	TRBV20-1	TRBJ2-7
CASNTGGSYGYTF	TRBV6-1	TRBJ1-2
CASSRQDQPQHF	TRBV6-6	TRBJ1-5
CASSQQMNQPQHF	TRBV3-1	TRBJ1-5
CASRNRVTEAFF	TRBV3-1	TRBJ1-1
CASQGNQPQHF	TRBV28	TRBJ1-5
CASRQFLSTGELFF	TRBV3-1	TRBJ2-2
CAWSPPGGKSGELFF	TRBV30	TRBJ2-2
CAWVRGGTPGANVLTF	TRBV30	TRBJ2-6
CASSPLGDTEAFF	TRBV18	TRBJ1-1
CASSELEDEQYF	TRBV2	TRBJ2-7
CATSRDRGGNSPLHF	TRBV15	TRBJ1-6
CASSTSGTSTDTQYF	TRBV9	TRBJ2-3
CATSRDPGSNQPQHF	TRBV15	TRBJ1-5
CSARAVDSGNTIYF	TRBV20-1	TRBJ1-3
CASSHRDPGGNTEAFF	TRBV5-1	TRBJ1-1
CASSLEGASNSPLHF	TRBV28	TRBJ1-6
CASSQGIYEQYF	TRBV3-1	TRBJ2-7
CASSPNGLLARELFF	TRBV7-2	TRBJ2-2
CASKRGTGYFGRSTGELFF	TRBV6-5	TRBJ2-2
CASFWYLSSYNEQFF	TRBV6-5	TRBJ2-1
CASGTQETQYF	TRBV2	TRBJ2-5
CASSHGLAGAGELFF	TRBV3-1	TRBJ2-2
CASSPPGAGGSYNEQFF	TRBV18	TRBJ2-1
CSARGAGATDTQYF	TRBV20-1	TRBJ2-3
CASSLIGGGDGDTQYF	TRBV7-3	TRBJ2-3
CASSLGQGNTGELFF	TRBV6-1	TRBJ2-2
CASSLDPGPNTEAFF	TRBV11-2	TRBJ1-1
CASSQFIGGEYEQYF	TRBV3-1	TRBJ2-7
CASSPGASDTQYF	TRBV11-2	TRBJ2-3
CSALPLAGGTGYTQYF	TRBV20-1	TRBJ2-3
CASSLEPRWARQYF	TRBV11-2	TRBJ2-7
CASSLEPSGFYGYTF	TRBV11-2	TRBJ1-2
CASSIPSGETQYF	TRBV27	TRBJ2-5
CASSPPGTVSYEQYF	TRBV18	TRBJ2-7
CASSELDADTQYF	TRBV2	TRBJ2-3
CASSPGVFLKGGYTF	TRBV7-3	TRBJ1-2
CRVAGGAGEQFF	TRBV20-1	TRBJ2-1
CSARDRRDRDYTF	TRBV20-1	TRBJ1-2
CASSQNKGEKLFF	TRBV3-1	TRBJ1-4
CSAGKGKVDGYTF	TRBV20-1	TRBJ1-2
CASSSAGRETQYF	TRBV12-3	TRBJ2-5
CASSGYEQYF	TRBV6-1	TRBJ2-7
CASSEGNRGSYEQYF	TRBV25-1	TRBJ2-7
CASSLQGGGEAFF	TRBV3-1	TRBJ1-1
CASSLIGTEAFF	TRBV3-1	TRBJ1-1
CASSPGLQSQPQHF	TRBV13	TRBJ1-5
CSVPGYHMNTEAFF	TRBV20-1	TRBJ1-1
CASSEDSYEQYF	TRBV2	TRBJ2-7
CASSLEPLGTQYF	TRBV11-2	TRBJ2-3
CATILGGSNQPQHF	TRBV6-5	TRBJ1-5
CSARGTHEQYF	TRBV20-1	TRBJ2-7
CASSVGTVQETQYF	TRBV9	TRBJ2-5
CASNLMENTEAFF	TRBV2	TRBJ1-1
CASSLEPSGGKLFF	TRBV11-2	TRBJ1-4
CASSELENYEQFF	TRBV2	TRBJ2-1
CASSEAASNEQFF	TRBV2	TRBJ2-1
CASSLDSGSKAFF	TRBV11-2	TRBJ1-1
CASSEGGGGTHYGYTF	TRBV2	TRBJ1-2
CASSYPGQGALEAFF	TRBV6-6	TRBJ1-1
CASSQDGAGGGADTQYF	TRBV4-2	TRBJ2-3
CASSREAGANVLTF	TRBV6-4	TRBJ2-6
CASSLVGGNSPLHF	TRBV14	TRBJ1-6
CSALYGQGSSGELFF	TRBV20-1	TRBJ2-2
CASSFGPGEKLFF	TRBV7-2	TRBJ1-4
CATLGALTDTQYF	TRBV15	TRBJ2-3
CATSRDPGPNQPQHF	TRBV15	TRBJ1-5
CASSELENTEAFF	TRBV2	TRBJ1-1
CSASRGPSTDTQYF	TRBV20-1	TRBJ2-3
CASSVAGTSTDTQYF	TRBV9	TRBJ2-3
CSAPGRVGGNTEAFF	TRBV20-1	TRBJ1-1
CASSAPRGRGTQYF	TRBV2	TRBJ2-5
CASSLAPGVNSPLHF	TRBV11-2	TRBJ1-6
CASSRDRSSYEQYF	TRBV6-5	TRBJ2-7
CASSRDRGTDTQYF	TRBV5-1	TRBJ2-3
CASSLGRYNEQFF	TRBV6-5	TRBJ2-1
CASSYQGTDNYGYTF	TRBV11-2	TRBJ1-2
CATSRDLAENTF	TRBV15	TRBJ1-2
CASSLMGTGETQYF	TRBV5-1	TRBJ2-5
CASSPPGQGGNEKLFF	TRBV18	TRBJ1-4
CASSEIENTEAFF	TRBV2	TRBJ1-1
CSASEGQMNTEAFF	TRBV20-1	TRBJ1-1
CASRDGDRGSPLHF	TRBV10-2	TRBJ1-6
CASSLDPGTTRRYF	TRBV11-2	TRBJ2-7
CASSEVGDTGELFF	TRBV2	TRBJ2-2
CATSRDVEEQFF	TRBV15	TRBJ2-1
CSALRPDREWEQFF	TRBV20-1	TRBJ2-1
CASSQGNNQPQHF	TRBV3-1	TRBJ1-5
CASREDRGPQFF	TRBV2	TRBJ2-1
CASSERETQYF	TRBV6-6	TRBJ2-5
CASSLGTGASNEQFF	TRBV3-1	TRBJ2-1
CASSLNLQSSGNTIYF	TRBV5-6	TRBJ1-3
CASSSVGPQHF	TRBV6-6	TRBJ1-5
CASSQQVRTPLHF	TRBV3-1	TRBJ1-6
CASSLTSGDYNEQFF	TRBV7-2	TRBJ2-1
CSVPPGRLGSKLFF	TRBV20-1	TRBJ1-4
CSARDRRRGLNQPQHF	TRBV20-1	TRBJ1-5
CASSPPGSGDNSPLHF	TRBV18	TRBJ1-6
CASSQEGSYTF	TRBV4-2	TRBJ1-2
CASSTGTGPEQFF	TRBV12-3	TRBJ2-1
CASSLDPGSYNEQFF	TRBV5-1	TRBJ2-1
CASRPSLNTEAFF	TRBV5-1	TRBJ1-1
CASSQTPTGGAGGYTF	TRBV3-1	TRBJ1-2
CASSQPTGGETQYF	TRBV14	TRBJ2-5
CASSWSRDIPGQYF	TRBV6-6	TRBJ2-3
CAISESGSHTGELFF	TRBV10-3	TRBJ2-2
CASSAGGELFF	TRBV11-2	TRBJ2-2
CSASSFGGATGTREQYF	TRBV20-1	TRBJ2-7
CASSTSASGGLPQYF	TRBV19	TRBJ2-4
CASSITGIRARNEQFF	TRBV19	TRBJ2-1
CATSPPSNEKLFF	TRBV15	TRBJ1-4
CSASKGKADGYTF	TRBV20-1	TRBJ1-2
CASSTGVTEAFF	TRBV2	TRBJ1-1
CASSRSATNEKLFF	TRBV18	TRBJ1-4
CASSFGTGDHEQFF	TRBV5-1	TRBJ2-1
CAWSVGPIYGYTF	TRBV30	TRBJ1-2
CASSSTSGTDTQYF	TRBV6-2	TRBJ2-3
CASSLDRGGGYTF	TRBV11-2	TRBJ1-2
CASRDPRGLGDIQYF	TRBV6-6	TRBJ2-4
CATSRDDREAFF	TRBV15	TRBJ1-1
CASSLDVLNTGELFF	TRBV7-6	TRBJ2-2
CSAREGHAPDTQYF	TRBV20-1	TRBJ2-3
CASSDRVISYEQYF	TRBV7-9	TRBJ2-7
CASSPEYRNQPQHF	TRBV6-2	TRBJ1-5
CASSLENGPVYGYTF	TRBV11-2	TRBJ1-2
CASSLGQLRRGANVLTF	TRBV11-2	TRBJ2-6
CASTLRGGYGYTF	TRBV12-3	TRBJ1-2
CASSLFTESYEQYF	TRBV5-1	TRBJ2-7
CASSYSGNTGELFF	TRBV7-2	TRBJ2-2
CAISESDLLANQPQHF	TRBV10-3	TRBJ1-5
CSARTDSNQPQHF	TRBV20-1	TRBJ1-5
CATSEGGFNQPQHF	TRBV24-1	TRBJ1-5
CASSQELGKPQHF	TRBV3-1	TRBJ1-5
CASSQVEGASGQYF	TRBV3-1	TRBJ2-7
CASSLTPGDNSPLHF	TRBV11-2	TRBJ1-6
CASSLDVQSPLHF	TRBV11-2	TRBJ1-6
CASSLAVGHKDTEAFF	TRBV11-2	TRBJ1-1
CASSLEPSGYIQYF	TRBV11-2	TRBJ2-4
CSANPGGPDTQYF	TRBV20-1	TRBJ2-3
CAWSVGPTYGYTF	TRBV30	TRBJ1-2
CASRRSLSTDTQYF	TRBV27	TRBJ2-3
CASSQGLDKQFF	TRBV3-1	TRBJ2-1
CASSLTPQANYGYTF	TRBV11-2	TRBJ1-2
CASSDGQRGVADTQYF	TRBV5-1	TRBJ2-3
CASSLGEGTGYVPNQPQHF	TRBV12-3	TRBJ1-5
CASSPGGSGYGYTF	TRBV6-6	TRBJ1-2
CASSIGVWGYTF	TRBV12-3	TRBJ1-2
CASSQEKGSKTF	TRBV4-1	TRBJ1-2
CASSQSSYNEQFF	TRBV18	TRBJ2-1
CSVEQGPYSYEQYF	TRBV29-1	TRBJ2-7
CASSQNLGSEAFF	TRBV3-1	TRBJ1-1
CATSRDAETQYF	TRBV15	TRBJ2-5
CASRIGPEPSYEQYF	TRBV2	TRBJ2-7
CASSLEPSNTGELFF	TRBV11-2	TRBJ2-2
CASSVGQASSGTQYF	TRBV9	TRBJ2-3
CSVRPGWGMNTEAFF	TRBV29-1	TRBJ1-1
CASSLEPGNYGYTF	TRBV11-2	TRBJ1-2
CASSSSPNPGNTIYF	TRBV7-2	TRBJ1-3
CSAREGGTFF	TRBV20-1	TRBJ1-1
CASSVGGATNYGYTF	TRBV9	TRBJ1-2
CSALRTGNQPQHF	TRBV20-1	TRBJ1-5
CSARGLGISSYNEQFF	TRBV20-1	TRBJ2-1
CASSYRAGALTGELFF	TRBV6-2	TRBJ2-2
CASSEFGETRSYTF	TRBV25-1	TRBJ1-2
CASSELEADTQYF	TRBV2	TRBJ2-3
CSVVEGFGSFEKRNTQYF	TRBV29-1	TRBJ2-3
CASSPGQPGGYTF	TRBV27	TRBJ1-2
CATSRNQGANTEAFF	TRBV15	TRBJ1-1
