CASTLDGRTSGANVLTF	TRBV3-1	TRBJ2-6
CSARLAGLTYNEQFF	TRBV20-1	TRBJ2-1
CSANPSSGQYNEQFF	TRBV20-1	TRBJ2-1
CASSYSGLAGYNEQFF	TRBV6-5	TRBJ2-1
CASTFGGELFF	TRBV7-9	TRBJ2-2
CASSFLSTSGRNEQFF	TRBV12-4	TRBJ2-1
CASSDNRDRGGGTEAFF	TRBV9	TRBJ1-1
CAWSDGSVGELFF	TRBV30	TRBJ2-2
CASSSDARGYEQYF	TRBV7-9	TRBJ2-7
CASSPTGGNNEQFF	TRBV9	TRBJ2-1
CASRDKSTNEKLFF	TRBV2	TRBJ1-4
CAWTRTGNTEAFF	TRBV30	TRBJ1-1
CSAPTSGQETQYF	TRBV20-1	TRBJ2-5
CASSLATSSNYGYTF	TRBV5-1	TRBJ1-2
CASGLPQGGSFVTDTQYF	TRBV12-5	TRBJ2-3
CASSVLNTEAFF	TRBV25-1	TRBJ1-1
CATGRANTEAFF	TRBV6-1	TRBJ1-1
CASSYPRVGSKNIQYF	TRBV6-3	TRBJ2-4
CASSLSRNQPQHF	TRBV27	TRBJ1-5
CASSQRARAPDTQYF	TRBV4-1	TRBJ2-3
CASTPQTAPNEKLFF	TRBV28	TRBJ1-4
CAWSRGGVDEQFF	TRBV30	TRBJ2-1
CASSRRDSNTEAFF	TRBV7-9	TRBJ1-1
CASRETGSGYNEQFF	TRBV6-1	TRBJ2-1
CSARGAREAFF	TRBV20-1	TRBJ1-1
CASSYRGQVSYEQYF	TRBV6-5	TRBJ2-7
CASSPYSGSLTDTQYF	TRBV28	TRBJ2-3
CASSQEEAGTGELFF	TRBV4-1	TRBJ2-2
CAISGRINNSPLHF	TRBV10-3	TRBJ1-6
CASSPTYNEQFF	TRBV5-4	TRBJ2-1
CSARRLADTYEQYF	TRBV20-1	TRBJ2-7
CASSRMDGPAYEQYF	TRBV18	TRBJ2-7
CASSSWTANQETQYF	TRBV11-3	TRBJ2-5
CASSLFGAGGEETQYF	TRBV11-3	TRBJ2-5
CASSLRVFTGVGTDTQYF	TRBV12-4	TRBJ2-3
CASSPFGGELFF	TRBV3-1	TRBJ2-2
CASSLRRLAGQYEQFF	TRBV7-2	TRBJ2-1
CSARSPLVNEQFF	TRBV20-1	TRBJ2-1
CASSHGQLKEETQYF	TRBV7-7	TRBJ2-5
CASSVDTAYTEAFF	TRBV9	TRBJ1-1
CASSSGLGQPQHF	TRBV7-7	TRBJ1-5
CASSPYYSADGYTF	TRBV7-3	TRBJ1-2
CASSPPDSSYEQYF	TRBV11-2	TRBJ2-7
CASSAGARNTQYF	TRBV19	TRBJ2-3
CASSLGGAEAFF	TRBV5-6	TRBJ1-1
CASSFLGGRNPNEQFF	TRBV27	TRBJ2-1
CASSLGTSLYGYTF	TRBV5-6	TRBJ1-2
CASSLTGAPNEKLFF	TRBV5-6	TRBJ1-4
CASSAGAWTEAFF	TRBV4-1	TRBJ1-1
CASSLEGQGVETQYF	TRBV27	TRBJ2-5
CASSETVSALNGYTF	TRBV10-2	TRBJ1-2
CASSQYPGSEGGNQPQHF	TRBV4-1	TRBJ1-5
CASSQEPSASYEQYF	TRBV3-1	TRBJ2-7
CSGLTESPAHYSGANVLTF	TRBV29-1	TRBJ2-6
CASSSRTSGINEQFF	TRBV5-4	TRBJ2-1
CASSEAAGGGTDTQYF	TRBV6-1	TRBJ2-3
CASSWNPSLYGYTF	TRBV27	TRBJ1-2
CASSAAGALGYTF	TRBV7-3	TRBJ1-2
CASSLVGESAPPHEQYF	TRBV6-2	TRBJ2-7
CASSRVFTTNEKLFF	TRBV6-1	TRBJ1-4
CASSLTGQGPGYGYTF	TRBV13	TRBJ1-2
CASSLGSGGEQYF	TRBV5-1	TRBJ2-7
CASSSDSGTEAFF	TRBV6-5	TRBJ1-1
CASSYAPGEAFF	TRBV7-9	TRBJ1-1
CASSQDGTGTLRQQYF	TRBV3-1	TRBJ2-7
CASSRDSYNEQFF	TRBV19	TRBJ2-1
CASSYKREYTGELFF	TRBV6-3	TRBJ2-2
CASSLDRRNEQYF	TRBV7-6	TRBJ2-7
CASSPGQLQETQYF	TRBV14	TRBJ2-5
CASSLAATSGPYEQYF	TRBV5-1	TRBJ2-7
CASSLLGLKARGYTF	TRBV5-6	TRBJ1-2
CASSFARNYGYTF	TRBV27	TRBJ1-2
CASSYFSATNEQFF	TRBV6-5	TRBJ2-1
CASSPRPGQEKLFF	TRBV19	TRBJ1-4
CASSIAPWHRNNQPQHF	TRBV19	TRBJ1-5
CATSTGTTSVNEQFF	TRBV15	TRBJ2-1
CSAIGGGREDTDTQYF	TRBV20-1	TRBJ2-3
CASSLVTSGIIEQFF	TRBV11-2	TRBJ2-1
CATSREVVGPGELFF	TRBV15	TRBJ2-2
CASSLDSGVHTEAFF	TRBV5-1	TRBJ1-1
CASSFDRDLNTEAFF	TRBV7-6	TRBJ1-1
CASSQETIAKNIQYF	TRBV4-1	TRBJ2-4
CASSAGLTNYGYTF	TRBV4-1	TRBJ1-2
CASSQDHRMGGQEKLFF	TRBV4-3	TRBJ1-4
CASSPLLLGQEVYEQYF	TRBV5-5	TRBJ2-7
CASSYSSGGYGYTF	TRBV6-5	TRBJ1-2
CASSSQGGYEQYF	TRBV7-9	TRBJ2-7
CSARETGYDGPYNEQFF	TRBV20-1	TRBJ2-1
CASSQDPAGALTDTQYF	TRBV4-1	TRBJ2-3
CASSIGRAEAFF	TRBV19	TRBJ1-1
CASSLEAGGAYNEQFF	TRBV5-5	TRBJ2-1
CASSSLTGTGYNEQFF	TRBV19	TRBJ2-1
CASSLGENTEAFF	TRBV7-3	TRBJ1-1
CASLTRLAGGLYEQYF	TRBV27	TRBJ2-7
CASSLGEFTGTDTQYF	TRBV5-1	TRBJ2-3
CASSIDVTGKGSPLHF	TRBV19	TRBJ1-6
CASSGTSGAYNEQFF	TRBV7-8	TRBJ2-1
CASSLAAGFEQFF	TRBV4-1	TRBJ2-1
CASSLWGPRTYEQYF	TRBV12-4	TRBJ2-7
CASSVQGYTEAFF	TRBV28	TRBJ1-1
CASSLVIVDLGANEQFF	TRBV7-9	TRBJ2-1
CASSFPGELFF	TRBV12-4	TRBJ2-2
CSARSQRETNEQFF	TRBV20-1	TRBJ2-1
CASSQGPAGLTDTQYF	TRBV4-3	TRBJ2-3
CASSQETGAEAFF	TRBV3-1	TRBJ1-1
CASSQEETGDLSETQYF	TRBV4-1	TRBJ2-5
CASSQATGLTGELFF	TRBV4-1	TRBJ2-2
CSVEDPYGNTIYF	TRBV29-1	TRBJ1-3
CASSQVGVHEQYF	TRBV4-3	TRBJ2-7
CSVEGEGGSYNEQFF	TRBV29-1	TRBJ2-1
CASSGTGANYGYTF	TRBV5-6	TRBJ1-2
CASSVFLLGTGELFF	TRBV9	TRBJ2-2
CASSLSSRRDTQYF	TRBV11-3	TRBJ2-3
CASSLAALAGEHEQFF	TRBV11-2	TRBJ2-1
CATSEALYEQYF	TRBV24-1	TRBJ2-7
CASRLRDGLYTEAFF	TRBV5-1	TRBJ1-1
CSARDQDRGFGYTF	TRBV20-1	TRBJ1-2
CASSLWTGHYYGYTF	TRBV19	TRBJ1-2
CASTQWSGGSYNEQFF	TRBV7-9	TRBJ2-1
CASSQVIGNSPLHF	TRBV14	TRBJ1-6
CASSYSGTGGTEAFF	TRBV4-1	TRBJ1-1
CASSEQNSNQPQHF	TRBV5-6	TRBJ1-5
CASSLRDWNEQFF	TRBV11-2	TRBJ2-1
CSAWPWGGKRAEAFF	TRBV20-1	TRBJ1-1
CASSLSFRDKALWGYTF	TRBV27	TRBJ1-2
CASSTWTSGIYNEQFF	TRBV11-2	TRBJ2-1
CASSLIGGANEQFF	TRBV11-2	TRBJ2-1
CASTLTVAGWTEAFF	TRBV19	TRBJ1-1
CSPGQGPYNEQFF	TRBV20-1	TRBJ2-1
CATRTVGNEQFF	TRBV24-1	TRBJ2-1
CASSVFGTSGEETQYF	TRBV27	TRBJ2-5
CASSDSDTIYF	TRBV9	TRBJ1-3
CASSLRGTEAFF	TRBV13	TRBJ1-1
CSVDSAESSYNEQFF	TRBV29-1	TRBJ2-1
CASSFSAGTTDTQYF	TRBV11-2	TRBJ2-3
CASSMGQTDTQYF	TRBV19	TRBJ2-3
CASSEVGAANTGELFF	TRBV2	TRBJ2-2
CASSLGLAGTYEQYF	TRBV5-1	TRBJ2-7
CASSLASVSSTDTQYF	TRBV5-1	TRBJ2-3
CASSETVLAGGDNEQFF	TRBV10-2	TRBJ2-1
CAPRVHTGELFF	TRBV19	TRBJ2-2
CASSLGIWNRSGLIQPQHF	TRBV12-3	TRBJ1-5
CAISEDSLHNSPLHF	TRBV10-3	TRBJ1-6
CASSPTGPEAFF	TRBV18	TRBJ1-1
CASSPTGYMNTEAFF	TRBV18	TRBJ1-1
CASSQDSGTGGYYEQYF	TRBV3-1	TRBJ2-7
CAWSVLGKATEAFF	TRBV30	TRBJ1-1
CASSLLVGSQPQHF	TRBV27	TRBJ1-5
CASSLPHYSDTGSYEQYF	TRBV5-8	TRBJ2-7
CASSDPQGAGNEQYF	TRBV6-1	TRBJ2-7
CSAPGQGNYEQYF	TRBV20-1	TRBJ2-7
CAISETKNTGELFF	TRBV10-3	TRBJ2-2
CASSSRDRGSYEQYF	TRBV7-9	TRBJ2-7
CASSVQLPLGVPYEQYF	TRBV4-2	TRBJ2-7
CSASGGTHQPQHF	TRBV20-1	TRBJ1-5
CASSEDRGPYNEQFF	TRBV2	TRBJ2-1
CSARSGTGGFDQPQHF	TRBV20-1	TRBJ1-5
CASSLPGTGHGNEQFF	TRBV7-9	TRBJ2-1
CASSLWPDYGYTF	TRBV12-4	TRBJ1-2
CASSAMGGAGVSDTQYF	TRBV9	TRBJ2-3
CSASLKEGREIYEQYF	TRBV20-1	TRBJ2-7
CASSQESLAGDEQFF	TRBV3-1	TRBJ2-1
CASSLDLSFTDTQYF	TRBV7-2	TRBJ2-3
CASSLLSGTSYEQYF	TRBV7-8	TRBJ2-7
CASSAGGLAGDEQYF	TRBV9	TRBJ2-7
CASSFFAGPNTGELFF	TRBV13	TRBJ2-2
CASSSPGPREKLFF	TRBV27	TRBJ1-4
CAISDQDKRALNTEAFF	TRBV10-3	TRBJ1-1
CAGSSAYYGYTF	TRBV12-4	TRBJ1-2
CASSSVNEAFF	TRBV19	TRBJ1-1
CASSFGVGTEAFF	TRBV12-4	TRBJ1-1
CAISETTSGRDEQFF	TRBV10-3	TRBJ2-1
CASSPGQEVYEQYF	TRBV18	TRBJ2-7
CASSLDPGQGWDTQYF	TRBV12-4	TRBJ2-3
CASSPDAGNTIYF	TRBV9	TRBJ1-3
CASSYAVSDTQYF	TRBV6-5	TRBJ2-3
CASSQVPGDSGANVLTF	TRBV4-1	TRBJ2-6
CASRLGQGAYNYGYTF	TRBV19	TRBJ1-2
CASSLAPGTDTQYF	TRBV7-6	TRBJ2-3
CASSLGGGGYNEQFF	TRBV27	TRBJ2-1
CASSKGQANTGELFF	TRBV2	TRBJ2-2
CASSLNPGEQYF	TRBV27	TRBJ2-7
CASSHTSGVYNEQFF	TRBV7-9	TRBJ2-1
CASSLVLGTTEAFF	TRBV7-2	TRBJ1-1
CATSREWASGTYEQYF	TRBV15	TRBJ2-7
CASSTAGHNTEAFF	TRBV27	TRBJ1-1
CASSYFGGTEAFF	TRBV6-3	TRBJ1-1
CASSLSPLAGGISSYNEQFF	TRBV7-3	TRBJ2-1
CASSAGTSGFGYNEQFF	TRBV12-4	TRBJ2-1
CASSLGAGTFKTNEKLFF	TRBV7-4	TRBJ1-4
CASSPREGANAYEQYF	TRBV18	TRBJ2-7
CASSFLGNEQFF	TRBV11-2	TRBJ2-1
CASSYWDRITSGNTIYF	TRBV6-3	TRBJ1-3
CATQTDWNTEAFF	TRBV24-1	TRBJ1-1
CASSEKRQGGGYSNQPQHF	TRBV10-1	TRBJ1-5
CASSAGLADGNTGELFF	TRBV19	TRBJ2-2
CASSSGTRTYEQYF	TRBV7-9	TRBJ2-7
CASRNSGRFETQYF	TRBV7-9	TRBJ2-5
CASRNPGTSGTTGELFF	TRBV7-9	TRBJ2-2
CASSVDSNEQFF	TRBV6-2	TRBJ2-1
CASSLWRHLNQPQHF	TRBV4-3	TRBJ1-5
CASSQGVRTASYEQYF	TRBV14	TRBJ2-7
CSARDPRRKAHEQYF	TRBV20-1	TRBJ2-7
CASGRLYRGTEAFF	TRBV5-6	TRBJ1-1
CASSPGGTGDEKLFF	TRBV12-3	TRBJ1-4
CASRLLGVNEQYF	TRBV12-3	TRBJ2-7
CASRMPGPYSNQPQHF	TRBV6-1	TRBJ1-5
CASGSDRGLVGEQFF	TRBV28	TRBJ2-1
CASSELAGGPDTQYF	TRBV6-1	TRBJ2-3
CSARGLAGAYEQYF	TRBV20-1	TRBJ2-7
CASSEPTGSQPQHF	TRBV25-1	TRBJ1-5
CASSPLEGADGYTF	TRBV6-5	TRBJ1-2
CASSFSGGSYEQYF	TRBV11-3	TRBJ2-7
CASSLGTSGYYEQYF	TRBV5-1	TRBJ2-7
CASSYSEVYGYTF	TRBV6-5	TRBJ1-2
CASSSQGTDLGYTF	TRBV27	TRBJ1-2
CASSQGQGIHEQYF	TRBV14	TRBJ2-7
CASSESMIQHF	TRBV10-2	TRBJ1-5
CASSRETGGAKNIQYF	TRBV4-3	TRBJ2-4
CATSVGQGGWDLGYTF	TRBV15	TRBJ1-2
CASTQTNYEQYF	TRBV7-9	TRBJ2-7
CASSLVYGGNQETQYF	TRBV7-9	TRBJ2-5
CASSQWDDYGYTF	TRBV14	TRBJ1-2
CASSLGGWNTEAFF	TRBV7-2	TRBJ1-1
CSAIPASSGANVLTF	TRBV20-1	TRBJ2-6
CASSARGQGGNTIYF	TRBV9	TRBJ1-3
CASSLTGLEAFF	TRBV12-3	TRBJ1-1
CASSLGLYEQYF	TRBV13	TRBJ2-7
CASSDSAGGSDTQYF	TRBV6-4	TRBJ2-3
CASSLGRAYEQYF	TRBV7-2	TRBJ2-7
CASSSRPQGTNEKLFF	TRBV7-9	TRBJ1-4
CASGQGAYTGELFF	TRBV27	TRBJ2-2
CASIEERGSYNEQFF	TRBV7-2	TRBJ2-1
CASSGPPRGPYNEQFF	TRBV7-9	TRBJ2-1
CSVLVARELLTDTQYF	TRBV29-1	TRBJ2-3
CASSASPDRWGEQYF	TRBV6-3	TRBJ2-7
CASSPPVSTDTQYF	TRBV7-8	TRBJ2-3
CASSPPTGDYYGYTF	TRBV7-9	TRBJ1-2
CASSEQDRRTDTQYF	TRBV6-1	TRBJ2-3
CASRGQGRNNEQFF	TRBV7-9	TRBJ2-1
CASSQVWPGPSTDTQYF	TRBV4-1	TRBJ2-3
CASSLKTSGRGDTQYF	TRBV27	TRBJ2-3
CASSGTTRGTIYF	TRBV25-1	TRBJ1-3
CASYRPGAGELFF	TRBV11-2	TRBJ2-2
CASSDGQGANYGYTF	TRBV7-9	TRBJ1-2
CASSAGTGDTDTQYF	TRBV6-4	TRBJ2-3
CASSRGLGSGNTIYF	TRBV11-2	TRBJ1-3
CASFGDTEAFF	TRBV3-1	TRBJ1-1
CASSRDRGYEQYF	TRBV12-3	TRBJ2-7
CASSLAPRNEAFF	TRBV7-9	TRBJ1-1
CASSATGGPNSPLHF	TRBV9	TRBJ1-6
CASSEDHTGFYEQYF	TRBV6-1	TRBJ2-7
CASSYSRGYNSPLHF	TRBV6-5	TRBJ1-6
CATSRDLGGGNQPQHF	TRBV15	TRBJ1-5
CASSQLDTQYEQYF	TRBV3-1	TRBJ2-7
CASSKGGVVNTEAFF	TRBV25-1	TRBJ1-1
CASSPPTAYSYNEQFF	TRBV18	TRBJ2-1
CASSVAGGGLNEQFF	TRBV6-4	TRBJ2-1
CASSQNGGAHRLMNTEAFF	TRBV3-1	TRBJ1-1
CASSPHDGITGELFF	TRBV7-3	TRBJ2-2
CASSAEGAGNMNTEAFF	TRBV11-1	TRBJ1-1
CASAAGTGGDYGYTF	TRBV5-4	TRBJ1-2
CATSRGTVSYEQYF	TRBV15	TRBJ2-7
CASTRVGGDYGYTF	TRBV27	TRBJ1-2
CASSYTNGYGYTF	TRBV12-3	TRBJ1-2
CASRRRESHAYEQYF	TRBV27	TRBJ2-7
CASSQVLWAYEQYF	TRBV14	TRBJ2-7
CASSLLGTGVREQYF	TRBV7-9	TRBJ2-7
CASSLLRAATNEKLFF	TRBV7-8	TRBJ1-4
CASSSGDGWGGANVLTF	TRBV6-5	TRBJ2-6
CSARNPRGEDTEAFF	TRBV20-1	TRBJ1-1
CASSLPKTGYNEQFF	TRBV12-4	TRBJ2-1
CASSIVQGSQPQHF	TRBV19	TRBJ1-5
CSVLRGPEGDTQYF	TRBV29-1	TRBJ2-3
CATSEPDRATNSGELFF	TRBV24-1	TRBJ2-2
CASSPSGTSFYNEQFF	TRBV5-6	TRBJ2-1
CASSKNRENTEAFF	TRBV27	TRBJ1-1
CASSDGTGLNEKLFF	TRBV2	TRBJ1-4
CATSTAGTVAQPQHF	TRBV15	TRBJ1-5
CASSVGSRGVYGYTF	TRBV9	TRBJ1-2
CASSQTQGGVSLYNEQFF	TRBV14	TRBJ2-1
CASSYLAGGTTDTQYF	TRBV6-5	TRBJ2-3
CASSQDPPLWGQTNEQFF	TRBV14	TRBJ2-1
CASSYSQETQYF	TRBV6-3	TRBJ2-5
CASSITGDTEAFF	TRBV19	TRBJ1-1
CASSTASAPETQYF	TRBV6-3	TRBJ2-5
CASTYGSGELFF	TRBV7-9	TRBJ2-2
CSGGALGQDFGGYTF	TRBV29-1	TRBJ1-2
CASSLRGGWVRGYTF	TRBV12-4	TRBJ1-2
CASSLGTKTIAKNIQYF	TRBV11-2	TRBJ2-4
CASSVETSGTSTDTQYF	TRBV9	TRBJ2-3
CASSPGTATDTQYF	TRBV5-5	TRBJ2-3
CSVEAGEETQYF	TRBV29-1	TRBJ2-5
CASSGGGVVDTQYF	TRBV5-6	TRBJ2-3
CASSPRDRVNTEAFF	TRBV7-9	TRBJ1-1
CAWSVPDTSSTDTQYF	TRBV30	TRBJ2-3
CASSPVVRAEAFF	TRBV25-1	TRBJ1-1
CASSPQTGVGYGYTF	TRBV6-5	TRBJ1-2
CASGLVSGSYSNQPQHF	TRBV12-5	TRBJ1-5
CASSQLAGPFNEQFF	TRBV7-9	TRBJ2-1
CSALGLGTNEQYF	TRBV20-1	TRBJ2-7
CASSQEGPGLFTGELFF	TRBV4-1	TRBJ2-2
CASSYARNYNEQFF	TRBV6-5	TRBJ2-1
CASRQRPEAPNTEAFF	TRBV7-2	TRBJ1-1
CASSISSSYNSPLHF	TRBV9	TRBJ1-6
CASSPRTSFETQYF	TRBV7-6	TRBJ2-5
CASSYATGASYGYTF	TRBV6-3	TRBJ1-2
CASSIVVEKQETQYF	TRBV19	TRBJ2-5
CASSTTVNTEAFF	TRBV19	TRBJ1-1
CASSGGVNTEAFF	TRBV9	TRBJ1-1
CASSPGGLGGELFF	TRBV7-3	TRBJ2-2
CASSIGLAGEVDTQYF	TRBV19	TRBJ2-3
CSVATGRGELFF	TRBV29-1	TRBJ2-2
CASSPGTYEAFF	TRBV12-4	TRBJ1-1
CASIGIFNEQFF	TRBV7-9	TRBJ2-1
CASSLDRVNQPQHF	TRBV27	TRBJ1-5
CSARAGRGLDTDTQYF	TRBV20-1	TRBJ2-3
CASSLKRGEQFF	TRBV5-1	TRBJ2-1
CASSYGVAGGYNEQFF	TRBV6-3	TRBJ2-1
CASSLGDTEAFF	TRBV11-2	TRBJ1-1
CASSETSGPSYEQYF	TRBV11-3	TRBJ2-7
CASSLLAGGRDTQYF	TRBV7-3	TRBJ2-3
CSARDLQGGNQPQHF	TRBV20-1	TRBJ1-5
CASSPGPHEQFF	TRBV9	TRBJ2-1
CASSSRDRGPHGQYF	TRBV7-9	TRBJ2-7
CATSRGGDRTKGYTF	TRBV15	TRBJ1-2
CASRPGRLNEKLFF	TRBV6-5	TRBJ1-4
CASSEGTGGLGYGYTF	TRBV25-1	TRBJ1-2
CASSRVPTGEQFF	TRBV14	TRBJ2-1
CAIGTGDTNQPQHF	TRBV10-3	TRBJ1-5
CASSHRSGTEAFF	TRBV12-3	TRBJ1-1
CASKGTDTQYF	TRBV27	TRBJ2-3
CASRLRTGNYNEQFF	TRBV27	TRBJ2-1
CATTAFDTSYGYTF	TRBV5-8	TRBJ1-2
CASSGITGGDTGELFF	TRBV7-9	TRBJ2-2
CASSQDLVAEAFF	TRBV4-2	TRBJ1-1
CATGHSNQPQHF	TRBV6-3	TRBJ1-5
CASSGGGQGYNEQFF	TRBV9	TRBJ2-1
CASSYSNEQYF	TRBV6-5	TRBJ2-7
CATSSLSGRVTGELFF	TRBV15	TRBJ2-2
CASSRSGRERDEQYF	TRBV6-5	TRBJ2-7
CSAYRDSYNEQFF	TRBV20-1	TRBJ2-1
CASSLSRSRGSYEQYF	TRBV19	TRBJ2-7
CASRLRESSYEQYF	TRBV28	TRBJ2-7
CASSQLGTRTSHTEAFF	TRBV7-9	TRBJ1-1
CASSLGSNEQFF	TRBV7-6	TRBJ2-1
CSVRLDSSGQPQHF	TRBV29-1	TRBJ1-5
CATMDTMNTEAFF	TRBV24-1	TRBJ1-1
CASSWSGGGARDTQYF	TRBV7-9	TRBJ2-3
CASSLAGDGTGELFF	TRBV7-7	TRBJ2-2
CASSLIASHYSEQFF	TRBV7-8	TRBJ2-1
CASSQDPGQGAHEQFF	TRBV4-2	TRBJ2-1
CASSQGTVLQPQHF	TRBV4-3	TRBJ1-5
CASSLAQGTDTQYF	TRBV5-6	TRBJ2-3
CASSPLGAKNIQYF	TRBV5-4	TRBJ2-4
CASSELGTSGNTDTQYF	TRBV7-2	TRBJ2-3
CASSLREQGRYNEQFF	TRBV5-6	TRBJ2-1
CASSLAEGHQPQHF	TRBV7-6	TRBJ1-5
CASSPNRNTEAFF	TRBV4-3	TRBJ1-1
CASSLLGQKAFF	TRBV27	TRBJ1-1
CASSKEVAGYEQFF	TRBV7-9	TRBJ2-1
CASTPLRGDRPYEQYF	TRBV6-3	TRBJ2-7
CASSIDRTNQETQYF	TRBV19	TRBJ2-5
CASGQGGTEAFF	TRBV27	TRBJ1-1
CASRLAGYNEQFF	TRBV2	TRBJ2-1
CASSIGPALNTEAFF	TRBV14	TRBJ1-1
CASSSTDSYEQYF	TRBV27	TRBJ2-7
CSAKEGPTGGYGYTF	TRBV20-1	TRBJ1-2
CASSAFVLAANTGELFF	TRBV7-7	TRBJ2-2
CSAPGQGLSEGPTDTQYF	TRBV20-1	TRBJ2-3
CARGGTGYNEQFF	TRBV2	TRBJ2-1
CASSLDLIPAGGSTPYNEQFF	TRBV11-2	TRBJ2-1
CASSLEVQSRDEQFF	TRBV27	TRBJ2-1
CASSLMRGGTYNSPLHF	TRBV13	TRBJ1-6
CASSITWTGNMNTEAFF	TRBV19	TRBJ1-1
CASSQGRGAELYEQYF	TRBV4-1	TRBJ2-7
CASSYSRGLGVMDPSTDTQYF	TRBV6-6	TRBJ2-3
CASSLTGGEKLFF	TRBV7-9	TRBJ1-4
CASSLVSSTEAFF	TRBV5-8	TRBJ1-1
CATSGATDRGYLNQPQHF	TRBV15	TRBJ1-5
CASSLVGGQETQYF	TRBV7-9	TRBJ2-5
CASSLGTLEETQYF	TRBV6-5	TRBJ2-5
CASSSGQGWEQPQHF	TRBV27	TRBJ1-5
CASSLDGGPQETQYF	TRBV5-1	TRBJ2-5
CASSYFPLADTQYF	TRBV6-2	TRBJ2-3
CATSETGVENTGELFF	TRBV24-1	TRBJ2-2
CASRREGRVNEKLFF	TRBV28	TRBJ1-4
CASSHPKWPGHRVLEQFF	TRBV4-3	TRBJ2-1
CSVEDPGSGGEQWQFF	TRBV29-1	TRBJ2-1
CASSLVVMGTGFTDTQYF	TRBV12-3	TRBJ2-3
CASSQGNEQFF	TRBV5-1	TRBJ2-1
CASSWRGASGKLFF	TRBV28	TRBJ1-4
CASSPRAGGTDTQYF	TRBV12-4	TRBJ2-3
CASSLATSGGYQETQYF	TRBV11-2	TRBJ2-5
CASSVNKGGGGEQFF	TRBV2	TRBJ2-1
CASSSRLAGVYSDTQYF	TRBV7-2	TRBJ2-3
CASSLAGTSRTGELFF	TRBV7-9	TRBJ2-2
CASSLVGSYNEQFF	TRBV7-2	TRBJ2-1
CASSRGHLQETQYF	TRBV27	TRBJ2-5
CASSLAEKLFF	TRBV12-4	TRBJ1-4
CASSPGQGAYTGELFF	TRBV12-3	TRBJ2-2
CASSLIPRTGNINQPQHF	TRBV7-8	TRBJ1-5
CASGGTGGLTGELFF	TRBV6-1	TRBJ2-2
CSARKGLADYNEQFF	TRBV20-1	TRBJ2-1
CASSPLTAVNTEAFF	TRBV19	TRBJ1-1
CASSPRLAESSYEQYF	TRBV28	TRBJ2-7
CASSIVAGGLDEQFF	TRBV19	TRBJ2-1
CASSPRDRESPEQYF	TRBV7-9	TRBJ2-7
CAGGTGYNSPLHF	TRBV2	TRBJ1-6
CASSLGWGTEAFF	TRBV11-1	TRBJ1-1
CASRIGNGNTIYF	TRBV30	TRBJ1-3
CASSVGFRGHEQYF	TRBV9	TRBJ2-7
CASSPGGQGRTEAFF	TRBV13	TRBJ1-1
CASSQDISRGQTLFGNSPLHF	TRBV4-3	TRBJ1-6
CASSRDGEGYNEQFF	TRBV3-1	TRBJ2-1
CASVLLSSGRGQETQYF	TRBV2	TRBJ2-5
CASSPGPQDPFYSNQPQHF	TRBV18	TRBJ1-5
CSARLAGRPADTQYF	TRBV20-1	TRBJ2-3
CASKGLADNEQFF	TRBV27	TRBJ2-1
CASSIDLLGYEQYF	TRBV19	TRBJ2-7
CASKGTVAAITDTQYF	TRBV4-1	TRBJ2-3
CASSWGVSTYF	TRBV27	TRBJ2-7
CASSFRQSNYNEQFF	TRBV27	TRBJ2-1
CSGGRASSNEQFF	TRBV29-1	TRBJ2-1
CASRGQGSQPQHF	TRBV6-3	TRBJ1-5
CASSQDSSGGYNEQFF	TRBV4-2	TRBJ2-1
CASSHMYLYYEQYF	TRBV4-1	TRBJ2-7
CSARSRTSGGPPVGDTQYF	TRBV20-1	TRBJ2-3
CASRGLTSGSSTDTQYF	TRBV4-2	TRBJ2-3
CASSPKTDSYEQYF	TRBV7-9	TRBJ2-7
CATSDPAGMTGGWHGYTF	TRBV24-1	TRBJ1-2
CASSLGGADGYTF	TRBV5-1	TRBJ1-2
CASSTGQGQFF	TRBV19	TRBJ2-1
CASSIGKDMNTEAFF	TRBV19	TRBJ1-1
CASSRKGGGMWTEAFF	TRBV12-4	TRBJ1-1
CASSDSVSFLNQPQHF	TRBV6-6	TRBJ1-5
CASSLGGSGYEQYF	TRBV7-9	TRBJ2-7
CSATTAGDYEQYF	TRBV20-1	TRBJ2-7
CASRMDSYRNNEQFF	TRBV19	TRBJ2-1
CATSDRDSNQPQHF	TRBV24-1	TRBJ1-5
CASGLGALGTDTQYF	TRBV12-5	TRBJ2-3
CATSSGYYGYTF	TRBV15	TRBJ1-2
CASSDTYGYTF	TRBV6-4	TRBJ1-2
CASSKEDREKETQYF	TRBV19	TRBJ2-5
CASSLELAGGPHEQFF	TRBV12-4	TRBJ2-1
CASSFDPGSYGYTF	TRBV27	TRBJ1-2
CASSLSGTGFYGYTF	TRBV27	TRBJ1-2
CASSLGGPNTGELFF	TRBV5-6	TRBJ2-2
CASSSSLASTDTQYF	TRBV7-6	TRBJ2-3
CASSFSTSGLIDEQFF	TRBV6-5	TRBJ2-1
CASSPRPGGYEQYF	TRBV7-9	TRBJ2-7
CASSLAQGLAKNIQYF	TRBV5-6	TRBJ2-4
CASSVVEGTMPYNEQFF	TRBV9	TRBJ2-1
CASSFLGTRADTQYF	TRBV6-3	TRBJ2-3
CASSTDSYTGELFF	TRBV7-3	TRBJ2-2
CSATGTGYNYGYTF	TRBV20-1	TRBJ1-2
CASSHRDSDLYGYTF	TRBV6-2	TRBJ1-2
CASSPAPGTANTEAFF	TRBV9	TRBJ1-1
CASSRAVRDDEKLFF	TRBV5-1	TRBJ1-4
CASSLLRTGGNEQYF	TRBV27	TRBJ2-7
CASSVGAGSGQPQHF	TRBV9	TRBJ1-5
CASSQVERGGVETQYF	TRBV4-1	TRBJ2-3
CASRRDRGRTDTQYF	TRBV10-2	TRBJ2-3
CASSLNVPRSGYEQYF	TRBV4-3	TRBJ2-7
CASGGALNYEQYF	TRBV13	TRBJ2-7
CASSLVDRAMNLNTEAFF	TRBV5-1	TRBJ1-1
CASSLAQVDQYF	TRBV7-2	TRBJ2-5
CASSPRTGGNTIYF	TRBV4-1	TRBJ1-3
CASSVGRLAGGSTDTQYF	TRBV9	TRBJ2-3
CASSYSPLNTEAFF	TRBV6-2	TRBJ1-1
CANSQTQLWETQYF	TRBV7-2	TRBJ2-5
CAWSPNTGELFF	TRBV30	TRBJ2-2
CASSHLNGYIQYF	TRBV7-6	TRBJ2-4
CASSVGTGDHQPQHF	TRBV3-1	TRBJ1-5
CSASLGNQPQHF	TRBV20-1	TRBJ1-5
CASSLDTDQDTQYF	TRBV5-4	TRBJ2-3
CASSPRTGGRDTIYF	TRBV12-3	TRBJ1-3
CASNKGRYSGANVLTF	TRBV6-1	TRBJ2-6
CASTASMNTEAFF	TRBV27	TRBJ1-1
CASSLGVSRGNQPQHF	TRBV28	TRBJ1-5
CASSPTGSNEKLFF	TRBV3-1	TRBJ1-4
CASSESGTEHEQYF	TRBV9	TRBJ2-7
CASSWGQGNNEQFF	TRBV5-1	TRBJ2-1
CASSQVYVEVREHGELFF	TRBV4-3	TRBJ2-2
CASSLALNNEQFF	TRBV13	TRBJ2-1
CATSDLEGEQFF	TRBV24-1	TRBJ2-1
CAWSVLSYTDTQYF	TRBV30	TRBJ2-3
CSARLGQGDTGELFF	TRBV20-1	TRBJ2-2
CASTGTARFTGELFF	TRBV6-2	TRBJ2-2
CASGASGSSEAFF	TRBV28	TRBJ1-1
CSAGQENYGYTF	TRBV29-1	TRBJ1-2
CASSYYAAGLGTGELFF	TRBV6-5	TRBJ2-2
CASSPSGSPADTQYF	TRBV7-9	TRBJ2-3
CASSWEGEEETQYF	TRBV5-1	TRBJ2-5
CATSRVKGIETQYF	TRBV15	TRBJ2-5
CASSNYPDRGPSPYYEQYF	TRBV6-5	TRBJ2-7
CASSVEASGVYEQYF	TRBV9	TRBJ2-7
CASTPGTGPTEAFF	TRBV6-1	TRBJ1-1
CSASTGLVTEAFF	TRBV20-1	TRBJ1-1
CASSVGGAGVSNEQFF	TRBV9	TRBJ2-1
CASSIAAYYEQYF	TRBV19	TRBJ2-7
CASSYQGGTGTDTQYF	TRBV6-5	TRBJ2-3
CASSGWVYNEQFF	TRBV7-2	TRBJ2-1
CASSYPGLANEQFF	TRBV6-6	TRBJ2-1
CASSFKGGAGYNEQFF	TRBV27	TRBJ2-1
CSVDASDRGEQFF	TRBV29-1	TRBJ2-1
CSAPPDSLNTEAFF	TRBV20-1	TRBJ1-1
CASTQHRDSGEKLFF	TRBV12-4	TRBJ1-4
CASSGHPGQGKPQHF	TRBV25-1	TRBJ1-5
CASTDRTRLNEQYF	TRBV12-4	TRBJ2-7
CASSYGAGERYEQYF	TRBV6-5	TRBJ2-7
CASSLPLSDSPTHTQYF	TRBV5-6	TRBJ2-3
CATSSSWDRNQPQHF	TRBV15	TRBJ1-5
CASSMDEGSTEAFF	TRBV19	TRBJ1-1
CSASELPLGGGYTDTQYF	TRBV20-1	TRBJ2-3
CASGDNEQFF	TRBV5-1	TRBJ2-1
CASSWIPGGSEAFF	TRBV6-2	TRBJ1-1
CASSLVGGEQYF	TRBV12-4	TRBJ2-7
CASSQEGRETEAFF	TRBV3-1	TRBJ1-1
CATKRGGNNEQFF	TRBV24-1	TRBJ2-1
CARGQGTEAFF	TRBV6-1	TRBJ1-1
CASGLASTGELFF	TRBV12-5	TRBJ2-2
CASSLGGGNNEQFF	TRBV5-4	TRBJ2-1
CASGPLGGYNEQFF	TRBV12-5	TRBJ2-1
CASSEAYYEQYF	TRBV10-1	TRBJ2-7
CASSATGISTEAFF	TRBV9	TRBJ1-1
CASSLSGDTGELFF	TRBV28	TRBJ2-2
CASSRGQGNEAFF	TRBV9	TRBJ1-1
CASSLERSEAFF	TRBV7-9	TRBJ1-1
CATSRDRYNEQFF	TRBV15	TRBJ2-1
CASSHPGQQNTGELFF	TRBV4-1	TRBJ2-2
CASSLGGERGTDTQYF	TRBV12-4	TRBJ2-3
CASSPQDREDGYTF	TRBV4-3	TRBJ1-2
CAGSLAPGATNEKLFF	TRBV7-6	TRBJ1-4
CASSPLGLAGPNEQFF	TRBV28	TRBJ2-1
CASSFLNGGGTEAFF	TRBV28	TRBJ1-1
CAWSVRQTTNEKLFF	TRBV30	TRBJ1-4
CASSAPRGTQAFF	TRBV9	TRBJ1-1
CASSPGEKNTEAFF	TRBV7-9	TRBJ1-1
CASSPLMQREGNEQFF	TRBV4-2	TRBJ2-1
CASSLTGGSSNEQFF	TRBV7-3	TRBJ2-1
CASKPSNSRTDTQYF	TRBV27	TRBJ2-3
CSARDGASSDTQYF	TRBV20-1	TRBJ2-3
CASSLIDTVWSLEQYF	TRBV5-6	TRBJ2-7
CASSLSLGGNEQFF	TRBV11-3	TRBJ2-1
CASSHGSGSPYGYTF	TRBV11-2	TRBJ1-2
CASSPMRGALLEQYF	TRBV5-1	TRBJ2-7
CASSVDRGGYTF	TRBV9	TRBJ1-2
CASSSLNGAVNTGELFF	TRBV28	TRBJ2-2
CASSLLAGAGAGELFF	TRBV7-9	TRBJ2-2
CASSIGTASYNEQFF	TRBV19	TRBJ2-1
CASSPEGQTGSPLHF	TRBV18	TRBJ1-6
CASSLGPGNYEQYF	TRBV27	TRBJ2-7
CASSSLKLSGNTIYF	TRBV12-4	TRBJ1-3
CASSIVAGGGNTIYF	TRBV27	TRBJ1-3
CASSYAISYNEQFF	TRBV6-5	TRBJ2-1
CASSLMSAGANYGYTF	TRBV7-3	TRBJ1-2
CASSHSVGSNQPQHF	TRBV4-2	TRBJ1-5
CASSLMAGTWFYEQYF	TRBV28	TRBJ2-7
CSVMGTINEQFF	TRBV29-1	TRBJ2-1
CASSQGQGDGYTF	TRBV4-1	TRBJ1-2
CASSTSGYSSYNEQFF	TRBV9	TRBJ2-1
CASSGRDRGYAQSSYEQYF	TRBV19	TRBJ2-7
CASSPRGTDTQYF	TRBV5-4	TRBJ2-3
CSARLLGSGDQETQYF	TRBV20-1	TRBJ2-5
CASSSRDVDRAGANVLTF	TRBV5-1	TRBJ2-6
CASMRGADNQPQHF	TRBV27	TRBJ1-5
CSAPKAGSSYEQYF	TRBV20-1	TRBJ2-7
CASSFGANTEAFF	TRBV5-1	TRBJ1-1
CSVERDTEAFF	TRBV29-1	TRBJ1-1
CASSPLGDGGYEQYF	TRBV4-1	TRBJ2-7
CASSPEPGLLNQPQHF	TRBV5-1	TRBJ1-5
CASSQDGNRYNEQFF	TRBV4-3	TRBJ2-1
CASSPPSGFSYNEQFF	TRBV18	TRBJ2-1
CASSLMGGTYSNQPQHF	TRBV28	TRBJ1-5
CASSDRASTDTQYF	TRBV6-4	TRBJ2-3
CASRPGRTHLNTEAFF	TRBV2	TRBJ1-1
CASSLGSGETQYF	TRBV5-6	TRBJ2-5
CASSQGGGYEQYF	TRBV14	TRBJ2-7
CARLGSSAFF	TRBV2	TRBJ1-1
CASSETAVGNEQYF	TRBV10-2	TRBJ2-7
CASSQYSRTPYGYTF	TRBV14	TRBJ1-2
CASTETRSDADTQYF	TRBV27	TRBJ2-3
CAWSVDGLNPLGYTF	TRBV30	TRBJ1-2
CASSVGLGFTDTQYF	TRBV19	TRBJ2-3
CASSSTDTQYF	TRBV5-6	TRBJ2-3
CASSIGGSSYNEQFF	TRBV19	TRBJ2-1
CASSLSSNEQFF	TRBV27	TRBJ2-1
CASSLGSRPSGGYEQYF	TRBV7-9	TRBJ2-7
CASSSGGNEAFF	TRBV27	TRBJ1-1
CASSIYTADEQFF	TRBV19	TRBJ2-1
CASSQDTGGFAGELFF	TRBV4-3	TRBJ2-2
CASSPTGYTDTQYF	TRBV27	TRBJ2-3
CAIRRRQDSYNEQFF	TRBV10-3	TRBJ2-1
CASSQDQQAGGLFTAGDTQYF	TRBV4-2	TRBJ2-3
CASSLSFGSPYHGYTF	TRBV6-5	TRBJ1-2
CSVSDKSYGYTF	TRBV29-1	TRBJ1-2
CASGEGQPQHF	TRBV7-6	TRBJ1-5
CASSSRDRGAYEQYF	TRBV7-9	TRBJ2-7
CASKTNTEAFF	TRBV7-9	TRBJ1-1
CASSYSGGNGYTF	TRBV6-5	TRBJ1-2
CASSVAGEETQYF	TRBV9	TRBJ2-5
CASSFGEQFF	TRBV7-2	TRBJ2-1
CASSPYTGNEQFF	TRBV19	TRBJ2-1
CASRGQGALMTYEQYF	TRBV10-2	TRBJ2-7
CASSYGYGEKLFF	TRBV27	TRBJ1-4
CASSFTGGRYEQYF	TRBV19	TRBJ2-7
CASSPSISGRTDTQYF	TRBV7-2	TRBJ2-3
CASSLGVDFNYGYTF	TRBV5-6	TRBJ1-2
CSVESLTNYGYTF	TRBV29-1	TRBJ1-2
CASSSQPAETQYF	TRBV7-3	TRBJ2-5
CATSVPTGHNQPQHF	TRBV24-1	TRBJ1-5
CASSLIGGGMGWEQFF	TRBV7-8	TRBJ2-1
CASSPTGTGIETQYF	TRBV7-7	TRBJ2-5
CASSYWGNSYNSPLHF	TRBV6-5	TRBJ1-6
CASSQDSASGTYNEQFF	TRBV4-3	TRBJ2-1
CASSFQGSPQETQYF	TRBV5-6	TRBJ2-5
CASSVGLAGGNEQFF	TRBV9	TRBJ2-1
CSAPDRFNQPQHF	TRBV20-1	TRBJ1-5
CASSRENSNQPQHF	TRBV18	TRBJ1-5
CASSPWGYTEAFF	TRBV19	TRBJ1-1
CSPMDRQETQYF	TRBV29-1	TRBJ2-5
CASSIAGGYEQFF	TRBV11-3	TRBJ2-1
CASSLIGVSEKNEQFF	TRBV7-9	TRBJ2-1
CASSSPGTGNEQFF	TRBV6-6	TRBJ2-1
CASSLPRAQEQFF	TRBV27	TRBJ2-1
CASSPWTGGSNQPQHF	TRBV19	TRBJ1-5
CASSLASYGGEKLFF	TRBV27	TRBJ1-4
CASMGRLAGIYEQYF	TRBV2	TRBJ2-7
CASSQAPGPAYGYTF	TRBV27	TRBJ1-2
CSVCFWFGSSYNEQFF	TRBV29-1	TRBJ2-1
CASSLEFDQPQHF	TRBV12-3	TRBJ1-5
CATTNGGRGYTF	TRBV19	TRBJ1-2
CSAQETVMNTEAFF	TRBV20-1	TRBJ1-1
CASSKPKGHHPIPPFNTGELFF	TRBV7-9	TRBJ2-2
CASSDPGTSSDTQYF	TRBV27	TRBJ2-3
CASSLNRGTGANVLTF	TRBV6-5	TRBJ2-6
CASSEFLGTTLETQYF	TRBV2	TRBJ2-5
CASSPAEATNEKLFF	TRBV5-6	TRBJ1-4
CASSYVGGAGETQYF	TRBV7-6	TRBJ2-5
CASSTQGLAGVNGELFF	TRBV7-7	TRBJ2-2
CASSPADRTRNTEAFF	TRBV3-1	TRBJ1-1
CASSQGSGSTDTQYF	TRBV14	TRBJ2-3
CASSLWGNQPQHF	TRBV27	TRBJ1-5
CASINGLANTGELFF	TRBV3-1	TRBJ2-2
CASSVDRELAYNEQFF	TRBV9	TRBJ2-1
CASSFGGSGNQPQHF	TRBV12-4	TRBJ1-5
CAWSEPGLDQPQHF	TRBV30	TRBJ1-5
CASSWLQGSEQYF	TRBV6-5	TRBJ2-5
CASSQDLGGVSYNEQFF	TRBV3-1	TRBJ2-1
CASGTPHLAGNTIYF	TRBV9	TRBJ1-3
CASSSGTRLFSGELFF	TRBV27	TRBJ2-2
CASSLNLDPSTDTQYF	TRBV7-3	TRBJ2-3
CASSSDSRVGYTF	TRBV7-3	TRBJ1-2
CASSSSGSTEAFF	TRBV11-3	TRBJ1-1
CATGTSPNEKLFF	TRBV24-1	TRBJ1-4
CASRNEWGNYGYTF	TRBV9	TRBJ1-2
CASSQDGGNTEAFF	TRBV4-3	TRBJ1-1
CAWSWSSTDTQYF	TRBV30	TRBJ2-3
CASSSFYDSNEKLFF	TRBV7-9	TRBJ1-4
CSARDYLRPLDNEQFF	TRBV20-1	TRBJ2-1
CASSLGVNEQFF	TRBV5-4	TRBJ2-1
CASSPRTNQHEQYF	TRBV19	TRBJ2-7
CASSPGTLAGELFF	TRBV9	TRBJ2-2
CASNFDSSGNTIYF	TRBV12-3	TRBJ1-3
CATSETETTIYNEQFF	TRBV24-1	TRBJ2-1
CASSYSMAGGEKLFF	TRBV6-5	TRBJ1-4
CASSLKGVSSYNEQFF	TRBV7-9	TRBJ2-1
CASSFLEGTEAFF	TRBV14	TRBJ1-1
CASSLGAGMGEQYF	TRBV5-1	TRBJ2-7
CASSQDPAGEVSGELFF	TRBV4-2	TRBJ2-2
CASSPGVINEKLFF	TRBV7-9	TRBJ1-4
CASSPREPMRLAGAPSTDTQYF	TRBV18	TRBJ2-3
CSARAWDPNTGELFF	TRBV20-1	TRBJ2-2
CSASAGIETSTDTQYF	TRBV20-1	TRBJ2-3
CAWSGVTEAFF	TRBV30	TRBJ1-1
CSARGLADPYEQYF	TRBV20-1	TRBJ2-7
CSARQMDYNEQFF	TRBV20-1	TRBJ2-1
CASSDFREETQYF	TRBV6-1	TRBJ2-5
CSARFLEGYTF	TRBV20-1	TRBJ1-2
CASSLPEGALNTEAFF	TRBV7-9	TRBJ1-1
CSVTFSSTDTQYF	TRBV29-1	TRBJ2-3
CASSQDRPGGRPYNEQFF	TRBV4-3	TRBJ2-1
CAISEGRTGPGTPQHF	TRBV10-3	TRBJ1-5
CASSPASGSLFF	TRBV12-3	TRBJ2-1
CASSLSGTGGTDTQYF	TRBV12-3	TRBJ2-3
CASSLSGTLLYGYTF	TRBV6-3	TRBJ1-2
CASSQGLGREGASEQFF	TRBV4-1	TRBJ2-1
CASSPPPGPKPRVETDTQYF	TRBV19	TRBJ2-3
CASSTTGGHTFTDTQYF	TRBV27	TRBJ2-3
CASSFGADNQPQHF	TRBV27	TRBJ1-5
CASSQDLLTGEQYF	TRBV4-2	TRBJ2-7
CATSTGGAGGRTDTQYF	TRBV15	TRBJ2-3
CASSLGRVSTEAFF	TRBV7-8	TRBJ1-1
CSAGTPDQNIQYF	TRBV20-1	TRBJ2-4
CASSRNMNTEAFF	TRBV6-1	TRBJ1-1
CASSLVVVEQETQYF	TRBV7-9	TRBJ2-5
CASSTLGLAGGSFF	TRBV7-9	TRBJ2-1
CASSFTGSSNYGYTF	TRBV7-8	TRBJ1-2
CSARDSILENYGYTF	TRBV20-1	TRBJ1-2
CASSIDSGGSYNEQFF	TRBV19	TRBJ2-1
CASSPRGVGDGYTF	TRBV7-2	TRBJ1-2
CASSTIGTGGLEKLFF	TRBV19	TRBJ1-4
CASSPWLGDRQPQHF	TRBV19	TRBJ1-5
CASRSQGSTEAFF	TRBV6-5	TRBJ1-1
CAIGLAGDTQYF	TRBV10-3	TRBJ2-3
CASSLMVAGSSGNTIYF	TRBV7-9	TRBJ1-3
CAISVGTGYEQYF	TRBV10-3	TRBJ2-7
CASSLIGESNQPQHF	TRBV27	TRBJ1-5
CASSQVGHHGYTF	TRBV14	TRBJ1-2
CASSIGRLQPQHF	TRBV19	TRBJ1-5
CSARDLLAGVYNEQFF	TRBV20-1	TRBJ2-1
CASSPREGSSYNSPLHF	TRBV11-2	TRBJ1-6
CASSQNTGFSGNTIYF	TRBV4-3	TRBJ1-3
CASSPGGDTSYEQYF	TRBV9	TRBJ2-7
CSASAMNTEAFF	TRBV20-1	TRBJ1-1
CASSQGLASGGASTDTQYF	TRBV4-1	TRBJ2-3
CASSPRLAGGPGSTDTQYF	TRBV7-8	TRBJ2-3
CASSPGLPYEQYF	TRBV12-4	TRBJ2-7
CASSLWTGGVRDTEAFF	TRBV7-9	TRBJ1-1
CASSEVPGVDTQYF	TRBV6-4	TRBJ2-3
CASRGAGVDNEQFF	TRBV10-1	TRBJ2-1
CASSPLPQETQYF	TRBV5-1	TRBJ2-5
CASSQDRALNQPQHF	TRBV4-3	TRBJ1-5
CASSLGLPHGYTF	TRBV7-6	TRBJ1-2
CASSSGTGGVGELFF	TRBV6-2	TRBJ2-2
CASSLGRLPQHF	TRBV5-6	TRBJ1-5
CASSQDRSPSQPQHF	TRBV4-3	TRBJ1-5
CASSLVKGTDTQYF	TRBV7-6	TRBJ2-3
CASSGDSGLSYNEQFF	TRBV5-6	TRBJ2-1
CASSQVFERVYNEQFF	TRBV4-1	TRBJ2-1
CASSYSRKAHTEAFF	TRBV6-5	TRBJ1-1
CASSVDGRSYTF	TRBV9	TRBJ1-2
CASSSSGGTQAGELFF	TRBV12-4	TRBJ2-2
CASSVDVAGGYNEQFF	TRBV7-3	TRBJ2-1
CASSLDLRTGRTGELFF	TRBV5-1	TRBJ2-2
CASSFLSQETQYF	TRBV27	TRBJ2-5
CASSNYAGAFDTQYF	TRBV6-4	TRBJ2-3
CASSPRPITDTQYF	TRBV7-2	TRBJ2-3
CASSPGLGSPLHF	TRBV11-1	TRBJ1-6
CASSLVSMNTEAFF	TRBV27	TRBJ1-1
CASSQDSGVVTFF	TRBV4-1	TRBJ1-1
CATSKRVRTDTQYF	TRBV15	TRBJ2-3
CASSQEFSAREQYF	TRBV4-1	TRBJ2-7
CASSQERGATEAFF	TRBV14	TRBJ1-1
CSAPFPGQGDYGYTF	TRBV20-1	TRBJ1-2
CASSPSGTVYGYTF	TRBV27	TRBJ1-2
CSVDSHRTGYNYGYTF	TRBV29-1	TRBJ1-2
CASSSNRAGELFF	TRBV7-7	TRBJ2-2
CASSLFEVNYGYTF	TRBV7-8	TRBJ1-2
CASSQVVLYEDTQYF	TRBV14	TRBJ2-3
CASPYLTGHEQFF	TRBV7-9	TRBJ2-1
CATSRVSGFGTEAFF	TRBV15	TRBJ1-1
CASSLEVVLWTGNTEAFF	TRBV5-1	TRBJ1-1
CASSWDGTGHVGSPLHF	TRBV7-2	TRBJ1-6
CSVQGGRYNEQFF	TRBV29-1	TRBJ2-1
CASSLASGITDTQYF	TRBV27	TRBJ2-3
CASSPGIAYGYTF	TRBV27	TRBJ1-2
CASSRFVPGQGGGTDTQYF	TRBV5-5	TRBJ2-3
CASSPGDTQYF	TRBV6-5	TRBJ2-3
CASSLGVGADTDTQYF	TRBV7-2	TRBJ2-3
CASSSRDGEAFF	TRBV5-4	TRBJ1-1
CASSSRLTGELFF	TRBV27	TRBJ2-2
CSVATGYYGYTF	TRBV29-1	TRBJ1-2
CASSIRAGNEQFF	TRBV19	TRBJ2-1
CASRPVSLGGSNTEAFF	TRBV11-3	TRBJ1-1
CASSHPQGVTSRSGNTIYF	TRBV9	TRBJ1-3
CASSLALVGVAGYTF	TRBV7-9	TRBJ1-2
CASSLADQQFF	TRBV6-3	TRBJ2-1
CASSQDSGSEAFF	TRBV4-1	TRBJ1-1
CASETERVRGGYTF	TRBV6-2	TRBJ1-2
CASSAMGGSYNEQFF	TRBV5-6	TRBJ2-1
CASSLGTESYEQYF	TRBV7-6	TRBJ2-7
CASSSFDGLNSPLHF	TRBV11-1	TRBJ1-6
CASSFSKGSGTDGYTF	TRBV27	TRBJ1-2
CASTTDRGYGYTF	TRBV5-1	TRBJ1-2
CASSRGEGRGIQYF	TRBV12-3	TRBJ2-7
CASSQDISDTDTQYF	TRBV7-9	TRBJ2-3
CASSSVSGYTF	TRBV12-4	TRBJ1-2
CASSASSGGAYYTQYF	TRBV7-9	TRBJ2-3
CASSLEQGAFTEAFF	TRBV5-1	TRBJ1-1
CASSLLAVGTGGNTEAFF	TRBV7-2	TRBJ1-1
CASSSMAVEQFF	TRBV7-2	TRBJ2-1
CASSPRGTRNTEAFF	TRBV5-1	TRBJ1-1
CASLIVPWGTSGTTDTQYF	TRBV12-3	TRBJ2-3
CASSYEVPTLYEQYF	TRBV6-3	TRBJ2-7
CASSLATSGYTDTQYF	TRBV11-2	TRBJ2-3
CASSLGTSGSTDTQYF	TRBV7-6	TRBJ2-3
CASSFLGAGVADTQYF	TRBV27	TRBJ2-3
CASSVRDWGSPLHF	TRBV9	TRBJ1-6
CASSFNGPNTEAFF	TRBV5-1	TRBJ1-1
CASSLGDSYTGELFF	TRBV28	TRBJ2-2
CASSESNPTGSWPQHF	TRBV27	TRBJ1-5
CASSLVGFSSYEQYF	TRBV28	TRBJ2-7
CASSSRTDYGYTF	TRBV7-9	TRBJ1-2
CATSDTLGTGDYSNQPQHF	TRBV24-1	TRBJ1-5
CASSVVDNEQFF	TRBV9	TRBJ2-1
CASSPREEAFF	TRBV7-9	TRBJ1-1
CASSLIAGEKVNEQFF	TRBV7-3	TRBJ2-1
CASSLKGRQGRNTIYF	TRBV12-4	TRBJ1-3
CASSHSELSEAFF	TRBV6-5	TRBJ1-1
CASSFLGDKHTDTQYF	TRBV5-1	TRBJ2-3
CSARPNKLAGGYEQYF	TRBV20-1	TRBJ2-7
CASSVGLGVTEAFF	TRBV9	TRBJ1-1
CASSVAGGPTDTQYF	TRBV9	TRBJ2-3
CASSETSTDTQYF	TRBV6-4	TRBJ2-3
CASSKDSSTDTQYF	TRBV10-1	TRBJ2-3
CASTVTGNEQFF	TRBV12-4	TRBJ2-1
CASSPVFRTEQYF	TRBV7-9	TRBJ2-7
CAISESGSPEQYF	TRBV10-3	TRBJ2-7
CASTNPGLAGPSGTGELFF	TRBV2	TRBJ2-2
CASSHERDRDTGELFF	TRBV3-1	TRBJ2-2
CASSWTGGYEQYF	TRBV7-9	TRBJ2-7
CASSQESGHQETQYF	TRBV14	TRBJ2-5
CASSEVGGGYNEQFF	TRBV6-1	TRBJ2-1
CASSLSGSWTEAFF	TRBV27	TRBJ1-1
CASSQGGASGGDTQYF	TRBV5-4	TRBJ2-3
CASSQQGGWTEAFF	TRBV3-1	TRBJ1-1
CASSRTGSTEAFF	TRBV18	TRBJ1-1
CASSQTSGGTDTQYF	TRBV7-9	TRBJ2-3
CASSLIDSNQPQHF	TRBV5-6	TRBJ1-5
CASTQRGHTEAFF	TRBV19	TRBJ1-1
CATRLGGNNEQFF	TRBV15	TRBJ2-1
CASSIWSLRYTEAFF	TRBV19	TRBJ1-1
CASSFITPGNEQFF	TRBV27	TRBJ2-1
CATSRDRLGRGKGTEAFF	TRBV15	TRBJ1-1
CASSTPQGNIQYF	TRBV12-3	TRBJ2-4
CASSLAGGEAFF	TRBV27	TRBJ1-1
CASYDRGTEAFF	TRBV27	TRBJ1-1
CASSGWVAGNTIYF	TRBV7-9	TRBJ1-3
CASSEGTGGGSTDTQYF	TRBV6-1	TRBJ2-3
CASSPAAGPPWGFF	TRBV9	TRBJ1-1
CASSEVPGISNQPQHF	TRBV6-1	TRBJ1-5
CASSLFGSKGGAFF	TRBV28	TRBJ1-1
CASSAPPARVWSYEQYF	TRBV2	TRBJ2-7
CASSEDGELSNTEAFF	TRBV9	TRBJ1-1
CASIRGYTTNEKLFF	TRBV2	TRBJ1-4
CASTGGRGLDTGELFF	TRBV12-4	TRBJ2-2
CASSLMGTSGYTF	TRBV7-3	TRBJ1-2
CASSLVGEQFF	TRBV5-8	TRBJ2-1
CSARGTSGTGIEAFF	TRBV20-1	TRBJ1-1
CASRTGEVSNQPQHF	TRBV19	TRBJ1-5
CASSFRDYGNYEQYF	TRBV7-9	TRBJ2-7
CASSMTSGELFF	TRBV19	TRBJ2-2
CASKVGAGEAFF	TRBV19	TRBJ1-1
CASRTVGGATDTQYF	TRBV5-6	TRBJ2-3
CSVETNEKLFF	TRBV29-1	TRBJ1-4
CASSIFRGIGSPLHF	TRBV28	TRBJ1-6
CATTGGSNTDTQYF	TRBV15	TRBJ2-3
CSARGREAGNTIYF	TRBV20-1	TRBJ1-3
CASSFYFTGAPYDEQFF	TRBV7-8	TRBJ2-1
CASSLNGVNINEQFF	TRBV13	TRBJ2-1
CASSREWGTIYGYTF	TRBV4-1	TRBJ1-2
CASSSTWDGSYNEQFF	TRBV6-1	TRBJ2-1
CASSMYGIGNQPQHF	TRBV19	TRBJ1-5
CASSVGSEAYTYEQYF	TRBV9	TRBJ2-7
CASSVGTGLSNTEAFF	TRBV7-3	TRBJ1-1
CASSLKTGGNEQFF	TRBV13	TRBJ2-1
CACFENYGYTF	TRBV30	TRBJ1-2
CASSLVPLTSGSTGELFF	TRBV7-2	TRBJ2-2
CASSYDRERPYSNQPQHF	TRBV6-6	TRBJ1-5
CASSHSGTGEYGYTF	TRBV4-3	TRBJ1-2
CSLRDGRNNEQFF	TRBV29-1	TRBJ2-1
CASSLLPGTSETGELFF	TRBV5-6	TRBJ2-2
CASSLVRETADTQYF	TRBV27	TRBJ2-3
CASSGGQGDDEQYF	TRBV5-4	TRBJ2-7
CASSYGTGKDFEQFF	TRBV7-3	TRBJ2-1
CASTGLAGYNEQFF	TRBV6-3	TRBJ2-1
CASSFHAGGRGHEQFF	TRBV7-9	TRBJ2-1
CSAGTANYGYTF	TRBV20-1	TRBJ1-2
CASSPTDPRVYSNQPQHF	TRBV12-4	TRBJ1-5
CASRQGAPLNTQYF	TRBV27	TRBJ2-3
CASSLDYWLYNEQFF	TRBV11-2	TRBJ2-1
CSVDRDRGQFDYGYTF	TRBV29-1	TRBJ1-2
CASSYSGGTNTGELFF	TRBV6-3	TRBJ2-2
CAVGGENTGELFF	TRBV6-1	TRBJ2-2
CASSLDQNIQYF	TRBV2	TRBJ2-4
CASSDPGVDRNTEAFF	TRBV2	TRBJ1-1
CASSSLGWGVTDTQYF	TRBV28	TRBJ2-3
CASSAPRGYGYTF	TRBV6-1	TRBJ1-2
CASSSDRDVGKLFF	TRBV7-9	TRBJ1-4
CASSLALGVAKNIQYF	TRBV7-9	TRBJ2-4
CASRAGLAGATQQFF	TRBV11-2	TRBJ2-1
CASSLTTGIINSPLHF	TRBV4-1	TRBJ1-6
CASSEGFGGGTIYNEQFF	TRBV6-1	TRBJ2-1
CASSLGGTYEQYF	TRBV5-8	TRBJ2-7
CASSCQTGAACGYTF	TRBV6-5	TRBJ1-2
CASASGWGVNTEAFF	TRBV6-5	TRBJ1-1
CASSFWGAGEQFF	TRBV27	TRBJ2-1
CASSDLGVYEQYF	TRBV10-2	TRBJ2-7
CASSLPLAGAYNEQFF	TRBV5-1	TRBJ2-1
CSVGLAGSYNEQFF	TRBV29-1	TRBJ2-1
CASSSSPQGNGYGYTF	TRBV9	TRBJ1-2
CASRLQGGNTEAFF	TRBV27	TRBJ1-1
CASSYSKAGAHEQYF	TRBV6-5	TRBJ2-7
CASSLVLLGDYGYTF	TRBV7-9	TRBJ1-2
CASSRLGTGELFF	TRBV19	TRBJ2-2
CASSVGGQGSTDTQYF	TRBV9	TRBJ2-3
CASSQEPGVGWNEQFF	TRBV4-1	TRBJ2-1
CASSLTGGYEQYF	TRBV27	TRBJ2-7
CASRRESQETQYF	TRBV6-3	TRBJ2-5
CASSNTGIGATQYF	TRBV6-5	TRBJ2-3
CAWSVRRQGAFF	TRBV30	TRBJ1-1
CASFGKSNYGYTF	TRBV2	TRBJ1-2
CASSLGLNQPQHF	TRBV5-1	TRBJ1-5
CANSQVIDQETQYF	TRBV3-1	TRBJ2-5
CASSSHGNQPQHF	TRBV12-4	TRBJ1-5
CASSEGRGGKNIQYF	TRBV10-1	TRBJ2-4
CASSQGGVRQGAADTQYF	TRBV3-1	TRBJ2-3
CSARDLEVLSYEQYF	TRBV20-1	TRBJ2-7
CARYRHLGEAFF	TRBV2	TRBJ1-1
CASSQDGRAQGGEAFF	TRBV4-3	TRBJ1-1
CASSPDSLNEQFF	TRBV9	TRBJ2-1
CASSIGGRGYTF	TRBV19	TRBJ1-2
CASSQDSLGVIHF	TRBV14	TRBJ1-6
CASSPSGSGEQFF	TRBV9	TRBJ2-1
CASSPGRNTGELFF	TRBV7-6	TRBJ2-2
CASISPGYNEQFF	TRBV27	TRBJ2-1
CASSAENYGYTF	TRBV5-1	TRBJ1-2
CASSEALLRLTGATNQPQHF	TRBV2	TRBJ1-5
CASSYLYGTGGIEQYF	TRBV2	TRBJ2-7
CASSEVKGAIEAFF	TRBV6-1	TRBJ1-1
CSARDPVTGELFF	TRBV20-1	TRBJ2-2
CSAMTSGSSYEQYF	TRBV20-1	TRBJ2-7
CASSLGFLGGTEAFF	TRBV7-3	TRBJ1-1
CASSEDGSSYNEQFF	TRBV9	TRBJ2-1
CASRTAGVGDSPLHF	TRBV6-4	TRBJ1-6
CASSLAPGTAGGYTF	TRBV7-6	TRBJ1-2
CASSQSDYLQETQYF	TRBV14	TRBJ2-5
CATHPWGAGGYTF	TRBV12-3	TRBJ1-2
CASSDGGGATDTQYF	TRBV2	TRBJ2-3
CASRAGTSTDTQYF	TRBV7-9	TRBJ2-3
CASSSGGLNNEQFF	TRBV19	TRBJ2-1
CASSFLGVTDTQYF	TRBV27	TRBJ2-3
CASSAPRGPGTNEQFF	TRBV11-1	TRBJ2-1
CATSRIAGGGTDTQYF	TRBV15	TRBJ2-3
CSAPARVSYEQYF	TRBV20-1	TRBJ2-7
CASSTRRTDTQYF	TRBV9	TRBJ2-3
CASSAGTSATDTQYF	TRBV2	TRBJ2-3
CASSQNRGDWAEAFF	TRBV4-3	TRBJ1-1
CASSSPGTGWTGELFF	TRBV9	TRBJ2-2
CASGFGGNEAFF	TRBV27	TRBJ1-1
CASSPLRGTGDYEQYF	TRBV28	TRBJ2-7
CATSGLSYNSPLHF	TRBV24-1	TRBJ1-6
CASRPIGGRVVTQYF	TRBV27	TRBJ2-5
CASSFIGTNNNEQFF	TRBV27	TRBJ2-1
CASNQVTATGAYGYTF	TRBV6-5	TRBJ1-2
CASSLLAGSYEQYF	TRBV27	TRBJ2-7
CASSYNRGPSQPQHF	TRBV7-8	TRBJ1-5
CASIGGDNEQFF	TRBV11-3	TRBJ2-1
CSARDPSGSSYNEQFF	TRBV20-1	TRBJ2-1
CASSQDIGVSYEQYF	TRBV4-1	TRBJ2-7
CASSLVAGGYNEQFF	TRBV2	TRBJ2-1
CASSLVPGTGEYEQYF	TRBV7-2	TRBJ2-7
CASSATTGQGANEQYF	TRBV19	TRBJ2-7
CASSLGLGLDNEQFF	TRBV7-9	TRBJ2-1
CASSPHGQIYEQYF	TRBV5-5	TRBJ2-7
CASSLGVGDVQETQYF	TRBV7-6	TRBJ2-5
CASSLVGPGELFF	TRBV7-2	TRBJ2-2
CASSQYGISEQYF	TRBV4-1	TRBJ2-7
CASRPLGGTEEQYF	TRBV12-4	TRBJ2-7
CASSSAGMGQPQHF	TRBV12-3	TRBJ1-5
CASSANRAETQYF	TRBV6-4	TRBJ2-5
CASSLGGSVLLAGGNEQFF	TRBV7-9	TRBJ2-1
CASSQGWDRRYEQYF	TRBV4-1	TRBJ2-7
CASSPAGLAYEQYF	TRBV19	TRBJ2-7
CASSLAGRGGSQYF	TRBV5-6	TRBJ2-5
CASSLISGRPEQFF	TRBV7-6	TRBJ2-1
CASSLFGTGGDQPQHF	TRBV7-9	TRBJ1-5
CASLEEGTDTQYF	TRBV7-9	TRBJ2-3
CASSLGVSEPQHF	TRBV18	TRBJ1-5
CASSYSPGGSLSYNEQFF	TRBV6-5	TRBJ2-1
CASSLVGVRYEQYF	TRBV7-9	TRBJ2-7
CASSSWTGAYEQYF	TRBV19	TRBJ2-7
CASEAGELFF	TRBV2	TRBJ2-2
CASSPTGKSYNEQFF	TRBV3-1	TRBJ2-1
CASSPAPGVDEQFF	TRBV4-1	TRBJ2-1
CASSLVGGRYGYTF	TRBV12-4	TRBJ1-2
CATSDGQGGYNEQFF	TRBV24-1	TRBJ2-1
CASSVFGEQFF	TRBV19	TRBJ2-1
CASSHQARYDLFNEQFF	TRBV7-2	TRBJ2-1
CASSQPSSVEQFF	TRBV4-3	TRBJ2-1
CASSLDLGTEAFF	TRBV7-9	TRBJ1-1
CAWRLRGGYTF	TRBV30	TRBJ1-2
CASTYQAGFYNEQFF	TRBV27	TRBJ2-1
CASSEARTDGNTIYF	TRBV6-1	TRBJ1-3
CASSRVTNEKLFF	TRBV6-3	TRBJ1-4
CASSFAGGGGYTF	TRBV7-9	TRBJ1-2
CASSLTALGTEAFF	TRBV19	TRBJ1-1
CASSVGGVSYNEQFF	TRBV9	TRBJ2-1
CATGDRNTDTQYF	TRBV15	TRBJ2-3
CASSLGGGGVTEAFF	TRBV13	TRBJ1-1
CASSIGEGLSYEQYF	TRBV19	TRBJ2-7
CASSRGASRETQYF	TRBV5-6	TRBJ2-5
CASSSYNSPLHF	TRBV27	TRBJ1-6
CASSRYSNQPQHF	TRBV9	TRBJ1-5
CASSFDAWAGLAKNIQYF	TRBV27	TRBJ2-4
CSVPPGGASEAFF	TRBV29-1	TRBJ1-1
CAWNLGQVYTEAFF	TRBV30	TRBJ1-1
CAISVFGAVSSYNEQFF	TRBV10-3	TRBJ2-1
CSVTSQGFHTF	TRBV29-1	TRBJ1-2
CASSLSAGEYNEQFF	TRBV27	TRBJ2-1
CASSLGGEETQYF	TRBV12-3	TRBJ2-5
CASSLKRDTYNEQFF	TRBV5-6	TRBJ2-1
CASSEWTGWGSNQPQHF	TRBV6-1	TRBJ1-5
CASSLTDRVGQPQHF	TRBV3-1	TRBJ1-5
CASNAGTGGYSPLHF	TRBV19	TRBJ1-6
CASRRTGGRETQYF	TRBV5-1	TRBJ2-5
CSARDSRQGIGYGYTF	TRBV20-1	TRBJ1-2
CATSKKGWANEQFF	TRBV24-1	TRBJ2-1
CASSVGAGVGNEQFF	TRBV9	TRBJ2-1
CASSPLVGTYNEQFF	TRBV6-5	TRBJ2-1
CASSFGGYEQYF	TRBV27	TRBJ2-7
CAISHPGQGGQPQHF	TRBV10-3	TRBJ1-5
CAISSRSSYEQYF	TRBV10-3	TRBJ2-7
CASSITNSGANVLTF	TRBV19	TRBJ2-6
CSARDNNEQFF	TRBV20-1	TRBJ2-1
CASRQRGVSYNEQFF	TRBV7-8	TRBJ2-1
CASSLRDTDTGELFF	TRBV7-9	TRBJ2-2
CASSAGTGRVETQYF	TRBV5-1	TRBJ2-5
CASRKLQGRSTDTQYF	TRBV6-5	TRBJ2-3
CASTTGVSYEQYF	TRBV5-1	TRBJ2-7
CASRTGQGAFEQFF	TRBV4-1	TRBJ2-1
CASSLGGFSQPQHF	TRBV27	TRBJ1-5
CASSLSQTSGDTSRDEQFF	TRBV27	TRBJ2-1
CASSAGQGGGYGYTF	TRBV9	TRBJ1-2
CASSLSQWETQYF	TRBV12-4	TRBJ2-5
CASRGLAGGLGELFF	TRBV6-5	TRBJ2-2
CASRPNPGSTYGYTF	TRBV27	TRBJ1-2
CASRSVLGGDTQYF	TRBV5-1	TRBJ2-3
CATIGTADGGGNTEAFF	TRBV27	TRBJ1-1
CASSSRGSSYEQYF	TRBV28	TRBJ2-7
CASRDPGTTDYNEQFF	TRBV6-1	TRBJ2-1
CASIAGGVLSNEQFF	TRBV5-1	TRBJ2-1
CASSLYAGGQPQHF	TRBV7-6	TRBJ1-5
CASSYLGQSFHYGYTF	TRBV6-5	TRBJ1-2
CASSSGTGAEYQETQYF	TRBV11-3	TRBJ2-5
CASSVELGGQGATTGELFF	TRBV9	TRBJ2-2
CASSSGQTAQKHGYTF	TRBV5-4	TRBJ1-2
CASSLSAGMNTEAFF	TRBV27	TRBJ1-1
CASSQDADTDTQYF	TRBV4-3	TRBJ2-3
CASSLAGLAGRTYEQYF	TRBV13	TRBJ2-7
CASSYSFAGGIDEQYF	TRBV6-3	TRBJ2-7
CASSLAQGLTYEQYF	TRBV5-1	TRBJ2-7
CASSLAGRGSTDTQYF	TRBV5-6	TRBJ2-3
CASSLLIQGGENTEAFF	TRBV27	TRBJ1-1
CASSPFRTGEQPQHF	TRBV7-9	TRBJ1-5
CASSLAGIGNPYGYTF	TRBV7-6	TRBJ1-2
CASSPGQGPPKLFF	TRBV5-6	TRBJ2-2
CASSPREGSSYNEQFF	TRBV6-4	TRBJ2-1
CASSSLYGDTGELFF	TRBV6-5	TRBJ2-2
CASSLIGILYNEQFF	TRBV11-1	TRBJ2-1
CASRPGLNYEQYF	TRBV7-9	TRBJ2-7
CAWGIGTGELFF	TRBV30	TRBJ2-2
CASSQEGRGIYGYTF	TRBV4-3	TRBJ1-2
CASSLLTSGGTYEQYF	TRBV27	TRBJ2-7
CASSLYTGFTNEKLFF	TRBV7-6	TRBJ1-4
CASIKDTGLGNTEAFF	TRBV7-2	TRBJ1-1
CASSEAHNYEQYF	TRBV2	TRBJ2-7
CASSLRDGFPQTQYF	TRBV5-5	TRBJ2-5
CASSLSSLGLPEAFF	TRBV5-5	TRBJ1-1
CASTPGQGSADTQYF	TRBV19	TRBJ2-3
CASSYTPSGGENTGELFF	TRBV7-4	TRBJ2-2
CASSTPGNTQYF	TRBV6-5	TRBJ2-3
CASSLRLAGGPFDTQYF	TRBV9	TRBJ2-3
CASMGNSAGANVLTF	TRBV10-1	TRBJ2-6
CASSFTEGNEQFF	TRBV9	TRBJ2-1
CASSIDLNNEQFF	TRBV19	TRBJ2-1
CASRPSDLQPQHF	TRBV19	TRBJ1-5
CASSYPQGGEAFF	TRBV6-3	TRBJ1-1
CAWSITGELFF	TRBV30	TRBJ2-2
CASSQPGATDTQYF	TRBV4-1	TRBJ2-3
CSALILASSSDTQYF	TRBV20-1	TRBJ2-3
CASSSGQEVEKLFF	TRBV7-2	TRBJ1-4
CASSGGTGELFF	TRBV6-4	TRBJ2-2
CASSQDYRLAGVAGELFF	TRBV4-3	TRBJ2-2
CASSLNPVNTEAFF	TRBV7-3	TRBJ1-1
CASSEARQGLDTEAFF	TRBV2	TRBJ1-1
CASSLGGRRQPQHF	TRBV12-3	TRBJ1-5
CASSIASGGRGKFF	TRBV19	TRBJ2-1
CASSILDVSWTGSNQPQHF	TRBV27	TRBJ1-5
CASSSGREREETQYF	TRBV12-4	TRBJ2-5
CASTLLAGGRTGELFF	TRBV12-3	TRBJ2-2
CASRGTGGYYEQYF	TRBV5-8	TRBJ2-7
CASSLELPHPDEQFF	TRBV5-1	TRBJ2-1
CASRPGAGGNVLTF	TRBV28	TRBJ2-6
CSVEVAGDNEQFF	TRBV29-1	TRBJ2-1
CASSPQKGIGTEAFF	TRBV12-4	TRBJ1-1
CASSYQAGGYNEQFF	TRBV6-3	TRBJ2-1
CASSPRSGEGVWSSYNEQFF	TRBV18	TRBJ2-1
CASSPTNGDGYTF	TRBV7-9	TRBJ1-2
CASSTYPTGNTEAFF	TRBV4-1	TRBJ1-1
CASSHGQGYEQYF	TRBV11-2	TRBJ2-7
CASSPLGGNEQFF	TRBV4-1	TRBJ2-1
CSALSGNQNYNEQFF	TRBV20-1	TRBJ2-1
CASSQGTGNTEAFF	TRBV4-1	TRBJ1-1
CASSSGLAGDYEQFF	TRBV5-1	TRBJ2-1
CASSYSIQQGSQETQYF	TRBV6-3	TRBJ2-5
CASSLTAYGYTF	TRBV5-4	TRBJ1-2
CASNFVGGDYGYTF	TRBV9	TRBJ1-2
CSARELGQGAFYGYTF	TRBV20-1	TRBJ1-2
CASSQRGLAENEQFF	TRBV5-5	TRBJ2-1
CSARTGEVEQYF	TRBV20-1	TRBJ2-7
CASSITGETGSGNTEAFF	TRBV5-1	TRBJ1-1
CASTPQTGTGTYGYTF	TRBV6-1	TRBJ1-2
CASSPRGEKLFF	TRBV12-3	TRBJ1-4
CASSLHVAGDTGELFF	TRBV5-5	TRBJ2-2
CSARAGQGVDGYTF	TRBV20-1	TRBJ1-2
CASGLDMAGGELFF	TRBV12-5	TRBJ2-2
CASSLVRPPTDTQYF	TRBV7-9	TRBJ2-3
CASSLASRVGSPLHF	TRBV7-9	TRBJ1-6
CSARDEVRADYGYTF	TRBV20-1	TRBJ1-2
CATSEPTDATGYGANVLTF	TRBV24-1	TRBJ2-6
CASSHRMGPDYGYTF	TRBV4-1	TRBJ1-2
CSARDYSGPTSGTQYF	TRBV20-1	TRBJ2-5
CASSTTAGDTEAFF	TRBV6-6	TRBJ1-1
CASSLGYGDSYNEQFF	TRBV7-9	TRBJ2-1
CASSQGTGEAGELFF	TRBV4-2	TRBJ2-2
CASRESPGYTF	TRBV6-6	TRBJ1-2
CAVNGLAGPTDTQYF	TRBV12-4	TRBJ2-3
CASSLAPGATNQKLFF	TRBV7-6	TRBJ1-4
CASSFPGTSGIDEQFF	TRBV28	TRBJ2-1
CASRRQETNEKLFF	TRBV6-5	TRBJ1-4
CASSLGQTPYEQYF	TRBV5-6	TRBJ2-7
CASSIPNGGELFF	TRBV19	TRBJ2-2
CASSDPGTGRTEAFF	TRBV2	TRBJ1-1
CASSLVTGLNTEAFF	TRBV11-2	TRBJ1-1
CSARAPAGAYEQYF	TRBV20-1	TRBJ2-7
CASSQRTSAETQYF	TRBV3-1	TRBJ2-5
CASSLMGPGQPQHF	TRBV5-1	TRBJ1-5
CASSFSGSFNYGYTF	TRBV11-2	TRBJ1-2
CASSIQKAGYNEQFF	TRBV19	TRBJ2-1
CASSDSYSYGYTF	TRBV7-9	TRBJ1-2
CASSPSGIYEQYF	TRBV19	TRBJ2-7
CASSVTFGVARYEQFF	TRBV7-3	TRBJ2-1
CASSLIGGANTEAFF	TRBV7-2	TRBJ1-1
CASSIGQGQSPLHF	TRBV19	TRBJ1-6
CASSEKTGTGPHEQYF	TRBV6-1	TRBJ2-7
CATSDLYPGIGNQPQHF	TRBV24-1	TRBJ1-5
CATSDKGGLKAFF	TRBV24-1	TRBJ1-1
CASSERTPPPYEQFF	TRBV25-1	TRBJ2-1
CASSRSGTIDEQYF	TRBV2	TRBJ2-7
CASKTVIPVNIEAFF	TRBV10-1	TRBJ1-1
CASTFTPGTGGPGELFF	TRBV12-4	TRBJ2-2
CASSDHPVSPPGEQFF	TRBV6-4	TRBJ2-1
CARLAGDTDTQYF	TRBV2	TRBJ2-3
CASSLKIGEQFF	TRBV27	TRBJ2-1
CASSPVVPYEQYF	TRBV6-5	TRBJ2-7
CASSIGGLAGATQETQYF	TRBV19	TRBJ2-5
CASSRTRGGYQETQYF	TRBV27	TRBJ2-5
CTARTGSGLAGGNEQFF	TRBV7-2	TRBJ2-1
CSALDRATSNTGELFF	TRBV20-1	TRBJ2-2
CASSLGGGQAGYEQYF	TRBV5-1	TRBJ2-7
CASSDLSHSGRADTQYF	TRBV9	TRBJ2-3
CSARVPGSVYGYTF	TRBV20-1	TRBJ1-2
CASSIGLAGASTDTQYF	TRBV19	TRBJ2-3
CASSEAVGSEAFF	TRBV6-1	TRBJ1-1
CASSLQGGDYGYTF	TRBV7-6	TRBJ1-2
CASSEGRGSEKLFF	TRBV6-4	TRBJ1-4
CATSDNDRGHSQPQHF	TRBV24-1	TRBJ1-5
CASSQATGGGSAYGYTF	TRBV4-1	TRBJ1-2
CASRSGGAGGEQYF	TRBV27	TRBJ2-7
CASSPTGGGSYNEQFF	TRBV4-3	TRBJ2-1
CAISALQNRGGYTF	TRBV10-3	TRBJ1-2
CASSLGWGVNEQFF	TRBV12-3	TRBJ2-1
CASSIGGANQPYEQYF	TRBV19	TRBJ2-7
CASSYGTAPTGYTF	TRBV6-5	TRBJ1-2
CASSPGLLNEKLFF	TRBV16	TRBJ1-4
CSARDLARHTEAFF	TRBV20-1	TRBJ1-1
CASSPSTGGIGEKLFF	TRBV5-1	TRBJ1-4
CSARDFSGREKSQYF	TRBV20-1	TRBJ2-3
CAISGPGGPTGELFF	TRBV10-3	TRBJ2-2
CASSLFGYEQYF	TRBV7-9	TRBJ2-7
CASSFTGTQYF	TRBV28	TRBJ2-5
CASAGLAGADEQFF	TRBV6-4	TRBJ2-1
CAISGLAGVDTQYF	TRBV10-3	TRBJ2-3
CSASVDSQYF	TRBV20-1	TRBJ2-5
CASSDIQANTEAFF	TRBV10-2	TRBJ1-1
CSARDHRRGLYGYTF	TRBV20-1	TRBJ1-2
CASSFFGTRIYNEQFF	TRBV11-3	TRBJ2-1
CATSLAESTDTQYF	TRBV15	TRBJ2-3
CASSYGQGVGYGYTF	TRBV6-5	TRBJ1-2
CASSRRGDSTYNEQFF	TRBV10-1	TRBJ2-1
CASYGAETGELFF	TRBV2	TRBJ2-2
CASSSPGASAVQETQYF	TRBV7-9	TRBJ2-5
CSVDPGAEAFF	TRBV29-1	TRBJ1-1
CASRLLVEGTEAFF	TRBV11-3	TRBJ1-1
CASSQQGAEAFF	TRBV6-3	TRBJ1-1
CASSEGVGLQGWNTEAFF	TRBV2	TRBJ1-1
CASSLGVSGGYQETQYF	TRBV11-2	TRBJ2-5
CASSLSGTDTQYF	TRBV27	TRBJ2-3
CASSLNTGELFF	TRBV5-4	TRBJ2-2
CSDGQAFF	TRBV29-1	TRBJ1-1
CASSYFRSGALYNEQFF	TRBV6-3	TRBJ2-1
CASSSKTSGVINEQFF	TRBV11-2	TRBJ2-1
CASSPRAGEGTEAFF	TRBV4-1	TRBJ1-1
CAWGQNSYEQYF	TRBV30	TRBJ2-7
CASSLRGDRNQPQHF	TRBV12-4	TRBJ1-5
CASSRGQGNTEAFF	TRBV11-2	TRBJ1-1
CAILTNTGELFF	TRBV6-3	TRBJ2-2
CASSASGGADTQYF	TRBV6-4	TRBJ2-3
CASTSGGFGGGYTF	TRBV27	TRBJ1-2
CASSLGLASAYEQYF	TRBV19	TRBJ2-7
CASSFSANEQFF	TRBV27	TRBJ2-1
CTSSSVNEQFF	TRBV7-2	TRBJ2-1
CASGGSPISLVDNEQFF	TRBV28	TRBJ2-1
CASSLGYGMNTEAFF	TRBV7-9	TRBJ1-1
CASSFTTGSPGSPLHF	TRBV6-5	TRBJ1-6
CASSSPPGTGGGNTEAFF	TRBV7-8	TRBJ1-1
CASSPGTGGVNEQFF	TRBV19	TRBJ2-1
CASRYQGGEQFF	TRBV14	TRBJ2-1
CASSVRDSILPSGANVLTF	TRBV9	TRBJ2-6
CASSLGTILSYTF	TRBV14	TRBJ1-2
CSARAGDTEAFF	TRBV20-1	TRBJ1-1
CASSTFEEILIGYEQYF	TRBV6-3	TRBJ2-7
CASSLIEANTGELFF	TRBV5-1	TRBJ2-2
CSVQTGVSGANVLTF	TRBV29-1	TRBJ2-6
CASSSLANEQFF	TRBV11-1	TRBJ2-1
CSAPETAEAYNEQFF	TRBV20-1	TRBJ2-1
CASSQGLADNNEQFF	TRBV4-2	TRBJ2-1
CASSLIGGTEAFF	TRBV12-4	TRBJ1-1
CASSQEETSGNYEQYF	TRBV4-2	TRBJ2-7
CASSSIMGGGYTF	TRBV5-6	TRBJ1-2
CSHRTGLGIEAFF	TRBV29-1	TRBJ1-1
CASSSFTGGTEAFF	TRBV27	TRBJ1-1
CASSVSSYGLAAYNEQFF	TRBV3-1	TRBJ2-1
CASSIVPLGQGLGTLHF	TRBV19	TRBJ1-6
CASSAAGGGDYGYTF	TRBV9	TRBJ1-2
CASRATGPDVYGYTF	TRBV12-4	TRBJ1-2
CASSFGGGAYNEQFF	TRBV12-4	TRBJ2-1
CSARALTGHESSGNTIYF	TRBV20-1	TRBJ1-3
CSARETNTDTQYF	TRBV20-1	TRBJ2-3
CASRGVQGVQYF	TRBV2	TRBJ2-7
CASSDFETPDYYGYTF	TRBV10-1	TRBJ1-2
CASSIWGQPQHF	TRBV6-2	TRBJ1-5
CASRGLAVPTGEQFF	TRBV19	TRBJ2-1
CSAGLLGEQFF	TRBV29-1	TRBJ2-1
CASSTGGTPQHF	TRBV12-3	TRBJ1-5
CSAPRLAGPYEQYF	TRBV20-1	TRBJ2-7
CASSFMDGGQPQHF	TRBV7-9	TRBJ1-5
CASSPHAPGYEQYF	TRBV6-5	TRBJ2-7
CASRDRGNTEAFF	TRBV19	TRBJ1-1
CASRDRTSGYNEQFF	TRBV13	TRBJ2-1
CASSQASQPQHF	TRBV3-1	TRBJ1-5
CATSSELQIGELFF	TRBV15	TRBJ2-2
CASSLDGLPPSSGELFF	TRBV5-1	TRBJ2-2
CAISGDSQETQYF	TRBV10-3	TRBJ2-5
CASSVENSVYGYTF	TRBV9	TRBJ1-2
CASSKKATTRTSYEQYF	TRBV19	TRBJ2-7
CASSSQWSSYEQYF	TRBV9	TRBJ2-7
CASSWNRDRYNTEAFF	TRBV5-6	TRBJ1-1
CSARLAGDTGELFF	TRBV20-1	TRBJ2-2
CASSSMDGNYGYTF	TRBV11-1	TRBJ1-2
CASSLLVGWNTEAFF	TRBV4-3	TRBJ1-1
CASSKGDQGETQYF	TRBV7-9	TRBJ2-5
CASSPLALQGPRDTQYF	TRBV19	TRBJ2-3
CAWNIGGHTEAFF	TRBV30	TRBJ1-1
CASSSGTLGDYGYTF	TRBV7-9	TRBJ1-2
CASSLTYGYTF	TRBV11-2	TRBJ1-2
CASSFGQLAEAFF	TRBV27	TRBJ1-1
CASSLGGTDTQYF	TRBV6-5	TRBJ2-3
CAWSSGRGETQYF	TRBV30	TRBJ2-5
CASSTNPDRSNIQYF	TRBV3-1	TRBJ2-4
CSARDGVSPQHF	TRBV20-1	TRBJ1-5
CATSSRDTSSDEQFF	TRBV15	TRBJ2-1
CASSQQVRELFF	TRBV3-1	TRBJ2-2
CSARSLASGRLQPGFEQYF	TRBV20-1	TRBJ2-7
CASKDGISYEQYF	TRBV7-9	TRBJ2-7
CSASTTRTGGHWNTDTQYF	TRBV20-1	TRBJ2-3
CASSPEAGALFNEQFF	TRBV5-1	TRBJ2-1
CASSLAGGNTIYF	TRBV7-8	TRBJ1-3
CSAQTGGRAETQYF	TRBV20-1	TRBJ2-5
CASSSGNTEAFF	TRBV12-4	TRBJ1-1
CASSGQGANTEAFF	TRBV9	TRBJ1-1
CASSPSLNSGNTIYF	TRBV7-8	TRBJ1-3
CASSPGQGNSPLHF	TRBV7-9	TRBJ1-6
CASSLVSLSLTGELFF	TRBV7-9	TRBJ2-2
CASSLDGEGYGAFTDTQYF	TRBV11-2	TRBJ2-3
CASSLEGPYEQYF	TRBV7-9	TRBJ2-7
CASSRLAGGGYTF	TRBV5-6	TRBJ1-2
CASSHTSASYNEQFF	TRBV3-1	TRBJ2-1
CAWSEAWTRHTIYF	TRBV30	TRBJ1-3
CASSYSPQGKGSTDTQYF	TRBV6-3	TRBJ2-3
CASSYSGAEETQYF	TRBV6-3	TRBJ2-5
CASSQSVSGANVLTF	TRBV3-1	TRBJ2-6
CASSLFPRVETQYF	TRBV27	TRBJ2-5
CSVGTRTTGELFF	TRBV29-1	TRBJ2-2
CASSDSAGQGDTGELFF	TRBV6-4	TRBJ2-2
CASSRQGEFYEQYF	TRBV10-2	TRBJ2-7
CASSLEGAPTDTQYF	TRBV5-6	TRBJ2-3
CASSPTSFGEQFF	TRBV6-3	TRBJ2-1
CASSHPIGGSDTIYF	TRBV4-1	TRBJ1-3
CASSLEDRESTDTQYF	TRBV18	TRBJ2-3
CASSYSINAAVNYGYTF	TRBV6-3	TRBJ1-2
CASSIDGQLGTEAFF	TRBV19	TRBJ1-1
CASSPGTSGRAEDTQYF	TRBV19	TRBJ2-3
CASSQAVLNTEAFF	TRBV4-3	TRBJ1-1
CASSLQVASGSREEQFF	TRBV7-2	TRBJ2-1
CASSLEGGQGIPEAFF	TRBV7-9	TRBJ1-1
CASSLLGQGTGEQYF	TRBV27	TRBJ2-7
CASSWLAGGENEQFF	TRBV7-9	TRBJ2-1
CASSPPTGGKGEQYF	TRBV18	TRBJ2-7
CASTRNAFYSLGTGELFF	TRBV19	TRBJ2-2
CASSLSGGSYNEQFF	TRBV12-4	TRBJ2-1
CASSSGRDTEAFF	TRBV7-9	TRBJ1-1
CSARPPDASGYTF	TRBV20-1	TRBJ1-2
CASGYPGQSNYGYTF	TRBV27	TRBJ1-2
CASSLTGPDGYGYTF	TRBV27	TRBJ1-2
CASSLGQGGYTDTQYF	TRBV13	TRBJ2-3
CATSRLASSYNEQFF	TRBV15	TRBJ2-1
CASSAGQGGNTEAFF	TRBV5-1	TRBJ1-1
CASSEARSLQETQYF	TRBV2	TRBJ2-5
CASSPGTGYEQYF	TRBV19	TRBJ2-7
CATAEGAGELFF	TRBV19	TRBJ2-2
CASSVLGLGNQPQHF	TRBV7-2	TRBJ1-5
CASSPSGNTEAFF	TRBV7-9	TRBJ1-1
CATENRGYSYNEQFF	TRBV19	TRBJ2-1
CASSYTGQGLVNEQFF	TRBV25-1	TRBJ2-1
CASSFNLADSYEQYF	TRBV2	TRBJ2-7
CATSDNDRGGGQPQHF	TRBV24-1	TRBJ1-5
CASSLASRLEQFF	TRBV11-2	TRBJ2-1
CASRGLTGGLGELFF	TRBV6-5	TRBJ2-2
CASSMTGNQETQYF	TRBV12-3	TRBJ2-5
CASSYSVTDNAEAFF	TRBV6-3	TRBJ1-1
CASSLEGLYGGELFF	TRBV7-9	TRBJ2-2
CAISESAVNTEAFF	TRBV10-3	TRBJ1-1
CSAKDSFGPYEQYF	TRBV20-1	TRBJ2-7
CAISATGGDYGYTF	TRBV10-3	TRBJ1-2
CASTPGRAGSGVAFF	TRBV6-6	TRBJ1-1
CASSQDSGGVNEQFF	TRBV4-3	TRBJ2-1
CASSILAGSYEQYF	TRBV19	TRBJ2-7
CASSLGGSSYNEQFF	TRBV7-9	TRBJ2-1
CASSEGLAGEGLAGELFF	TRBV5-6	TRBJ2-2
CASSDPGGSYNEQFF	TRBV12-4	TRBJ2-1
CASSLYRGPQETQYF	TRBV19	TRBJ2-5
CASSPGTGHGELFF	TRBV27	TRBJ2-2
CAWSVGNRGNEQYF	TRBV30	TRBJ2-7
CASSGSPGLTEAFF	TRBV25-1	TRBJ1-1
CASSLMMAGNSPLHF	TRBV27	TRBJ1-6
CASSEATGSGNTIYF	TRBV6-1	TRBJ1-3
CASSSTMGDTIYF	TRBV13	TRBJ1-3
CASSKRGPNTEAFF	TRBV19	TRBJ1-1
CASSIGGGANEKLFF	TRBV19	TRBJ1-4
CASSRRDRGFTEAFF	TRBV14	TRBJ1-1
CATSVSSYEQYF	TRBV24-1	TRBJ2-7
CSARDWASETYNEQFF	TRBV20-1	TRBJ2-1
CASSQFGRNYEQYF	TRBV4-1	TRBJ2-7
CASSFSAEQFF	TRBV12-4	TRBJ2-1
CSAREGGILFF	TRBV20-1	TRBJ1-4
CASSIGVRELFF	TRBV19	TRBJ2-2
CASSSGANYGYTF	TRBV12-3	TRBJ1-2
CASSLSASNQPQHF	TRBV12-4	TRBJ1-5
CASSLLLSGELFF	TRBV28	TRBJ2-2
CASSVRGAFYEQYF	TRBV27	TRBJ2-7
CASFSPRVYEQYF	TRBV6-2	TRBJ2-7
CASSQDGTETYQETQYF	TRBV4-1	TRBJ2-5
CASSLFDLRGGTEAFF	TRBV7-6	TRBJ1-1
CASIGERETQYF	TRBV2	TRBJ2-5
CSARDGTYNEQFF	TRBV20-1	TRBJ2-1
CASSQYDTFISPLHF	TRBV16	TRBJ1-6
CASSWTQGYSGYTF	TRBV7-2	TRBJ1-2
CASSPPREEETQYF	TRBV9	TRBJ2-5
CASSWGQAYPETQYF	TRBV25-1	TRBJ2-5
CASSLAGMGAVNYGYTF	TRBV27	TRBJ1-2
CASSEGQSTNEKLFF	TRBV4-1	TRBJ1-4
CASSVGQGAFQETQYF	TRBV11-2	TRBJ2-5
CASSLQVGMNTEAFF	TRBV12-3	TRBJ1-1
CASSLWTGTETQYF	TRBV5-6	TRBJ2-5
CSAWDRRLNTEAFF	TRBV20-1	TRBJ1-1
CATSTRDTFTGELFF	TRBV24-1	TRBJ2-2
CASSYLGGEGYTF	TRBV6-5	TRBJ1-2
CASSLGGSNQPQHF	TRBV27	TRBJ1-5
CASSLMGSATQYF	TRBV27	TRBJ2-5
CASSLYWGASNQPQHF	TRBV27	TRBJ1-5
CSVESLDRGETQYF	TRBV29-1	TRBJ2-5
CASSVIAGGPYNEQFF	TRBV2	TRBJ2-1
CSAFPKGTHTF	TRBV20-1	TRBJ1-2
CASSRDRGPIGEQYF	TRBV7-9	TRBJ2-7
CASSSAYCGYTF	TRBV12-3	TRBJ1-2
CASTGTGVSYEQYF	TRBV2	TRBJ2-7
CASSSRDLEAFF	TRBV12-3	TRBJ1-1
CATSGLKETQYF	TRBV15	TRBJ2-5
CASTNTRESAKNIQYF	TRBV28	TRBJ2-4
CASSLSQLWETRYF	TRBV7-2	TRBJ2-5
CASSLDHTNEQFF	TRBV5-4	TRBJ2-1
CASRESLNEKLFF	TRBV2	TRBJ1-4
CASRSGTGSTGELFF	TRBV7-8	TRBJ2-2
CASSSGQGESWTYNEQFF	TRBV28	TRBJ2-1
CSVEPGRTGHLNEQFF	TRBV29-1	TRBJ2-1
CASSQNPGQAYYEQYF	TRBV5-4	TRBJ2-7
CSARDKWTQDTQYF	TRBV20-1	TRBJ2-3
CASSATSGSTDTQYF	TRBV5-1	TRBJ2-3
CSARDMDHTGELFF	TRBV20-1	TRBJ2-2
CASSLTEAHGYTF	TRBV5-5	TRBJ1-2
CASSPIGGLEETQYF	TRBV4-1	TRBJ2-5
CATSRVVSWNTEAFF	TRBV15	TRBJ1-1
CASSPGGSEQYF	TRBV7-9	TRBJ2-7
CSARYGSTCEQYF	TRBV20-1	TRBJ2-7
CASSPTTGPYSNQPQHF	TRBV27	TRBJ1-5
CATSRDRLAGSNYEQYF	TRBV15	TRBJ2-7
CASAPGGPSYEQYF	TRBV27	TRBJ2-7
CASQDRRSGNTIYF	TRBV6-1	TRBJ1-3
CASSLEESGTSYEQYF	TRBV7-8	TRBJ2-7
CASSTGGAWNEQFF	TRBV9	TRBJ2-1
CASSQPTASSGNTIYF	TRBV4-1	TRBJ1-3
CATSGGRSGTSGSYNEQFF	TRBV24-1	TRBJ2-1
CASSLEGQGDTEAFF	TRBV12-4	TRBJ1-1
CASSEAGQDQPQHF	TRBV27	TRBJ1-5
CASSFIDLSGAGGYTF	TRBV28	TRBJ1-2
CASSELSSGANVLTF	TRBV2	TRBJ2-6
CASNAPGQGGEKLFF	TRBV28	TRBJ1-4
CASSLVVRGTEAFF	TRBV11-2	TRBJ1-1
CASAGPEAFF	TRBV5-5	TRBJ1-1
CATSDFTAAEGYTF	TRBV24-1	TRBJ1-2
CASSQDYQGNYGYTF	TRBV4-3	TRBJ1-2
CASRPTGANYGYTF	TRBV27	TRBJ1-2
CASRGLAGVSYEQYF	TRBV28	TRBJ2-7
CASSLVRGISTDTQYF	TRBV28	TRBJ2-3
CASSQDRVGTIFYGYTF	TRBV14	TRBJ1-2
CASSLLGGGLSYGYTF	TRBV27	TRBJ1-2
CASSLTPGGNYGYTF	TRBV7-3	TRBJ1-2
CATSVDRGLYNEQFF	TRBV24-1	TRBJ2-1
CASSMGSGQSYGYTF	TRBV19	TRBJ1-2
CATRAGQPYEQYF	TRBV24-1	TRBJ2-7
CASSLGILYEQYF	TRBV27	TRBJ2-7
CASSLDRTDYGYTF	TRBV5-5	TRBJ1-2
CAEGPWGGELFF	TRBV6-3	TRBJ2-2
CASSPGSRGNIQYF	TRBV12-4	TRBJ2-4
CASSESTGFGNTIYF	TRBV10-2	TRBJ1-3
CASSLVLQRIYGYTF	TRBV12-4	TRBJ1-2
CAWSVRGHNTGELFF	TRBV30	TRBJ2-2
CSVGRDRDHGYTF	TRBV29-1	TRBJ1-2
CASSLEGIPTEQYF	TRBV7-6	TRBJ2-7
CASSGSGGLDGYTF	TRBV12-3	TRBJ1-2
CSARDRQGFYEQYF	TRBV20-1	TRBJ2-7
CASSVGDFRELFF	TRBV9	TRBJ2-2
CASSLGLAAAYNEQFF	TRBV5-6	TRBJ2-1
CASSVQGATEAFF	TRBV19	TRBJ1-1
CAWSTQESYNEQFF	TRBV30	TRBJ2-1
CATSGLGGADEQFF	TRBV24-1	TRBJ2-1
CASSQYRVDYTEAFF	TRBV4-1	TRBJ1-1
CATSDSTGPAGELFF	TRBV24-1	TRBJ2-2
CASSGPGEYNEQFF	TRBV12-3	TRBJ2-1
CASNGGETNTGELFF	TRBV5-1	TRBJ2-2
CASSLVLGDYGYTF	TRBV7-9	TRBJ1-2
CASIRGRGYTEAFF	TRBV12-4	TRBJ1-1
CAISESWTDYYGYTF	TRBV10-3	TRBJ1-2
CASSQAPGTGDGYTF	TRBV4-3	TRBJ1-2
CASSQNPGTTNEKLFF	TRBV4-1	TRBJ1-4
CASSLSTANQPQHF	TRBV27	TRBJ1-5
CASAGETQYF	TRBV11-3	TRBJ2-5
CASSDYRENSPLHF	TRBV2	TRBJ1-6
CASSQVGQGNYGYTF	TRBV4-3	TRBJ1-2
CASQDREGRGYTF	TRBV7-9	TRBJ1-2
CASSLWDRPYNEQFF	TRBV12-3	TRBJ2-1
CASSLRAMNTEAFF	TRBV27	TRBJ1-1
CAVRRVPGTEAFF	TRBV27	TRBJ1-1
CASSSIRTGTFDYEQYF	TRBV7-9	TRBJ2-7
CASGQRGGNTGELFF	TRBV12-5	TRBJ2-2
CASSVSGGGQPQHF	TRBV9	TRBJ1-5
CASSLSLSNEKLFF	TRBV7-8	TRBJ1-4
CASGGGGTGELFF	TRBV6-1	TRBJ2-2
CSARDLAGGTYNEQFF	TRBV20-1	TRBJ2-1
CASSSGQGGTDTQYF	TRBV6-4	TRBJ2-3
CASSYGGGTYEQYF	TRBV6-5	TRBJ2-7
CAIRDSFSYNEQFF	TRBV10-3	TRBJ2-1
CASVGWDNEQFF	TRBV19	TRBJ2-1
CASSYSILAGGQETQYF	TRBV6-3	TRBJ2-5
CSVRTGTRSFSGELFF	TRBV29-1	TRBJ2-2
CASSQGGNSPLHF	TRBV4-1	TRBJ1-6
CAISESRSRVTDTQYF	TRBV10-3	TRBJ2-3
CASSQDGTTGNEQFF	TRBV14	TRBJ2-1
CASSDQSQETQYF	TRBV6-1	TRBJ2-5
CASSLSPSTGRVEQYF	TRBV27	TRBJ2-7
CASSLWPSRQETQYF	TRBV5-1	TRBJ2-5
CSVSWDEGYEQYF	TRBV29-1	TRBJ2-7
CASSYQAGPQETQYF	TRBV6-6	TRBJ2-5
CSARDLPSGGDNEQFF	TRBV20-1	TRBJ2-1
CASSHTLSSYNEQFF	TRBV10-2	TRBJ2-1
CSARVADSHYEQYF	TRBV20-1	TRBJ2-7
CASSFSGNTEAFF	TRBV12-3	TRBJ1-1
CASRKGVTTEAFF	TRBV11-2	TRBJ1-1
CASTKRGGTTSNQPQHF	TRBV5-6	TRBJ1-5
CASSVVGNTEAFF	TRBV9	TRBJ1-1
CASSLWPMGQDHQPQHF	TRBV5-6	TRBJ1-5
CASSLSWGAGNTIYF	TRBV27	TRBJ1-3
CASSVSGVGPQHF	TRBV9	TRBJ1-5
CASSRSLGTDGNYEQYF	TRBV3-1	TRBJ2-7
CASSFDLADTGELFF	TRBV5-4	TRBJ2-2
CSATDRGLSYEQYF	TRBV20-1	TRBJ2-7
CASSSRLASSYNEQFF	TRBV3-1	TRBJ2-1
CASSLATGELFF	TRBV6-3	TRBJ2-2
CASSYSTGADQPQHF	TRBV6-3	TRBJ1-5
CSAREEGDTRRFF	TRBV20-1	TRBJ1-4
CASLGKIGPMNTEAFF	TRBV6-1	TRBJ1-1
CASSLGGGDNEKLFF	TRBV7-9	TRBJ1-4
CSARDQDISDTQYF	TRBV20-1	TRBJ2-3
CASSFNEQYF	TRBV11-2	TRBJ2-7
CASSRADLAGVPLGTGELFF	TRBV7-3	TRBJ2-2
CATSRPVEGPYSYTF	TRBV15	TRBJ1-2
CASTPIVGGHHTEAFF	TRBV6-3	TRBJ1-1
CASRDPTDTQYF	TRBV11-2	TRBJ2-3
CASSEPIVTLGFCEQYF	TRBV6-2	TRBJ2-7
CASSLRTSGTDTQYF	TRBV19	TRBJ2-3
CASSLGQGARNYEQYF	TRBV12-3	TRBJ2-7
CASSFGQGPLYVDGYTF	TRBV7-6	TRBJ1-2
CASSLSSYEQYF	TRBV7-9	TRBJ2-7
CASSPLKATQNTEAFF	TRBV4-1	TRBJ1-1
CASSLGENTGELFF	TRBV5-6	TRBJ2-2
CASSERTGESYEQYF	TRBV6-1	TRBJ2-7
CANTRGENTEAFF	TRBV2	TRBJ1-1
CASSYSHSNYGYTF	TRBV6-5	TRBJ1-2
CASHYGGSSYEQYF	TRBV13	TRBJ2-7
CASSIGSAMGDIQYF	TRBV9	TRBJ2-4
CASSVASGGFSDTQYF	TRBV9	TRBJ2-3
CASSAGTGFLFF	TRBV12-3	TRBJ2-1
CASSQPGSYEQYF	TRBV14	TRBJ2-7
CASSLLGGRYGYTF	TRBV5-4	TRBJ1-2
CASSQSGGGPYEQYF	TRBV9	TRBJ2-7
CATSRERGVTTGELFF	TRBV15	TRBJ2-2
CSARVRDRATHKETQYF	TRBV20-1	TRBJ2-5
CASSLKARVYQETQYF	TRBV5-6	TRBJ2-5
CASSARPPGQVSGELFF	TRBV9	TRBJ2-2
CSARDVHRGIEQYF	TRBV20-1	TRBJ2-7
CASSDNYGYTF	TRBV25-1	TRBJ1-2
CASSFEQGNSPLHF	TRBV11-2	TRBJ1-6
CASSSHDRDGGHSPLHF	TRBV7-9	TRBJ1-6
CASVLSASGYNEQFF	TRBV7-9	TRBJ2-1
CASSFTSGRPTETQYF	TRBV7-2	TRBJ2-5
CASSLAPASGRRDNEQFF	TRBV7-8	TRBJ2-1
CASSPGQGTDTQYF	TRBV5-1	TRBJ2-3
CATSGTGDNEQFF	TRBV24-1	TRBJ2-1
CASRQNSGSSYNEQFF	TRBV7-9	TRBJ2-1
CASSLRGQASGYTF	TRBV27	TRBJ1-2
CASSVEGTQYF	TRBV9	TRBJ2-3
CASSPAGAELYNEQFF	TRBV7-3	TRBJ2-1
CASKGRGRINYGYTF	TRBV27	TRBJ1-2
CSATWEQSGNGETQYF	TRBV20-1	TRBJ2-5
CASSYSTASEQYF	TRBV6-3	TRBJ2-7
CASSTITGENTEAFF	TRBV7-9	TRBJ1-1
CASSLVWGAEPEAFF	TRBV5-1	TRBJ1-1
CAISALAGVDEQFF	TRBV10-3	TRBJ2-1
CASSFTGGSYEQYF	TRBV27	TRBJ2-7
CSAREAWRGRTEAFF	TRBV20-1	TRBJ1-1
CSGIVLAGADNEQFF	TRBV29-1	TRBJ2-1
CATSDLSGMDEQFF	TRBV24-1	TRBJ2-1
CASSPGQGIRPGEAFF	TRBV27	TRBJ1-1
CASSDGGSAYEQYF	TRBV2	TRBJ2-7
CASSFSFRMNSPLHF	TRBV5-5	TRBJ1-6
CASSFYVGQGATNEKLFF	TRBV12-3	TRBJ1-4
CASSNEFATNEKLFF	TRBV7-2	TRBJ1-4
CASSLGLDTQYF	TRBV28	TRBJ2-3
CASSQGSQGLPMNTEAFF	TRBV3-1	TRBJ1-1
CATSELDRAQETQYF	TRBV24-1	TRBJ2-5
CASSRRGEEGYTF	TRBV11-2	TRBJ1-2
CASSLGGRGSYGYTF	TRBV5-4	TRBJ1-2
CASSHSSGGVADTQYF	TRBV7-9	TRBJ2-3
CASTVGLAENAYYNEQFF	TRBV6-3	TRBJ2-1
CASRWGVLNIQYF	TRBV6-1	TRBJ2-4
CASSQDTGVAYEQYF	TRBV4-2	TRBJ2-7
CASSEQGSSEAFF	TRBV10-2	TRBJ1-1
CAINPGQGTNEQFF	TRBV10-3	TRBJ2-1
CSAIPWTGSTDTQYF	TRBV20-1	TRBJ2-3
CASRGGASYEQYF	TRBV2	TRBJ2-7
CASSFDQGTGGFRETQYF	TRBV7-9	TRBJ2-5
CASSQARGNYEQYF	TRBV4-2	TRBJ2-7
CANSPVAGAPHEQYF	TRBV27	TRBJ2-7
CASSQYGTSSVNEQFF	TRBV11-2	TRBJ2-1
CSVRGTGEKSNYGYTF	TRBV29-1	TRBJ1-2
CASSAGSGSGYNEQFF	TRBV9	TRBJ2-1
CASSPGTVNTDTQYF	TRBV7-9	TRBJ2-3
CATSREDRPTPLHF	TRBV15	TRBJ1-6
CATYPTGAPVDEQFF	TRBV6-5	TRBJ2-1
CASVLGTGVSPLHF	TRBV6-3	TRBJ1-6
CASSQSANLPGTLSNEQFF	TRBV4-3	TRBJ2-1
CASSQDSSGIYEQYF	TRBV4-1	TRBJ2-7
CASSQGQGDQETQYF	TRBV3-1	TRBJ2-5
CASSLIGISSYNEQFF	TRBV7-9	TRBJ2-1
CSAPTRVLAGCTDTQYF	TRBV20-1	TRBJ2-3
CASSPLAGENYNEQFF	TRBV27	TRBJ2-1
CASSGVEGITVNTEAFF	TRBV2	TRBJ1-1
CASRAKPSGTGFNYGYTF	TRBV19	TRBJ1-2
CASSLGLADYYNEQFF	TRBV5-1	TRBJ2-1
CASSPDTGELFF	TRBV6-3	TRBJ2-2
CASSADGEQYF	TRBV9	TRBJ2-7
CASSGQEPGVLLGEETQYF	TRBV7-9	TRBJ2-5
CASSQDSRGSGNTIYF	TRBV4-3	TRBJ1-3
CASSPGQREAFF	TRBV5-4	TRBJ1-1
CSVAATTGELFF	TRBV29-1	TRBJ2-2
CASSLASGELYNEQFF	TRBV7-6	TRBJ2-1
CASSRRGDGTDTQYF	TRBV6-3	TRBJ2-3
CASSYSTSGGGYEQYF	TRBV6-2	TRBJ2-7
CSVEDGPPGEGGYEQYF	TRBV29-1	TRBJ2-7
CASSYGLADYEQYF	TRBV6-5	TRBJ2-7
CASSPPGVSGEKLFF	TRBV7-9	TRBJ1-4
CASSTPDRGRWGEQFF	TRBV27	TRBJ2-1
CASSEWTYTGELFF	TRBV2	TRBJ2-2
CASTEGHEQYF	TRBV10-2	TRBJ2-7
CASSRGTGAFSGNTIYF	TRBV6-5	TRBJ1-3
CASRTGYTEAFF	TRBV19	TRBJ1-1
CASSFLAGGYNEQFF	TRBV7-8	TRBJ2-1
CASSLRVKPYGYTF	TRBV28	TRBJ1-2
CATSADRDRSYEQYF	TRBV15	TRBJ2-7
CAWRPAGGNTIYF	TRBV30	TRBJ1-3
CASSLVAGTGELFF	TRBV7-3	TRBJ2-2
CASSLTTESGEQYF	TRBV7-9	TRBJ2-7
CASSIKQGYGYTF	TRBV19	TRBJ1-2
CASSPGGPYFTDTQYF	TRBV5-6	TRBJ2-3
CASSEPLAAADEQFF	TRBV25-1	TRBJ2-1
CASSPWASGQQETQYF	TRBV18	TRBJ2-5
CASSPSSGALDYGYTF	TRBV12-4	TRBJ1-2
CSVEKNTEAFF	TRBV29-1	TRBJ1-1
CASSLDRVGSYGYTF	TRBV7-2	TRBJ1-2
CASSQTVGLGEKLFF	TRBV4-1	TRBJ1-4
CASSLSTDTQYF	TRBV5-4	TRBJ2-3
CASSDGTSAFPYEQYF	TRBV25-1	TRBJ2-7
CASSLGLAGLNTQYF	TRBV7-9	TRBJ2-3
CASSYRGLGNQPQHF	TRBV6-3	TRBJ1-5
CASSVTAGGADTQYF	TRBV9	TRBJ2-3
CASSQDWGSSYEQYF	TRBV4-1	TRBJ2-7
CASSSLLAGAYNEQFF	TRBV7-9	TRBJ2-1
CATLNTDGVRETQYF	TRBV2	TRBJ2-5
CSALHRDSGNTIYF	TRBV20-1	TRBJ1-3
CASSLLGQPYEQYF	TRBV5-1	TRBJ2-7
CSASGRAHGELFF	TRBV20-1	TRBJ2-2
CSGISRRGDTDTQYF	TRBV20-1	TRBJ2-3
CASTLTSGSPYNEQFF	TRBV27	TRBJ2-1
CASSEFGRNYGYTF	TRBV6-1	TRBJ1-2
CASSAGTGYQPQHF	TRBV19	TRBJ1-5
CASSDFGISGTYNEQFF	TRBV10-1	TRBJ2-1
CASGPGVAHLTGELFF	TRBV12-5	TRBJ2-2
CASSQPGLAVEQYF	TRBV4-1	TRBJ2-7
CASSDSSGGYEQYF	TRBV6-1	TRBJ2-7
CASSLRPPDTGELFF	TRBV12-4	TRBJ2-2
CASSSSGQVYEQYF	TRBV7-9	TRBJ2-7
CSAPSGGLEAFF	TRBV20-1	TRBJ1-1
CASSLGIIVGVSLNEQFF	TRBV5-8	TRBJ2-1
CASSLVGVKAGNTIYF	TRBV7-9	TRBJ1-3
CASSSVAGGFFSYEQYF	TRBV27	TRBJ2-7
CASSLFGGRDTGELFF	TRBV5-6	TRBJ2-2
CASIGESGELQETQYF	TRBV2	TRBJ2-5
CASSWDRDTEAFF	TRBV7-9	TRBJ1-1
CASVWQGAYNEQFF	TRBV2	TRBJ2-1
CASNQVTGTEAYGYTF	TRBV6-5	TRBJ1-2
CSARPDRAVGNTIYF	TRBV20-1	TRBJ1-3
CASSDLTDYGYTF	TRBV5-4	TRBJ1-2
CASSPTSGQETQYF	TRBV4-1	TRBJ2-5
CASTRTSGRRSGELFF	TRBV28	TRBJ2-2
CASSQGVSPRGGNTIYF	TRBV4-2	TRBJ1-3
CASSLEAGGPSPLAYEQYF	TRBV7-6	TRBJ2-7
CASSSPRDWLYQETQYF	TRBV7-7	TRBJ2-5
CASSARTPRPGSSYNEQFF	TRBV9	TRBJ2-1
CASSVLRDQPQHF	TRBV19	TRBJ1-5
CASRGSVGLAKKLFF	TRBV27	TRBJ1-4
CASNLLAGGLNEQFF	TRBV12-3	TRBJ2-1
CASSSGVITTDTQYF	TRBV7-8	TRBJ2-3
CASSVTGGTDTQYF	TRBV9	TRBJ2-3
CASSQGSNEKLFF	TRBV4-1	TRBJ1-4
CASSDSGAGNEQYF	TRBV2	TRBJ2-7
CASGLVPTTGELFF	TRBV12-5	TRBJ2-2
CASSQEQGDIQYF	TRBV14	TRBJ2-4
CASSYGASTDTQYF	TRBV6-3	TRBJ2-3
CSVPDSQVPEAFF	TRBV29-1	TRBJ1-1
CASSQDQSISYEQYF	TRBV14	TRBJ2-7
CAWTEAENTEAFF	TRBV30	TRBJ1-1
CASSLEGAYSNQPQHF	TRBV5-8	TRBJ1-5
CASSADSPSYEQYF	TRBV5-1	TRBJ2-7
CASGRLDIEQFF	TRBV16	TRBJ2-1
CASSFLLAGGDEQFF	TRBV12-3	TRBJ2-1
CASKRTATYEQYF	TRBV28	TRBJ2-7
CASSLDGQGPLYGYTF	TRBV11-2	TRBJ1-2
CSVGQGATEQYF	TRBV29-1	TRBJ2-7
CASSIPGRFQETQYF	TRBV19	TRBJ2-5
CAISARQPWIGNTIYF	TRBV10-3	TRBJ1-3
CASSQARDRRYEQYF	TRBV4-1	TRBJ2-7
CASSEAPPKTGGLGAFF	TRBV6-1	TRBJ1-1
CASTPGTGPNEKLFF	TRBV28	TRBJ1-4
CASSSPSGGVEDEQFF	TRBV5-1	TRBJ2-1
CASSLLAGGTDTQYF	TRBV7-7	TRBJ2-3
CASSLGGGPYNEQFF	TRBV11-3	TRBJ2-1
CASSQFTGESSGELFF	TRBV14	TRBJ2-2
CSVEDNGYGYTF	TRBV29-1	TRBJ1-2
CASSLGFGSPTSTDTQYF	TRBV7-9	TRBJ2-3
CASSLTGDGPDTQYF	TRBV7-3	TRBJ2-3
CASSLAASDTQYF	TRBV11-3	TRBJ2-3
CASRQGEAEAFF	TRBV19	TRBJ1-1
CSVELTGVGDEQFF	TRBV29-1	TRBJ2-1
CASSLERNEQFF	TRBV11-2	TRBJ2-1
CASSGGGDRSGRTQYF	TRBV13	TRBJ2-5
CASSFHGGELFF	TRBV27	TRBJ2-2
CASSLSQGWSETQYF	TRBV5-1	TRBJ2-5
CASSLVGRGPSSDTQYF	TRBV7-8	TRBJ2-3
CASSPPGTSFNEFF	TRBV18	TRBJ2-1
CASSGRQGNTEAFF	TRBV9	TRBJ1-1
CASSPPGFGYGYTF	TRBV7-9	TRBJ1-2
CASSSTGLGYTF	TRBV11-2	TRBJ1-2
CASSPTSNTEAFF	TRBV19	TRBJ1-1
CASSILGTPTDTQYF	TRBV19	TRBJ2-3
CASSLAREVPKTGELFF	TRBV7-9	TRBJ2-2
CSLKSSGNSSYEQYF	TRBV29-1	TRBJ2-7
CASSLTGTDTQYF	TRBV6-4	TRBJ2-3
CASSSPVAEYNSPLHF	TRBV7-9	TRBJ1-6
CASSMAANTEAFF	TRBV19	TRBJ1-1
CSARDKGGGAREQYF	TRBV20-1	TRBJ2-7
CASSEAEWTSWGYNEQFF	TRBV2	TRBJ2-1
CASSVAFEGMGSYNEQFF	TRBV9	TRBJ2-1
CASRSLPRDAAFF	TRBV5-1	TRBJ1-1
CASEGLAGLNEQFF	TRBV2	TRBJ2-1
CATSRSLGGAYEQYF	TRBV15	TRBJ2-7
CASSLKTGFDEQFF	TRBV5-1	TRBJ2-1
CSARVPRGPGYTF	TRBV20-1	TRBJ1-2
CASSQDLTAGAKNIQYF	TRBV4-3	TRBJ2-4
CASSGQGSETQYF	TRBV9	TRBJ2-5
CASSVGASGEILNNEQFF	TRBV9	TRBJ2-1
CASEEPGGPDTQYF	TRBV2	TRBJ2-3
CASSLDNAGELFF	TRBV7-9	TRBJ2-2
CASSLEITSGNTIYF	TRBV7-2	TRBJ1-3
CASTLGPGSYEQYF	TRBV7-9	TRBJ2-7
CAISESLTPPGLPLFNYGYTF	TRBV10-3	TRBJ1-2
CASTPLGAGPVNEQFF	TRBV27	TRBJ2-1
CASSLEFTSGSHSYNEQFF	TRBV7-9	TRBJ2-1
CASTFLTSGYNEQFF	TRBV5-6	TRBJ2-1
CASSYSRAGETQYF	TRBV6-6	TRBJ2-5
CASGRLAGGYNEQFF	TRBV2	TRBJ2-1
CATSDSRTEANYGYTF	TRBV24-1	TRBJ1-2
CASSIVGAWNTEAFF	TRBV19	TRBJ1-1
CASSFRDNEQFF	TRBV7-8	TRBJ2-1
CASSAGTSGRVSYNEQFF	TRBV9	TRBJ2-1
CASSIGTVGYEQYF	TRBV19	TRBJ2-7
CASSPNPTQGTSGNTIYF	TRBV3-1	TRBJ1-3
CASSLAYVSSYNEQFF	TRBV7-9	TRBJ2-1
CASSLVTGGRGYTF	TRBV11-2	TRBJ1-2
CSALGLSRDLSSYNEQFF	TRBV20-1	TRBJ2-1
CASSEIGWGEQYF	TRBV11-2	TRBJ2-7
CASSSRLTGDYGANVLTF	TRBV11-2	TRBJ2-6
CASSDSNGINEKLFF	TRBV10-1	TRBJ1-4
CASSLGGGINEQYF	TRBV5-4	TRBJ2-7
CASSFPLAGTLMNEQFF	TRBV12-4	TRBJ2-1
CAWAKPREIQVSGEKLFF	TRBV30	TRBJ1-4
CASANPVAVSTGELFF	TRBV9	TRBJ2-2
CASSTMTGSTGELFF	TRBV19	TRBJ2-2
CASSSWTVNTEAFF	TRBV19	TRBJ1-1
CASSSIRGAQMNTEAFF	TRBV7-2	TRBJ1-1
CASSIISNNEQFF	TRBV19	TRBJ2-1
CASSYRSSGSYEQYF	TRBV6-5	TRBJ2-7
CASGYNTEAFF	TRBV12-3	TRBJ1-1
CSAGDISNQPQHF	TRBV20-1	TRBJ1-5
CASSIFGGQIYEQYF	TRBV19	TRBJ2-7
CASSSGQGAGYNEQFF	TRBV18	TRBJ2-1
CASSADSPPYTGELFF	TRBV7-2	TRBJ2-2
CASSPLPRLAGEETQYF	TRBV7-8	TRBJ2-5
CASSLDRGEQFF	TRBV7-9	TRBJ2-1
CATQREGAMETQYF	TRBV6-6	TRBJ2-5
CASSQGTVSGNTIYF	TRBV7-8	TRBJ1-3
CASGEGGELFF	TRBV19	TRBJ2-2
CASSLSGQRVSGNTIYF	TRBV28	TRBJ1-3
CATSDSKEQLNTEAFF	TRBV24-1	TRBJ1-1
CASSRGTSGRPYNEQFF	TRBV19	TRBJ2-1
CAINNEQFF	TRBV6-1	TRBJ2-1
CASTPGQEIYGYTF	TRBV6-1	TRBJ1-2
CASSELAGGTDTQYF	TRBV6-4	TRBJ2-3
CASSSISGSYNEQFF	TRBV19	TRBJ2-1
CASSLFSSGQETQYF	TRBV7-7	TRBJ2-5
CASGAGAFSDTQYF	TRBV11-3	TRBJ2-3
CASSLEESSYEQYF	TRBV5-1	TRBJ2-7
CASSAWGLEYEQYF	TRBV7-7	TRBJ2-7
CASSQDYFSAKNIQYF	TRBV4-1	TRBJ2-4
CASSAIPGTSYQETQYF	TRBV27	TRBJ2-5
CASSFSLPYKQYF	TRBV12-3	TRBJ2-7
CASSVMLDSPLHF	TRBV9	TRBJ1-6
CASARTTGELFF	TRBV6-3	TRBJ2-2
CASSVDGYEQFF	TRBV9	TRBJ2-1
CASSPSGDEAFF	TRBV27	TRBJ1-1
CASSLQQGRKAFF	TRBV7-8	TRBJ1-1
CASSLGSTNRNTIYF	TRBV11-2	TRBJ1-3
CASSSRGARSTEAFF	TRBV7-3	TRBJ1-1
CASSTPSGGSGDTQYF	TRBV12-3	TRBJ2-3
CATSDNRNYGYTF	TRBV24-1	TRBJ1-2
CASSFQGTSYEQYF	TRBV28	TRBJ2-7
CATSPTGVNTDTQYF	TRBV15	TRBJ2-3
CASSPGQGGDEQYF	TRBV13	TRBJ2-7
CASSRLPGLAGVGNHEQYF	TRBV4-3	TRBJ2-7
CASSLTPSGSTYEQYF	TRBV7-9	TRBJ2-7
CASSIILGNTGELFF	TRBV19	TRBJ2-2
CASRPAGEETQYF	TRBV27	TRBJ2-5
CASSSGSLETQYF	TRBV19	TRBJ2-5
CAWSAGVNTGELFF	TRBV30	TRBJ2-2
CASSYSWDVVNYGYTF	TRBV6-5	TRBJ1-2
CSASPTVKQSYEQYF	TRBV20-1	TRBJ2-7
CASSFSLPYEQYF	TRBV12-3	TRBJ2-7
CASSLEHSILETQYF	TRBV7-7	TRBJ2-5
CSVVGRYYEQYF	TRBV29-1	TRBJ2-7
CSARDLDSLTNGYTF	TRBV20-1	TRBJ1-2
CASSSGGGEQYF	TRBV5-1	TRBJ2-7
CASSQLSGRVNEQFF	TRBV18	TRBJ2-1
CASSYSETYEQYF	TRBV6-6	TRBJ2-7
CASSYDRPSFNQPQHF	TRBV6-5	TRBJ1-5
CASSLDAGGTYEQYF	TRBV11-2	TRBJ2-7
CASSLDDNSPLHF	TRBV5-1	TRBJ1-6
CASSVGTDLYQETQYF	TRBV9	TRBJ2-5
CASSQDVGPDSLNTGELFF	TRBV4-3	TRBJ2-2
CASSFTGGPYNEQFF	TRBV12-4	TRBJ2-1
CASSTHDIQGLGSPLHF	TRBV7-9	TRBJ1-6
CAWSVTTSSYNSPLHF	TRBV30	TRBJ1-6
CAWSVRENTEAFF	TRBV30	TRBJ1-1
CASSTGTGVDEKLFF	TRBV3-1	TRBJ1-4
CASSRQTGTSYGYTF	TRBV6-5	TRBJ1-2
CASSLETQYF	TRBV5-5	TRBJ2-5
CASSPLVDSDSTDTQYF	TRBV4-1	TRBJ2-3
CASSTTGTNSPLHF	TRBV27	TRBJ1-6
CASRYGGLSSYNEQFF	TRBV6-5	TRBJ2-1
CSARDLLAGDTDTQYF	TRBV20-1	TRBJ2-3
CASSQGRLNYGYTF	TRBV3-1	TRBJ1-2
CASSRTSGPYNEQFF	TRBV19	TRBJ2-1
CASSLGTTSTDTQYF	TRBV7-3	TRBJ2-3
CASSPESLDGYTF	TRBV3-1	TRBJ1-2
CTTGDGMNTEAFF	TRBV7-2	TRBJ1-1
CASSLWWGIGNTIYF	TRBV7-2	TRBJ1-3
CASSLLSGRVNEQFF	TRBV4-1	TRBJ2-1
CATSDKIAGGNQETQYF	TRBV24-1	TRBJ2-5
CASSSITSGRGGEQFF	TRBV7-9	TRBJ2-1
CASSPGTSGSYNEQFF	TRBV7-8	TRBJ2-1
CARRAGAYEQYF	TRBV6-1	TRBJ2-7
CANFRTGGLFF	TRBV6-4	TRBJ2-2
CASIHTSGANTGELFF	TRBV10-2	TRBJ2-2
CASSIVQGPLNEQFF	TRBV19	TRBJ2-1
CASTPGEGSRKEQYF	TRBV12-4	TRBJ2-7
CASSDSLGSVEQFF	TRBV6-4	TRBJ2-1
CATSEATDTGELFF	TRBV24-1	TRBJ2-2
CASSLRPLHF	TRBV5-8	TRBJ1-6
CASSLLVADNYGYTF	TRBV11-2	TRBJ1-2
CASRPGTGDYEQYF	TRBV28	TRBJ2-7
CATSSSSYNSPLHF	TRBV15	TRBJ1-6
CASSLGTVGYEQYF	TRBV27	TRBJ2-7
CASTPREAGDWYEQFF	TRBV7-9	TRBJ2-1
CASSSSGGITDTQYF	TRBV10-2	TRBJ2-3
CASSVSSTDTQYF	TRBV27	TRBJ2-3
CASGNSPYEQYF	TRBV27	TRBJ2-7
CASHQGQFTDTQYF	TRBV4-3	TRBJ2-3
CASSIGTELAKNIQYF	TRBV6-6	TRBJ2-4
CASSVGTGPNLQETQYF	TRBV9	TRBJ2-5
CSVEGDTGELFF	TRBV29-1	TRBJ2-2
CASSVGGPGELFF	TRBV5-1	TRBJ2-2
CASSSFMGNQPQHF	TRBV6-5	TRBJ1-5
CASSLDRTGPYEQYF	TRBV5-1	TRBJ2-7
CASSLGGNRYEQYF	TRBV7-9	TRBJ2-7
CASSIFGEQYF	TRBV19	TRBJ2-7
CASSLYGNTEAFF	TRBV5-1	TRBJ1-1
CASSQFVYTSTDTQYF	TRBV4-1	TRBJ2-3
CSARQGQGFLYEQYF	TRBV20-1	TRBJ2-7
CSVFSRLYGYTF	TRBV29-1	TRBJ1-2
CASSLGAGLRETQYF	TRBV7-3	TRBJ2-5
CAIKRLSTDTQYF	TRBV7-9	TRBJ2-3
CASSMGQGGNTQYF	TRBV13	TRBJ2-3
CASSLSQGTYEQYF	TRBV27	TRBJ2-7
CASSLGTGDTGELFF	TRBV28	TRBJ2-2
CASSPTDTQYF	TRBV4-3	TRBJ2-3
CASSLRRTDTQYF	TRBV27	TRBJ2-3
CASSLPSGPGSEAFF	TRBV7-2	TRBJ1-1
CASSERGGLASNEQFF	TRBV2	TRBJ2-1
CASSFGGNTEAFF	TRBV27	TRBJ1-1
CASSPAQGQGQFF	TRBV2	TRBJ2-1
CSARGGVRTTPHEETSTDTQYF	TRBV20-1	TRBJ2-3
CASSQDYSSYEQYF	TRBV4-3	TRBJ2-7
CASSILARDTEAFF	TRBV19	TRBJ1-1
CASSLGTSYEQYF	TRBV12-4	TRBJ2-7
CASSLVGAGTDTQYF	TRBV7-3	TRBJ2-3
CASGLAPGATNEKLFF	TRBV12-5	TRBJ1-4
CASSYSPSFSNQPQHF	TRBV6-5	TRBJ1-5
CASRAGIETQYF	TRBV28	TRBJ2-5
CASSSDRSWTDEAFF	TRBV11-2	TRBJ1-1
CSARDGDGVWSTEAFF	TRBV20-1	TRBJ1-1
CASNPWDMNTEAFF	TRBV19	TRBJ1-1
CSAFLDRISSGREKYPPDTQYF	TRBV20-1	TRBJ2-3
CASSPMDTQYF	TRBV12-4	TRBJ2-3
CASSFFRIIGRGGYEQYF	TRBV5-4	TRBJ2-7
CASSFWDTINEQFF	TRBV27	TRBJ2-1
CASSLGTARGPLHF	TRBV12-4	TRBJ1-6
CASSIAWGQLNTEAFF	TRBV19	TRBJ1-1
CASNSGLDNNEQFF	TRBV27	TRBJ2-1
CATSDGLAGGYNEQFF	TRBV24-1	TRBJ2-1
CATSDFNGGLSEAFF	TRBV24-1	TRBJ1-1
CAISEDRAPSNEQFF	TRBV10-3	TRBJ2-1
CASSHRTDYGYTF	TRBV3-1	TRBJ1-2
CASRVGQTNEQFF	TRBV19	TRBJ2-1
CASRPTDYNSPLHF	TRBV16	TRBJ1-6
CASSILDREYEQFF	TRBV27	TRBJ2-1
CASSPGTSGAFAVNEQFF	TRBV27	TRBJ2-1
CTSSLAPGATNEKLFF	TRBV7-2	TRBJ1-4
CASSVDSNSYNEQFF	TRBV6-1	TRBJ2-1
CASSLVAGASTDTQYF	TRBV7-2	TRBJ2-3
CASRPGQGGYEQYF	TRBV27	TRBJ2-7
CASSEVFGTVLEQYF	TRBV6-1	TRBJ2-7
CAGYFNYGYTF	TRBV30	TRBJ1-2
CASSRLAGGNNEQFF	TRBV6-2	TRBJ2-1
CASSPKTSVTYNEQFF	TRBV7-9	TRBJ2-1
CAWVPTGTGGTEAFF	TRBV30	TRBJ1-1
CSASGQGLNTGELFF	TRBV20-1	TRBJ2-2
CASSEGGQSREAFF	TRBV9	TRBJ1-1
CASSLGTSGGNEQFF	TRBV7-6	TRBJ2-1
CSVSRDSLLLEGEQYF	TRBV29-1	TRBJ2-7
CASSLGAASGLYYNEQFF	TRBV12-3	TRBJ2-1
CASTGGGSGVYNEQFF	TRBV6-6	TRBJ2-1
CASSPKDRGNTEAFF	TRBV7-9	TRBJ1-1
CASSAPGGEGVDTGELFF	TRBV9	TRBJ2-2
CASSSDSYNEQFF	TRBV7-3	TRBJ2-1
CASSLAPRRDRNYEQYF	TRBV28	TRBJ2-7
CASSNWDSQETQYF	TRBV5-5	TRBJ2-5
CASSLVPGINSYEQYF	TRBV5-4	TRBJ2-7
CASSLHRQGLSYEQYF	TRBV5-6	TRBJ2-7
CASSPDADTPFYEQYF	TRBV19	TRBJ2-7
CASSEALDPTGSSPLHF	TRBV6-1	TRBJ1-6
CASMSGGSYGDTQYF	TRBV27	TRBJ2-3
CASTDRVGGYTF	TRBV19	TRBJ1-2
CASSPDPSGLTDTQYF	TRBV7-6	TRBJ2-3
CASSQYLRPDYGYTF	TRBV14	TRBJ1-2
CASSPDREDQPQHF	TRBV12-4	TRBJ1-5
CASSQSGVGNEQFF	TRBV16	TRBJ2-1
CATSERTGGEETQYF	TRBV24-1	TRBJ2-5
CASSPDKANTGELFF	TRBV13	TRBJ2-2
CASSLEEGDAREAQYF	TRBV7-9	TRBJ2-5
CASSDWDRVVEGYTF	TRBV7-9	TRBJ1-2
CASSQQMVSSASGTALSGNTIYF	TRBV3-1	TRBJ1-3
CASSQDMAGWGEKLFF	TRBV4-3	TRBJ1-4
CASSWGLSGNTIYF	TRBV5-4	TRBJ1-3
CASSQGEGRETQYF	TRBV4-1	TRBJ2-5
CASSLELNSATNEKLFF	TRBV5-5	TRBJ1-4
CASSLWGGADTQYF	TRBV5-1	TRBJ2-3
CSVEDRSGVTEAFF	TRBV29-1	TRBJ1-1
CSVEGSEDYGYTF	TRBV29-1	TRBJ1-2
CASGKTGGLTNYGYTF	TRBV2	TRBJ1-2
CASSYGASDNEQFF	TRBV19	TRBJ2-1
CATSDFVGGTEAFF	TRBV24-1	TRBJ1-1
CASSERDNEQFF	TRBV25-1	TRBJ2-1
CATSDLGHNNEQFF	TRBV24-1	TRBJ2-1
CASSVGAGEFNEQFF	TRBV9	TRBJ2-1
CASSVAGAQAGDTQYF	TRBV9	TRBJ2-3
CASSPNFGEAFF	TRBV11-2	TRBJ1-1
CASSLVAGSYGYTF	TRBV27	TRBJ1-2
CASSYSPSGKEQFF	TRBV6-5	TRBJ2-1
CASSLFRGPEAFF	TRBV13	TRBJ1-1
CAWSEQGLGNEQFF	TRBV30	TRBJ2-1
CASSLSDRASEQYF	TRBV4-1	TRBJ2-7
CASSLSLDSGANVLTF	TRBV5-5	TRBJ2-6
CAGIRTGTGPSPNYGYTF	TRBV2	TRBJ1-2
CASSLHGDPSYEQYF	TRBV7-9	TRBJ2-7
CSARGVAGGRYEQFF	TRBV20-1	TRBJ2-1
CASSLGPYSNQPQHF	TRBV19	TRBJ1-5
CASSSRTGAVQPQHF	TRBV11-2	TRBJ1-5
CASTTPPTGSGYTF	TRBV28	TRBJ1-2
CASGLLGGWETQYF	TRBV12-5	TRBJ2-5
CASSQTGENLYGYTF	TRBV3-1	TRBJ1-2
CASSQDPLASGELFF	TRBV4-3	TRBJ2-2
CASSPEESSYNEQFF	TRBV5-1	TRBJ2-1
CASSIGSPSGRANEQFF	TRBV19	TRBJ2-1
CAISTGDSNQPQHF	TRBV10-3	TRBJ1-5
CASSYGELRMNTEAFF	TRBV6-6	TRBJ1-1
CASTYAVTGNTEAFF	TRBV4-3	TRBJ1-1
CSARDLRLAEETQYF	TRBV20-1	TRBJ2-5
CASRGPGTGSDWYF	TRBV2	TRBJ2-7
CSARDRDGYNEQFF	TRBV20-1	TRBJ2-1
CASRLLGGRVEKLFF	TRBV27	TRBJ1-4
CASTELLAEYIDTQYF	TRBV7-9	TRBJ2-3
CASSPLDSGGFYEQYF	TRBV5-6	TRBJ2-7
CSARDLGLAGDEQYF	TRBV20-1	TRBJ2-7
CASSLALLGGSGNFF	TRBV12-3	TRBJ2-1
CASRGFYGYTF	TRBV9	TRBJ1-2
CSVQAPRGGYTF	TRBV29-1	TRBJ1-2
CASSLSTGSWGYTF	TRBV11-1	TRBJ1-2
CSVEEGAGDTQYF	TRBV29-1	TRBJ2-3
CSVDSGGYQETQYF	TRBV29-1	TRBJ2-5
CSARLAGGPETQYF	TRBV20-1	TRBJ2-5
CASSSGLAGRNEQFF	TRBV7-9	TRBJ2-1
CASSKGTANTEAFF	TRBV7-8	TRBJ1-1
CASSETRSGTWDEQFF	TRBV9	TRBJ2-1
CASSSGLAGVETGELFF	TRBV5-1	TRBJ2-2
CASSLDAGVGGYTF	TRBV7-9	TRBJ1-2
CASSVDSGSDYEQYF	TRBV9	TRBJ2-7
CASSLEGAGGPFDIQYF	TRBV5-1	TRBJ2-4
CASSYSIAGVYNEQFF	TRBV6-5	TRBJ2-1
CASSYEGNTEAFF	TRBV6-5	TRBJ1-1
CATSLLVRDNEQFF	TRBV15	TRBJ2-1
CSVTTGAGGYEQYF	TRBV29-1	TRBJ2-7
CASSLKGGTVLYNEQFF	TRBV5-1	TRBJ2-1
CASSQKVGFSYEQYF	TRBV4-3	TRBJ2-7
CAWSLVGLSYEQYF	TRBV30	TRBJ2-7
CAWSVFGQGMNTEAFF	TRBV30	TRBJ1-1
CASSVNPNPIRDRDNEKLFF	TRBV9	TRBJ1-4
CASSQVEGPGNQPQHF	TRBV4-1	TRBJ1-5
CASSYGGENNSPLHF	TRBV6-6	TRBJ1-6
CASGTTGFYNEQFF	TRBV27	TRBJ2-1
CASTLILGADTEAFF	TRBV7-8	TRBJ1-1
CASSPLAGGLPDTQYF	TRBV9	TRBJ2-3
CASSQGDTEDPEAFF	TRBV4-1	TRBJ1-1
CASSALGESQETQYF	TRBV2	TRBJ2-5
CASSFFPNTEAFF	TRBV5-1	TRBJ1-1
CSVEDLRRSSYNEQFF	TRBV29-1	TRBJ2-1
CARGDGHQPQHF	TRBV10-2	TRBJ1-5
CATPPGRNYNEQFF	TRBV2	TRBJ2-1
CASSLLGLEQFF	TRBV27	TRBJ2-1
CASSLPGNQPQHF	TRBV12-4	TRBJ1-5
CATSIGQSNTEAFF	TRBV15	TRBJ1-1
CASSPQLTVNYGYTF	TRBV7-2	TRBJ1-2
CASSSWGEDYGYTF	TRBV11-3	TRBJ1-2
CASSDASTEAFF	TRBV6-1	TRBJ1-1
CASSPSGGGYNEQFF	TRBV27	TRBJ2-1
CASSHPGTRDEKLFF	TRBV14	TRBJ1-4
CASSPGPWNEKLFF	TRBV12-3	TRBJ1-4
CASCPLWEGGYTF	TRBV4-3	TRBJ1-2
CASSRQGASTEAFF	TRBV6-6	TRBJ1-1
CASSQDATSGLSYNEQFF	TRBV4-2	TRBJ2-1
CASSEFGRTFINQPQHF	TRBV2	TRBJ1-5
CASSLALPSGGGNTDTQYF	TRBV7-9	TRBJ2-3
CSVLRTGGLDEQFF	TRBV29-1	TRBJ2-1
CASSLGGSPRELFF	TRBV27	TRBJ2-2
CASSVVNEQFF	TRBV12-3	TRBJ2-1
CASSQELGPRETQYF	TRBV4-3	TRBJ2-5
CASSLVQGSAGELFF	TRBV7-9	TRBJ2-2
CASSGTGSMNTEAFF	TRBV5-6	TRBJ1-1
CASRPGTVNTEAFF	TRBV5-5	TRBJ1-1
CASRKGGRADEQFF	TRBV7-9	TRBJ2-1
CASTITGRGVDEQYF	TRBV7-9	TRBJ2-7
CASSPRYSNQPQHF	TRBV12-4	TRBJ1-5
CSAAGQANTGELFF	TRBV20-1	TRBJ2-2
CASGRTGSEAFF	TRBV6-2	TRBJ1-1
CASSLVYGSGYSPLHF	TRBV5-8	TRBJ1-6
CASSVVESGNYNEQFF	TRBV9	TRBJ2-1
CASSQWGTGELFF	TRBV4-3	TRBJ2-2
CSARDGTGISGNTIYF	TRBV20-1	TRBJ1-3
CASSIDSPGLAGGPDTQYF	TRBV19	TRBJ2-3
CASSGDSTNSPLHF	TRBV6-4	TRBJ1-6
CSARTSGPPDTQYF	TRBV20-1	TRBJ2-3
CASSFGADTQYF	TRBV12-3	TRBJ2-3
CASSPGQSSGNTIYF	TRBV3-1	TRBJ1-3
CSVVDTNTGELFF	TRBV29-1	TRBJ2-2
CASRNRGVEAFF	TRBV12-3	TRBJ1-1
CASSLGDRDDSPLHF	TRBV13	TRBJ1-6
CSAAPGDGYGYTF	TRBV20-1	TRBJ1-2
CASSLPGRGFFFNTEAFF	TRBV7-9	TRBJ1-1
CASSQEGASSYNEQFF	TRBV4-1	TRBJ2-1
CASETVHYGYTF	TRBV7-9	TRBJ1-2
CASRAGATEAFF	TRBV2	TRBJ1-1
CSASDRDRGFYSNQPQHF	TRBV20-1	TRBJ1-5
CASSLVGGTGSVSYQFF	TRBV11-2	TRBJ2-1
CASSPPTTPSEQYF	TRBV18	TRBJ2-7
CASSESGQRGEQYF	TRBV10-1	TRBJ2-7
CASSPGTGPNEKLFF	TRBV28	TRBJ1-4
CASSSSGFYEQYF	TRBV11-2	TRBJ2-7
CASSATGSNTGELFF	TRBV9	TRBJ2-2
CASSGGTGWGTGELFF	TRBV7-2	TRBJ2-2
CASSFLAGANVLTF	TRBV7-9	TRBJ2-6
CASSRVQGWEKLFF	TRBV7-9	TRBJ1-4
CSARDRPQETYNEQFF	TRBV20-1	TRBJ2-1
CASSPTLAGTYEQYF	TRBV27	TRBJ2-7
CASSTNQQGMGEKLFF	TRBV7-9	TRBJ1-4
CATSEQGQGPSDTQYF	TRBV24-1	TRBJ2-3
CASSPTGGGNTEAFF	TRBV19	TRBJ1-1
CASSLAIGLETAESSDTQYF	TRBV5-6	TRBJ2-3
CASSSKEGVLLHF	TRBV7-6	TRBJ1-6
CASSVAGLSSYNEQFF	TRBV9	TRBJ2-1
CATSAGERQPQHF	TRBV15	TRBJ1-5
CSGVLAPSYNEQFF	TRBV29-1	TRBJ2-1
CASSQSLRGFYEQYF	TRBV4-3	TRBJ2-7
CASSFGGRGNYGYTF	TRBV27	TRBJ1-2
CASKEGGGVYGYTF	TRBV2	TRBJ1-2
CASSSARDNEQFF	TRBV5-6	TRBJ2-1
CASSSGQQAYEQYF	TRBV13	TRBJ2-7
CASSLGPPGTSTDTQYF	TRBV7-3	TRBJ2-3
CASSMLGEQFF	TRBV19	TRBJ2-1
CASSHFLTEETQYF	TRBV4-1	TRBJ2-5
CASSLLKGGGTDTQYF	TRBV27	TRBJ2-3
CASSDPGRNNEQFF	TRBV7-8	TRBJ2-1
CASSQDRSLEQYF	TRBV4-3	TRBJ2-7
CASSFHRRPFDGYNEQFF	TRBV7-9	TRBJ2-1
CASSLIGESVRNEQFF	TRBV7-9	TRBJ2-1
CASSPVGGYQPQHF	TRBV2	TRBJ1-5
CSARDQDGSLIGEQFF	TRBV20-1	TRBJ2-1
CASSPSVHEQFF	TRBV27	TRBJ2-1
CSVEGQQTYEQYF	TRBV29-1	TRBJ2-7
CASSLSGWSGTGELFF	TRBV27	TRBJ2-2
CASRVNNEQFF	TRBV12-3	TRBJ2-1
CASSSWDSSYEQYF	TRBV27	TRBJ2-7
CASSSWTSGNNEQFF	TRBV7-9	TRBJ2-1
CASSPGLANTGELFF	TRBV12-4	TRBJ2-2
CATSDNRGNEQYF	TRBV24-1	TRBJ2-7
CASSPTASTDTQYF	TRBV9	TRBJ2-3
CASSTTSGGPKSRELFF	TRBV7-9	TRBJ2-2
CASSIGVSGNTIYF	TRBV19	TRBJ1-3
CASSLIGGRNGYTF	TRBV7-9	TRBJ1-2
CASSYSYPGTGFYEQYF	TRBV6-5	TRBJ2-7
CSASAGFSDQPQHF	TRBV20-1	TRBJ1-5
CATSRDRSGAGGGYNEQFF	TRBV15	TRBJ2-1
CASSQDMGGLSYEQYF	TRBV4-3	TRBJ2-7
CASSQDPRASHRGAQYF	TRBV3-1	TRBJ2-5
CASSPGVNTEAFF	TRBV7-9	TRBJ1-1
CASSQVTSTGTSETYTQYF	TRBV3-1	TRBJ2-3
CASSESSQMNTEAFF	TRBV10-2	TRBJ1-1
CASSLTANYGYTF	TRBV7-3	TRBJ1-2
CATSVRGASYNEQFF	TRBV24-1	TRBJ2-1
CASSYSSAGGLLAGELFF	TRBV6-5	TRBJ2-2
CASSARSTETDTQYF	TRBV9	TRBJ2-3
CASSLRDRGYEQYF	TRBV5-8	TRBJ2-7
CASSSGGDLYEQYF	TRBV27	TRBJ2-7
CSARDQWGTDTQYF	TRBV20-1	TRBJ2-3
CASSGWEGELFF	TRBV27	TRBJ2-2
CASSLDRGEQYF	TRBV7-9	TRBJ2-7
CASSDPPGDGNQPQHF	TRBV11-2	TRBJ1-5
CSAKDGISGELFF	TRBV20-1	TRBJ2-2
CASSEYFVGQGASYGYTF	TRBV25-1	TRBJ1-2
CASSLVRGSNQPQHF	TRBV7-8	TRBJ1-5
CSARDLPGGYEQFF	TRBV20-1	TRBJ2-1
CASSFRGQGNEQYF	TRBV5-1	TRBJ2-7
CASSLRDSRDGEQYF	TRBV12-4	TRBJ2-7
CASNLAGAREEQYF	TRBV12-3	TRBJ2-7
CASSDGQATDTQYF	TRBV6-1	TRBJ2-3
CASSEMGVGAFF	TRBV2	TRBJ1-1
CASSLFGLSRSGANVLTF	TRBV13	TRBJ2-6
CASSLTGGSYEQYF	TRBV27	TRBJ2-7
CASSQGREAGGPAGYNEQFF	TRBV4-3	TRBJ2-1
CASSQFPSGGTDTQYF	TRBV4-2	TRBJ2-3
CASSQVESGNTIYF	TRBV3-1	TRBJ1-3
CASSLPNRDPHNEQFF	TRBV9	TRBJ2-1
CASVRRLATGELFF	TRBV13	TRBJ2-2
CASSSAYYSYTF	TRBV12-3	TRBJ1-2
CASMFTGELFF	TRBV19	TRBJ2-2
CASSIVGGGYAVYNEQFF	TRBV19	TRBJ2-1
CASSQWNGRFNYGYTF	TRBV4-1	TRBJ1-2
CASSLAGGNTDTQYF	TRBV12-4	TRBJ2-3
CASSPIGGMGTGELFF	TRBV10-2	TRBJ2-2
CATHRAGGFNEQFF	TRBV15	TRBJ2-1
CSGTGTDNSYEQYF	TRBV20-1	TRBJ2-7
CASGGQYNEQFF	TRBV10-2	TRBJ2-1
CSARDSRFTYEQYF	TRBV20-1	TRBJ2-7
CASSLTGLAGTGELFF	TRBV7-3	TRBJ2-2
CASSLVGQGLGDEQFF	TRBV7-9	TRBJ2-1
CASSQELGSSYNEQFF	TRBV4-2	TRBJ2-1
CAWSVERGIIANYGYTF	TRBV30	TRBJ1-2
CASSQGTENTEAFF	TRBV4-1	TRBJ1-1
CASSLAGFGNTIYF	TRBV7-9	TRBJ1-3
CASRSRERGDEAFF	TRBV7-2	TRBJ1-1
CSVESGQGGQPQHF	TRBV29-1	TRBJ1-5
CASSQEAGTGYNEQFF	TRBV4-1	TRBJ2-1
CASSPAVGPMNEQFF	TRBV13	TRBJ2-1
CASSESAPTGGTGELFF	TRBV10-2	TRBJ2-2
CATSDTHQGYQQFF	TRBV24-1	TRBJ2-1
CSASDRATYEQYF	TRBV20-1	TRBJ2-7
CASRVGLADTGELFF	TRBV9	TRBJ2-2
CSAREGGAYEQYF	TRBV20-1	TRBJ2-7
CASSEPQTSGNTGELFF	TRBV6-1	TRBJ2-2
CASRSQGALYSNQPQHF	TRBV28	TRBJ1-5
CASTPGQKNTEAFF	TRBV6-1	TRBJ1-1
CASSIEAAGGLGGYTF	TRBV19	TRBJ1-2
CASSSEAGARETQYF	TRBV7-8	TRBJ2-5
CAISESGTGYEQYF	TRBV10-3	TRBJ2-7
CASSLDSTGGDGELFF	TRBV7-2	TRBJ2-2
CATSDGLAGDYEETQYF	TRBV24-1	TRBJ2-5
CASSVDPGNSEKLFF	TRBV9	TRBJ1-4
CASSQEGAGGIHEQYF	TRBV3-1	TRBJ2-7
CASSEVVSTTYEQYF	TRBV6-1	TRBJ2-7
CASSSISGNTIYF	TRBV27	TRBJ1-3
CASRPLAGELFF	TRBV6-3	TRBJ2-2
CASSQEEGPWNQPQHF	TRBV4-1	TRBJ1-5
CATSRESGDYGYTF	TRBV15	TRBJ1-2
CASGLGPAGYTF	TRBV12-5	TRBJ1-2
CASSANAGVGTDTQYF	TRBV10-1	TRBJ2-3
CASSPVTGAPHEQYF	TRBV27	TRBJ2-7
CASSLVGSKHEQFF	TRBV5-1	TRBJ2-1
CASSLWQGTAGELFF	TRBV5-6	TRBJ2-2
CASSRNYGQETQYF	TRBV7-6	TRBJ2-5
CASSEQDSTDTQYF	TRBV11-3	TRBJ2-3
CAISGTGSYNEQFF	TRBV10-3	TRBJ2-1
CASRPEGGSNYGYTF	TRBV7-8	TRBJ1-2
CASSIVGQGNQPQHF	TRBV19	TRBJ1-5
CASSLGGQQFF	TRBV5-6	TRBJ2-1
CASSKGRLPNSPLHF	TRBV19	TRBJ1-6
CASSSQGSTDTQYF	TRBV6-4	TRBJ2-3
CSADKYNEQFF	TRBV20-1	TRBJ2-1
CASGGVYSGGAVEQYF	TRBV12-3	TRBJ2-7
CASSPYGQFYEQYF	TRBV18	TRBJ2-7
CASSPDNGEKLFF	TRBV7-9	TRBJ1-4
CASSLEGLNTEAFF	TRBV12-3	TRBJ1-1
CSVPGQTNTEAFF	TRBV29-1	TRBJ1-1
CASKDIMNTEAFF	TRBV6-5	TRBJ1-1
CASSEGDSNQPQHF	TRBV9	TRBJ1-5
CASSLGRGGRNEQFF	TRBV5-6	TRBJ2-1
CASSLEGGGYEQYF	TRBV5-1	TRBJ2-7
CASSPRAGGITDTQYF	TRBV4-2	TRBJ2-3
CASSYVIAGSYNEQFF	TRBV5-1	TRBJ2-1
CSATTESNQPQHF	TRBV20-1	TRBJ1-5
CASGTPGGEKLFF	TRBV7-9	TRBJ1-4
CASNPQGSSYNEQFF	TRBV27	TRBJ2-1
CASSLAGPAADRPYNEQFF	TRBV11-2	TRBJ2-1
CASSFAGDGAGELFF	TRBV7-9	TRBJ2-2
CASSLGLKNSPLHF	TRBV28	TRBJ1-6
CASSQDFGAAGELFF	TRBV4-1	TRBJ2-2
CASSFGGRNTEAFF	TRBV27	TRBJ1-1
CASSSSAGLAYTDTQYF	TRBV27	TRBJ2-3
CASSVSWGSGETQYF	TRBV9	TRBJ2-5
CASSPPQGGGTHNEQFF	TRBV18	TRBJ2-1
CASTEDRADTGELFF	TRBV5-8	TRBJ2-2
CASTRDRPTLGYTF	TRBV13	TRBJ1-2
CASSYGDTEAFF	TRBV6-5	TRBJ1-1
CASSLGLTGLAYGYTF	TRBV5-1	TRBJ1-2
CASSQDLPDGEKLFF	TRBV4-1	TRBJ1-4
CASSRDSASTGELFF	TRBV10-1	TRBJ2-2
CASSLNSKETQYF	TRBV7-3	TRBJ2-5
CASSSLSRTGGLGTEAFF	TRBV6-6	TRBJ1-1
CASHSGTGEEQYF	TRBV12-4	TRBJ2-7
CASSLVDEQFF	TRBV11-2	TRBJ2-1
CASSQLLADPPDEQFF	TRBV4-1	TRBJ2-1
CASSIGGVGNQPQHF	TRBV19	TRBJ1-5
CASSRTHGTGKGYTF	TRBV4-3	TRBJ1-2
CSVMRTDFQYF	TRBV29-1	TRBJ2-7
CASSLGFLGPAAGNTIYF	TRBV7-2	TRBJ1-3
CASSVVPDSSQAYGYTF	TRBV9	TRBJ1-2
CASSPPGGVTGELFF	TRBV6-3	TRBJ2-2
CASSPSWGEVNTEAFF	TRBV27	TRBJ1-1
CASSQGQGDQPQHF	TRBV4-1	TRBJ1-5
CASSQGGGGGYEQYF	TRBV3-1	TRBJ2-7
CSVPGTGGLIAFF	TRBV29-1	TRBJ1-1
CASSIALYNEQFF	TRBV19	TRBJ2-1
CATSRPGWTGGTEAFF	TRBV15	TRBJ1-1
CASGWDRPNTGELFF	TRBV12-5	TRBJ2-2
CATSDPASGALQETQYF	TRBV24-1	TRBJ2-5
CASSLASTGELFF	TRBV7-9	TRBJ2-2
CASSLGSPLTGELFF	TRBV27	TRBJ2-2
CASSELTGGGNEQFF	TRBV2	TRBJ2-1
CASSMGGRYEQYF	TRBV19	TRBJ2-7
CASRQGATYEQYF	TRBV5-1	TRBJ2-7
CSARDGLAGFSYEQYF	TRBV20-1	TRBJ2-7
CASSLDLGSTEAFF	TRBV11-3	TRBJ1-1
CATRPAGYNEQFF	TRBV28	TRBJ2-1
CASSVKDSPEKLFF	TRBV9	TRBJ1-4
CASSSSARELFF	TRBV7-2	TRBJ2-2
CASSGGVGPNNEQFF	TRBV6-5	TRBJ2-1
CASSSTGGKTQPQHF	TRBV28	TRBJ1-5
CASSLDAGYEQYF	TRBV11-2	TRBJ2-7
CASSQEKGITGELFF	TRBV14	TRBJ2-2
CAWSYTGELFF	TRBV30	TRBJ2-2
CASSLMGGANQGYTF	TRBV27	TRBJ1-2
CSARDYLSDRLHEKLFF	TRBV20-1	TRBJ1-4
CASSPIAGRRDTQYF	TRBV3-1	TRBJ2-3
CASSFPGSTGELFF	TRBV13	TRBJ2-2
CSARDASGGAGTGELFF	TRBV20-1	TRBJ2-2
CASSPRREYTYEQYF	TRBV9	TRBJ2-7
CASSLPPEATNEKLFF	TRBV7-6	TRBJ1-4
CASSVTGPYGYTF	TRBV6-1	TRBJ1-2
CASSQDVRLDGYTF	TRBV4-1	TRBJ1-2
CASSPVRYEQYF	TRBV7-8	TRBJ2-7
CASSQHLGGLSAKNIQYF	TRBV4-3	TRBJ2-4
CASSLSRVYYEQYF	TRBV27	TRBJ2-7
CASSTSMGEAFF	TRBV19	TRBJ1-1
CASSQLGPSAYEQYF	TRBV16	TRBJ2-7
CASSLSTPQNEQFF	TRBV27	TRBJ2-1
CASSLGESGTGPHGYTF	TRBV7-9	TRBJ1-2
CASSKGRQNTEAFF	TRBV5-5	TRBJ1-1
CASSPDRGLSYGYTF	TRBV18	TRBJ1-2
CSARSYGGGSSYEQYF	TRBV20-1	TRBJ2-7
CASSQTSFSYNEQFF	TRBV4-1	TRBJ2-1
CASSPADGLNQPQHF	TRBV9	TRBJ1-5
CASSIGRLAGVTGELFF	TRBV19	TRBJ2-2
CASSPQAGGSYEQYF	TRBV12-4	TRBJ2-7
CASSLGPSTGSETQYF	TRBV5-6	TRBJ2-5
CASRQGRQETQYF	TRBV5-1	TRBJ2-5
CASSRAGSGEDTQYF	TRBV27	TRBJ2-3
CAISDTVYGYTF	TRBV10-3	TRBJ1-2
CASSLVAWLAENNEQFF	TRBV7-8	TRBJ2-1
CASSFQPSSYNEQFF	TRBV5-4	TRBJ2-1
CASREGTGIRETQYF	TRBV6-5	TRBJ2-5
CAISDLTGGRTEAFF	TRBV10-3	TRBJ1-1
CASRGLAGSYEQYF	TRBV5-5	TRBJ2-7
CSVEDQNGGATYNEQFF	TRBV29-1	TRBJ2-1
CASSFGGSTEAFF	TRBV12-4	TRBJ1-1
CASSSYGQGGYNEQFF	TRBV7-7	TRBJ2-1
CASLVVGFYNEQFF	TRBV7-9	TRBJ2-1
CASRLAGGGGEQFF	TRBV7-9	TRBJ2-1
CASSPRVQETQYF	TRBV19	TRBJ2-5
CASSTRDRRSEETQYF	TRBV27	TRBJ2-5
CASSSPYDDQLGDTQYF	TRBV28	TRBJ2-3
CASSIAHAGGLAKNIQYF	TRBV19	TRBJ2-4
CASSRLEGTGNTIYF	TRBV19	TRBJ1-3
CASSLGQGIYGYTF	TRBV27	TRBJ1-2
CASSQVWSGEYGYTF	TRBV4-1	TRBJ1-2
CASTLPRDTEAFF	TRBV7-9	TRBJ1-1
CASSLQGGFSNQPQHF	TRBV12-4	TRBJ1-5
CASSIYTDTQYF	TRBV9	TRBJ2-3
CASSGGPGDNEQFF	TRBV2	TRBJ2-1
CASKGPENIQYF	TRBV2	TRBJ2-4
CASSLWDTREQYF	TRBV5-1	TRBJ2-7
CASSPRGLDQQETQYF	TRBV18	TRBJ2-5
CATSREESGPYNEQFF	TRBV15	TRBJ2-1
CSARSWGVEAFF	TRBV20-1	TRBJ1-1
CASSLAALSGGELFF	TRBV27	TRBJ2-2
CASSLWTGTFNEQFF	TRBV12-3	TRBJ2-1
CASNQTQLWETQYF	TRBV7-2	TRBJ2-5
CASSSGLAGLNEQFF	TRBV7-9	TRBJ2-1
CASSPYGAEGSYNEQFF	TRBV13	TRBJ2-1
CASSQDASGYYNEQFF	TRBV3-1	TRBJ2-1
CASSYSNQFGHQPQHF	TRBV6-3	TRBJ1-5
CATSRVTEEKLFF	TRBV15	TRBJ1-4
CASSDSLGAFEQFF	TRBV2	TRBJ2-1
CASSPGGGNEQFF	TRBV13	TRBJ2-1
CASSLVMGEKLFF	TRBV6-5	TRBJ1-4
CASSDQGRQETQYF	TRBV2	TRBJ2-5
CASSQDRGSNQPQHF	TRBV4-1	TRBJ1-5
CASSQASGAGEKRSSYNEQFF	TRBV3-1	TRBJ2-1
CASSSRTGDQETQYF	TRBV5-4	TRBJ2-5
CASSLVGGFGFETQYF	TRBV11-2	TRBJ2-5
CASGLDSSSGNTIYF	TRBV12-5	TRBJ1-3
CTSVPAVTSGSGSPLHF	TRBV7-2	TRBJ1-6
CAWGSVRMISYNEQFF	TRBV30	TRBJ2-1
CASSADRDRGQPQHF	TRBV9	TRBJ1-5
CASSLVDSIGEQFF	TRBV27	TRBJ2-1
CASSLAGGPLETQYF	TRBV7-3	TRBJ2-5
CSARDHGGDYGYTF	TRBV20-1	TRBJ1-2
CASSLEPSYEQYF	TRBV7-2	TRBJ2-7
CASSPTGWTAFF	TRBV14	TRBJ1-1
CASSPTFYGYTF	TRBV27	TRBJ1-2
CSARVVSGGAPYEQYF	TRBV20-1	TRBJ2-7
CSLRTGEGSPLHF	TRBV20-1	TRBJ1-6
CAISGWRQGSYEQYF	TRBV10-3	TRBJ2-7
CASSYDLPRNTGELFF	TRBV6-3	TRBJ2-2
CAWSDSMWNEQFF	TRBV30	TRBJ2-1
CASSAGQGGVSETQYF	TRBV9	TRBJ2-5
CASSLQPSGGANTEAFF	TRBV7-9	TRBJ1-1
CASSLDSQSSGNTIYF	TRBV5-1	TRBJ1-3
CASSLGLAGGPGETQYF	TRBV7-9	TRBJ2-5
CASSEGQPQHF	TRBV2	TRBJ1-5
CASSTAGGSYEQYF	TRBV27	TRBJ2-7
CASSQTGGTSEKLFF	TRBV2	TRBJ1-4
CASSDGRAWELFF	TRBV2	TRBJ2-2
CSARDPGSTYEQYF	TRBV20-1	TRBJ2-7
CSASGSGVGTGELFF	TRBV20-1	TRBJ2-2
CASSSANDGYTF	TRBV12-4	TRBJ1-2
CASSTDTFGYGYTF	TRBV13	TRBJ1-2
CASTTHLVVGGPGANVLTF	TRBV27	TRBJ2-6
CASSIMNTEAFF	TRBV6-3	TRBJ1-1
CASIWTSGSQETQYF	TRBV2	TRBJ2-5
CANSFYFTGAPYNEQFF	TRBV7-8	TRBJ2-1
CATQSGGGNSPLHF	TRBV27	TRBJ1-6
CASSDLIQGVFFEQFF	TRBV19	TRBJ2-1
CASSPQEFENTEAFF	TRBV18	TRBJ1-1
CASSSVNGAFF	TRBV19	TRBJ1-1
CASRTNEAFPDTQYF	TRBV11-2	TRBJ2-3
CAISGQDRPGELFF	TRBV10-3	TRBJ2-2
CSVDVIANEQFF	TRBV29-1	TRBJ2-1
CASSISSGVAYEQFF	TRBV19	TRBJ2-1
CASSLAGTGYEQYF	TRBV27	TRBJ2-7
CAWSGGLAGGFSYNEQFF	TRBV30	TRBJ2-1
CSVLGGVSNQPQHF	TRBV29-1	TRBJ1-5
CASSPGQGVHGYTF	TRBV7-8	TRBJ1-2
CASSPIPGGSDTQYF	TRBV3-1	TRBJ2-3
CASSLAPGPYSGANVLTF	TRBV5-1	TRBJ2-6
CASSFGRGYQPQHF	TRBV5-6	TRBJ1-5
CAISEGNRGVTEAFF	TRBV10-3	TRBJ1-1
CASSLDKETQYF	TRBV7-9	TRBJ2-5
CASSAGTGGTGELFF	TRBV7-3	TRBJ2-2
CSARTVTYGYTF	TRBV20-1	TRBJ1-2
CASSVGGGNYNEQFF	TRBV9	TRBJ2-1
CASRARTGGLGYTF	TRBV27	TRBJ1-2
CSARPGQGIYEQYF	TRBV20-1	TRBJ2-7
CASKTGTLRTGPYEQYF	TRBV2	TRBJ2-7
CASISPSTEAFF	TRBV27	TRBJ1-1
CSATISGRPYNEQFF	TRBV20-1	TRBJ2-1
CASRLGTGGPSYGYTF	TRBV28	TRBJ1-2
CATSDRTSGRAKETQYF	TRBV24-1	TRBJ2-5
CASRDGPSPYF	TRBV6-6	TRBJ2-7
CASSLETGPDTQYF	TRBV5-6	TRBJ2-3
CSALIRDYNEQFF	TRBV20-1	TRBJ2-1
CASNQVTGTRAYGYTF	TRBV6-5	TRBJ1-2
CSAPPQGRTEAFF	TRBV29-1	TRBJ1-1
CAISEAGADRPQHF	TRBV10-3	TRBJ1-5
CASSQAYGAPLYNEQFF	TRBV4-3	TRBJ2-1
CASSFLRDGLYNEQFF	TRBV7-6	TRBJ2-1
CASSQPYGQPNTEAFF	TRBV4-1	TRBJ1-1
CATSRDLFETQYF	TRBV15	TRBJ2-5
CASSHPRTGRDMGGGANVLTF	TRBV4-1	TRBJ2-6
CASSLASGTDSYEQYF	TRBV7-9	TRBJ2-7
CASSSGTGWLGSNQPQHF	TRBV7-2	TRBJ1-5
CASSVRTTTGVGDYGYTF	TRBV9	TRBJ1-2
CSARDLPSGGPQQETQYF	TRBV20-1	TRBJ2-5
CASSQGLPAGNTEAFF	TRBV4-1	TRBJ1-1
CASSYSNAEAFF	TRBV6-3	TRBJ1-1
CASSQEALTGAKNIQYF	TRBV4-3	TRBJ2-4
CASSLRGTGTDTQYF	TRBV6-6	TRBJ2-3
CASSQENSLIYEQYF	TRBV4-1	TRBJ2-7
CASIPPGGTEAFF	TRBV9	TRBJ1-1
CSVILTDSTDTQYF	TRBV29-1	TRBJ2-3
CASSVRVASMTGELFF	TRBV9	TRBJ2-2
CASSVGTTGFSYNEQFF	TRBV2	TRBJ2-1
CASSQDRGTGQYF	TRBV4-3	TRBJ2-7
CASSPRPKTEAFF	TRBV11-3	TRBJ1-1
CSVDRVTGEQFF	TRBV29-1	TRBJ2-1
CASSGTGGGYTEAFF	TRBV9	TRBJ1-1
CASSVGGPSYEQYF	TRBV11-2	TRBJ2-7
CAIKPGQNSPLHF	TRBV10-3	TRBJ1-6
CASSQEFRADQPQHF	TRBV4-1	TRBJ1-5
CASSLTLAGNQPQHF	TRBV7-9	TRBJ1-5
CASGLVLPSSGGIAKNIQYF	TRBV12-5	TRBJ2-4
CASSGLAPEQFF	TRBV5-4	TRBJ2-1
CASSQDLAVQETQYF	TRBV3-1	TRBJ2-5
CASSPDSVNTGELFF	TRBV4-3	TRBJ2-2
CSARTGGDYGYTF	TRBV20-1	TRBJ1-2
CASSTRTGQETQYF	TRBV7-9	TRBJ2-5
CASRSYRNYGYTF	TRBV12-4	TRBJ1-2
CASSKEGDEQYF	TRBV7-2	TRBJ2-7
CASSYGNPNTGELFF	TRBV27	TRBJ2-2
CASSPRWDDPVVNAEAFF	TRBV28	TRBJ1-1
CASSYSNEGNGYTF	TRBV6-6	TRBJ1-2
CATSDFSNRQETQYF	TRBV24-1	TRBJ2-5
CSARVFGGDSQETQYF	TRBV20-1	TRBJ2-5
CASSQGINEQFF	TRBV4-1	TRBJ2-1
CSARGLSDSTHQPQHF	TRBV20-1	TRBJ1-5
CASSHFEGLDTQYF	TRBV12-4	TRBJ2-3
CSARDHRAEGQPQHF	TRBV20-1	TRBJ1-5
CSARDFRSPTNEKLFF	TRBV20-1	TRBJ1-4
CASSPITGTGIYGYTF	TRBV6-5	TRBJ1-2
CASAGNTEAFF	TRBV2	TRBJ1-1
CASQGQMNYGYTF	TRBV6-5	TRBJ1-2
CASSQVLGGDTGELFF	TRBV4-1	TRBJ2-2
CASSDGSGALETQYF	TRBV10-2	TRBJ2-5
CASSLDTDTQYF	TRBV5-1	TRBJ2-3
CASSFAVSTDTQYF	TRBV7-9	TRBJ2-3
CATTSGQKNTEAFF	TRBV6-1	TRBJ1-1
CASSQDLGLAGVTDTQYF	TRBV4-1	TRBJ2-3
CSASGGSSYNEQFF	TRBV20-1	TRBJ2-1
CSVPPRDRYNEQFF	TRBV20-1	TRBJ2-1
CASSYHDLGGAGSPLHF	TRBV7-9	TRBJ1-6
CASSPRTSQNIQYF	TRBV7-2	TRBJ2-4
CATSDFRGQHYGYTF	TRBV24-1	TRBJ1-2
CASSQGGTGIYGYTF	TRBV4-1	TRBJ1-2
CASSFGDHEAFF	TRBV5-1	TRBJ1-1
CSVEDRRPDEQFF	TRBV29-1	TRBJ2-1
CSARNREAEQFF	TRBV20-1	TRBJ2-1
CASSFQTGTGTYGYTF	TRBV6-5	TRBJ1-2
CAWSWGDSTNSPLHF	TRBV30	TRBJ1-6
CASSQDGGYTF	TRBV3-1	TRBJ1-2
CAWSVSGYNEQFF	TRBV30	TRBJ2-1
CASSESTSGGVTDTQYF	TRBV10-2	TRBJ2-3
CSVENTFEAFF	TRBV29-1	TRBJ1-1
CASSPGSKREGTQYF	TRBV9	TRBJ2-3
CASTTYFGGNQPQHF	TRBV2	TRBJ1-5
CASSYGGSYEQYF	TRBV6-3	TRBJ2-7
CASSAYSGTGPQPQHF	TRBV6-5	TRBJ1-5
CAIGENYGYTF	TRBV10-3	TRBJ1-2
CASSQGQGLLEAFF	TRBV4-1	TRBJ1-1
CASRIGTSLDNEQFF	TRBV7-9	TRBJ2-1
CSSRMENTGELFF	TRBV29-1	TRBJ2-2
CASNAGTGNEQYF	TRBV10-1	TRBJ2-7
CASSAGQGGGRTEAFF	TRBV19	TRBJ1-1
CSAPRTSSYNEQFF	TRBV20-1	TRBJ2-1
CSVDVRVADEQFF	TRBV29-1	TRBJ2-1
CASSVQAQGENYGYTF	TRBV9	TRBJ1-2
CASSPVGGDYGYTF	TRBV18	TRBJ1-2
CASSEARVYSPLHF	TRBV2	TRBJ1-6
CASSQGYTDTQYF	TRBV4-2	TRBJ2-3
CASSPSLGPNTGELFF	TRBV7-9	TRBJ2-2
CASSPSPSGDDEKLFF	TRBV12-3	TRBJ1-4
CSVRQGSGNQPQHF	TRBV29-1	TRBJ1-5
CASSISTGNEQFF	TRBV28	TRBJ2-1
CATGWGNTEAFF	TRBV15	TRBJ1-1
CASRPQTGTIYGYTF	TRBV6-5	TRBJ1-2
CASSSLTGLHEQYF	TRBV7-6	TRBJ2-7
CASSRGTGPFSYEQYF	TRBV7-8	TRBJ2-7
CASALIQGVYTF	TRBV19	TRBJ1-2
CSVYSGMDTQYF	TRBV29-1	TRBJ2-3
CAWTGTGKIGWDSPLHF	TRBV30	TRBJ1-6
CASSLAESATGELFF	TRBV5-8	TRBJ2-2
CASSSRQGNLIDEQYF	TRBV9	TRBJ2-7
CASSREGEQFF	TRBV12-3	TRBJ2-1
CASSLWSDHSNQPQHF	TRBV7-8	TRBJ1-5
CASKLTTMTEAFF	TRBV19	TRBJ1-1
CASSTTRSTLNEQFF	TRBV19	TRBJ2-1
CASSFGNEQFF	TRBV5-1	TRBJ2-1
CATSDPLAAAYEQYF	TRBV24-1	TRBJ2-7
CASSLRGLAGNEQFF	TRBV7-3	TRBJ2-1
CASSPSAWADTQYF	TRBV7-9	TRBJ2-3
CSAPTGTNEKLFF	TRBV20-1	TRBJ1-4
CASSHGTGYNSPLHF	TRBV19	TRBJ1-6
CASSLVGQSGNTIYF	TRBV7-8	TRBJ1-3
CASSVESGSAYEQYF	TRBV9	TRBJ2-7
CASSYGLADYTTGELFF	TRBV5-1	TRBJ2-2
CASSLGRNYGYTF	TRBV5-6	TRBJ1-2
CASSRQSNTEAFF	TRBV4-1	TRBJ1-1
CASTPGTGALTDTQYF	TRBV9	TRBJ2-3
CASSQALWGEPRNTEAFF	TRBV4-1	TRBJ1-1
CASSLIGRGTYEQYF	TRBV7-2	TRBJ2-7
CASSLERGLDTQYF	TRBV5-1	TRBJ2-3
CSAQWTPGGNQPQHF	TRBV20-1	TRBJ1-5
CAIPGRATGELFF	TRBV7-9	TRBJ2-2
CASSIDLEAFF	TRBV7-9	TRBJ1-1
CASGLHVGTGGADTQYF	TRBV12-5	TRBJ2-3
CSVDGTMETQYF	TRBV29-1	TRBJ2-5
CASSWGWSYEQYF	TRBV27	TRBJ2-7
CASSIRGGEKLFF	TRBV6-3	TRBJ1-4
CASNPTGVGDEKLFF	TRBV11-2	TRBJ1-4
CASSPSGRYNEQFF	TRBV3-1	TRBJ2-1
CASSGAGAMLGANVLTF	TRBV2	TRBJ2-6
CAWSVVAGGEGQFF	TRBV30	TRBJ2-1
CASSHGAGDTDTQYF	TRBV4-1	TRBJ2-3
CASRDKAAQDEKLFF	TRBV4-1	TRBJ1-4
CASSEGTDPQETQYF	TRBV6-1	TRBJ2-5
CASSHRYFYGYTF	TRBV7-9	TRBJ1-2
CASSLGVYEQYF	TRBV5-1	TRBJ2-7
CAWSATYASTIYGYTF	TRBV30	TRBJ1-2
CASSLDLRTSGGIYTDTQYF	TRBV11-2	TRBJ2-3
CSARDLLAGGYTGELFF	TRBV20-1	TRBJ2-2
CASSLRDRLITGANVLTF	TRBV5-4	TRBJ2-6
CASSPGQAAYSGNTIYF	TRBV7-9	TRBJ1-3
CASSPSSWDRPGTGELFF	TRBV27	TRBJ2-2
CASSARGQGRPGELFF	TRBV5-6	TRBJ2-2
CASSQDPVRSNEKLFF	TRBV4-3	TRBJ1-4
CASSLGPDLNTEAFF	TRBV5-1	TRBJ1-1
CASSSNRDRVYNEQFF	TRBV5-1	TRBJ2-1
CASREIQGSGANVLTF	TRBV7-9	TRBJ2-6
CATSRVQQENEKLFF	TRBV15	TRBJ1-4
CASSGGDRQLNEQFF	TRBV12-3	TRBJ2-1
CASSQTMTEGTPEKLFF	TRBV3-1	TRBJ1-4
CASRVGLAGNNEQFF	TRBV27	TRBJ2-1
CASRPAGLAYEQYF	TRBV28	TRBJ2-7
CASSVVERAFF	TRBV12-3	TRBJ1-1
CASTQLEGTQYF	TRBV7-9	TRBJ2-5
CASSELAGGQETQYF	TRBV6-1	TRBJ2-5
CASMTGSTEAFF	TRBV27	TRBJ1-1
CASSTTASSYNEQFF	TRBV6-5	TRBJ2-1
CATSSGANTGELFF	TRBV15	TRBJ2-2
CASSVGQDYEQYF	TRBV9	TRBJ2-7
CASRVQMENEKLFF	TRBV19	TRBJ1-4
CASSLGGDSPLHF	TRBV7-6	TRBJ1-6
CSAIGDSPFHEQFF	TRBV20-1	TRBJ2-1
CASSIGYGYTF	TRBV19	TRBJ1-2
CASSLEEGRRDEQYF	TRBV7-8	TRBJ2-7
CASTRTSGKDTQYF	TRBV12-4	TRBJ2-3
CAISDPGLAGGGGEQFF	TRBV10-3	TRBJ2-1
CASSRRGTGELFF	TRBV28	TRBJ2-2
CASSSSGTTKQPQHF	TRBV7-9	TRBJ1-5
CSARDLHRPGNTIYF	TRBV20-1	TRBJ1-3
CSVGNEQFF	TRBV29-1	TRBJ2-1
CASTLAEGTDTQYF	TRBV28	TRBJ2-3
CASSWQGTSYEQYF	TRBV4-1	TRBJ2-7
CATTSGTYDNEQFF	TRBV24-1	TRBJ2-1
CAWSTLGQVNYGYTF	TRBV30	TRBJ1-2
CASSEEKGYYTDTQYF	TRBV6-1	TRBJ2-3
CASSWSQGVYEKLFF	TRBV27	TRBJ1-4
CASSLGGYNEQFF	TRBV7-2	TRBJ2-1
CASSFANSGANVLTF	TRBV12-4	TRBJ2-6
CASSPGGRTDNPHTDTQYF	TRBV18	TRBJ2-3
CASSEVAGSPGELFF	TRBV27	TRBJ2-2
CASSILGGGYNEQFF	TRBV19	TRBJ2-1
CASSEGGTGYIHEQFF	TRBV2	TRBJ2-1
CASSYRGQGAADTQYF	TRBV6-3	TRBJ2-3
CSAPGQGVAEQYF	TRBV20-1	TRBJ2-7
CASSLDRAEQYF	TRBV7-6	TRBJ2-7
CASSRREASGNTIYF	TRBV6-6	TRBJ1-3
CSARDLAAYNSPLHF	TRBV20-1	TRBJ1-6
CASTRWVAGGKGDEQFF	TRBV9	TRBJ2-1
CASSFSYTGHYGYTF	TRBV7-9	TRBJ1-2
CASSFTSSRTDTQYF	TRBV7-2	TRBJ2-3
CSARDLGGPTYNEQFF	TRBV20-1	TRBJ2-1
CASSGMSSYEQYF	TRBV12-3	TRBJ2-7
CASSKMGQGSEQYF	TRBV25-1	TRBJ2-7
CASSGGGASYNEQFF	TRBV12-4	TRBJ2-1
CASSRAGQGHGHLDGSGNTIYF	TRBV6-1	TRBJ1-3
CASSQRDRGSDTQYF	TRBV4-3	TRBJ2-3
CSARTSQETQYF	TRBV20-1	TRBJ2-5
CASRTGGQPQHF	TRBV27	TRBJ1-5
CASSTEETQYF	TRBV19	TRBJ2-5
CASSQDEGELKLFF	TRBV4-1	TRBJ1-4
CASSEGTSGPDTQYF	TRBV9	TRBJ2-3
CASSYSGSDTQYF	TRBV6-5	TRBJ2-3
CASSFRLARIYEQYF	TRBV18	TRBJ2-7
CASSLASDGPQETQYF	TRBV5-1	TRBJ2-5
CASTLITGELFF	TRBV28	TRBJ2-2
CASSPFAGGPADTQYF	TRBV11-2	TRBJ2-3
CASSEYSGGGQPQHF	TRBV6-4	TRBJ1-5
CASSSRDGTYEQYF	TRBV2	TRBJ2-7
CASSQPGQPQETQYF	TRBV4-1	TRBJ2-5
CASSEWTGYQPQHF	TRBV6-1	TRBJ1-5
CASSTGRSSYNEQFF	TRBV27	TRBJ2-1
CASSEVWGREVSLPSTDTQYF	TRBV6-1	TRBJ2-3
CASSVDGGDPPWELFF	TRBV9	TRBJ2-2
CASSSRTSGGAGQFF	TRBV13	TRBJ2-1
CASSYLSDLRYNEQFF	TRBV6-5	TRBJ2-1
CASSQDSGIGTGELFF	TRBV3-1	TRBJ2-2
CASSPGGAQETQYF	TRBV27	TRBJ2-5
CAISGGAGGPGEQFF	TRBV10-3	TRBJ2-1
CASSLGTSGIYEQYF	TRBV14	TRBJ2-7
CASSIYRGLNEKLFF	TRBV6-6	TRBJ1-4
CASSPGTINYGYTF	TRBV12-4	TRBJ1-2
CASSDRQGVTEAFF	TRBV25-1	TRBJ1-1
CASSLGLGTSNEQFF	TRBV7-6	TRBJ2-1
CASSQDPGYEQYF	TRBV3-1	TRBJ2-7
CASSLSGGRGDTQYF	TRBV27	TRBJ2-3
CASSFNGQSNQPQHF	TRBV5-4	TRBJ1-5
CSASPPTGEYEQYF	TRBV20-1	TRBJ2-7
CASSADMGTEAFF	TRBV7-8	TRBJ1-1
CATSARDRGISPLHF	TRBV15	TRBJ1-6
CASSLDGTEYYNEQFF	TRBV5-4	TRBJ2-1
CASSLSGGINEQYF	TRBV27	TRBJ2-7
CASSLRQAYNEQFF	TRBV5-6	TRBJ2-1
CSARDLWGVNYGYTF	TRBV20-1	TRBJ1-2
CASSPGPAKDTQYF	TRBV7-9	TRBJ2-3
CASSEGQGHTEAFF	TRBV10-1	TRBJ1-1
CASSYVNEQFF	TRBV6-5	TRBJ2-1
CASSQSLNYGYTF	TRBV14	TRBJ1-2
CATSDGGQPYSNQPQHF	TRBV24-1	TRBJ1-5
CASSESSPRGGSFF	TRBV10-2	TRBJ2-1
CASSYQTGELFF	TRBV7-2	TRBJ2-2
CASSFTDTQYF	TRBV12-4	TRBJ2-3
CASSLWVENYGYTF	TRBV12-3	TRBJ1-2
CASSLSMGGAGELFF	TRBV27	TRBJ2-2
CASSYRGGSGANVLTF	TRBV6-3	TRBJ2-6
CASSYGRSYGYTF	TRBV6-5	TRBJ1-2
CSARGDRSYEQYF	TRBV20-1	TRBJ2-7
CASSQEKSRVGANVLTF	TRBV3-1	TRBJ2-6
CASSPQGVSSGNTIYF	TRBV28	TRBJ1-3
CSAPGWDTEAFF	TRBV29-1	TRBJ1-1
CASSQVFRSAGPQPQHF	TRBV4-1	TRBJ1-5
CASSPVRGSTDTQYF	TRBV6-6	TRBJ2-3
CSAIRTGGHNSPLHF	TRBV20-1	TRBJ1-6
CASSLGSGGPNEQFF	TRBV5-1	TRBJ2-1
CASRSQEGAEAFF	TRBV13	TRBJ1-1
CASSQASNQPQHF	TRBV27	TRBJ1-5
CASSYLQDFTDTQYF	TRBV7-9	TRBJ2-3
CASSLGLGGYTF	TRBV5-8	TRBJ1-2
CASSSVNEQFF	TRBV11-1	TRBJ2-1
CASSLSPGDSEKLFF	TRBV7-9	TRBJ1-4
CASSFSGQPKAFF	TRBV12-3	TRBJ1-1
CASSYSYRVELFF	TRBV6-3	TRBJ1-4
CASSFGQGANTEAFF	TRBV5-1	TRBJ1-1
CASSFAPGTANTGELFF	TRBV28	TRBJ2-2
CASSELQGAQDISPLHF	TRBV12-3	TRBJ1-6
CASSQDPLLGFYGYTF	TRBV4-2	TRBJ1-2
CASSQDHYGVSGNTIYF	TRBV4-3	TRBJ1-3
CASSQDGGTYTQYF	TRBV14	TRBJ2-3
CASSLDVDSYNEQFF	TRBV7-9	TRBJ2-1
CASSMGTGINEQFF	TRBV19	TRBJ2-1
CASSLFGDNEKLFF	TRBV7-8	TRBJ1-4
CSAPTPTRGGYTF	TRBV29-1	TRBJ1-2
CSARGASSYEQYF	TRBV20-1	TRBJ2-7
CASSLVSGGEETQYF	TRBV12-4	TRBJ2-5
CASSHIPGRETQYF	TRBV7-9	TRBJ2-5
CASSTPGQGARGYTF	TRBV9	TRBJ1-2
CASSEIGQGGTDTQYF	TRBV2	TRBJ2-3
CASSIDWTSGGLFNEQFF	TRBV19	TRBJ2-1
CASSDSWGTEAFF	TRBV6-4	TRBJ1-1
CASTRDITGGNTEAFF	TRBV9	TRBJ1-1
CASSSRGRRDPGELFF	TRBV28	TRBJ2-2
CASSDGDSPYNEQFF	TRBV10-1	TRBJ2-1
CASGFTGGRNTEAFF	TRBV12-5	TRBJ1-1
CASGWDPRSGNTIYF	TRBV13	TRBJ1-3
CASSSWTGGYEQYF	TRBV7-3	TRBJ2-7
CASSRPGLAGDFGTDTQYF	TRBV2	TRBJ2-3
CSVLSGVTYNEQFF	TRBV29-1	TRBJ2-1
CASSQAQLWETQYF	TRBV7-2	TRBJ2-5
CASSRLGDTQYF	TRBV4-2	TRBJ2-3
CSARPKRGVEQYF	TRBV20-1	TRBJ2-7
CASSTGLAGGPDTGELFF	TRBV7-8	TRBJ2-2
CSVEGYSATYNEQFF	TRBV29-1	TRBJ2-1
CASSGGDRGTEAFF	TRBV2	TRBJ1-1
CATSSSNYGYTF	TRBV15	TRBJ1-2
CASSNSGSSYNSPLHF	TRBV19	TRBJ1-6
CASSTRPGQGVEEQYF	TRBV19	TRBJ2-7
CASTYGSYGYTF	TRBV12-3	TRBJ1-2
CASSFGQGGGYTF	TRBV7-9	TRBJ1-2
CASSVAGGPAVTDTQYF	TRBV5-1	TRBJ2-3
CASSTTGANTEAFF	TRBV12-3	TRBJ1-1
CASSQDRGAYNEQFF	TRBV4-3	TRBJ2-1
CASALTGPRGYTF	TRBV6-5	TRBJ1-2
CSAAGTSGRTDTQYF	TRBV20-1	TRBJ2-3
CASSQTENTGELFF	TRBV4-1	TRBJ2-2
CATQRRGGYYNEQFF	TRBV10-3	TRBJ2-1
CASSYEISGEGKNTGELFF	TRBV6-3	TRBJ2-2
CASSLGRTENSPLHF	TRBV13	TRBJ1-6
CSAVEGTSGGAYNEQFF	TRBV20-1	TRBJ2-1
CASSIAWQPQHF	TRBV19	TRBJ1-5
CASSTDPRGYNEQFF	TRBV19	TRBJ2-1
CASSWTGGYTF	TRBV11-2	TRBJ1-2
CASSFAGTYEAFF	TRBV27	TRBJ1-1
CASSWSGGSYEQYF	TRBV7-9	TRBJ2-7
CASSIGNSGYTF	TRBV19	TRBJ1-2
CSAGGLAGRDTQYF	TRBV20-1	TRBJ2-3
CASGLNTRYVGGTEAFF	TRBV12-5	TRBJ1-1
CASSIVGGRREQFF	TRBV19	TRBJ2-1
CASSPDLNNDPNYGYTF	TRBV18	TRBJ1-2
CASSYSSGGGETQYF	TRBV6-5	TRBJ2-5
CASSQDRLNTGELFF	TRBV4-1	TRBJ2-2
CASSLKGEKLFF	TRBV28	TRBJ1-4
CASSQDLEDNQPQHF	TRBV3-1	TRBJ1-5
CATSREVVDDGYTF	TRBV15	TRBJ1-2
CASSHLRFTQYF	TRBV4-1	TRBJ2-3
CSARNNQGEAQPQHF	TRBV20-1	TRBJ1-5
CASSFGGGTYEQYF	TRBV11-2	TRBJ2-7
CASSLEVTGLNTEAFF	TRBV5-5	TRBJ1-1
CASSFRTGETNYGYTF	TRBV5-1	TRBJ1-2
CSVQGGTYNEQFF	TRBV29-1	TRBJ2-1
CSVEGLADLTSYNEQFF	TRBV29-1	TRBJ2-1
CASSEQTGTNEQYF	TRBV27	TRBJ2-7
CSADGLSTDTQYF	TRBV20-1	TRBJ2-3
CASSVSGSNQPQHF	TRBV9	TRBJ1-5
CASSLSSRLGVNEQFF	TRBV28	TRBJ2-1
CASSYSLLAAQETQYF	TRBV6-5	TRBJ2-5
CSVAQGLAKNIQYF	TRBV29-1	TRBJ2-4
CSARVLAGGIHEQFF	TRBV20-1	TRBJ2-1
CASSSDPGAGELFF	TRBV11-2	TRBJ2-2
CASSSSSSHEQFF	TRBV7-9	TRBJ2-1
CASSSGGNNEQFF	TRBV19	TRBJ2-1
CASSATGGPTGELFF	TRBV19	TRBJ2-2
CSASDWGDSNQPQHF	TRBV20-1	TRBJ1-5
CASSLSPEGGGAGDGYTF	TRBV27	TRBJ1-2
CASGLPLAGGPYPYNEQFF	TRBV12-5	TRBJ2-1
CASSFTGPNTEAFF	TRBV11-2	TRBJ1-1
CASSLPGPKEQYF	TRBV7-9	TRBJ2-7
CASSLEGYSNQPQHF	TRBV5-5	TRBJ1-5
CSGAPPYNEQFF	TRBV29-1	TRBJ2-1
CASSYLTSGRFGADTQYF	TRBV6-5	TRBJ2-3
CASRTGNYGYTF	TRBV25-1	TRBJ1-2
CASSLSPPTYEQYF	TRBV27	TRBJ2-7
CASSQRGNTEAFF	TRBV3-1	TRBJ1-1
CSALPLTNPPHGANVLTF	TRBV20-1	TRBJ2-6
CASSQVVGADNEQFF	TRBV4-1	TRBJ2-1
CASSLGDGELFF	TRBV7-9	TRBJ2-2
CASSTYGEGLGLTYNEQFF	TRBV5-5	TRBJ2-1
CATSRVSYTDTQYF	TRBV15	TRBJ2-3
CASSLVVQRAGGEQYF	TRBV7-2	TRBJ2-7
CASSNAGTGDGWDYGYTF	TRBV27	TRBJ1-2
CAWSETLNTEAFF	TRBV30	TRBJ1-1
CSVEGWGGFYEQYF	TRBV29-1	TRBJ2-7
CASSLETGAYQPQHF	TRBV7-6	TRBJ1-5
CASSADLYNEQFF	TRBV9	TRBJ2-1
CASSQDHGGSSYGYTF	TRBV3-1	TRBJ1-2
CASSYRTSGINTQYF	TRBV5-1	TRBJ2-3
CASSTGPEQFF	TRBV27	TRBJ2-1
CASTRTLFANEQFF	TRBV28	TRBJ2-1
CASSQIQGQGAYEQYF	TRBV4-1	TRBJ2-7
CASSPGTAPGDYGYTF	TRBV11-2	TRBJ1-2
CASSLAETGDGYTF	TRBV5-1	TRBJ1-2
CASSLWYGQSSYNEQFF	TRBV7-2	TRBJ2-1
CASGLVLSWGSRTSGRLDEQFF	TRBV12-5	TRBJ2-1
CASSVELEVYNEQFF	TRBV9	TRBJ2-1
CASSVATGTYEQYF	TRBV9	TRBJ2-7
CASSAGGGSYNEQFF	TRBV4-1	TRBJ2-1
CASSIGTNTEAFF	TRBV19	TRBJ1-1
CSVVGTINVQFF	TRBV29-1	TRBJ2-1
CASSLGGAGETQYF	TRBV7-2	TRBJ2-5
CASSGRTLSHYGYTF	TRBV6-3	TRBJ1-2
CASSLGSGELFF	TRBV12-3	TRBJ2-2
CSVRENHNEQFF	TRBV20-1	TRBJ2-1
CASSSSTGTLYGYTF	TRBV6-3	TRBJ1-2
CASSLGQGPSYEQYF	TRBV7-8	TRBJ2-7
CASSVDGRGGADTQYF	TRBV9	TRBJ2-3
CASSPQWTLYGYTF	TRBV18	TRBJ1-2
CASTPGDEQYF	TRBV25-1	TRBJ2-7
CASSPGGGVYGYTF	TRBV27	TRBJ1-2
CASSTGTGQPQHF	TRBV27	TRBJ1-5
CASSQVILGFGNEQFF	TRBV4-3	TRBJ2-1
CASSLAPRTVGMNTEAFF	TRBV5-1	TRBJ1-1
CASSPPRQGANTEAFF	TRBV4-1	TRBJ1-1
CASSWTGDNEQFF	TRBV6-2	TRBJ2-1
CASSLLFGGEGQETQYF	TRBV7-6	TRBJ2-5
CASSYRDTGELFF	TRBV6-2	TRBJ2-2
CASSPGLGWPQHF	TRBV18	TRBJ1-5
CASSLIEASGGFEQFF	TRBV7-8	TRBJ2-1
CASSASGGETDTQYF	TRBV9	TRBJ2-3
CSARDRDTEAFF	TRBV20-1	TRBJ1-1
CSVEGEFNYGYTF	TRBV29-1	TRBJ1-2
CSVGTGISNQPQHF	TRBV29-1	TRBJ1-5
CASSLFRSYEQYF	TRBV11-2	TRBJ2-7
CASSLVWAPRDYGYTF	TRBV12-4	TRBJ1-2
CASSPWEGGGELFF	TRBV7-9	TRBJ2-2
CASSGLLSGTDTQYF	TRBV27	TRBJ2-3
CASSWGTGEPEAFF	TRBV5-5	TRBJ1-1
CASSSELGRGNEQFF	TRBV7-9	TRBJ2-1
CASRLGGEQYF	TRBV19	TRBJ2-7
CASGLVLRGAYNEQFF	TRBV12-5	TRBJ2-1
CASSFTTNEKLFF	TRBV5-1	TRBJ1-4
CASSDISSGELFF	TRBV6-4	TRBJ2-2
CASSRGGIASGANVLTF	TRBV7-7	TRBJ2-6
CASSQASHQPQHF	TRBV4-1	TRBJ1-5
CASRWDRSNTGELFF	TRBV5-6	TRBJ2-2
CASSFGGEQFF	TRBV27	TRBJ2-1
CASSYGQGTGELFF	TRBV6-5	TRBJ2-2
CASSRRGSGSEQYF	TRBV11-1	TRBJ2-7
CASSPGTGNYNEQFF	TRBV5-5	TRBJ2-1
CASTAEGFHTDTQYF	TRBV2	TRBJ2-3
CASSLGQGDWGEQFF	TRBV5-1	TRBJ2-1
CASSLVPGIAEAFF	TRBV14	TRBJ1-1
CASSLPNEQFF	TRBV5-1	TRBJ2-1
CASSLNRDIQYF	TRBV7-8	TRBJ2-5
CASSPSWYNEQFF	TRBV2	TRBJ2-1
CSARGSGRMSSYNSPLHF	TRBV20-1	TRBJ1-6
CASSQFRTSLSYEQYF	TRBV3-1	TRBJ2-7
CASRLAGGRDEQFF	TRBV4-1	TRBJ2-1
CASRATGGETEAFF	TRBV27	TRBJ1-1
CASSFRGSGNTIYF	TRBV13	TRBJ1-3
CATSRVGQTPYGYTF	TRBV15	TRBJ1-2
CASSLSMGEKLFF	TRBV27	TRBJ1-4
CAISHTDRGPTYEQYF	TRBV10-3	TRBJ2-7
CASSYSAGRDNEQFF	TRBV6-5	TRBJ2-1
CASSRGGVGDTQYF	TRBV12-4	TRBJ2-3
CASSLVEGGLAGSYNEQFF	TRBV7-6	TRBJ2-1
CASSETGYGYTF	TRBV3-1	TRBJ1-2
CSVEDYGRVETQYF	TRBV29-1	TRBJ2-5
CASSQDWGDKTYEQYF	TRBV4-3	TRBJ2-7
CASTGTGNYEQYF	TRBV5-1	TRBJ2-7
CSGKRDTSWTDTQYF	TRBV29-1	TRBJ2-3
CASSFRDRPYEQYF	TRBV5-5	TRBJ2-7
CASSESSGGRNNEQFF	TRBV2	TRBJ2-1
CASTKGFSGGASLYEQYF	TRBV10-2	TRBJ2-7
CASSVAAGNTGELFF	TRBV9	TRBJ2-2
CASKADPNTEAFF	TRBV12-4	TRBJ1-1
CASSLAPGGNTEAFF	TRBV5-1	TRBJ1-1
CAWSVVRKGTEAFF	TRBV30	TRBJ1-1
CASSGGQEDYGYTF	TRBV13	TRBJ1-2
CASSLRSGAGVAQIPQYF	TRBV7-6	TRBJ2-3
CSARGLADFVDTQYF	TRBV20-1	TRBJ2-3
CATPGQEADTQYF	TRBV6-1	TRBJ2-3
CASNPRIRARTDTQYF	TRBV6-6	TRBJ2-3
CASSHPPRWDGYTF	TRBV7-9	TRBJ1-2
CASSFGPRAGTTGELFF	TRBV7-3	TRBJ2-2
CASSLVAGGRDEQFF	TRBV5-1	TRBJ2-1
CASSYTLTGLNTEAFF	TRBV12-3	TRBJ1-1
CASGFGANTWDTQYF	TRBV12-5	TRBJ2-3
CSARTGRESTYYGYTF	TRBV20-1	TRBJ1-2
CASSLTRRYTF	TRBV5-6	TRBJ1-2
CASSPITGTGAYGYTF	TRBV6-5	TRBJ1-2
CASREGGTSYEQYF	TRBV2	TRBJ2-7
CASSYISGGNQPQHF	TRBV6-3	TRBJ1-5
CASSLSGTGGANYGYTF	TRBV7-9	TRBJ1-2
CASSDRGGLYEQYF	TRBV6-1	TRBJ2-7
CASSQGAGELFF	TRBV12-4	TRBJ2-2
CASSLPGQGENTEAFF	TRBV2	TRBJ1-1
CASSIGMGDWAFF	TRBV7-9	TRBJ1-1
CASSSDAGFSAEKLFF	TRBV7-9	TRBJ1-4
CASSARDTSYEQYF	TRBV19	TRBJ2-7
CASRLSDYNSPLHF	TRBV13	TRBJ1-6
CASSQDLGQGIFYGYTF	TRBV4-1	TRBJ1-2
CASMDREGPDTQYF	TRBV5-1	TRBJ2-3
CASLDSSSRYNSPLHF	TRBV19	TRBJ1-6
CASSPWGREQFF	TRBV9	TRBJ2-1
CASSLSRQPQHF	TRBV13	TRBJ1-5
CASSLEFGQGASSYEQYF	TRBV7-9	TRBJ2-7
CASSDYGLAGEQFF	TRBV6-4	TRBJ2-1
CSARNTGELFF	TRBV20-1	TRBJ2-2
CSARSGTGELFF	TRBV20-1	TRBJ2-2
CSARGGGDLYEQYF	TRBV20-1	TRBJ2-7
CASSIGTSGNNEQFF	TRBV19	TRBJ2-1
CASPPRHKYLPGETQYF	TRBV27	TRBJ2-5
CASSIVAGAYNEQFF	TRBV19	TRBJ2-1
CASSSDGGLWDTEAFF	TRBV11-2	TRBJ1-1
CAISVAARGEQFF	TRBV10-3	TRBJ2-1
CASSSPDRQREETQYF	TRBV7-6	TRBJ2-5
CASSDLHEQYF	TRBV6-1	TRBJ2-7
CSASSLTSGGAPEQYF	TRBV20-1	TRBJ2-7
CASSLGDSGNQPQHF	TRBV7-2	TRBJ1-5
CASSLSKGLSSPLHF	TRBV27	TRBJ1-6
CATSDLPGQSNTGELFF	TRBV24-1	TRBJ2-2
CSARESGAGLAGIDTQYF	TRBV20-1	TRBJ2-3
CASRTGGNSPLHF	TRBV19	TRBJ1-6
CATSDSPEGGYTF	TRBV24-1	TRBJ1-2
CATSRDDGQGYQPQHF	TRBV15	TRBJ1-5
CASSLASVYGYTF	TRBV5-5	TRBJ1-2
CASSPRLMGTNTEAFF	TRBV6-5	TRBJ1-1
CATSRDVRSGGSYEQYF	TRBV15	TRBJ2-7
CASSPEGQTYNSPLHF	TRBV2	TRBJ1-6
CASSLARTEETQYF	TRBV5-1	TRBJ2-5
CASSQETQYF	TRBV3-1	TRBJ2-5
CASSLETSTSTDTQYF	TRBV5-1	TRBJ2-3
CASSLADRVYEQYF	TRBV12-4	TRBJ2-7
CASTKIDRTVNNEQFF	TRBV6-3	TRBJ2-1
CASMTGARGDYGYTF	TRBV19	TRBJ1-2
CASSLLNTGELFF	TRBV7-6	TRBJ2-2
CASRSRGAWETQYF	TRBV7-9	TRBJ2-5
CASSFDGSYNEQFF	TRBV5-4	TRBJ2-1
CASSSRTSGRFYEQYF	TRBV12-3	TRBJ2-7
CASSIGLAGGSLRPKSYEQYF	TRBV19	TRBJ2-7
CASSRLAGASTDTQYF	TRBV7-3	TRBJ2-3
CASSPGRPSYGYTF	TRBV18	TRBJ1-2
CSVTFETGHTQYF	TRBV29-1	TRBJ2-3
CASSPGRNTEAFF	TRBV4-3	TRBJ1-1
CASRGLQGANEQYF	TRBV10-2	TRBJ2-7
CASSLPWSNQPQHF	TRBV19	TRBJ1-5
CASSQGPGQGANYGYTF	TRBV4-1	TRBJ1-2
CASGLQHLREPRNEQFF	TRBV12-5	TRBJ2-1
CASSLALSHEQFF	TRBV7-9	TRBJ2-1
CASSPGTGDSLGELFF	TRBV7-9	TRBJ2-2
CASSRVQVTGTGVRTYGYTF	TRBV4-2	TRBJ1-2
CASSWGTGGTDTQYF	TRBV19	TRBJ2-3
CATSREGPNQPQHF	TRBV15	TRBJ1-5
CASSADTVYNEQFF	TRBV7-9	TRBJ2-1
CASSLRGQGFYEQFF	TRBV5-4	TRBJ2-1
CASSDLQCCDTEAFF	TRBV5-1	TRBJ1-1
CASSSTDADEQYF	TRBV7-8	TRBJ2-7
CASSLSPGGSYEQYF	TRBV27	TRBJ2-7
CAVGRGATEAFF	TRBV27	TRBJ1-1
CASSLGQGSNEQYF	TRBV5-1	TRBJ2-7
CASSPNGGLHEKLFF	TRBV27	TRBJ1-4
CASSLQTGATFNYGYTF	TRBV6-5	TRBJ1-2
CASSLVPGAYEQYF	TRBV12-4	TRBJ2-7
CASSLQDMNTEAFF	TRBV6-5	TRBJ1-1
CASGLSQGFTF	TRBV12-5	TRBJ1-2
CSVEDLRNYGYTF	TRBV29-1	TRBJ1-2
CASSVGAVTYNEQFF	TRBV9	TRBJ2-1
CASSTAWTSGSYEQFF	TRBV19	TRBJ2-1
CASSVEPTGGLRNSPLHF	TRBV9	TRBJ1-6
CASSLGSGARELFF	TRBV27	TRBJ2-2
CATSGVAEAFF	TRBV24-1	TRBJ1-1
CSALRNTQYF	TRBV20-1	TRBJ2-3
CASSQGLRYYGYTF	TRBV6-5	TRBJ1-2
CASSQVLNSAIYF	TRBV4-1	TRBJ1-3
CASSLPTEQETQYF	TRBV7-9	TRBJ2-5
CATSPRTHGNEQFF	TRBV24-1	TRBJ2-1
CSARDRGWDEQFF	TRBV20-1	TRBJ2-1
CSVEGEGGSYEQYF	TRBV29-1	TRBJ2-7
CASSLVLADNEQFF	TRBV27	TRBJ2-1
CASSLQTGVRSYEQYF	TRBV6-5	TRBJ2-7
CSATPARASNTEAFF	TRBV20-1	TRBJ1-1
CASSYSLRYTEAFF	TRBV6-2	TRBJ1-1
CASTVQGGNEQFF	TRBV5-8	TRBJ2-1
CASSPSPDTYEQYF	TRBV5-8	TRBJ2-7
CASSSRGYNEQFF	TRBV7-6	TRBJ2-1
CASSPNKLMNTEAFF	TRBV28	TRBJ1-1
CASIGEGTYNDYGYTF	TRBV25-1	TRBJ1-2
CASSTGTAYGYTF	TRBV12-3	TRBJ1-2
CASSPRQGTGELFF	TRBV7-8	TRBJ2-2
CASSSPTGGQDKNIQYF	TRBV28	TRBJ2-4
CASSRAGTGGSETQYF	TRBV7-9	TRBJ2-5
CASSDKGADTQYF	TRBV27	TRBJ2-3
CASSQEEGGSPEAFF	TRBV3-1	TRBJ1-1
CSVELRNEQFF	TRBV29-1	TRBJ2-1
CAWSSYGVSNQPQHF	TRBV30	TRBJ1-5
CASSHSTGSSTEAFF	TRBV7-8	TRBJ1-1
CASSFRDSTGELFF	TRBV27	TRBJ2-2
CASRGGGELFF	TRBV9	TRBJ2-2
CSARGVEGYEQYF	TRBV20-1	TRBJ2-7
CASTLGANTGELFF	TRBV19	TRBJ2-2
CASSLEGGGSTDTQYF	TRBV7-8	TRBJ2-3
CASSLLTGQGSGTQYF	TRBV27	TRBJ2-3
CASSQDRVDGRPRTEAFF	TRBV3-1	TRBJ1-1
CASSQGYNEQFF	TRBV4-3	TRBJ2-1
CASSQGRGEQFF	TRBV4-1	TRBJ2-1
CATSDRGFSTGELFF	TRBV24-1	TRBJ2-2
CASSLTPGGETQYF	TRBV7-8	TRBJ2-5
CSAEVTGGVDEQFF	TRBV20-1	TRBJ2-1
CASSESADNSPLHF	TRBV2	TRBJ1-6
CASSQERGPYNEQFF	TRBV4-1	TRBJ2-1
CATSDGNTIYF	TRBV24-1	TRBJ1-3
CASSQSSGYGYTF	TRBV16	TRBJ1-2
CASSQSAGPRSYEQYF	TRBV3-1	TRBJ2-7
CASSTPWGGTSGATDTQYF	TRBV7-2	TRBJ2-3
CAISESPMSGGEKETQYF	TRBV10-3	TRBJ2-5
CASSEAAENQPQHF	TRBV2	TRBJ1-5
CASSQEGIGRVEAFF	TRBV3-1	TRBJ1-1
CASSQGHGQGAFSNSPLHF	TRBV4-3	TRBJ1-6
CASSQAGDNEQFF	TRBV4-1	TRBJ2-1
CASTVGIPLGTDTQYF	TRBV6-1	TRBJ2-3
CATSDGTPDSDPYEQYF	TRBV24-1	TRBJ2-7
CASSFTSGSTDTQYF	TRBV7-9	TRBJ2-3
CASSQDRSGGGYEQYF	TRBV3-1	TRBJ2-7
CSVDLRGPGHGYTF	TRBV29-1	TRBJ1-2
CASSLAGDIQYF	TRBV7-6	TRBJ2-4
CATEGDSADTQYF	TRBV19	TRBJ2-3
CASSQETSTYEQYF	TRBV4-3	TRBJ2-7
CSARDLTGPNYGYTF	TRBV20-1	TRBJ1-2
CSAIWEEKGENTEAFF	TRBV20-1	TRBJ1-1
CASSLGYQGEGETQYF	TRBV5-1	TRBJ2-5
CASSIDLGVGNEQFF	TRBV19	TRBJ2-1
CAIRTSGVETQYF	TRBV10-3	TRBJ2-5
CASSLQGAPEAFF	TRBV5-5	TRBJ1-1
CASSTPRQGSNTGELFF	TRBV2	TRBJ2-2
CASSLGTSGSYEQYF	TRBV4-1	TRBJ2-7
CASSSGTRRTDTQYF	TRBV27	TRBJ2-3
CASSIQTSGSYEQYF	TRBV4-3	TRBJ2-7
CASSPYLDIAGYEQYF	TRBV27	TRBJ2-7
CASSLGGQNSPLHF	TRBV27	TRBJ1-6
CASTSGDEQFF	TRBV25-1	TRBJ2-1
CASSMTGGPNQPQHF	TRBV19	TRBJ1-5
CASSPRVGETQYF	TRBV11-2	TRBJ2-5
CATRGGTGGDEQYF	TRBV5-1	TRBJ2-7
CSAKTPNYGYTF	TRBV20-1	TRBJ1-2
CSAEDRDTGELFF	TRBV20-1	TRBJ2-2
CASSIGVAGEKLFF	TRBV19	TRBJ1-4
CASSDLAGAGYNEQFF	TRBV6-4	TRBJ2-1
CASSFSGEQYF	TRBV28	TRBJ2-7
CASRRDFEGNTIYF	TRBV6-5	TRBJ1-3
CASSHGQGDQPQHF	TRBV27	TRBJ1-5
CATSDRTSATEAFF	TRBV24-1	TRBJ1-1
CASSLGETQYF	TRBV27	TRBJ2-5
CASSFVGQGGTEAFF	TRBV28	TRBJ1-1
CSVEGSGGFQETQYF	TRBV29-1	TRBJ2-5
CASSIFDVGDNEQFF	TRBV19	TRBJ2-1
CANSLAPGATNEKLFF	TRBV7-6	TRBJ1-4
CASSDNAADYTF	TRBV7-6	TRBJ1-2
CASRDGGQIDESQYF	TRBV25-1	TRBJ2-5
CSARVPSYNEQFF	TRBV20-1	TRBJ2-1
CASSPLNRDGYTF	TRBV7-9	TRBJ1-2
CASGSPLGTGNTEAFF	TRBV27	TRBJ1-1
CASSDREGSNQPQHF	TRBV6-4	TRBJ1-5
CASSFVNQPQHF	TRBV27	TRBJ1-5
CASSLLGYEQYF	TRBV7-2	TRBJ2-7
CASSLESSYNEQFF	TRBV19	TRBJ2-1
CASNEDPGLAGDNEQFF	TRBV18	TRBJ2-1
CASSSSGQGGTEAFF	TRBV13	TRBJ1-1
CASSYGTSRYNEQFF	TRBV19	TRBJ2-1
CASSGANTGELFF	TRBV5-6	TRBJ2-2
CASGYSAGYNSPLHF	TRBV19	TRBJ1-6
CASSQTQLWEIQYF	TRBV7-2	TRBJ2-5
CASSPRDTGANVLTF	TRBV13	TRBJ2-6
CSARDPSGLAGGLAETQYF	TRBV20-1	TRBJ2-5
CASSSDLNTEAFF	TRBV27	TRBJ1-1
CASSLEAGGQPQHF	TRBV7-3	TRBJ1-5
CASSWTQGSEQYF	TRBV5-6	TRBJ2-7
CASSLLNTEAFF	TRBV11-2	TRBJ1-1
CSASPTSGASPNEQFF	TRBV20-1	TRBJ2-1
CASSQEYPGQETQYF	TRBV14	TRBJ2-5
CASSLGGYRGYTF	TRBV11-2	TRBJ1-2
CASSLRGGKPQHF	TRBV5-5	TRBJ1-5
CASSPLGGREAFF	TRBV14	TRBJ1-1
CASSVAPGPNEQFF	TRBV9	TRBJ2-1
CASSIVHTYGSPLHF	TRBV19	TRBJ1-6
CASSLAPGQGPETQYF	TRBV27	TRBJ2-5
CASSLERGWETQYF	TRBV7-8	TRBJ2-5
CASSDKARGGYTF	TRBV2	TRBJ1-2
CASSDPFHNEQFF	TRBV2	TRBJ2-1
CSARDPLAGGANVLTF	TRBV20-1	TRBJ2-6
CASSLLWGELFF	TRBV27	TRBJ2-2
CAGGWGDEQFF	TRBV19	TRBJ2-1
CASKPRARQGSSYEQYF	TRBV10-3	TRBJ2-7
CASTLTGGTSGSSYEQYF	TRBV13	TRBJ2-7
CASSTSGQGQAFF	TRBV19	TRBJ1-1
CASSSLSGGRAFGELFF	TRBV19	TRBJ2-2
CASSAGAPEFNGYTF	TRBV27	TRBJ1-2
CATSEGDRVGEIRTDTQYF	TRBV24-1	TRBJ2-3
CSVGPGRPGYTF	TRBV29-1	TRBJ1-2
CASSLASGGQETQYF	TRBV12-3	TRBJ2-5
CATSRVADQFEQYF	TRBV15	TRBJ2-7
CASNQPGQGGFRLFF	TRBV6-1	TRBJ1-4
CASSKDIGGNYGYTF	TRBV2	TRBJ1-2
CASRAGHGSPGDTQYF	TRBV27	TRBJ2-3
CSASLLSYNEQFF	TRBV20-1	TRBJ2-1
CASSRPGRANEKLFF	TRBV13	TRBJ1-4
CASSYSNLEGEENTIYF	TRBV6-5	TRBJ1-3
CASSEQYNEQFF	TRBV19	TRBJ2-1
CASSQKRVNEQFF	TRBV4-1	TRBJ2-1
CASSGGQGPSEAFF	TRBV12-3	TRBJ1-1
CASSTRDRAPTGELFF	TRBV12-4	TRBJ2-2
CATSRSTGGLNQPQHF	TRBV15	TRBJ1-5
CATMEPGQGPDTQYF	TRBV27	TRBJ2-3
CASTPGQGAGELFF	TRBV19	TRBJ2-2
CASRDLSQTSTDTQYF	TRBV11-2	TRBJ2-3
CASRVSGSLSYNEQFF	TRBV27	TRBJ2-1
CASFGQHQDTQYF	TRBV11-3	TRBJ2-3
CASSSRLAGKGNEQFF	TRBV6-2	TRBJ2-1
CASSLTGENYEQYF	TRBV5-1	TRBJ2-7
CASSWSSNTEAFF	TRBV19	TRBJ1-1
CASSPSYNEQFF	TRBV27	TRBJ2-1
CAWSVGQVNEKLFF	TRBV30	TRBJ1-4
CASSLGFGGPTDTQYF	TRBV7-3	TRBJ2-3
CASSIGRGMDYEQYF	TRBV19	TRBJ2-7
CASNGQGARDGYTF	TRBV6-6	TRBJ1-2
CASSYSMGVDYGYTF	TRBV6-6	TRBJ1-2
CASSQEKGPGNQPQHF	TRBV4-1	TRBJ1-5
CASSLYTGELFF	TRBV7-3	TRBJ2-2
CASSMSVGFSNQPQHF	TRBV19	TRBJ1-5
CASSAGTAARTQYF	TRBV9	TRBJ2-5
CASSLGGPPVNEQFF	TRBV7-9	TRBJ2-1
CASSLAQASTDTQYF	TRBV7-9	TRBJ2-3
CASRYGDGVLGYGYTF	TRBV19	TRBJ1-2
CSDPSCRRKSGANVLTF	TRBV29-1	TRBJ2-6
CASSATGTSGGDLGELFF	TRBV9	TRBJ2-2
CASSSLGGKNYGYTF	TRBV7-9	TRBJ1-2
CASSFNVGDTGELFF	TRBV5-4	TRBJ2-2
CASSGGQIDTQYF	TRBV11-2	TRBJ2-3
CASLLGTGGYEQYF	TRBV6-1	TRBJ2-7
CSATDVTKGQLISGYTF	TRBV20-1	TRBJ1-2
CASSIDPGRVNSYEQYF	TRBV19	TRBJ2-7
CASSQVFGSSNTGELFF	TRBV14	TRBJ2-2
CASSPGTGVDPQHF	TRBV19	TRBJ1-5
CASSLAAGGAYGYTF	TRBV12-4	TRBJ1-2
CSARDPDVPGGNEQFF	TRBV20-1	TRBJ2-1
CASSSRQPNQETQYF	TRBV27	TRBJ2-5
CASWASLGGGGEAFF	TRBV2	TRBJ1-1
CASSPTSGANLNEQFF	TRBV3-1	TRBJ2-1
CASSQTVPGSGRYNEQFF	TRBV4-1	TRBJ2-1
CAERRQITNTGELFF	TRBV7-9	TRBJ2-2
CASSRTGPGETQYF	TRBV5-1	TRBJ2-5
CATSPGLAGAFQETQYF	TRBV24-1	TRBJ2-5
CASSGGTGSTDTQYF	TRBV5-1	TRBJ2-3
CATSSWTGGFDEQFF	TRBV15	TRBJ2-1
CASSHGGGMGQPQHF	TRBV12-4	TRBJ1-5
CASRAGTNQPQHF	TRBV12-4	TRBJ1-5
CASSYNDGLTDTQYF	TRBV6-5	TRBJ2-3
CASSSHDLAGVKSEQFF	TRBV7-9	TRBJ2-1
CASRFAGGNEKLFF	TRBV7-9	TRBJ1-4
CASSLEGPGSSGNTIYF	TRBV5-1	TRBJ1-3
CASSLSPSTVNTGELFF	TRBV27	TRBJ2-2
CASSLWSDSNQPQHF	TRBV7-6	TRBJ1-5
CASSLAQQGLAEAFF	TRBV7-6	TRBJ1-1
CASSIVGAGNQPQHF	TRBV19	TRBJ1-5
CASSEEAGGYNEQFF	TRBV6-1	TRBJ2-1
CASSVVPMGTAGNTEAFF	TRBV9	TRBJ1-1
CASSLSPRRTQDGGASYEQYF	TRBV5-1	TRBJ2-7
CASDSGEYQETQYF	TRBV28	TRBJ2-5
CASSTRDRAYNEQFF	TRBV7-8	TRBJ2-1
CASSLEPPGTEAFF	TRBV5-6	TRBJ1-1
CASSQSGGDVGELFF	TRBV7-9	TRBJ2-2
CASSSGSSYEQYF	TRBV2	TRBJ2-7
CSAQKGADFSYEQYF	TRBV20-1	TRBJ2-7
CASSQEGQLNQPQHF	TRBV4-2	TRBJ1-5
CSARDRRQGVGYEQYF	TRBV20-1	TRBJ2-7
CSVRGPKGATNYGYTF	TRBV29-1	TRBJ1-2
CASSLAERSYEQYF	TRBV7-9	TRBJ2-7
CASSEGPDTEAFF	TRBV6-1	TRBJ1-1
CASSAAGASSGNTIYF	TRBV9	TRBJ1-3
CASSKADRGAEAFF	TRBV5-4	TRBJ1-1
CASSPGTGTYGYTF	TRBV10-2	TRBJ1-2
CASSIYKSSYNEQFF	TRBV19	TRBJ2-1
CASSLGEMNTEAFF	TRBV5-4	TRBJ1-1
CAWSEVHEQFF	TRBV30	TRBJ2-1
CASNAFDYEQYF	TRBV5-1	TRBJ2-7
CASSFALVSGELFF	TRBV28	TRBJ2-2
CASSMRAAETQYF	TRBV19	TRBJ2-5
CASSLARTDKETQYF	TRBV5-6	TRBJ2-5
CASSYFLPGQRKTYSPLHF	TRBV6-5	TRBJ1-6
CASSLGRGYTF	TRBV5-1	TRBJ1-2
CASSSKREALGEQFF	TRBV6-3	TRBJ2-1
CASSFGPRYEQYF	TRBV27	TRBJ2-7
CASSESRWTEQETQYF	TRBV10-2	TRBJ2-5
CAGSKQSGTGYYGYTF	TRBV6-5	TRBJ1-2
CASSQVFQGASGELFF	TRBV4-2	TRBJ2-2
CASSRPGTEAFF	TRBV4-1	TRBJ1-1
CASSTQSGTASGELFF	TRBV19	TRBJ2-2
CASSPLGSSTDTQYF	TRBV7-3	TRBJ2-3
CASSPGRPVETYNEQFF	TRBV18	TRBJ2-1
CASTPWREYPLEQYF	TRBV6-5	TRBJ2-7
CSARDTRQLSSYNSPLHF	TRBV20-1	TRBJ1-6
CASSTGLLTDTQYF	TRBV5-4	TRBJ2-3
CASSNLPGTVEAFF	TRBV6-2	TRBJ1-1
CASSPPAGGNTEAFF	TRBV7-9	TRBJ1-1
CASSPLVEGNYGYTF	TRBV11-2	TRBJ1-2
CASSQDWAAEAFF	TRBV4-1	TRBJ1-1
CASSLAATYNEQFF	TRBV12-3	TRBJ2-1
CASSITGQGSTGELFF	TRBV19	TRBJ2-2
CAISEGTSGLETQYF	TRBV10-3	TRBJ2-5
CASSFGSGYEKLFF	TRBV6-5	TRBJ1-4
CASSIGDYGYTF	TRBV19	TRBJ1-2
CASSFRGSGELFF	TRBV27	TRBJ2-2
CAWSTETGPGELFF	TRBV30	TRBJ2-2
CASSVDRLGYGYTF	TRBV9	TRBJ1-2
CASSPWTTLHPYESSYEQYF	TRBV28	TRBJ2-7
CASSTRPGLKSSYNEQFF	TRBV5-6	TRBJ2-1
CASSPAGFEETQYF	TRBV18	TRBJ2-5
CASSQEPPTASGANVLTF	TRBV4-2	TRBJ2-6
CASSPSGVSYEQYF	TRBV7-7	TRBJ2-7
CASSYRTRETQYF	TRBV6-5	TRBJ2-5
CASSWGGNTQYF	TRBV5-4	TRBJ2-3
CASSLVGGRNGYTF	TRBV12-4	TRBJ1-2
CASSSSLFGRITSYEQYF	TRBV6-5	TRBJ2-7
CASSTNRDRGEKLFF	TRBV28	TRBJ1-4
CASSISGLANYEQYF	TRBV19	TRBJ2-7
CSANPTPSYEQYF	TRBV20-1	TRBJ2-7
CASSQDPQGAVNTEAFF	TRBV4-1	TRBJ1-1
CASSLTRAGGGYTF	TRBV4-1	TRBJ1-2
CASRVRGGTGANVLTF	TRBV13	TRBJ2-6
CASSLPGQGLETQYF	TRBV5-6	TRBJ2-5
CSARERPSSYNSPLHF	TRBV20-1	TRBJ1-6
CASSPNRDINLDTQYF	TRBV18	TRBJ2-3
CASEGRGSSGNTIYF	TRBV6-6	TRBJ1-3
CASSLSEGWIYEQFF	TRBV27	TRBJ2-1
CASSLGDRGQGGELFF	TRBV12-4	TRBJ2-2
CASSLGQQPGPGNTIYF	TRBV13	TRBJ1-3
CASSTWDSQETQYF	TRBV7-9	TRBJ2-5
CASSQDWTEQYF	TRBV3-1	TRBJ2-7
CASSSRPADTQYF	TRBV13	TRBJ2-3
CASSQVASDEQFF	TRBV4-3	TRBJ2-1
CASSLDRLELQETQYF	TRBV7-8	TRBJ2-5
CASSALQGWMTEAFF	TRBV7-8	TRBJ1-1
CSVVRGAYEQYF	TRBV29-1	TRBJ2-7
CASSLVDGNTEAFF	TRBV5-8	TRBJ1-1
CASSLEGGRFQPQHF	TRBV27	TRBJ1-5
CASSLAESSYNEQFF	TRBV5-1	TRBJ2-1
CASSLTSNTEAFF	TRBV5-8	TRBJ1-1
CASSQEKGTAVPNSPLHF	TRBV4-1	TRBJ1-6
CASSLGPNNYYGYTF	TRBV27	TRBJ1-2
CSATDFPNSYEQYF	TRBV20-1	TRBJ2-7
CASSPGQDTDTQYF	TRBV7-8	TRBJ2-3
CSAGSDLAGVVTDTQYF	TRBV20-1	TRBJ2-3
CASSIGNYNEQFF	TRBV19	TRBJ2-1
CASTLGSGNSPLHF	TRBV12-4	TRBJ1-6
CTSSPRDRGNTGELFF	TRBV7-2	TRBJ2-2
CASRHSNQPQHF	TRBV19	TRBJ1-5
CASSVRGQGNYGYTF	TRBV5-4	TRBJ1-2
CASRTGDYRRAGELFF	TRBV6-6	TRBJ2-2
CASSGDRGTEAFF	TRBV18	TRBJ1-1
CASSPTVEYEQYF	TRBV6-6	TRBJ2-7
CATSTYPTGEILVNQPQHF	TRBV15	TRBJ1-5
CASSSAAFVNIQYF	TRBV12-4	TRBJ2-4
CASRPFSGSPYEQYF	TRBV27	TRBJ2-7
CASSSAYYDYTF	TRBV12-3	TRBJ1-2
CASSDSLGDRGSYEQYF	TRBV7-9	TRBJ2-7
CASSLTTSYGYTF	TRBV5-6	TRBJ1-2
CASRLAGVGEQYF	TRBV28	TRBJ2-7
CASRIRGVPDTQYF	TRBV12-4	TRBJ2-3
CASSATQGSEQYF	TRBV5-6	TRBJ2-7
CASSSSGGAYNEQFF	TRBV7-3	TRBJ2-1
CASSSLWPELFF	TRBV5-6	TRBJ2-2
CASSLTTGGMVNEQFF	TRBV28	TRBJ2-1
CASSLDYPYNEQFF	TRBV5-1	TRBJ2-1
CASSLAPGGYEQYF	TRBV5-1	TRBJ2-7
CASSFATEAFF	TRBV12-4	TRBJ1-1
CAWRPEPGQEEFNAYF	TRBV30	TRBJ2-7
CASGQGTDTQYF	TRBV27	TRBJ2-3
CASRLGGVNTEAFF	TRBV6-5	TRBJ1-1
CASSLNRAGELFF	TRBV10-1	TRBJ2-2
CASSFAGDRGLGSYGYTF	TRBV11-2	TRBJ1-2
CASGGRNYNEQFF	TRBV9	TRBJ2-1
CASSLYRGWYEQYF	TRBV12-4	TRBJ2-7
CASSFSRARRETQYF	TRBV5-1	TRBJ2-5
CASSFWDNEQFF	TRBV11-2	TRBJ2-1
CASSSHDKQGARSPLHF	TRBV7-9	TRBJ1-6
CASSPPTGTDHRSPLHF	TRBV7-8	TRBJ1-6
CASSPIGLSSYEQYF	TRBV3-1	TRBJ2-7
CASRTGVANEQFF	TRBV5-6	TRBJ2-1
CASRGSDRGLQGPQHF	TRBV27	TRBJ1-5
CASSPGTAPNEKLFF	TRBV28	TRBJ1-4
CASSYWVGYNEQFF	TRBV6-3	TRBJ2-1
CASSNIQGAPNIQYF	TRBV19	TRBJ2-4
CASSTHDRDGGGSAQHF	TRBV7-9	TRBJ1-5
CANSQAGMAEQFF	TRBV3-1	TRBJ2-1
CASSYSTGIGGGYTF	TRBV6-1	TRBJ1-2
CASSLGVTRYNEQFF	TRBV11-2	TRBJ2-1
CASSPTVTYNEQFF	TRBV5-8	TRBJ2-1
CASSLWTGLNNEQFF	TRBV5-6	TRBJ2-1
CASGLWESYEQYF	TRBV12-5	TRBJ2-7
CASSQKNNEQFF	TRBV4-3	TRBJ2-1
CASSLSGQGSGELFF	TRBV7-9	TRBJ2-2
CASSPNPQWEQYF	TRBV10-2	TRBJ2-7
CASTSDGTSYTDTQYF	TRBV9	TRBJ2-3
CASSLPLTDTQYF	TRBV7-9	TRBJ2-3
CASRGQGASGYTF	TRBV6-5	TRBJ1-2
CASSLGDTWYGYTF	TRBV5-6	TRBJ1-2
CASSLVAGQIITDTQYF	TRBV5-6	TRBJ2-3
CSVGGASNTEAFF	TRBV29-1	TRBJ1-1
CASSYVGLGSPLHF	TRBV6-5	TRBJ1-6
CASSSGTSGSGSYNEQFF	TRBV5-4	TRBJ2-1
CASSVTSSRGGTDTQYF	TRBV9	TRBJ2-3
CATSSEQHQYF	TRBV15	TRBJ2-7
CASRGQGVLDTQYF	TRBV5-1	TRBJ2-3
CASGLYGNGPGADTQYF	TRBV12-5	TRBJ2-3
CATSDSAGYNEQFF	TRBV24-1	TRBJ2-1
CASSFGQGAYEQYF	TRBV12-3	TRBJ2-7
CASSLAPTGGPYNEQFF	TRBV7-6	TRBJ2-1
CASSLTGESYEQYF	TRBV13	TRBJ2-7
CASSQFTRLASTDTQYF	TRBV4-1	TRBJ2-3
CASSEGLEIRMRSSYEQYF	TRBV2	TRBJ2-7
CASSSTGLGSYNEQFF	TRBV5-6	TRBJ2-1
CASSLGYGGAGETQYF	TRBV5-1	TRBJ2-5
CASSLLGAVPEAFF	TRBV27	TRBJ1-1
CASSYTLASYEQYF	TRBV6-6	TRBJ2-7
CATSDWDTGELFF	TRBV24-1	TRBJ2-2
CASTLGFLNEQFF	TRBV11-2	TRBJ2-1
CASSLPVEGTETQYF	TRBV3-1	TRBJ2-5
CSARSLDTQYF	TRBV20-1	TRBJ2-3
CASSSPGSTEAFF	TRBV7-9	TRBJ1-1
CASSVDGASYNEQFF	TRBV9	TRBJ2-1
CASSHEGSGSYTF	TRBV4-2	TRBJ1-2
CASSLHETGMNTEAFF	TRBV4-3	TRBJ1-1
CASSEEAGEYNEQFF	TRBV6-1	TRBJ2-1
CASSQAGAVYGYTF	TRBV4-1	TRBJ1-2
CASSGLLVDTQYF	TRBV5-5	TRBJ2-3
CASSANPGDSSNEKLFF	TRBV9	TRBJ1-4
CASSEEGVAGVFNEQFF	TRBV6-1	TRBJ2-1
CASSFSLAGGPSTDTQYF	TRBV11-2	TRBJ2-3
CASANSVNEQFF	TRBV5-1	TRBJ2-1
CASSQGAGQPQHF	TRBV6-6	TRBJ1-5
CAWVLGPAGDTQYF	TRBV30	TRBJ2-3
CASSRGQGLSNEKLFF	TRBV4-2	TRBJ1-4
CASSVDRWANSPLHF	TRBV5-5	TRBJ1-6
CASSLLGDTGRTEAFF	TRBV7-8	TRBJ1-1
CAISESDRTYGYTF	TRBV10-3	TRBJ1-2
CASSPSADQETQYF	TRBV18	TRBJ2-5
CASSLSRGDYGYTF	TRBV28	TRBJ1-2
CATSDGGGDEQFF	TRBV24-1	TRBJ2-1
CASSVEDRGVAEAFF	TRBV9	TRBJ1-1
CAWSLRDAGELFF	TRBV30	TRBJ2-2
CASSLMLFGGYPMNTEAFF	TRBV5-4	TRBJ1-1
CASTTSTAPNEKLFF	TRBV28	TRBJ1-4
CASSYGTGQPQHF	TRBV6-3	TRBJ1-5
CSAREAASGYEQYF	TRBV20-1	TRBJ2-7
CASSLPGTFGEGGELFF	TRBV27	TRBJ2-2
CASSPNGVSVEKLFF	TRBV9	TRBJ1-4
CASTSANTGELFF	TRBV6-4	TRBJ2-2
CASSLGPASYEQYF	TRBV27	TRBJ2-7
CASINVVGQGSETQYF	TRBV5-6	TRBJ2-5
CASSLGQIEQYF	TRBV5-5	TRBJ2-7
CASSLDLSGGITDTQYF	TRBV7-3	TRBJ2-3
CASSQLGAWETQYF	TRBV27	TRBJ2-5
CASSRDDAGGGYGYTF	TRBV7-8	TRBJ1-2
CSGIDKPVTDTQYF	TRBV29-1	TRBJ2-3
CSARDVTGGGYTF	TRBV20-1	TRBJ1-2
CSARDTREGLNEQFF	TRBV20-1	TRBJ2-1
CASSQTGGSYGYTF	TRBV4-1	TRBJ1-2
CATQTAQGTEQTQYF	TRBV11-2	TRBJ2-5
CASSLALDEAFF	TRBV12-3	TRBJ1-1
CASTDRVETEAFF	TRBV12-4	TRBJ1-1
CASSLESGHYEQYF	TRBV7-2	TRBJ2-7
CSASIQGRAGELFF	TRBV29-1	TRBJ2-2
CASSLRRGLWSYEQYF	TRBV7-8	TRBJ2-7
CASSLAGGGNTGELFF	TRBV7-6	TRBJ2-2
CASSAGDEQYF	TRBV25-1	TRBJ2-7
CASSISPGSYGYTF	TRBV19	TRBJ1-2
CASSLGGGNTEAFF	TRBV7-6	TRBJ1-1
CASSPGGAEAFF	TRBV5-4	TRBJ1-1
CASSLATGPGGVRNTEAFF	TRBV7-2	TRBJ1-1
CASSSPSSEAFF	TRBV27	TRBJ1-1
CASRETGSYEQYF	TRBV6-5	TRBJ2-7
CSADPGQGLGYGYTF	TRBV20-1	TRBJ1-2
CASGRGTGTRGRNEQFF	TRBV4-3	TRBJ2-1
CASSQGVAGAFDEQFF	TRBV4-3	TRBJ2-1
CASSLAGAYEQFF	TRBV7-6	TRBJ2-1
CASRSGWNTEAFF	TRBV10-2	TRBJ1-1
CASSTPYGETEAFF	TRBV19	TRBJ1-1
CASSQGDWAFREKLFF	TRBV4-1	TRBJ1-4
CATSRGSGQYQETQYF	TRBV15	TRBJ2-5
CSAKRDRGVSYEQYF	TRBV20-1	TRBJ2-7
CSGNPGTSAATQYF	TRBV29-1	TRBJ2-3
CATSDFRDSSNEQFF	TRBV24-1	TRBJ2-1
CAWSYTDEAFF	TRBV30	TRBJ1-1
CASKPRDSGDTQYF	TRBV28	TRBJ2-3
CSVRDSQNTEAFF	TRBV29-1	TRBJ1-1
CASSLPGQGDEQYF	TRBV13	TRBJ2-7
CASSQTGTGDYGYTF	TRBV3-1	TRBJ1-2
CASSQDLGGTYRGNEQFF	TRBV4-3	TRBJ2-1
CASSLWGLAGGMGRTQYF	TRBV28	TRBJ2-5
CSAGLAGVAISTDTQYF	TRBV20-1	TRBJ2-3
CATSFRGQGGETQYF	TRBV15	TRBJ2-5
CASSLVGGAETQYF	TRBV11-2	TRBJ2-5
CSVEPLWSPEAFF	TRBV29-1	TRBJ1-1
CSVPGSANTEAFF	TRBV29-1	TRBJ1-1
CAGSVGASGYEQYF	TRBV2	TRBJ2-7
CASSYSGTGARETQYF	TRBV11-3	TRBJ2-5
CASSLQMSDQPQHF	TRBV12-3	TRBJ1-5
CASRWAGGEQFF	TRBV27	TRBJ2-1
CASRVGNTEAFF	TRBV4-1	TRBJ1-1
CASRTGDNEQYF	TRBV27	TRBJ2-7
CASTGGGALGTEAFF	TRBV14	TRBJ1-1
CASSPDGLSGNTIYF	TRBV5-1	TRBJ1-3
CASSLILTDGTDTQYF	TRBV12-3	TRBJ2-3
CASSSGLAGEQFF	TRBV19	TRBJ2-1
CASSLGGGLAGSGEQYF	TRBV7-9	TRBJ2-7
CASSYDSGSSYEQYF	TRBV6-5	TRBJ2-7
CASSLRGPNVLTF	TRBV12-3	TRBJ2-6
CASSQIPDRDYGYTF	TRBV4-1	TRBJ1-2
CASSLSGGGSYEQYF	TRBV7-3	TRBJ2-7
CASSLDPVIGYEQYF	TRBV7-8	TRBJ2-7
CASSEVNEQFF	TRBV25-1	TRBJ2-1
CAISDAGLATGELFF	TRBV10-3	TRBJ2-2
CASQGINNEQFF	TRBV5-4	TRBJ2-1
CASSLVGSGSHEQYF	TRBV5-1	TRBJ2-7
CASSLGSYSNQPQHF	TRBV5-1	TRBJ1-5
CASSFRQGHTF	TRBV12-3	TRBJ1-2
CSARDLSSTDTQYF	TRBV20-1	TRBJ2-3
CATSREGGWGDTDTQYF	TRBV15	TRBJ2-3
CASSQGDFLITDTQYF	TRBV7-3	TRBJ2-3
CASSHSGGTDTQYF	TRBV12-4	TRBJ2-3
CASSQRQGAEGETQYF	TRBV5-1	TRBJ2-5
CASSPPFGGRVLTDTQYF	TRBV19	TRBJ2-3
CASSQDPGGSGANVLTF	TRBV4-1	TRBJ2-6
CASSGFSSSGNTIYF	TRBV19	TRBJ1-3
CASSLQTGYSEDEQYF	TRBV5-1	TRBJ2-7
CASSSGTEVPEQYF	TRBV7-9	TRBJ2-7
CASSLVGVGLSDEQFF	TRBV7-9	TRBJ2-1
CASTTGQKNTEAFF	TRBV6-1	TRBJ1-1
CASSQVEGGLNEQYF	TRBV4-1	TRBJ2-7
CASSVYRDGQSPLHF	TRBV5-4	TRBJ1-6
CASRVLPRLAETPLSTDTQYF	TRBV12-3	TRBJ2-3
CASSPLGQNTEAFF	TRBV12-3	TRBJ1-1
CASSLHDRGSRTEAFF	TRBV6-4	TRBJ1-1
CASEPGPVLNGYTF	TRBV7-9	TRBJ1-2
CSVHTGHEQFF	TRBV29-1	TRBJ2-1
CASSVGQGSQPQHF	TRBV9	TRBJ1-5
CASKGASGATATDTQYF	TRBV5-1	TRBJ2-3
CASSDRETYEQYF	TRBV6-2	TRBJ2-7
CASVVRGAYNEQFF	TRBV7-9	TRBJ2-1
CASSPPGRGENEQFF	TRBV9	TRBJ2-1
CASSPPGTAGSEQYF	TRBV7-9	TRBJ2-7
CSVTGIQPEAFF	TRBV29-1	TRBJ1-1
CASSPGTTYNEQFF	TRBV19	TRBJ2-1
CASSSGTSYNEQFF	TRBV27	TRBJ2-1
CASSQYVFQGSYGYTF	TRBV4-3	TRBJ1-2
CASSATGQWSGQPQHF	TRBV9	TRBJ1-5
CASSPISNEQYF	TRBV28	TRBJ2-7
CATSEKGAGDGNGYTF	TRBV24-1	TRBJ1-2
CASSQEGWETQYF	TRBV4-3	TRBJ2-5
CASSPAGFYGYTF	TRBV12-3	TRBJ1-2
CASSLPSGRAYEQYF	TRBV7-9	TRBJ2-7
CATSDPGTSGSYEQYF	TRBV24-1	TRBJ2-7
CASSRTGGINTGELFF	TRBV4-1	TRBJ2-2
CASSGEDIHSGNTIYF	TRBV13	TRBJ1-3
CASSFDRENIYNEQFF	TRBV5-1	TRBJ2-1
CAWSGNDYGYTF	TRBV30	TRBJ1-2
CASNPRPRPSYTDTQYF	TRBV19	TRBJ2-3
CASSLGQGGIDGSRHEQFF	TRBV7-9	TRBJ2-1
CASSLASQGTDTQYF	TRBV11-2	TRBJ2-3
CATSRDQGIRNTEAFF	TRBV15	TRBJ1-1
CASSFPGRLAGQVSSYNEQFF	TRBV28	TRBJ2-1
CSVEGFGRAGTGELFF	TRBV29-1	TRBJ2-2
CASSPGGHTAAFF	TRBV6-6	TRBJ1-1
CAWSGGTGNTGELFF	TRBV30	TRBJ2-2
CASSQTGLAYNSPLHF	TRBV4-3	TRBJ1-6
CASSGRAGGPSEFF	TRBV7-9	TRBJ2-1
CASSSSGTEFHTGELFF	TRBV7-9	TRBJ2-2
CASSQDRANTDTQYF	TRBV3-1	TRBJ2-3
CAISQRTGGETQYF	TRBV10-3	TRBJ2-5
CASGDGTANTEAFF	TRBV5-4	TRBJ1-1
CASSQAGRGLGEKLFF	TRBV3-1	TRBJ1-4
CASSLLGNEQYF	TRBV12-3	TRBJ2-7
CASSGGHVEQYF	TRBV25-1	TRBJ2-7
CASSLEPLEADEAFF	TRBV11-2	TRBJ1-1
CASSSGQGPNQPQHF	TRBV7-9	TRBJ1-5
CASSLAGVKYEQYF	TRBV27	TRBJ2-7
CASSRDRRYMNTEAFF	TRBV6-1	TRBJ1-1
CSVEGGMNTEAFF	TRBV29-1	TRBJ1-1
CASSELGGYGYTF	TRBV12-3	TRBJ1-2
CASSAGTGGPYEQYF	TRBV19	TRBJ2-7
CASSLLGITDTQYF	TRBV7-6	TRBJ2-3
CSARRTDDYEQYF	TRBV20-1	TRBJ2-7
CASSLNWEQYF	TRBV11-2	TRBJ2-7
CATSGTGITTGELFF	TRBV15	TRBJ2-2
CASSSEGSGVQGEQYF	TRBV10-2	TRBJ2-7
CASSGGGSGETQYF	TRBV9	TRBJ2-5
CASSRRLSNEQFF	TRBV11-3	TRBJ2-1
CASSFGTGAGYTF	TRBV27	TRBJ1-2
CASQREGINTQYF	TRBV28	TRBJ2-3
CATSAGNTGELFF	TRBV24-1	TRBJ2-2
CASRKGGPNNEQFF	TRBV27	TRBJ2-1
CAPLVAGGGIGTKNIQYF	TRBV10-1	TRBJ2-4
CASSGSSYNEQFF	TRBV6-1	TRBJ2-1
CSVEDFEGGSGTEAFF	TRBV29-1	TRBJ1-1
CASSDRAGNTIYF	TRBV6-1	TRBJ1-3
CSARDYRTGDEKLFF	TRBV20-1	TRBJ1-4
CASPGPYEKLFF	TRBV30	TRBJ1-4
CASSVGIGAGYEQYF	TRBV9	TRBJ2-7
CASSPATGNTEAFF	TRBV9	TRBJ1-1
CASSLAGFTGELFF	TRBV27	TRBJ2-2
CSAPGQGTYEQYF	TRBV20-1	TRBJ2-7
CSARDGVTSGIYNEQFF	TRBV20-1	TRBJ2-1
CASSFGAGGTDTQYF	TRBV19	TRBJ2-3
CASSVDEQGPYNEQFF	TRBV9	TRBJ2-1
CASNPSGTGTNYEQYF	TRBV5-5	TRBJ2-7
CASSQDGGYYGYTF	TRBV4-3	TRBJ1-2
CASSSGGTGGETQYF	TRBV5-1	TRBJ2-5
CASSLWDQPQHF	TRBV7-9	TRBJ1-5
CSVVPRGTEAFF	TRBV29-1	TRBJ1-1
CASSLGWGAKNIQYF	TRBV5-1	TRBJ2-4
CASSLASGGNTEAFF	TRBV7-9	TRBJ1-1
CASSQGLSGQGYNEQFF	TRBV3-1	TRBJ2-1
CASREIQGGTEAFF	TRBV4-3	TRBJ1-1
CASSVEGNEQFF	TRBV9	TRBJ2-1
CASSQSDLPQHF	TRBV16	TRBJ1-5
CSAQEGRGDTGELFF	TRBV20-1	TRBJ2-2
CASSLGKNEQFF	TRBV11-2	TRBJ2-1
CASSGTDTYEQYF	TRBV6-1	TRBJ2-7
CASSSRDGGTDTQYF	TRBV7-9	TRBJ2-3
CASSSGIGTGGSQPQHF	TRBV19	TRBJ1-5
CASSQDSMYNSPLHF	TRBV4-3	TRBJ1-6
CASSLEGDFYGYTF	TRBV5-6	TRBJ1-2
CASSPLAGVSDTQYF	TRBV7-6	TRBJ2-3
CASSFLAGLGDEQFF	TRBV5-1	TRBJ2-1
CASSLAILTGHNEQFF	TRBV7-9	TRBJ2-1
CSARDRFLASGSRHTQYF	TRBV20-1	TRBJ2-3
CASSLGGGSYEQYF	TRBV13	TRBJ2-7
CATQGGRGGGANVLTF	TRBV6-5	TRBJ2-6
CASSPPTSGSSTDTQYF	TRBV6-3	TRBJ2-3
CASSPLDSYTGELFF	TRBV6-3	TRBJ2-2
CASSFWWGSTDTQYF	TRBV28	TRBJ2-3
CASSYSSGSYEQYF	TRBV6-5	TRBJ2-7
CASSFRGDTEAFF	TRBV12-4	TRBJ1-1
CASSLVGEPIQETQYF	TRBV5-1	TRBJ2-5
CASSLWGALYEQYF	TRBV5-6	TRBJ2-7
CASTPGHYGYTF	TRBV19	TRBJ1-2
CASSGDGYEQYF	TRBV5-1	TRBJ2-7
CASTSEGGGGTEAFF	TRBV5-4	TRBJ1-1
CASSLDRTGGTGELFF	TRBV7-9	TRBJ2-2
CASSHRIGGETQYF	TRBV7-9	TRBJ2-5
CASSQDDRGTDTQYF	TRBV4-1	TRBJ2-3
CASSEKGLADTGELFF	TRBV9	TRBJ2-2
CASSDPPSGGNTDTQYF	TRBV7-3	TRBJ2-3
CASSLAGGQTEAFF	TRBV27	TRBJ1-1
CASRQILAANTDTQYF	TRBV5-6	TRBJ2-3
CASRTPGLAPGELFF	TRBV2	TRBJ2-2
CASSFSQGAVLKEAFF	TRBV27	TRBJ1-1
CASSRLRTGANTGELFF	TRBV14	TRBJ2-2
CASSQGPLSTEQYF	TRBV4-1	TRBJ2-7
CASSEGTRVGEQFF	TRBV6-4	TRBJ2-1
CASSYGYGYTF	TRBV7-9	TRBJ1-2
CASSQDGVGGSGTGELFF	TRBV4-3	TRBJ2-2
CASSLGLTAYNEQFF	TRBV7-6	TRBJ2-1
CASSTGGEKLFF	TRBV4-1	TRBJ1-4
CSAVEREVTDTQYF	TRBV20-1	TRBJ2-3
CASSYDRGDYEQYF	TRBV7-9	TRBJ2-7
CASSIAARGSSYNEQFF	TRBV7-6	TRBJ2-1
CASSTGTTEAYEQYF	TRBV7-2	TRBJ2-7
CASSIAGYTEAFF	TRBV19	TRBJ1-1
CASSTTGGSTEAFF	TRBV5-1	TRBJ1-1
CASSQEDRGLTEAFF	TRBV4-3	TRBJ1-1
CASSYETGITEAFF	TRBV6-5	TRBJ1-1
CSARDRPGTSGGYLAKNIQYF	TRBV20-1	TRBJ2-4
CASSPGLAGAVSLGGELFF	TRBV12-3	TRBJ2-2
CSARLSGGGNQPQHF	TRBV20-1	TRBJ1-5
CASSILPPPAGLNNEQFF	TRBV19	TRBJ2-1
CASSQISASYNEQFF	TRBV4-1	TRBJ2-1
CASSPPGQMNTEAFF	TRBV11-3	TRBJ1-1
CASHPGAGPSYNEQFF	TRBV19	TRBJ2-1
CASSFITDTQYF	TRBV7-9	TRBJ2-3
CASSAGTGNNEQFF	TRBV27	TRBJ2-1
CASSHGRTNIQYF	TRBV4-1	TRBJ2-4
CASSPGSSYEQYF	TRBV19	TRBJ2-7
CSAALPYYGYTF	TRBV20-1	TRBJ1-2
CASSQSQAWGRDGYTF	TRBV4-3	TRBJ1-2
CASSDGHPVKGDTQYF	TRBV2	TRBJ2-3
CASSSQGDTQYF	TRBV12-3	TRBJ2-3
CASSGQNTEAFF	TRBV9	TRBJ1-1
CATYVGGNTEAFF	TRBV6-6	TRBJ1-1
CASSLKADSRTDTQYF	TRBV7-9	TRBJ2-3
CASSLFVGTGGDEQYF	TRBV27	TRBJ2-7
CSVSGSANNEQFF	TRBV29-1	TRBJ2-1
CATSRDFTNYGYTF	TRBV15	TRBJ1-2
CASRTGLAGPQDEQFF	TRBV2	TRBJ2-1
CASSFFPTGGYHEQYF	TRBV5-5	TRBJ2-7
CASGRGLGGEQYF	TRBV27	TRBJ2-7
CASSPMGTNEKLFF	TRBV12-4	TRBJ1-4
CASSSPTLSRETQYF	TRBV7-9	TRBJ2-5
CASSSGLASYEQYF	TRBV7-2	TRBJ2-7
CASSIDAGLFSYEQYF	TRBV19	TRBJ2-7
CASSAQTGEADTQYF	TRBV6-1	TRBJ2-3
CASMAENTGELFF	TRBV9	TRBJ2-2
CASSLGMRGGWDEQFF	TRBV7-8	TRBJ2-1
CASSYSLGTDTQYF	TRBV6-5	TRBJ2-3
CSARDPGGSYNEQFF	TRBV20-1	TRBJ2-1
CSANSLSWPGEQFF	TRBV20-1	TRBJ2-1
CASRLSGGGYNEQFF	TRBV5-1	TRBJ2-1
CASSLLLAGDTDTQYF	TRBV27	TRBJ2-3
CASSVETNTGELFF	TRBV9	TRBJ2-2
CASSLGRTIPHEQFF	TRBV5-8	TRBJ2-1
CASSISQGRKYSNQPQHF	TRBV19	TRBJ1-5
CATFDGNTGELFF	TRBV24-1	TRBJ2-2
CASRQSGGSYNEQFF	TRBV2	TRBJ2-1
CASSGEQGSYGYTF	TRBV25-1	TRBJ1-2
CASSGRGLNTEAFF	TRBV19	TRBJ1-1
CASTPYRRGPHLYGYTF	TRBV7-9	TRBJ1-2
CSARGRAAGTDTQYF	TRBV20-1	TRBJ2-3
CASTKDRIKTQYF	TRBV5-8	TRBJ2-5
CASRTGTGNLYEQYF	TRBV27	TRBJ2-7
CATSTSQDLNQPQHF	TRBV15	TRBJ1-5
CASSYSRAGANEQFF	TRBV6-6	TRBJ2-1
CASSLQGFAEQYF	TRBV5-5	TRBJ2-7
CASSQGSDEPNTGELFF	TRBV14	TRBJ2-2
CAISPLGTQIFSGNTIYF	TRBV10-3	TRBJ1-3
CASSLGGSPNYGYTF	TRBV27	TRBJ1-2
CSARDGGVYETQYF	TRBV20-1	TRBJ2-5
CATSAGTSGGPQETQYF	TRBV24-1	TRBJ2-5
CASSPLPGQSYEQYF	TRBV12-4	TRBJ2-7
CASSLSAGAPGAEAFF	TRBV27	TRBJ1-1
CASSYYGDTGELFF	TRBV6-5	TRBJ2-2
CASSHGLAGGETQYF	TRBV11-2	TRBJ2-5
CSARDPGSNYNEQFF	TRBV20-1	TRBJ2-1
CASSQNDGRQTQETQYF	TRBV3-1	TRBJ2-5
CASSFGTDALYQETQYF	TRBV5-1	TRBJ2-5
CASSLQVIYEQYF	TRBV11-2	TRBJ2-7
CASSYQTGASYGYTF	TRBV6-3	TRBJ1-2
CASSLKAGNQPQHF	TRBV4-1	TRBJ1-5
CASSLGTGEGTYNEQFF	TRBV5-1	TRBJ2-1
CASNWADYSNQPQHF	TRBV19	TRBJ1-5
CASSLSNSNQPQHF	TRBV12-4	TRBJ1-5
CASSLFYSSYEQYF	TRBV5-5	TRBJ2-7
CASRQLPRDSLYEQYF	TRBV28	TRBJ2-7
CASSHQRGRNTEAFF	TRBV4-1	TRBJ1-1
CASSLLGAEAFF	TRBV5-6	TRBJ1-1
CASIGLESYEQYF	TRBV2	TRBJ2-7
CASSYSGGNTEAFF	TRBV6-5	TRBJ1-1
CATSDLGGLSYNEQFF	TRBV24-1	TRBJ2-1
CSDAGPLGTDTQYF	TRBV20-1	TRBJ2-3
CASRGLAGEPSYNEQFF	TRBV12-3	TRBJ2-1
CASSQESSLLAKNIQYF	TRBV3-1	TRBJ2-4
CASSLAVKAGGPKDEQFF	TRBV5-6	TRBJ2-1
CASSFFPSFEGISMGTGELFF	TRBV12-3	TRBJ2-2
CASSSGGTGGPREQFF	TRBV13	TRBJ2-1
CASSVQATEAFF	TRBV7-8	TRBJ1-1
CASSLGTVWYSNQPQHF	TRBV12-4	TRBJ1-5
CASSGEREDNEQFF	TRBV7-9	TRBJ2-1
CASSPTGANVLTF	TRBV18	TRBJ2-6
CASSDLGAGDQPQHF	TRBV2	TRBJ1-5
CASSIGYFANTGELFF	TRBV19	TRBJ2-2
CASSDPGYEAFF	TRBV7-6	TRBJ1-1
CASSGLAGGNNEQFF	TRBV11-2	TRBJ2-1
CASAEGGGMGYNEQFF	TRBV12-4	TRBJ2-1
CASSKNRIQSSYNSPLHF	TRBV19	TRBJ1-6
CASGFGNTEAFF	TRBV12-5	TRBJ1-1
CASKENIQYF	TRBV4-1	TRBJ2-4
CAWSSEDLTDTQYF	TRBV30	TRBJ2-3
CASSLDTSSYNEQFF	TRBV7-8	TRBJ2-1
CASSQANYEQYF	TRBV14	TRBJ2-7
CASSQTAQNTGELFF	TRBV4-1	TRBJ2-2
CASSFPDTQYF	TRBV28	TRBJ2-3
CASSSITRFTEAFF	TRBV27	TRBJ1-1
CAWTPDPAGNQPQHF	TRBV30	TRBJ1-5
CASSVGASGGFNEQFF	TRBV9	TRBJ2-1
CASSFSATEAFF	TRBV12-4	TRBJ1-1
CASSPGGGDNEQFF	TRBV9	TRBJ2-1
CSARRTGALYGYTF	TRBV20-1	TRBJ1-2
CSAIIVGQYYGYTF	TRBV20-1	TRBJ1-2
CASSLFRGDNEQFF	TRBV7-7	TRBJ2-1
CAIEDGMNTEAFF	TRBV10-2	TRBJ1-1
CASTRDVSGELFF	TRBV27	TRBJ2-2
CASSLNNRQMITF	TRBV12-3	TRBJ1-2
CASSSPLAEERTGELFF	TRBV5-6	TRBJ2-2
CASSRLGGGVSSYNEQFF	TRBV27	TRBJ2-1
CASSLAGRTANQPQHF	TRBV7-2	TRBJ1-5
CASSLVPGQANYGYTF	TRBV7-9	TRBJ1-2
CASSLGLNEQFF	TRBV7-9	TRBJ2-1
CASSEEKGNNANTGELFF	TRBV2	TRBJ2-2
CASSFSPGSNSPLHF	TRBV7-3	TRBJ1-6
CASSSTTANTEAFF	TRBV7-9	TRBJ1-1
CASSTQGVLTEQYF	TRBV9	TRBJ2-7
CASSQDRVGAGANVLTF	TRBV4-1	TRBJ2-6
CASRTSTGQGNIQYF	TRBV5-1	TRBJ2-4
CASRTRGGMNTEAFF	TRBV13	TRBJ1-1
CASSTASGTGNEQFF	TRBV13	TRBJ2-1
CASGSGGRTEAFF	TRBV12-5	TRBJ1-1
CASSPTSGRDRSGQFF	TRBV7-9	TRBJ2-1
CASSRLYGNTRELFF	TRBV6-5	TRBJ2-2
CASSQESLHTGELFF	TRBV4-2	TRBJ2-2
CASSVIPGELFF	TRBV25-1	TRBJ2-2
CASSPGGSLHF	TRBV5-4	TRBJ1-6
CASSFGREQYF	TRBV12-4	TRBJ2-7
CASSSINEQFF	TRBV12-3	TRBJ2-1
CASWTGLADTQYF	TRBV7-9	TRBJ2-3
CAIRETAMNTEAFF	TRBV10-3	TRBJ1-1
CASSTARRGSAFDEQFF	TRBV6-3	TRBJ2-1
CASSTEGLLSTDTQYF	TRBV7-8	TRBJ2-3
CASSQGTYEQYF	TRBV3-1	TRBJ2-7
CASSKAERPGYGRLTESYNSPLHF	TRBV7-9	TRBJ1-6
CASSQPRLAGDGNEQFF	TRBV3-1	TRBJ2-1
CASSLTSEQFF	TRBV12-3	TRBJ2-1
CASSQTLGGSYGYTF	TRBV4-3	TRBJ1-2
CASSNRGLLAEAFF	TRBV5-8	TRBJ1-1
CAIRDKMNTEAFF	TRBV10-3	TRBJ1-1
CASSLGTGDGYTF	TRBV11-2	TRBJ1-2
CASSHPQENTIYF	TRBV7-9	TRBJ1-3
CASSLPLGSTYNEQFF	TRBV19	TRBJ2-1
CASLRGAEAFF	TRBV27	TRBJ1-1
CASSWGSYEQYF	TRBV28	TRBJ2-7
CSAMIGVGGTDTQYF	TRBV20-1	TRBJ2-3
CAWGGETSGSTDTQYF	TRBV30	TRBJ2-3
CASSQGAGNSPLHF	TRBV4-1	TRBJ1-6
CASSLAWQPDGYTF	TRBV7-8	TRBJ1-2
CASSLPGYNEQFF	TRBV7-2	TRBJ2-1
CATSDLPGPHFQPQHF	TRBV24-1	TRBJ1-5
CASSLDRSTGELFF	TRBV27	TRBJ2-2
CASSIDGSGGNEQFF	TRBV19	TRBJ2-1
CASSDEGVGDDGELFF	TRBV25-1	TRBJ2-2
CASSLRTGEIDLGKFF	TRBV28	TRBJ2-1
CASSLDASGSSYNEQFF	TRBV5-1	TRBJ2-1
CSARGRGLDGYTF	TRBV20-1	TRBJ1-2
CASGGYNEQFF	TRBV9	TRBJ2-1
CASSIRLAGDQETQYF	TRBV19	TRBJ2-5
CASSQDALGYEQYF	TRBV7-2	TRBJ2-7
CAIGLAAADTQYF	TRBV10-2	TRBJ2-3
CASSFGGNTIYF	TRBV7-2	TRBJ1-3
CASRQTGIGYTEAFF	TRBV5-1	TRBJ1-1
CASSLSRDSYEQYF	TRBV7-7	TRBJ2-7
CASSLGQGLGNTIYF	TRBV6-5	TRBJ1-3
CASSLALGGPGANVLTF	TRBV5-1	TRBJ2-6
CASSSYSVNTEAFF	TRBV19	TRBJ1-1
CASSLRDRGHEQYF	TRBV7-9	TRBJ2-7
CSARARAGGYEQYF	TRBV20-1	TRBJ2-7
CASSFLLAGGPVDSSYNEQFF	TRBV7-4	TRBJ2-1
CASSPIGGGSANYGYTF	TRBV18	TRBJ1-2
CASSPPGTGYGYTF	TRBV4-1	TRBJ1-2
CASSQDVGGNSYNEQFF	TRBV3-1	TRBJ2-1
CASSSGSVKSSYNSPLHF	TRBV5-1	TRBJ1-6
CASSEPPRRGGPNEKLFF	TRBV27	TRBJ1-4
CASSLEGQGVEDTQYF	TRBV5-4	TRBJ2-3
CASTDGTGGLNQPQHF	TRBV27	TRBJ1-5
CASSAPPGPYNEQFF	TRBV9	TRBJ2-1
CASSYRRTNYGYTF	TRBV27	TRBJ1-2
CAAGEMFGLGETQYF	TRBV4-2	TRBJ2-5
CASREGESNTEAFF	TRBV4-1	TRBJ1-1
CASSWTSGSYEQYF	TRBV12-3	TRBJ2-7
CASSPWTGPLNTEAFF	TRBV9	TRBJ1-1
CATTGTGTGELFF	TRBV24-1	TRBJ2-2
CASSGAGYGYTF	TRBV9	TRBJ1-2
CASSLWGGEKLFF	TRBV5-1	TRBJ1-4
CASSLLQGLDSPLHF	TRBV27	TRBJ1-6
CASSVAAGLRDEQFF	TRBV9	TRBJ2-1
CASSIAVGMPIGYTF	TRBV19	TRBJ1-2
CASSLSYSTLSYEQYF	TRBV27	TRBJ2-7
CASSFEQSYGYTF	TRBV4-3	TRBJ1-2
CSAEPGGISDSSYNEQFF	TRBV20-1	TRBJ2-1
CASSESEQGYTGELFF	TRBV6-1	TRBJ2-2
CASSLGPAYEQYF	TRBV6-6	TRBJ2-7
CASSLEGLGKTNTGELFF	TRBV7-9	TRBJ2-2
CASSLYFSGRAYNEQFF	TRBV12-4	TRBJ2-1
CASSTRELGLAGVIPQETQYF	TRBV19	TRBJ2-5
CASSHFAGGGTDTQYF	TRBV4-1	TRBJ2-3
CASSPKTDSYNSPLHF	TRBV4-3	TRBJ1-6
CASSLYSQDTEAFF	TRBV27	TRBJ1-1
CSVETRSSYEQYF	TRBV29-1	TRBJ2-7
CASSFREPSSQYF	TRBV7-9	TRBJ2-5
CASRLSWGTEAFF	TRBV19	TRBJ1-1
CASSPNFRTQYF	TRBV6-3	TRBJ2-3
CASGGWEGNEQFF	TRBV19	TRBJ2-1
CSVEAGVHTGELFF	TRBV29-1	TRBJ2-2
CASSPGQPETQYF	TRBV12-4	TRBJ2-5
CASKNYSLYGTQYF	TRBV6-9	TRBJ2-3
CASSYDSGTGELFF	TRBV6-5	TRBJ2-2
CASSWVMETQYF	TRBV12-4	TRBJ2-5
CASSFKGQSNFYEQYF	TRBV11-2	TRBJ2-7
CASQIRDRGNYGYTF	TRBV13	TRBJ1-2
CASSQGPLGAGVQTQYF	TRBV3-1	TRBJ2-5
CASSPRGGVPGELFF	TRBV11-3	TRBJ2-2
CSARVIDYLRGNEQFF	TRBV20-1	TRBJ2-1
CASVTGPGNTIYF	TRBV6-3	TRBJ1-3
CASSWGTSGSNEQFF	TRBV27	TRBJ2-1
CASSPTGGGTGELFF	TRBV6-6	TRBJ2-2
CASSEGQKQFF	TRBV5-6	TRBJ2-1
CASSVIPGQGSYGYTF	TRBV4-1	TRBJ1-2
CSARDRNTQGPETQYF	TRBV20-1	TRBJ2-5
CASSYSAGEDYEQYF	TRBV6-5	TRBJ2-7
CASSLGGSTDTQYF	TRBV7-3	TRBJ2-3
CSASPRPDPYEQYF	TRBV20-1	TRBJ2-7
CSARPTRTFNIQYF	TRBV20-1	TRBJ2-4
CASSARDGNIQYF	TRBV6-1	TRBJ2-4
CASSISGQGTDTQYF	TRBV19	TRBJ2-3
CSAESLDFRASTDTQYF	TRBV20-1	TRBJ2-3
CASSSGLAGDVETQYF	TRBV12-3	TRBJ2-5
CASSVGSSATYNEQFF	TRBV9	TRBJ2-1
CASRQQGWGYTF	TRBV6-5	TRBJ1-2
CRLPSYEQFF	TRBV20-1	TRBJ2-1
CASSRVIGAHTDTQYF	TRBV7-9	TRBJ2-3
CASGTPRSPSGNTIYF	TRBV12-5	TRBJ1-3
CASSLGTGEKLFF	TRBV7-2	TRBJ1-4
CASSLVGGRASDTQYF	TRBV7-2	TRBJ2-3
CATSPGLAGAHQETQYF	TRBV24-1	TRBJ2-5
CASSFGGGETYEQYF	TRBV7-9	TRBJ2-7
CASSSARGISNQPQHF	TRBV6-1	TRBJ1-5
CASRTGTGSYRQYF	TRBV27	TRBJ2-7
CASSLAYFGGSYEQYF	TRBV7-9	TRBJ2-7
CASSVTGTEADEQFF	TRBV5-1	TRBJ2-1
CASSVPHNEQFF	TRBV9	TRBJ2-1
CASSSDSEAFF	TRBV6-6	TRBJ1-1
CASRETGVYNEQFF	TRBV27	TRBJ2-1
CASKGVRNYGYTF	TRBV27	TRBJ1-2
CASSQVIDQETQYF	TRBV3-1	TRBJ2-5
CASSQDWGTVYGYTF	TRBV3-1	TRBJ1-2
CASSEGYNEQFF	TRBV5-1	TRBJ2-1
CSVGGGNLYEQYF	TRBV29-1	TRBJ2-7
CASSYWTPATNEKLFF	TRBV6-5	TRBJ1-4
CATSLRMNTEAFF	TRBV15	TRBJ1-1
CSVADGGPYGYTF	TRBV29-1	TRBJ1-2
CASSLTGAEAFF	TRBV6-5	TRBJ1-1
CATSRDLVAETQYF	TRBV15	TRBJ2-5
CAWSPDRGRPNEKLFF	TRBV30	TRBJ1-4
CASIRSGTQYF	TRBV6-5	TRBJ2-5
CASSLVVGTGNYGYTF	TRBV12-4	TRBJ1-2
CATSRANTEAFF	TRBV15	TRBJ1-1
CASSFQGEAGLNEQFF	TRBV7-2	TRBJ2-1
CASSEDRDGNTIYF	TRBV19	TRBJ1-3
CASSLGTGWGNQPQHF	TRBV27	TRBJ1-5
CSARAIGTGPWDTEAFF	TRBV20-1	TRBJ1-1
CSASNPGTGDSGELFF	TRBV20-1	TRBJ2-2
CASSRTGTSEQYF	TRBV7-6	TRBJ2-7
CASSLMGQAIMNTEAFF	TRBV7-9	TRBJ1-1
CASSQAALAGFGYEQYF	TRBV7-2	TRBJ2-7
CASRIGGAGNSPLHF	TRBV27	TRBJ1-6
CATSTWDRGSGANVLTF	TRBV15	TRBJ2-6
CATSRDWASGRSGELFF	TRBV15	TRBJ2-2
CASSLAQETQYF	TRBV11-2	TRBJ2-5
CASSSVSLEQFF	TRBV6-3	TRBJ2-1
CASSLDSSYNEQFF	TRBV5-1	TRBJ2-1
CASSSSTSGYTDTQYF	TRBV7-8	TRBJ2-3
CASSLASQETQYF	TRBV7-9	TRBJ2-5
CASSSPGQDYGYTF	TRBV5-1	TRBJ1-2
CASSLVQGTYEQYF	TRBV5-1	TRBJ2-7
CASSTKAGEYADTQYF	TRBV9	TRBJ2-3
CASSFQSGQNFYGYTF	TRBV27	TRBJ1-2
CASSHTVSGISASGNTIYF	TRBV7-9	TRBJ1-3
CASSPSGGYNEQFF	TRBV9	TRBJ2-1
CASSITESGANVLTF	TRBV7-9	TRBJ2-6
CASALLSSYNSPLHF	TRBV12-5	TRBJ1-6
CASSLGVTPNEQFF	TRBV7-6	TRBJ2-1
CASTGLAGGIGETQYF	TRBV27	TRBJ2-5
CASSARVDYEQYF	TRBV6-1	TRBJ2-7
CASSVTSGGYSTDTQYF	TRBV2	TRBJ2-3
CASSEGGHPFNQPQHF	TRBV10-2	TRBJ1-5
CASSMGLDRGANNYEQYF	TRBV6-6	TRBJ2-7
CSARGWETMNTEAFF	TRBV20-1	TRBJ1-1
CASSPWGGQHYEQYF	TRBV7-2	TRBJ2-7
CASSDLAVSYNEQFF	TRBV28	TRBJ2-1
CSADPVDSTLEEETQYF	TRBV20-1	TRBJ2-5
CASSLRFRQSYEQYF	TRBV12-4	TRBJ2-7
CASSLFTEAFF	TRBV11-2	TRBJ1-1
CASSLLGGAGTGELFF	TRBV9	TRBJ2-2
CASSLAGGRDEQYF	TRBV9	TRBJ2-7
CASSLFPRLYEQYF	TRBV27	TRBJ2-7
CASSAGRQGALVQTEAFF	TRBV2	TRBJ1-1
CASSLPGGEDTEAFF	TRBV7-8	TRBJ1-1
CASSLQTGQETQYF	TRBV28	TRBJ2-5
CASSPGQGVNTEAFF	TRBV2	TRBJ1-1
CASSHPLNTEAFF	TRBV14	TRBJ1-1
CASSSWLGAPDTQYF	TRBV27	TRBJ2-3
CASSPGSDVGLYEQYF	TRBV9	TRBJ2-7
CASSRTGLVIGNTQYF	TRBV7-9	TRBJ2-3
CASSLGGVSPLHF	TRBV11-2	TRBJ1-6
CASTFSFGQNTEAFF	TRBV7-9	TRBJ1-1
CASSLSTNEQFF	TRBV27	TRBJ2-1
CASRTSGSSYNEQFF	TRBV5-4	TRBJ2-1
CSVGGGGQPQHF	TRBV29-1	TRBJ1-5
CASRWTGFSEQFF	TRBV19	TRBJ2-1
CASSLAPGATSEKLFF	TRBV7-6	TRBJ1-4
CATGTDTQYF	TRBV6-3	TRBJ2-3
CASSLGPRRGNEQFF	TRBV5-4	TRBJ2-1
CASSMLGEGAGTEAFF	TRBV19	TRBJ1-1
CASTLGGESNQPQHF	TRBV9	TRBJ1-5
CSATYPRQGYYEQYF	TRBV20-1	TRBJ2-7
CASRQGGDGYTF	TRBV19	TRBJ1-2
CSARSLYSTDTQYF	TRBV20-1	TRBJ2-3
CASSPSDWNGYTF	TRBV27	TRBJ1-2
CASSPWTGAGDEQYF	TRBV9	TRBJ2-7
CASSQAWTGSYGYTF	TRBV4-1	TRBJ1-2
CASSWTGGANSPLHF	TRBV5-8	TRBJ1-6
CASSRQPSTYEQYF	TRBV18	TRBJ2-7
CASSMIGTGHQPQHF	TRBV19	TRBJ1-5
CSVELTGNTIYF	TRBV29-1	TRBJ1-3
CASSLGQRYTF	TRBV5-1	TRBJ1-2
CAITVFSGANVLTF	TRBV5-1	TRBJ2-6
CATSRDNSGANVLTF	TRBV15	TRBJ2-6
CASSSIYRGYYSPLHF	TRBV7-9	TRBJ1-6
CASGLTGFMDEQYF	TRBV12-5	TRBJ2-7
CASSSHEDRGSSSPLHF	TRBV7-9	TRBJ1-6
CASMAGTYNEQFF	TRBV7-9	TRBJ2-1
CASTGQGLGNQPQHF	TRBV19	TRBJ1-5
CASSPEGDEQFF	TRBV7-9	TRBJ2-1
CSVGTGTYEQYF	TRBV29-1	TRBJ2-7
CASSEQGAPYNEQFF	TRBV25-1	TRBJ2-1
CASSQEGDPSTDTQYF	TRBV3-1	TRBJ2-3
CSVAETYEQYF	TRBV29-1	TRBJ2-7
CASSYSGTNQPQHF	TRBV6-2	TRBJ1-5
CASSFPESLVTGGDPTEAFF	TRBV7-9	TRBJ1-1
CASIPAGGPGDTQYF	TRBV6-3	TRBJ2-3
CSARVWGANYEQYF	TRBV20-1	TRBJ2-7
CASSVEGRGTEAFF	TRBV9	TRBJ1-1
CASRRRDGTQYF	TRBV27	TRBJ2-5
CASSIAGYYEQFF	TRBV19	TRBJ2-1
CSARGGVAILNSNQPQHF	TRBV20-1	TRBJ1-5
CAWNTVGTSSEAFF	TRBV30	TRBJ1-1
CASSYATGDADTQYF	TRBV6-5	TRBJ2-3
CASSPEGRDYETQYF	TRBV5-1	TRBJ2-5
CASSALDSTGELFF	TRBV27	TRBJ2-2
CASSIRDREYNEQFF	TRBV19	TRBJ2-1
CASSSRTDTAYGYTF	TRBV12-4	TRBJ1-2
CSARPTSSPLLNEQFF	TRBV20-1	TRBJ2-1
CASSLGSGTEAFF	TRBV7-9	TRBJ1-1
CASSYSIPGELFF	TRBV6-3	TRBJ2-2
CASSFSPAQGAFF	TRBV11-2	TRBJ1-1
CASKGQGARDGYTF	TRBV6-6	TRBJ1-2
CASSLVRAATGELFF	TRBV11-2	TRBJ2-2
CASSIFETEAFF	TRBV19	TRBJ1-1
CASSPDRGRTNEQFF	TRBV7-7	TRBJ2-1
CASSLAGYEQYF	TRBV12-3	TRBJ2-7
CASSQGTGVAFNSPLHF	TRBV4-1	TRBJ1-6
CATSSTGLKTQYF	TRBV15	TRBJ2-5
CASSLTGDEQYF	TRBV7-9	TRBJ2-7
CASSQNPGQFYGYTF	TRBV5-4	TRBJ1-2
CASSRGPGQGEETQYF	TRBV2	TRBJ2-5
CASRTEGAGWTEAFF	TRBV12-3	TRBJ1-1
CASSYGTSGPINEQFF	TRBV6-5	TRBJ2-1
CASSEGTDTQYF	TRBV19	TRBJ2-3
CASSPGSHFYGYTF	TRBV12-3	TRBJ1-2
CASSLIFGRQYF	TRBV7-6	TRBJ2-7
CASSVFGELFF	TRBV19	TRBJ2-2
CASSQDSPGIRDNQPQHF	TRBV3-1	TRBJ1-5
CASNPTGDFYEQYF	TRBV2	TRBJ2-7
CASSILGTGEAFF	TRBV19	TRBJ1-1
CASSYPGLAEAFF	TRBV6-5	TRBJ1-1
CASSATEQFF	TRBV18	TRBJ2-1
CASSDTGVYNEQFF	TRBV6-5	TRBJ2-1
CASTPGTSGAEQFF	TRBV28	TRBJ2-1
CASSFPRIGDNEQFF	TRBV7-9	TRBJ2-1
CASSWGGASGETQYF	TRBV7-7	TRBJ2-5
CASSLNGVYMEQYF	TRBV5-4	TRBJ2-7
CASSLASGTEQFF	TRBV12-3	TRBJ2-1
CATSRDQGTKNTEAFF	TRBV15	TRBJ1-1
CASSGSDGQAKWETQYF	TRBV9	TRBJ2-5
CASSDSGFGISDGYTF	TRBV6-4	TRBJ1-2
CASSQDWVLAGTQEQFF	TRBV4-1	TRBJ2-1
CASSHTSGEGTGELFF	TRBV7-9	TRBJ2-2
CASSDRGKQYYEQYF	TRBV19	TRBJ2-7
CSASAPYYEQYF	TRBV20-1	TRBJ2-7
CASSIATGSEQFF	TRBV19	TRBJ2-1
CASSPSSGPNEKLFF	TRBV28	TRBJ1-4
CSARTGDLQYF	TRBV20-1	TRBJ2-4
CASSPRGLSSYEQYF	TRBV19	TRBJ2-7
CASSLSSGIEETQYF	TRBV5-1	TRBJ2-5
CASSLDPGLPLYNEQFF	TRBV11-2	TRBJ2-1
CATSRGQGYEQYF	TRBV15	TRBJ2-7
CASSRLATGQITDTQYF	TRBV7-9	TRBJ2-3
CASSSRDRAVANYGYTF	TRBV7-9	TRBJ1-2
CATSRERGIGSNQPQHF	TRBV15	TRBJ1-5
CASSLADASTNEKLFF	TRBV7-9	TRBJ1-4
CASRASGRNEQFF	TRBV6-1	TRBJ2-1
CASSRIEQANTGELFF	TRBV13	TRBJ2-2
CASSLAPSGVTQYF	TRBV5-1	TRBJ2-3
CASSSSMNTEAFF	TRBV19	TRBJ1-1
CASSLLQPFGTEAFF	TRBV13	TRBJ1-1
CAREGGNYGYTF	TRBV2	TRBJ1-2
CASTPGLAGAGNEQFF	TRBV25-1	TRBJ2-1
CASSLYGGGRENLRTEAFF	TRBV7-8	TRBJ1-1
CASSQVGYRTYEQYF	TRBV14	TRBJ2-7
CASRPRQGRGSYNEQFF	TRBV7-9	TRBJ2-1
CASSLVGPGRELGETQYF	TRBV5-1	TRBJ2-5
CASSQGGGQPQHF	TRBV2	TRBJ1-5
CASSLRGGGDTQYF	TRBV7-3	TRBJ2-3
CASSGGGYEQYF	TRBV4-2	TRBJ2-7
CSARQGSGNTIYF	TRBV20-1	TRBJ1-3
CASSQGRRGGSYEQYF	TRBV4-1	TRBJ2-7
CASSSPRGGRITEAFF	TRBV7-9	TRBJ1-1
CASRGVFGAGLTDTQYF	TRBV28	TRBJ2-3
CASSPHQHEQYF	TRBV11-2	TRBJ2-7
CASSQEESNYGYTF	TRBV4-3	TRBJ1-2
CASKFAGGPYEQYF	TRBV7-2	TRBJ2-7
CASGLGDRVVDEQFF	TRBV12-5	TRBJ2-1
CASSFVGGGTGAGELFF	TRBV7-2	TRBJ2-2
CASSLGQVGLAGAPNTGELFF	TRBV7-3	TRBJ2-2
CASSPQTSGGLNEQFF	TRBV9	TRBJ2-1
CASSLFQAETQYF	TRBV27	TRBJ2-5
CASSANWRGSTDTQYF	TRBV9	TRBJ2-3
CAWSGGTTEAFF	TRBV30	TRBJ1-1
CASSSGGSYNEQFF	TRBV19	TRBJ2-1
CASFISGGADDTQYF	TRBV6-1	TRBJ2-3
CSAAKTSVYEQFF	TRBV20-1	TRBJ2-1
CASSQDGGGYNEQFF	TRBV4-3	TRBJ2-1
CASRRLTAKNEKLFF	TRBV5-6	TRBJ1-4
CSVGRDPNSYEQYF	TRBV29-1	TRBJ2-7
CASSHTVSGGSNEQFF	TRBV4-3	TRBJ2-1
CASRSSLMTGNNANEQYF	TRBV12-4	TRBJ2-7
CASSINPPGQGSYNEQFF	TRBV19	TRBJ2-1
CASSEASGGANIQYF	TRBV6-6	TRBJ2-4
CASSEQGYEQYF	TRBV7-2	TRBJ2-7
CSARGTSYGGRGPEQYF	TRBV20-1	TRBJ2-7
CASSIVAGGYNEQFF	TRBV19	TRBJ2-1
CASSPRIHWETQYF	TRBV6-5	TRBJ2-5
CASSIDLGLASYNEQFF	TRBV19	TRBJ2-1
CASSEGGPYEQYF	TRBV19	TRBJ2-7
CASSLSYNEQFF	TRBV7-9	TRBJ2-1
CASSVTNGGTEAFF	TRBV9	TRBJ1-1
CSARGTGTSYEQYF	TRBV20-1	TRBJ2-7
CASDKSQGSPGELFF	TRBV6-3	TRBJ2-2
CSVQGPSPEAFF	TRBV29-1	TRBJ1-1
CASSFGGNAYNEQFF	TRBV5-6	TRBJ2-1
CASSLILHEQYF	TRBV7-2	TRBJ2-7
CASSHWQVIADNTGELFF	TRBV5-8	TRBJ2-2
CASSYGFGPAQGEKLFF	TRBV6-6	TRBJ1-4
CSAREQGATYNEQFF	TRBV20-1	TRBJ2-1
CASSMGTVYLNTEAFF	TRBV19	TRBJ1-1
CASSSAGPYTRRTRQGGQFF	TRBV7-9	TRBJ2-1
CASSLERGSYNEQFF	TRBV5-1	TRBJ2-1
CASSDLWPNSYEQYF	TRBV2	TRBJ2-7
CASSFTLGGTDTQYF	TRBV7-7	TRBJ2-3
CASRGPSNQPQHF	TRBV19	TRBJ1-5
CASSMGGYTYGYTF	TRBV19	TRBJ1-2
CASSTSDRVNTIYF	TRBV18	TRBJ1-3
CASSEGRGEQYF	TRBV6-6	TRBJ2-7
CASSSTGGGGYTF	TRBV3-1	TRBJ1-2
CASSFRQGDTGELFF	TRBV5-8	TRBJ2-2
CASREDGTEAFF	TRBV6-1	TRBJ1-1
CASSQFVLGDQDLNEQFF	TRBV4-1	TRBJ2-1
CASSTHGQFSGNTIYF	TRBV9	TRBJ1-3
CASSLLGDYGYTF	TRBV12-4	TRBJ1-2
CSARARRGELTDTQYF	TRBV20-1	TRBJ2-3
CASTGTSGGPTLRDEQFF	TRBV7-9	TRBJ2-1
CASSRVEDGNTIYF	TRBV6-5	TRBJ1-3
CASSLKTGFSNQPQHF	TRBV5-6	TRBJ1-5
CASSSHDRDGGYSPLHF	TRBV7-9	TRBJ1-6
CASSSGQGGEKLFF	TRBV5-1	TRBJ1-4
CASRGPVETQYF	TRBV11-2	TRBJ2-5
CASSLSPGQGDTQYF	TRBV27	TRBJ2-3
CSAGNSGGYNEQFF	TRBV20-1	TRBJ2-1
CASSQTQGVTEAFF	TRBV13	TRBJ1-1
CASSLAGDYEQYF	TRBV5-4	TRBJ2-7
CASSQGDSRSYEQYF	TRBV4-1	TRBJ2-7
CSARPGRVNEKLFF	TRBV20-1	TRBJ1-4
CSAHGDSRRLNSPLHF	TRBV20-1	TRBJ1-6
CASSLMGFTNEKLFF	TRBV5-4	TRBJ1-4
CASSVGAFQETQYF	TRBV9	TRBJ2-5
CASSQGAETGSTEAFF	TRBV4-3	TRBJ1-1
CASSLAYILGLGDEQFF	TRBV12-4	TRBJ2-1
CASSLAPGDGYEQYF	TRBV12-3	TRBJ2-7
CATSDRTGRHEQYF	TRBV15	TRBJ2-7
CASSEGLGQGKGQYF	TRBV2	TRBJ2-7
CASSTRDRGWTSGYNEQFF	TRBV14	TRBJ2-1
CASSLGQQGVNRDWYNEQFF	TRBV11-2	TRBJ2-1
CSVEDRGDYETQYF	TRBV29-1	TRBJ2-5
CASNGNTDTQYF	TRBV27	TRBJ2-3
CASSYWGALGDTQYF	TRBV6-2	TRBJ2-3
CASSRGGLAENEQFF	TRBV3-1	TRBJ2-1
CASKFHGSHYGYTF	TRBV6-1	TRBJ1-2
CASSLNIYEQYF	TRBV28	TRBJ2-7
CASSMIGGDTEAFF	TRBV19	TRBJ1-1
CASGVVNEAFF	TRBV12-3	TRBJ1-1
CASSPGTDMNTEAFF	TRBV28	TRBJ1-1
CASSQEPDREGNYGYTF	TRBV4-3	TRBJ1-2
CASSLVTGTGKYGYTF	TRBV6-5	TRBJ1-2
CASSPGGREQETQYF	TRBV12-4	TRBJ2-5
CAISPSRSKNIQYF	TRBV10-3	TRBJ2-4
CASSQEEIVSGELFF	TRBV4-1	TRBJ2-2
CASSLQGGAAGGYTF	TRBV27	TRBJ1-2
CASSLGQLSYNEQFF	TRBV2	TRBJ2-1
CASSQISGLAEETQYF	TRBV14	TRBJ2-5
CSARDGRGENTEAFF	TRBV20-1	TRBJ1-1
CASSQVGDNGDGYTF	TRBV4-2	TRBJ1-2
CASSLAPGLPNEQFF	TRBV5-1	TRBJ2-1
CASSLEGQGPLYYGYTF	TRBV5-6	TRBJ1-2
CAWNPANSGNTIYF	TRBV30	TRBJ1-3
CSAEAEAFF	TRBV20-1	TRBJ1-1
CATSGPHTDTQYF	TRBV24-1	TRBJ2-3
CASSLTEIPAIYGYTF	TRBV6-5	TRBJ1-2
CASSLNGMNTEAFF	TRBV5-8	TRBJ1-1
CASSQDMGQGTDTQYF	TRBV4-1	TRBJ2-3
CASSQDHLGPNQPQHF	TRBV4-2	TRBJ1-5
CASSFRLAGAGDTQYF	TRBV11-3	TRBJ2-3
CASSYSSGEPQHF	TRBV6-6	TRBJ1-5
CASSLFGLAGDYNEQFF	TRBV27	TRBJ2-1
CASSLNEPLHF	TRBV11-2	TRBJ1-6
CASSLGHGDQPQHF	TRBV13	TRBJ1-5
CASSHPAGGEETQYF	TRBV4-1	TRBJ2-5
CASSYEGADEKLFF	TRBV6-5	TRBJ1-4
CAWSWGQGVRELFF	TRBV30	TRBJ2-2
CASSQYTGANTEAFF	TRBV16	TRBJ1-1
CSARGLFGDEQFF	TRBV20-1	TRBJ2-1
CASSPHPGSTEAFF	TRBV7-3	TRBJ1-1
CASSQGGRINQPQHF	TRBV4-2	TRBJ1-5
CASRGRTGTNEKLFF	TRBV13	TRBJ1-4
CASSGAGTYGYTF	TRBV9	TRBJ1-2
CASSVAKGRTGAAQSTDTQYF	TRBV7-9	TRBJ2-3
CASSLSGPGQGFADTQYF	TRBV27	TRBJ2-3
CASSPSLGGNQPQHF	TRBV7-6	TRBJ1-5
CASRVTGGNGYTF	TRBV12-4	TRBJ1-2
CASSMWADSPLHF	TRBV19	TRBJ1-6
CASSPRDSPFEQYF	TRBV7-3	TRBJ2-7
CASSLAGSDEKLFF	TRBV27	TRBJ1-4
CASSWRDRGHGNTIYF	TRBV6-5	TRBJ1-3
CASSQGRLRTEAFF	TRBV4-1	TRBJ1-1
CSARGKISGTYNEQFF	TRBV20-1	TRBJ2-1
CASSSLWEETQYF	TRBV27	TRBJ2-5
CASSVYSTEAFF	TRBV19	TRBJ1-1
CASSSDPRNEQFF	TRBV12-4	TRBJ2-1
CASSGFSHEEGTEAFF	TRBV2	TRBJ1-1
CSAYPASNTEAFF	TRBV20-1	TRBJ1-1
CACSSANYGYTF	TRBV12-4	TRBJ1-2
CASSLRGAVTEAFF	TRBV27	TRBJ1-1
CASSHLSETQYF	TRBV14	TRBJ2-5
CASSYSYGYTF	TRBV6-3	TRBJ1-2
CASRPSAGGKGDEKLFF	TRBV12-4	TRBJ1-4
CASSESLEGVNEKLFF	TRBV25-1	TRBJ1-4
CASSLGQGITEAFF	TRBV7-9	TRBJ1-1
CASSEYRRADTEAFF	TRBV10-1	TRBJ1-1
CASSYSSTASGANVLTF	TRBV6-5	TRBJ2-6
CASSQQTGYGYTF	TRBV16	TRBJ1-2
CASRWTGGYEQYF	TRBV27	TRBJ2-7
CASSQRQGGSYEQYF	TRBV4-1	TRBJ2-7
CASSFGTGTTEAFF	TRBV11-2	TRBJ1-1
CASSMAGGDGEQYF	TRBV19	TRBJ2-7
CASQTRGNNEQFF	TRBV19	TRBJ2-1
CASSLYGGMDYNEQFF	TRBV7-3	TRBJ2-1
CASTPLGQGEETQYF	TRBV7-8	TRBJ2-5
CSVGQGNGYTF	TRBV29-1	TRBJ1-2
CASSQDLATWVQYF	TRBV3-1	TRBJ2-3
CSARDISDTQYF	TRBV20-1	TRBJ2-3
CASSGTSGHNEQFF	TRBV18	TRBJ2-1
CASSWGRVGHNEQFF	TRBV6-5	TRBJ2-1
CASSFYVGGPYEQYF	TRBV27	TRBJ2-7
CASSSGLAGGRDTDTQYF	TRBV6-5	TRBJ2-3
CAWSLWGSLNTEAFF	TRBV30	TRBJ1-1
CASSILGGNEQFF	TRBV27	TRBJ2-1
CASSPGERLTALSGNTIYF	TRBV5-1	TRBJ1-3
CSVDDGNSGANVLTF	TRBV29-1	TRBJ2-6
CASSYWGLAGGTDTQYF	TRBV6-5	TRBJ2-3
CASPGSGHYNEQFF	TRBV2	TRBJ2-1
CSASRPLGGLSYEQYF	TRBV20-1	TRBJ2-7
CAWSVLLAERNEQFF	TRBV30	TRBJ2-1
CASAPDSYEQYF	TRBV5-1	TRBJ2-7
CASSLSDRPSATDTQYF	TRBV7-7	TRBJ2-3
CASSYGGNEQFF	TRBV6-2	TRBJ2-1
CSAIGLAGGSQQFF	TRBV20-1	TRBJ2-1
CASSQGNQPQHF	TRBV10-1	TRBJ1-5
CASSYGTGNQPQHF	TRBV6-5	TRBJ1-5
CASVLGDHRNQPQHF	TRBV19	TRBJ1-5
CSARDFQGYTF	TRBV20-1	TRBJ1-2
CASSPSAGGAYNEQFF	TRBV5-5	TRBJ2-1
CASSFYPAGGNSPLHF	TRBV27	TRBJ1-6
CASSFGPNYGYTF	TRBV6-5	TRBJ1-2
CASSYRNTEAFF	TRBV19	TRBJ1-1
CASGFFPLGLGNTIYF	TRBV12-5	TRBJ1-3
CASSLTRAGNTIYF	TRBV12-4	TRBJ1-3
CASSPESSYNEQFF	TRBV27	TRBJ2-1
CASSLASGTSNYNEQFF	TRBV12-4	TRBJ2-1
CASSELQETQYF	TRBV2	TRBJ2-5
CASSLVGGLGNNEQFF	TRBV7-2	TRBJ2-1
CASSLRAGSYNEQFF	TRBV5-6	TRBJ2-1
CAWSIGQPYSPLHF	TRBV30	TRBJ1-6
CASSLKHRTSGGDQETQYF	TRBV14	TRBJ2-5
CASSLEGSPLHF	TRBV27	TRBJ1-6
CSARDLSGGSYNEQFF	TRBV20-1	TRBJ2-1
CASSIEPYNEQFF	TRBV27	TRBJ2-1
CASSLARYEQYF	TRBV12-3	TRBJ2-7
CATRSATGDNYGYTF	TRBV6-6	TRBJ1-2
CASSGTGGFYEQFF	TRBV14	TRBJ2-1
CASSLWGQGNTGELFF	TRBV5-6	TRBJ2-2
CASSLGYIRQGGFVTEAFF	TRBV11-2	TRBJ1-1
CASSSSRASKSYNEQFF	TRBV7-9	TRBJ2-1
CASSSWDRASGANVLTF	TRBV11-1	TRBJ2-6
CASSPGQWTKNIQYF	TRBV6-5	TRBJ2-4
CSASSYMNTEAFF	TRBV20-1	TRBJ1-1
CASSATVITDTQYF	TRBV6-1	TRBJ2-3
CASSAGSFRHPYSNQPQHF	TRBV9	TRBJ1-5
CASSYTVQPYNEQFF	TRBV6-2	TRBJ2-1
CASSLSGGTEAFF	TRBV27	TRBJ1-1
CASSQIEKLFF	TRBV16	TRBJ1-4
CASSWTGGMWPQHF	TRBV27	TRBJ1-5
CAATRAGSPDTQYF	TRBV12-3	TRBJ2-3
CSARDLLVASYNEQFF	TRBV20-1	TRBJ2-1
CASSPGEARGEQFF	TRBV5-6	TRBJ2-1
CASSLAIGNYGYTF	TRBV7-9	TRBJ1-2
CASSQIFRGSSYNEQFF	TRBV14	TRBJ2-1
CSTGTGYEQYF	TRBV20-1	TRBJ2-7
CASSFSGGALYNEQFF	TRBV27	TRBJ2-1
CASSMVAGVYNEQFF	TRBV19	TRBJ2-1
CSAQQTGTTDTQYF	TRBV20-1	TRBJ2-3
CASNPETGINTEAFF	TRBV5-6	TRBJ1-1
CASSQEASGTYNEQFF	TRBV4-3	TRBJ2-1
CASSRLGDGDSNQPQHF	TRBV6-6	TRBJ1-5
CSARGLDRIYYNEQFF	TRBV20-1	TRBJ2-1
CASSLSVGVNTEAFF	TRBV27	TRBJ1-1
CASSRRGQNTEAFF	TRBV7-3	TRBJ1-1
CASSSPFSYNEQFF	TRBV27	TRBJ2-1
CASSYSTGGNTEAFF	TRBV6-5	TRBJ1-1
CASSPGTVQSDTQYF	TRBV7-9	TRBJ2-3
CASSPRMSPYEQYF	TRBV12-4	TRBJ2-7
CASSSGQANYYGYTF	TRBV11-3	TRBJ1-2
CASSIGTSRNEQFF	TRBV19	TRBJ2-1
CASSFLLAEETQYF	TRBV11-2	TRBJ2-5
CASSLTDRGLDEQYF	TRBV7-2	TRBJ2-7
CASRSMGQGNQPQHF	TRBV19	TRBJ1-5
CASSQRRQITGGGETQYF	TRBV4-3	TRBJ2-5
CASSQVGPGRANTEAFF	TRBV4-3	TRBJ1-1
CASRFSPGENTEAFF	TRBV10-1	TRBJ1-1
CASSQDWGQGYEQYF	TRBV4-1	TRBJ2-7
CASSILWTGRGYTF	TRBV19	TRBJ1-2
CSALGGDGETQYF	TRBV29-1	TRBJ2-5
CASFFRRDGDNQPQHF	TRBV7-4	TRBJ1-5
CASSFDGGEMGRNEQFF	TRBV7-9	TRBJ2-1
CARGLDRGLYNSPLHF	TRBV2	TRBJ1-6
CASSIVGTGNTEAFF	TRBV19	TRBJ1-1
CASSYSMGASYNEQFF	TRBV6-5	TRBJ2-1
CASIESASGSHTGELFF	TRBV19	TRBJ2-2
CASSLEAGNTEAFF	TRBV7-8	TRBJ1-1
CSARGWDTQYF	TRBV20-1	TRBJ2-3
CASMGQGPYEQYF	TRBV6-1	TRBJ2-7
CASSKNQGGNQPQHF	TRBV7-6	TRBJ1-5
CASSPSDGRTDTQYF	TRBV7-2	TRBJ2-3
CASSFGTGDNTIYF	TRBV9	TRBJ1-3
CASSQGAEQWPQHF	TRBV3-1	TRBJ1-5
CSVVGNYGYTF	TRBV29-1	TRBJ1-2
CAISEGGGVTEAFF	TRBV10-3	TRBJ1-1
CASSSSRDRGYNYGYTF	TRBV5-1	TRBJ1-2
CASSSSPLQGTNYGYTF	TRBV27	TRBJ1-2
CAWSVWQMSSGANVLTF	TRBV30	TRBJ2-6
CASSSSGQPPQETQYF	TRBV5-1	TRBJ2-5
CASSPKREVRVLEKLFF	TRBV18	TRBJ1-4
CSAISRDLLYEQYF	TRBV20-1	TRBJ2-7
CASSHGKTQYF	TRBV3-1	TRBJ2-5
CASSLAGGINEQFF	TRBV27	TRBJ2-1
CASSPSGLGVLARETQYF	TRBV9	TRBJ2-5
CASSQLPGPEAFF	TRBV4-1	TRBJ1-1
CASGDGTGTEAFF	TRBV9	TRBJ1-1
CASSSGTSSYNEQFF	TRBV5-4	TRBJ2-1
CATQEGQLGNTIYF	TRBV15	TRBJ1-3
CSAPLLMEPEAFF	TRBV20-1	TRBJ1-1
CASKGDTGELFF	TRBV2	TRBJ2-2
CASKTLGSTEAFF	TRBV6-1	TRBJ1-1
CASSLASVGLLGYTF	TRBV11-2	TRBJ1-2
CASSPRTSEQFF	TRBV7-8	TRBJ2-1
CSVEVTEAFF	TRBV29-1	TRBJ1-1
CATSDGRMVSYNEQFF	TRBV24-1	TRBJ2-1
CSARVRTQGTYNEQFF	TRBV20-1	TRBJ2-1
CASSFQGRRLHF	TRBV11-1	TRBJ1-6
CASSLDRVPANEKLFF	TRBV7-9	TRBJ1-4
CASSPDGSGANVLTF	TRBV5-1	TRBJ2-6
CASGRGGGPDTQYF	TRBV28	TRBJ2-3
CASSQSGTYNSPLHF	TRBV4-3	TRBJ1-6
CASSRGQPNEKLFF	TRBV9	TRBJ1-4
CASSSGRSNQPQHF	TRBV12-4	TRBJ1-5
CASSFNSEGYEQYF	TRBV13	TRBJ2-7
CASSDRGPGTGELFF	TRBV27	TRBJ2-2
CASSRKPGQGKSGELFF	TRBV14	TRBJ2-2
CATSDLGSNGELFF	TRBV24-1	TRBJ2-2
CSASGPGLYYNEQFF	TRBV20-1	TRBJ2-1
CASSLPPGSGGARETQYF	TRBV5-6	TRBJ2-5
CASSLSGLGDYNEQFF	TRBV7-9	TRBJ2-1
CASGLPQGRGEQFF	TRBV12-5	TRBJ2-1
CSVPQTEDYNEQFF	TRBV20-1	TRBJ2-1
CASSLYWDQPQHF	TRBV7-9	TRBJ1-5
CASSLSGGVTEAFF	TRBV27	TRBJ1-1
CASSQGTADTQYF	TRBV11-2	TRBJ2-3
CASSLTGGRDIQYF	TRBV9	TRBJ2-4
CASSQDLGTLQPQHF	TRBV4-2	TRBJ1-5
CASSLAQGYAEAFF	TRBV12-4	TRBJ1-1
CASSLGTSGMGEQYF	TRBV11-2	TRBJ2-7
CASEMSGSVDEQYF	TRBV28	TRBJ2-7
CASSPTGTGDGYTF	TRBV27	TRBJ1-2
CASSYSRSQIYEQYF	TRBV6-5	TRBJ2-7
CASTMEDGGQGDTQYF	TRBV28	TRBJ2-3
CAWRTGIGTDTQYF	TRBV30	TRBJ2-3
CSARVEHGLAGSYNEQFF	TRBV20-1	TRBJ2-1
CASSVDTGFTEAFF	TRBV9	TRBJ1-1
CATSPRGGNQPQHF	TRBV15	TRBJ1-5
CASSTGTEAFF	TRBV27	TRBJ1-1
CASSLDLRQGRDTQYF	TRBV5-6	TRBJ2-3
CASSLRVFHNEQFF	TRBV7-9	TRBJ2-1
CASSLAGTAEAFF	TRBV5-1	TRBJ1-1
CASRDRGYNQPQHF	TRBV2	TRBJ1-5
CASGLGNPGSGVTEAFF	TRBV12-5	TRBJ1-1
CAWSVGPGYTEAFF	TRBV30	TRBJ1-1
CSARSRGSYNEQFF	TRBV20-1	TRBJ2-1
CASSIGAAQYF	TRBV19	TRBJ2-5
CASSLEQGYEQYF	TRBV7-8	TRBJ2-7
CASSADSYGANVLTF	TRBV10-1	TRBJ2-6
CASSLGQDGYTF	TRBV7-8	TRBJ1-2
CASSPVRKARYEQYF	TRBV18	TRBJ2-7
CASRSRSGGEGDTQYF	TRBV7-9	TRBJ2-3
CASRERTGPRTDTQYF	TRBV4-1	TRBJ2-3
CASSVGISYNEQFF	TRBV6-4	TRBJ2-1
CASSPPGQANTEAFF	TRBV4-1	TRBJ1-1
CASSLDTGFVTQYF	TRBV11-2	TRBJ2-5
CASSLQGLESSSTDTQYF	TRBV6-5	TRBJ2-3
CASSFGTSPGANVLTF	TRBV18	TRBJ2-6
CSVDRYGGDTYEQYF	TRBV29-1	TRBJ2-7
CASSQGLGTSGPYEQYF	TRBV4-3	TRBJ2-7
CAWSLTINTEAFF	TRBV30	TRBJ1-1
CASSLGGGMNTEAFF	TRBV7-9	TRBJ1-1
CASGLDGLAALGPYNEQFF	TRBV12-5	TRBJ2-1
CAWSVGSQGLVETQYF	TRBV30	TRBJ2-5
CASSLGEPATGELFF	TRBV11-3	TRBJ2-2
CASGPLLLMTNEQFF	TRBV12-4	TRBJ2-1
CASTEAGGPGNEQFF	TRBV19	TRBJ2-1
CASSHGTSGYTF	TRBV4-2	TRBJ1-2
CASSEAGDRYNSPLHF	TRBV6-1	TRBJ1-6
CASSQDPGLGSNEQFF	TRBV4-3	TRBJ2-1
CASSTTTGNTEAFF	TRBV12-3	TRBJ1-1
CASSFQGPASFYGYTF	TRBV7-9	TRBJ1-2
CASSPGLASPYSYNEQFF	TRBV6-3	TRBJ2-1
CASSEEQSGGPQETQYF	TRBV6-1	TRBJ2-5
CASSIDGGLYNEQFF	TRBV19	TRBJ2-1
CASSLNSVGTEAFF	TRBV28	TRBJ1-1
CASSPTGGWADTQYF	TRBV5-4	TRBJ2-3
CASSPDINSPLHF	TRBV12-4	TRBJ1-6
CATSDLKVHSGNYGYTF	TRBV24-1	TRBJ1-2
CATSDRGEGIETQYF	TRBV24-1	TRBJ2-5
CASTKGDMGADTQYF	TRBV11-2	TRBJ2-3
CASSPRGPAYGYTF	TRBV9	TRBJ1-2
CASIGGGNNEQFF	TRBV27	TRBJ2-1
CASRPPTGGEKLFF	TRBV7-9	TRBJ1-4
CASSLIGQGDPTDTQYF	TRBV7-9	TRBJ2-3
CASSLYGGGGWEQYF	TRBV28	TRBJ2-7
CASSPWLTSGYTDTQYF	TRBV5-5	TRBJ2-3
CASSHVGTGWDLRTDTQYF	TRBV14	TRBJ2-3
CASSRDGAHEQYF	TRBV19	TRBJ2-7
CASSLDRGQGANGYTF	TRBV5-4	TRBJ1-2
CASSLTQSSLSGNTIYF	TRBV7-6	TRBJ1-3
CASSPDWSSHNEQFF	TRBV5-8	TRBJ2-1
CASGFGGDRPDRRAEAFF	TRBV12-5	TRBJ1-1
CASSPRERQETQYF	TRBV7-6	TRBJ2-5
CASTEGGHETQYF	TRBV13	TRBJ2-5
CASSTRSSTEAFF	TRBV19	TRBJ1-1
CATSDVGDGEQYF	TRBV24-1	TRBJ2-7
CASSVDGNEQFF	TRBV9	TRBJ2-1
CASSYSGNTGELFF	TRBV6-3	TRBJ2-2
CASSSPCCSHSYNEQFF	TRBV7-2	TRBJ2-1
CASMGTGFDGYTF	TRBV5-1	TRBJ1-2
CASSWTGGYNEQFF	TRBV12-4	TRBJ2-1
CASSFRDRRNYEQYF	TRBV7-2	TRBJ2-7
CASSPNSNQPQHF	TRBV5-5	TRBJ1-5
CASSLVQGIEQYF	TRBV5-5	TRBJ2-7
CASSDRTGVGETQYF	TRBV6-5	TRBJ2-5
CASSNKAGGASGYTF	TRBV9	TRBJ1-2
CASSQGVGQYGYTF	TRBV4-1	TRBJ1-2
CASTLALGDSGKAPLHF	TRBV4-1	TRBJ1-6
CASSPFAGGMSTDTQYF	TRBV19	TRBJ2-3
CASSLSRDGENIQYF	TRBV6-3	TRBJ2-4
CSARQQGDTGELFF	TRBV20-1	TRBJ2-2
CASSLVGTGYDEQYF	TRBV7-2	TRBJ2-7
CASSLDRVANTEAFF	TRBV7-6	TRBJ1-1
CASSPERNPGWNTEAFF	TRBV18	TRBJ1-1
CASSSGGGGLDGYTF	TRBV7-9	TRBJ1-2
CATESTGIGGYTF	TRBV25-1	TRBJ1-2
CSASDGGGFNEQFF	TRBV20-1	TRBJ2-1
CAAGTRTDTQYF	TRBV2	TRBJ2-3
CASSGGLGASEKLFF	TRBV25-1	TRBJ1-4
CSARDINRGSYEQYF	TRBV20-1	TRBJ2-7
CASSLAGGPADEQFF	TRBV7-9	TRBJ2-1
CASRREDTDTQYF	TRBV7-9	TRBJ2-3
CSAERTGTSGSNEQFF	TRBV20-1	TRBJ2-1
CASSEARDGETQYF	TRBV2	TRBJ2-5
CASSQKQTPSNYGYTF	TRBV4-1	TRBJ1-2
CASSSDYNEQFF	TRBV7-6	TRBJ2-1
CASSPQTGLYGYTF	TRBV6-9	TRBJ1-2
CASSLQGNTGELFF	TRBV7-9	TRBJ2-2
CASSPVGGDNEQFF	TRBV9	TRBJ2-1
CASSHSAKCTAYEQYF	TRBV7-4	TRBJ2-7
CASSSTTAIRDTEAFF	TRBV11-3	TRBJ1-1
CSVEVPWTGTYEQYF	TRBV29-1	TRBJ2-7
CASSSLSGLGYNEQFF	TRBV27	TRBJ2-1
CASSLRSEGPTYEQYF	TRBV5-5	TRBJ2-7
CASSLASANTEAFF	TRBV7-9	TRBJ1-1
CASSGQVGYEQYF	TRBV7-9	TRBJ2-7
CASSVGLTGKVEKLFF	TRBV9	TRBJ1-4
CASSLVVPYEQYF	TRBV7-2	TRBJ2-7
CASSLEYSPRPYEQYF	TRBV7-9	TRBJ2-7
CASSGGQGPLKELTYEQYF	TRBV7-6	TRBJ2-7
CSAFPGPREAYEQYF	TRBV20-1	TRBJ2-7
CSAPDRDTEAFF	TRBV29-1	TRBJ1-1
CASSLGYGQEVEWPQHF	TRBV27	TRBJ1-5
CASTPYTGELFF	TRBV25-1	TRBJ2-2
CASSLQGGNEKLFF	TRBV5-8	TRBJ1-4
CSASFSDTQYF	TRBV20-1	TRBJ2-3
CASSLSASGYNEQFF	TRBV7-9	TRBJ2-1
CASSVYSGTHNEQFF	TRBV9	TRBJ2-1
CASSSWTANEKLFF	TRBV7-9	TRBJ1-4
CAWSGRAGVSNEQFF	TRBV30	TRBJ2-1
CASTGEETQYF	TRBV6-5	TRBJ2-5
CSARDLQAGGPADTQYF	TRBV20-1	TRBJ2-3
CASSGGGAAYEQYF	TRBV5-6	TRBJ2-7
CSVAQEVAGPTGELFF	TRBV29-1	TRBJ2-2
CASSAGGNGYTF	TRBV9	TRBJ1-2
CASSIEGGTTEAFF	TRBV19	TRBJ1-1
CASSLPGAGSSTDTQYF	TRBV28	TRBJ2-3
CAWTEGRGVGEQFF	TRBV30	TRBJ2-1
CASSTTGVAEAFF	TRBV12-4	TRBJ1-1
CASSSLRTVNNEKLFF	TRBV28	TRBJ1-4
CATWRGGREQYF	TRBV27	TRBJ2-7
CASSQVALGQGNYGYTF	TRBV3-1	TRBJ1-2
CASSEGSYEQYF	TRBV2	TRBJ2-7
CASSVYPPGQGRNEQFF	TRBV6-4	TRBJ2-1
CASSAPDGSYEQYF	TRBV9	TRBJ2-7
CASSPGGGYTF	TRBV5-6	TRBJ1-2
CASSELRYNEQFF	TRBV6-1	TRBJ2-1
CASSLDGGSTPYNEQFF	TRBV7-2	TRBJ2-1
CASTSPPGQPQHF	TRBV6-6	TRBJ1-5
CASSVGGTDFYNEQFF	TRBV9	TRBJ2-1
CAWSGANTDTQYF	TRBV30	TRBJ2-3
CASSAQGWTEAFF	TRBV18	TRBJ1-1
CASSEFEGVNTEAFF	TRBV25-1	TRBJ1-1
CASSLGREGGQPQHF	TRBV7-9	TRBJ1-5
CAFDKSNEKLFF	TRBV30	TRBJ1-4
CASSKTGIYGYTF	TRBV28	TRBJ1-2
CASSTSGPYNEQFF	TRBV27	TRBJ2-1
CASSQVPVYGYTF	TRBV14	TRBJ1-2
CASSGLERETQYF	TRBV6-3	TRBJ2-5
CASTSDRDYGYTF	TRBV5-4	TRBJ1-2
CATSDSGVNYGYTF	TRBV24-1	TRBJ1-2
CATKDSSYNEQFF	TRBV24-1	TRBJ2-1
CASSMTGGSYEQYF	TRBV19	TRBJ2-7
CASSFRGSYNEQFF	TRBV5-4	TRBJ2-1
CASTGTGGIYEQYF	TRBV19	TRBJ2-7
CASSSTTSGRGWETQYF	TRBV7-9	TRBJ2-5
CASSFNGQTNTEAFF	TRBV5-4	TRBJ1-1
CASINYGAGLNTEAFF	TRBV19	TRBJ1-1
CASSFGSMNTEAFF	TRBV12-4	TRBJ1-1
CASSVGRGGNTIYF	TRBV9	TRBJ1-3
CASILDSLSNEQFF	TRBV6-3	TRBJ2-1
CATSNTGYSGANVLTF	TRBV15	TRBJ2-6
CASSVTAGDSEQYF	TRBV9	TRBJ2-7
CASSPDSTGELFF	TRBV5-4	TRBJ2-2
CATITGVTEAFF	TRBV19	TRBJ1-1
CASRKGGSSYNEQFF	TRBV2	TRBJ2-1
CASSLVQGLYEQYF	TRBV5-1	TRBJ2-7
CASKFTSSWSDTQYF	TRBV6-5	TRBJ2-3
CASSPRTGGSYGYTF	TRBV5-5	TRBJ1-2
CASNQVTGTGAYSYTF	TRBV6-5	TRBJ1-2
CASSPEGAQSYEQYF	TRBV7-9	TRBJ2-7
CSANPSNRPFRTQYF	TRBV20-1	TRBJ2-5
CASRGTSGGPNTGELFF	TRBV12-3	TRBJ2-2
CASSLEGSHSYNEQFF	TRBV5-1	TRBJ2-1
CASSLGWGARSYNEQFF	TRBV5-4	TRBJ2-1
CASSLGSRPGYTF	TRBV7-8	TRBJ1-2
CSARDTWRRDPGTDTQYF	TRBV20-1	TRBJ2-3
CATSPGGQETQYF	TRBV24-1	TRBJ2-5
CASSGGGAIHNEQFF	TRBV6-5	TRBJ2-1
CASSLSDRGGDEQFF	TRBV12-3	TRBJ2-1
CASSFGGPNYGYTF	TRBV11-2	TRBJ1-2
CASRAMETQYF	TRBV7-9	TRBJ2-5
CASSYRGQPRREKLFF	TRBV5-6	TRBJ1-4
CASSPPTAPNEKLFF	TRBV28	TRBJ1-4
CASKSERGTYEQYF	TRBV6-1	TRBJ2-7
CASSLTGANVLTF	TRBV13	TRBJ2-6
CASRGDSYNEQFF	TRBV5-4	TRBJ2-1
CATDPGQGSYEQYF	TRBV28	TRBJ2-7
CASSLNPRQGRDEQYF	TRBV7-8	TRBJ2-7
CASRGAGQPQHF	TRBV27	TRBJ1-5
CASSQARAYGYTF	TRBV4-3	TRBJ1-2
CASSLELTGSYNEQFF	TRBV10-1	TRBJ2-1
CASSPGNRGETQYF	TRBV25-1	TRBJ2-5
CSARDWGFGDYNEQFF	TRBV20-1	TRBJ2-1
CASSSPLAGHGDTQYF	TRBV12-4	TRBJ2-3
CASSLGGGPHYNEQFF	TRBV5-1	TRBJ2-1
CASSQEDRSYEQYF	TRBV4-3	TRBJ2-7
CASSTQDLQGARSPLHF	TRBV7-9	TRBJ1-6
CASSLVGGFSGNTIYF	TRBV5-6	TRBJ1-3
CASSNGTGGVYEQYF	TRBV7-9	TRBJ2-7
CATSATGLRNQPQHF	TRBV24-1	TRBJ1-5
CASSKTQLWETQYF	TRBV7-2	TRBJ2-5
CASSSTGIGANVLTF	TRBV25-1	TRBJ2-6
CATTVPLSYEQYF	TRBV2	TRBJ2-7
CASSIFLGTLQETQYF	TRBV19	TRBJ2-5
CASSVDPTGGNYGYTF	TRBV9	TRBJ1-2
CASSPTLRPPIAKNIQYF	TRBV2	TRBJ2-4
CASSQTGFPTTNEKLFF	TRBV4-3	TRBJ1-4
CASSQGGIGWPPYF	TRBV3-1	TRBJ2-7
CASSYSGTNEQFF	TRBV6-2	TRBJ2-1
CASSPEGQPNTEAFF	TRBV27	TRBJ1-1
CASSRTQLWETQYF	TRBV7-2	TRBJ2-5
CASSGGSSDTQYF	TRBV27	TRBJ2-3
CATSDPTGGPEKLFF	TRBV24-1	TRBJ1-4
CSVTGPDYLGQYF	TRBV20-1	TRBJ2-7
CASSPSSGAYEQYF	TRBV27	TRBJ2-7
CSAPFGAKKNIQYF	TRBV20-1	TRBJ2-4
CASSEGSSGNTIYF	TRBV25-1	TRBJ1-3
CSARVDRGYTF	TRBV20-1	TRBJ1-2
CASSFSQDPQYF	TRBV7-9	TRBJ2-3
CASSEFGRTNEKLFF	TRBV10-1	TRBJ1-4
CASSLGGFDMNTEAFF	TRBV28	TRBJ1-1
CASSYPRQGFEAFF	TRBV6-3	TRBJ1-1
CASSLSGSTDTQYF	TRBV6-5	TRBJ2-3
CASSLESGVVTGELFF	TRBV7-8	TRBJ2-2
CASKVPAGLEQYF	TRBV28	TRBJ2-7
CASSQGTGLDGNEQFF	TRBV5-1	TRBJ2-1
CASSLAQGTDSYEQYF	TRBV7-9	TRBJ2-7
CASSPLTGTGHYGYTF	TRBV6-1	TRBJ1-2
CATKGQLNTEAFF	TRBV2	TRBJ1-1
CASKGLRPEAFF	TRBV27	TRBJ1-1
CSGGTGELFF	TRBV29-1	TRBJ2-2
CASSFLAGGFNEQFF	TRBV7-3	TRBJ2-1
CASSPLGGAGEDTQYF	TRBV9	TRBJ2-3
CASSLSGTQYEQYF	TRBV27	TRBJ2-7
CASSPLQGRGEAGELFF	TRBV12-3	TRBJ2-2
CASSLVLAGDNEQFF	TRBV7-7	TRBJ2-1
CASSYSTGTHLEQYF	TRBV6-5	TRBJ2-7
CASSRLSSNTDTQYF	TRBV7-3	TRBJ2-3
CASSPNRGLVTEAFF	TRBV19	TRBJ1-1
CASSPYLTLGELFF	TRBV27	TRBJ2-2
CASSQDNPLNSPLHF	TRBV4-2	TRBJ1-6
CASSFRDRGLNEQFF	TRBV2	TRBJ2-1
CASSEDRGYQETQYF	TRBV7-9	TRBJ2-5
CASSGGLEAFF	TRBV6-2	TRBJ1-1
CSARDSRANTEAFF	TRBV20-1	TRBJ1-1
CAWSVPQGAHYGYTF	TRBV30	TRBJ1-2
CASSLSRASTDTQYF	TRBV12-4	TRBJ2-3
CASSYSQGWRNYGYTF	TRBV6-6	TRBJ1-2
CASSQEASGRGFNEQFF	TRBV4-1	TRBJ2-1
CASTYSFETQYF	TRBV10-2	TRBJ2-5
CATSRQTSIEQFF	TRBV15	TRBJ2-1
CSARDREEANYGYTF	TRBV20-1	TRBJ1-2
CSASTDEQFF	TRBV29-1	TRBJ2-1
CSARDGLAGHYEQYF	TRBV20-1	TRBJ2-7
CASSLLAENTGELFF	TRBV7-6	TRBJ2-2
CASSNQGHDGYTF	TRBV10-2	TRBJ1-2
CASRQGAPLNEQFF	TRBV27	TRBJ2-1
CASSEFMGMNTEAFF	TRBV6-1	TRBJ1-1
CATSRLAGGPGETQYF	TRBV15	TRBJ2-5
CASSPWDSRETYEQYF	TRBV11-1	TRBJ2-7
CSAKGLAGVEVNEQFF	TRBV20-1	TRBJ2-1
CASSAYMGLAGGKGTQYF	TRBV9	TRBJ2-3
CASLGDPNTEAFF	TRBV5-8	TRBJ1-1
CASFRAVLYGYTF	TRBV28	TRBJ1-2
CASSPTSGSLFTNEQFF	TRBV27	TRBJ2-1
CASSDPTRGTEAFF	TRBV2	TRBJ1-1
CASSPHQAGGQTDTQYF	TRBV28	TRBJ2-3
CSAREGVYEQFF	TRBV20-1	TRBJ2-1
CASGPVEGRETQYF	TRBV12-5	TRBJ2-5
CASSQDGWAGDQPQHF	TRBV4-1	TRBJ1-5
CASSIRAAYEQYF	TRBV19	TRBJ2-7
CASSLTSGKPYEQYF	TRBV6-5	TRBJ2-7
CASSLPPRLAGVNEQFF	TRBV27	TRBJ2-1
CAWSTTSRNYGYTF	TRBV30	TRBJ1-2
CASSYVRTAEQFF	TRBV6-2	TRBJ2-1
CASTPIESSTDTQYF	TRBV4-1	TRBJ2-3
CASSLVREYNEQFF	TRBV5-6	TRBJ2-1
CASSVSGGDPYEQYF	TRBV9	TRBJ2-7
CASSSFREGGGQPQHF	TRBV6-5	TRBJ1-5
CASSLSSGGQGEQYF	TRBV27	TRBJ2-7
CAISEPGTSTDTQYF	TRBV10-3	TRBJ2-3
CASKQGSNDEQFF	TRBV27	TRBJ2-1
CASSDGLAGEAKNIQYF	TRBV3-1	TRBJ2-4
CASSPPASFPYGYTF	TRBV18	TRBJ1-2
CASSPGQTSNQPQHF	TRBV27	TRBJ1-5
CASSPLGLGRTGELFF	TRBV9	TRBJ2-2
CASSQAHPWRRSYNEQFF	TRBV4-3	TRBJ2-1
CASTPSQGAFNEQFF	TRBV6-1	TRBJ2-1
CASSSRTGYEQYF	TRBV28	TRBJ2-7
CASSYFPELTNTDTQYF	TRBV6-3	TRBJ2-3
CASSLRVNTEAFF	TRBV7-3	TRBJ1-1
CASRASGSYNEQFF	TRBV7-6	TRBJ2-1
CASSTGGRGNQPQHF	TRBV19	TRBJ1-5
CASSEEWGEIYEQYF	TRBV2	TRBJ2-7
CASSQGTSGGLSTDTQYF	TRBV4-3	TRBJ2-3
CASSQDRLAGGYEQYF	TRBV4-1	TRBJ2-7
CASSQRQGLGNTEAFF	TRBV4-1	TRBJ1-1
CASREGVTEAFF	TRBV6-3	TRBJ1-1
CASRQGSDTQYF	TRBV10-2	TRBJ2-3
CASSWEGRLGTEAFF	TRBV7-2	TRBJ1-1
CASSLTSGGHSSYNEQFF	TRBV14	TRBJ2-1
CASSFWTGHADTQYF	TRBV7-9	TRBJ2-3
CASSQDRGATDELFF	TRBV3-1	TRBJ1-4
CASSLRGSSYNEQFF	TRBV7-3	TRBJ2-1
CAIRTTPPGHSTDTQYF	TRBV10-3	TRBJ2-3
CARSQTQLWETQYF	TRBV7-2	TRBJ2-5
CASSLYTPGHFSDEQYF	TRBV4-1	TRBJ2-7
CASINRDTGGELFF	TRBV7-9	TRBJ2-2
CSVAAGADEKLFF	TRBV29-1	TRBJ1-4
CASSMTEQNIQYF	TRBV12-4	TRBJ2-4
CASSLDRDLSSYNEQFF	TRBV27	TRBJ2-1
CASSPRASGGRWHEQFF	TRBV11-2	TRBJ2-1
CASSLWGASGDPFF	TRBV27	TRBJ2-1
CASSATSGVAGELFF	TRBV6-4	TRBJ2-2
CASSLAHGSEDTQYF	TRBV12-4	TRBJ2-3
CASSPDWTSFNEQFF	TRBV11-2	TRBJ2-1
CASSESQGGTDTQYF	TRBV6-1	TRBJ2-3
CSAFPGRYNSPLHF	TRBV20-1	TRBJ1-6
CASSLVEQGIEQYF	TRBV7-8	TRBJ2-7
CASTPKGTSQETQYF	TRBV7-8	TRBJ2-5
CASTLLGGKYEQYF	TRBV7-9	TRBJ2-7
CASSLMTGMNTEAFF	TRBV28	TRBJ1-1
CASSSGYRGKKLFF	TRBV6-5	TRBJ1-4
CASTLTGVNTEAFF	TRBV2	TRBJ1-1
CASSYGARGAEAFF	TRBV6-5	TRBJ1-1
CASSSGLGPRETQYF	TRBV5-8	TRBJ2-5
CASSYGQGQNTEAFF	TRBV7-6	TRBJ1-1
CASSLEDRSWNNEQFF	TRBV11-2	TRBJ2-1
CASSPLAGADTQYF	TRBV6-5	TRBJ2-3
CASSRPYNEQFF	TRBV6-6	TRBJ2-1
CAISESGKGATANQPQHF	TRBV10-3	TRBJ1-5
CASSQDPADTQYF	TRBV4-1	TRBJ2-3
CASSLGLTTGELFF	TRBV5-1	TRBJ2-2
CASSGASSYEQYF	TRBV18	TRBJ2-7
CSATVKSATEAFF	TRBV20-1	TRBJ1-1
CASSPDTTETQYF	TRBV5-1	TRBJ2-5
CSVEGDGTYEQYF	TRBV29-1	TRBJ2-7
CASSHRTGGGSEAFF	TRBV13	TRBJ1-1
CASSRSDGDTGELFF	TRBV7-9	TRBJ2-2
CASSQDEGNEQFF	TRBV3-1	TRBJ2-1
CASSYDGSSYEQYF	TRBV27	TRBJ2-7
CASETEGVRGGYTF	TRBV6-2	TRBJ1-2
CASSPPPWGTNSPLHF	TRBV27	TRBJ1-6
CSAPAGEQFF	TRBV20-1	TRBJ2-1
CASSLGQGTTNGYTF	TRBV4-1	TRBJ1-2
CASSLDRDTQYF	TRBV7-9	TRBJ2-3
CAWSEGVAGFADTQYF	TRBV30	TRBJ2-3
CASGVSGNTGELFF	TRBV10-2	TRBJ2-2
CASSVEEYTDTQYF	TRBV9	TRBJ2-3
CASSISTGGFTEAFF	TRBV13	TRBJ1-1
CASSHDERTGSYEQYF	TRBV7-8	TRBJ2-7
CASSEWGTGGNEQFF	TRBV25-1	TRBJ2-1
CATSSPMGSTDTQYF	TRBV15	TRBJ2-3
CATSDLRGAGDPNEQFF	TRBV24-1	TRBJ2-1
CSVEDLSGRELNNEQFF	TRBV29-1	TRBJ2-1
CSAWTSGGPSRAYEQYF	TRBV20-1	TRBJ2-7
CASSPTDRANYGYTF	TRBV7-6	TRBJ1-2
CASSETGVVNEQFF	TRBV18	TRBJ2-1
CASSLGTLSGQPQHF	TRBV28	TRBJ1-5
CASSLEPGEQFF	TRBV11-2	TRBJ2-1
CASSLDPGVYNEQFF	TRBV13	TRBJ2-1
CASSGGASPYTQYF	TRBV27	TRBJ2-3
CASSMMGQPQHF	TRBV19	TRBJ1-5
CASSYWPDYGYTF	TRBV6-3	TRBJ1-2
CASSLTGSEAFF	TRBV6-2	TRBJ1-1
CASSLSGGQYF	TRBV28	TRBJ2-7
CSVGGTLDTQYF	TRBV29-1	TRBJ2-3
CASSSPGTGTYNEQFF	TRBV5-1	TRBJ2-1
CASSSSGQFEAFF	TRBV27	TRBJ1-1
CASSLAGKKDGYTF	TRBV7-8	TRBJ1-2
CASSLPSSNYGYTF	TRBV5-4	TRBJ1-2
CASSLADRGLSEQYF	TRBV7-9	TRBJ2-7
CASRPIPGAYAQYF	TRBV7-2	TRBJ2-3
CASSWGSYNEQFF	TRBV19	TRBJ2-1
CASSLAGRETQYF	TRBV13	TRBJ2-5
CASRLPGGSNEQFF	TRBV28	TRBJ2-1
CASSLATGNEQFF	TRBV7-6	TRBJ2-1
CASSRPEGAETQYF	TRBV5-6	TRBJ2-5
CASSGQMNTEAFF	TRBV27	TRBJ1-1
CASSVQGSEAFF	TRBV9	TRBJ1-1
CASGTPGYEQYF	TRBV27	TRBJ2-7
CASSIFGEQFF	TRBV19	TRBJ2-1
CSVDGLAGGTYNEQFF	TRBV29-1	TRBJ2-1
CASSPHQADTQYF	TRBV7-3	TRBJ2-3
CASSLATSGWWDTQYF	TRBV5-5	TRBJ2-3
CASGRDSQPNYNSPLHF	TRBV19	TRBJ1-6
CASRSAQRGFTETQYF	TRBV28	TRBJ2-5
CASSFGSGLAGGNFYNEQFF	TRBV12-4	TRBJ2-1
CASTATGQGEQFF	TRBV19	TRBJ2-1
CASSLSADYEQYF	TRBV7-3	TRBJ2-7
CASSPGTGGFQPQHF	TRBV10-2	TRBJ1-5
CASSLVSGSLDIQYF	TRBV5-1	TRBJ2-4
CSARDLRLLANTGELFF	TRBV20-1	TRBJ2-2
CASRGQGGTEAFF	TRBV6-3	TRBJ1-1
CASSFFAGGLGELFF	TRBV27	TRBJ2-2
CASSLLLAGGGDTQYF	TRBV11-2	TRBJ2-3
CASYWLRDRDPEAFF	TRBV6-1	TRBJ1-1
CASSATGVQKLFF	TRBV9	TRBJ1-4
CASSIGGIEAFF	TRBV19	TRBJ1-1
CASSLHSRGARTEAFF	TRBV7-9	TRBJ1-1
CASSLGTGNTEAFF	TRBV19	TRBJ1-1
CSASEQTGGYEQYF	TRBV20-1	TRBJ2-7
CATSDPLGSYNEQFF	TRBV24-1	TRBJ2-1
CASSPYRGQQETQYF	TRBV27	TRBJ2-5
CASSLDLGREPRETQYF	TRBV7-8	TRBJ2-5
CASRNRGGGAHNTQYF	TRBV7-2	TRBJ2-3
CSGSGASTDTQYF	TRBV20-1	TRBJ2-3
CASSTGTGVGNEQFF	TRBV28	TRBJ2-1
CASSSEGGSTEAFF	TRBV5-1	TRBJ1-1
CASSLGQEYSYGYTF	TRBV5-6	TRBJ1-2
CASSYSGTDTQYF	TRBV5-1	TRBJ2-3
CAISQTQLWETQYF	TRBV10-3	TRBJ2-5
CASSYNGQLNQPQHF	TRBV6-5	TRBJ1-5
CASSQVGLAELYNEQFF	TRBV4-3	TRBJ2-1
CASSPEGAYSNQPQHF	TRBV12-4	TRBJ1-5
CSVAFGRRRPEAFF	TRBV29-1	TRBJ1-1
CASSLFGGSDYEQYF	TRBV5-5	TRBJ2-7
CSAIKYDTGELFF	TRBV20-1	TRBJ2-2
CASSPPDRGGTEAFF	TRBV18	TRBJ1-1
CASSSTGGSGELFF	TRBV6-5	TRBJ2-2
CASSRSGGGGLTGELFF	TRBV27	TRBJ2-2
CASSDDRGPTEAFF	TRBV5-4	TRBJ1-1
CATSAWFKGSEAFF	TRBV24-1	TRBJ1-1
CASNYLSDLRYNEQFF	TRBV6-5	TRBJ2-1
CASSFAGVNEQYF	TRBV7-6	TRBJ2-7
CASSLHQTSGGNANTGELFF	TRBV4-1	TRBJ2-2
CASSLPPTGNTDTQYF	TRBV5-1	TRBJ2-3
CSARDPGTNYGYTF	TRBV20-1	TRBJ1-2
CASSERTTSGEKLFF	TRBV6-1	TRBJ1-4
CASSTTGGYSNQPQHF	TRBV19	TRBJ1-5
CASSRDNSYEQYF	TRBV25-1	TRBJ2-7
CASSDGTASTDTQYF	TRBV6-4	TRBJ2-3
CASSPDSDRGNIQYF	TRBV4-1	TRBJ2-4
CASSIGQGGNEQFF	TRBV19	TRBJ2-1
CASSRPEEVSYNEQFF	TRBV5-8	TRBJ2-1
CASSLQGSGYNEQFF	TRBV14	TRBJ2-1
CASSPRDGQETQYF	TRBV7-6	TRBJ2-5
CASSLYTAYEQYF	TRBV7-9	TRBJ2-7
CASSSGGSYEQYF	TRBV7-9	TRBJ2-7
CASSIVGGAYNEQFF	TRBV19	TRBJ2-1
CASSQSSGSYEQYF	TRBV4-3	TRBJ2-7
CASSILGALSYGYTF	TRBV19	TRBJ1-2
CASSPGTASTDTQYF	TRBV12-3	TRBJ2-3
CASSPNYNEQFF	TRBV7-2	TRBJ2-1
CASSRLPGPIQYF	TRBV6-5	TRBJ2-3
CAWSGFGSPGETYEQYF	TRBV30	TRBJ2-7
CASRTSGNKNIQYF	TRBV27	TRBJ2-4
CASSVEGLTGDYGYTF	TRBV9	TRBJ1-2
CASSSVRAGATYNEQFF	TRBV7-9	TRBJ2-1
CASSQGGSFPAFF	TRBV3-1	TRBJ1-1
CAHTDPNPTGELFF	TRBV12-5	TRBJ2-2
CAWARDGTYEQYF	TRBV30	TRBJ2-7
CASTLTGATNEKLFF	TRBV12-4	TRBJ1-4
CATSGTEGTDTQYF	TRBV24-1	TRBJ2-3
CATSERTGNEQFF	TRBV24-1	TRBJ2-1
CASNDRLFGTAYQETQYF	TRBV3-1	TRBJ2-5
CATSRDRANWETQYF	TRBV15	TRBJ2-5
CASSNRAVGPDTQYF	TRBV19	TRBJ2-3
CATSDLPGTPGTDTQYF	TRBV24-1	TRBJ2-3
CASNAGVQNEQFF	TRBV19	TRBJ2-1
CASSTRASGSDEQFF	TRBV27	TRBJ2-1
CATSGETIDGYTF	TRBV24-1	TRBJ1-2
CSVSEGASEQYF	TRBV29-1	TRBJ2-7
CASSFQQPPETDTQYF	TRBV5-5	TRBJ2-3
CASSLGGVQPQHF	TRBV13	TRBJ1-5
CASSLRTGGEDTQYF	TRBV18	TRBJ2-3
CAWAYGVATEAFF	TRBV30	TRBJ1-1
CASSLGSSPREQFF	TRBV27	TRBJ2-1
CASSIGQGPCCFF	TRBV19	TRBJ1-1
CASSLGQVIDEQFF	TRBV27	TRBJ2-1
CASSLATGTGWDQPQHF	TRBV7-6	TRBJ1-5
CASSSVGTEAFF	TRBV7-9	TRBJ1-1
CSAAASGRSYEQYF	TRBV20-1	TRBJ2-7
CASEPYEQYF	TRBV6-1	TRBJ2-7
CASSVDPSGGSGNTEAFF	TRBV9	TRBJ1-1
CSARGSGTYEQYF	TRBV20-1	TRBJ2-7
CASSQDRGVRQYF	TRBV4-1	TRBJ2-7
CASSQDKVRGLASGKTDTQYF	TRBV4-3	TRBJ2-3
CASSYGEGLSEQYF	TRBV6-5	TRBJ2-7
CASSDRMNTEAFF	TRBV2	TRBJ1-1
CASSSPSGPLLSGANVLTF	TRBV11-2	TRBJ2-6
CASSRGQINQPQHF	TRBV7-9	TRBJ1-5
CASSYLGTGTGNTIYF	TRBV6-5	TRBJ1-3
CASSLRGSNEKLFF	TRBV7-6	TRBJ1-4
CASSERLGMNTEAFF	TRBV2	TRBJ1-1
CASSQGKLLSYEQYF	TRBV4-1	TRBJ2-7
CASNHRDRGRGADEQYF	TRBV6-1	TRBJ2-7
CASSIAGRGGYSPLHF	TRBV19	TRBJ1-6
CASSPGGQNYGYTF	TRBV27	TRBJ1-2
CASNWGEQYF	TRBV6-4	TRBJ2-7
CASSVLIAGSGTDTQYF	TRBV2	TRBJ2-3
CASSVGGLAGGVNTGELFF	TRBV9	TRBJ2-2
CASSYGVGNQPQHF	TRBV6-3	TRBJ1-5
CASSQDRGGPGELFF	TRBV4-1	TRBJ2-2
CASSQGFLLGAMETEAFF	TRBV6-2	TRBJ1-1
CASSVGQDGYTF	TRBV5-6	TRBJ1-2
CASSAGSRAYNEQFF	TRBV9	TRBJ2-1
CASSLTSGQKYEQYF	TRBV7-9	TRBJ2-7
CSVRTSGGLETQYF	TRBV29-1	TRBJ2-5
CASSHVGERKTQYF	TRBV4-1	TRBJ2-5
CSARDLLAETYEQYF	TRBV20-1	TRBJ2-7
CSARTGRFYEQYF	TRBV20-1	TRBJ2-7
CASSLVGPGSNQPQHF	TRBV7-9	TRBJ1-5
CASSSVASGSTGELFF	TRBV12-4	TRBJ2-2
CSATLTTTGWEKLFF	TRBV29-1	TRBJ1-4
CASSPGTGLEKLFF	TRBV7-9	TRBJ1-4
CASTGGLPYGYTF	TRBV28	TRBJ1-2
CASSKGGAGELFF	TRBV5-4	TRBJ2-2
CASSIFGELFF	TRBV19	TRBJ2-2
CASSLGTLATSETQYF	TRBV11-2	TRBJ2-5
CASSLVGTTGYTF	TRBV11-2	TRBJ1-2
CASSLGVTNGETQYF	TRBV5-1	TRBJ2-5
CASSVALGQEGEKLFF	TRBV9	TRBJ1-4
CSTRGNTEAFF	TRBV20-1	TRBJ1-1
CASSLGQTPYGYTF	TRBV7-2	TRBJ1-2
CSARDGDRGLYGYTF	TRBV20-1	TRBJ1-2
CASRMTGADTQYF	TRBV28	TRBJ2-3
CASSYSAVNTEAFF	TRBV6-5	TRBJ1-1
CASSQGTSFFEQFF	TRBV3-1	TRBJ2-1
CSASSSGVNIQYF	TRBV20-1	TRBJ2-4
CASRVPQGAGGTGELFF	TRBV2	TRBJ2-2
CASSPALWVSNQPQHF	TRBV12-4	TRBJ1-5
CASSLQGATEAFF	TRBV11-2	TRBJ1-1
CASSQESGGAGEQYF	TRBV4-2	TRBJ2-7
CASSLRIFGAPGELFF	TRBV7-3	TRBJ2-2
CSASTGADTGELFF	TRBV20-1	TRBJ2-2
CAIGQRGGLDTQYF	TRBV11-2	TRBJ2-3
CAWTPDSDYSYEQYF	TRBV30	TRBJ2-7
CASSQVQGQGFWEQFF	TRBV4-3	TRBJ2-1
CASRAGGAADTQYF	TRBV12-4	TRBJ2-3
CASSYSGQGYNEQFF	TRBV6-5	TRBJ2-1
CAWSDEASYNEQFF	TRBV30	TRBJ2-1
CASSFGLAGVEDTQYF	TRBV14	TRBJ2-3
CASSAGTGGTEAFF	TRBV6-4	TRBJ1-1
CASSWAPNTGELFF	TRBV12-3	TRBJ2-2
CASTITSGSSYNEQFF	TRBV19	TRBJ2-1
CSARDLDGSNYGYTF	TRBV20-1	TRBJ1-2
CASSEGTAPEAFF	TRBV7-9	TRBJ1-1
CASSLVLAGGPGDTQYF	TRBV27	TRBJ2-3
CATSDFGDGGYEQFF	TRBV24-1	TRBJ2-1
CASRDGRIEAFF	TRBV19	TRBJ1-1
CASSSAGGDGYTF	TRBV19	TRBJ1-2
CASSARQRSYNEQFF	TRBV6-5	TRBJ2-1
CASSYQTGTIYGYTF	TRBV6-5	TRBJ1-2
CASSQGTEISGNTIYF	TRBV27	TRBJ1-3
CASRDRGRAEAFF	TRBV2	TRBJ1-1
CTSVPAVTRHRQETQYF	TRBV7-2	TRBJ2-5
CASSDPGGTGELFF	TRBV7-9	TRBJ2-2
CASSVLHGLGNEQFF	TRBV6-1	TRBJ2-1
CATSDPGLAGPGEQYF	TRBV24-1	TRBJ2-7
CASSLVGVGGSGNTIYF	TRBV5-1	TRBJ1-3
CASSSHDRHGIGSPLHF	TRBV7-9	TRBJ1-6
CASSLIPAPGTGNGYTF	TRBV7-9	TRBJ1-2
CASSFRQGSNTGELFF	TRBV7-9	TRBJ2-2
CSVKSYGGPNEQFF	TRBV20-1	TRBJ2-1
CASSQAPQNETQYF	TRBV4-3	TRBJ2-5
CASSVDVFTNNEQFF	TRBV9	TRBJ2-1
CASSLGRNTLRNYGYTF	TRBV11-2	TRBJ1-2
CASSPGTGTTYGYTF	TRBV7-6	TRBJ1-2
CASSLDDNNQPQHF	TRBV7-2	TRBJ1-5
CASSLVGQGNQPQHF	TRBV19	TRBJ1-5
CASRRTGGERSEAFF	TRBV7-8	TRBJ1-1
CSILGSNAGPQETQYF	TRBV29-1	TRBJ2-5
CASSFAGNEQFF	TRBV5-1	TRBJ2-1
CASSQDIRTGGYEQYF	TRBV4-1	TRBJ2-7
CAWNPGPSYGEQFF	TRBV30	TRBJ2-1
CSVVGVGNTEAFF	TRBV29-1	TRBJ1-1
CAISEPTSGRDTQYF	TRBV10-3	TRBJ2-3
CATSEGYTGELFF	TRBV24-1	TRBJ2-2
CASSIETGGYYGYTF	TRBV19	TRBJ1-2
CATMDDEYNEQFF	TRBV24-1	TRBJ2-1
CSARTGEGSPLHF	TRBV20-1	TRBJ1-6
CASSQPGTDPNEKLFF	TRBV14	TRBJ1-4
CASSGGGYTEAFF	TRBV9	TRBJ1-1
CASSSSGPFNVLTF	TRBV7-6	TRBJ2-6
CASSLQRELGNEQFF	TRBV5-6	TRBJ2-1
CASSTGFGTDTQYF	TRBV10-1	TRBJ2-3
CASSWATGADTQYF	TRBV7-9	TRBJ2-3
CASTNSESSYNEQFF	TRBV2	TRBJ2-1
CASKRGPDSYEQYF	TRBV5-1	TRBJ2-7
CASSTIGGGTEAFF	TRBV2	TRBJ1-1
CASSAGQPEGDYGYTF	TRBV7-8	TRBJ1-2
CASSSRDRPMGPQHF	TRBV12-3	TRBJ1-5
CASSSEGAGELFF	TRBV12-4	TRBJ2-2
CASSPGTLDEKLFF	TRBV13	TRBJ1-4
CASSPEGDIANEKLFF	TRBV4-3	TRBJ1-4
CASSSETTSPLHF	TRBV7-3	TRBJ1-6
CASSITGGAPLAGELFF	TRBV19	TRBJ2-2
CASSLTGSEQYF	TRBV27	TRBJ2-7
CASSLLPVQEPNNEQFF	TRBV7-9	TRBJ2-1
CSAGTSGESYEQYF	TRBV20-1	TRBJ2-7
CASSLYGADEQYF	TRBV5-1	TRBJ2-7
CASSLARGQYSYEQYF	TRBV7-9	TRBJ2-7
CAISEMAGGGTDTQYF	TRBV10-3	TRBJ2-3
CASSEFSRELFF	TRBV9	TRBJ2-2
CASSPGSIAYGYTF	TRBV12-4	TRBJ1-2
CATSGLAGREQFF	TRBV15	TRBJ2-1
CSAREDPQDTQYF	TRBV20-1	TRBJ2-3
CASSLMGDEAFF	TRBV7-9	TRBJ1-1
CASSSQGSNYGYTF	TRBV3-1	TRBJ1-2
CASSLEAGDQPQHF	TRBV7-6	TRBJ1-5
CSARDTSESTDTQYF	TRBV20-1	TRBJ2-3
CASSPKLRRDNEQFF	TRBV18	TRBJ2-1
CASSQHTEFYHEQFF	TRBV4-1	TRBJ2-1
CASSSAEPYNSPLHF	TRBV4-3	TRBJ1-6
CASSPWTGTLNTEAFF	TRBV18	TRBJ1-1
CSASGTTDTEAFF	TRBV20-1	TRBJ1-1
CASGPLGSGELFF	TRBV7-2	TRBJ2-2
CASSISYEQFF	TRBV19	TRBJ2-1
CSARSLTPILAGGASTDTQYF	TRBV20-1	TRBJ2-3
CASSFSGEGETQYF	TRBV12-4	TRBJ2-5
CSALSYRGRTEAFF	TRBV20-1	TRBJ1-1
CASSSGLEGETQYF	TRBV6-3	TRBJ2-5
CASSPPGRKNTEAFF	TRBV11-3	TRBJ1-1
CASSTGQDYQPQHF	TRBV6-2	TRBJ1-5
CASSFLGSPNTGELFF	TRBV5-1	TRBJ2-2
CASGTGGNYNEQFF	TRBV12-3	TRBJ2-1
CSARTGTDFNEKLFF	TRBV20-1	TRBJ1-4
CATSRDDSDRDPGGYTF	TRBV15	TRBJ1-2
CASSHRTTYNEQFF	TRBV3-1	TRBJ2-1
CASSISGSSYNEQFF	TRBV19	TRBJ2-1
CASSQDAAGEKLFF	TRBV4-3	TRBJ1-4
CASSYQGYQETQYF	TRBV27	TRBJ2-5
CASSDGTSGSNEQFF	TRBV6-4	TRBJ2-1
CASSDRLATTDTQYF	TRBV9	TRBJ2-3
CASSGRGPEQYF	TRBV5-4	TRBJ2-7
CASGQELAGTDTQYF	TRBV12-5	TRBJ2-3
CASSLGESGANVLTF	TRBV7-9	TRBJ2-6
CASSYGPEAHNEQFF	TRBV19	TRBJ2-1
CASTPSTGQKFLGGTF	TRBV7-9	TRBJ1-2
CASSAHWGSSTDTQYF	TRBV9	TRBJ2-3
CASSQSGTYNEQFF	TRBV4-1	TRBJ2-1
CASSLEGTHEQYF	TRBV28	TRBJ2-7
CSASPGDYEQYF	TRBV20-1	TRBJ2-7
CSAADRAYNEQFF	TRBV20-1	TRBJ2-1
CASSESLTSGGSTGELFF	TRBV10-1	TRBJ2-2
CASSYYSGGSTDTQYF	TRBV6-6	TRBJ2-3
CASSWDSNSPLHF	TRBV25-1	TRBJ1-6
CASSLRTGEAGANVLTF	TRBV27	TRBJ2-6
CASSSLGEFYNEQFF	TRBV7-9	TRBJ2-1
CASSVEWTPSNEQFF	TRBV9	TRBJ2-1
CASSYLAGVYNEQFF	TRBV6-2	TRBJ2-1
CASSFYNTEAFF	TRBV12-4	TRBJ1-1
CASSYSTGTPGIYTF	TRBV6-5	TRBJ1-2
CAISAVGGAGPGNEQFF	TRBV10-3	TRBJ2-1
CASRDVYEQFF	TRBV2	TRBJ2-1
CASSSGQGMDIQYF	TRBV7-2	TRBJ2-4
CAISEFSGTSNQPQHF	TRBV10-3	TRBJ1-5
CASSDRGSETQYF	TRBV2	TRBJ2-5
CASSLVEVETQYF	TRBV7-8	TRBJ2-5
CASSGDEKLFF	TRBV12-4	TRBJ1-4
CASSLTGDSGYEQYF	TRBV6-2	TRBJ2-7
CASSLPTSGSSTDTQYF	TRBV28	TRBJ2-3
CAISESNTGTDYGYTF	TRBV10-3	TRBJ1-2
CASSYIQGRNTEAFF	TRBV6-5	TRBJ1-1
CASSSLGTRSPLHF	TRBV4-1	TRBJ1-6
CASGTDRGTPYEQYF	TRBV5-4	TRBJ2-7
CASSEGRTRAKLFF	TRBV2	TRBJ1-4
CSIIGGEGSEAFF	TRBV29-1	TRBJ1-1
CASSQGRRSTDTQYF	TRBV4-2	TRBJ2-3
CASSAGTGGTDTQYF	TRBV19	TRBJ2-3
CASSSTKNYGYTF	TRBV6-4	TRBJ1-2
CATGTGGTGELFF	TRBV15	TRBJ2-2
CASSLGQGAVNEKLFF	TRBV5-1	TRBJ1-4
CASSLDGVTGELFF	TRBV27	TRBJ2-2
CASSLFQGRSIANYGYTF	TRBV4-1	TRBJ1-2
CASTPRDYNEQFF	TRBV27	TRBJ2-1
CASSQDWDSTYGYTF	TRBV14	TRBJ1-2
CASSLGASGDETQYF	TRBV12-3	TRBJ2-5
CASVLWRASTDTQYF	TRBV5-5	TRBJ2-3
CASSRAGATYNEQFF	TRBV7-9	TRBJ2-1
CASTAGLVPNEQFF	TRBV19	TRBJ2-1
CASSLALSGEEGFGAFF	TRBV12-4	TRBJ1-1
CSAREGGQGGIGELFF	TRBV20-1	TRBJ2-2
CASSLWPKLRYEQYF	TRBV28	TRBJ2-7
CASSAGQSVSSGANVLTF	TRBV7-3	TRBJ2-6
CASSLQGIGAKNIQYF	TRBV5-1	TRBJ2-4
CASSPSEETNYGYTF	TRBV18	TRBJ1-2
CASRLLGQETQYF	TRBV7-9	TRBJ2-5
CASSPHAEGYTF	TRBV9	TRBJ1-2
CASSDAENTEAFF	TRBV6-1	TRBJ1-1
CASSLAGTGNEQYF	TRBV27	TRBJ2-7
CASSYPPLESGANVLTF	TRBV7-6	TRBJ2-6
CASSQLGLAGAEQFF	TRBV4-1	TRBJ2-1
CASSPRLDGNTEAFF	TRBV6-5	TRBJ1-1
CATSREFQGAQPQHF	TRBV15	TRBJ1-5
CASSLDQPGGADTQYF	TRBV5-6	TRBJ2-3
CASSLMRLQETQYF	TRBV7-2	TRBJ2-5
CASSHPPGGYKNIQYF	TRBV7-9	TRBJ2-4
CASSYSDETYEQYF	TRBV6-3	TRBJ2-7
CASSQEGLARDEQFF	TRBV4-1	TRBJ2-1
CATLGTGGYYEQYF	TRBV19	TRBJ2-7
CASSASYEQYF	TRBV7-2	TRBJ2-7
CASNAAGTAFNTEAFF	TRBV6-1	TRBJ1-1
CASSGDPGTGHLFNYGYTF	TRBV9	TRBJ1-2
CASSDRGGIGGSAFF	TRBV7-9	TRBJ1-1
CASSLWRGSYNEQFF	TRBV28	TRBJ2-1
CASSLLGTNYGYTF	TRBV5-6	TRBJ1-2
CASRPGELLLHF	TRBV28	TRBJ1-6
CASSSTRQGTDTQYF	TRBV7-9	TRBJ2-3
CASSLSLAHEQYF	TRBV28	TRBJ2-7
CASLGQGYQETQYF	TRBV11-2	TRBJ2-5
CASSQLASFGNSYEQYF	TRBV3-1	TRBJ2-7
CAKGSSGGPHTQYF	TRBV2	TRBJ2-3
CSARLPRDYSNQPQHF	TRBV20-1	TRBJ1-5
CASSALAGNTEAFF	TRBV9	TRBJ1-1
CASSLTRTDTQYF	TRBV7-9	TRBJ2-3
CASSVGDAGELFF	TRBV9	TRBJ2-2
CATSRPLRIVGSGLNEQFF	TRBV15	TRBJ2-1
CASSFSYQGPYMFF	TRBV7-9	TRBJ2-1
CASSPSGSYEQYF	TRBV7-9	TRBJ2-7
CSTSAVSGANYEQYF	TRBV20-1	TRBJ2-7
CASTAKQDFQETQYF	TRBV12-3	TRBJ2-5
CASSYVIYEQYF	TRBV12-3	TRBJ2-7
CASTGTGNEKLFF	TRBV5-1	TRBJ1-4
CATSRDSGPNTEAFF	TRBV15	TRBJ1-1
CSVEDWTSGNTDTQYF	TRBV29-1	TRBJ2-3
CASSLAQFNEQFF	TRBV5-1	TRBJ2-1
CASTKTSGAPYEQYF	TRBV27	TRBJ2-7
CASSIPDTEAFF	TRBV19	TRBJ1-1
CASSYLAGSTDTQYF	TRBV4-3	TRBJ2-3
CASSEVGTYEQYF	TRBV25-1	TRBJ2-7
CASSLAAGGPYNEQFF	TRBV7-6	TRBJ2-1
CASRDGGFNSPLHF	TRBV7-9	TRBJ1-6
CASSMLAGGPTDTQYF	TRBV19	TRBJ2-3
CSARQQGVLDEQYF	TRBV20-1	TRBJ2-7
CASSSTGIEETQYF	TRBV7-7	TRBJ2-5
CASSLGPNYEQYF	TRBV7-6	TRBJ2-7
CASSLDGSNQPQHF	TRBV5-1	TRBJ1-5
CASSTGGDRAGYNEQFF	TRBV19	TRBJ2-1
CASRAVSTDTQYF	TRBV7-9	TRBJ2-3
CASSLVRVRTSGYYEQYF	TRBV7-8	TRBJ2-7
CASSLSWNEQFF	TRBV7-6	TRBJ2-1
CASSIGLLDGYTF	TRBV5-6	TRBJ1-2
CASRDSRGTEAFF	TRBV4-2	TRBJ1-1
CASSLAPQETQYF	TRBV5-1	TRBJ2-5
CASSQGDGGELFF	TRBV4-2	TRBJ2-2
CASSRSPGPLYEQYF	TRBV12-4	TRBJ2-7
CASSSGTNSYEQYF	TRBV27	TRBJ2-7
CASSRWGQGTRGYTF	TRBV13	TRBJ1-2
CSARGGGGPENTGELFF	TRBV20-1	TRBJ2-2
CASTPSSGGLTDTQYF	TRBV7-9	TRBJ2-3
CASSPPGEGSTDTQYF	TRBV7-8	TRBJ2-3
CSVGSGIGGETQYF	TRBV29-1	TRBJ2-5
CASSYKGLGGQETQYF	TRBV4-1	TRBJ2-5
CATQGLGTEAFF	TRBV19	TRBJ1-1
CASTGRGAQETQYF	TRBV27	TRBJ2-5
CASTSGVYQPQHF	TRBV19	TRBJ1-5
CASSFAGTEAFF	TRBV7-9	TRBJ1-1
CATSLGTGGWDEQFF	TRBV15	TRBJ2-1
CASGLGTVASTDTQYF	TRBV12-5	TRBJ2-3
CASSPGSPGYEQYF	TRBV14	TRBJ2-7
CASRAISYYGYTF	TRBV12-4	TRBJ1-2
CASSVETSGRLNEQFF	TRBV9	TRBJ2-1
CAISLSGRGNEQFF	TRBV10-3	TRBJ2-1
CASSIVTGPYNEQFF	TRBV19	TRBJ2-1
CASSWGSSYEQYF	TRBV27	TRBJ2-7
CASSLGGAKNTEAFF	TRBV7-8	TRBJ1-1
CSARGFGNHEQFF	TRBV20-1	TRBJ2-1
CASSPEGLWPQHF	TRBV5-5	TRBJ1-5
CASTAGQGGTYEQYF	TRBV19	TRBJ2-7
CASSYSERGAAHETQYF	TRBV6-6	TRBJ2-5
CATSKLAGGGTDTQYF	TRBV15	TRBJ2-3
CATSSSGVQETQYF	TRBV15	TRBJ2-5
CAATLGGGYEQYF	TRBV7-9	TRBJ2-7
CASKNPGTEIYEQYF	TRBV28	TRBJ2-7
CASSFYEQYF	TRBV27	TRBJ2-7
CASGPVQDLTGINEKLFF	TRBV12-3	TRBJ1-4
CASSQVTGGPNYGYTF	TRBV3-1	TRBJ1-2
CASSQVTGVLYEQYF	TRBV4-1	TRBJ2-7
CASSLRARLETQYF	TRBV12-4	TRBJ2-5
CASSVAPGEYEQYF	TRBV9	TRBJ2-7
CASSNLPGTGEAFF	TRBV6-2	TRBJ1-1
CASSQDRAGLYEQYF	TRBV4-3	TRBJ2-7
CASSLTSRGGNGYTF	TRBV7-2	TRBJ1-2
CASNLKGLAGGPGTQYF	TRBV12-3	TRBJ2-5
CASRSTGSPEAFF	TRBV7-2	TRBJ1-1
CASSMGLAGGLFGEQFF	TRBV19	TRBJ2-1
CASIRSNNQPQHF	TRBV19	TRBJ1-5
CSARDPSGRLWDTQYF	TRBV20-1	TRBJ2-3
CASSQDSASEYNEQFF	TRBV4-3	TRBJ2-1
CASNPTSGGSWNEQFF	TRBV19	TRBJ2-1
CASSASEGDTQYF	TRBV6-5	TRBJ2-3
CASSYGGSSGPQHF	TRBV6-5	TRBJ1-5
CATSSKTGLTEAFF	TRBV15	TRBJ1-1
CASSQDGTSGADTQYF	TRBV4-2	TRBJ2-3
CANTSIGSGANVLTF	TRBV2	TRBJ2-6
CASSMIGGGTQAFF	TRBV19	TRBJ1-1
CATRQGFTEAFF	TRBV19	TRBJ1-1
CASSTGHTDTQYF	TRBV7-9	TRBJ2-3
CASLGAGNTIYF	TRBV6-5	TRBJ1-3
CASTFGAYNSPLHF	TRBV27	TRBJ1-6
CASSTPGQGPNYGYTF	TRBV7-9	TRBJ1-2
CASSGGQPNEKLFF	TRBV19	TRBJ1-4
CASSGTELQETQYF	TRBV25-1	TRBJ2-5
CASSNGRVSGANVLTF	TRBV28	TRBJ2-6
CASTQGANTEAFF	TRBV6-5	TRBJ1-1
CASSTGGGRYNEQFF	TRBV19	TRBJ2-1
CAIGDSSSYNEQFF	TRBV10-3	TRBJ2-1
CASTPRDRSNYEQYF	TRBV27	TRBJ2-7
CASSESSYNSPLHF	TRBV9	TRBJ1-6
CASSLRGLAMSSYNEQFF	TRBV27	TRBJ2-1
CASSNRDRASYEQYF	TRBV6-5	TRBJ2-7
CASSQELAGGNANYGYTF	TRBV4-1	TRBJ1-2
CASSPTGDGNYGYTF	TRBV7-3	TRBJ1-2
CASTGAANTGELFF	TRBV6-5	TRBJ2-2
CASSDGFGETQYF	TRBV10-2	TRBJ2-5
CASSSWTSGGSTDTQYF	TRBV5-1	TRBJ2-3
CASTHGTSGEDTQYF	TRBV12-4	TRBJ2-3
CASSFVPNYGYTF	TRBV19	TRBJ1-2
CASSLTSPSPDESLLSGLYGYTF	TRBV12-4	TRBJ1-2
CASSLALAGQEQYF	TRBV7-9	TRBJ2-7
CASSLEAAKETQYF	TRBV7-7	TRBJ2-5
CASSYSRDKAEGFSYEQYF	TRBV5-1	TRBJ2-7
CASGPQGAYEQYF	TRBV12-5	TRBJ2-7
CASSLDGGNTEAFF	TRBV11-2	TRBJ1-1
CASSEGYGMNTEAFF	TRBV12-4	TRBJ1-1
CATSVPSGRSYNEQFF	TRBV24-1	TRBJ2-1
CASSLFPLAGDLSYEQYF	TRBV7-2	TRBJ2-7
CASSPKVTVFGANVLTF	TRBV3-1	TRBJ2-6
CASTLAGGNNEQFF	TRBV6-1	TRBJ2-1
CASSVDRSTDTQYF	TRBV9	TRBJ2-3
CASSQGGESAYEQYF	TRBV4-1	TRBJ2-7
CAISPGTSGRNTGELFF	TRBV10-3	TRBJ2-2
CASSPILGGTDTQYF	TRBV7-2	TRBJ2-3
CASSFESGGRREAFF	TRBV11-3	TRBJ1-1
CASSLEGVEQPQHF	TRBV27	TRBJ1-5
CASRSGGKNTEAFF	TRBV27	TRBJ1-1
CASSPDIGGYQPQHF	TRBV19	TRBJ1-5
CASSEQGAGSNQPQHF	TRBV7-9	TRBJ1-5
CSVEGSISYNEQFF	TRBV29-1	TRBJ2-1
CASSTYSGTEAFF	TRBV19	TRBJ1-1
CATSRGAGFDEQYF	TRBV15	TRBJ2-7
CSARRGDTDTQYF	TRBV20-1	TRBJ2-3
CASSSGGTGGYEQYF	TRBV5-6	TRBJ2-7
CSAATSGRKNTGELFF	TRBV20-1	TRBJ2-2
CASSEAPTVYGYTF	TRBV6-1	TRBJ1-2
CASSFNADYGYTF	TRBV5-4	TRBJ1-2
CASSTYSDLYEQYF	TRBV19	TRBJ2-7
CASSLSGVLHNEQFF	TRBV7-3	TRBJ2-1
CASSVGSDGSNQPQHF	TRBV9	TRBJ1-5
CASSLAGAYNEQFF	TRBV12-3	TRBJ2-1
CATSDPGNEQFF	TRBV24-1	TRBJ2-1
CASSVLGQGRSEAFF	TRBV7-9	TRBJ1-1
CASSYSIRDELNTEAFF	TRBV6-6	TRBJ1-1
CASSVTESGANVLTF	TRBV7-9	TRBJ2-6
CASSLYGVGDTQYF	TRBV12-4	TRBJ2-3
CASSARSSYEQYF	TRBV19	TRBJ2-7
CASSPGQGVDEQYF	TRBV5-4	TRBJ2-7
CASSRQVGGIMITEAFF	TRBV4-1	TRBJ1-1
CASSTTTGSYEQYF	TRBV9	TRBJ2-7
CASSEAGLGHEQFF	TRBV2	TRBJ2-1
CASSLDRVAADTQYF	TRBV27	TRBJ2-3
CASSFAGGAAGELFF	TRBV27	TRBJ2-2
CASSSDVLPEQYF	TRBV5-4	TRBJ2-7
CASSQDGASLLYEQYF	TRBV4-3	TRBJ2-7
CASRLGTEMNTEAFF	TRBV6-1	TRBJ1-1
CSARDERVIPNTGELFF	TRBV20-1	TRBJ2-2
CATRLGGGSQPQHF	TRBV6-3	TRBJ1-5
CASSFGGTEFF	TRBV5-1	TRBJ2-1
CASSRRVDIYEQFF	TRBV4-2	TRBJ2-1
CSVESPMSNTEAFF	TRBV29-1	TRBJ1-1
CSARASPHTYGYTF	TRBV20-1	TRBJ1-2
CASRGGGLTEAFF	TRBV19	TRBJ1-1
CASSFGRGNTEAFF	TRBV27	TRBJ1-1
CASSQGLAGIATQETQYF	TRBV3-1	TRBJ2-5
CASRVDRGGDTQYF	TRBV27	TRBJ2-3
CASSQDIGTGGVNEQFF	TRBV4-1	TRBJ2-1
CASGLVRGSYNEQFF	TRBV12-5	TRBJ2-1
CASSPSTGVTFYGYTF	TRBV6-5	TRBJ1-2
CASSEGLYYTYEQYF	TRBV5-1	TRBJ2-7
CAWSLPASYEQYF	TRBV30	TRBJ2-7
CASSLKTVNTEAFF	TRBV11-2	TRBJ1-1
CASSFLQGPSSGNTIYF	TRBV7-9	TRBJ1-3
CSARDDYLGNWNEQFF	TRBV20-1	TRBJ2-1
CASSQERRYNSPLHF	TRBV4-1	TRBJ1-6
CASSSLRGEGLSYEQYF	TRBV27	TRBJ2-7
CSAWGIQDTQYF	TRBV20-1	TRBJ2-3
CASSQVAGEREKLFF	TRBV4-1	TRBJ1-4
CASSVNPGQGANYGYTF	TRBV9	TRBJ1-2
CASSLTGGEGEAFF	TRBV10-2	TRBJ1-1
CASSVTGMEYGYTF	TRBV9	TRBJ1-2
CASSMTGFTEAFF	TRBV19	TRBJ1-1
CASSPGVRGLRYEQYF	TRBV18	TRBJ2-7
CASSFLQVTEAFF	TRBV11-1	TRBJ1-1
CASSTTRMDTQYF	TRBV27	TRBJ2-3
CASSLGGPYEQYF	TRBV28	TRBJ2-7
CAWSGDSLDTIYF	TRBV30	TRBJ1-3
CSARGLHAPNYGYTF	TRBV20-1	TRBJ1-2
CASSLVSGSPTGELFF	TRBV27	TRBJ2-2
CASSVTDRAQYF	TRBV7-8	TRBJ2-5
CASSVGGSGGTYEQYF	TRBV9	TRBJ2-7
CASSSTGHGTDTQYF	TRBV18	TRBJ2-3
CASRLAGGGEQYF	TRBV6-3	TRBJ2-7
CASSHLLDRGQETQYF	TRBV4-3	TRBJ2-5
CASSGLAGVYPQYF	TRBV9	TRBJ2-3
CASSYQDLQGIRSPLHF	TRBV7-9	TRBJ1-6
CASSLRTQGTGELFF	TRBV7-2	TRBJ2-2
CASGSLESGANVLTF	TRBV2	TRBJ2-6
CASSDSGEAGELFF	TRBV6-4	TRBJ2-2
CASSQDGESSYNEQFF	TRBV4-3	TRBJ2-1
CASSSHESQGARSPLHF	TRBV7-9	TRBJ1-6
CASSLGGNEQFF	TRBV5-1	TRBJ2-1
CAWIPAGVYNEQFF	TRBV30	TRBJ2-1
CASSSMLDRHAAQYF	TRBV27	TRBJ2-5
CASQGFANEKLFF	TRBV27	TRBJ1-4
CSAKQPGGDLETQYF	TRBV20-1	TRBJ2-5
CASSSNGDHQMGIYGYTF	TRBV7-9	TRBJ1-2
CASSLKGAMNTEAFF	TRBV5-1	TRBJ1-1
CASSDWGNEKLFF	TRBV7-9	TRBJ1-4
CASDTFAGELFF	TRBV30	TRBJ2-2
CASSKDGRRRSEKLFF	TRBV4-1	TRBJ1-4
CASSQDGGVRQYF	TRBV3-1	TRBJ2-7
CASSVGGAAGSPKEGYTF	TRBV9	TRBJ1-2
CASSRTESGNEQFF	TRBV12-4	TRBJ2-1
CASSDAGGTGNEQFF	TRBV6-4	TRBJ2-1
CASSILAGSGNTIYF	TRBV19	TRBJ1-3
CASSLQNTGELFF	TRBV27	TRBJ2-2
CSARDEGYEQYF	TRBV20-1	TRBJ2-7
CASSVGFTGGNQPQHF	TRBV19	TRBJ1-5
CSARLSTLPADTQYF	TRBV20-1	TRBJ2-3
CATSEGEGTEAFF	TRBV24-1	TRBJ1-1
CASSLGLGLETQYF	TRBV27	TRBJ2-5
CASSANSGGYEQYF	TRBV10-2	TRBJ2-7
CASSQGLSNEQYF	TRBV4-1	TRBJ2-7
CASSFPSLNTGELFF	TRBV28	TRBJ2-2
CASSPLEYTDTQYF	TRBV9	TRBJ2-3
CASSYSSRGNGYTF	TRBV6-3	TRBJ1-2
CASSQAGSNYGYTF	TRBV4-1	TRBJ1-2
CASSDLQETQYF	TRBV2	TRBJ2-5
CASSEALLGRANYGYTF	TRBV2	TRBJ1-2
CSAKFPYSAAGQPQHF	TRBV20-1	TRBJ1-5
CASTHAGRPYEQYF	TRBV7-2	TRBJ2-7
CATRWRLAGGPDTQYF	TRBV6-3	TRBJ2-3
CASRGTGGASVGLDQTYEQYF	TRBV11-2	TRBJ2-7
CASSLVYEQYF	TRBV7-2	TRBJ2-7
CATSDPDREYGYTF	TRBV24-1	TRBJ1-2
CASSSRGEVRTDTQYF	TRBV7-2	TRBJ2-3
CARKRGEDTGELFF	TRBV7-8	TRBJ2-2
CASSAGITNTEAFF	TRBV5-1	TRBJ1-1
CASSVIKENTGELFF	TRBV6-1	TRBJ2-2
CTSVPAVTPTVNEQFF	TRBV7-2	TRBJ2-1
CASSRTGEQYF	TRBV7-9	TRBJ2-7
CASSLGQGVYEQYF	TRBV5-1	TRBJ2-7
CASSIMGQATEAFF	TRBV19	TRBJ1-1
CASSILGNTGELFF	TRBV19	TRBJ2-2
CASSSMTGSNTEAFF	TRBV5-6	TRBJ1-1
CASSPWASGVIQETQYF	TRBV12-3	TRBJ2-5
CASGTGELFF	TRBV11-2	TRBJ2-2
CATSTVGVGTGFPPSFF	TRBV15	TRBJ2-1
CSVVTGGTLNTEAFF	TRBV29-1	TRBJ1-1
CASSIYGFTGELFF	TRBV19	TRBJ2-2
CASSQETDLNYGYTF	TRBV11-2	TRBJ1-2
CASSQGLAGEVYTGELFF	TRBV5-1	TRBJ2-2
CASSQVLTSSQETQYF	TRBV4-1	TRBJ2-5
CASSSGLTNTEAFF	TRBV6-1	TRBJ1-1
CSARDVAGGSLKQYF	TRBV20-1	TRBJ2-7
CSVFDGDKNEQFF	TRBV29-1	TRBJ2-1
CASSRDPSSGANVLTF	TRBV19	TRBJ2-6
CASSLGRGPGNEQFF	TRBV11-2	TRBJ2-1
CASSSEGRMTYEQYF	TRBV7-2	TRBJ2-7
CASSPIRAMGSYEQYF	TRBV12-4	TRBJ2-7
CASSYPGQGANEQFF	TRBV6-6	TRBJ2-1
CATSDGTGENTEAFF	TRBV24-1	TRBJ1-1
CASSVGQGVTYEQYF	TRBV9	TRBJ2-7
CASSPGTALYEQYF	TRBV11-2	TRBJ2-7
CASSVGGDWDGYTF	TRBV9	TRBJ1-2
CASSIEDGGYNEQFF	TRBV5-5	TRBJ2-1
CASSPRDTQYF	TRBV6-6	TRBJ2-3
CASSPRTDEGQYF	TRBV6-5	TRBJ2-7
CASSLLGEGWHEQYF	TRBV7-2	TRBJ2-7
CASSLWDNTEAFF	TRBV27	TRBJ1-1
CASSLAVTPISGTQYF	TRBV7-9	TRBJ2-5
CSAEDTSGITDTQYF	TRBV29-1	TRBJ2-3
CASSTPGQGAGEQFF	TRBV6-5	TRBJ2-1
CASSYSPPDAVKYEQYF	TRBV6-6	TRBJ2-7
CASSTGLAGDNTDTQYF	TRBV19	TRBJ2-3
CSARDRDRATYNEQFF	TRBV20-1	TRBJ2-1
CATEAGTGNTEAFF	TRBV19	TRBJ1-1
CASSVEGGNTEAFF	TRBV9	TRBJ1-1
CASSPSGYNEQFF	TRBV5-1	TRBJ2-1
CASSLMGGASGGYTF	TRBV27	TRBJ1-2
CASSQVPGQGPNYGYTF	TRBV14	TRBJ1-2
CASSVPTGDIEAFF	TRBV7-7	TRBJ1-1
CASSHPPKSGKTGTDTQYF	TRBV4-1	TRBJ2-3
CASSVVARAGNTIYF	TRBV7-2	TRBJ1-3
CSAGTDTGELFF	TRBV29-1	TRBJ2-2
CASSFQGGLRGNTIYF	TRBV19	TRBJ1-3
CASSSLPREGGDTQYF	TRBV12-3	TRBJ2-3
CASSPGGMAPLHF	TRBV19	TRBJ1-6
CASGTSGDTGELFF	TRBV10-2	TRBJ2-2
CATSSSSYGYTF	TRBV15	TRBJ1-2
CSVPGETAGELFF	TRBV29-1	TRBJ2-2
CASSQTGFGNQPQHF	TRBV25-1	TRBJ1-5
CASSIGGGLETQYF	TRBV19	TRBJ2-5
CASSPIFRNSNQPQHF	TRBV27	TRBJ1-5
CASSSALAGPNEQYF	TRBV7-9	TRBJ2-7
CASSQEDRLPYGYTF	TRBV4-1	TRBJ1-2
CASKMLNEQFF	TRBV19	TRBJ2-1
CASSPGTNYGYTF	TRBV12-4	TRBJ1-2
CASSAQGARGQFF	TRBV5-8	TRBJ2-1
CASSLNISYEQYF	TRBV28	TRBJ2-7
CASSTEKGAEAFF	TRBV13	TRBJ1-1
CSANLGNQPQHF	TRBV20-1	TRBJ1-5
CASSGTSLGGELFF	TRBV6-5	TRBJ2-2
CASSQVLLRVSSPLHF	TRBV3-1	TRBJ1-6
CASTPGDEQFF	TRBV25-1	TRBJ2-1
CASSFGGRAEAFF	TRBV11-2	TRBJ1-1
CASTVGAGGLETQYF	TRBV28	TRBJ2-5
CASSIVNGNEQFF	TRBV19	TRBJ2-1
CASSEARNQPQHF	TRBV2	TRBJ1-5
CASSLAPGATNKKLFF	TRBV7-6	TRBJ1-4
CASSPRSGNEQYF	TRBV19	TRBJ2-7
CASSQNLGQGVAEAFF	TRBV4-1	TRBJ1-1
CASSPTSGRADTQYF	TRBV7-2	TRBJ2-3
CASSWGGGAHNEQFF	TRBV12-3	TRBJ2-1
CASRPPGRDYGYTF	TRBV5-1	TRBJ1-2
CASSLAAGQGNGGDTGELFF	TRBV11-2	TRBJ2-2
CASSLLENTEAFF	TRBV7-3	TRBJ1-1
CAISEGTEENTEAFF	TRBV10-3	TRBJ1-1
CSARRLNTEAFF	TRBV20-1	TRBJ1-1
CASSYSSSTDTQYF	TRBV6-5	TRBJ2-3
CASSLSGQGVSVSTGELFF	TRBV27	TRBJ2-2
CASRGRDEKLFF	TRBV2	TRBJ1-4
CASSRGTGELFF	TRBV12-4	TRBJ2-2
CASSHEDSGGYTF	TRBV4-2	TRBJ1-2
CASSAPKGWFTEAFF	TRBV12-3	TRBJ1-1
CAISESEGAIQPQHF	TRBV10-3	TRBJ1-5
CASSDSTGQPQHF	TRBV7-6	TRBJ1-5
CSARGQTDYEQYF	TRBV20-1	TRBJ2-7
CASSVQGVLNTEAFF	TRBV19	TRBJ1-1
CASSLVPGSEQFF	TRBV11-2	TRBJ2-1
CASSLGQSSGYEQYF	TRBV5-1	TRBJ2-7
CASSQDGGAGQETQYF	TRBV4-1	TRBJ2-5
CASTQGSTGAAFF	TRBV7-9	TRBJ1-1
CASSQGRGAEAFF	TRBV4-1	TRBJ1-1
CASSLKDRGNETQYF	TRBV11-2	TRBJ2-5
CSVEDGGTAPYEQYF	TRBV29-1	TRBJ2-7
CASSLLGGGHNEQFF	TRBV27	TRBJ2-1
CASSLPVEVNTEAFF	TRBV7-9	TRBJ1-1
CASSLEGSGGYTF	TRBV4-2	TRBJ1-2
CSARTGGPLEEQFF	TRBV20-1	TRBJ2-1
CASSPSGRIHEQFF	TRBV27	TRBJ2-1
CASSGKAGQSPGANVLTF	TRBV10-2	TRBJ2-6
CSARVLGGYTF	TRBV20-1	TRBJ1-2
CSYRGLGTEAFF	TRBV20-1	TRBJ1-1
CASRIGGAPNNEQFF	TRBV27	TRBJ2-1
CASSGGEQYF	TRBV6-1	TRBJ2-7
CASSPRTFNEQFF	TRBV7-9	TRBJ2-1
CASSHTGDTGELFF	TRBV3-1	TRBJ2-2
CATHGGEKLFF	TRBV10-2	TRBJ1-4
CASSFNGVRETQYF	TRBV5-4	TRBJ2-5
CAVRTNEKLFF	TRBV6-6	TRBJ1-4
CASSSSYEQYF	TRBV6-3	TRBJ2-7
CASSYRVGEQFF	TRBV6-6	TRBJ2-1
CASSSTVLGTSSYNEQFF	TRBV4-1	TRBJ2-1
CASSEAGAFGYTF	TRBV25-1	TRBJ1-2
CASSPSGGAGNEQFF	TRBV9	TRBJ2-1
CASSLVAGGYYNEQFF	TRBV5-1	TRBJ2-1
CASSLGGNTYEQYF	TRBV5-8	TRBJ2-7
CSARPSHSYEQYF	TRBV20-1	TRBJ2-7
CSARPPGLAGGTTSTDTQYF	TRBV20-1	TRBJ2-3
CASSQWTSGGHTGELFF	TRBV12-4	TRBJ2-2
CASKGTGSLDTQYF	TRBV5-1	TRBJ2-3
CASSVEAGAGVQQYF	TRBV9	TRBJ2-7
CASSPVGGSGELFF	TRBV18	TRBJ2-2
CASSPHGQGYTEAFF	TRBV5-1	TRBJ1-1
CASTPPRASGLSEQYF	TRBV6-3	TRBJ2-7
CASSQPDRARGETQYF	TRBV7-8	TRBJ2-5
CASSSGLAGAGTQYF	TRBV7-9	TRBJ2-3
CASSPGGPETQYF	TRBV19	TRBJ2-5
CASSFATGTAYGYTF	TRBV6-5	TRBJ1-2
CASSQDEGQDGPGNTIYF	TRBV14	TRBJ1-3
CASSLIGTGYTGELFF	TRBV27	TRBJ2-2
CASSQTRTSGRVDPDTQYF	TRBV3-1	TRBJ2-3
CSARDGIESNEQFF	TRBV20-1	TRBJ2-1
CASSLVSVGLAWDTQYF	TRBV5-1	TRBJ2-3
CASSLRRGPDTGELFF	TRBV7-9	TRBJ2-2
CAWSETSGSLNTGELFF	TRBV30	TRBJ2-2
CASRPARGYEQFF	TRBV7-9	TRBJ2-1
CAWSPPGPEQFF	TRBV30	TRBJ2-1
CASSPSTSGSPDGELFF	TRBV5-5	TRBJ2-2
CASRTSGTTDTQYF	TRBV10-2	TRBJ2-3
CASMKQGSYEQYF	TRBV27	TRBJ2-7
CASSLVGVNTEAFF	TRBV5-1	TRBJ1-1
CSVVPEGGSYEQYF	TRBV29-1	TRBJ2-7
CSVGRGYEGYTF	TRBV29-1	TRBJ1-2
CASSPYRTYGYTF	TRBV27	TRBJ1-2
CASSYGAGGYNEQFF	TRBV6-3	TRBJ2-1
CASSMGGSSYNSPLHF	TRBV19	TRBJ1-6
CSAAQGAGELFF	TRBV29-1	TRBJ2-2
CASSGRTEGDYGYTF	TRBV5-1	TRBJ1-2
CAWSESYNEQFF	TRBV30	TRBJ2-1
CSVTQGSSYNEQFF	TRBV20-1	TRBJ2-1
CASSQSTGAYGYTF	TRBV14	TRBJ1-2
CASSEDLWGIMNTGELFF	TRBV25-1	TRBJ2-2
CASRVAAKANRETQYF	TRBV10-2	TRBJ2-5
CASSQDRNSGYGYTF	TRBV4-1	TRBJ1-2
CATSDPGTGFTDTQYF	TRBV24-1	TRBJ2-3
CASETEGVLGGYTF	TRBV6-2	TRBJ1-2
CASSQDTKGANTEAFF	TRBV4-1	TRBJ1-1
CASSQDSIGFTGELFF	TRBV4-1	TRBJ2-2
CAWSGGVRDNEQFF	TRBV30	TRBJ2-1
CASSDFRYQPQHF	TRBV6-5	TRBJ1-5
CASRHDRGEQFF	TRBV6-5	TRBJ2-1
CASSEGQESFSPLHF	TRBV9	TRBJ1-6
CASRTGAAEAFF	TRBV6-1	TRBJ1-1
CSVEWVGGPTEAFF	TRBV29-1	TRBJ1-1
CASSNKRDRGIDEQFF	TRBV19	TRBJ2-1
CASSYSTTSVLPSEAFF	TRBV6-5	TRBJ1-1
CASSSWSGGASGEQYF	TRBV7-9	TRBJ2-7
CASSLLDEKLFF	TRBV4-2	TRBJ1-4
CASSASGARDYSNQPQHF	TRBV3-1	TRBJ1-5
CATSAVGTGGSGYGYTF	TRBV24-1	TRBJ1-2
CASSVEGTSGRSYNEQFF	TRBV9	TRBJ2-1
CASSPGGGRDQPQHF	TRBV7-6	TRBJ1-5
CASSVGDSPPQPQHF	TRBV9	TRBJ1-5
CASSEVAESSYGYTF	TRBV6-1	TRBJ1-2
CAWRRLAGEDTQYF	TRBV30	TRBJ2-3
CAISGGTVESKNIQYF	TRBV10-3	TRBJ2-4
CASSLGSTEAFF	TRBV11-2	TRBJ1-1
CASNPQGSNQPQHF	TRBV27	TRBJ1-5
CAWTWGTLNTEAFF	TRBV30	TRBJ1-1
CASAPGLAGNEQFF	TRBV6-6	TRBJ2-1
CASSLVSGPTEAFF	TRBV7-9	TRBJ1-1
CASSLTSGDRGRWNIQYF	TRBV7-9	TRBJ2-4
CASSFKDTNTGELFF	TRBV27	TRBJ2-2
CASSMGSGDYEQYF	TRBV19	TRBJ2-7
CASSIDMGLTGELFF	TRBV19	TRBJ2-2
CATLQFGKHNEQFF	TRBV5-4	TRBJ2-1
CASSSPRRGEYEQYF	TRBV6-5	TRBJ2-7
CASSYPEGETQYF	TRBV12-3	TRBJ2-5
CASSLGGGTEAFF	TRBV12-3	TRBJ1-1
CASSLTEDYGYTF	TRBV27	TRBJ1-2
CASIEWQGSNQPQHF	TRBV19	TRBJ1-5
CASSLTSGNTGELFF	TRBV9	TRBJ2-2
CASSTPGRSFEAFF	TRBV19	TRBJ1-1
CASSLAGWSYNSPLHF	TRBV11-2	TRBJ1-6
CAWSRGTGELFF	TRBV30	TRBJ2-2
CASSLVGGSRAEAFF	TRBV7-9	TRBJ1-1
CASSLGQGVFYEQYF	TRBV5-6	TRBJ2-7
CASSLDSYNEQFF	TRBV27	TRBJ2-1
CASSLEPNYGYTF	TRBV5-1	TRBJ1-2
CASSRGYNEQFF	TRBV4-1	TRBJ2-1
CASSIGVNEQFF	TRBV19	TRBJ2-1
CAAGGGSEMNTEAFF	TRBV19	TRBJ1-1
CASSSGGSQPQHF	TRBV7-9	TRBJ1-5
CASKDALGETQYF	TRBV12-3	TRBJ2-5
CASSFSTGTAGGYTF	TRBV6-5	TRBJ1-2
CASSQVTQGAGYGYTF	TRBV4-1	TRBJ1-2
CASGGEQGTNTIYF	TRBV27	TRBJ1-3
CASSFQGDGRDTQYF	TRBV7-9	TRBJ2-3
CASSLSHEGRNTEAFF	TRBV11-3	TRBJ1-1
CSVPGTVNTEAFF	TRBV29-1	TRBJ1-1
CSVEDLKGAEAFF	TRBV29-1	TRBJ1-1
CASSLVEDEKLFF	TRBV7-8	TRBJ1-4
CASSPFPSGFTDTQYF	TRBV7-9	TRBJ2-3
CAISDRGGEDEQYF	TRBV10-3	TRBJ2-7
CASSDGTGGDSTQYF	TRBV6-1	TRBJ2-3
CASSSPKGSSYNEQFF	TRBV6-5	TRBJ2-1
CSVAATGNTEAFF	TRBV29-1	TRBJ1-1
CASSLSSGTGTYEQYF	TRBV5-1	TRBJ2-7
CASSFSPPRGGYTF	TRBV27	TRBJ1-2
CSVEMQSSGPYEQYF	TRBV29-1	TRBJ2-7
CASSLWAGGEYTEAFF	TRBV5-5	TRBJ1-1
CASSLGDRVPYNEQFF	TRBV7-9	TRBJ2-1
CATSSSRDSNSPLHF	TRBV15	TRBJ1-6
CASSHLQTSGGAGETQYF	TRBV4-1	TRBJ2-5
CASSPKSELVNNEQFF	TRBV13	TRBJ2-1
CASSLIGVGERDTQYF	TRBV7-9	TRBJ2-3
CASSLRTGAGAYGYTF	TRBV6-5	TRBJ1-2
CSVDSKGDWGASNTEAFF	TRBV29-1	TRBJ1-1
CSALRTDYYEQYF	TRBV29-1	TRBJ2-7
CASSSWDSTYEQYF	TRBV19	TRBJ2-7
CASSQVWPLATTGELFF	TRBV4-1	TRBJ2-2
CASSLSNEGHTGYDYGYTF	TRBV27	TRBJ1-2
CASSLGDAEKLFF	TRBV7-9	TRBJ1-4
CASSFALAGGPGTGELFF	TRBV12-4	TRBJ2-2
CATSEGNLDQPQHF	TRBV24-1	TRBJ1-5
CASSYSSGVRGYTF	TRBV6-5	TRBJ1-2
CASSRIIDYREADGYTF	TRBV11-2	TRBJ1-2
CASSFGQAWYEQYF	TRBV7-9	TRBJ2-7
CASSSLGAREQFF	TRBV6-5	TRBJ2-1
CSATWEGASGGETQYF	TRBV20-1	TRBJ2-5
CASSLEPALGNEKLFF	TRBV5-1	TRBJ1-4
CSARESPLARSYEQYF	TRBV20-1	TRBJ2-7
CASSQDRVVNEQFF	TRBV4-1	TRBJ2-1
CAISEDGQQLGDTQYF	TRBV10-3	TRBJ2-3
CASSCAGGPRDEQYF	TRBV5-1	TRBJ2-7
CASSLEGTGAYEQYF	TRBV7-8	TRBJ2-7
CASSDRAGELFF	TRBV2	TRBJ2-2
CASSQVPGDIQGYTF	TRBV14	TRBJ1-2
CASSQTSPGHGVSPLHF	TRBV4-3	TRBJ1-6
CASSMIGALNQPQHF	TRBV19	TRBJ1-5
CASSGLQGTDTQYF	TRBV27	TRBJ2-3
CASSEAGSGANVLTF	TRBV25-1	TRBJ2-6
CASSQWTGGEAEAFF	TRBV4-1	TRBJ1-1
CASSLGHTGELFF	TRBV7-7	TRBJ2-2
CASSQDRVSEAFF	TRBV4-1	TRBJ1-1
CASSLSPGTRRGYTF	TRBV12-4	TRBJ1-2
CASSQLRTSLDEQFF	TRBV12-4	TRBJ2-1
CASSLGQGASQPQHF	TRBV7-2	TRBJ1-5
CSARDLAGGREQYF	TRBV20-1	TRBJ2-7
CAINQGGTDNSPLHF	TRBV10-3	TRBJ1-6
CASSIVGGMNTEAFF	TRBV19	TRBJ1-1
CSASPGTVSYNEQFF	TRBV20-1	TRBJ2-1
CASSHDYRGRRSPLHF	TRBV7-9	TRBJ1-6
CASSQGPGGWTEAFF	TRBV3-1	TRBJ1-1
CATSRDVTGSNQPQHF	TRBV15	TRBJ1-5
CASSFGTGGVNGYTF	TRBV5-8	TRBJ1-2
CASSLVERGWLTDTQYF	TRBV14	TRBJ2-3
CASSPDYNEQFF	TRBV18	TRBJ2-1
CASSQQTSAYNEQFF	TRBV4-3	TRBJ2-1
CATSAAGRSEQFF	TRBV24-1	TRBJ2-1
CASRLMNTGELFF	TRBV19	TRBJ2-2
CASSQVVVGGRDPYEQYF	TRBV4-1	TRBJ2-7
CASSLAGGRDEQFF	TRBV9	TRBJ2-1
CASTRSWDSNSPLHF	TRBV5-8	TRBJ1-6
CASGNGGEETQYF	TRBV7-3	TRBJ2-5
CASSSGTGPYNEQFF	TRBV5-1	TRBJ2-1
CASSSDRGIGTDTQYF	TRBV7-2	TRBJ2-3
CASSLNPRVGNTIYF	TRBV7-9	TRBJ1-3
CASSPGTDSTNEKLFF	TRBV5-8	TRBJ1-4
CASSYRFGSNQPQHF	TRBV12-4	TRBJ1-5
CASSERIAGVDEQFF	TRBV6-4	TRBJ2-1
CASSILNWAEGNEQFF	TRBV10-2	TRBJ2-1
CASSKGQGAYGYTF	TRBV12-3	TRBJ1-2
CASTLEDSTDTQYF	TRBV12-4	TRBJ2-3
CASSSTGGVGYTF	TRBV7-9	TRBJ1-2
CASSPHEVGLGDFRYNEQFF	TRBV13	TRBJ2-1
CASSLEGRGYYEQYF	TRBV5-1	TRBJ2-7
CSARTRTGLPNYGYTF	TRBV20-1	TRBJ1-2
CASSELADITDTQYF	TRBV6-1	TRBJ2-3
CASSTGLAESTDTQYF	TRBV7-6	TRBJ2-3
CASSPGTGGTEKLFF	TRBV3-1	TRBJ1-4
CASSETGYNQPQHF	TRBV2	TRBJ1-5
CASSATPLRQPQHF	TRBV9	TRBJ1-5
CASSLKILTVGRYNEQFF	TRBV7-3	TRBJ2-1
CSARDIRGYTF	TRBV20-1	TRBJ1-2
CASSPTSNEQFF	TRBV12-3	TRBJ2-1
CASSQGGGEQYF	TRBV9	TRBJ2-7
CASSLGLVTEAFF	TRBV7-9	TRBJ1-1
CASSPPGAANYGYTF	TRBV7-2	TRBJ1-2
CASRLWAGTEAFF	TRBV12-4	TRBJ1-1
CASSLGTAGFEQFF	TRBV7-6	TRBJ2-1
CASSLDSFGARGPNTEAFF	TRBV11-2	TRBJ1-1
CASSYPGAQDEQFF	TRBV6-3	TRBJ2-1
CASSQDRRVASGGNYNEQFF	TRBV4-3	TRBJ2-1
CASRPPAAAADKTQYF	TRBV7-9	TRBJ2-5
CASSFSGTGDLYGYTF	TRBV4-3	TRBJ1-2
CASRDPRDTQYF	TRBV6-3	TRBJ2-3
CAIGGDRYNEQFF	TRBV10-3	TRBJ2-1
CASAIVGELFF	TRBV12-4	TRBJ2-2
CASSQTGTSGGVAKNIQYF	TRBV7-2	TRBJ2-4
CASSNSAGELFF	TRBV7-9	TRBJ2-2
CASSVLENNEQFF	TRBV9	TRBJ2-1
CSAIRSGGPYEQYF	TRBV20-1	TRBJ2-7
CASSGGTGLIPYGYTF	TRBV11-2	TRBJ1-2
CASSYSVRGTGELFF	TRBV6-5	TRBJ2-2
CASSSSGGSDTQYF	TRBV4-1	TRBJ2-3
CASSFDLAETQYF	TRBV5-4	TRBJ2-5
CASSLLAGGLRNEQFF	TRBV7-3	TRBJ2-1
CATRKRQTYEQYF	TRBV5-8	TRBJ2-7
CASSGVESSTDTQYF	TRBV18	TRBJ2-3
CASSGSSGTSKNIQYF	TRBV9	TRBJ2-4
CASSQERAGGVSPLHF	TRBV4-1	TRBJ1-6
CATSRGRDNEQFF	TRBV15	TRBJ2-1
CASSSRGGNNEQFF	TRBV4-1	TRBJ2-1
CASRETGGAQPQHF	TRBV28	TRBJ1-5
CASSFRDRSQPQHF	TRBV12-3	TRBJ1-5
CASSSSTGSYEQYF	TRBV9	TRBJ2-7
CASSIPPGYYNEQFF	TRBV19	TRBJ2-1
CASSVAGSATGELFF	TRBV9	TRBJ2-2
CASSLIVQTGTNGYTF	TRBV7-9	TRBJ1-2
CASSLREPGLSGNTIYF	TRBV27	TRBJ1-3
CATSRGAGTSTDTQYF	TRBV15	TRBJ2-3
CASRDYNEQFF	TRBV12-3	TRBJ2-1
CASSLKISWTNEKLFF	TRBV3-1	TRBJ1-4
CASSQAWSDSVMGQPQHF	TRBV4-1	TRBJ1-5
CAISALAGGTDTQYF	TRBV10-3	TRBJ2-3
CASSLSLPSGTVPSYGYTF	TRBV27	TRBJ1-2
CASIPGHTSGNTIYF	TRBV2	TRBJ1-3
CASSVGQVFYSGTF	TRBV9	TRBJ1-2
CASSQEGRSQETQYF	TRBV3-1	TRBJ2-5
CASSYYSGGGSAFF	TRBV6-5	TRBJ1-1
CASSLAPGAANEKLFF	TRBV7-6	TRBJ1-4
CASSPTTGASYGYTF	TRBV6-5	TRBJ1-2
CASSLDYNTGELFF	TRBV27	TRBJ2-2
CASSLWGRSNYGYTF	TRBV12-3	TRBJ1-2
CASSQNTGGAMSEQFF	TRBV14	TRBJ2-1
CASSYVQSSYNEQFF	TRBV10-2	TRBJ2-1
CASSSRQSEADTQYF	TRBV5-5	TRBJ2-3
CASSRGAGADTQYF	TRBV2	TRBJ2-3
CASSYSMRGTSTDTQYF	TRBV6-2	TRBJ2-3
CASSQEQGGDEQFF	TRBV3-1	TRBJ2-1
CASSPRETYEQYF	TRBV5-8	TRBJ2-7
CAWWTGFATEAFF	TRBV30	TRBJ1-1
CASSPEGRPGDTQYF	TRBV9	TRBJ2-3
CSARRGEKETQYF	TRBV20-1	TRBJ2-5
CASSHGGSGGYTF	TRBV4-2	TRBJ1-2
CASSYSIGNQPQHF	TRBV6-5	TRBJ1-5
CASSFGLGGEQYF	TRBV5-4	TRBJ2-7
CANSSANYGYTF	TRBV12-4	TRBJ1-2
CASTAVPNYEQYF	TRBV13	TRBJ2-7
CASSISGVAFF	TRBV19	TRBJ1-1
CASQSVAGDQETQYF	TRBV4-1	TRBJ2-5
CASSPATADGYTF	TRBV18	TRBJ1-2
CASSLTWDEKLFF	TRBV11-2	TRBJ1-4
CASRDSYYEQYF	TRBV10-2	TRBJ2-7
CASSLSLQGDGYTF	TRBV5-1	TRBJ1-2
CSARDGTGNGYTF	TRBV20-1	TRBJ1-2
CASSLRAGFYGYTF	TRBV3-1	TRBJ1-2
CASSQVWRGTDTQYF	TRBV4-1	TRBJ2-3
CASSYSTGTGDEQYF	TRBV6-5	TRBJ2-7
CASSQDLGQGAEAFF	TRBV4-3	TRBJ1-1
CASSFGVLELFF	TRBV28	TRBJ2-2
CASSLVPSSGTEAFF	TRBV5-6	TRBJ1-1
CATSDPGTSGVETQYF	TRBV24-1	TRBJ2-5
CASSQAPARNTEAFF	TRBV4-1	TRBJ1-1
CASSYSGVAGNTIYF	TRBV7-9	TRBJ1-3
CASGEGGTTYEQYF	TRBV6-5	TRBJ2-7
CASSTGTSGVQPQHF	TRBV19	TRBJ1-5
CASSQDRTPNGNTEAFF	TRBV4-1	TRBJ1-1
CASSLDSTGYTF	TRBV7-9	TRBJ1-2
CASVRTTDSYNEQFF	TRBV5-1	TRBJ2-1
CASSLIGAGGPDEQFF	TRBV7-9	TRBJ2-1
CSARVPGGLGEKLFF	TRBV20-1	TRBJ1-4
CASRQQGGSTEAFF	TRBV27	TRBJ1-1
CSGASGRHTQYF	TRBV20-1	TRBJ2-3
CASSTRHQETQYF	TRBV19	TRBJ2-5
CASSQVTGGNTEAFF	TRBV3-1	TRBJ1-1
CASSYSGGSSYEQYF	TRBV5-4	TRBJ2-7
CASSYSGGRGTQETQYF	TRBV6-3	TRBJ2-5
CASSLGQGPYEQYF	TRBV11-2	TRBJ2-7
CASSLVRQGGSPLHF	TRBV7-9	TRBJ1-6
CASSPGDLNQPQHF	TRBV12-4	TRBJ1-5
CASSQDFTYEQYF	TRBV3-1	TRBJ2-7
CASSQDPGDEQFF	TRBV4-1	TRBJ2-1
CASNPRRDTGYEQYF	TRBV6-6	TRBJ2-7
CASSASVLGVNEQFF	TRBV19	TRBJ2-1
CASSLIFYSGSTSYNEQFF	TRBV11-2	TRBJ2-1
CASSLGDTYEQYF	TRBV7-7	TRBJ2-7
CASSEEISGSYEQYF	TRBV2	TRBJ2-7
CASSHTSADEQFF	TRBV4-3	TRBJ2-1
CAGSQEQGPGNQPQHF	TRBV4-2	TRBJ1-5
CASTSAGPNTGELFF	TRBV12-4	TRBJ2-2
CASSHTQGNTEAFF	TRBV28	TRBJ1-1
CATKGTESNQPQHF	TRBV15	TRBJ1-5
CASSVSERELRNEQFF	TRBV7-9	TRBJ2-1
CASSPLQGANTGELFF	TRBV7-9	TRBJ2-2
CACLLLLNTGELFF	TRBV30	TRBJ2-2
CSVLIAEAFF	TRBV29-1	TRBJ1-1
CASSSSWGYGYTF	TRBV7-9	TRBJ1-2
CASSDGGGGTEAFF	TRBV9	TRBJ1-1
CSVESGRTDEQYF	TRBV29-1	TRBJ2-7
CASSSPFSASSYEQYF	TRBV7-2	TRBJ2-7
CASSMRTGAHNEQFF	TRBV19	TRBJ2-1
CASSSPRTSGSRGTGELFF	TRBV5-1	TRBJ2-2
CATSREVGVLQPQHF	TRBV15	TRBJ1-5
CASSEAESQPQHF	TRBV2	TRBJ1-5
CATSRDAGETQYF	TRBV15	TRBJ2-5
CASSQEGGNSPYGYTF	TRBV14	TRBJ1-2
CASSSRHGANTGELFF	TRBV2	TRBJ2-2
CASSLGDQPQHF	TRBV7-9	TRBJ1-5
CASRWTLNTGELFF	TRBV2	TRBJ2-2
CASSAGTGIYDEAFF	TRBV7-9	TRBJ1-1
CASKAGTGEYEQYF	TRBV19	TRBJ2-7
CASSEGLGLAGGEQFF	TRBV25-1	TRBJ2-1
CASSQDSGTGANVLTF	TRBV4-1	TRBJ2-6
CASSWGDSYNEQFF	TRBV27	TRBJ2-1
CASSPTLTSGGANEQFF	TRBV5-6	TRBJ2-1
CASRPHQETQYF	TRBV2	TRBJ2-5
CASLSSGGPDTQYF	TRBV2	TRBJ2-3
CASRARHDSYNEQFF	TRBV6-4	TRBJ2-1
CASSASVAQYF	TRBV19	TRBJ2-3
CASSPPGTDTQYF	TRBV18	TRBJ2-3
CASSVYHNNEQFF	TRBV19	TRBJ2-1
CSARPKTDREKGYGYTF	TRBV20-1	TRBJ1-2
CASSLEEGADTEAFF	TRBV5-1	TRBJ1-1
CASRAGQGRTDTQYF	TRBV6-1	TRBJ2-3
CATSYLTGANTGELFF	TRBV15	TRBJ2-2
CSARGDRGGSSYNEQFF	TRBV20-1	TRBJ2-1
CASSPGLGAEAFF	TRBV7-8	TRBJ1-1
CASSQDPPGTSGGAEQFF	TRBV4-1	TRBJ2-1
CASRIAHEQYF	TRBV6-6	TRBJ2-7
CASSYQTGTGNYGYTF	TRBV13	TRBJ1-2
CASSQDRDSPQETQYF	TRBV3-1	TRBJ2-5
CASSVGPGESPLHF	TRBV19	TRBJ1-6
CASRQGPNEQFF	TRBV27	TRBJ2-1
CASSQVGQGFTGELFF	TRBV3-1	TRBJ2-2
CASSLGGANTGELFF	TRBV11-2	TRBJ2-2
CASSYGTGSYEQYF	TRBV6-5	TRBJ2-7
CASSLDTGTGLEEQYF	TRBV5-8	TRBJ2-7
CASSDGQARNTGELFF	TRBV6-1	TRBJ2-2
CASSPSTYTDTQYF	TRBV6-2	TRBJ2-3
CASSQDGGSSYNEQFF	TRBV3-1	TRBJ2-1
CASSQEELVLAFF	TRBV4-1	TRBJ1-1
CASSLVGDGYTF	TRBV5-1	TRBJ1-2
CAWSEGDNQPQHF	TRBV30	TRBJ1-5
CSARDPSGGDQGTQYF	TRBV20-1	TRBJ2-5
CSARDHQGSSTSPLHF	TRBV20-1	TRBJ1-6
CASSQDKRPGGELFF	TRBV4-1	TRBJ2-2
CASSRLAESTDTQYF	TRBV4-1	TRBJ2-3
CSASSGALSISYEQYF	TRBV20-1	TRBJ2-7
CSARRGTGGSPLHF	TRBV20-1	TRBJ1-6
CASSEYRGTEAFF	TRBV7-8	TRBJ1-1
CASSESGSSPLHF	TRBV10-1	TRBJ1-6
CSARRAGTGVFTDTQYF	TRBV20-1	TRBJ2-3
CASSPDLGDIQYF	TRBV27	TRBJ2-4
CASSLGTGPYEQYF	TRBV27	TRBJ2-7
CASSLEVPSGGSNEQYF	TRBV5-1	TRBJ2-7
CASSTSTGTGYGYTF	TRBV4-1	TRBJ1-2
CASSLAYSGNTIYF	TRBV11-3	TRBJ1-3
CASSPTGNWNTDTQYF	TRBV12-3	TRBJ2-3
CASSLEAGLNNEQFF	TRBV7-9	TRBJ2-1
CASSQGVSSGGGYEQYF	TRBV4-1	TRBJ2-7
CASSGRQGEETQYF	TRBV6-4	TRBJ2-5
CASSQDLKETQYF	TRBV4-1	TRBJ2-5
CASSQDRLNEKLFF	TRBV4-1	TRBJ1-4
CASSLFGGGTEAFF	TRBV12-3	TRBJ1-1
CASRLDSLNYGYTF	TRBV7-9	TRBJ1-2
CASSGFEFQEKLFF	TRBV12-4	TRBJ1-4
CASGSGGSGNTIYF	TRBV12-5	TRBJ1-3
CASSEMGNEQYF	TRBV10-1	TRBJ2-7
CASSLNTEAFF	TRBV6-5	TRBJ1-1
CASSPSYEGRPQETQYF	TRBV18	TRBJ2-5
CSARNDRGDLQMSEKLFF	TRBV20-1	TRBJ1-4
CASSQVGYYGYTF	TRBV14	TRBJ1-2
CASSQDIRQNTGELFF	TRBV4-3	TRBJ2-2
CASSRPETSGVAGNEQFF	TRBV6-3	TRBJ2-1
CASSLGAGNYGYTF	TRBV27	TRBJ1-2
CASSPGTVNTGELFF	TRBV7-6	TRBJ2-2
CSVPGQSSYEQYF	TRBV29-1	TRBJ2-7
CASSRSGGLQETQYF	TRBV12-4	TRBJ2-5
CASSLGTMNTEAFF	TRBV13	TRBJ1-1
CASSQVIQTPNYGYTF	TRBV4-1	TRBJ1-2
CATSDWLAGDEQFF	TRBV24-1	TRBJ2-1
CASSFTSRVFGQPQHF	TRBV12-4	TRBJ1-5
CAISEEGGADEKLFF	TRBV10-3	TRBJ1-4
CATSAGPSVEQYF	TRBV15	TRBJ2-7
CASSQGLLGYEQYF	TRBV4-1	TRBJ2-7
CASSPPKGRGSYEQYF	TRBV16	TRBJ2-7
CSVGPGTLANTEAFF	TRBV29-1	TRBJ1-1
CASSLAAGMGGYTF	TRBV7-9	TRBJ1-2
CASSVAGGTDTQYF	TRBV6-4	TRBJ2-3
CATSRGKGDNEQFF	TRBV15	TRBJ2-1
CASSPRAGGFYEQYF	TRBV4-1	TRBJ2-7
CASSQDPFAVLNTEAFF	TRBV14	TRBJ1-1
CASSLASKGDYEQYF	TRBV5-6	TRBJ2-7
CASSQDGYNEQFF	TRBV4-3	TRBJ2-1
CASSSDRIGETQYF	TRBV27	TRBJ2-5
CASSLAIGATPDSNYGYTF	TRBV7-9	TRBJ1-2
CASSLSTGSNQPQHF	TRBV27	TRBJ1-5
CASGLGGETQYF	TRBV12-5	TRBJ2-5
CASSLGTEGGTEAFF	TRBV19	TRBJ1-1
CASSYSPGVAGGLVNEQFF	TRBV6-3	TRBJ2-1
CASSIGLNTEAFF	TRBV19	TRBJ1-1
CASSPRRASSYNEQFF	TRBV7-9	TRBJ2-1
CASSSPSSSYNEQFF	TRBV9	TRBJ2-1
CASSAVAGAPLEQYF	TRBV27	TRBJ2-7
CASSYSASGGIKNIQYF	TRBV6-5	TRBJ2-4
CASSTSEGGLFYEQYF	TRBV7-9	TRBJ2-7
CAITEGGAHNYEQYF	TRBV10-3	TRBJ2-7
CASSFGTRGGMSDTQYF	TRBV5-1	TRBJ2-3
CASSHGHLTEAFF	TRBV13	TRBJ1-1
CASSFPGGFYGYTF	TRBV12-3	TRBJ1-2
CASSVNMEGTYGYTF	TRBV7-2	TRBJ1-2
CASSQGNRVENTEAFF	TRBV4-2	TRBJ1-1
CSAADRGIYGYTF	TRBV20-1	TRBJ1-2
CSARVARGYEQYF	TRBV20-1	TRBJ2-7
CASSVRVPDYEQYF	TRBV5-5	TRBJ2-7
CAGLGANVLTF	TRBV30	TRBJ2-6
CASSLRSGRVGTGELFF	TRBV12-4	TRBJ2-2
CASSTRDGPYEQYF	TRBV7-9	TRBJ2-7
CASSPWPEPNTEAFF	TRBV18	TRBJ1-1
CASSFRTSGATDTQYF	TRBV11-3	TRBJ2-3
CASSLGTTGNTIYF	TRBV12-4	TRBJ1-3
CASSLATEYEQYF	TRBV5-1	TRBJ2-7
CASSQGLSGSSYNEQFF	TRBV4-3	TRBJ2-1
CASSPTPGQRNGYTF	TRBV4-1	TRBJ1-2
CASSYSGSNEQFF	TRBV5-4	TRBJ2-1
CASSRTDSYNEQFF	TRBV5-6	TRBJ2-1
CASSLNHEQFF	TRBV13	TRBJ2-1
CSARDQDQRGSSTDTQYF	TRBV20-1	TRBJ2-3
CSARDQGMPYEQYF	TRBV20-1	TRBJ2-7
CASRPGVMNTEAFF	TRBV27	TRBJ1-1
CAISDGTVGGYTF	TRBV10-3	TRBJ1-2
CASSTGQIYNEQFF	TRBV27	TRBJ2-1
CASSQGYFDGGTEYNEQFF	TRBV4-3	TRBJ2-1
CASRSSYVGLADLPETQYF	TRBV11-2	TRBJ2-5
CASRLGGGNTEAFF	TRBV27	TRBJ1-1
CATSATVYNEQFF	TRBV24-1	TRBJ2-1
CASSSSQEALTDTQYF	TRBV11-2	TRBJ2-3
CASSPIGGNTEAFF	TRBV7-9	TRBJ1-1
CASRLGPGQPYEQYF	TRBV27	TRBJ2-7
CASSPRMSVPWGYTF	TRBV12-4	TRBJ1-2
CASSRSSGANVLTF	TRBV6-3	TRBJ2-6
CASKVSLSETQYF	TRBV27	TRBJ2-5
CATSRPLDSTDTQYF	TRBV15	TRBJ2-3
CASSYRDREGYEQYF	TRBV7-9	TRBJ2-7
CASSVWGRSTDTQYF	TRBV2	TRBJ2-3
CASSLDPGRGQETQYF	TRBV11-2	TRBJ2-5
CASSPLAVPYNEQFF	TRBV6-4	TRBJ2-1
CSGWGGTRDHGYTF	TRBV29-1	TRBJ1-2
CASTGQGKANTGELFF	TRBV5-1	TRBJ2-2
CASSAETGPNEKLFF	TRBV28	TRBJ1-4
CASSIRQGPNEQFF	TRBV27	TRBJ2-1
CAWSYGTEAFF	TRBV30	TRBJ1-1
CASTEGTYNEQFF	TRBV2	TRBJ2-1
CASSLAAGAVNSPLHF	TRBV13	TRBJ1-6
CASTCSGWTEAFF	TRBV5-6	TRBJ1-1
CASSHRQGAGTEAFF	TRBV4-1	TRBJ1-1
CASSLAGNPYEQYF	TRBV11-3	TRBJ2-7
CASSQDHAASYNEQFF	TRBV4-3	TRBJ2-1
CASSEGTGGNTEAFF	TRBV5-1	TRBJ1-1
CASTPGYMNTEAFF	TRBV10-2	TRBJ1-1
CASSDLLALREQFF	TRBV19	TRBJ2-1
CAISRGGNTEAFF	TRBV10-3	TRBJ1-1
CASRTGAYEQYF	TRBV27	TRBJ2-7
CASSLAGTPTDTQYF	TRBV19	TRBJ2-3
CASSLTSGNNEQFF	TRBV27	TRBJ2-1
CASSPPMGADTQYF	TRBV7-9	TRBJ2-3
CASTPAGGPTDTQYF	TRBV6-1	TRBJ2-3
CASRPTSGHTDTQYF	TRBV6-4	TRBJ2-3
CSGLALGGEEQYF	TRBV29-1	TRBJ2-7
CASSASRGPADTQYF	TRBV4-3	TRBJ2-3
CASSLDRDRGRPEAFF	TRBV7-9	TRBJ1-1
CASSHRGTSGSTDTQYF	TRBV5-1	TRBJ2-3
CASSFWDFRTGELFF	TRBV5-4	TRBJ2-2
CASSQDTGEQYF	TRBV4-1	TRBJ2-7
CASSLLAGAPDTQYF	TRBV7-2	TRBJ2-3
CASSQTQLWKTQYF	TRBV7-2	TRBJ2-5
CASSPTGDPGAFF	TRBV2	TRBJ1-1
CASSTEGARTEAFF	TRBV9	TRBJ1-1
CASRPLAGAYNEQFF	TRBV6-5	TRBJ2-1
CASSETSGRSPYEQYF	TRBV6-1	TRBJ2-7
CASSPPTLTEQFF	TRBV18	TRBJ2-1
CATLSSGSNTGELFF	TRBV24-1	TRBJ2-2
CASSLAQGVSTDTQYF	TRBV27	TRBJ2-3
CASSRTGSDYGYTF	TRBV19	TRBJ1-2
CASSSEGQVAKNIQYF	TRBV5-6	TRBJ2-4
CASSQERWAEAFF	TRBV4-1	TRBJ1-1
CSAARGHYGYTF	TRBV20-1	TRBJ1-2
CASSAQLAPSYNEQFF	TRBV9	TRBJ2-1
CASSAGGAPLYEQYF	TRBV9	TRBJ2-7
CASSLRAGRAYEQYF	TRBV27	TRBJ2-7
CASTGTSSVSGELFF	TRBV7-9	TRBJ2-2
CASQLRESGNTIYF	TRBV6-5	TRBJ1-3
CASSSTSKGQGSYEQYF	TRBV7-9	TRBJ2-7
CASSVGGTHYEQYF	TRBV12-4	TRBJ2-7
CASRKWSATNEKLFF	TRBV5-1	TRBJ1-4
CASSVGLAGEGELFF	TRBV9	TRBJ2-2
CASRDRVEPEAFF	TRBV6-3	TRBJ1-1
CASSLEQGNNEQFF	TRBV5-1	TRBJ2-1
CASGQGVTDTQYF	TRBV16	TRBJ2-3
CASSLVVVEQFF	TRBV7-8	TRBJ2-1
CATSKDRFAVDATNEKLFF	TRBV15	TRBJ1-4
CASKGRGLYEQYF	TRBV6-1	TRBJ2-7
CSARDPYEAFF	TRBV20-1	TRBJ1-1
CASSHLGPGGPSYEQYF	TRBV14	TRBJ2-7
CASSPRTSGVANEQFF	TRBV3-1	TRBJ2-1
CASTPGVSNQETQYF	TRBV7-9	TRBJ2-5
CASSPLGGYDGELFF	TRBV6-5	TRBJ2-2
CASSLQRGRTDTQYF	TRBV11-2	TRBJ2-3
CAISGGWGEPSTDTQYF	TRBV10-3	TRBJ2-3
CASSYSSGELFF	TRBV6-2	TRBJ2-2
CASSNTGTGYNEQFF	TRBV9	TRBJ2-1
CASSQEGGPPYNEQFF	TRBV14	TRBJ2-1
CASSEESSGGYEQYF	TRBV6-1	TRBJ2-7
CATSGNQLGTGAYNEQFF	TRBV24-1	TRBJ2-1
CASSYSSTGDSEAFF	TRBV6-3	TRBJ1-1
CASSLTRQTEAFF	TRBV28	TRBJ1-1
CASSRTQGETQYF	TRBV7-9	TRBJ2-5
CASSSLAAPGGPDTQYF	TRBV3-1	TRBJ2-3
CASTPRTAKNIQYF	TRBV6-1	TRBJ2-4
CSAGTGDSTDTQYF	TRBV20-1	TRBJ2-3
CASSFYITGAPYNEQFF	TRBV7-8	TRBJ2-1
CATSDPDRITDTQYF	TRBV24-1	TRBJ2-3
CASSGGQLTDTQYF	TRBV7-9	TRBJ2-3
CASSLITTSTDTQYF	TRBV27	TRBJ2-3
CASSFRPGGHEQYF	TRBV6-5	TRBJ2-7
CASKGLAGAPGELFF	TRBV19	TRBJ2-2
CASSQGASGTYNEQFF	TRBV4-3	TRBJ2-1
CASSYLAGSSVYNEQFF	TRBV6-3	TRBJ2-1
CASSEVGLSYEQYF	TRBV25-1	TRBJ2-7
CASSQVDSYGYTF	TRBV14	TRBJ1-2
CATIPSVGQETGELFF	TRBV27	TRBJ2-2
CASSPGTVYGYTF	TRBV14	TRBJ1-2
CASSLGLAGVNEQFF	TRBV11-2	TRBJ2-1
CASSQTGGDGYTF	TRBV2	TRBJ1-2
CATRETPAGKNIQYF	TRBV15	TRBJ2-4
CASSRLAGIGYEQYF	TRBV19	TRBJ2-7
CASGSTAYNEQFF	TRBV6-5	TRBJ2-1
CASSHREDDTDTQYF	TRBV12-4	TRBJ2-3
CASSVGTGYEQYF	TRBV9	TRBJ2-7
CASSFGGPTYGYTF	TRBV11-2	TRBJ1-2
CAISEPTFMDTEAFF	TRBV10-3	TRBJ1-1
CASSFRQGVNTGELFF	TRBV7-9	TRBJ2-2
CASSYTGEGTQYF	TRBV6-3	TRBJ2-3
CASSYGTSGMETQYF	TRBV6-2	TRBJ2-5
CASSYSDNYEQYF	TRBV6-3	TRBJ2-7
CASSLTRAEMNTEAFF	TRBV27	TRBJ1-1
CASSPISRQETQYF	TRBV7-9	TRBJ2-5
CASSYLLTGSLEETQYF	TRBV6-6	TRBJ2-5
CASSVASGLVAYNEQFF	TRBV9	TRBJ2-1
CASSYFLGSGAGPGANVLTF	TRBV6-3	TRBJ2-6
CASSQESGIVYEQFF	TRBV4-3	TRBJ2-1
CSALLLGSNEQFF	TRBV20-1	TRBJ2-1
CASSFPSQNTGELFF	TRBV28	TRBJ2-2
CASSLRSGGGGAYNEQFF	TRBV7-2	TRBJ2-1
CASSLGVGRASQETQYF	TRBV5-1	TRBJ2-5
CSVELLDYGYTF	TRBV29-1	TRBJ1-2
CASSGDRGYHEQYF	TRBV7-9	TRBJ2-7
CAISGRGTNTGELFF	TRBV10-3	TRBJ2-2
CSAPTWDNEQFF	TRBV20-1	TRBJ2-1
CASSFLGGGTEAFF	TRBV12-4	TRBJ1-1
CAWAPTGVAGELFF	TRBV30	TRBJ2-2
CASSLWTTNYGYTF	TRBV12-4	TRBJ1-2
CASSFGGVRNTEAFF	TRBV12-4	TRBJ1-1
CASSLFGSSYNEQFF	TRBV5-6	TRBJ2-1
CASSGRWTAYNEQFF	TRBV28	TRBJ2-1
CASNRASGGTDTQYF	TRBV5-8	TRBJ2-3
CASSLEATGDNSPLHF	TRBV5-1	TRBJ1-6
CATRTGAYEQYF	TRBV27	TRBJ2-7
CASSKKIDRVLFWTGELFF	TRBV19	TRBJ2-2
CATSDQSGTTDTQYF	TRBV24-1	TRBJ2-3
CASGGTGDNSPLHF	TRBV6-1	TRBJ1-6
CASRSTGTSGGNTGELFF	TRBV7-9	TRBJ2-2
CASSYNGRSLQETQYF	TRBV5-4	TRBJ2-5
CASSLLGEGRSEAFF	TRBV5-1	TRBJ1-1
CAISAGAEAHEQYF	TRBV10-3	TRBJ2-7
CASSMGTPANYGYTF	TRBV6-5	TRBJ1-2
CSASLASTSNYGYTF	TRBV20-1	TRBJ1-2
CASSHRDTGRNEQFF	TRBV4-1	TRBJ2-1
CASSQPGLAKPGELFF	TRBV11-1	TRBJ2-2
CASSYSPVADLYF	TRBV6-5	TRBJ1-3
CSVEGAPNTYNEQFF	TRBV29-1	TRBJ2-1
CASSRTGNQETQYF	TRBV27	TRBJ2-5
CASSESTGATQYF	TRBV10-1	TRBJ2-3
CAISGGSGGAQDTQYF	TRBV10-3	TRBJ2-3
CATDAGQGLFYGYTF	TRBV6-5	TRBJ1-2
CASSPHRSLSEINNYGYTF	TRBV7-2	TRBJ1-2
CATSTYDNPTDTQYF	TRBV15	TRBJ2-3
CAISEGASGFTGELFF	TRBV10-3	TRBJ2-2
CASSLSPSTGNYGYTF	TRBV27	TRBJ1-2
CASSLNRELTGNTIYF	TRBV4-2	TRBJ1-3
CSVSASGGDEQYF	TRBV29-1	TRBJ2-7
CASSLDRGTEAFF	TRBV5-1	TRBJ1-1
CASRGDRGSSPLHF	TRBV28	TRBJ1-6
CASSQDLGSGANVLTF	TRBV4-3	TRBJ2-6
CASSLASSTEAFF	TRBV7-6	TRBJ1-1
CASSLPHLGPNTEAFF	TRBV5-6	TRBJ1-1
CASSWTDDYGYTF	TRBV6-6	TRBJ1-2
CASSVQAGGYGYTF	TRBV9	TRBJ1-2
CATDSGLNTGELFF	TRBV24-1	TRBJ2-2
CASSFSPSGAHEQYF	TRBV5-4	TRBJ2-7
CASSLLKRFWETQYF	TRBV28	TRBJ2-5
CASGLAGQGPYNEQFF	TRBV12-5	TRBJ2-1
CASSPDSHSNQPQHF	TRBV7-6	TRBJ1-5
CASSFSSSNQPQHF	TRBV7-9	TRBJ1-5
CASRRLAGSTDTQYF	TRBV6-5	TRBJ2-3
CASSDPGDYGYTF	TRBV28	TRBJ1-2
CASSPGLLSGELFF	TRBV5-1	TRBJ2-2
CASSPRGGAIYNEQFF	TRBV18	TRBJ2-1
CASSYWDTPTDTQYF	TRBV6-3	TRBJ2-3
CSVVDSKNTEAFF	TRBV29-1	TRBJ1-1
CASSILGNGYTF	TRBV19	TRBJ1-2
CASSLEAGLDGYTF	TRBV5-1	TRBJ1-2
CASSYGGSYTF	TRBV12-3	TRBJ1-2
CASSSRLAGAEDEQFF	TRBV7-9	TRBJ2-1
CSAPAGGLSEQFF	TRBV20-1	TRBJ2-1
CATSGQGATDTQYF	TRBV24-1	TRBJ2-3
CASSLVVDGPAEKLFF	TRBV11-2	TRBJ1-4
CASSQDPRADYGYTF	TRBV4-3	TRBJ1-2
CASSVLTSGAGDEQFF	TRBV7-6	TRBJ2-1
CSVEGYGQGIGYNEQFF	TRBV29-1	TRBJ2-1
CASSYLSASTDTQYF	TRBV12-3	TRBJ2-3
CASSNLRWKGRGYTF	TRBV4-1	TRBJ1-2
CASRRQRTDTEAFF	TRBV28	TRBJ1-1
CASSLSPSGSYEQYF	TRBV27	TRBJ2-7
CATSKGSDTGELFF	TRBV15	TRBJ2-2
CASSLTGGVSGNGELFF	TRBV11-2	TRBJ2-2
CASSVRTSGGQETQYF	TRBV27	TRBJ2-5
CSARELTVQPQHF	TRBV20-1	TRBJ1-5
CASSTGWTEAFF	TRBV19	TRBJ1-1
CASSPNTGMETQYF	TRBV18	TRBJ2-5
CASSIGYTLNYGYTF	TRBV19	TRBJ1-2
CSARRLQGELDTQYF	TRBV20-1	TRBJ2-3
CSALSTIQLNEQFF	TRBV20-1	TRBJ2-1
CASSLTAGAGYNEQFF	TRBV3-1	TRBJ2-1
CASSLTTDGDAWETQYF	TRBV6-3	TRBJ2-5
CSAPGLADSYEQYF	TRBV20-1	TRBJ2-7
CASSDTYTDTQYF	TRBV4-1	TRBJ2-3
CSAMGYEGTADLTDTQYF	TRBV20-1	TRBJ2-3
CASSLLGAYTGELFF	TRBV11-2	TRBJ2-2
CASSVGTGSNQPQHF	TRBV9	TRBJ1-5
CASSVSLVNEQFF	TRBV9	TRBJ2-1
CASSERGPNYGYTF	TRBV25-1	TRBJ1-2
CSGSLGETQYF	TRBV20-1	TRBJ2-5
CASSLSLAGIPDTQYF	TRBV7-3	TRBJ2-3
CATSRAQGQTQYF	TRBV15	TRBJ2-5
CASSVAGRGQETQYF	TRBV9	TRBJ2-5
CASSLGGQGSVEQYF	TRBV7-9	TRBJ2-7
CASSLVWRGDVNTEAFF	TRBV19	TRBJ1-1
CASSQERQVQPQHF	TRBV3-1	TRBJ1-5
CASSLMIGAGEAKNIQYF	TRBV7-2	TRBJ2-4
CASSFGTDTQYF	TRBV7-3	TRBJ2-3
CASSYEGQYNSPLHF	TRBV6-6	TRBJ1-6
CSVEDTDYGYTF	TRBV29-1	TRBJ1-2
CASSNHRDRDTDTQYF	TRBV19	TRBJ2-3
CASSILLAGLGEQFF	TRBV19	TRBJ2-1
CASSGGDRPTTDTQYF	TRBV7-9	TRBJ2-3
CASSLGETTEAFF	TRBV27	TRBJ1-1
CASSSGPEQYF	TRBV27	TRBJ2-7
CSVENPTGDNNEQFF	TRBV29-1	TRBJ2-1
CASSPSTGGNTEAFF	TRBV7-9	TRBJ1-1
CASSLMGGTYNEQFF	TRBV28	TRBJ2-1
CASSQPLGGSTEAFF	TRBV4-1	TRBJ1-1
CASSGGAGNNYGYTF	TRBV9	TRBJ1-2
CASSGLADSTDTQYF	TRBV6-3	TRBJ2-3
CASSYGFGGHNTGELFF	TRBV6-3	TRBJ2-2
CSARSLFGPDGGSYEQYF	TRBV20-1	TRBJ2-7
CSARDGIYSNQPQHF	TRBV20-1	TRBJ1-5
CASRALGQRNEKLFF	TRBV19	TRBJ1-4
CSARSAAGINYGYTF	TRBV20-1	TRBJ1-2
CASRWRGEGYGYTF	TRBV13	TRBJ1-2
CASSLLGATEQFF	TRBV5-4	TRBJ2-1
CASSLEYREADTQYF	TRBV7-8	TRBJ2-3
CASSTLSGGYNEQFF	TRBV6-4	TRBJ2-1
CASSLDGGDSYEQYF	TRBV5-1	TRBJ2-7
CASSSQGTGYTGELFF	TRBV11-3	TRBJ2-2
CASSLPGTGNEQFF	TRBV6-6	TRBJ2-1
CASSPAVPGTEAFF	TRBV19	TRBJ1-1
CASSLSIQGDGYTF	TRBV7-9	TRBJ1-2
CASSEPRLGLVETQYF	TRBV9	TRBJ2-5
CASSLAAGTPRAYGYTF	TRBV27	TRBJ1-2
CASSLLNQPQHF	TRBV5-4	TRBJ1-5
CASRTSGTLLYEQYF	TRBV28	TRBJ2-7
CASSSVNKQFF	TRBV12-3	TRBJ2-1
CASSLPNSPLHF	TRBV7-9	TRBJ1-6
CASSSVNVAFF	TRBV12-4	TRBJ1-1
CASSADGTAWNEQFF	TRBV9	TRBJ2-1
CASSRTRANTGELFF	TRBV5-4	TRBJ2-2
CASRDSMNTEAFF	TRBV2	TRBJ1-1
CASSLLGSGGQETQYF	TRBV27	TRBJ2-5
CASSESVGMNTEAFF	TRBV2	TRBJ1-1
CASSQNYNEQFF	TRBV6-3	TRBJ2-1
CSVQDSVAFF	TRBV29-1	TRBJ1-1
CASSLAVGPVTEAFF	TRBV27	TRBJ1-1
CASSYFVDLTGELFF	TRBV6-3	TRBJ2-2
CASSWGQSISGVFNNEQFF	TRBV28	TRBJ2-1
CASSFEGIYEQYF	TRBV5-6	TRBJ2-7
CASSQTLAGGPWETQYF	TRBV4-1	TRBJ2-5
CASSLYGLGYEQYF	TRBV27	TRBJ2-7
CASSLGPENIQYF	TRBV13	TRBJ2-4
CASRLGQGEAFF	TRBV25-1	TRBJ1-1
CASSSEPNQPQHF	TRBV28	TRBJ1-5
CASRFYFTGAPYNEQFF	TRBV7-8	TRBJ2-1
CASSLVVGSGKYEQYF	TRBV5-5	TRBJ2-7
CATMDSMNTEAFF	TRBV24-1	TRBJ1-1
CASSQVEGTDTQYF	TRBV4-3	TRBJ2-3
CASSPVLVNEQFF	TRBV6-3	TRBJ2-1
CASRSTENTGELFF	TRBV7-9	TRBJ2-2
CASSELAGGGDTQYF	TRBV19	TRBJ2-3
CASSLAPSTETQYF	TRBV11-2	TRBJ2-5
CATSRDRGTGTEAFF	TRBV15	TRBJ1-1
CASSLEASGSSYNEQFF	TRBV5-1	TRBJ2-1
CAISPGGVGYGYTF	TRBV10-3	TRBJ1-2
CASSSTRGVGQPQHF	TRBV5-6	TRBJ1-5
CASSWSSGELFF	TRBV11-2	TRBJ2-2
CSARNIVGYEQYF	TRBV20-1	TRBJ2-7
CASSVNRAGGVTDTQYF	TRBV9	TRBJ2-3
CASSRYSGAANYNEQFF	TRBV12-4	TRBJ2-1
CASRPGQASEAFF	TRBV6-5	TRBJ1-1
CASSLTGMWETQYF	TRBV7-8	TRBJ2-5
CASSLEGGSGADTQYF	TRBV11-3	TRBJ2-3
CSASSSTGEPEAFF	TRBV20-1	TRBJ1-1
CASSFLPLNYGYTF	TRBV27	TRBJ1-2
CASSLASGVLPGQYF	TRBV5-1	TRBJ2-7
CASSPTRLGWHNEQFF	TRBV7-7	TRBJ2-1
CSARREFGTSGGSSYNEQFF	TRBV20-1	TRBJ2-1
CASSLGQGGTEAFF	TRBV19	TRBJ1-1
CASRPLLAETGASTDTQYF	TRBV12-4	TRBJ2-3
CSVVHGELFF	TRBV29-1	TRBJ2-2
CASSLWDRGRYEQYF	TRBV12-3	TRBJ2-7
CASSLGLEPSTDTQYF	TRBV5-1	TRBJ2-3
CASSFYSSGRNSYF	TRBV12-3	TRBJ2-3
CASSYSPEVGEQYF	TRBV6-5	TRBJ2-7
CASSLVRQGASTIGTQYF	TRBV7-2	TRBJ2-5
CASSPYPGETQYF	TRBV27	TRBJ2-5
CASGPRAGAYNEQFF	TRBV12-5	TRBJ2-1
CASSARPGLAGVGRDEQFF	TRBV9	TRBJ2-1
CASSSPERFGYNEQFF	TRBV11-2	TRBJ2-1
CASRTTGFGFNEQFF	TRBV6-6	TRBJ2-1
CASSLQVNIYEQYF	TRBV5-6	TRBJ2-7
CASSLSLSWFPNTGELFF	TRBV27	TRBJ2-2
CSVYPSGDYNEQFF	TRBV29-1	TRBJ2-1
CATSPTGDQPQHF	TRBV15	TRBJ1-5
CASSLRGGRETQYF	TRBV27	TRBJ2-5
CASSIPVGDHTGELFF	TRBV6-6	TRBJ2-2
CASSLAVGMNTEAFF	TRBV5-4	TRBJ1-1
CASSPFGGHGELFF	TRBV19	TRBJ2-2
CASSRPSSGNTIYF	TRBV14	TRBJ1-3
CASSLLRDTQYF	TRBV4-1	TRBJ2-3
CASRPRTGRGVYNEQFF	TRBV27	TRBJ2-1
CASSEYGNGYTF	TRBV6-1	TRBJ1-2
CASSLSGSLTNTEAFF	TRBV27	TRBJ1-1
CASSILNVSWTGSNQPQHF	TRBV19	TRBJ1-5
CASSVVGGATDTQYF	TRBV9	TRBJ2-3
CASSLGQGNTEAFF	TRBV27	TRBJ1-1
CSARGFRGGDGYTF	TRBV20-1	TRBJ1-2
CASTFRDSRREQYF	TRBV28	TRBJ2-7
CASRESNTEAFF	TRBV27	TRBJ1-1
CASAVGAGDKLFF	TRBV19	TRBJ1-4
CASSQYRTAPEAFF	TRBV7-9	TRBJ1-1
CSGRLTGGNEQYF	TRBV29-1	TRBJ2-7
CASRTSGGAYNEQFF	TRBV6-3	TRBJ2-1
CSVTKKRGFMNTEAFF	TRBV29-1	TRBJ1-1
CASSRTGGVDAFF	TRBV6-5	TRBJ1-1
CASIGTDNYGYTF	TRBV6-1	TRBJ1-2
CSVAGTSGGAYEQYF	TRBV29-1	TRBJ2-7
CASSQDRISSRSNTGELFF	TRBV4-1	TRBJ2-2
CASSFYNEKLFF	TRBV27	TRBJ1-4
CASSLTQGSYNEQFF	TRBV11-2	TRBJ2-1
CASSLPGRAPTDTQYF	TRBV5-4	TRBJ2-3
CASSLWTGEHEQYF	TRBV12-4	TRBJ2-7
CASSFGTGGQPQHF	TRBV5-6	TRBJ1-5
CASSFGGGAPETQYF	TRBV7-6	TRBJ2-5
CASSPVAGLTLYLEAFF	TRBV7-9	TRBJ1-1
CAWDSSGTGELFF	TRBV30	TRBJ2-2
CASSKDRATGNTIYF	TRBV6-1	TRBJ1-3
CASSYDRGTGELFF	TRBV5-5	TRBJ2-2
CASSQVLGVLSSYEQYF	TRBV4-3	TRBJ2-7
CASSLNTGRKETQYF	TRBV7-3	TRBJ2-5
CATSSWDRSSGANVLTF	TRBV15	TRBJ2-6
CSALRYNEQFF	TRBV20-1	TRBJ2-1
CSARLLGGGQSYEQYF	TRBV20-1	TRBJ2-7
CASAPGEQPYEQYF	TRBV10-2	TRBJ2-7
CASSERTGGNTDTQYF	TRBV7-2	TRBJ2-3
CASSGGTGGTEAFF	TRBV9	TRBJ1-1
CATSDPRDRAFYGYTF	TRBV24-1	TRBJ1-2
CASSNIAGDYNEQFF	TRBV6-4	TRBJ2-1
CASSQMTSGGVQFF	TRBV7-6	TRBJ2-1
CASSLEPPGRGFAGYTF	TRBV7-3	TRBJ1-2
CAIRGFLGTGKNTEAFF	TRBV10-3	TRBJ1-1
CASSVGSSLHEQYF	TRBV9	TRBJ2-7
CASSSTRTWDTEAFF	TRBV7-8	TRBJ1-1
CASSAGQGGYEQYF	TRBV19	TRBJ2-7
CASSPSDRVVEPQHF	TRBV6-5	TRBJ1-5
CASSLARGLSPDTQYF	TRBV28	TRBJ2-3
CASSEADRNTGELFF	TRBV9	TRBJ2-2
CASSVGVAGELFF	TRBV2	TRBJ2-2
CASRGGGRTSYEQYF	TRBV7-9	TRBJ2-7
CASSSTTLLAGGYEQYF	TRBV6-5	TRBJ2-7
CASSLGQGPDGYTF	TRBV5-1	TRBJ1-2
CASSLRDRVHEQYF	TRBV5-1	TRBJ2-7
CASSPTWSPYEQYF	TRBV7-8	TRBJ2-7
CASSVVGGRYGYTF	TRBV9	TRBJ1-2
CASSQGSGVGEQFF	TRBV4-3	TRBJ2-1
CASSQDGGGGLETQYF	TRBV4-2	TRBJ2-5
CASSPPTTDFSGNTIYF	TRBV7-6	TRBJ1-3
CSARGTIDRDPNSPLHF	TRBV20-1	TRBJ1-6
