CASSEALLGRANYGYTF	TRBV2	TRBJ1-2
CASSLAPGTTNEKLFF	TRBV7-6	TRBJ1-4
CASSPLTGTGVYGYTF	TRBV6-6	TRBJ1-2
CASSSSFPGGGNEQFF	TRBV7-2	TRBJ2-1
CASSYATGASYGYTF	TRBV6-3	TRBJ1-2
CASSYQTGAAYGYTF	TRBV6-3	TRBJ1-2
CASSYQTGASYGYTF	TRBV6-3	TRBJ1-2
CASTLLGGAGYNEQFF	TRBV13	TRBJ2-1
CASSYSPLNTEAFF	TRBV6-2	TRBJ1-1
CASSLIGISSYNEQFF	TRBV7-9	TRBJ2-1
CASSLHDYTGFGTEAFF	TRBV7-9	TRBJ1-1
CASSLIGEGVDDEQYF	TRBV7-9	TRBJ2-7
CASSLVGESAPPHEQYF	TRBV6-2	TRBJ2-7
CASSLGSSPREQFF	TRBV27	TRBJ2-1
CASSLGTPNEQFF	TRBV12-3	TRBJ2-1
CASSLVGVSKDNEQFF	TRBV7-9	TRBJ2-1
CASSYSSGELFF	TRBV6-2	TRBJ2-2
CASSLHGQGVRSPLHF	TRBV7-9	TRBJ1-6
CASSLIGVSVRNEQFF	TRBV7-9	TRBJ2-1
CASSLKGQGPINEQFF	TRBV7-9	TRBJ2-1
CASSFALVSGELFF	TRBV28	TRBJ2-2
CASSLHGDPSYEQYF	TRBV7-9	TRBJ2-7
CASSSAEPYNSPLHF	TRBV4-3	TRBJ1-6
CASSSHDRAGINSPLHF	TRBV7-9	TRBJ1-6
CASSNRTGVPTGELFF	TRBV7-9	TRBJ2-2
CASSLIEANTGELFF	TRBV5-1	TRBJ2-2
CASSPLGLAGPNEQFF	TRBV28	TRBJ2-1
CSVDVIANEQFF	TRBV29-1	TRBJ2-1
CASTSTGGYGYTF	TRBV2	TRBJ1-2
CASKVPAGLEQYF	TRBV28	TRBJ2-7
CASSLHTQGARFF	TRBV7-9	TRBJ1-1
CASSDNTGFYGYTF	TRBV2	TRBJ1-2
CSVEKRSNIAKNIQYF	TRBV29-1	TRBJ2-4
CASSLIGQGLGDEQFF	TRBV7-9	TRBJ2-1
CASSQDSLTGQANSPLHF	TRBV4-3	TRBJ1-6
CASSSIGQGLGDEQFF	TRBV7-9	TRBJ2-1
CASSLVGQGLGDEQFF	TRBV7-9	TRBJ2-1
CASSQETGAGTQYF	TRBV4-1	TRBJ2-5
CASSSHESQGARSPLHF	TRBV7-9	TRBJ1-6
CASSLRGESSYNEQFF	TRBV7-9	TRBJ2-1
CASSLGGSPRELFF	TRBV27	TRBJ2-2
CASSLKGISSYNEQFF	TRBV7-9	TRBJ2-1
CASSLIGVSEKNEQFF	TRBV7-9	TRBJ2-1
CASSESTGTAYGYTF	TRBV13	TRBJ1-2
CASSLGNYEQYF	TRBV14	TRBJ2-7
CASSLSTGGALGTIYF	TRBV27	TRBJ1-3
CASSLTSGGPDTQYF	TRBV14	TRBJ2-3
CASSWDSQSSGNSIYF	TRBV5-1	TRBJ1-3
CSVSEGASEQYF	TRBV29-1	TRBJ2-7
CASSEGWHSYEQYF	TRBV6-1	TRBJ2-7
CASGLNIDGDEQFF	TRBV12-5	TRBJ2-1
CASSVMLDSPLHF	TRBV9	TRBJ1-6
CASSFTYRDTQYF	TRBV28	TRBJ2-3
CASSVRSSMNTEAFF	TRBV9	TRBJ1-1
CASSPTGLEAFF	TRBV6-6	TRBJ1-1
CASSQDRVTWGGIAKNIQYF	TRBV4-2	TRBJ2-4
CASSWTGLGTEAFF	TRBV19	TRBJ1-1
CASTYGSGELFF	TRBV7-9	TRBJ2-2
CATSRDRLAGSNYEQYF	TRBV15	TRBJ2-7
CASSQDPGDEQFF	TRBV4-1	TRBJ2-1
CASSQDGNRGRDEQYF	TRBV4-1	TRBJ2-7
CASSVAPDTQYF	TRBV9	TRBJ2-3
CASSWPGGTEAFF	TRBV27	TRBJ1-1
CASSLADGGFSYEQYF	TRBV7-9	TRBJ2-7
CASGLVLKGQEIYGYTF	TRBV12-5	TRBJ1-2
CASSEWRERTKNIQYF	TRBV7-8	TRBJ2-4
CASSRFGDTEAFF	TRBV7-3	TRBJ1-1
CASSQDADTDTQYF	TRBV4-3	TRBJ2-3
CASSQDSPTNYGYTF	TRBV4-3	TRBJ1-2
CATSRDRLGGGRYEQYF	TRBV15	TRBJ2-7
CASSHRSGTEAFF	TRBV12-3	TRBJ1-1
CASSLRTGAPHRYTF	TRBV9	TRBJ1-2
CASSLAGSSGNEQFF	TRBV18	TRBJ2-1
CASSLSGYEQYF	TRBV28	TRBJ2-7
CASRGRNGYTF	TRBV6-4	TRBJ1-2
CASSQVASDEQFF	TRBV4-3	TRBJ2-1
CASSPQAGGSYEQYF	TRBV12-4	TRBJ2-7
CARYRHLGEAFF	TRBV2	TRBJ1-1
CATSDWLAGDADTQYF	TRBV24-1	TRBJ2-3
CSAIPQVRAHEQYF	TRBV20-1	TRBJ2-7
CATSDFRDSSNEQFF	TRBV24-1	TRBJ2-1
CASSLGQQPGPGNTIYF	TRBV13	TRBJ1-3
CSAPGRYYNEQFF	TRBV20-1	TRBJ2-1
CASSLAGPGAGGEQFF	TRBV7-8	TRBJ2-1
CASSFSLEFTGELFF	TRBV19	TRBJ2-2
CASSPAPTETQYF	TRBV4-3	TRBJ2-5
CASSLAGTGYEQYF	TRBV27	TRBJ2-7
CATSGTQGYQETQYF	TRBV15	TRBJ2-5
CASSLDGSNQPQHF	TRBV5-1	TRBJ1-5
CASSQRTSAETQYF	TRBV3-1	TRBJ2-5
CATDTRDSNQPQHF	TRBV19	TRBJ1-5
CASSQTTPLTYNYEQYF	TRBV19	TRBJ2-7
CASSVVSGANVLTF	TRBV9	TRBJ2-6
CASSQARGDTEAFF	TRBV14	TRBJ1-1
CATSREFQGAQPQHF	TRBV15	TRBJ1-5
CASSQAQASSYEQYF	TRBV4-1	TRBJ2-7
CASSQDQGQDTEAFF	TRBV4-2	TRBJ1-1
CSARPERELYEQYF	TRBV20-1	TRBJ2-7
CSARDINLDTYEQYF	TRBV20-1	TRBJ2-7
CASSPGPAKDTQYF	TRBV7-9	TRBJ2-3
CASRETYNEQFF	TRBV6-3	TRBJ2-1
CASSFLAGGYGDTQYF	TRBV27	TRBJ2-3
CASSPLGPNYEQYF	TRBV12-4	TRBJ2-7
CATSDGTPDSDPYEQYF	TRBV24-1	TRBJ2-7
CASSLSFGDTEAFF	TRBV12-4	TRBJ1-1
CASSWGMTGELFF	TRBV7-9	TRBJ2-2
CASTYLGGSLDGYTF	TRBV5-4	TRBJ1-2
CASSQGGGWTEAFF	TRBV4-2	TRBJ1-1
CASSYLAGSTDTQYF	TRBV4-3	TRBJ2-3
CASSPRDTYYGYTF	TRBV5-5	TRBJ1-2
CASSQVGTVYGYTF	TRBV3-1	TRBJ1-2
CASRNLAPLHSGANVLTF	TRBV27	TRBJ2-6
CASSFRYSLYEKLFF	TRBV5-1	TRBJ1-4
CASSTRDRGWTSGYNEQFF	TRBV14	TRBJ2-1
CSVTPSGEQTQYF	TRBV29-1	TRBJ2-5
CASSTDRAAQPQHF	TRBV28	TRBJ1-5
CASSQEGESNYGYTF	TRBV4-3	TRBJ1-2
CASSLVQGYTF	TRBV7-8	TRBJ1-2
CASTYAVTGNTEAFF	TRBV4-3	TRBJ1-1
CASSYSRFPYEQYF	TRBV6-5	TRBJ2-7
CASRLVSMNTEAFF	TRBV19	TRBJ1-1
CSVTEDEKLFF	TRBV29-1	TRBJ1-4
CASSPENQGELFF	TRBV6-4	TRBJ2-2
CASSYSILDTGELFF	TRBV6-3	TRBJ2-2
CASRSGPVNQPQHF	TRBV6-5	TRBJ1-5
CASSVQAGGYGYTF	TRBV9	TRBJ1-2
CASSLEGYEQYF	TRBV12-4	TRBJ2-7
CASSLVWFGQGVGTAGYTF	TRBV5-1	TRBJ1-2
CASSFGTPTTGELFF	TRBV5-4	TRBJ2-2
CASSLGQGVYGYTF	TRBV27	TRBJ1-2
CASSLRGRLRHYNEQFF	TRBV28	TRBJ2-1
CASSLTTGGRNEQFF	TRBV13	TRBJ2-1
CASSLYPAMNTEAFF	TRBV27	TRBJ1-1
CASSLRTGGFPSGTSGSTDTQYF	TRBV4-1	TRBJ2-3
CSARTGTNYGYTF	TRBV20-1	TRBJ1-2
CASGFSGTEQYF	TRBV12-5	TRBJ2-7
CASSSIAEQFF	TRBV7-9	TRBJ2-1
CASSQDAAGEKLFF	TRBV4-3	TRBJ1-4
CSASSYMNTEAFF	TRBV20-1	TRBJ1-1
CASSPGLAAMYEQYF	TRBV9	TRBJ2-7
CASSWDLTSYEQYF	TRBV7-9	TRBJ2-7
CASSQDRGLVDTEAFF	TRBV6-5	TRBJ1-1
CASTPRRLGLFPSSGNTIYF	TRBV6-6	TRBJ1-3
CASSEAVDRGNEQFF	TRBV6-1	TRBJ2-1
CATLPPFRQSDEAFF	TRBV12-4	TRBJ1-1
CSAPRAGTEAFF	TRBV20-1	TRBJ1-1
CASSVLGLGNQPQHF	TRBV7-2	TRBJ1-5
CASSQWNGRFNYGYTF	TRBV4-1	TRBJ1-2
CASSSDSLKLFF	TRBV19	TRBJ1-4
CSTRGNTEAFF	TRBV20-1	TRBJ1-1
CSAPPSSGRSYNEQFF	TRBV20-1	TRBJ2-1
CASSQRRGRSYNEQFF	TRBV3-1	TRBJ2-1
CASSLRDRGHEQYF	TRBV7-9	TRBJ2-7
CASSPRVNYGYTF	TRBV27	TRBJ1-2
CASSSGTGEPNTEAFF	TRBV11-2	TRBJ1-1
CASSNPLEGIDEQFF	TRBV6-6	TRBJ2-1
CASRADSYNEQFF	TRBV5-4	TRBJ2-1
CASSQGLSNEQYF	TRBV4-1	TRBJ2-7
CASSQLGRGDNEQFF	TRBV7-9	TRBJ2-1
CASSQEDSSYNEQFF	TRBV4-1	TRBJ2-1
CASSYLTSGGASEQFF	TRBV6-3	TRBJ2-1
CASSPTSGGVYEQYF	TRBV7-2	TRBJ2-7
CASSPGGAEAFF	TRBV5-4	TRBJ1-1
CASSLQGAPTYNEQFF	TRBV18	TRBJ2-1
CASSYSDETYEQYF	TRBV6-3	TRBJ2-7
CASSEDPWGSYNEQFF	TRBV2	TRBJ2-1
CASSITGTSNYGYTF	TRBV19	TRBJ1-2
CASHRGYPNEQYF	TRBV6-1	TRBJ2-7
CASSLVGVGGSGNTIYF	TRBV5-1	TRBJ1-3
CASSARRAGGGNTIYF	TRBV9	TRBJ1-3
CASSGTGANYGYTF	TRBV5-6	TRBJ1-2
CASSLRDGSEAFF	TRBV5-6	TRBJ1-1
CATSRDAPPRVSTDTQYF	TRBV15	TRBJ2-3
CASSSQTSGSTGELFF	TRBV7-9	TRBJ2-2
CASSPSSYEQYF	TRBV7-2	TRBJ2-7
CASSLADGTEAFF	TRBV11-3	TRBJ1-1
CASSVGGSGYEQYF	TRBV9	TRBJ2-7
CASSTQTGSNTGELFF	TRBV27	TRBJ2-2
CASNPTSGGSREQFF	TRBV6-5	TRBJ2-1
CASSVEGNEQFF	TRBV9	TRBJ2-1
CASSNLRTAEKAFF	TRBV6-3	TRBJ1-1
CASSERDNEQFF	TRBV25-1	TRBJ2-1
CASSYASNSPLHF	TRBV5-5	TRBJ1-6
CASNEQFSHSPLHF	TRBV5-6	TRBJ1-6
CASSSPSSEAFF	TRBV27	TRBJ1-1
CATSRDVVFGTGGGPYNSPLHF	TRBV15	TRBJ1-6
CASSLVAGELFF	TRBV7-6	TRBJ2-2
CATSRDRAGGANYGYTF	TRBV15	TRBJ1-2
CASSLVQADNEQFF	TRBV5-1	TRBJ2-1
CASSLSGLGTEAFF	TRBV27	TRBJ1-1
CASSPDLDTQYF	TRBV4-1	TRBJ2-3
CASSLAGWSYNSPLHF	TRBV11-2	TRBJ1-6
CASSYLGPEAFF	TRBV6-3	TRBJ1-1
CASTRTLFANEQFF	TRBV28	TRBJ2-1
CASGDSPNEQYF	TRBV5-1	TRBJ2-7
CSARQMDYNEQFF	TRBV20-1	TRBJ2-1
CARKKTRRISQAFF	TRBV9	TRBJ1-1
CASSLGGPPVNEQFF	TRBV7-9	TRBJ2-1
CASSLSRWRQAKNIQYF	TRBV7-9	TRBJ2-4
CSVSASGGDEQYF	TRBV29-1	TRBJ2-7
CASSFETGGRTQYF	TRBV28	TRBJ2-5
CASSFSGNTGELFF	TRBV12-3	TRBJ2-2
CASSLLPRPGNTIYF	TRBV27	TRBJ1-3
CASSHGSGSPYGYTF	TRBV11-2	TRBJ1-2
CASSASVLGVNEQFF	TRBV19	TRBJ2-1
CASRTGNLNTEAFF	TRBV30	TRBJ1-1
CASSFQGEAGLNEQFF	TRBV7-2	TRBJ2-1
CASSSAAGMSTDTQYF	TRBV13	TRBJ2-3
CASSYPTGLANNEQFF	TRBV6-3	TRBJ2-1
CASSPDSGIGGNYGYTF	TRBV6-6	TRBJ1-2
CASSPRGGVPGELFF	TRBV11-3	TRBJ2-2
CASSYSGGTNTGELFF	TRBV6-3	TRBJ2-2
CASSQDSPGIRDNQPQHF	TRBV3-1	TRBJ1-5
CASRGGQISYEQYF	TRBV2	TRBJ2-7
CASTLTSGSYFSYNEQFF	TRBV19	TRBJ2-1
CASSLSQFSPLHF	TRBV27	TRBJ1-6
CSASSGVSYEQYF	TRBV20-1	TRBJ2-7
CASSPPGSDEQFF	TRBV18	TRBJ2-1
CATGTDTQYF	TRBV6-3	TRBJ2-3
CASRGRSYNEQFF	TRBV12-4	TRBJ2-1
CASSFGVTYEQYF	TRBV5-6	TRBJ2-7
CASSVTAGGADTQYF	TRBV9	TRBJ2-3
CASSLLGSPLHF	TRBV27	TRBJ1-6
CATQRDETYEQYF	TRBV19	TRBJ2-7
CASSLGQGRNEQFF	TRBV11-1	TRBJ2-1
CASSEAGGRETQYF	TRBV9	TRBJ2-5
CASSPGGDEQFF	TRBV7-6	TRBJ2-1
CASSVFGGGETQYF	TRBV7-3	TRBJ2-5
CASSLGTSGMGEQYF	TRBV11-2	TRBJ2-7
CASSQKLDRETQYF	TRBV4-2	TRBJ2-5
CASSQEKGTAVPNSPLHF	TRBV4-1	TRBJ1-6
CASTAGTSDQETQYF	TRBV19	TRBJ2-5
CASSGTGFGYTF	TRBV7-9	TRBJ1-2
CASSWNRDRYNTEAFF	TRBV5-6	TRBJ1-1
CASSPGQEVYEQYF	TRBV18	TRBJ2-7
CASSLPGTDEQYF	TRBV28	TRBJ2-7
CASSWRTLPYEQYF	TRBV27	TRBJ2-7
CASSRDYYSNQPQHF	TRBV7-2	TRBJ1-5
CATSGLSYNSPLHF	TRBV24-1	TRBJ1-6
CASSTGTAYGYTF	TRBV12-3	TRBJ1-2
CSARNTGELFF	TRBV20-1	TRBJ2-2
CASSLYRGADTQYF	TRBV28	TRBJ2-3
CASSQGRVLPSRTDTQYF	TRBV4-1	TRBJ2-3
CATSRRPGDSTNTGELFF	TRBV15	TRBJ2-2
CATRHLNTEAFF	TRBV19	TRBJ1-1
CASSMDSTDTQYF	TRBV7-2	TRBJ2-3
CAIKTSGRAYEQYF	TRBV10-3	TRBJ2-7
CAISEGIGQNYGYTF	TRBV10-3	TRBJ1-2
CASSLMAGTWFYEQYF	TRBV28	TRBJ2-7
CASSPTRGRKNTGELFF	TRBV25-1	TRBJ2-2
CSAFPGPREAYEQYF	TRBV20-1	TRBJ2-7
CASSTDRYVRSNQPQHF	TRBV19	TRBJ1-5
CASSPWTGARWEQYF	TRBV6-1	TRBJ2-7
CSAWNGTGSNEQYF	TRBV29-1	TRBJ2-7
CAISVRSRSPLHF	TRBV10-3	TRBJ1-6
CASSDLGQGHEQYF	TRBV6-1	TRBJ2-7
CASSPPAGGQNSPLHF	TRBV18	TRBJ1-6
CASSSPGAGPNNEQFF	TRBV7-9	TRBJ2-1
CAISGGLQGQEKLFF	TRBV10-3	TRBJ1-4
CASSLGGLGNEQFF	TRBV7-9	TRBJ2-1
CASSVVAGVGYEQYF	TRBV6-5	TRBJ2-7
CASSEVYENSNGYTF	TRBV2	TRBJ1-2
CASSRLAGESDTQYF	TRBV5-4	TRBJ2-3
CASSFGQGGEQYF	TRBV12-4	TRBJ2-7
CASSDGDREIPEAFF	TRBV6-1	TRBJ1-1
CSVVTFYYEQYF	TRBV29-1	TRBJ2-7
CASSVTGPYGYTF	TRBV6-1	TRBJ1-2
CASSEAPGRRTGELFF	TRBV6-1	TRBJ2-2
CASSLGIIVGVSLNEQFF	TRBV5-8	TRBJ2-1
CASSFLAGGNYEQYF	TRBV13	TRBJ2-7
CASSLVAGELNEQFF	TRBV5-6	TRBJ2-1
CASSSIAGGPGTDTQYF	TRBV27	TRBJ2-3
CSAIHPRQSGSPLHF	TRBV20-1	TRBJ1-6
CASSLGWGVNEQFF	TRBV12-3	TRBJ2-1
CASSLMRGGTYNSPLHF	TRBV13	TRBJ1-6
CAWSITDTGELFF	TRBV30	TRBJ2-2
CASSQVGRPYNEQFF	TRBV4-3	TRBJ2-1
CASSTGTATNEKLFF	TRBV19	TRBJ1-4
CASSLTSGGATDTQYF	TRBV9	TRBJ2-3
CSPMDRQETQYF	TRBV29-1	TRBJ2-5
CASSFPGLYNEQFF	TRBV5-8	TRBJ2-1
CASTTIWEGTLENTQYF	TRBV19	TRBJ2-3
CASRLAGGRDEQFF	TRBV4-1	TRBJ2-1
CASSLERFYEQYF	TRBV7-9	TRBJ2-7
CASTPPLASGRYYEQYF	TRBV7-9	TRBJ2-7
CASSISGSSYNEQFF	TRBV19	TRBJ2-1
CASSYTADQPQHF	TRBV6-3	TRBJ1-5
CASSLRGRGEKLFF	TRBV27	TRBJ1-4
CASSYSSGSYEQYF	TRBV6-5	TRBJ2-7
CASSLPDGTDLSGANVLTF	TRBV28	TRBJ2-6
CASSDSYEQYF	TRBV25-1	TRBJ2-7
CASSIYRGLNEKLFF	TRBV6-6	TRBJ1-4
CASSFPGTPTREDTQYF	TRBV5-1	TRBJ2-3
CASSVVSGGTEAFF	TRBV9	TRBJ1-1
CASHSVTNEQFF	TRBV19	TRBJ2-1
CASSYSMVAGGYTGELFF	TRBV6-3	TRBJ2-2
CASGTPGGEKLFF	TRBV7-9	TRBJ1-4
CASRETGVYEQYF	TRBV10-2	TRBJ2-7
CASSMDRGSADTQYF	TRBV19	TRBJ2-3
CASSSISGNTIYF	TRBV27	TRBJ1-3
CASSLTGEGSPLHF	TRBV28	TRBJ1-6
CASSLGSGRLNTEAFF	TRBV5-1	TRBJ1-1
CASSFRQVLSSYEQYF	TRBV13	TRBJ2-7
CSARDLVGPPNEKLFF	TRBV20-1	TRBJ1-4
CASSLSAGMNTEAFF	TRBV27	TRBJ1-1
CATSRGRQGTLSYEQYF	TRBV15	TRBJ2-7
CASSITLADGYTF	TRBV19	TRBJ1-2
CASSLSLPSGYTF	TRBV12-3	TRBJ1-2
CSARDLGLAGDEQYF	TRBV20-1	TRBJ2-7
CASSLGVAGTNTGELFF	TRBV11-2	TRBJ2-2
CASSDELDRGRALAKNIQYF	TRBV2	TRBJ2-4
CASSSGGDLYEQYF	TRBV27	TRBJ2-7
CSARDPGGRETQYF	TRBV20-1	TRBJ2-5
CASSESKGYTF	TRBV25-1	TRBJ1-2
CASSHPRTGRDMGGGANVLTF	TRBV4-1	TRBJ2-6
CASSQWGLAGEDTQYF	TRBV6-3	TRBJ2-3
CASSLAWGGTDTQYF	TRBV5-4	TRBJ2-3
CASSLERVSEKLFF	TRBV7-9	TRBJ1-4
CASSQGLSGSSYNEQFF	TRBV4-3	TRBJ2-1
CATSPNRAYEQYF	TRBV15	TRBJ2-7
CASSLDRSYEQYF	TRBV5-4	TRBJ2-7
CASSMLAGGPTDTQYF	TRBV19	TRBJ2-3
CASSLGAGKVTDTQYF	TRBV11-3	TRBJ2-3
CASSPDLRGPNEQFF	TRBV18	TRBJ2-1
CASSPKGQGFEQYF	TRBV9	TRBJ2-7
CASSLQVNIYEQYF	TRBV5-6	TRBJ2-7
CSARDTRQLSSYNSPLHF	TRBV20-1	TRBJ1-6
CASSEGDSNYEQYF	TRBV9	TRBJ2-7
CASSDYGLAGEQFF	TRBV6-4	TRBJ2-1
CASSEASGGANIQYF	TRBV6-6	TRBJ2-4
CASSSTDTQYF	TRBV5-6	TRBJ2-3
CSAPGLADSYEQYF	TRBV20-1	TRBJ2-7
CASSFTLAAYSNQPQHF	TRBV7-8	TRBJ1-5
CSASLLSYNEQFF	TRBV20-1	TRBJ2-1
CASSLCCSPNTGELFF	TRBV7-9	TRBJ2-2
CAISGGGNEKLFF	TRBV10-3	TRBJ1-4
CASRGVTGPRSYEQYF	TRBV6-6	TRBJ2-7
CASREGGGGTEAFF	TRBV7-9	TRBJ1-1
CASSHGTRTYEQYF	TRBV4-1	TRBJ2-7
CASSTLQGNNYGYTF	TRBV7-8	TRBJ1-2
CASSQGAETGSTEAFF	TRBV4-3	TRBJ1-1
CSASEGAGEVYGYTF	TRBV20-1	TRBJ1-2
CASKNPGTEIYEQYF	TRBV28	TRBJ2-7
CASSQDHYGVSGNTIYF	TRBV4-3	TRBJ1-3
CASSLDRVAADTQYF	TRBV27	TRBJ2-3
CASSEGQGWTEAFF	TRBV6-1	TRBJ1-1
CASSVDVFTNNEQFF	TRBV9	TRBJ2-1
CASSLWSDHSNQPQHF	TRBV7-8	TRBJ1-5
CASSLERGNTEAFF	TRBV7-8	TRBJ1-1
CASSQEEIVSGELFF	TRBV4-1	TRBJ2-2
CASSYYSGLLFQETQYF	TRBV19	TRBJ2-5
CASGLVLSWGSRTSGRLDEQFF	TRBV12-5	TRBJ2-1
CASSLGDNTEAFF	TRBV7-9	TRBJ1-1
CATRWRLAGGPDTQYF	TRBV6-3	TRBJ2-3
CASSLIDTVWSLEQYF	TRBV5-6	TRBJ2-7
CASSSLAGGLTDTQYF	TRBV27	TRBJ2-3
CASSLDVGRAASYEQYF	TRBV5-1	TRBJ2-7
CSAAGQGIHSPLHF	TRBV20-1	TRBJ1-6
CSADGGPTTPNEQYF	TRBV20-1	TRBJ2-7
CASTETRSDADTQYF	TRBV27	TRBJ2-3
CASSLDYNTGELFF	TRBV27	TRBJ2-2
CASRPRTSEDYEQYF	TRBV4-2	TRBJ2-7
CASSLDLIPAGGSTPYNEQFF	TRBV11-2	TRBJ2-1
CASTRVGGDYGYTF	TRBV27	TRBJ1-2
CASSPRGEKLFF	TRBV12-3	TRBJ1-4
CASSFHRRPFDGYNEQFF	TRBV7-9	TRBJ2-1
CASSPPGRGVVQETQYF	TRBV9	TRBJ2-5
CSARDGTTEAFF	TRBV20-1	TRBJ1-1
CASTRDRPTLGYTF	TRBV13	TRBJ1-2
CASSLAGYTGELFF	TRBV11-2	TRBJ2-2
CAIRLGNQPQHF	TRBV19	TRBJ1-5
CASSFGVSGRDEQFF	TRBV7-3	TRBJ2-1
CASRPIPGAYAQYF	TRBV7-2	TRBJ2-3
CASSVGTGSNQPQHF	TRBV9	TRBJ1-5
CASSLFGRDLGGYTF	TRBV12-3	TRBJ1-2
CASSPEGQPNTEAFF	TRBV27	TRBJ1-1
CASSPQGAYEQYF	TRBV19	TRBJ2-7
CASSLTSAAEFF	TRBV5-4	TRBJ2-1
CASSSLGQILSYEQYF	TRBV28	TRBJ2-7
CATSRDRIAGWDLLAKNIQYF	TRBV15	TRBJ2-4
CASSLAAGMGGYTF	TRBV7-9	TRBJ1-2
CASSFGQPQHF	TRBV28	TRBJ1-5
CASREGQGAGYEQYF	TRBV6-5	TRBJ2-7
CASREIQGSGANVLTF	TRBV7-9	TRBJ2-6
CASSLGSGRYQETQYF	TRBV12-4	TRBJ2-5
CASSLDAYNEQFF	TRBV5-1	TRBJ2-1
CASSEGVGLQGWNTEAFF	TRBV2	TRBJ1-1
CASSPEGRPGDTQYF	TRBV9	TRBJ2-3
CATSLRMNTEAFF	TRBV15	TRBJ1-1
CASSELNGMDTQYF	TRBV25-1	TRBJ2-3
CASSPIRGNQPQHF	TRBV18	TRBJ1-5
CASSYSPGVAGGLVNEQFF	TRBV6-3	TRBJ2-1
CASSTAGGSYEQYF	TRBV27	TRBJ2-7
CASSLGTAYEQYF	TRBV27	TRBJ2-7
CASSQDFTYEQYF	TRBV3-1	TRBJ2-7
CASSAPGGTSYNEQFF	TRBV9	TRBJ2-1
CASSLLVGSQPQHF	TRBV27	TRBJ1-5
CASSPDLVHEQFF	TRBV3-1	TRBJ2-1
CASSIVWDRASLGTDTQYF	TRBV19	TRBJ2-3
CASSYFSPLAVNTGELFF	TRBV6-5	TRBJ2-2
CSARGDYSFHEQFF	TRBV20-1	TRBJ2-1
CSATGLAGGEFTDTQYF	TRBV20-1	TRBJ2-3
CASRGVFGAGLTDTQYF	TRBV28	TRBJ2-3
CASSLAWDLNSPLHF	TRBV7-2	TRBJ1-6
CASSLTGTEAFF	TRBV7-9	TRBJ1-1
CASSVGDAQYEQYF	TRBV9	TRBJ2-7
CASSETGYNQPQHF	TRBV2	TRBJ1-5
CASSLGGAGETQYF	TRBV7-2	TRBJ2-5
CASSRPVTSGRHEQYF	TRBV4-2	TRBJ2-7
CASSLGILAGGLSDSYNEQFF	TRBV7-2	TRBJ2-1
CSASPGDYEQYF	TRBV20-1	TRBJ2-7
CASSYSGRAHEQYF	TRBV6-5	TRBJ2-7
CSAPTEEGSLQETQYF	TRBV20-1	TRBJ2-5
CASSQANYEQYF	TRBV14	TRBJ2-7
CASRTSGTTDTQYF	TRBV10-2	TRBJ2-3
CASSFAVSTDTQYF	TRBV7-9	TRBJ2-3
CASSLAPGQGPIKETQYF	TRBV7-9	TRBJ2-5
CASSPGGLNEKLFF	TRBV6-5	TRBJ1-4
CASSLTSRGGNGYTF	TRBV7-2	TRBJ1-2
CASSFGQLHIEYF	TRBV27	TRBJ2-7
CASSLARGEQFF	TRBV5-1	TRBJ2-1
CSVGTRTTGELFF	TRBV29-1	TRBJ2-2
CASSWTSGSGDTQYF	TRBV2	TRBJ2-3
CASSVGGPPPDTQYF	TRBV28	TRBJ2-3
CAISGTGSGRETQYF	TRBV10-3	TRBJ2-5
CASSVEAGASSGNTIYF	TRBV9	TRBJ1-3
CASSVDSYSNQPQHF	TRBV7-8	TRBJ1-5
CASGLVRGQGNGYTF	TRBV12-5	TRBJ1-2
CASSPSPASDTDTQYF	TRBV4-3	TRBJ2-3
CASSLSTDGPISNTGELFF	TRBV12-4	TRBJ2-2
CASSGGTGGTSGSLREQFF	TRBV13	TRBJ2-1
CASSWLQGSEQYF	TRBV6-5	TRBJ2-5
CASSHIGQGYTF	TRBV9	TRBJ1-2
CASSPSTGIGYEQYF	TRBV4-3	TRBJ2-7
CSARAPAGAYEQYF	TRBV20-1	TRBJ2-7
CAETGEVRTYEQYF	TRBV10-3	TRBJ2-7
CAGSVGASGYEQYF	TRBV2	TRBJ2-7
CASSMGWTGVVYEQYF	TRBV19	TRBJ2-7
CATSDSTGGETGELFF	TRBV24-1	TRBJ2-2
CASSLEDRESTDTQYF	TRBV18	TRBJ2-3
CSARAKRTLYEQYF	TRBV20-1	TRBJ2-7
CASSQSGTREYEQYF	TRBV3-1	TRBJ2-7
CASSPSLAASSYYNEQFF	TRBV7-3	TRBJ2-1
CASSPRTAMNTEAFF	TRBV27	TRBJ1-1
CASSYGGENNSPLHF	TRBV6-6	TRBJ1-6
CASGLKQGLETQYF	TRBV12-5	TRBJ2-5
CASSYGQGWLGQETQYF	TRBV5-4	TRBJ2-5
CASSYGSNQPQHF	TRBV6-3	TRBJ1-5
CASSHGLAGVEQYF	TRBV6-3	TRBJ2-7
CATSRDLGGSYNSPLHF	TRBV15	TRBJ1-6
CSVFGGRLYEQYF	TRBV29-1	TRBJ2-7
CASSLARAGGFNTQYF	TRBV5-6	TRBJ2-3
CASSPRTSGIHNEQFF	TRBV11-3	TRBJ2-1
CASSEGLAGVYTDTQYF	TRBV6-6	TRBJ2-3
CASSRGGPLVDNEQFF	TRBV9	TRBJ2-1
CASSFRLARIYEQYF	TRBV18	TRBJ2-7
CASSHVGTGWDLRTDTQYF	TRBV14	TRBJ2-3
CASSEMTGVDEQFF	TRBV2	TRBJ2-1
CASTLTGATNEKLFF	TRBV12-4	TRBJ1-4
CASSSEGRMTYEQYF	TRBV7-2	TRBJ2-7
CASSLDPGRTEAFF	TRBV5-5	TRBJ1-1
CAISDPGLAGGGGEQFF	TRBV10-3	TRBJ2-1
CAISELFLAGPMRGTQYF	TRBV10-3	TRBJ2-5
CASSSHRGFYGYTF	TRBV6-3	TRBJ1-2
CAISESGTGSVFDGYTF	TRBV10-3	TRBJ1-2
CASSPVSQGANSGNTIYF	TRBV18	TRBJ1-3
CASSFPRTKNTEAFF	TRBV11-2	TRBJ1-1
CASSPTSNTEAFF	TRBV19	TRBJ1-1
CASSQVLLRVSSPLHF	TRBV3-1	TRBJ1-6
CASSFWDRGNTGELFF	TRBV7-3	TRBJ2-2
CASSQRRRGRETQYF	TRBV3-1	TRBJ2-5
CARQPLRGANVLTF	TRBV2	TRBJ2-6
CASSLEGTHEQYF	TRBV28	TRBJ2-7
CASSKQGALTEAFF	TRBV6-5	TRBJ1-1
CASSPKALQLNSNQPQHF	TRBV6-3	TRBJ1-5
CASGQSPSGMEYEQYF	TRBV6-1	TRBJ2-7
CATDPGQGSYEQYF	TRBV28	TRBJ2-7
CASSYTAGELFF	TRBV7-9	TRBJ2-2
CASSYSVRGTGELFF	TRBV6-5	TRBJ2-2
CASSLYAGGQPQHF	TRBV7-6	TRBJ1-5
CASSSPCCSHSYNEQFF	TRBV7-2	TRBJ2-1
CASSPRGGVEKTQYF	TRBV13	TRBJ2-5
CAISESLAGRTYNEQFF	TRBV10-3	TRBJ2-1
CASSLGGGQETQYF	TRBV5-5	TRBJ2-5
CASSVEEGGPTDTQYF	TRBV9	TRBJ2-3
CASSFLAGGYNEQFF	TRBV7-8	TRBJ2-1
CASSQDGKAQYF	TRBV4-2	TRBJ2-5
CASSLVGQGRDYGYTF	TRBV7-2	TRBJ1-2
CASSLALGTGRYSSYEQYF	TRBV12-4	TRBJ2-7
CASSLDTGKTEAFF	TRBV7-6	TRBJ1-1
CASSERGGLASNEQFF	TRBV2	TRBJ2-1
CASRIKGAWNSPLHF	TRBV13	TRBJ1-6
CASSPSSGALDYGYTF	TRBV12-4	TRBJ1-2
CASTSRWGTEAFF	TRBV27	TRBJ1-1
CASSQDDTTYEQYF	TRBV4-1	TRBJ2-7
CASSSPTGGQDKNIQYF	TRBV28	TRBJ2-4
CASSQGPYNEQFF	TRBV4-1	TRBJ2-1
CASSQGPAGLTDTQYF	TRBV4-3	TRBJ2-3
CASSPQGSGANVLTF	TRBV27	TRBJ2-6
CASSIRDRAFGEQYF	TRBV11-1	TRBJ2-7
CASSFGTDTQYF	TRBV7-3	TRBJ2-3
CASSFGEQFF	TRBV7-2	TRBJ2-1
CSVEGRAQGYTF	TRBV29-1	TRBJ1-2
CARRQGSYGYTF	TRBV2	TRBJ1-2
CASSPGDTQYF	TRBV6-5	TRBJ2-3
CASRNHVGQDYSYEQYF	TRBV5-4	TRBJ2-7
CASSSLAGGRDEQFF	TRBV11-1	TRBJ2-1
CASSLIGVGEFTDTQYF	TRBV28	TRBJ2-3
CASSKTTEFTQEETQYF	TRBV7-9	TRBJ2-5
CASSPVGGGYNEQFF	TRBV7-6	TRBJ2-1
CASSVYRGLGANVLTF	TRBV5-1	TRBJ2-6
CASSIAPWHRNNQPQHF	TRBV19	TRBJ1-5
CASSPGTPIGTQYF	TRBV7-9	TRBJ2-5
CASSFPLAGIYTQYF	TRBV7-2	TRBJ2-3
CASSLVYGGNQETQYF	TRBV7-9	TRBJ2-5
CASGGETQYF	TRBV6-5	TRBJ2-5
CSVLVARELLTDTQYF	TRBV29-1	TRBJ2-3
CASSYRFGSNQPQHF	TRBV12-4	TRBJ1-5
CASSHSSGGVADTQYF	TRBV7-9	TRBJ2-3
CATSLNVVRASNEKLFF	TRBV15	TRBJ1-4
CASSMWGRQLNTEAFF	TRBV5-5	TRBJ1-1
CASSLTSGKPYEQYF	TRBV6-5	TRBJ2-7
CASSPQDSPTDTQYF	TRBV18	TRBJ2-3
CASSRADLAGVPLGTGELFF	TRBV7-3	TRBJ2-2
CASSVHRGSGGELFF	TRBV11-3	TRBJ2-2
CASSLSPSGSYEQYF	TRBV27	TRBJ2-7
CASSQDNPLNSPLHF	TRBV4-2	TRBJ1-6
CASSLGTGEKLFF	TRBV7-2	TRBJ1-4
CASSKDSAYEQYF	TRBV5-4	TRBJ2-7
CASSVAGQDTDTQYF	TRBV9	TRBJ2-3
CASSSGQMNTEAFF	TRBV7-6	TRBJ1-1
CASSPKHHTEAFF	TRBV5-1	TRBJ1-1
CASSLEVVLWTGNTEAFF	TRBV5-1	TRBJ1-1
CASSHGQLNTEAFF	TRBV5-1	TRBJ1-1
CASSHGQGRGNTEAFF	TRBV4-3	TRBJ1-1
CASSLNRGTGANVLTF	TRBV6-5	TRBJ2-6
CASSFQGWELFF	TRBV5-4	TRBJ2-2
CASRETGGSAYEQYF	TRBV6-1	TRBJ2-7
CASSLGGARNTEAFF	TRBV7-2	TRBJ1-1
CASSPGREGYNEQFF	TRBV12-3	TRBJ2-1
CASSLDPVIGYEQYF	TRBV7-8	TRBJ2-7
CASSFGLASPFEQFF	TRBV12-3	TRBJ2-1
CASSQTGHYGYTF	TRBV6-3	TRBJ1-2
CASGFRTDTQYF	TRBV12-5	TRBJ2-3
CASSLGKNEQFF	TRBV11-2	TRBJ2-1
CASGRHRTAQETQYF	TRBV11-2	TRBJ2-5
CASSQDRGGVPSYNEQFF	TRBV3-1	TRBJ2-1
CASSISPNQPQHF	TRBV19	TRBJ1-5
CSAQAERSYEQYF	TRBV20-1	TRBJ2-7
CASSLGGLAGVGTGELFF	TRBV7-2	TRBJ2-2
CASSDDLETQYF	TRBV5-1	TRBJ2-5
CASSRDHSYEQYF	TRBV12-4	TRBJ2-7
CASSLDSYNEQFF	TRBV27	TRBJ2-1
CASSPNGLNTEAFF	TRBV6-1	TRBJ1-1
CASTKGDMGADTQYF	TRBV11-2	TRBJ2-3
CASSPLVEGNYGYTF	TRBV11-2	TRBJ1-2
CASSLQVIYEQYF	TRBV11-2	TRBJ2-7
CASSSPGESSYNEQFF	TRBV7-9	TRBJ2-1
CASTPTGTYNEQFF	TRBV7-8	TRBJ2-1
CASSQEPLTDTQYF	TRBV4-1	TRBJ2-3
CASSQQQGYGTEAFF	TRBV4-1	TRBJ1-1
CASSYTGYSSPLHF	TRBV27	TRBJ1-6
CASSWRGRNSPLHF	TRBV27	TRBJ1-6
CASSSRGGSEAFF	TRBV12-4	TRBJ1-1
CSARDPPAGRDGYTF	TRBV20-1	TRBJ1-2
CSARNPRGEDTEAFF	TRBV20-1	TRBJ1-1
CASSLVVVEDEQFF	TRBV5-1	TRBJ2-1
CASSLARTEDNYEQYF	TRBV12-3	TRBJ2-7
CSARDINRGSYEQYF	TRBV20-1	TRBJ2-7
CASSRWTSEDEQFF	TRBV7-2	TRBJ2-1
CSARKWTEAFF	TRBV20-1	TRBJ1-1
CASSYAPNQPQHF	TRBV6-5	TRBJ1-5
CASSQGTSFFEQFF	TRBV3-1	TRBJ2-1
CSARDRLAGEYSEQYF	TRBV20-1	TRBJ2-7
CASGFGANTWDTQYF	TRBV12-5	TRBJ2-3
CASRSQGALYSNQPQHF	TRBV28	TRBJ1-5
CASSGRQGREQYF	TRBV7-9	TRBJ2-7
CASTLITGELFF	TRBV28	TRBJ2-2
CSGEGAGANVLTF	TRBV20-1	TRBJ2-6
CSARADSQETQYF	TRBV20-1	TRBJ2-5
CATSRDDPGTAPGELFF	TRBV15	TRBJ2-2
CASTNTRESAKNIQYF	TRBV28	TRBJ2-4
CASSSKEGVLLHF	TRBV7-6	TRBJ1-6
CASTFPGPGYF	TRBV6-3	TRBJ1-3
CASSYARNYNEQFF	TRBV6-5	TRBJ2-1
CASASSWGLRDIQYF	TRBV6-3	TRBJ2-4
CASSSWDRDEGKLFF	TRBV9	TRBJ1-4
CASSARTGDGYTF	TRBV19	TRBJ1-2
CATSKRVRTDTQYF	TRBV15	TRBJ2-3
CASSIGLLTDTQYF	TRBV27	TRBJ2-3
CASSLGGTEAFF	TRBV5-4	TRBJ1-1
CASSPSLYLTDTQYF	TRBV18	TRBJ2-3
CASSGGANSGNTIYF	TRBV2	TRBJ1-3
CASSPMGDTQYF	TRBV6-6	TRBJ2-3
CSLGGDGNEQFF	TRBV29-1	TRBJ2-1
CASSQERDYEQYF	TRBV4-2	TRBJ2-7
CASSTDTFGYGYTF	TRBV13	TRBJ1-2
CASSIDWRDRGEKIETQYF	TRBV19	TRBJ2-5
CASSQDIRTGNNEQFF	TRBV4-2	TRBJ2-1
CASSYWPDYGYTF	TRBV6-3	TRBJ1-2
CASSENRDVTGELFF	TRBV6-4	TRBJ2-2
CASSSRGRSTDTQYF	TRBV25-1	TRBJ2-3
CASSLVAHTQYF	TRBV5-1	TRBJ2-3
CASTERGQGDSPLHF	TRBV28	TRBJ1-6
CASSQGFSWEQYF	TRBV4-1	TRBJ2-7
CASSLSGWSGTGELFF	TRBV27	TRBJ2-2
CASSRRVDIYEQFF	TRBV4-2	TRBJ2-1
CASSSTGGYEQYF	TRBV12-4	TRBJ2-7
CASSPLDSYTGELFF	TRBV6-3	TRBJ2-2
CASSLYGNLGTGELFF	TRBV27	TRBJ2-2
CASSTKAGEYADTQYF	TRBV9	TRBJ2-3
CSARDEWGQGNTEAFF	TRBV20-1	TRBJ1-1
CASSLAGPAADRPYNEQFF	TRBV11-2	TRBJ2-1
CASTLRGQGDWRNSPLHF	TRBV6-5	TRBJ1-6
CSARPTRTFNIQYF	TRBV20-1	TRBJ2-4
CASSRGTGRIGNQPQHF	TRBV6-3	TRBJ1-5
CASSPRTGGRDTIYF	TRBV12-3	TRBJ1-3
CASSQYVFQGSYGYTF	TRBV4-3	TRBJ1-2
CAGARVDTQYF	TRBV7-9	TRBJ2-3
CASNTGDSNQPQHF	TRBV6-6	TRBJ1-5
CATSDLGSNGELFF	TRBV24-1	TRBJ2-2
CSVETGGQGAWDTQYF	TRBV29-1	TRBJ2-3
CASSNHLWGRNEQYF	TRBV6-3	TRBJ2-7
CASSPRREYTYEQYF	TRBV9	TRBJ2-7
CASSQEYSGTWTEAFF	TRBV4-1	TRBJ1-1
CASSQESGIVYEQFF	TRBV4-3	TRBJ2-1
CASSPGGLAGADTQYF	TRBV5-1	TRBJ2-3
CASSPISSEYGYTF	TRBV7-9	TRBJ1-2
CSGTGTSGRASNEQFF	TRBV29-1	TRBJ2-1
CASSFPGTSGIDEQFF	TRBV28	TRBJ2-1
CASSFISGGRLAPYYGYTF	TRBV12-3	TRBJ1-2
CASSYFFQGPLYEQFF	TRBV6-3	TRBJ2-1
CASSSLGQRIPNSPLHF	TRBV6-3	TRBJ1-6
CSALPPLAGGHTDTQYF	TRBV20-1	TRBJ2-3
CASSLTPNTEAFF	TRBV5-1	TRBJ1-1
CASTQGGGTGSFYEQYF	TRBV6-5	TRBJ2-7
CASSGVLGSDGYTF	TRBV13	TRBJ1-2
CASSFSRNYEQYF	TRBV27	TRBJ2-7
CASSLVGGEQYF	TRBV12-4	TRBJ2-7
CASSLGVTDLGYTF	TRBV5-4	TRBJ1-2
CASSLGARLAGYNEQFF	TRBV7-9	TRBJ2-1
CASSLPTANYGYTF	TRBV28	TRBJ1-2
CASRPAGLAYEQYF	TRBV28	TRBJ2-7
CASSISEYNEQFF	TRBV6-3	TRBJ2-1
CASGLDRMNTEAFF	TRBV12-5	TRBJ1-1
CASSSPSSSYNEQFF	TRBV9	TRBJ2-1
CASIGEAGSNTGELFF	TRBV2	TRBJ2-2
CASRHSNQPQHF	TRBV19	TRBJ1-5
CASSLVEGGLAGSYNEQFF	TRBV7-6	TRBJ2-1
CASSAWTGANNEQFF	TRBV5-1	TRBJ2-1
CASSVGDFRELFF	TRBV9	TRBJ2-2
CSASYYRDRGLYEQFF	TRBV20-1	TRBJ2-1
CASSATGTENNEQFF	TRBV9	TRBJ2-1
CASSQDTFGPGQGNEQYF	TRBV14	TRBJ2-7
CASSVLRGNPYNEQFF	TRBV27	TRBJ2-1
CASSTGTEAFF	TRBV27	TRBJ1-1
CASSTASGTGNEQFF	TRBV13	TRBJ2-1
CASSLSADYEQYF	TRBV7-3	TRBJ2-7
CASSQVPGADTEAFF	TRBV4-3	TRBJ1-1
CASAGGNQPQHF	TRBV6-3	TRBJ1-5
CSVAGTSGGAYEQYF	TRBV29-1	TRBJ2-7
CASSYSGNTGELFF	TRBV6-3	TRBJ2-2
CASGLPLAGGPYPYNEQFF	TRBV12-5	TRBJ2-1
CAISESGDYEQFF	TRBV10-3	TRBJ2-1
CSARNPSGTNNEQFF	TRBV20-1	TRBJ2-1
CASRGGTGDNYGYTF	TRBV10-2	TRBJ1-2
CASSPPGGGNTEAFF	TRBV4-2	TRBJ1-1
CASSAPDGSYEQYF	TRBV9	TRBJ2-7
CASSTTAGDTEAFF	TRBV6-6	TRBJ1-1
CSATAPGLRDHGQFF	TRBV20-1	TRBJ2-1
CASSVGAGSGQPQHF	TRBV9	TRBJ1-5
CASSFSRARRETQYF	TRBV5-1	TRBJ2-5
CASSLVGFSSYEQYF	TRBV28	TRBJ2-7
CASSQEVVLSTDTQYF	TRBV4-2	TRBJ2-3
CASSPSGLLLAGGETQYF	TRBV5-1	TRBJ2-5
CASSLPVEVNTEAFF	TRBV7-9	TRBJ1-1
CASSYGLAGGPWDTDTQYF	TRBV4-3	TRBJ2-3
CASSQGFWTFGNTIYF	TRBV4-3	TRBJ1-3
CASSHQDLGTEGTQYF	TRBV3-1	TRBJ2-5
CASSSGLADQDLYEQYF	TRBV7-8	TRBJ2-7
CASGKNRGPHMNTEAFF	TRBV19	TRBJ1-1
CATKEEVTYEQYF	TRBV11-2	TRBJ2-7
CASSQLVAGALGETQYF	TRBV4-1	TRBJ2-5
CASSIDWPGIYGYTF	TRBV19	TRBJ1-2
CASSEGWQGANTQYF	TRBV2	TRBJ2-3
CSASGPGLYYNEQFF	TRBV20-1	TRBJ2-1
CASSLAGWAYNEQFF	TRBV28	TRBJ2-1
CASSLPGAGSSTDTQYF	TRBV28	TRBJ2-3
CASSSRTGDSEQYF	TRBV5-4	TRBJ2-7
CASSQDRQGISIGYTF	TRBV4-3	TRBJ1-2
CASSLEGQSSYEQYF	TRBV5-5	TRBJ2-7
CAISELRGRKEKLFF	TRBV10-3	TRBJ1-4
CASSQGREAGGPAGYNEQFF	TRBV4-3	TRBJ2-1
CATSSSSYNSPLHF	TRBV15	TRBJ1-6
CATSDTHQGYQQFF	TRBV24-1	TRBJ2-1
CSVPGTVYGYTF	TRBV29-1	TRBJ1-2
CASSLVPFGGALYNEQFF	TRBV11-2	TRBJ2-1
CASSQGSAGGNEQFF	TRBV4-1	TRBJ2-1
CASSEWGQGRIDTQYF	TRBV6-1	TRBJ2-3
CASSQTGFPTTNEKLFF	TRBV4-3	TRBJ1-4
CASSVRDSILPSGANVLTF	TRBV9	TRBJ2-6
CASSLQGSGYNEQFF	TRBV14	TRBJ2-1
CASSYSWDTTNEKLFF	TRBV6-5	TRBJ1-4
CSVERDMGPDTEAFF	TRBV29-1	TRBJ1-1
CASSPGQGIRPGEAFF	TRBV27	TRBJ1-1
CASSLIGILYNEQFF	TRBV11-1	TRBJ2-1
CASSHPTFIHTQYF	TRBV27	TRBJ2-3
CASSQDTGLGIYEQYF	TRBV4-3	TRBJ2-7
CASRAGGSYEQYF	TRBV5-1	TRBJ2-7
CASQVDTFTDGGELFF	TRBV28	TRBJ2-2
CASSLLNQPQHF	TRBV5-4	TRBJ1-5
CASSYRDRGYGYTF	TRBV28	TRBJ1-2
CASSSGSGSPEMGDEQFF	TRBV7-8	TRBJ2-1
CASSLDLAVDNEQFF	TRBV5-1	TRBJ2-1
CAWVLGPAGDTQYF	TRBV30	TRBJ2-3
CSARWGGGTDTQYF	TRBV20-1	TRBJ2-3
CASSTMTGSTGELFF	TRBV19	TRBJ2-2
CAIKRLSTDTQYF	TRBV7-9	TRBJ2-3
CASSFGTGGYEQYF	TRBV11-2	TRBJ2-7
CASSLGQGLINYEQYF	TRBV11-2	TRBJ2-7
CASSFPTSGRGLAETQYF	TRBV7-9	TRBJ2-5
CASSLAGGNTIYF	TRBV7-8	TRBJ1-3
CASSLSGQRVSGNTIYF	TRBV28	TRBJ1-3
CASSLKRDTYNEQFF	TRBV5-6	TRBJ2-1
CASSSTSGRFQNIQYF	TRBV7-9	TRBJ2-4
CASTPGGIDTQYF	TRBV19	TRBJ2-3
CASSSPFSASSYEQYF	TRBV7-2	TRBJ2-7
CASSLGFTDTQYF	TRBV27	TRBJ2-3
CASSFGGSGRLYNEQFF	TRBV12-4	TRBJ2-1
CASSLGGLYLYNEQFF	TRBV7-2	TRBJ2-1
CASSHGGTGRIDNEQFF	TRBV4-3	TRBJ2-1
CASSAYALYSNQPQHF	TRBV7-2	TRBJ1-5
CASSQGTVLQPQHF	TRBV4-3	TRBJ1-5
CASSPNLDTGELFF	TRBV14	TRBJ2-2
CASSPRDRERGEQYF	TRBV7-2	TRBJ2-7
CASSLGGSSYNEQFF	TRBV7-9	TRBJ2-1
CASSESISYEQYF	TRBV10-1	TRBJ2-7
CSARDVPGSIGGYTF	TRBV20-1	TRBJ1-2
CASSEGTVNEKLFF	TRBV10-1	TRBJ1-4
CASRLRQGYGNTIYF	TRBV19	TRBJ1-3
CAIGLAGDTQYF	TRBV10-3	TRBJ2-3
CASSLYSATGELFF	TRBV28	TRBJ2-2
CASSLGTTGNTIYF	TRBV12-4	TRBJ1-3
CASRPGAGGNVLTF	TRBV28	TRBJ2-6
CASSLTGGSYEQYF	TRBV27	TRBJ2-7
CASTPGYMNTEAFF	TRBV10-2	TRBJ1-1
CASSHSELSEAFF	TRBV6-5	TRBJ1-1
CASSTGLLTDTQYF	TRBV5-4	TRBJ2-3
CASSMGSGDYEQYF	TRBV19	TRBJ2-7
CASSPPSSYEQYF	TRBV18	TRBJ2-7
CASSDPGQGDSGELFF	TRBV5-4	TRBJ2-2
CASSTSDEQFF	TRBV7-9	TRBJ2-1
CAISEPGQSSSYNEQFF	TRBV10-3	TRBJ2-1
CASSRSTEAFF	TRBV16	TRBJ1-1
CASSLGGASNYGYTF	TRBV11-2	TRBJ1-2
CATQREGAMETQYF	TRBV6-6	TRBJ2-5
CASSQLGLAGDEQFF	TRBV14	TRBJ2-1
CASSFTGAGNEQFF	TRBV27	TRBJ2-1
CASKTGVNTEAFF	TRBV6-5	TRBJ1-1
CASSLGGTDTQYF	TRBV6-5	TRBJ2-3
CASSLQGSGTGELFF	TRBV12-4	TRBJ2-2
CASSLGRAYEQYF	TRBV7-2	TRBJ2-7
CASSLGLAGLNEQFF	TRBV5-4	TRBJ2-1
CASSLGVINTGELFF	TRBV27	TRBJ2-2
CASSLVLGNEQFF	TRBV7-6	TRBJ2-1
CASSPTGTGLYEQYF	TRBV6-5	TRBJ2-7
CSAYPWDRVAYEQYF	TRBV20-1	TRBJ2-7
CASSPGQGYNEQFF	TRBV11-2	TRBJ2-1
CASGDNEQFF	TRBV5-1	TRBJ2-1
CASSVESGSAYEQYF	TRBV9	TRBJ2-7
CASSQETYYGYTF	TRBV3-1	TRBJ1-2
CATSRVKGIETQYF	TRBV15	TRBJ2-5
CASSQDMGGIDEQYF	TRBV4-3	TRBJ2-7
CASSVRVSGELFF	TRBV12-3	TRBJ2-2
CASSSNIPDRERDYGYTF	TRBV28	TRBJ1-2
CSARVLAGGIHEQFF	TRBV20-1	TRBJ2-1
CASSLYGGGGWEQYF	TRBV28	TRBJ2-7
CASSQEESNYGYTF	TRBV4-3	TRBJ1-2
CASSFVGVGTEAFF	TRBV7-2	TRBJ1-1
CASSSAGADYEQYF	TRBV9	TRBJ2-7
CASSPTDPRVYSNQPQHF	TRBV12-4	TRBJ1-5
CAWSYTGELFF	TRBV30	TRBJ2-2
CASPGSGHYNEQFF	TRBV2	TRBJ2-1
CASSSDPRYGYTF	TRBV12-4	TRBJ1-2
CSLDRTPASNYGYTF	TRBV20-1	TRBJ1-2
CASSKQGATEAFF	TRBV6-3	TRBJ1-1
CATSDRTSGYNEQFF	TRBV24-1	TRBJ2-1
CSASGLAAYNEQFF	TRBV20-1	TRBJ2-1
CASSLKTSGRGDTQYF	TRBV27	TRBJ2-3
CSASLGRGYEQYF	TRBV20-1	TRBJ2-7
CATQLGSFTDTQYF	TRBV7-2	TRBJ2-3
CASSQGEGRETQYF	TRBV4-1	TRBJ2-5
CASSYSDNYEQYF	TRBV6-3	TRBJ2-7
CASSLSGAGNTIYF	TRBV9	TRBJ1-3
CAISTGDSNQPQHF	TRBV10-3	TRBJ1-5
CASNFQGLTDTQYF	TRBV6-1	TRBJ2-3
CASSLDGEGYGAFTDTQYF	TRBV11-2	TRBJ2-3
CAISALQNRGGYTF	TRBV10-3	TRBJ1-2
CASSRGGIASGANVLTF	TRBV7-7	TRBJ2-6
CASSVDGKTEQYF	TRBV9	TRBJ2-7
CASSLDKNRGLTEAFF	TRBV11-1	TRBJ1-1
CASGLGVQDLNQPQHF	TRBV12-5	TRBJ1-5
CAISESSERVLAGETYNEQFF	TRBV10-3	TRBJ2-1
CASSPGRPVETYNEQFF	TRBV18	TRBJ2-1
CSARDGTGISGNTIYF	TRBV20-1	TRBJ1-3
CSALSGNTIYF	TRBV20-1	TRBJ1-3
CASSLAASYEQYF	TRBV12-3	TRBJ2-7
CASSPYRGQQETQYF	TRBV27	TRBJ2-5
CATSSATPPGLAIPDTQYF	TRBV15	TRBJ2-3
CASSQSKGQGNEKLFF	TRBV4-1	TRBJ1-4
CASSRELSYEQYF	TRBV28	TRBJ2-7
CASSRGQPNEKLFF	TRBV9	TRBJ1-4
CAISARQPWIGNTIYF	TRBV10-3	TRBJ1-3
CASSASDGTGNGYTF	TRBV9	TRBJ1-2
CSANRRASGRNTGELFF	TRBV20-1	TRBJ2-2
CASSWGQSISGVFNNEQFF	TRBV28	TRBJ2-1
CASSLDLSGGITDTQYF	TRBV7-3	TRBJ2-3
CASSSTGTVSLEKLFF	TRBV5-5	TRBJ1-4
CASSPPGRSSYEQYF	TRBV28	TRBJ2-7
CASSGTGVPNSNQPQHF	TRBV27	TRBJ1-5
CASSVEASGERWLFF	TRBV9	TRBJ2-1
CASSLEALAGGYETQYF	TRBV7-8	TRBJ2-5
CASSSQTFYTGELFF	TRBV7-3	TRBJ2-2
CASSLSLGNEQYF	TRBV27	TRBJ2-7
CASSAHDSYEQYF	TRBV7-9	TRBJ2-7
CASSQDWGDKTYEQYF	TRBV4-3	TRBJ2-7
CASRRQGSYNEQFF	TRBV6-3	TRBJ2-1
CASSPVSGDEKLFF	TRBV4-1	TRBJ1-4
CASSLEGGNQPQHF	TRBV7-6	TRBJ1-5
CASSSTGVGYTF	TRBV5-6	TRBJ1-2
CASSYRGSRGYTF	TRBV6-5	TRBJ1-2
CASSSIARVIQYF	TRBV6-6	TRBJ2-4
CSVPGLAGIGDEQFF	TRBV29-1	TRBJ2-1
CAISESNKGTPGYTF	TRBV10-3	TRBJ1-2
CASSETSGGTETQYF	TRBV6-4	TRBJ2-5
CASSQEWLAGGPGTQYF	TRBV4-2	TRBJ2-5
CASSEAGAFGYTF	TRBV25-1	TRBJ1-2
CASSQSVGGLNEKLFF	TRBV14	TRBJ1-4
CASTLTGLADTYNEQFF	TRBV6-3	TRBJ2-1
CASSLIAGGGDTQYF	TRBV27	TRBJ2-3
CASSATVITDTQYF	TRBV6-1	TRBJ2-3
CASSPRTKSFLSYGYTF	TRBV28	TRBJ1-2
CASSLRGLAGNEQFF	TRBV7-3	TRBJ2-1
CASRGLDRVNTEAFF	TRBV2	TRBJ1-1
CASSYCCGTEAFF	TRBV7-2	TRBJ1-1
CASKPPGSSSYEQYF	TRBV6-3	TRBJ2-7
CASSLAGMGAVNYGYTF	TRBV27	TRBJ1-2
CASRRGPVGDTQYF	TRBV5-1	TRBJ2-3
CSARDDYLGNWNEQFF	TRBV20-1	TRBJ2-1
CASRPGTGDYEQYF	TRBV28	TRBJ2-7
CASSLAPSGVDEQFF	TRBV12-4	TRBJ2-1
CASSLPPPLHF	TRBV7-9	TRBJ1-6
CASSFLLAGVETQYF	TRBV6-5	TRBJ2-5
CASSQTTRQSNTEAFF	TRBV4-2	TRBJ1-1
CATKGGSEAFF	TRBV6-1	TRBJ1-1
CASSLGGADGYTF	TRBV5-1	TRBJ1-2
CSVEGGMNTEAFF	TRBV29-1	TRBJ1-1
CASSQEWTSGSNEQFF	TRBV4-3	TRBJ2-1
CASSQDRWVWNQETQYF	TRBV4-3	TRBJ2-5
CATKPGTGVNYGYTF	TRBV10-3	TRBJ1-2
CASSLAGWKLFF	TRBV12-3	TRBJ1-4
CASSHLDRGGTGELFF	TRBV14	TRBJ2-2
CASSPPPDNEQFF	TRBV11-2	TRBJ2-1
CSVFGGRSYNEQFF	TRBV20-1	TRBJ2-1
CAWSGRAGVSNEQFF	TRBV30	TRBJ2-1
CASSLAMREGAYNEQFF	TRBV7-6	TRBJ2-1
CASSYTPERALPNQPQHF	TRBV6-3	TRBJ1-5
CASSPPGTAGSEQYF	TRBV7-9	TRBJ2-7
CASSPGLGSPLHF	TRBV11-1	TRBJ1-6
CASSWTSGSSSYNEQFF	TRBV11-1	TRBJ2-1
CASSGGPRLAGNEQFF	TRBV7-9	TRBJ2-1
CASSLGDFLRTDTQYF	TRBV11-2	TRBJ2-3
CASSLGTSGRETQYF	TRBV7-9	TRBJ2-5
CASSWRQPFRKQFF	TRBV4-3	TRBJ2-1
CASSPGQGITGELFF	TRBV7-9	TRBJ2-2
CASSPRYSNQPQHF	TRBV12-4	TRBJ1-5
CASSLVLIGQGYTEAFF	TRBV7-2	TRBJ1-1
CASRRGTTDTQYF	TRBV6-1	TRBJ2-3
CASSQDRDSLRYEQYF	TRBV3-1	TRBJ2-7
CASRRASPDGQPQHF	TRBV6-3	TRBJ1-5
CASSFGGGTGELFF	TRBV27	TRBJ2-2
CASSIPGRFQETQYF	TRBV19	TRBJ2-5
CASSRDGAHEQYF	TRBV19	TRBJ2-7
CASTTTGGETQYF	TRBV19	TRBJ2-5
CSALLLGSNEQFF	TRBV20-1	TRBJ2-1
CASSNGGGNTEAFF	TRBV11-3	TRBJ1-1
CASSLKARVYQETQYF	TRBV5-6	TRBJ2-5
CASSLVHRGHANTEAFF	TRBV5-1	TRBJ1-1
CASSGWVYNEQFF	TRBV7-2	TRBJ2-1
CATSTGDSNQPQHF	TRBV15	TRBJ1-5
CASSIGLYGYTF	TRBV19	TRBJ1-2
CSARGTSGTGIEAFF	TRBV20-1	TRBJ1-1
CASSLTGSGDSPLHF	TRBV5-4	TRBJ1-6
CASSQDWTEQYF	TRBV3-1	TRBJ2-7
CASSLWAGGEYTEAFF	TRBV5-5	TRBJ1-1
CATSSVTGELFF	TRBV24-1	TRBJ2-2
CSAREAASGYEQYF	TRBV20-1	TRBJ2-7
CASSLGQGSSYEQYF	TRBV28	TRBJ2-7
CASSYGGLDGYTF	TRBV6-5	TRBJ1-2
CASSPEGAYSNQPQHF	TRBV12-4	TRBJ1-5
CASSLVVTEQFF	TRBV7-9	TRBJ2-1
CASSRTLNTEAFF	TRBV27	TRBJ1-1
CASSRGQINQPQHF	TRBV7-9	TRBJ1-5
CASSLGDFFSQETQYF	TRBV11-2	TRBJ2-5
CASSPDWTSFNEQFF	TRBV11-2	TRBJ2-1
CASSLPTGGTGELFF	TRBV13	TRBJ2-2
CASSQYGTSSVNEQFF	TRBV11-2	TRBJ2-1
CASSLEKVSGMPYEQYF	TRBV5-4	TRBJ2-7
CASSPGGSYNEQFF	TRBV18	TRBJ2-1
CASREGVTEAFF	TRBV6-3	TRBJ1-1
CASSHNSEYTEAFF	TRBV18	TRBJ1-1
CASSSGSLETQYF	TRBV19	TRBJ2-5
CASSSGVITTDTQYF	TRBV7-8	TRBJ2-3
CASSLSGGVTEAFF	TRBV27	TRBJ1-1
CASSYSILAGDNEQFF	TRBV6-5	TRBJ2-1
CSAREEAGDDTGELFF	TRBV20-1	TRBJ2-2
CASSSGMGTDTQYF	TRBV5-1	TRBJ2-3
CASSIFGNTGELFF	TRBV19	TRBJ2-2
CASSFQPDERGDETQYF	TRBV11-2	TRBJ2-5
CATSREEGDGYTF	TRBV15	TRBJ1-2
CASSFSYQGPYMFF	TRBV7-9	TRBJ2-1
CASSLQGGFSNQPQHF	TRBV12-4	TRBJ1-5
CASSWLGRVWGNQPQHF	TRBV6-1	TRBJ1-5
CATSRDRLAGSSYEQYF	TRBV15	TRBJ2-7
CASSAMDRGADGYTF	TRBV9	TRBJ1-2
CASSAPGQGRQPTQFF	TRBV13	TRBJ2-1
CASSGRQGEETQYF	TRBV6-4	TRBJ2-5
CASSTRDRGSYEQYF	TRBV12-4	TRBJ2-7
CASSPPRREVEAFF	TRBV13	TRBJ1-1
CASSFRRDGGYGYTF	TRBV5-6	TRBJ1-2
CASSLARGMPYEQYF	TRBV7-9	TRBJ2-7
CASSPTLTSGGANEQFF	TRBV5-6	TRBJ2-1
CAWTGTGKIGWDSPLHF	TRBV30	TRBJ1-6
CASSLFGGTYEQYF	TRBV27	TRBJ2-7
CAAGGGGTEKLFF	TRBV10-3	TRBJ1-4
CASTPENQETQYF	TRBV28	TRBJ2-5
CASSQEGEGAYTF	TRBV4-2	TRBJ1-2
CASGLGTVASTDTQYF	TRBV12-5	TRBJ2-3
CASSSTGGGEKDQPQHF	TRBV5-6	TRBJ1-5
CSARDPLTSGHYNEQFF	TRBV20-1	TRBJ2-1
CASSPGQGSYGYTF	TRBV3-1	TRBJ1-2
CASSYGRAYEQYF	TRBV6-5	TRBJ2-7
CASSGGGAAYEQYF	TRBV5-6	TRBJ2-7
CSARSLASGRLQPGFEQYF	TRBV20-1	TRBJ2-7
CASSPLRGTGDYEQYF	TRBV28	TRBJ2-7
CASSSGLTMIETQYF	TRBV9	TRBJ2-5
CATSRDLANQETQYF	TRBV15	TRBJ2-5
CASSFGPRYEQYF	TRBV27	TRBJ2-7
CASSYDRVKNIQYF	TRBV5-4	TRBJ2-4
CASSQGVAGGWGTQYF	TRBV3-1	TRBJ2-5
CSARSGTGELFF	TRBV20-1	TRBJ2-2
CASRRTTESTHGYTF	TRBV13	TRBJ1-2
CASSLVGVNEKLFF	TRBV13	TRBJ1-4
CASSQGAGIGRTDTQYF	TRBV4-1	TRBJ2-3
CASSVGSGRDQPQHF	TRBV9	TRBJ1-5
CASSQHRGRTGELFF	TRBV4-1	TRBJ2-2
CSTGTGYEQYF	TRBV20-1	TRBJ2-7
CASSRVQATTGELFF	TRBV4-3	TRBJ2-2
CASSQQGGYEQYF	TRBV4-2	TRBJ2-7
CSATDSYEQYF	TRBV20-1	TRBJ2-7
CASWSGDRESLTYEQYF	TRBV27	TRBJ2-7
CASSPYWGAEYNEQFF	TRBV7-9	TRBJ2-1
CASSLVGGFGFETQYF	TRBV11-2	TRBJ2-5
CASTVQGGNEQFF	TRBV5-8	TRBJ2-1
CASSFLAGGFNEQFF	TRBV7-3	TRBJ2-1
CASSPKILAYTDTQYF	TRBV18	TRBJ2-3
CASSLTRGMAGELFF	TRBV5-4	TRBJ2-2
CASRPTGTAALEQYF	TRBV28	TRBJ2-7
CASSPRLAGTGELFF	TRBV28	TRBJ2-2
CASSMREPEYGLEQYF	TRBV7-8	TRBJ2-7
CASSDGPAYEQYF	TRBV2	TRBJ2-7
CASSIFRGIGSPLHF	TRBV28	TRBJ1-6
CASRLTGGSNYGYTF	TRBV6-5	TRBJ1-2
CASSQGVVYEQYF	TRBV4-1	TRBJ2-7
CASSRVEDGNTIYF	TRBV6-5	TRBJ1-3
CASTGLAGGIGETQYF	TRBV27	TRBJ2-5
CASTPIVGGHHTEAFF	TRBV6-3	TRBJ1-1
CASSLPGTGGSPLHF	TRBV27	TRBJ1-6
CASSLGSYEQYF	TRBV13	TRBJ2-7
CSARARLAGEFSEQYF	TRBV20-1	TRBJ2-7
CASSPGQSSGNTIYF	TRBV3-1	TRBJ1-3
CSVESGRTDEQYF	TRBV29-1	TRBJ2-7
CASRSRQGYQPQHF	TRBV6-6	TRBJ1-5
CSARRGTGGSPLHF	TRBV20-1	TRBJ1-6
CSARDGDGVWSTEAFF	TRBV20-1	TRBJ1-1
CASSPSEVAFF	TRBV7-2	TRBJ1-1
CASSQVLLAGEVEQFF	TRBV4-3	TRBJ2-1
CASSYLGRDRAIHEQYF	TRBV5-1	TRBJ2-7
CASSPSSGNTIYF	TRBV7-9	TRBJ1-3
CASTELTGTGHTDTQYF	TRBV28	TRBJ2-3
CSARAKRGLFNEQFF	TRBV20-1	TRBJ2-1
CASRDRSQYEQYF	TRBV6-1	TRBJ2-7
CASSFYRDGDHQPQHF	TRBV5-6	TRBJ1-5
CASSPGDIQYF	TRBV4-1	TRBJ2-4
CASSSPLAEERTGELFF	TRBV5-6	TRBJ2-2
CASSQYGGGDQYF	TRBV7-2	TRBJ2-5
CSASGQGLNTGELFF	TRBV20-1	TRBJ2-2
CASSTSGYSSYNEQFF	TRBV9	TRBJ2-1
CASSQSTEAFF	TRBV16	TRBJ1-1
CASSLVQGLNTEAFF	TRBV7-9	TRBJ1-1
CASSYSKGTYNEQFF	TRBV6-3	TRBJ2-1
CASSGRGGGSSYEQYF	TRBV7-8	TRBJ2-7
CASSESAGARETQYF	TRBV6-4	TRBJ2-5
CASSPGGLNEQYF	TRBV7-3	TRBJ2-7
CASSFVVQETQYF	TRBV12-4	TRBJ2-5
CASQQSGSSYNSPLHF	TRBV2	TRBJ1-6
CSVKSYGGPNEQFF	TRBV20-1	TRBJ2-1
CASSLGFYEQYF	TRBV7-8	TRBJ2-7
CASRLAGRMDTQYF	TRBV7-2	TRBJ2-3
CASSAVTEYSNQPQHF	TRBV6-6	TRBJ1-5
CASSVLYLNEQFF	TRBV7-6	TRBJ2-1
CASRRDGSYEQYF	TRBV27	TRBJ2-7
CASSLAQGLAKNIQYF	TRBV5-6	TRBJ2-4
CASSQDTGIDEQYF	TRBV4-3	TRBJ2-7
CASSHLNGYIQYF	TRBV7-6	TRBJ2-4
CASSLAPGIHYGYTF	TRBV12-3	TRBJ1-2
CASSHLLSTVDYEQYF	TRBV19	TRBJ2-7
CASSLLRTGGNEQYF	TRBV27	TRBJ2-7
CASSQVSNGEQFF	TRBV3-1	TRBJ2-1
CASSLVRAGSTDTQYF	TRBV7-2	TRBJ2-3
CASSVSERELRNEQFF	TRBV7-9	TRBJ2-1
CASSLRGDNQPQHF	TRBV5-6	TRBJ1-5
CASSYQTIGGSETQYF	TRBV6-3	TRBJ2-5
CASSHPQGVTSRSGNTIYF	TRBV9	TRBJ1-3
CASSLELAGESGANVLTF	TRBV5-6	TRBJ2-6
CASSQEEGPVGYTF	TRBV4-2	TRBJ1-2
CASSLISGRPEQFF	TRBV7-6	TRBJ2-1
CASRERDRGLNQPQHF	TRBV6-1	TRBJ1-5
CASGWNLDEQFF	TRBV12-5	TRBJ2-1
CASSLDIWTWDRSVYNEQFF	TRBV11-2	TRBJ2-1
CASSVAASGSYEQYF	TRBV9	TRBJ2-7
CATSDEDRGFTGELFF	TRBV24-1	TRBJ2-2
CARGGTGYNEQFF	TRBV2	TRBJ2-1
CSASDVGLNQPQHF	TRBV20-1	TRBJ1-5
CASSQVTYSYGYTF	TRBV4-3	TRBJ1-2
CASSAWGTSSTDTQYF	TRBV5-4	TRBJ2-3
CASSASYEQYF	TRBV7-2	TRBJ2-7
CSAREGTGGTTGELFF	TRBV20-1	TRBJ2-2
CASSQDLSSGVTYEQYF	TRBV4-3	TRBJ2-7
CASSKRGVRWAQYF	TRBV6-5	TRBJ2-5
CATSRDRGHGDTIYF	TRBV15	TRBJ1-3
CASSLGMRGGWDEQFF	TRBV7-8	TRBJ2-1
CASSQETSTYEQYF	TRBV4-3	TRBJ2-7
CASSESADNSPLHF	TRBV2	TRBJ1-6
CASSPEGDEQFF	TRBV7-9	TRBJ2-1
CASSFGGYEQYF	TRBV27	TRBJ2-7
CASSQEWLAVSTDTQYF	TRBV4-3	TRBJ2-3
CASSQEELVLAFF	TRBV4-1	TRBJ1-1
CASSLGPDNEQFF	TRBV7-2	TRBJ2-1
CSVEVPWTGTYEQYF	TRBV29-1	TRBJ2-7
CAISGRINNSPLHF	TRBV10-3	TRBJ1-6
CASSPLGGGQNSYEQYF	TRBV4-2	TRBJ2-7
CASSAAGSTDTQYF	TRBV9	TRBJ2-3
CASSEQGYEQYF	TRBV7-2	TRBJ2-7
CSAWGIQDTQYF	TRBV20-1	TRBJ2-3
CSARVFGGDSQETQYF	TRBV20-1	TRBJ2-5
CSSRMENTGELFF	TRBV29-1	TRBJ2-2
CASSASGARDYSNQPQHF	TRBV3-1	TRBJ1-5
CASSYSVGAAPYNEQFF	TRBV6-3	TRBJ2-1
CASSLTTGIINSPLHF	TRBV4-1	TRBJ1-6
CASSLWGGANEQFF	TRBV11-2	TRBJ2-1
CASSLGNTEAFF	TRBV5-1	TRBJ1-1
CASSADTVYNEQFF	TRBV7-9	TRBJ2-1
CASTGLAGQETQYF	TRBV3-1	TRBJ2-5
CASSVDGRVGNTIYF	TRBV9	TRBJ1-3
CASSLNGVLQGFQPQHF	TRBV7-8	TRBJ1-5
CSASPRETQYF	TRBV20-1	TRBJ2-5
CASSQDRRVSGGEQYF	TRBV4-3	TRBJ2-7
CASRRGWSDHEQYF	TRBV27	TRBJ2-7
CASSSGEKLFF	TRBV27	TRBJ1-4
CASSLSGQGGWDEQYF	TRBV9	TRBJ2-7
CASSIGAGAQETQYF	TRBV19	TRBJ2-5
CASTRDVSGELFF	TRBV27	TRBJ2-2
CASSQEWTGLQETQYF	TRBV4-3	TRBJ2-5
CASSNPRLDATGELFF	TRBV6-3	TRBJ2-2
CAISAGDSPLHF	TRBV10-3	TRBJ1-6
CASSSTLGTGGFETQYF	TRBV6-5	TRBJ2-5
CASRLQGAMGYEQYF	TRBV13	TRBJ2-7
CASSFSGGAEGDTQYF	TRBV5-1	TRBJ2-3
CASSSGTGGYNSPLHF	TRBV19	TRBJ1-6
CASSRGQGLSNEKLFF	TRBV4-2	TRBJ1-4
CASSFTAGSANTGELFF	TRBV5-1	TRBJ2-2
CASSYVGGAGETQYF	TRBV7-6	TRBJ2-5
CASSDILAGVGEQYF	TRBV7-9	TRBJ2-7
CASSYSSGNTIYF	TRBV6-5	TRBJ1-3
CASSHYGDDIGELFF	TRBV7-8	TRBJ2-2
CASSPRTPYNEQFF	TRBV18	TRBJ2-1
CASSPTVTYNEQFF	TRBV5-8	TRBJ2-1
CASRLDGTSSHEQYF	TRBV7-8	TRBJ2-7
CASSLARGTGELFF	TRBV11-2	TRBJ2-2
CASSLTAAEWTQYF	TRBV11-1	TRBJ2-3
CSAREGGILFF	TRBV20-1	TRBJ1-4
CASSFGQNTEAFF	TRBV11-2	TRBJ1-1
CASSFGSGLAGGNFYNEQFF	TRBV12-4	TRBJ2-1
CASSPYLDIAGYEQYF	TRBV27	TRBJ2-7
CASSLGVGADTDTQYF	TRBV7-2	TRBJ2-3
CASSLTDRLNEQFF	TRBV5-1	TRBJ2-1
CSVELTTGTDTQYF	TRBV29-1	TRBJ2-3
CASSEGQGNYGYTF	TRBV9	TRBJ1-2
CASSRTGTSYEQYF	TRBV13	TRBJ2-7
CASSLGRVEGGTEAFF	TRBV7-9	TRBJ1-1
CASSESPVNQPQHF	TRBV25-1	TRBJ1-5
CATSDYGTENQETQYF	TRBV24-1	TRBJ2-5
CASTTPADGLSGTSGSSYEQYF	TRBV6-6	TRBJ2-7
CASSPGGLENEQYF	TRBV7-9	TRBJ2-7
CASSRGLAGVATGELFF	TRBV3-1	TRBJ2-2
CASRGAGELFF	TRBV2	TRBJ2-2
CASSRRGQPNTGELFF	TRBV7-3	TRBJ2-2
CASSVDRGGYTF	TRBV9	TRBJ1-2
CSARDLSIASGTSSTDTQYF	TRBV20-1	TRBJ2-3
CASSGGLAGGSGYEQYF	TRBV12-4	TRBJ2-7
CASSVGLAGEGELFF	TRBV9	TRBJ2-2
CASSSPPRIYSNQPQHF	TRBV28	TRBJ1-5
CSARPGIRGYTF	TRBV20-1	TRBJ1-2
CASSDRTGVGETQYF	TRBV6-5	TRBJ2-5
CSASGYIVNEQFF	TRBV20-1	TRBJ2-1
CASSRQGSWLETQYF	TRBV6-5	TRBJ2-5
CASSYKTGESYNEQFF	TRBV6-3	TRBJ2-1
CASSFKGPGAKNIQYF	TRBV5-1	TRBJ2-4
CATRPAGYNEQFF	TRBV28	TRBJ2-1
CASSYSGGRGTQETQYF	TRBV6-3	TRBJ2-5
CSAYLQGSSYEQYF	TRBV20-1	TRBJ2-7
CASSSEGQVAKNIQYF	TRBV5-6	TRBJ2-4
CASSLERFPDRVNEKLFF	TRBV5-6	TRBJ1-4
CASRASMSSYNEQFF	TRBV6-3	TRBJ2-1
CASSQEARKGRVTEAFF	TRBV4-2	TRBJ1-1
CASSLVGGLGQPQHF	TRBV28	TRBJ1-5
CASSPPGALNTGELFF	TRBV13	TRBJ2-2
CASSKLAGGLKNEQFF	TRBV4-1	TRBJ2-1
CASSLSFRDKALWGYTF	TRBV27	TRBJ1-2
CASSSLANEQFF	TRBV11-1	TRBJ2-1
CASSANRAETQYF	TRBV6-4	TRBJ2-5
CASSLDYYSNQPQHF	TRBV7-2	TRBJ1-5
CASSLPTGGQNSPLHF	TRBV27	TRBJ1-6
CSVEDGPPGEGGYEQYF	TRBV29-1	TRBJ2-7
CASSEFGRNYGYTF	TRBV6-1	TRBJ1-2
CASSWGSYEQYF	TRBV28	TRBJ2-7
CASSEGGGLPSYEQYF	TRBV6-1	TRBJ2-7
CASSLHNADTQYF	TRBV7-2	TRBJ2-3
CASSLGQGASQPQHF	TRBV7-2	TRBJ1-5
CASSLKGEKLFF	TRBV28	TRBJ1-4
CASSDLADTDTQYF	TRBV2	TRBJ2-3
CASSQGDYRTDTQYF	TRBV11-2	TRBJ2-3
CASSLTGGKGNEQFF	TRBV6-5	TRBJ2-1
CATSASGTSGPYNEQFF	TRBV24-1	TRBJ2-1
CSARSSERRYEQYF	TRBV20-1	TRBJ2-7
CASSIAAGVSYEQYF	TRBV19	TRBJ2-7
CASSLCPLPTVCYEKLFF	TRBV28	TRBJ1-4
CASSLAGRTANQPQHF	TRBV7-2	TRBJ1-5
CASSLGGTVEAFF	TRBV7-9	TRBJ1-1
CSAADSNLSYNEQFF	TRBV20-1	TRBJ2-1
CAWSVVRKGTEAFF	TRBV30	TRBJ1-1
CASSQDWQAKGAGYTF	TRBV4-3	TRBJ1-2
CASSQGQLSTDTQYF	TRBV4-3	TRBJ2-3
CASSIGDFYTDTQYF	TRBV19	TRBJ2-3
CASSFGGGAYNEQFF	TRBV12-4	TRBJ2-1
CASSPGGHQPQHF	TRBV6-3	TRBJ1-5
CASSSGANYGYTF	TRBV12-3	TRBJ1-2
CSARNREGWGEQYF	TRBV20-1	TRBJ2-7
CASSYPFGVGPDTQYF	TRBV12-3	TRBJ2-3
CASSLFAGERSPLHF	TRBV5-4	TRBJ1-6
CASSQALWGEPRNTEAFF	TRBV4-1	TRBJ1-1
CSARGWDTQYF	TRBV20-1	TRBJ2-3
CASSFGPGQVYGYTF	TRBV12-4	TRBJ1-2
CASSPAVGFLTDTQYF	TRBV13	TRBJ2-3
CASSRGRGSSYNEQFF	TRBV12-4	TRBJ2-1
CASSQPGAGFGEKLFF	TRBV14	TRBJ1-4
CSAREIRGEGIHEQFF	TRBV20-1	TRBJ2-1
CSARDGVGSGSTYEQYF	TRBV20-1	TRBJ2-7
CASSPYTDRDTATNEKLFF	TRBV18	TRBJ1-4
CSAYTGGGYTF	TRBV20-1	TRBJ1-2
CASSFLERGAHNEQFF	TRBV7-8	TRBJ2-1
CASSFGVGTESYEQYF	TRBV6-3	TRBJ2-7
CASAVANQPQHF	TRBV6-3	TRBJ1-5
CASSQAAGDNEKLFF	TRBV14	TRBJ1-4
CASSQAHPWRRSYNEQFF	TRBV4-3	TRBJ2-1
CASSLRRTDTQYF	TRBV27	TRBJ2-3
CASSNRGWGDTQYF	TRBV6-1	TRBJ2-3
CATSRDDGQGYQPQHF	TRBV15	TRBJ1-5
CASSVDGGDPPWELFF	TRBV9	TRBJ2-2
CATGQGAGYEQYF	TRBV25-1	TRBJ2-7
CASSGGDRQLNEQFF	TRBV12-3	TRBJ2-1
CASSLTSLGSGSTDTQYF	TRBV3-1	TRBJ2-3
CSAIVGRPYFTDTQYF	TRBV20-1	TRBJ2-3
CASSQEGGNSPYGYTF	TRBV14	TRBJ1-2
CASSPHEVGLGDFRYNEQFF	TRBV13	TRBJ2-1
CASSYRGQPRREKLFF	TRBV5-6	TRBJ1-4
CSATALGPLDEQYF	TRBV20-1	TRBJ2-7
CASSTTGFSYNEQFF	TRBV7-9	TRBJ2-1
CSARDLGLAGGLTVDTQYF	TRBV20-1	TRBJ2-3
CASSQEGQLNQPQHF	TRBV4-2	TRBJ1-5
CASSQWGTGQPQHF	TRBV3-1	TRBJ1-5
CASSLVAGSYNEQFF	TRBV28	TRBJ2-1
CASSQETGYGYTF	TRBV4-3	TRBJ1-2
CASSFWPGRNLLWGYTF	TRBV12-4	TRBJ1-2
CASSSLRGSNQPQHF	TRBV28	TRBJ1-5
CASRSRLAGASTDTQYF	TRBV6-3	TRBJ2-3
CASSLVATGLSYEQYF	TRBV7-8	TRBJ2-7
CASARTTGELFF	TRBV6-3	TRBJ2-2
CASSFLIGGNQPQHF	TRBV18	TRBJ1-5
CSVDSKGDWGASNTEAFF	TRBV29-1	TRBJ1-1
CASSSRDGGTDTQYF	TRBV7-9	TRBJ2-3
CASSANRDTEDTGELFF	TRBV9	TRBJ2-2
CASSLPRGTEDYEQYF	TRBV7-9	TRBJ2-7
CASSWGGRNTEAFF	TRBV11-2	TRBJ1-1
CATSEGDRVGEIRTDTQYF	TRBV24-1	TRBJ2-3
CASSSSDTQYF	TRBV5-4	TRBJ2-3
CASSSPGGESPLHF	TRBV27	TRBJ1-6
CASSQELGPRETQYF	TRBV4-3	TRBJ2-5
CASSWRGASGKLFF	TRBV28	TRBJ1-4
CASSVGGTGVYEQYF	TRBV9	TRBJ2-7
CASRLDWHDNEQFF	TRBV12-3	TRBJ2-1
CASSPGQGNSPLHF	TRBV7-9	TRBJ1-6
CASSSRPGLAGYWVDTQYF	TRBV6-6	TRBJ2-3
CSARAVRVSVEQYF	TRBV20-1	TRBJ2-7
CAGIRTGTGPSPNYGYTF	TRBV2	TRBJ1-2
CASSPGQGIHGYTF	TRBV18	TRBJ1-2
CASSQSAGPRSYEQYF	TRBV3-1	TRBJ2-7
CASSPRLAESSYEQYF	TRBV28	TRBJ2-7
CASSTTGGSTEAFF	TRBV5-1	TRBJ1-1
CASSMPGLVFPGELFF	TRBV19	TRBJ2-2
CSARGMEREALETQYF	TRBV20-1	TRBJ2-5
CASSLGGSPLHF	TRBV5-4	TRBJ1-6
CASSIEGGTTEAFF	TRBV19	TRBJ1-1
CASSGSSGTSKNIQYF	TRBV9	TRBJ2-4
CASSPQLAGGREQYF	TRBV7-9	TRBJ2-7
CASSSAGTGGQETQYF	TRBV7-9	TRBJ2-5
CASGIQGIEPQHF	TRBV12-5	TRBJ1-5
CASSSVASGSTGELFF	TRBV12-4	TRBJ2-2
CASSSPPGTGEVLFF	TRBV7-2	TRBJ1-4
CSGASGRHTQYF	TRBV20-1	TRBJ2-3
CASSQGTQDGYTF	TRBV4-3	TRBJ1-2
CSATYEQYF	TRBV20-1	TRBJ2-7
CASSATGTGVGYTF	TRBV19	TRBJ1-2
CASSPSGNTEAFF	TRBV7-9	TRBJ1-1
CASSIRSSYEQYF	TRBV19	TRBJ2-7
CASSLEWGGETQYF	TRBV5-1	TRBJ2-5
CASEGAGGFRTGELFF	TRBV28	TRBJ2-2
CASSPKTSVTYNEQFF	TRBV7-9	TRBJ2-1
CSAPGQGYNYGYTF	TRBV20-1	TRBJ1-2
CASSSGTSGSYEQYF	TRBV27	TRBJ2-7
CASTPGTSAYNEQFF	TRBV27	TRBJ2-1
CASTIIPGLAGPREETQYF	TRBV19	TRBJ2-5
CASSFVRGDNSPLHF	TRBV7-9	TRBJ1-6
CASSYFGQRNSPLHF	TRBV6-3	TRBJ1-6
CASSLGDGNYEQYF	TRBV11-2	TRBJ2-7
CASSQAGGLFEQYF	TRBV4-3	TRBJ2-7
CASSVAAGNTGELFF	TRBV9	TRBJ2-2
CSVDQGGGRMGESYTF	TRBV29-1	TRBJ1-2
CASSRGGVDGYTF	TRBV19	TRBJ1-2
CSAASGTEAFF	TRBV29-1	TRBJ1-1
CSAGQGPNTGELFF	TRBV20-1	TRBJ2-2
CASSPATGGHQPQHF	TRBV6-5	TRBJ1-5
CASSPHARDRVRGNTEAFF	TRBV5-1	TRBJ1-1
CASSPARGRVEQYF	TRBV27	TRBJ2-7
CASSQDTPDSNYGYTF	TRBV4-2	TRBJ1-2
CASSSRQSEADTQYF	TRBV5-5	TRBJ2-3
CASSFLGDRDEQYF	TRBV7-9	TRBJ2-7
CASSSAGGTPSYEQYF	TRBV7-2	TRBJ2-7
CASSFMYQSNSPLHF	TRBV7-2	TRBJ1-6
CSAASGRFQNTEAFF	TRBV20-1	TRBJ1-1
CASSLYGGGRENLRTEAFF	TRBV7-8	TRBJ1-1
CSAQWTPGGNQPQHF	TRBV20-1	TRBJ1-5
CASSIESLGVTEAFF	TRBV19	TRBJ1-1
CASSLYGLGYEQYF	TRBV27	TRBJ2-7
CASRPTGVGSGTEAFF	TRBV4-1	TRBJ1-1
CASSQEGGAQPQHF	TRBV4-1	TRBJ1-5
CASSRRGDGTDTQYF	TRBV6-3	TRBJ2-3
CASSFARRVNTEAFF	TRBV5-6	TRBJ1-1
CATSREVVGPGELFF	TRBV15	TRBJ2-2
CASSSEGTDNQPQHF	TRBV19	TRBJ1-5
CASSLSIDSTDTQYF	TRBV27	TRBJ2-3
CASSYSTEGLRGAQYF	TRBV6-3	TRBJ2-3
CASSAAEGGGYQETQYF	TRBV9	TRBJ2-5
CATSTGTTSVNEQFF	TRBV15	TRBJ2-1
CASSLDGLVTGNTIYF	TRBV5-1	TRBJ1-3
CASSWTSGSYEQYF	TRBV12-3	TRBJ2-7
CASSPLGAKNIQYF	TRBV5-4	TRBJ2-4
CASSIDSGTSSPQHF	TRBV19	TRBJ1-5
CASSWGAARGNQPQHF	TRBV5-5	TRBJ1-5
CASSPSTGGVYGYTF	TRBV18	TRBJ1-2
CAWMGTGTLYYEQYF	TRBV30	TRBJ2-7
CASSAPRGTQAFF	TRBV9	TRBJ1-1
CASSSPERGRGTDTQYF	TRBV13	TRBJ2-3
CASSQEGGDGEKLFF	TRBV14	TRBJ1-4
CASSPGGGIEQFF	TRBV7-6	TRBJ2-1
CASSEGLYYTYEQYF	TRBV5-1	TRBJ2-7
CASSFGGRNTEAFF	TRBV27	TRBJ1-1
CASSLDPDRVFREQYF	TRBV5-5	TRBJ2-7
CASSQIPGLAGVGDTQYF	TRBV27	TRBJ2-3
CASSYSAGPTDTQYF	TRBV6-3	TRBJ2-3
CASSPPWAAPRTQYF	TRBV11-2	TRBJ2-3
CASSLYLGVGETQYF	TRBV28	TRBJ2-5
CASSSGTGWLGSNQPQHF	TRBV7-2	TRBJ1-5
CASSLSAGGHFYEQYF	TRBV27	TRBJ2-7
CASSYRGGSGANVLTF	TRBV6-3	TRBJ2-6
CASSLGVGGGVGTEAFF	TRBV13	TRBJ1-1
CSYSAGEDQPQHF	TRBV29-1	TRBJ1-5
CASTRVGSTEAFF	TRBV19	TRBJ1-1
CASSPLGAYTGFF	TRBV14	TRBJ1-1
CASSLGPNTEAFF	TRBV12-3	TRBJ1-1
CASSLYVSYPKNTIYF	TRBV28	TRBJ1-3
CASSLAGDKSLTDTQYF	TRBV7-2	TRBJ2-3
CASSPRTSEQFF	TRBV7-8	TRBJ2-1
CASSLIDAGELFF	TRBV27	TRBJ2-2
CASSTPGQGPNYGYTF	TRBV7-9	TRBJ1-2
CASSPGTGTIDTQYF	TRBV6-4	TRBJ2-3
CASSVQGVLNTEAFF	TRBV19	TRBJ1-1
CASSADSPSYEQYF	TRBV5-1	TRBJ2-7
CASSLIFGRQYF	TRBV7-6	TRBJ2-7
CASRPRGYDETQYF	TRBV27	TRBJ2-5
CASSLGQGPYEQYF	TRBV11-2	TRBJ2-7
CASSPQLTVNYGYTF	TRBV7-2	TRBJ1-2
CASSFGQGANTEAFF	TRBV5-1	TRBJ1-1
CASSSTDLTIPTDTQYF	TRBV28	TRBJ2-3
CASSPSYEGRPQETQYF	TRBV18	TRBJ2-5
CASSLEASGPYNEQFF	TRBV5-1	TRBJ2-1
CASSLTSEGYEQYF	TRBV7-8	TRBJ2-7
CASSQDPSGRWYNEQFF	TRBV3-1	TRBJ2-1
CASSLVGTDYGYTF	TRBV11-1	TRBJ1-2
CASSLGGSGANVLTF	TRBV12-4	TRBJ2-6
CASSLEGDFYGYTF	TRBV5-6	TRBJ1-2
CASSSPETQYF	TRBV28	TRBJ2-5
CATSSKTGLTEAFF	TRBV15	TRBJ1-1
CASSLGSAEAFF	TRBV5-5	TRBJ1-1
CAWSDEASYNEQFF	TRBV30	TRBJ2-1
CASSLGGVLGETQYF	TRBV7-6	TRBJ2-5
CASSFIPAELRYEQYF	TRBV5-1	TRBJ2-7
CASSPLRLGWNEQFF	TRBV18	TRBJ2-1
CASSPDTGELFF	TRBV6-3	TRBJ2-2
CASSSPTSVEQYF	TRBV27	TRBJ2-7
CASSLGGPGLYNEQFF	TRBV12-4	TRBJ2-1
CASSLDTENTDTQYF	TRBV11-2	TRBJ2-3
CASSGMGSGSSEQYF	TRBV7-2	TRBJ2-7
CASSMRIFPQPQHF	TRBV19	TRBJ1-5
CASSQGVAGAFDEQFF	TRBV4-3	TRBJ2-1
CASSLWGGADTQYF	TRBV5-1	TRBJ2-3
CASSQGVITEAFF	TRBV4-1	TRBJ1-1
CASSLFGTGGDQPQHF	TRBV7-9	TRBJ1-5
CASNSGLDNNEQFF	TRBV27	TRBJ2-1
CASSSGTSGPSSYNEQFF	TRBV12-4	TRBJ2-1
CASSQDELTGAGNTIYF	TRBV4-3	TRBJ1-3
CASTPWAGGTYEQYF	TRBV28	TRBJ2-7
CATSDLYPGIGNQPQHF	TRBV24-1	TRBJ1-5
CASSVEGVGTSTDTQYF	TRBV9	TRBJ2-3
CASSFWPGPNQPQHF	TRBV11-2	TRBJ1-5
CASSLTGQSQRVYGYTF	TRBV7-3	TRBJ1-2
CASSQFQGAVTGELFF	TRBV4-3	TRBJ2-2
CASGYWKLAGGPQETQYF	TRBV7-2	TRBJ2-5
CASSRTGGINTGELFF	TRBV4-1	TRBJ2-2
CASSYGQGTGELFF	TRBV6-5	TRBJ2-2
CASSNGTGGVYEQYF	TRBV7-9	TRBJ2-7
CASSSSAGLAYTDTQYF	TRBV27	TRBJ2-3
CASSAGAAGANVLTF	TRBV11-2	TRBJ2-6
CASSQRRGRHNEQFF	TRBV4-1	TRBJ2-1
CSATIAGAVEQYF	TRBV20-1	TRBJ2-7
CASSPSGGDYNEQFF	TRBV2	TRBJ2-1
CASSWGGPNTEAFF	TRBV7-9	TRBJ1-1
CASSTSTGTGYGYTF	TRBV4-1	TRBJ1-2
CASSHGQGREQYF	TRBV7-3	TRBJ2-7
CASSLGQINEQFF	TRBV7-9	TRBJ2-1
CASSYSINAAVNYGYTF	TRBV6-3	TRBJ1-2
CASSQGGQGKGGYTF	TRBV4-2	TRBJ1-2
CASSFQTSTTLEQYF	TRBV6-5	TRBJ2-7
CSALGLGTNEQYF	TRBV20-1	TRBJ2-7
CASGPVEGRETQYF	TRBV12-5	TRBJ2-5
CASSLVGVKAGNTIYF	TRBV7-9	TRBJ1-3
CSASRGRESDTQYF	TRBV20-1	TRBJ2-3
CASSLWDNTEAFF	TRBV27	TRBJ1-1
CSAIPWTGSTDTQYF	TRBV20-1	TRBJ2-3
CASSEMGVGAFF	TRBV2	TRBJ1-1
CASSGTSGAYNEQFF	TRBV7-8	TRBJ2-1
CASSLLAENTGELFF	TRBV7-6	TRBJ2-2
CASSLSREAEAFF	TRBV27	TRBJ1-1
CASSHSGGTDTQYF	TRBV12-4	TRBJ2-3
CASAGNTEAFF	TRBV2	TRBJ1-1
CASSDSRRGTGTYEQYF	TRBV25-1	TRBJ2-7
CASSLLGGRYGYTF	TRBV5-4	TRBJ1-2
CASSLGGRNTEAFF	TRBV7-9	TRBJ1-1
CASSVSMNTEAFF	TRBV6-1	TRBJ1-1
CSASLASGRDEQFF	TRBV20-1	TRBJ2-1
CSASAPYYEQYF	TRBV20-1	TRBJ2-7
CASRKTGGYEQYF	TRBV6-5	TRBJ2-7
CATSDLGHNNEQFF	TRBV24-1	TRBJ2-1
CASSDLQCCDTEAFF	TRBV5-1	TRBJ1-1
CASSWLAGGENEQFF	TRBV7-9	TRBJ2-1
CASSSDRGIGTDTQYF	TRBV7-2	TRBJ2-3
CSASRSGQETQYF	TRBV20-1	TRBJ2-5
CASGMTGLTSEQYF	TRBV6-3	TRBJ2-7
CASSFFRIIGRGGYEQYF	TRBV5-4	TRBJ2-7
CASSPGQGSEQYF	TRBV4-1	TRBJ2-7
CASRPQQGHNSPLHF	TRBV28	TRBJ1-6
CASSQGMNTEAFF	TRBV4-1	TRBJ1-1
CATSDPDREYGYTF	TRBV24-1	TRBJ1-2
CASSLRGDRGDTQYF	TRBV27	TRBJ2-3
CASSHPPRLAGGYQETQYF	TRBV4-1	TRBJ2-5
CASSPGLKLSGANVLTF	TRBV7-2	TRBJ2-6
CASSYRRVQDEQYF	TRBV6-5	TRBJ2-7
CASSLFHEQYF	TRBV5-6	TRBJ2-7
CASRGSMNTEAFF	TRBV6-3	TRBJ1-1
CASSLGQAETQYF	TRBV13	TRBJ2-5
CASSLGGRGSYGYTF	TRBV5-4	TRBJ1-2
CASTVQQGATEAFF	TRBV6-5	TRBJ1-1
CASSQGYNEQFF	TRBV4-3	TRBJ2-1
CASSLVGRGGNQPQHF	TRBV7-9	TRBJ1-5
CASSEGWGYTF	TRBV2	TRBJ1-2
CASSKKATDTQYF	TRBV7-9	TRBJ2-3
CASSSPSYTGGKNIQYF	TRBV6-3	TRBJ2-4
CASSAMGGSYNEQFF	TRBV5-6	TRBJ2-1
CASTQGANTEAFF	TRBV6-5	TRBJ1-1
CASSPRGLDQQETQYF	TRBV18	TRBJ2-5
CASSRASRQGSTDTQYF	TRBV4-1	TRBJ2-3
CASSPRATEAFF	TRBV7-9	TRBJ1-1
CASTPRGSAGYTF	TRBV10-2	TRBJ1-2
CASSIDWHPWRAKGNYEQYF	TRBV19	TRBJ2-7
CASSGLASTGELFF	TRBV28	TRBJ2-2
CASSQESPREAADTQYF	TRBV4-3	TRBJ2-3
CASSFRSGDGYTF	TRBV7-9	TRBJ1-2
CATSRDRVVGQGIDGYTF	TRBV15	TRBJ1-2
CSATPDLWGYNSPLHF	TRBV20-1	TRBJ1-6
CASSSDWTGGAYYGYTF	TRBV7-2	TRBJ1-2
CASSLYGTVESNYGYTF	TRBV5-1	TRBJ1-2
CASSLGILYEQYF	TRBV27	TRBJ2-7
CSAPSGEGRDTQYF	TRBV20-1	TRBJ2-3
CASSQGQGGEQYF	TRBV4-1	TRBJ2-7
CASSPSAGGAYNEQFF	TRBV5-5	TRBJ2-1
CASSLGGRGVTDTQYF	TRBV5-5	TRBJ2-3
CASSASGVGYEQYF	TRBV9	TRBJ2-7
CASSQAPGETQYF	TRBV4-1	TRBJ2-5
CASSSRTSGGAGQFF	TRBV13	TRBJ2-1
CASSQSLYGYEQYF	TRBV4-3	TRBJ2-7
CASSGPGQLSTDTEAFF	TRBV9	TRBJ1-1
CASSLGTTGDGYTF	TRBV12-4	TRBJ1-2
CASLGRRGGLFF	TRBV12-4	TRBJ2-2
CASSLKGAMNTEAFF	TRBV5-1	TRBJ1-1
CASSPTGTAYGYTF	TRBV27	TRBJ1-2
CASSDTGVLNSPLHF	TRBV6-4	TRBJ1-6
CATSDFVGPALGSYNEQFF	TRBV24-1	TRBJ2-1
CASSYEVPTLYEQYF	TRBV6-3	TRBJ2-7
CASSYDLPRNTGELFF	TRBV6-3	TRBJ2-2
CSAATGNTEAFF	TRBV29-1	TRBJ1-1
CASSQESASAETQYF	TRBV3-1	TRBJ2-5
CASSHRAGALHF	TRBV5-6	TRBJ1-6
CASSYDGLNEQYF	TRBV6-3	TRBJ2-7
CASSASRGPADTQYF	TRBV4-3	TRBJ2-3
CASSIRRDVYYEQYF	TRBV19	TRBJ2-7
CASSLVHSLWGLSTEAFF	TRBV7-2	TRBJ1-1
CASSARSSYEQYF	TRBV19	TRBJ2-7
CASSHSGDSGGEETQYF	TRBV27	TRBJ2-5
CASRPTAAGVTEQFF	TRBV28	TRBJ2-1
CASSFPGGFYGYTF	TRBV12-3	TRBJ1-2
CASKIGQGYEQYF	TRBV6-5	TRBJ2-7
CASSPPDRSSGNTIYF	TRBV28	TRBJ1-3
CASSPFAGGTDTQYF	TRBV5-1	TRBJ2-3
CASSLSRVYYEQYF	TRBV27	TRBJ2-7
CATGTGDSNQPQHF	TRBV19	TRBJ1-5
CAISEPSTTNTEAFF	TRBV10-3	TRBJ1-1
CASLGGGPYNEQFF	TRBV13	TRBJ2-1
CASSEWGTADTQYF	TRBV25-1	TRBJ2-3
CASSPYGWAKETQYF	TRBV7-3	TRBJ2-5
CASSFTGQVDYGYTF	TRBV6-3	TRBJ1-2
CASSMGQGGYNEQFF	TRBV19	TRBJ2-1
CASSQGGGEQYF	TRBV9	TRBJ2-7
CASSYFSATNEQFF	TRBV6-5	TRBJ2-1
CASSFVGGGTGAGELFF	TRBV7-2	TRBJ2-2
CASSTDYEQYF	TRBV2	TRBJ2-7
CASSYSKGGPYQPQHF	TRBV6-3	TRBJ1-5
CSARVARDPAYEQYF	TRBV20-1	TRBJ2-7
CASLLEGAEGETQYF	TRBV12-4	TRBJ2-5
CASSTGGDRAGYNEQFF	TRBV19	TRBJ2-1
CASSGYWGLGYGYTF	TRBV4-3	TRBJ1-2
CASSPRETYEQYF	TRBV5-8	TRBJ2-7
CASSPRGLSSYEQYF	TRBV19	TRBJ2-7
CASSIDRTNQETQYF	TRBV19	TRBJ2-5
CASSLQGATEAFF	TRBV11-2	TRBJ1-1
CASSQGQGSYFEQFF	TRBV6-5	TRBJ2-1
CASSDGGGGTEAFF	TRBV9	TRBJ1-1
CAISESPGPEKNTEAFF	TRBV10-3	TRBJ1-1
CASSLILHEQYF	TRBV7-2	TRBJ2-7
CASSLLSGTSAYNEQFF	TRBV13	TRBJ2-1
CASSLRDRLITGANVLTF	TRBV5-4	TRBJ2-6
CASSFYVGGPYEQYF	TRBV27	TRBJ2-7
CASGPLGGYNEQFF	TRBV12-5	TRBJ2-1
CASSLGTGDGYTF	TRBV11-2	TRBJ1-2
CASSIVGGGEAFF	TRBV19	TRBJ1-1
CASSLERGAAGNTIYF	TRBV7-8	TRBJ1-3
CASSRRLAGYYEQYF	TRBV7-9	TRBJ2-7
CASSPRTSGGYEQYF	TRBV13	TRBJ2-7
CSADRDSSYEQYF	TRBV20-1	TRBJ2-7
CASSLRSLYNSPLHF	TRBV28	TRBJ1-6
CASRAQGATNEKLFF	TRBV9	TRBJ1-4
CASSRLAGGWNEQFF	TRBV3-1	TRBJ2-1
CASSLYGVGDTQYF	TRBV12-4	TRBJ2-3
CARRKRGAGEKLFF	TRBV7-7	TRBJ1-4
CASSLPHLGPNTEAFF	TRBV5-6	TRBJ1-1
CASTQNRENTEAFF	TRBV27	TRBJ1-1
CSVEPGLAGAPQETQYF	TRBV29-1	TRBJ2-5
CASRSGTGVSGNTIYF	TRBV7-9	TRBJ1-3
CASSPPGIYGYTF	TRBV9	TRBJ1-2
CSAHNEQFF	TRBV20-1	TRBJ2-1
CASSQESALASTDTQYF	TRBV14	TRBJ2-3
CASSTEGARTEAFF	TRBV9	TRBJ1-1
CASSSLLAGGLEQYF	TRBV13	TRBJ2-7
CASSYDTRTSGGGHEQFF	TRBV5-1	TRBJ2-1
CASSPLRDRGNSPLHF	TRBV9	TRBJ1-6
CASSTASAPETQYF	TRBV6-3	TRBJ2-5
CASSQGDFLITDTQYF	TRBV7-3	TRBJ2-3
CATGHSNQPQHF	TRBV6-3	TRBJ1-5
CASSVDRGKLQETQYF	TRBV9	TRBJ2-5
CASSLGWDTYYEQYF	TRBV5-4	TRBJ2-7
CASKEGNQPQHF	TRBV19	TRBJ1-5
CASSPRAGDNTEAFF	TRBV7-9	TRBJ1-1
CASSSSRRGGRAYEQYF	TRBV6-5	TRBJ2-7
CASSYWPGGGTEAFF	TRBV6-5	TRBJ1-1
CASKRTATYEQYF	TRBV28	TRBJ2-7
CASSQDRVLAGAYEQYF	TRBV3-1	TRBJ2-7
CASRGTGGASVGLDQTYEQYF	TRBV11-2	TRBJ2-7
CASNAGPLGNTIYF	TRBV2	TRBJ1-3
CSAQRGGADTGELFF	TRBV20-1	TRBJ2-2
CASSQGTGSYEQYF	TRBV4-1	TRBJ2-7
CASSSGLAGVNEQFF	TRBV7-9	TRBJ2-1
CASSFALFINTEAFF	TRBV28	TRBJ1-1
CASSVAWNYNEQFF	TRBV9	TRBJ2-1
CASSQDGRRDVWTGELFF	TRBV4-3	TRBJ2-2
CASSYLARRVGYTF	TRBV5-1	TRBJ1-2
CASSYVLQTYEQYF	TRBV6-3	TRBJ2-7
CASSYGTGGTYEQYF	TRBV6-5	TRBJ2-7
CASSSEGGGEQFF	TRBV7-9	TRBJ2-1
CASSLEGSHSYNEQFF	TRBV5-1	TRBJ2-1
CASSLSGTQYEQYF	TRBV27	TRBJ2-7
CASSQEFRGQGADTQYF	TRBV4-3	TRBJ2-3
CASSPQWTLYGYTF	TRBV18	TRBJ1-2
CASSYLQDFTDTQYF	TRBV7-9	TRBJ2-3
CASSPGVGTYNEQFF	TRBV25-1	TRBJ2-1
CASTGPRSKTDTQYF	TRBV28	TRBJ2-3
CASTIFWTGTYYEQYF	TRBV2	TRBJ2-7
CASSPSRPWGPHSNTGELFF	TRBV27	TRBJ2-2
CASSFYPGQDYGYTF	TRBV7-3	TRBJ1-2
CASNGNTDTQYF	TRBV27	TRBJ2-3
CASRGLAGEAGELFF	TRBV9	TRBJ2-2
CASTSGVYQPQHF	TRBV19	TRBJ1-5
CASSRSGGLQETQYF	TRBV12-4	TRBJ2-5
CASSARVREKLFF	TRBV2	TRBJ1-4
CASSLWDRGWTEAFF	TRBV11-1	TRBJ1-1
CASSQELAGGNANYGYTF	TRBV4-1	TRBJ1-2
CASSAGGNGYTF	TRBV9	TRBJ1-2
CASSPTTGGRNEKLFF	TRBV19	TRBJ1-4
CASSLVTSGIIEQFF	TRBV11-2	TRBJ2-1
CASSPPGGVTGELFF	TRBV6-3	TRBJ2-2
CASSLGRLPQHF	TRBV5-6	TRBJ1-5
CASGWDRPNTGELFF	TRBV12-5	TRBJ2-2
CATSSLRQGTYEQYF	TRBV15	TRBJ2-7
CASSDRLQQETQYF	TRBV2	TRBJ2-5
CASSEIGQGGTDTQYF	TRBV2	TRBJ2-3
CASKGTDTQYF	TRBV27	TRBJ2-3
CATSVPTGHNQPQHF	TRBV24-1	TRBJ1-5
CASSTHRLGTSGGPPDTQYF	TRBV7-9	TRBJ2-3
CASSFEGEQYF	TRBV27	TRBJ2-7
CASKGRGLYEQYF	TRBV6-1	TRBJ2-7
CATSSTGLKTQYF	TRBV15	TRBJ2-5
CASRGVLGGQGETEAFF	TRBV6-1	TRBJ1-1
CASSLKAREAYNSPLHF	TRBV7-2	TRBJ1-6
CASSSTLQDRANYGYTF	TRBV6-5	TRBJ1-2
CASRLPGGSNEQFF	TRBV28	TRBJ2-1
CASSLGQGGYEQYF	TRBV3-1	TRBJ2-7
CASSHLDRGRTEAFF	TRBV3-1	TRBJ1-1
CASSYLAGSSVYNEQFF	TRBV6-3	TRBJ2-1
CASSLGWGARSYNEQFF	TRBV5-4	TRBJ2-1
CATSTGGAGGRTDTQYF	TRBV15	TRBJ2-3
CASSLGLSGLGYEQYF	TRBV7-9	TRBJ2-7
CASSLKDRQYEQYF	TRBV7-4	TRBJ2-7
CASSLGTTRTSYNEQFF	TRBV7-6	TRBJ2-1
CASSYYGWGTGELFF	TRBV6-3	TRBJ2-2
CASSVAGTNPTDTQYF	TRBV9	TRBJ2-3
CASSLYKGSGSPYEQYF	TRBV5-1	TRBJ2-7
CASSPTSFGEQFF	TRBV6-3	TRBJ2-1
CASSSSSQENTEAFF	TRBV12-4	TRBJ1-1
CASTTLWGGIGAGELFF	TRBV2	TRBJ2-2
CASSQDQQAGGLFTAGDTQYF	TRBV4-2	TRBJ2-3
CASSPPAGSGQETQYF	TRBV18	TRBJ2-5
CASSLWTGNQYF	TRBV11-1	TRBJ2-7
CASSPVTGELFF	TRBV11-1	TRBJ2-2
CAIRDVSSTDTQYF	TRBV10-3	TRBJ2-3
CASSLRGGKPQHF	TRBV5-5	TRBJ1-5
CASSSGGDYNEQFF	TRBV12-3	TRBJ2-1
CASSYLGGDAANYGYTF	TRBV6-5	TRBJ1-2
CASSLGDRLPYNEQFF	TRBV6-6	TRBJ2-1
CASRSSLMTGNNANEQYF	TRBV12-4	TRBJ2-7
CASSLTSGNTEAFF	TRBV7-3	TRBJ1-1
CASSQEEAGTGELFF	TRBV4-1	TRBJ2-2
CASSRLPGLAGVGNHEQYF	TRBV4-3	TRBJ2-7
CSVEDWSWGISLEGLNEQFF	TRBV29-1	TRBJ2-1
CASTTRGGGTQETQYF	TRBV6-1	TRBJ2-5
CSARGGGGPENTGELFF	TRBV20-1	TRBJ2-2
CASSLGDFFTQETQYF	TRBV11-2	TRBJ2-5
CSGWGASTDTQYF	TRBV20-1	TRBJ2-3
CASSLRVTNPQGKGTEAFF	TRBV7-8	TRBJ1-1
CASSLVGGQETQYF	TRBV7-9	TRBJ2-5
CASSLATSGWWDTQYF	TRBV5-5	TRBJ2-3
CASSLSWGAGNTIYF	TRBV27	TRBJ1-3
CASREKGHRRDNEQFF	TRBV27	TRBJ2-1
CASSLRDRGLETQYF	TRBV13	TRBJ2-5
CASSSGREIWYEQYF	TRBV14	TRBJ2-7
CSASPPGQTIYEQYF	TRBV20-1	TRBJ2-7
CASSARAAATNEKLFF	TRBV2	TRBJ1-4
CAISESGSGGPGSRFF	TRBV10-3	TRBJ2-1
CASGPLAGMDNEQFF	TRBV7-2	TRBJ2-1
CASSLPTVGGGGETQYF	TRBV6-6	TRBJ2-5
CASSPFAGGPADTQYF	TRBV11-2	TRBJ2-3
CASSFAGSYEQYF	TRBV27	TRBJ2-7
CASSRGEGRGIQYF	TRBV12-3	TRBJ2-7
CASSLGVGLRNTDTQYF	TRBV5-6	TRBJ2-3
CASSLLAPPPHNEQFF	TRBV12-4	TRBJ2-1
CATQGLGTEAFF	TRBV19	TRBJ1-1
CASSLEGGVADTQYF	TRBV9	TRBJ2-3
CASRTSGGAYNEQFF	TRBV6-3	TRBJ2-1
CASSLGTVWYSNQPQHF	TRBV12-4	TRBJ1-5
CASSLGGRRQPQHF	TRBV12-3	TRBJ1-5
CASSVGREWTGELFF	TRBV9	TRBJ2-2
CASSIKGPFRTEAFF	TRBV19	TRBJ1-1
CSARGGADSYEQYF	TRBV20-1	TRBJ2-7
CASSQFTGESSGELFF	TRBV14	TRBJ2-2
CASSRFWVGPYEQYF	TRBV5-1	TRBJ2-7
CASSSRSTDTQYF	TRBV19	TRBJ2-3
CASSEGTDPQETQYF	TRBV6-1	TRBJ2-5
CASSDGFPDSTYEQYF	TRBV6-5	TRBJ2-7
CASSVLGRGGANTGELFF	TRBV9	TRBJ2-2
CSVGGGNLYEQYF	TRBV29-1	TRBJ2-7
CASSATGTGLYGYTF	TRBV6-4	TRBJ1-2
CASSQAPGGSHSEAFF	TRBV4-2	TRBJ1-1
CASSQDASGGAGELFF	TRBV4-2	TRBJ2-2
CASSLDTSGSPYEQYF	TRBV11-2	TRBJ2-7
CSASDPDNEQFF	TRBV20-1	TRBJ2-1
CASSDGGYLTDTQYF	TRBV6-3	TRBJ2-3
CATSGETESSYEQYF	TRBV24-1	TRBJ2-7
CSALIRDYNEQFF	TRBV20-1	TRBJ2-1
CASSIPRQGRHTEAFF	TRBV19	TRBJ1-1
CASSLSEAGARNTEAFF	TRBV12-4	TRBJ1-1
CASSFTDTQYF	TRBV12-4	TRBJ2-3
CASSPRTGNSGANVLTF	TRBV7-8	TRBJ2-6
CASSAGTGVYGYTF	TRBV7-2	TRBJ1-2
CASSFQGGYEQYF	TRBV27	TRBJ2-7
CASSLRLGNTGELFF	TRBV27	TRBJ2-2
CASSIYHLAGLYETQYF	TRBV19	TRBJ2-5
CASSAPPARVWSYEQYF	TRBV2	TRBJ2-7
CASSSPGLRPFLSYNEQFF	TRBV19	TRBJ2-1
CASPWTGSGPYEQYF	TRBV18	TRBJ2-7
CASLISGTDTQYF	TRBV11-2	TRBJ2-3
CASSSHLDTEAFF	TRBV5-6	TRBJ1-1
CASSLTANYGYTF	TRBV7-3	TRBJ1-2
CASSHGGTEAFF	TRBV28	TRBJ1-1
CASSQDDYRGNIQYF	TRBV4-1	TRBJ2-4
CSASGGAGETQYF	TRBV20-1	TRBJ2-5
CASSAGQGGGRTEAFF	TRBV19	TRBJ1-1
CASRDLHYEQYF	TRBV28	TRBJ2-7
CASSLRTGLRVGYGYTF	TRBV7-8	TRBJ1-2
CASSYSWDGMNTEAFF	TRBV6-5	TRBJ1-1
CASSTPMTGGTEAFF	TRBV4-1	TRBJ1-1
CASSPGTLAGELFF	TRBV9	TRBJ2-2
CASSGVLAASTDTQYF	TRBV28	TRBJ2-3
CASGLDSSSGNTIYF	TRBV12-5	TRBJ1-3
CSARDLAKYEQYF	TRBV20-1	TRBJ2-7
CASSEGDTDTQYF	TRBV6-4	TRBJ2-3
CASSISQGAQETQYF	TRBV19	TRBJ2-5
CATQDGRGYTF	TRBV19	TRBJ1-2
CASSLGTSGSTDTQYF	TRBV7-6	TRBJ2-3
CSAREALDEQYF	TRBV20-1	TRBJ2-7
CASRQGNTGELFF	TRBV12-4	TRBJ2-2
CASSPGKDRFSGNTIYF	TRBV18	TRBJ1-3
CASSYSMSGGTDTQYF	TRBV6-5	TRBJ2-3
CASSQTGRGDNSPLHF	TRBV6-5	TRBJ1-6
CASSFSAHDEQYF	TRBV27	TRBJ2-7
CASSYWDTPTDTQYF	TRBV6-3	TRBJ2-3
CASSSGLVSNTGELFF	TRBV9	TRBJ2-2
CASSQGAGGAQTYEQYF	TRBV4-2	TRBJ2-7
CASSAYRDEKLFF	TRBV6-1	TRBJ1-4
CASSQDGESSYNEQFF	TRBV4-3	TRBJ2-1
CASSFSQDPQYF	TRBV7-9	TRBJ2-3
CASSTETGNTEAFF	TRBV13	TRBJ1-1
CASREDRGLDSTDTQYF	TRBV6-3	TRBJ2-3
CASSLQSTEAFF	TRBV7-9	TRBJ1-1
CSARVGIPNYGYTF	TRBV20-1	TRBJ1-2
CARQGTSGSNEQFF	TRBV2	TRBJ2-1
CASTVSGSGADTQYF	TRBV11-1	TRBJ2-3
CSVEYGLAGSTDTQYF	TRBV29-1	TRBJ2-3
CASSSGQGYYNEQFF	TRBV6-4	TRBJ2-1
CASSRTGGWETQYF	TRBV6-1	TRBJ2-5
CASSRTGSDYGYTF	TRBV19	TRBJ1-2
CATQSGLFYEQYF	TRBV6-5	TRBJ2-7
CASKGDRGAYEQYF	TRBV6-3	TRBJ2-7
CASSRLDNYNEQFF	TRBV28	TRBJ2-1
CAIGTGDTNQPQHF	TRBV10-3	TRBJ1-5
CASSLEQGWAEAFF	TRBV9	TRBJ1-1
CASSIDSNEKLFF	TRBV11-2	TRBJ1-4
CASSYPGLAEAFF	TRBV6-5	TRBJ1-1
CASSYGPGLAGRSSYNEQFF	TRBV6-3	TRBJ2-1
CASSQYLWGGELFF	TRBV14	TRBJ2-2
CATGTSPNEKLFF	TRBV24-1	TRBJ1-4
CASSFGTSPGANVLTF	TRBV18	TRBJ2-6
CASTAEGFHTDTQYF	TRBV2	TRBJ2-3
CASSLEFVVGETQYF	TRBV11-2	TRBJ2-5
CASSKEPSGSRTYFLYYEQYF	TRBV19	TRBJ2-7
CSVEDWTSGNTDTQYF	TRBV29-1	TRBJ2-3
CASSFRPGGHEQYF	TRBV6-5	TRBJ2-7
CASSQELSYEQYF	TRBV4-2	TRBJ2-7
CASTRTFLNTEAFF	TRBV28	TRBJ1-1
CASSPLTSRETQYF	TRBV18	TRBJ2-5
CASTPSGASYNEQFF	TRBV4-3	TRBJ2-1
CASSLAGTSGRDEQFF	TRBV4-1	TRBJ2-1
CSVVGVGYNEQFF	TRBV29-1	TRBJ2-1
CASSQTLWTSVYNEQFF	TRBV27	TRBJ2-1
CASSYGGGTEAFF	TRBV6-3	TRBJ1-1
CAISPSRSKNIQYF	TRBV10-3	TRBJ2-4
CASRRQGNEKLFF	TRBV2	TRBJ1-4
CASSYEGTLNYYIEQFF	TRBV6-3	TRBJ2-1
CASSPNANEQYF	TRBV12-3	TRBJ2-7
CASSLESRGRETQYF	TRBV11-2	TRBJ2-5
CASSSGTSGAYEQYF	TRBV27	TRBJ2-7
CASKGTGSLDTQYF	TRBV5-1	TRBJ2-3
CSARGDRGGSSYNEQFF	TRBV20-1	TRBJ2-1
CASGTSGAYEQYF	TRBV19	TRBJ2-7
CASREGTSGGETQYF	TRBV2	TRBJ2-5
CASSLPLSRTTDTQYF	TRBV11-2	TRBJ2-3
CASSLGHDTLHF	TRBV7-9	TRBJ1-6
CASSPPGVSGEKLFF	TRBV7-9	TRBJ1-4
CAISTGARPGNTIYF	TRBV10-3	TRBJ1-3
CASSSIIQVSGNTIYF	TRBV28	TRBJ1-3
CASSLLGQGRNQPQHF	TRBV12-3	TRBJ1-5
CAYRGSNQPQHF	TRBV5-8	TRBJ1-5
CASSSGQGMDIQYF	TRBV7-2	TRBJ2-4
CASSYSAGRDNEQFF	TRBV6-5	TRBJ2-1
CATSEMTGTEAFF	TRBV24-1	TRBJ1-1
CSARVSGGGYNEQFF	TRBV20-1	TRBJ2-1
CASSPPPGPKPRVETDTQYF	TRBV19	TRBJ2-3
CASSHLTDREQFF	TRBV12-4	TRBJ2-1
CASSLSRPTGELFF	TRBV7-9	TRBJ2-2
CAISEPRQNTEAFF	TRBV10-3	TRBJ1-1
CASSLTGSEQYF	TRBV27	TRBJ2-7
CSARGLFGDEQFF	TRBV20-1	TRBJ2-1
CASSSPGQGEEAFF	TRBV9	TRBJ1-1
CASSVGQVFYSGTF	TRBV9	TRBJ1-2
CASSQDRTPNGNTEAFF	TRBV4-1	TRBJ1-1
CASSLGASRSTDTQYF	TRBV7-6	TRBJ2-3
CASSLGLAAAYNEQFF	TRBV5-6	TRBJ2-1
CASSPNKLMNTEAFF	TRBV28	TRBJ1-1
CASSGGLAGAPYEQYF	TRBV12-3	TRBJ2-7
CASSQDGGYYGYTF	TRBV4-3	TRBJ1-2
CASSQDQGLGNEQFF	TRBV4-1	TRBJ2-1
CASSGGLAPPYEQYF	TRBV7-9	TRBJ2-7
CASSPLAGVSDTQYF	TRBV7-6	TRBJ2-3
CATSGPTSREGDNEQFF	TRBV24-1	TRBJ2-1
CASRDQMNTEAFF	TRBV6-3	TRBJ1-1
CASSLGTGENQPQHF	TRBV27	TRBJ1-5
CASSQDGEPYGYTF	TRBV4-3	TRBJ1-2
CASSFHGGELFF	TRBV27	TRBJ2-2
CASSRNRDNSPLHF	TRBV28	TRBJ1-6
CASSGTSDPADTQYF	TRBV6-6	TRBJ2-3
CASSRLTSTDTQYF	TRBV7-9	TRBJ2-3
CASSQDLAVQETQYF	TRBV3-1	TRBJ2-5
CASSLEGPYEQYF	TRBV7-9	TRBJ2-7
CASSLTGTPSTDTQYF	TRBV5-4	TRBJ2-3
CASSQGTGGTEAFF	TRBV4-1	TRBJ1-1
CASSPPASGRTRFQWGQYF	TRBV5-6	TRBJ2-5
CSVEVIGRGHGYTF	TRBV29-1	TRBJ1-2
CSARDGASSDTQYF	TRBV20-1	TRBJ2-3
CASSSGPHRYEQFF	TRBV11-2	TRBJ2-1
CASSQDGYNEQFF	TRBV4-3	TRBJ2-1
CASSLTGVGGANGYTF	TRBV7-3	TRBJ1-2
CASSFKSSGNTIYF	TRBV27	TRBJ1-3
CASSELLAGMNTGELFF	TRBV25-1	TRBJ2-2
CASSQGTGNTEAFF	TRBV4-1	TRBJ1-1
CASSTDSFSYEQYF	TRBV27	TRBJ2-7
CASSSLGEFYNEQFF	TRBV7-9	TRBJ2-1
CASSLSGWSYEQYF	TRBV7-6	TRBJ2-7
CASSLWTGLNNEQFF	TRBV5-6	TRBJ2-1
CASGQGTDTQYF	TRBV27	TRBJ2-3
CASSDWGNEKLFF	TRBV7-9	TRBJ1-4
CASSLGEQFF	TRBV7-2	TRBJ2-1
CASSLEGGLLYGYTF	TRBV12-4	TRBJ1-2
CASSQGQGATEAFF	TRBV4-1	TRBJ1-1
CASSLYPLETTDTQYF	TRBV12-4	TRBJ2-3
CASSLSGWTYEQYF	TRBV27	TRBJ2-7
CATRKTGNEQFF	TRBV15	TRBJ2-1
CASSGGTGGTEAFF	TRBV9	TRBJ1-1
CASSPQDREDGYTF	TRBV4-3	TRBJ1-2
CSAPPSGGAHEQFF	TRBV20-1	TRBJ2-1
CASSHLRFTQYF	TRBV4-1	TRBJ2-3
CASRIAHEQYF	TRBV6-6	TRBJ2-7
CASTLTGVNTEAFF	TRBV2	TRBJ1-1
CASRSTGGYGYTF	TRBV14	TRBJ1-2
CASSSTTLLAGGYEQYF	TRBV6-5	TRBJ2-7
CASSQGRQRVSYGYTF	TRBV4-1	TRBJ1-2
CAISESGILENTGELFF	TRBV10-3	TRBJ2-2
CASSRRARGTPFGGYTF	TRBV19	TRBJ1-2
CASSLGWVWRITGAYEQYF	TRBV5-5	TRBJ2-7
CASSPPGRGENEQFF	TRBV9	TRBJ2-1
CASSVLAGYTDTQYF	TRBV13	TRBJ2-3
CASSFRGTEAFF	TRBV28	TRBJ1-1
CASSLLRGAKGGRPSYNEQFF	TRBV28	TRBJ2-1
CASSLAGGGLPEETQYF	TRBV5-6	TRBJ2-5
CASSKNRENTEAFF	TRBV27	TRBJ1-1
CASSQTRRARPDTQYF	TRBV28	TRBJ2-3
CASSLTGETQYF	TRBV11-2	TRBJ2-5
CASSSPPTPYEQYF	TRBV7-9	TRBJ2-7
CASSVDSGSDYEQYF	TRBV9	TRBJ2-7
CAWTPDPAGNQPQHF	TRBV30	TRBJ1-5
CASSYLGEETQYF	TRBV6-5	TRBJ2-5
CASSPPQGAVVEQFF	TRBV18	TRBJ2-1
CATSRESSGANVLTF	TRBV15	TRBJ2-6
CASSVEGGNTEAFF	TRBV9	TRBJ1-1
CSVPGGETETQYF	TRBV20-1	TRBJ2-5
CSVILTDSTDTQYF	TRBV29-1	TRBJ2-3
CASDESPGANVLTF	TRBV6-1	TRBJ2-6
CASSEGTRVGEQFF	TRBV6-4	TRBJ2-1
CASSQDPGQGAHEQFF	TRBV4-2	TRBJ2-1
CASSYTDNQPQHF	TRBV6-3	TRBJ1-5
CSARDGRREYEQYF	TRBV20-1	TRBJ2-7
CASSPSEGGDTGELFF	TRBV3-1	TRBJ2-2
CASSQGLRYYGYTF	TRBV6-5	TRBJ1-2
CASSPGVRGLRYEQYF	TRBV18	TRBJ2-7
CASSFGDTEAFF	TRBV11-3	TRBJ1-1
CASSHTISGTSGTGELFF	TRBV4-2	TRBJ2-2
CASSLNRGGDGYTF	TRBV11-2	TRBJ1-2
CASSSQDRSNQPQHF	TRBV7-9	TRBJ1-5
CASLPSGTDTQYF	TRBV11-2	TRBJ2-3
CASRVSGGEEQYF	TRBV12-4	TRBJ2-7
CASSPGTNYGYTF	TRBV12-4	TRBJ1-2
CASSFWTGPTYEQYF	TRBV7-9	TRBJ2-7
CASSLNGGGGTTDEAFF	TRBV5-4	TRBJ1-1
CASSPLALQGPRDTQYF	TRBV19	TRBJ2-3
CSASSLTSGGAPEQYF	TRBV20-1	TRBJ2-7
CASSSLPTSFYEQYF	TRBV27	TRBJ2-7
CASSYPGQGSTEAFF	TRBV7-9	TRBJ1-1
CASNRDLSSYEQYF	TRBV10-1	TRBJ2-7
CASSLLGEATLHF	TRBV6-5	TRBJ1-6
CASSFSGGSYNEQFF	TRBV5-5	TRBJ2-1
CASSPEPRGRQETQYF	TRBV9	TRBJ2-5
CASSVGEAFF	TRBV2	TRBJ1-1
CASSSELGRGNEQFF	TRBV7-9	TRBJ2-1
CASSFDGINSPLHF	TRBV5-5	TRBJ1-6
CASRETGGYTEAFF	TRBV2	TRBJ1-1
CSAPETGQDSYEQYF	TRBV20-1	TRBJ2-7
CASSLSIQGDGYTF	TRBV7-9	TRBJ1-2
CASSQDPLLGFYGYTF	TRBV4-2	TRBJ1-2
CASSQVGLAGGRTDTQYF	TRBV7-2	TRBJ2-3
CASSSGLAGVLYEQYF	TRBV13	TRBJ2-7
CSARGLADPYEQYF	TRBV20-1	TRBJ2-7
CASSEFLGTTLETQYF	TRBV2	TRBJ2-5
CASSHVSGTGTKETQYF	TRBV3-1	TRBJ2-5
CASRGGQDYGYTF	TRBV6-1	TRBJ1-2
CASSPRGSGGVTGELFF	TRBV3-1	TRBJ2-2
CASSLVGGNEQFF	TRBV7-3	TRBJ2-1
CASSHSTGSSTEAFF	TRBV7-8	TRBJ1-1
CASSQFEGVYEQYF	TRBV3-1	TRBJ2-7
CAISAYSRNTEAFF	TRBV10-3	TRBJ1-1
CASSVGNDYTF	TRBV9	TRBJ1-2
CASSLGGQNYGYTF	TRBV27	TRBJ1-2
CASSEGSSGNTIYF	TRBV25-1	TRBJ1-3
CASSLEGLAGAGIQYF	TRBV7-8	TRBJ2-4
CASSVEWTPSNEQFF	TRBV9	TRBJ2-1
CASSQSWGDSYEQYF	TRBV4-2	TRBJ2-7
CASSIAWGQLNTEAFF	TRBV19	TRBJ1-1
CASSPQTSGGLNEQFF	TRBV9	TRBJ2-1
CASSLSGGSYNEQFF	TRBV12-4	TRBJ2-1
CATSRLASSYNEQFF	TRBV15	TRBJ2-1
CSATWEGASGGETQYF	TRBV20-1	TRBJ2-5
CASSLNPTDTQYF	TRBV5-8	TRBJ2-3
CASSGPPRGPYNEQFF	TRBV7-9	TRBJ2-1
CAWSDDRGYNEQFF	TRBV30	TRBJ2-1
CASRWTVYSNQPQHF	TRBV19	TRBJ1-5
CASSSSYLAGGRDTQYF	TRBV2	TRBJ2-3
CSARDLPSGGDNEQFF	TRBV20-1	TRBJ2-1
CASSLGVREAGSLNQPQHF	TRBV27	TRBJ1-5
CASSFSAGTTDTQYF	TRBV11-2	TRBJ2-3
CATSDNRRGIFQETQYF	TRBV24-1	TRBJ2-5
CASSLSGYEAFF	TRBV12-3	TRBJ1-1
CATSRATGGGPQHF	TRBV15	TRBJ1-5
CASSLNRELTGNTIYF	TRBV4-2	TRBJ1-3
CASSLAGTGNEQYF	TRBV27	TRBJ2-7
CASSLTGYQTQYF	TRBV7-9	TRBJ2-5
CASSLGGGGLTDTQYF	TRBV7-8	TRBJ2-3
CASSSGLAGRNEQFF	TRBV7-9	TRBJ2-1
CASSETGGWGYTF	TRBV7-9	TRBJ1-2
CASRPSGGAETQYF	TRBV12-4	TRBJ2-5
CASSYSFAGGIDEQYF	TRBV6-3	TRBJ2-7
CASSLVAGGMADTQYF	TRBV5-6	TRBJ2-3
CAISEGNSYEQYF	TRBV10-3	TRBJ2-7
CASSQTPPAGETQYF	TRBV4-1	TRBJ2-5
CASRGGASYEQYF	TRBV2	TRBJ2-7
CSGHPNEQFF	TRBV20-1	TRBJ2-1
CSARDLSGGSYNEQFF	TRBV20-1	TRBJ2-1
CASSALAGNTEAFF	TRBV9	TRBJ1-1
CASTLGFLNEQFF	TRBV11-2	TRBJ2-1
CASSRDLSGANVLTF	TRBV10-1	TRBJ2-6
CSVGTGDYEQYF	TRBV29-1	TRBJ2-7
CASSLTGESYEQYF	TRBV13	TRBJ2-7
CASGRDRGLSYGYTF	TRBV12-5	TRBJ1-2
CASRTSGSSYNEQFF	TRBV5-4	TRBJ2-1
CSAGTDTGELFF	TRBV29-1	TRBJ2-2
CASRLGGEQYF	TRBV19	TRBJ2-7
CASRAGATEAFF	TRBV2	TRBJ1-1
CSAVGPPLHF	TRBV20-1	TRBJ1-6
CASGLSAPGNTIYF	TRBV12-5	TRBJ1-3
CASSLDRGVNTEAFF	TRBV7-9	TRBJ1-1
CATSRDGPGHEVTANYGYTF	TRBV15	TRBJ1-2
CASSLWTGGHNEQFF	TRBV5-6	TRBJ2-1
CASSQEGAVSGELFF	TRBV4-1	TRBJ2-2
CASSFARGHEQYF	TRBV11-2	TRBJ2-7
CASSQERGATEAFF	TRBV14	TRBJ1-1
CASSNTGGSEAFF	TRBV19	TRBJ1-1
CASSWAGEQYF	TRBV7-9	TRBJ2-7
CSAGLQYGYTF	TRBV29-1	TRBJ1-2
CASRSQGSTEAFF	TRBV6-5	TRBJ1-1
CASSLAGGRTGDYGYTF	TRBV5-1	TRBJ1-2
CASSHPPTGAYEQYF	TRBV7-8	TRBJ2-7
CSARVWGANYEQYF	TRBV20-1	TRBJ2-7
CSGGERLEGNEQFF	TRBV20-1	TRBJ2-1
CASRGGDSHNEQFF	TRBV6-4	TRBJ2-1
CSARARKGGGLETQYF	TRBV20-1	TRBJ2-5
CSARGQTDYEQYF	TRBV20-1	TRBJ2-7
CASSLQGTQETQYF	TRBV28	TRBJ2-5
CASSPTGGGYNEQFF	TRBV27	TRBJ2-1
CAISDSPNTGELFF	TRBV10-3	TRBJ2-2
CASGQELAGTDTQYF	TRBV12-5	TRBJ2-3
CSGISRRGDTDTQYF	TRBV20-1	TRBJ2-3
CASSPDADTPFYEQYF	TRBV19	TRBJ2-7
CASKKLAGDSYEQYF	TRBV6-5	TRBJ2-7
CASLGSWGETQYF	TRBV2	TRBJ2-5
CASSIGRAEAFF	TRBV19	TRBJ1-1
CASSAGTSEGTQYF	TRBV9	TRBJ2-5
CASSTKGGRSGANVLTF	TRBV9	TRBJ2-6
CASSQASQPQHF	TRBV3-1	TRBJ1-5
CATSSSSYGYTF	TRBV15	TRBJ1-2
CASSELAGGPDTQYF	TRBV6-1	TRBJ2-3
CASSQGGGSETQYF	TRBV3-1	TRBJ2-5
CASSLIGELFF	TRBV5-6	TRBJ2-2
CASSLFGTDEQYF	TRBV7-9	TRBJ2-7
CSAGSGTRGETQYF	TRBV20-1	TRBJ2-5
CAWSWGSGGEQYF	TRBV30	TRBJ2-7
CASRGVQPQHF	TRBV6-1	TRBJ1-5
CASSLAGRNYGYTF	TRBV7-9	TRBJ1-2
CASSYPPRTGYGTDTQYF	TRBV6-3	TRBJ2-3
CASSLGSGAQETQYF	TRBV11-2	TRBJ2-5
CASWPGLAGGNTDTQYF	TRBV2	TRBJ2-3
CASSFTYGPGGHEQYF	TRBV5-1	TRBJ2-7
CASSLGSSNYGYTF	TRBV5-6	TRBJ1-2
CSVPQTEDYNEQFF	TRBV20-1	TRBJ2-1
CASSYDSGTGELFF	TRBV6-5	TRBJ2-2
CASSRGTGELFF	TRBV12-4	TRBJ2-2
CATSRVGADTQYF	TRBV15	TRBJ2-3
CASSPDGTGPGDTQYF	TRBV4-2	TRBJ2-3
CASSQEDSWGDTQYF	TRBV14	TRBJ2-3
CASSAIPGTSYQETQYF	TRBV27	TRBJ2-5
CASSLAGQFDMNTEAFF	TRBV5-6	TRBJ1-1
CSVETGLGYEQYF	TRBV29-1	TRBJ2-7
CASSPVTGGGSGANVLTF	TRBV7-9	TRBJ2-6
CAVNGLAGPTDTQYF	TRBV12-4	TRBJ2-3
CASSQEETSGNYEQYF	TRBV4-2	TRBJ2-7
CASSFGGGTYEQYF	TRBV11-2	TRBJ2-7
CATTVPLSYEQYF	TRBV2	TRBJ2-7
CASSQDRGGPGELFF	TRBV4-1	TRBJ2-2
CASSSALAGPNEQYF	TRBV7-9	TRBJ2-7
CASSSDGGLGTDTQYF	TRBV11-2	TRBJ2-3
CSASGWVRQGAFYEQYF	TRBV20-1	TRBJ2-7
CSVRRGDEGYTF	TRBV29-1	TRBJ1-2
CASFLGNTEAFF	TRBV2	TRBJ1-1
CASSPISGSSYEQYF	TRBV3-1	TRBJ2-7
CASSQLGWETQYF	TRBV4-1	TRBJ2-5
CASKPSNSRTDTQYF	TRBV27	TRBJ2-3
CSARLSTLPADTQYF	TRBV20-1	TRBJ2-3
CASSRDTSSYEQYF	TRBV10-1	TRBJ2-7
CASSLGGGPQETQYF	TRBV7-2	TRBJ2-5
CATSTGRGQLYGYTF	TRBV15	TRBJ1-2
CSARDLGSTEIYEQYF	TRBV20-1	TRBJ2-7
CAATRAGSPDTQYF	TRBV12-3	TRBJ2-3
CASSLGDRVPYNEQFF	TRBV7-9	TRBJ2-1
CSAGDRDYNEQFF	TRBV20-1	TRBJ2-1
CASSLPTGTGDTDTQYF	TRBV28	TRBJ2-3
CASSFGELPYNSPLHF	TRBV5-1	TRBJ1-6
CASSSRGGASRDTQYF	TRBV27	TRBJ2-3
CASSGDPTGLAPQMAQYF	TRBV9	TRBJ2-5
CASSERQEGNTEAFF	TRBV6-1	TRBJ1-1
CASSSGLAGGNEQFF	TRBV7-9	TRBJ2-1
CSARDIERTGELFF	TRBV20-1	TRBJ2-2
CASSEMMDTQYF	TRBV6-1	TRBJ2-3
CASRKGGPNNEQFF	TRBV27	TRBJ2-1
CASSLMGGTYNEQFF	TRBV28	TRBJ2-1
CSADWSTGGANYGYTF	TRBV29-1	TRBJ1-2
CSARMVGGHNYGYTF	TRBV20-1	TRBJ1-2
CASSSGGPFYEQYF	TRBV11-2	TRBJ2-7
CAISIASYNEQFF	TRBV10-3	TRBJ2-1
CASSLSMGGAGELFF	TRBV27	TRBJ2-2
CASSLRGIDEQYF	TRBV7-9	TRBJ2-7
CASSLRSLGTDTQYF	TRBV27	TRBJ2-3
CASSRDNSYEQYF	TRBV25-1	TRBJ2-7
CASSGGEQYF	TRBV6-1	TRBJ2-7
CASSLGQGAVNEKLFF	TRBV5-1	TRBJ1-4
CAIAGGGAQYF	TRBV3-1	TRBJ2-5
CASLGPGDTGELFF	TRBV6-1	TRBJ2-2
CATSETGGVDEQFF	TRBV24-1	TRBJ2-1
CASGDLGGYGYTF	TRBV10-2	TRBJ1-2
CASSSQSGSLYGYTF	TRBV9	TRBJ1-2
CASSRVGADTQYF	TRBV6-3	TRBJ2-3
CASSTGTAAYEQYF	TRBV11-2	TRBJ2-7
CASSFNADYGYTF	TRBV5-4	TRBJ1-2
CSARDKGGGAREQYF	TRBV20-1	TRBJ2-7
CSVYRAERGSYGYTF	TRBV29-1	TRBJ1-2
CASGFGGDRPDRRAEAFF	TRBV12-5	TRBJ1-1
CASSQVIQTPNYGYTF	TRBV4-1	TRBJ1-2
CASSNSAGELFF	TRBV7-9	TRBJ2-2
CATRGGLDTDTQYF	TRBV24-1	TRBJ2-3
CASSADPSQGDGNYGYTF	TRBV9	TRBJ1-2
CASSFVTASYEQYF	TRBV5-1	TRBJ2-7
CASSQDTSGLYNEQFF	TRBV3-1	TRBJ2-1
CASSIKLRDSNEQFF	TRBV12-3	TRBJ2-1
CASSPSYSKHYEQYF	TRBV7-2	TRBJ2-7
CASSLGTGAENTEAFF	TRBV5-4	TRBJ1-1
CSVQGAPGANVLTF	TRBV29-1	TRBJ2-6
CASSLGGGNNEQFF	TRBV5-4	TRBJ2-1
CSAQLEAKNIQYF	TRBV20-1	TRBJ2-4
CASSEDGMNTEAFF	TRBV10-2	TRBJ1-1
CASSPGGGNEQFF	TRBV13	TRBJ2-1
CASSLLGGYTDTQYF	TRBV27	TRBJ2-3
CASSLGGQGSNEQFF	TRBV13	TRBJ2-1
CASSLRGGQPQHF	TRBV5-1	TRBJ1-5
CASSNRVDYEQYF	TRBV6-5	TRBJ2-7
CASTLAGGNNEQFF	TRBV6-1	TRBJ2-1
CSARVSPEGGPENYGYTF	TRBV20-1	TRBJ1-2
CASSLPGSYEQYF	TRBV5-1	TRBJ2-7
CASSPSDWNGYTF	TRBV27	TRBJ1-2
CASSPGSPGYEQYF	TRBV14	TRBJ2-7
CASRTSTGQGNIQYF	TRBV5-1	TRBJ2-4
CASSWGGGSHYGYTF	TRBV11-2	TRBJ1-2
CASMRGADNQPQHF	TRBV27	TRBJ1-5
CASKENIQYF	TRBV4-1	TRBJ2-4
CASRTRGRDQPQHF	TRBV6-5	TRBJ1-5
CASNRLATNLAKNIQYF	TRBV6-1	TRBJ2-4
CASSLSLTGGTDTQYF	TRBV7-7	TRBJ2-3
CSARGFSGITGQETQYF	TRBV20-1	TRBJ2-5
CASSMGPTSGGPTDTQYF	TRBV19	TRBJ2-3
CAISESLTPPGLPLFNYGYTF	TRBV10-3	TRBJ1-2
CASSFGGRAEAFF	TRBV11-2	TRBJ1-1
CASSLERGTGELFF	TRBV11-2	TRBJ2-2
CASSLGTGYYEQYF	TRBV12-4	TRBJ2-7
CSAPRRTTEAFF	TRBV20-1	TRBJ1-1
CASSYFGNPVQFF	TRBV27	TRBJ2-1
CASSFPGLADRQYF	TRBV5-6	TRBJ2-5
CASSPGSRGNIQYF	TRBV12-4	TRBJ2-4
CASILPQGTQYF	TRBV7-2	TRBJ2-5
CASSLLGHNTGELFF	TRBV5-6	TRBJ2-2
CAWRTGFGDTGELFF	TRBV30	TRBJ2-2
CSVGDRAYGYTF	TRBV29-1	TRBJ1-2
CTSVPAVTPTVNEQFF	TRBV7-2	TRBJ2-1
CASSLGGNTYEQYF	TRBV5-8	TRBJ2-7
CASSPGQIYNEQFF	TRBV27	TRBJ2-1
CATSREVGVLQPQHF	TRBV15	TRBJ1-5
CASSSTKYNEQFF	TRBV2	TRBJ2-1
CASTVTGNEQFF	TRBV12-4	TRBJ2-1
CASSLTLSSYEQYF	TRBV12-3	TRBJ2-7
CATQTAQGTEQTQYF	TRBV11-2	TRBJ2-5
CASSFNGGGTDTQYF	TRBV5-4	TRBJ2-3
CASKGLGADTGELFF	TRBV19	TRBJ2-2
CASRAGLAGATQQFF	TRBV11-2	TRBJ2-1
CASSYTRGGHEQYF	TRBV7-8	TRBJ2-7
CASRIGNGNTIYF	TRBV30	TRBJ1-3
CASSRDSSANEQFF	TRBV10-1	TRBJ2-1
CASAEVWVVTGELFF	TRBV6-1	TRBJ2-2
CASSPGAYEQYF	TRBV7-9	TRBJ2-7
CASSQDPSRTYEQYF	TRBV7-9	TRBJ2-7
CASSLGLAGPTDTQYF	TRBV11-1	TRBJ2-3
CASSASPDRWGEQYF	TRBV6-3	TRBJ2-7
CASSLPLAGAYNEQFF	TRBV5-1	TRBJ2-1
CASSHLGGDRYMNEQFF	TRBV3-1	TRBJ2-1
CASSAGTGRVETQYF	TRBV5-1	TRBJ2-5
CASTTGVNTIYF	TRBV6-6	TRBJ1-3
CASSMTGPAEAFF	TRBV7-9	TRBJ1-1
CASSEGTGGTEAFF	TRBV6-1	TRBJ1-1
CASGWVAGGLDEQFF	TRBV3-1	TRBJ2-1
CASSIRAAYEQYF	TRBV19	TRBJ2-7
CASSPFQREETQYF	TRBV18	TRBJ2-5
CSVELIGYTF	TRBV29-1	TRBJ1-2
CSVEDRRPDEQFF	TRBV29-1	TRBJ2-1
CASSSRGRRDPGELFF	TRBV28	TRBJ2-2
CASSEDRGYQETQYF	TRBV7-9	TRBJ2-5
CASSLANTGELFF	TRBV10-1	TRBJ2-2
CASRGVNEQFF	TRBV2	TRBJ2-1
CSAQKGADFSYEQYF	TRBV20-1	TRBJ2-7
CAWSLKPNTEAFF	TRBV30	TRBJ1-1
CASSNGGGRLYGYTF	TRBV6-5	TRBJ1-2
CASSSRGGQETQYF	TRBV7-3	TRBJ2-5
CASSPSSSYEQYF	TRBV12-4	TRBJ2-7
CATWDRGAEAFF	TRBV27	TRBJ1-1
CASSRLGDTQYF	TRBV4-2	TRBJ2-3
CASTPLRGDRPYEQYF	TRBV6-3	TRBJ2-7
CASRGQGSYNEQFF	TRBV6-5	TRBJ2-1
CASSSGWGGVQPQHF	TRBV7-9	TRBJ1-5
CASSSTGELFF	TRBV5-6	TRBJ2-2
CASSPPTAYSYNEQFF	TRBV18	TRBJ2-1
CASSLGQGAINTEAFF	TRBV7-3	TRBJ1-1
CASSVNPGQGANYGYTF	TRBV9	TRBJ1-2
CASSPEDIGTDTQYF	TRBV18	TRBJ2-3
CATSDFSNRQETQYF	TRBV24-1	TRBJ2-5
CASSLVFTGGAGNEQFF	TRBV11-2	TRBJ2-1
CASSVKGTMNTEAFF	TRBV9	TRBJ1-1
CSATHLELTTDTQYF	TRBV20-1	TRBJ2-3
CASSAGTGGTEAFF	TRBV6-4	TRBJ1-1
CASSPRLGTETQYF	TRBV7-9	TRBJ2-5
CASSSTGGKTQPQHF	TRBV28	TRBJ1-5
CASSLGTLGGGTEAFF	TRBV7-3	TRBJ1-1
CASSPGTPNTQYF	TRBV7-9	TRBJ2-3
CASRELTGFSYEQYF	TRBV2	TRBJ2-7
CASSDRASGGADEQFF	TRBV6-4	TRBJ2-1
CASSVGTALYEQYF	TRBV11-2	TRBJ2-7
CSAQGGLESGELFF	TRBV20-1	TRBJ2-2
CATSDWDTGELFF	TRBV24-1	TRBJ2-2
CASSTGQIYNEQFF	TRBV27	TRBJ2-1
CASSPKIGTGANVLTF	TRBV6-1	TRBJ2-6
CSVQGGSYNEQFF	TRBV29-1	TRBJ2-1
CSAPGQGNYEQYF	TRBV20-1	TRBJ2-7
CASSLGYGGAGETQYF	TRBV5-1	TRBJ2-5
CASSVVAREQFF	TRBV9	TRBJ2-1
CASSPRVGETQYF	TRBV11-2	TRBJ2-5
CASSLNSGLDGYTF	TRBV7-2	TRBJ1-2
CASSVGGPSYEQYF	TRBV11-2	TRBJ2-7
CATSDRGQGFNQPQHF	TRBV24-1	TRBJ1-5
CATSDSQLTSGGETGELFF	TRBV24-1	TRBJ2-2
CASSQEAESSYEQYF	TRBV4-2	TRBJ2-7
CASSVNPGLRGGTDTQYF	TRBV9	TRBJ2-3
CSAPAGEQFF	TRBV20-1	TRBJ2-1
CASSLAGQGYGYTF	TRBV7-9	TRBJ1-2
CASSEGGVETQYF	TRBV13	TRBJ2-5
CASSLGQRYTF	TRBV5-1	TRBJ1-2
CASSQHSGSPLHF	TRBV14	TRBJ1-6
CASSIVGTGSYEQYF	TRBV19	TRBJ2-7
CASRQGAPLNTQYF	TRBV27	TRBJ2-3
CASSLGTAGFEQFF	TRBV7-6	TRBJ2-1
CAPLVAGGGIGTKNIQYF	TRBV10-1	TRBJ2-4
CASSLRDRVHEQYF	TRBV5-1	TRBJ2-7
CASSPGTALSYEQYF	TRBV11-2	TRBJ2-7
CASSQETSGTNLGTQYF	TRBV3-1	TRBJ2-5
CASSIGMGDWAFF	TRBV7-9	TRBJ1-1
CSAMTSEGSGANVLTF	TRBV20-1	TRBJ2-6
CASSPGGGYTF	TRBV5-6	TRBJ1-2
CASSPGQGHTDTQYF	TRBV19	TRBJ2-3
CASSGRASGTYTGELFF	TRBV7-9	TRBJ2-2
CSVEEGGGSPLHF	TRBV29-1	TRBJ1-6
CASSQLARIDTQYF	TRBV6-3	TRBJ2-3
CASSQGAGELFF	TRBV12-4	TRBJ2-2
CASSPGWGTDHSPLHF	TRBV7-9	TRBJ1-6
CASSVTSSRGGTDTQYF	TRBV9	TRBJ2-3
CATSSPGGYTGELFF	TRBV15	TRBJ2-2
CSAPGQGGYEQYF	TRBV20-1	TRBJ2-7
CASSLARQGDEQFF	TRBV7-9	TRBJ2-1
CASSQLGTRTSHTEAFF	TRBV7-9	TRBJ1-1
CASSSPQGVSNTEAFF	TRBV7-6	TRBJ1-1
CASSLGSGWEAFF	TRBV5-1	TRBJ1-1
CASSYGFGGHNTGELFF	TRBV6-3	TRBJ2-2
CASTGPLNTEAFF	TRBV6-5	TRBJ1-1
CASSQDVRLDGYTF	TRBV4-1	TRBJ1-2
CAWSVGQGTDGELFF	TRBV30	TRBJ2-2
CASSQERGGGTDTQYF	TRBV4-2	TRBJ2-3
CASSLGGGINEQYF	TRBV5-4	TRBJ2-7
CASSQVLFAYEQYF	TRBV14	TRBJ2-7
CASSRTGLSGPGELFF	TRBV12-3	TRBJ2-2
CASSLAYFGGSYEQYF	TRBV7-9	TRBJ2-7
CSARDPSGGDQGTQYF	TRBV20-1	TRBJ2-5
CASSVRVASMTGELFF	TRBV9	TRBJ2-2
CASSSRAEQFF	TRBV5-4	TRBJ2-1
CSAGGNTEAFF	TRBV29-1	TRBJ1-1
CASSIGDYEQYF	TRBV19	TRBJ2-7
CASRLSGGGYNEQFF	TRBV5-1	TRBJ2-1
CASSANWRGSTDTQYF	TRBV9	TRBJ2-3
CASSIDHRNGYTF	TRBV19	TRBJ1-2
CASSLTSGGAYDEQFF	TRBV7-9	TRBJ2-1
CASRDGELFF	TRBV6-3	TRBJ2-2
CASSEFPPPYEQYF	TRBV6-1	TRBJ2-7
CASINRDTGGELFF	TRBV7-9	TRBJ2-2
CASSEGRGSEKLFF	TRBV6-4	TRBJ1-4
CASRPRDRGLSTEAFF	TRBV27	TRBJ1-1
CASSGQEQETQYF	TRBV6-3	TRBJ2-5
CASSFSSETQYF	TRBV28	TRBJ2-5
CSTSAVSGANYEQYF	TRBV20-1	TRBJ2-7
CASSQDSLGVIHF	TRBV14	TRBJ1-6
CASIYSGNGELFF	TRBV12-3	TRBJ2-2
CASSYQATGPQETQYF	TRBV6-6	TRBJ2-5
CASRPGGHEGEKLFF	TRBV27	TRBJ1-4
CASSHGTVETEAFF	TRBV4-1	TRBJ1-1
CASSKDSSTDTQYF	TRBV10-1	TRBJ2-3
CASSVRPRTPENTEAFF	TRBV9	TRBJ1-1
CASSLLDSPGGYGYTF	TRBV7-9	TRBJ1-2
CASSLVRTSGGAISDTQYF	TRBV11-2	TRBJ2-3
CASSPGTALYEQYF	TRBV11-2	TRBJ2-7
CASSQVLWAYEQYF	TRBV14	TRBJ2-7
CASSLRGTGGGNQPQHF	TRBV7-2	TRBJ1-5
CSARDMDISGELFF	TRBV20-1	TRBJ2-2
CASSSDSRVGYTF	TRBV7-3	TRBJ1-2
CSAFPGRYNSPLHF	TRBV20-1	TRBJ1-6
CASRETGSGYNEQFF	TRBV6-1	TRBJ2-1
CASSGWDRPSVIYEQYF	TRBV11-2	TRBJ2-7
CASSPAGGTDTQYF	TRBV6-6	TRBJ2-3
CASRPDSYNEQFF	TRBV5-4	TRBJ2-1
CASSDRGGGPNYNEQFF	TRBV2	TRBJ2-1
CASSVGQGPYEQYF	TRBV6-5	TRBJ2-7
CASSFSSGGAISDTQYF	TRBV27	TRBJ2-3
CASSSDHRGGYTF	TRBV7-2	TRBJ1-2
CASSPLWVAGGRETQYF	TRBV3-1	TRBJ2-5
CASSMVGSSTYNEQFF	TRBV19	TRBJ2-1
CSAKEGPTGGYGYTF	TRBV20-1	TRBJ1-2
CASSLMGNTEAFF	TRBV7-3	TRBJ1-1
CSAWTSGGLSSYNEQFF	TRBV20-1	TRBJ2-1
CASSFRGETYEQYF	TRBV28	TRBJ2-7
CASSSMTKSWETQYF	TRBV11-2	TRBJ2-5
CASSLGTLPYEQYF	TRBV5-5	TRBJ2-7
CASSYGSGELFF	TRBV12-4	TRBJ2-2
CASSLIEGLSWAQHF	TRBV19	TRBJ1-5
CASSLGAGDTLEQYF	TRBV5-4	TRBJ2-7
CASSTGLAGTNEQFF	TRBV7-9	TRBJ2-1
CASSFWLADPSTDTQYF	TRBV12-4	TRBJ2-3
CSANPSNRPFRTQYF	TRBV20-1	TRBJ2-5
CASSDSGAGNEQYF	TRBV2	TRBJ2-7
CASSDPGNTQYF	TRBV6-1	TRBJ2-3
CASSFNGVRETQYF	TRBV5-4	TRBJ2-5
CASSLDGQGPLYGYTF	TRBV11-2	TRBJ1-2
CASSLTPGGETQYF	TRBV7-8	TRBJ2-5
CASRGGWEADTQYF	TRBV6-3	TRBJ2-3
CASSIVAGGGNTIYF	TRBV27	TRBJ1-3
CASSLSLHGNQPQHF	TRBV4-1	TRBJ1-5
CASRTGGVNNEQFF	TRBV27	TRBJ2-1
CASSARADSYNEQFF	TRBV2	TRBJ2-1
CASSVDPTGGNYGYTF	TRBV9	TRBJ1-2
CASSLRQAYNEQFF	TRBV5-6	TRBJ2-1
CSVQGGGYNEQYF	TRBV29-1	TRBJ2-7
CASSLVGTGRTDTQYF	TRBV13	TRBJ2-3
CASTTLRVSQFF	TRBV6-1	TRBJ2-1
CSARTGDTEAFF	TRBV20-1	TRBJ1-1
CATSIEAGGGNEQFF	TRBV15	TRBJ2-1
CASSPGTESTDTQYF	TRBV9	TRBJ2-3
CASSEVVSTTYEQYF	TRBV6-1	TRBJ2-7
CASSIGRNTEAFF	TRBV19	TRBJ1-1
CASSLDSSGGAYNEQFF	TRBV7-7	TRBJ2-1
CASSTPQGNIQYF	TRBV12-3	TRBJ2-4
CASSQGTSGFWQFF	TRBV3-1	TRBJ2-1
CASSHHSSGGLDTQYF	TRBV4-2	TRBJ2-3
CASSLYGDYEQYF	TRBV5-1	TRBJ2-7
CSVVYRAYEQYF	TRBV29-1	TRBJ2-7
CASSLPLGDYGYTF	TRBV5-1	TRBJ1-2
CASGLVQYEQYF	TRBV12-5	TRBJ2-7
CASSVGVDSTDTQYF	TRBV9	TRBJ2-3
CASSQERGDAGELFF	TRBV4-2	TRBJ2-2
CASSLDSSYEQYF	TRBV19	TRBJ2-7
CASSSPGGFGYNSPLHF	TRBV7-9	TRBJ1-6
CAWSDPGGLPWAFF	TRBV30	TRBJ1-1
CASSLVGGSRAEAFF	TRBV7-9	TRBJ1-1
CASLQYPGNTIYF	TRBV18	TRBJ1-3
CASSDGQATDTQYF	TRBV6-1	TRBJ2-3
CASSQDPAGALTDTQYF	TRBV4-1	TRBJ2-3
CASSLTREQYF	TRBV5-6	TRBJ2-7
CASSQDRPQLAGEKTQYF	TRBV4-1	TRBJ2-5
CASSLGTGGSYEQYF	TRBV3-1	TRBJ2-7
CASSDRGETEAFF	TRBV2	TRBJ1-1
CASSIDGSGGNEQFF	TRBV19	TRBJ2-1
CASSLVGGTDEKLFF	TRBV7-9	TRBJ1-4
CASSLRRVEQFF	TRBV7-8	TRBJ2-1
CASRESNTEAFF	TRBV27	TRBJ1-1
CASRAGQGRTDTQYF	TRBV6-1	TRBJ2-3
CASSSGPNYEQYF	TRBV7-6	TRBJ2-7
CATSRVTEEKLFF	TRBV15	TRBJ1-4
CASRIPGTGRDQPQHF	TRBV2	TRBJ1-5
CAWSLTTPETQYF	TRBV30	TRBJ2-5
CASSGAGAGYEQYF	TRBV6-6	TRBJ2-7
CASSLAGNRQGARSQPQHF	TRBV7-8	TRBJ1-5
CASSLSPGQGFRNTEAFF	TRBV5-4	TRBJ1-1
CAIGENYGYTF	TRBV10-3	TRBJ1-2
CASSTWTVSYEQYF	TRBV6-5	TRBJ2-7
CASSYTGPGELFF	TRBV12-3	TRBJ2-2
CATSRVGEHGYTF	TRBV15	TRBJ1-2
CASSRLATDTQYF	TRBV6-4	TRBJ2-3
CASSSISTDQPQHF	TRBV12-4	TRBJ1-5
CASSLPRDSFSYEQYF	TRBV10-2	TRBJ2-7
CASSRDASSYEQYF	TRBV10-1	TRBJ2-7
CASLRSGGDEQFF	TRBV11-2	TRBJ2-1
CASSRFRDSTNEQFF	TRBV5-6	TRBJ2-1
CASSLAQGAGGELFF	TRBV27	TRBJ2-2
CASVPTRSGTQETQYF	TRBV7-9	TRBJ2-5
CASSPGTHNEQFF	TRBV27	TRBJ2-1
CASSSSPQGNGYGYTF	TRBV9	TRBJ1-2
CASSFGGYTDTQYF	TRBV5-4	TRBJ2-3
CASRGTTGTNTEAFF	TRBV2	TRBJ1-1
CASSFDSKAFF	TRBV5-6	TRBJ1-1
CASSQQVRELFF	TRBV3-1	TRBJ2-2
CASSYVGGASRAFF	TRBV6-5	TRBJ1-1
CASSEEPGGETQYF	TRBV6-1	TRBJ2-5
CASSQDRAPTDTQYF	TRBV4-2	TRBJ2-3
CSVEGAGQGQLLYGYTF	TRBV29-1	TRBJ1-2
CSARDYSGPTSGTQYF	TRBV20-1	TRBJ2-5
CASSTGGGSYGYTF	TRBV5-4	TRBJ1-2
CASSLEVPSYEQYF	TRBV4-1	TRBJ2-7
CSAPTRVLAGCTDTQYF	TRBV20-1	TRBJ2-3
CASGGTGDNSPLHF	TRBV6-1	TRBJ1-6
CASSTTGGHTFTDTQYF	TRBV27	TRBJ2-3
CASKTGDNEQFF	TRBV6-4	TRBJ2-1
CAWSLSGGGEAFF	TRBV30	TRBJ1-1
CASRPLGGTEEQYF	TRBV12-4	TRBJ2-7
CASSQDHLGPNQPQHF	TRBV4-2	TRBJ1-5
CASSVNRAGGVTDTQYF	TRBV9	TRBJ2-3
CASSPNSPAGQYF	TRBV7-9	TRBJ2-7
CASSWGVRDMNTEAFF	TRBV5-4	TRBJ1-1
CASSVGGLAGEEQYF	TRBV9	TRBJ2-7
CAAEDPEWGAEAFF	TRBV30	TRBJ1-1
CAWNLGQLNTEAFF	TRBV30	TRBJ1-1
CASSYPHEQFF	TRBV7-9	TRBJ2-1
CSARDPDVPGGNEQFF	TRBV20-1	TRBJ2-1
CASSLPTQSYGYTF	TRBV5-6	TRBJ1-2
CASSTPSQGTNTGELFF	TRBV2	TRBJ2-2
CASSPLSGGTEAFF	TRBV18	TRBJ1-1
CASSFYEAPDTQYF	TRBV7-9	TRBJ2-3
CASSLGQGKVNTF	TRBV9	TRBJ1-2
CASSLALTAEIHGYTF	TRBV7-9	TRBJ1-2
CASRLEGPHNEQFF	TRBV6-4	TRBJ2-1
CASSGWVAGNTIYF	TRBV7-9	TRBJ1-3
CASSLPLGSTYNEQFF	TRBV19	TRBJ2-1
CASSFQPGMGTEAFF	TRBV7-6	TRBJ1-1
CASSDDAGWNNEQFF	TRBV6-1	TRBJ2-1
CASSFAGSGYEQYF	TRBV11-2	TRBJ2-7
CASSQSGYGYTF	TRBV6-5	TRBJ1-2
CASTPGQGSADTQYF	TRBV19	TRBJ2-3
CASSPSRLGTGFYEQYF	TRBV6-1	TRBJ2-7
CASSQGLASGGASTDTQYF	TRBV4-1	TRBJ2-3
CASSVAPGEYEQYF	TRBV9	TRBJ2-7
CASSPPGTGYGYTF	TRBV4-1	TRBJ1-2
CASSSPGQGTEAFF	TRBV2	TRBJ1-1
CASSPTGDGNYGYTF	TRBV7-3	TRBJ1-2
CASSFQGDGRDTQYF	TRBV7-9	TRBJ2-3
CASSLASYGGEKLFF	TRBV27	TRBJ1-4
CASSTIGTGGLEKLFF	TRBV19	TRBJ1-4
CSALRQGLLEYTF	TRBV29-1	TRBJ1-2
CASSSPGTGISYEQYF	TRBV13	TRBJ2-7
CASSLRQTYEQYF	TRBV27	TRBJ2-7
CAWNLGQVNTEAFF	TRBV30	TRBJ1-1
CASSLNTEAFF	TRBV6-5	TRBJ1-1
CASSLPEGALNTEAFF	TRBV7-9	TRBJ1-1
CASSAGRQGALVQTEAFF	TRBV2	TRBJ1-1
CASSSEGGSTEAFF	TRBV5-1	TRBJ1-1
CASSSRTGPDTQYF	TRBV19	TRBJ2-3
CASRAGGSSYNEQFF	TRBV2	TRBJ2-1
CASAPSGGATDTQYF	TRBV2	TRBJ2-3
CASSYRLTVNTGELFF	TRBV6-5	TRBJ2-2
CASSPGGGDNEQFF	TRBV9	TRBJ2-1
CASSSLTGLHEQYF	TRBV7-6	TRBJ2-7
CASSVEGAGGANVLTF	TRBV9	TRBJ2-6
CASSYYEDRVSEAFF	TRBV9	TRBJ1-1
CASSVASGLVAYNEQFF	TRBV9	TRBJ2-1
CAKGSSGGPHTQYF	TRBV2	TRBJ2-3
CASSVRVGSPLHF	TRBV9	TRBJ1-6
CASSEEEGGWEQFF	TRBV9	TRBJ2-1
CASSREGEQFF	TRBV12-3	TRBJ2-1
CASSLGGGGYNEQFF	TRBV27	TRBJ2-1
CASSVGNTIYF	TRBV9	TRBJ1-3
CASSMYGAANYGYTF	TRBV19	TRBJ1-2
CASTSGYNEQFF	TRBV6-5	TRBJ2-1
CASRGQGALMTYEQYF	TRBV10-2	TRBJ2-7
CASPYLTGHEQFF	TRBV7-9	TRBJ2-1
CASSFGADNQPQHF	TRBV27	TRBJ1-5
CASSEYGAPYEQYF	TRBV6-1	TRBJ2-7
CAISEAEPQDTQYF	TRBV10-3	TRBJ2-3
CATPGQEADTQYF	TRBV6-1	TRBJ2-3
CASSPTGQVYNQPQHF	TRBV12-4	TRBJ1-5
CASSELSSGANVLTF	TRBV2	TRBJ2-6
CSVEQTNTEAFF	TRBV29-1	TRBJ1-1
CASSSRGIYEQYF	TRBV7-9	TRBJ2-7
CASSLWVGSGEAFF	TRBV12-4	TRBJ1-1
CASSLGGGYGYTF	TRBV12-3	TRBJ1-2
CATSRDHEQFF	TRBV24-1	TRBJ2-1
CASRPRGATDTQYF	TRBV27	TRBJ2-3
CSARDYRTGDEKLFF	TRBV20-1	TRBJ1-4
CASRDIAGGPGTGELFF	TRBV6-1	TRBJ2-2
CASESPGQGVRGTQYF	TRBV28	TRBJ2-5
CASGLAVNTEAFF	TRBV12-5	TRBJ1-1
CASSLQGYNEQFF	TRBV19	TRBJ2-1
CASSLATGPGGVRNTEAFF	TRBV7-2	TRBJ1-1
CASSQGVGQYGYTF	TRBV4-1	TRBJ1-2
CASSSPPLDTQYF	TRBV7-9	TRBJ2-3
CASSPGGDRGADTQYF	TRBV6-4	TRBJ2-3
CASKLSFNYGYTF	TRBV5-1	TRBJ1-2
CASSVEQGGYTEAFF	TRBV9	TRBJ1-1
CATSEATDTGELFF	TRBV24-1	TRBJ2-2
CASSQVGGAKDTQYF	TRBV4-1	TRBJ2-3
CASSFMDGGQPQHF	TRBV7-9	TRBJ1-5
CSASEQPYLQTGYTF	TRBV20-1	TRBJ1-2
CSASEQTGGYEQYF	TRBV20-1	TRBJ2-7
CASSIDPGRVNSYEQYF	TRBV19	TRBJ2-7
CASSDSWGTEAFF	TRBV6-4	TRBJ1-1
CASSSGGGGLDGYTF	TRBV7-9	TRBJ1-2
CASSFGTGETTDTQYF	TRBV7-9	TRBJ2-3
CATSRILGSPLHF	TRBV15	TRBJ1-6
CASSLAGSSYGYTF	TRBV27	TRBJ1-2
CSAPKAGSSYEQYF	TRBV20-1	TRBJ2-7
CASSLEAGNTEAFF	TRBV7-8	TRBJ1-1
CSAWTSGGPSRAYEQYF	TRBV20-1	TRBJ2-7
CASSVDVGLYNEQFF	TRBV6-1	TRBJ2-1
CASSYSHSNYGYTF	TRBV6-5	TRBJ1-2
CASSQGGYGYTF	TRBV4-1	TRBJ1-2
CASSHRVGNEQFF	TRBV9	TRBJ2-1
CASSLGASGGRYNEQFF	TRBV5-4	TRBJ2-1
CASSYSSSSGGSSYNEQFF	TRBV6-5	TRBJ2-1
CSARELADYEQYF	TRBV20-1	TRBJ2-7
CASSYGQLNQPQHF	TRBV7-9	TRBJ1-5
CSARSPGDRVYSSYNEQFF	TRBV20-1	TRBJ2-1
CASSVAVGTGSGANVLTF	TRBV9	TRBJ2-6
CASIRTSGNDNEQFF	TRBV7-9	TRBJ2-1
CASSKGRQNTEAFF	TRBV5-5	TRBJ1-1
CSGNPGTSAATQYF	TRBV29-1	TRBJ2-3
CASSLGTANYGYTF	TRBV5-4	TRBJ1-2
CSARGPGRGEQYF	TRBV20-1	TRBJ2-7
CASGIRKTGGEQYF	TRBV9	TRBJ2-7
CASLLGTGGYEQYF	TRBV6-1	TRBJ2-7
CASSFGWYEQFF	TRBV5-8	TRBJ2-1
CASSKLRTGYTGELFF	TRBV5-5	TRBJ2-2
CASSIPNSGAVNEQFF	TRBV9	TRBJ2-1
CASSVRTTTGVGDYGYTF	TRBV9	TRBJ1-2
CASSELQGAQDISPLHF	TRBV12-3	TRBJ1-6
CASSLSRDSYYEQYF	TRBV11-1	TRBJ2-7
CASSQGDSRSYEQYF	TRBV4-1	TRBJ2-7
CSARAYGDTSKHSNQPQHF	TRBV20-1	TRBJ1-5
CASSLEPGSAHEQYF	TRBV6-5	TRBJ2-7
CASSQQLAVSYEQYF	TRBV4-1	TRBJ2-7
CSARDFEGRGYNEQFF	TRBV20-1	TRBJ2-1
CASSLGTGSYEQYF	TRBV12-4	TRBJ2-7
CASSQKDRAPYEQYF	TRBV4-2	TRBJ2-7
CASSAGTSGFGYNEQFF	TRBV12-4	TRBJ2-1
CASRGQPNTGELFF	TRBV19	TRBJ2-2
CASSLDRRNEQYF	TRBV7-6	TRBJ2-7
CSAVALGRDSGNTIYF	TRBV20-1	TRBJ1-3
CASSYNSYEQYF	TRBV5-4	TRBJ2-7
CASYDRGTEAFF	TRBV27	TRBJ1-1
CASSLDRDLSSYNEQFF	TRBV27	TRBJ2-1
CASGRLYRGTEAFF	TRBV5-6	TRBJ1-1
CASRKLQGRSTDTQYF	TRBV6-5	TRBJ2-3
CASSPLPHMNTEAFF	TRBV7-8	TRBJ1-1
CASSAQTGEADTQYF	TRBV6-1	TRBJ2-3
CASRDGYTEAFF	TRBV19	TRBJ1-1
CATSRVRADTQYF	TRBV15	TRBJ2-3
CASRSSGQGAAMNTEAFF	TRBV6-6	TRBJ1-1
CASSLGAFENEQFF	TRBV11-2	TRBJ2-1
CASSDSGEGANVLTF	TRBV6-4	TRBJ2-6
CASSVDPSGGSGNTEAFF	TRBV9	TRBJ1-1
CAWNLGQVYTEAFF	TRBV30	TRBJ1-1
CASSLPGTGNEQFF	TRBV6-6	TRBJ2-1
CASSDRDYLIHEQFF	TRBV2	TRBJ2-1
CASSLVGVRYEQYF	TRBV7-9	TRBJ2-7
CASSWDGNTEAFF	TRBV6-6	TRBJ1-1
CASSQGGTGLGEQYF	TRBV4-1	TRBJ2-7
CAWSLAGGEQFF	TRBV30	TRBJ2-1
CASSLLGGDYEQYF	TRBV7-8	TRBJ2-7
CASRFAQGSGANVLTF	TRBV4-1	TRBJ2-6
CASSIVSGDSYNSPLHF	TRBV19	TRBJ1-6
CASSYSTSGSGRLNEQFF	TRBV6-6	TRBJ2-1
CASSLPHYSDTGSYEQYF	TRBV5-8	TRBJ2-7
CASSFGGPIYEQFF	TRBV11-2	TRBJ2-1
CASSPWDREPQHF	TRBV7-2	TRBJ1-5
CASSQGGSFPAFF	TRBV3-1	TRBJ1-1
CASSLPPRSGAAYNEQFF	TRBV18	TRBJ2-1
CATSDSTGPAGELFF	TRBV24-1	TRBJ2-2
CSARDLTGRIYEQYF	TRBV20-1	TRBJ2-7
CASSLSRSRGSYEQYF	TRBV19	TRBJ2-7
CASSSQLALNYGYTF	TRBV27	TRBJ1-2
CASSWGDSYNEQFF	TRBV27	TRBJ2-1
CASAPPQGLILEQYF	TRBV2	TRBJ2-7
CASSPIFRNSNQPQHF	TRBV27	TRBJ1-5
CSASGGAYEQYF	TRBV20-1	TRBJ2-7
CASSQDSGVVTFF	TRBV4-1	TRBJ1-1
CASSVGGAAGSPKEGYTF	TRBV9	TRBJ1-2
CSARDFTNTGELFF	TRBV20-1	TRBJ2-2
CASVTRDRGPNTEAFF	TRBV6-6	TRBJ1-1
CASSLRGVDEQFF	TRBV7-9	TRBJ2-1
CASSLHPREAQHF	TRBV5-4	TRBJ1-5
CASSLGRDSPLHF	TRBV4-1	TRBJ1-6
CASSASGGADTQYF	TRBV6-4	TRBJ2-3
CASSGGDRGTEAFF	TRBV2	TRBJ1-1
CASSVGGDYGYTF	TRBV9	TRBJ1-2
CASSEKGLADTGELFF	TRBV9	TRBJ2-2
CSVEGWGGFYEQYF	TRBV29-1	TRBJ2-7
CASSLAQGHNEQFF	TRBV18	TRBJ2-1
CAISKAVFFSYNEQFF	TRBV10-3	TRBJ2-1
CASSLAQASTDTQYF	TRBV7-9	TRBJ2-3
CASTAVGIGSNEQFF	TRBV12-4	TRBJ2-1
CSVSDKSYGYTF	TRBV29-1	TRBJ1-2
CSAPEQGDYSPLHF	TRBV20-1	TRBJ1-6
CSARTGLETEAFF	TRBV20-1	TRBJ1-1
CSLQGGRYNEQFF	TRBV29-1	TRBJ2-1
CSARDLQGGNQPQHF	TRBV20-1	TRBJ1-5
CASSYMMGQGGETQYF	TRBV6-5	TRBJ2-5
CASSYSETYEQYF	TRBV6-6	TRBJ2-7
CASRERGWVEQFF	TRBV5-6	TRBJ2-1
CASSQVIRTSTDTQYF	TRBV4-1	TRBJ2-3
CATSSSNYGYTF	TRBV15	TRBJ1-2
CSARVAKGYNEQFF	TRBV20-1	TRBJ2-1
CASSPEDRVGDNTEAFF	TRBV11-1	TRBJ1-1
CATSYEDNSGANVLTF	TRBV15	TRBJ2-6
CASSTSDRGNTEAFF	TRBV19	TRBJ1-1
CASSSPEIGRSTDTQYF	TRBV7-8	TRBJ2-3
CASSEAAGGGTDTQYF	TRBV6-1	TRBJ2-3
CASSRDTSTDTQYF	TRBV10-1	TRBJ2-3
CASSLNGNYGYTF	TRBV5-4	TRBJ1-2
CASSPTGDFGVGNTEAFF	TRBV13	TRBJ1-1
CASSQDRVSEAFF	TRBV4-1	TRBJ1-1
CASSVYRDGQSPLHF	TRBV5-4	TRBJ1-6
CASSHFPPPYEQYF	TRBV27	TRBJ2-7
CASSQTGVGYTF	TRBV9	TRBJ1-2
CASSFSGGTGELFF	TRBV12-3	TRBJ2-2
CASSPPTSGSSTDTQYF	TRBV6-3	TRBJ2-3
CSARQIGASEAGDTIYF	TRBV20-1	TRBJ1-3
CASGRGGGPDTQYF	TRBV28	TRBJ2-3
CASKSERGTYEQYF	TRBV6-1	TRBJ2-7
CASSVGGQYYGYTF	TRBV9	TRBJ1-2
CASTPGHYGYTF	TRBV19	TRBJ1-2
CASSQWLRGLTDTQYF	TRBV3-1	TRBJ2-3
CASGPSSGGTDTQYF	TRBV6-4	TRBJ2-3
CASSLTGDEQYF	TRBV7-9	TRBJ2-7
CASGRDSQPNYNSPLHF	TRBV19	TRBJ1-6
CASSDPTRGTEAFF	TRBV2	TRBJ1-1
CATRPPSTDTQYF	TRBV6-5	TRBJ2-3
CASSRAPNTEAFF	TRBV6-5	TRBJ1-1
CASSWRGAYNEQFF	TRBV5-6	TRBJ2-1
CASSVGADSSNQPQHF	TRBV9	TRBJ1-5
CASSQESGGAGEQYF	TRBV4-2	TRBJ2-7
CASRKGAPGINEQFF	TRBV27	TRBJ2-1
CSARFLEGYTF	TRBV20-1	TRBJ1-2
CASSLKGGRHEQYF	TRBV7-6	TRBJ2-7
CASSASGGSYEQYF	TRBV9	TRBJ2-7
CSVGGGVNTEAFF	TRBV29-1	TRBJ1-1
CASSPGLAVEQFF	TRBV7-3	TRBJ2-1
CASSFNLADSYEQYF	TRBV2	TRBJ2-7
CASSQTGGPLGGYTF	TRBV7-9	TRBJ1-2
CATELSPGTVGNTIYF	TRBV7-9	TRBJ1-3
CASSLGLAGTDTQYF	TRBV7-9	TRBJ2-3
CASSLVRPPTDTQYF	TRBV7-9	TRBJ2-3
CASSESQGGTDTQYF	TRBV6-1	TRBJ2-3
CASSLASNLGYGYTF	TRBV5-5	TRBJ1-2
CSARARRGELTDTQYF	TRBV20-1	TRBJ2-3
CASSLEGTGAYEQYF	TRBV7-8	TRBJ2-7
CSASPGTVSYNEQFF	TRBV20-1	TRBJ2-1
CASSLEAGSYNEQFF	TRBV11-3	TRBJ2-1
CASSGGLVNTEAFF	TRBV4-1	TRBJ1-1
CASSSQGGYEQYF	TRBV7-9	TRBJ2-7
CASSLAGLAAWDGELFF	TRBV7-2	TRBJ2-2
CSARETGYDGPYNEQFF	TRBV20-1	TRBJ2-1
CASSLGGVGSSYEQYF	TRBV13	TRBJ2-7
CASSPDPSGLTDTQYF	TRBV7-6	TRBJ2-3
CSVNKRGAGGMNTEAFF	TRBV29-1	TRBJ1-1
CASSFESGLGYGYTF	TRBV12-3	TRBJ1-2
CASSEFRGGASEAFF	TRBV6-1	TRBJ1-1
CASSLFSGGDSSYEQYF	TRBV5-1	TRBJ2-7
CASSAPDRGNTEAFF	TRBV7-9	TRBJ1-1
CASSLPWSNQPQHF	TRBV19	TRBJ1-5
CASSSRLAGAEDEQFF	TRBV7-9	TRBJ2-1
CASTPGGEKLFF	TRBV12-4	TRBJ1-4
CASSQGTDTQYF	TRBV4-1	TRBJ2-3
CATKSGGASYNEQFF	TRBV2	TRBJ2-1
CAWTWGTLNTEAFF	TRBV30	TRBJ1-1
CASSGGGVYGYTF	TRBV19	TRBJ1-2
CASSLWGPRTYEQYF	TRBV12-4	TRBJ2-7
CASSSGTAAYEQYF	TRBV11-2	TRBJ2-7
CASSLPRGGSYF	TRBV28	TRBJ2-4
CASSFDLADTGELFF	TRBV5-4	TRBJ2-2
CSAPQGAGNTIYF	TRBV20-1	TRBJ1-3
CATSGPEDTGELFF	TRBV24-1	TRBJ2-2
CASSLARTDKETQYF	TRBV5-6	TRBJ2-5
CASSVGTGDHQPQHF	TRBV3-1	TRBJ1-5
CASSTPRQGSNTGELFF	TRBV2	TRBJ2-2
CASTGTGGEHEQYF	TRBV27	TRBJ2-7
CASSSQGDTQYF	TRBV12-3	TRBJ2-3
CASSARDTSYEQYF	TRBV19	TRBJ2-7
CATYVGGNTEAFF	TRBV6-6	TRBJ1-1
CASSQVGAGHNSPLHF	TRBV4-1	TRBJ1-6
CASSPTGPEAFF	TRBV18	TRBJ1-1
CASSSTGGMDEQYF	TRBV6-5	TRBJ2-7
CAWSHPSPLHF	TRBV30	TRBJ1-6
CASTPGRAGSGVAFF	TRBV6-6	TRBJ1-1
CASSVQAQGENYGYTF	TRBV9	TRBJ1-2
CSARDLDSLTNGYTF	TRBV20-1	TRBJ1-2
CASSLFGPPYEQYF	TRBV27	TRBJ2-7
CATSPSGGTYNEQFF	TRBV15	TRBJ2-1
CASRQSGGSYNEQFF	TRBV2	TRBJ2-1
CASSSAGPYTRRTRQGGQFF	TRBV7-9	TRBJ2-1
CASSDSDPGPSTDTQYF	TRBV2	TRBJ2-3
CASMGTGFDGYTF	TRBV5-1	TRBJ1-2
CASSEDREDEQYF	TRBV10-2	TRBJ2-7
CASRGAGQPQHF	TRBV27	TRBJ1-5
CASSFIRAYQPQHF	TRBV28	TRBJ1-5
CASQARNTGELFF	TRBV4-1	TRBJ2-2
CASSNYAGAFDTQYF	TRBV6-4	TRBJ2-3
CASSPAAGPPWGFF	TRBV9	TRBJ1-1
CATQTPDSRRETQYF	TRBV6-6	TRBJ2-5
CASSYGLNFRDIQYF	TRBV7-2	TRBJ2-4
CASSVGGESQLHF	TRBV9	TRBJ1-6
CAIRTSGVETQYF	TRBV10-3	TRBJ2-5
CASSPPGGRWEQYF	TRBV9	TRBJ2-7
CASSPQGLETEAFF	TRBV7-6	TRBJ1-1
CSARDPGSMVMNTEAFF	TRBV20-1	TRBJ1-1
CASSPDSNGYTF	TRBV12-4	TRBJ1-2
CASSLGTQPQHF	TRBV7-9	TRBJ1-5
CASSSRTSGAYEQYF	TRBV19	TRBJ2-7
CASKSEKGAGGSPLHF	TRBV3-1	TRBJ1-6
CSAQPGLADTDTQYF	TRBV20-1	TRBJ2-3
CASSSLGTASPLHF	TRBV11-2	TRBJ1-6
CASSLGLTTGELFF	TRBV5-1	TRBJ2-2
CASSPRTGNTGELFF	TRBV7-9	TRBJ2-2
CASSLEAGRPTSGNTIYF	TRBV13	TRBJ1-3
CASNRGGTGELFF	TRBV7-6	TRBJ2-2
CASRVRGGTGANVLTF	TRBV13	TRBJ2-6
CASSLSSYEQYF	TRBV7-9	TRBJ2-7
CASSWGYEQYF	TRBV12-3	TRBJ2-7
CASSSGQGWEQPQHF	TRBV27	TRBJ1-5
CAISEPTFMDTEAFF	TRBV10-3	TRBJ1-1
CSAIAADSYEQYF	TRBV29-1	TRBJ2-7
CASSHPALGNYDQLSYNEQFF	TRBV4-2	TRBJ2-1
CASALGARGRAYEQYF	TRBV13	TRBJ2-7
CASSGGGYEQYF	TRBV4-2	TRBJ2-7
CASSLGGANTGELFF	TRBV11-2	TRBJ2-2
CASSLSSGTEAFF	TRBV27	TRBJ1-1
CASSLGFYNEQFF	TRBV9	TRBJ2-1
CSGLYQETQYF	TRBV29-1	TRBJ2-5
CSAQAGGEMLPGELFF	TRBV20-1	TRBJ2-2
CASSQADDRRYEQYF	TRBV4-1	TRBJ2-7
CASSLEGEGGTEYF	TRBV7-9	TRBJ2-7
CASSLGVTPNEQFF	TRBV7-6	TRBJ2-1
CASTLRESEAFF	TRBV6-5	TRBJ1-1
CASAPGLAGNEQFF	TRBV6-6	TRBJ2-1
CASSQDPGSGNTIYF	TRBV4-2	TRBJ1-3
CSAIRSGGPYEQYF	TRBV20-1	TRBJ2-7
CASSVLAGPYSGANVLTF	TRBV9	TRBJ2-6
CASTAAISGNTIYF	TRBV6-6	TRBJ1-3
CASSQDRGSNQPQHF	TRBV4-1	TRBJ1-5
CASSFGGPTYGYTF	TRBV11-2	TRBJ1-2
CASSLERGSYNEQFF	TRBV5-1	TRBJ2-1
CASSDGTGTYNEQFF	TRBV6-4	TRBJ2-1
CASSLMGGRTDTQYF	TRBV12-3	TRBJ2-3
CASSHVGERKTQYF	TRBV4-1	TRBJ2-5
CSAQGGNTIYF	TRBV20-1	TRBJ1-3
CASSARQGGSEQYF	TRBV9	TRBJ2-7
CASSRTTSGGSGANVLTF	TRBV3-1	TRBJ2-6
CASSRQNTGELFF	TRBV19	TRBJ2-2
CASSPGTAAYEQYF	TRBV11-2	TRBJ2-7
CASSRAGRSTDTQYF	TRBV11-2	TRBJ2-3
CATSRVRVDEQYF	TRBV15	TRBJ2-7
CASSLILYTDTQYF	TRBV7-9	TRBJ2-3
CASSEGPSRGNTIYF	TRBV10-2	TRBJ1-3
CASSLRAGRAYEQYF	TRBV27	TRBJ2-7
CASTAGTASTDTQYF	TRBV6-1	TRBJ2-3
CASSLSDSLYNEQFF	TRBV7-9	TRBJ2-1
CASGLTPPSRDRGTYEQYF	TRBV12-5	TRBJ2-7
CASSSGLAGLNEQFF	TRBV7-9	TRBJ2-1
CAISGWDRQETQYF	TRBV10-3	TRBJ2-5
CASSTTGVAEAFF	TRBV12-4	TRBJ1-1
CSARIWPYPAGGEETQYF	TRBV20-1	TRBJ2-5
CASSPPDRGGTEAFF	TRBV18	TRBJ1-1
CASALLSSYNSPLHF	TRBV12-5	TRBJ1-6
CASAPDSYEQYF	TRBV5-1	TRBJ2-7
CASSSGYRGKKLFF	TRBV6-5	TRBJ1-4
CASSRDRGVEQYF	TRBV16	TRBJ2-7
CASSAFSGAVETQYF	TRBV9	TRBJ2-5
CASSQGGIGWPPYF	TRBV3-1	TRBJ2-7
CASSQVSETQYF	TRBV14	TRBJ2-5
CASSQVPGDIQGYTF	TRBV14	TRBJ1-2
CAWRGGPYNSPLHF	TRBV30	TRBJ1-6
CASSRAGSGEDTQYF	TRBV27	TRBJ2-3
CSAETGVGQPQHF	TRBV20-1	TRBJ1-5
CASSLAAGRNNEQFF	TRBV7-9	TRBJ2-1
CASTPLGQGEETQYF	TRBV7-8	TRBJ2-5
CSARDSRGTRQETQYF	TRBV20-1	TRBJ2-5
CASSPRDGFNQPQHF	TRBV4-1	TRBJ1-5
CASSLYAPGTGVYNEQFF	TRBV7-6	TRBJ2-1
CASSVGGAGVSNEQFF	TRBV9	TRBJ2-1
CASCEYTGELFF	TRBV3-1	TRBJ2-2
CASSELDGDRDTQYF	TRBV6-1	TRBJ2-3
CASSQQGADGELFF	TRBV7-9	TRBJ2-2
CSARETLAAVYNEQFF	TRBV20-1	TRBJ2-1
CASSWDRDTEAFF	TRBV7-9	TRBJ1-1
CASSESGIGGYTF	TRBV10-2	TRBJ1-2
CASSSARGISNQPQHF	TRBV6-1	TRBJ1-5
CTSVPAVTQPSAVKETQYF	TRBV7-2	TRBJ2-5
CASRQGFDFSGANVLTF	TRBV5-1	TRBJ2-6
CASSYNTGLTRLGMNTEAFF	TRBV5-1	TRBJ1-1
CASSQGTGELFF	TRBV12-4	TRBJ2-2
CASSLASGVLPGQYF	TRBV5-1	TRBJ2-7
CASSVDGTMNTEAFF	TRBV9	TRBJ1-1
CASSSLLAGAYNEQFF	TRBV7-9	TRBJ2-1
CASSFFRSGGSLNYGYTF	TRBV9	TRBJ1-2
CASSLGLNTYEQYF	TRBV14	TRBJ2-7
CASSPPLGSAENQPQHF	TRBV12-4	TRBJ1-5
CAGEWDGSYGYTF	TRBV6-1	TRBJ1-2
CAINPGTGSGNTIYF	TRBV10-3	TRBJ1-3
CASSLVWGLSTDTQYF	TRBV7-9	TRBJ2-3
CASSDTGPANGYTF	TRBV6-3	TRBJ1-2
CSARQASQSEREKLFF	TRBV20-1	TRBJ1-4
CASSLGGYTDTQYF	TRBV5-4	TRBJ2-3
CSAKQPGGDLETQYF	TRBV20-1	TRBJ2-5
CASSIAHAGGLAKNIQYF	TRBV19	TRBJ2-4
CASSVAGGTDTQYF	TRBV6-4	TRBJ2-3
CASSQDSGTGANVLTF	TRBV4-1	TRBJ2-6
CASSPAEATNEKLFF	TRBV5-6	TRBJ1-4
CASSETGGVGSPLHF	TRBV2	TRBJ1-6
CASSQVTGVLYEQYF	TRBV4-1	TRBJ2-7
CSARPTSVSPASTDTQYF	TRBV20-1	TRBJ2-3
CASSLPGQGLETQYF	TRBV5-6	TRBJ2-5
CASSPLAGGLPDTQYF	TRBV9	TRBJ2-3
CSAPQGAHNEQYF	TRBV20-1	TRBJ2-7
CASSFPGSNEKLFF	TRBV28	TRBJ1-4
CASSWTGGYTF	TRBV11-2	TRBJ1-2
CASSQDLQGGNTIYF	TRBV3-1	TRBJ1-3
CASSLRPGRAYEQYF	TRBV27	TRBJ2-7
CASSLMGSATQYF	TRBV27	TRBJ2-5
CASSFYEQYF	TRBV27	TRBJ2-7
CSARSYGGGSSYEQYF	TRBV20-1	TRBJ2-7
CASSRLATTDTQYF	TRBV11-2	TRBJ2-3
CSVQGGRYNEQFF	TRBV29-1	TRBJ2-1
CASSSSGQTYGYTF	TRBV27	TRBJ1-2
CASSLGGGLGNEQFF	TRBV11-2	TRBJ2-1
CASSPWTGDYEQYF	TRBV5-5	TRBJ2-7
CASSFGLGGEQYF	TRBV5-4	TRBJ2-7
CASSLNPILVEDTQYF	TRBV4-1	TRBJ2-3
CASSPFSDEQFF	TRBV6-6	TRBJ2-1
CSVEGSEDYGYTF	TRBV29-1	TRBJ1-2
CASSVRQTYNEQFF	TRBV14	TRBJ2-1
CASSLAGGPSYNEQFF	TRBV11-2	TRBJ2-1
CASSYGTGSYEQYF	TRBV6-5	TRBJ2-7
CASSTRDRAPTGELFF	TRBV12-4	TRBJ2-2
CSVAAGEHYEQYF	TRBV29-1	TRBJ2-7
CASTGEGAPGNTIYF	TRBV9	TRBJ1-3
CASSQEEGTRELFF	TRBV4-2	TRBJ2-2
CSVEEGHYGYTF	TRBV29-1	TRBJ1-2
CASSWDRANGYTF	TRBV5-4	TRBJ1-2
CASSQPGVNIQYF	TRBV4-1	TRBJ2-4
CASSMGGQTYGYTF	TRBV27	TRBJ1-2
CASSAGAPEFNGYTF	TRBV27	TRBJ1-2
CAVRTNEKLFF	TRBV6-6	TRBJ1-4
CASSFQGNYEQYF	TRBV5-8	TRBJ2-7
CASSSPAEGGQPQHF	TRBV11-1	TRBJ1-5
CASSLAGKKDGYTF	TRBV7-8	TRBJ1-2
CASSPSVPAEYNSPLHF	TRBV18	TRBJ1-6
CASSFTGSSNYGYTF	TRBV7-8	TRBJ1-2
CASSQLGGQHEQYF	TRBV3-1	TRBJ2-7
CASSIMALGRSEAFF	TRBV19	TRBJ1-1
CSVGSDIYGYTF	TRBV29-1	TRBJ1-2
CASSDSGTSGGGADTQYF	TRBV6-4	TRBJ2-3
CSARDQWGTDTQYF	TRBV20-1	TRBJ2-3
CATSSDRDQPQHF	TRBV15	TRBJ1-5
CASSEPGTNSPLHF	TRBV6-6	TRBJ1-6
CASSRLGGGVSSYNEQFF	TRBV27	TRBJ2-1
CASSQDLEDNQPQHF	TRBV3-1	TRBJ1-5
CASGYPGQSNYGYTF	TRBV27	TRBJ1-2
CASSQDRLAGGYNEQFF	TRBV14	TRBJ2-1
CASSADRYYGYTF	TRBV27	TRBJ1-2
CSARMRGVYNEQFF	TRBV20-1	TRBJ2-1
CASSLWTGGVRDTEAFF	TRBV7-9	TRBJ1-1
CASSEEGGRGADTQYF	TRBV6-1	TRBJ2-3
CASSLGDTEAFF	TRBV11-2	TRBJ1-1
CASSIGGVGYTF	TRBV19	TRBJ1-2
CAWSWDRGYNEQFF	TRBV30	TRBJ2-1
CASSPPGTGEAQAFF	TRBV28	TRBJ1-1
CASSAGTTSGETQYF	TRBV5-1	TRBJ2-5
CARLLTLAPTGELFF	TRBV12-5	TRBJ2-2
CASSHTVSGISASGNTIYF	TRBV7-9	TRBJ1-3
CASSDDPGFGQPQHF	TRBV6-1	TRBJ1-5
CASSTSEGGLFYEQYF	TRBV7-9	TRBJ2-7
CASSGGASPYTQYF	TRBV27	TRBJ2-3
CASSDSAGGSDTQYF	TRBV6-4	TRBJ2-3
CSARQQGDTGELFF	TRBV20-1	TRBJ2-2
CASSFQGAGTGELFF	TRBV13	TRBJ2-2
CASEPYEQYF	TRBV6-1	TRBJ2-7
CATARDRSEQYF	TRBV7-9	TRBJ2-7
CASSQFGGGTTDTQYF	TRBV4-1	TRBJ2-3
CASTEGQGIFGYTF	TRBV7-9	TRBJ1-2
CASTSHRESAEAFF	TRBV19	TRBJ1-1
CASTGGGSGVYNEQFF	TRBV6-6	TRBJ2-1
CASSYSASGGIKNIQYF	TRBV6-5	TRBJ2-4
CASSLGTGAYEQYF	TRBV12-4	TRBJ2-7
CASSYPGGYYGYTF	TRBV5-8	TRBJ1-2
CASSLGTGELFF	TRBV12-4	TRBJ2-2
CASSLGRGSKKLFF	TRBV5-6	TRBJ1-4
CASSLRGSMNTEAFF	TRBV13	TRBJ1-1
CASSFFSNQPQHF	TRBV12-4	TRBJ1-5
CASSAGQGSIGTEAFF	TRBV10-1	TRBJ1-1
CASSLEVGESLHF	TRBV5-1	TRBJ1-6
CASSRDANYGYTF	TRBV11-2	TRBJ1-2
CASSYNGRSLQETQYF	TRBV5-4	TRBJ2-5
CASSIPVGDHTGELFF	TRBV6-6	TRBJ2-2
CSVWSGDSYNEQFF	TRBV20-1	TRBJ2-1
CASGLFVVGTYGYTF	TRBV12-5	TRBJ1-2
CASSLLGTQGGGDEQFF	TRBV27	TRBJ2-1
CASSITEGEDSVSTDTQYF	TRBV6-1	TRBJ2-3
CASTLSYEQYF	TRBV2	TRBJ2-7
CASTTHLVVGGPGANVLTF	TRBV27	TRBJ2-6
CASSGGTGGPLEQYF	TRBV18	TRBJ2-7
CAIPGRATGELFF	TRBV7-9	TRBJ2-2
CASSQGTGTQYF	TRBV12-4	TRBJ2-5
CSAFARDRVYEQFF	TRBV20-1	TRBJ2-1
CASRGLLSNEQYF	TRBV5-1	TRBJ2-7
CASSQVWRGTDTQYF	TRBV4-1	TRBJ2-3
CASSFAGDRGLGSYGYTF	TRBV11-2	TRBJ1-2
CASRDVYEQFF	TRBV2	TRBJ2-1
CASSPRLGLWEQYF	TRBV7-2	TRBJ2-7
CASSPSMGGELFF	TRBV7-9	TRBJ2-2
CASSSLGAREQFF	TRBV6-5	TRBJ2-1
CASSQDPRPDTQYF	TRBV4-1	TRBJ2-3
CASSSPYRIQETQYF	TRBV28	TRBJ2-5
CSARDRSLSGGYTF	TRBV20-1	TRBJ1-2
CASSYPQGTGTEAFF	TRBV6-6	TRBJ1-1
CASSAGQAGFSPLHF	TRBV7-9	TRBJ1-6
CATSRVESGTGELFF	TRBV15	TRBJ2-2
CASSSWTGGYEQYF	TRBV7-3	TRBJ2-7
CASSQDPGYSNQPQHF	TRBV4-1	TRBJ1-5
CASSQDRLAGGYEQYF	TRBV4-1	TRBJ2-7
CASSSGLAGAGTQYF	TRBV7-9	TRBJ2-3
CASSLTGDGPDTQYF	TRBV7-3	TRBJ2-3
CASRQGPNEQFF	TRBV27	TRBJ2-1
CSASGTTDTEAFF	TRBV20-1	TRBJ1-1
CASRRGWPGNEQYF	TRBV27	TRBJ2-7
CASSLELNSATNEKLFF	TRBV5-5	TRBJ1-4
CASSLETGYEQYF	TRBV11-2	TRBJ2-7
CATSDLGEGEQFF	TRBV24-1	TRBJ2-1
CASSYSSGGGETQYF	TRBV6-5	TRBJ2-5
CASSDHPVSPPGEQFF	TRBV6-4	TRBJ2-1
CASSLEGQGATTDTQYF	TRBV5-5	TRBJ2-3
CASSLEAGGPYEQYF	TRBV7-3	TRBJ2-7
CASSLAWGLNTEAFF	TRBV5-4	TRBJ1-1
CASSWGVNPEAFF	TRBV7-9	TRBJ1-1
CASSFFGWYQETQYF	TRBV5-1	TRBJ2-5
CASTPIESSTDTQYF	TRBV4-1	TRBJ2-3
CASSSGSRRPQHF	TRBV6-5	TRBJ1-5
CASRSGGKNTEAFF	TRBV27	TRBJ1-1
CAWGQNSYEQYF	TRBV30	TRBJ2-7
CASSVELEVYNEQFF	TRBV9	TRBJ2-1
CASSSGQGGTDTQYF	TRBV6-4	TRBJ2-3
CASSSYSYEQYF	TRBV5-6	TRBJ2-7
CASSQVPGQGWARTDTQYF	TRBV3-1	TRBJ2-3
CASSYRTRETQYF	TRBV6-5	TRBJ2-5
CASTPGVSNQETQYF	TRBV7-9	TRBJ2-5
CSARDMDHTGELFF	TRBV20-1	TRBJ2-2
CTSVPAVTRHRQETQYF	TRBV7-2	TRBJ2-5
CASSSPLRSGTNTGELFF	TRBV5-4	TRBJ2-2
CSARDLAGGREQYF	TRBV20-1	TRBJ2-7
CASSQVPGAAGEPTDTQYF	TRBV3-1	TRBJ2-3
CATSDPKGDQETQYF	TRBV24-1	TRBJ2-5
CASSLPDPGKPANTGELFF	TRBV7-9	TRBJ2-2
CASSYSGGSSYEQYF	TRBV5-4	TRBJ2-7
CASSVNPGQPNGDYGYTF	TRBV9	TRBJ1-2
CASGRLSYNEQFF	TRBV12-4	TRBJ2-1
CSVGTGTYEQYF	TRBV29-1	TRBJ2-7
CASRPLLAGGDEQFF	TRBV12-4	TRBJ2-1
CASSQGSQGLPMNTEAFF	TRBV3-1	TRBJ1-1
CASREGVGEQYF	TRBV5-4	TRBJ2-7
CASSGQTRNSRDEQFF	TRBV6-1	TRBJ2-1
CASSTSTGSEAFF	TRBV19	TRBJ1-1
CASTRGDSYEQYF	TRBV5-4	TRBJ2-7
CASSFGIDSPLHF	TRBV12-3	TRBJ1-6
CSARDFQGLAYNEQFF	TRBV20-1	TRBJ2-1
CSVEDPGSGGEQWQFF	TRBV29-1	TRBJ2-1
CASSYSGSGELFF	TRBV6-5	TRBJ2-2
CASSATSGVAGELFF	TRBV6-4	TRBJ2-2
CASSEKSGGPDTQYF	TRBV6-1	TRBJ2-3
CASSFSTSGLIDEQFF	TRBV6-5	TRBJ2-1
CASSHGLNTYNEQFF	TRBV5-1	TRBJ2-1
CARLPGQGVGDTQYF	TRBV19	TRBJ2-3
CASSGRGGGPAETQYF	TRBV11-1	TRBJ2-5
CASSYGVQGNTIYF	TRBV6-5	TRBJ1-3
CASSPEPGQGGYGYTF	TRBV5-4	TRBJ1-2
CASSVEGRMAAEAFF	TRBV9	TRBJ1-1
CASSFGTDALYQETQYF	TRBV5-1	TRBJ2-5
CASSLDKATEQYF	TRBV27	TRBJ2-7
CASSDSSGGYEQYF	TRBV6-1	TRBJ2-7
CASSSTLSGANVLTF	TRBV7-9	TRBJ2-6
CASSHPGQGIETQYF	TRBV14	TRBJ2-5
CASRYGGPSDEQYF	TRBV7-8	TRBJ2-7
CASTFGPEAFF	TRBV27	TRBJ1-1
CASSLEGQTNGELFF	TRBV5-1	TRBJ2-2
CASRKTEFSYNSPLHF	TRBV27	TRBJ1-6
CASSSTTATNEKLFF	TRBV9	TRBJ1-4
CASSQDRGYQPQHF	TRBV4-1	TRBJ1-5
CASSQGAYAIDEQFF	TRBV3-1	TRBJ2-1
CASSQGWDRRYEQYF	TRBV4-1	TRBJ2-7
CASSRGPNYEQYF	TRBV7-6	TRBJ2-7
CASRHSREQYF	TRBV5-1	TRBJ2-7
CASSLGTSYEQYF	TRBV12-4	TRBJ2-7
CASSTVGALYNEQFF	TRBV12-4	TRBJ2-1
CASSKKATTRTSYEQYF	TRBV19	TRBJ2-7
CASTPDWGGTYEQYF	TRBV5-5	TRBJ2-7
CASDRTPKSQDGYTF	TRBV5-4	TRBJ1-2
CATSRVRVAEAFF	TRBV15	TRBJ1-1
CASSFLAGTDTQYF	TRBV28	TRBJ2-3
CASSVSRNYEQYF	TRBV6-1	TRBJ2-7
CASRPGGDIYEQYF	TRBV14	TRBJ2-7
CASTTVTGPYGYTF	TRBV19	TRBJ1-2
CASKVAEHTEAFF	TRBV13	TRBJ1-1
CASSFGGYQPQHF	TRBV7-9	TRBJ1-5
CASSLTAYGYTF	TRBV5-4	TRBJ1-2
CASSRLALLTDTQYF	TRBV4-2	TRBJ2-3
CASSSPQGRELFF	TRBV12-3	TRBJ2-2
CASSQDWGTVYGYTF	TRBV3-1	TRBJ1-2
CASSFGTGEETQYF	TRBV7-9	TRBJ2-5
CASRPGVGNQPQHF	TRBV5-5	TRBJ1-5
CATSGTEGTDTQYF	TRBV24-1	TRBJ2-3
CATQDGPGLGELFF	TRBV6-1	TRBJ2-2
CSARAGTGLDEQYF	TRBV20-1	TRBJ2-7
CASSLVVPYEQYF	TRBV7-2	TRBJ2-7
CASSKGLAGLDEQFF	TRBV28	TRBJ2-1
CSARDRVNYNEQFF	TRBV20-1	TRBJ2-1
CASSLSGNRQETQYF	TRBV2	TRBJ2-5
CASSLAKGAGNTIYF	TRBV7-8	TRBJ1-3
CSVEDLAYGYTF	TRBV29-1	TRBJ1-2
CSASRGSVELFF	TRBV20-1	TRBJ2-2
CASSPTGAYEQYF	TRBV7-9	TRBJ2-7
CASSFGGARTGELFF	TRBV5-8	TRBJ2-2
CASTPSFGRNTGELFF	TRBV7-6	TRBJ2-2
CASSDSGGHYGYTF	TRBV7-9	TRBJ1-2
CASSPSGSPTDTQYF	TRBV9	TRBJ2-3
CASSRDSASTGELFF	TRBV10-1	TRBJ2-2
CASSQDHGGSSYGYTF	TRBV3-1	TRBJ1-2
CSVEGEFNYGYTF	TRBV29-1	TRBJ1-2
CSVEDGQTSGNTIYF	TRBV29-1	TRBJ1-3
CASSPIGGEALGETQYF	TRBV14	TRBJ2-5
CASSPPKGRGSYEQYF	TRBV16	TRBJ2-7
CASSLGLGGYTF	TRBV5-8	TRBJ1-2
CASSLSTGSWGYTF	TRBV11-1	TRBJ1-2
CASSLGQGTYEQYF	TRBV4-1	TRBJ2-7
CASRGQQETQYF	TRBV2	TRBJ2-5
CASSVIKNYGYTF	TRBV2	TRBJ1-2
CSVFDGDKNEQFF	TRBV29-1	TRBJ2-1
CASSEAPDGNQPQHF	TRBV6-1	TRBJ1-5
CASSEALDPTGSSPLHF	TRBV6-1	TRBJ1-6
CASSLAMARKAQYF	TRBV4-1	TRBJ2-5
CASSFLAPGDLLLYEQYF	TRBV2	TRBJ2-7
CASSLREDEQFF	TRBV27	TRBJ2-1
CASSSGQEVEKLFF	TRBV7-2	TRBJ1-4
CASSLNGMNTEAFF	TRBV5-8	TRBJ1-1
CASSLNGVYMEQYF	TRBV5-4	TRBJ2-7
CSAQGGPFHEQYF	TRBV29-1	TRBJ2-7
CASSRTTGQAETQYF	TRBV11-2	TRBJ2-5
CASSSDPGAGELFF	TRBV11-2	TRBJ2-2
CATRSQGSYFSGNTIYF	TRBV15	TRBJ1-3
CASSFDRAIGGTEAFF	TRBV6-5	TRBJ1-1
CASQGSNSPLHF	TRBV10-1	TRBJ1-6
CSVELLDYGYTF	TRBV29-1	TRBJ1-2
CASSGRGWETQYF	TRBV7-9	TRBJ2-5
CASSFGDHEAFF	TRBV5-1	TRBJ1-1
CASKSPGQGRSGANVLTF	TRBV6-5	TRBJ2-6
CASSPRTGVYGYTF	TRBV27	TRBJ1-2
CSAPGEGYGNTIYF	TRBV20-1	TRBJ1-3
CASSFTSGGANEQFF	TRBV6-5	TRBJ2-1
CSVENPTGDNNEQFF	TRBV29-1	TRBJ2-1
CASSVLVSDMNTEAFF	TRBV9	TRBJ1-1
CASTVGTGEAFF	TRBV12-3	TRBJ1-1
CAISESLTGNYEQYF	TRBV10-3	TRBJ2-7
CAISNVDTGVGADTQYF	TRBV10-3	TRBJ2-3
CASSLTQGWYNEQFF	TRBV7-9	TRBJ2-1
CASRSLQTFF	TRBV25-1	TRBJ2-1
CASSRRLAVYNEQFF	TRBV5-4	TRBJ2-1
CASSPGTVYGYTF	TRBV14	TRBJ1-2
CASSVDGEPYEQYF	TRBV9	TRBJ2-7
CASSPRGDDYGYTF	TRBV7-9	TRBJ1-2
CSVESKINYGYTF	TRBV29-1	TRBJ1-2
CASSLSGQGSGELFF	TRBV7-9	TRBJ2-2
CASSLGTILSYTF	TRBV14	TRBJ1-2
CASSLGQQGVNRDWYNEQFF	TRBV11-2	TRBJ2-1
CASSYSPTQGENTIYF	TRBV6-5	TRBJ1-3
CASSKGLTGNYEQYF	TRBV11-3	TRBJ2-7
CASESGGGAEKLFF	TRBV2	TRBJ1-4
CASSNKAGGASGYTF	TRBV9	TRBJ1-2
CASSLTSPGNTIYF	TRBV19	TRBJ1-3
CASSETHRGEQYF	TRBV5-4	TRBJ2-7
CSVGSGDHGEQFF	TRBV29-1	TRBJ2-1
CASGLAGGLNEQYF	TRBV12-5	TRBJ2-7
CASSPEFRAFEQFF	TRBV13	TRBJ2-1
CASSQDGWAGDQPQHF	TRBV4-1	TRBJ1-5
CATSRTSGLDTQYF	TRBV15	TRBJ2-3
CASLRDGELFF	TRBV6-6	TRBJ2-2
CASSPDDTTDTQYF	TRBV27	TRBJ2-3
CASSFSGQGLTNEKLFF	TRBV27	TRBJ1-4
CASSLLPGNQPQHF	TRBV19	TRBJ1-5
CSAPGQGSSEQYF	TRBV20-1	TRBJ2-7
CSAPGQGVAEQYF	TRBV20-1	TRBJ2-7
CASSYLGPRDEQFF	TRBV6-6	TRBJ2-1
CSARTGQINGYTF	TRBV20-1	TRBJ1-2
CSASVDSQYF	TRBV20-1	TRBJ2-5
CASSEEAGGYNEQFF	TRBV6-1	TRBJ2-1
CATSPGLRGPRDTQYF	TRBV15	TRBJ2-3
CAWSGGTTEAFF	TRBV30	TRBJ1-1
CASSGSTSQGGDTGELFF	TRBV9	TRBJ2-2
CASSGAGAMLGANVLTF	TRBV2	TRBJ2-6
CAISEPQLSYTDTQYF	TRBV10-3	TRBJ2-3
CSARVPSYNEQFF	TRBV20-1	TRBJ2-1
CASSELAGANEQFF	TRBV6-1	TRBJ2-1
CSVWTPRSQTYEQYF	TRBV29-1	TRBJ2-7
CSVGGGGDTGELFF	TRBV29-1	TRBJ2-2
CASSVNPNPIRDRDNEKLFF	TRBV9	TRBJ1-4
CSGLAGGPGEQYF	TRBV20-1	TRBJ2-7
CASSRSSGANVLTF	TRBV6-3	TRBJ2-6
CASIKGGKSNEQFF	TRBV5-5	TRBJ2-1
CASSQGLGRETQYF	TRBV13	TRBJ2-5
CASRSLPRDAAFF	TRBV5-1	TRBJ1-1
CAISGQAGRNTEAFF	TRBV10-3	TRBJ1-1
CASSVDGRSYTF	TRBV9	TRBJ1-2
CASSTLGLAGGSFF	TRBV7-9	TRBJ2-1
CASSISLATYNEQFF	TRBV19	TRBJ2-1
CASSPHAEGYTF	TRBV9	TRBJ1-2
CASSPRPGGYEQYF	TRBV7-9	TRBJ2-7
CASSLTSSADTQYF	TRBV6-4	TRBJ2-3
CASSLRDPGSNPYEQYF	TRBV27	TRBJ2-7
CASSEAPREQFF	TRBV6-1	TRBJ2-1
CSARDLDGSNYGYTF	TRBV20-1	TRBJ1-2
CASSVSSEWNTEAFF	TRBV6-1	TRBJ1-1
CASGQGYEQYF	TRBV12-4	TRBJ2-7
CASSQDLAGGPDTQYF	TRBV4-2	TRBJ2-3
CASSSVGGVTNEQFF	TRBV13	TRBJ2-1
CAWSIKQGEETQYF	TRBV30	TRBJ2-5
CASSFTGAEGTGELFF	TRBV12-4	TRBJ2-2
CASSYGTGEYEQYF	TRBV6-5	TRBJ2-7
CASRGDGNTEAFF	TRBV9	TRBJ1-1
CASSAPDSYEQYF	TRBV5-1	TRBJ2-7
CASSLESSYNEQFF	TRBV19	TRBJ2-1
CASPPTGALGGYTF	TRBV13	TRBJ1-2
CASKVVTESTDTQYF	TRBV4-1	TRBJ2-3
CASSLALILTETEAFF	TRBV12-4	TRBJ1-1
CASSFGTGIEQFF	TRBV7-6	TRBJ2-1
CASSLTVLYGYTF	TRBV19	TRBJ1-2
CASVWQGAYNEQFF	TRBV2	TRBJ2-1
CASSQGLYNEQFF	TRBV4-1	TRBJ2-1
CASSLGGPSYEQYF	TRBV11-2	TRBJ2-7
CASSYTPTAQETQYF	TRBV6-5	TRBJ2-5
CATSDSRTEANYGYTF	TRBV24-1	TRBJ1-2
CASSRMDGPAYEQYF	TRBV18	TRBJ2-7
CSSFDRVANTGELFF	TRBV29-1	TRBJ2-2
CASSQEGATGSGYTF	TRBV4-2	TRBJ1-2
CASSSTMGDTIYF	TRBV13	TRBJ1-3
CSVGGYSGGYEQYF	TRBV20-1	TRBJ2-7
CSARDLLAGDTDTQYF	TRBV20-1	TRBJ2-3
CASSVTNGGTEAFF	TRBV9	TRBJ1-1
CSATNYRDRAKNIQYF	TRBV20-1	TRBJ2-4
CASSLTVAGVYPGYEQYF	TRBV7-9	TRBJ2-7
CASSVQGLGNSPLHF	TRBV5-4	TRBJ1-6
CASSDRGGIGGSAFF	TRBV7-9	TRBJ1-1
CASSPNGGAPSYEQYF	TRBV6-1	TRBJ2-7
CATSPPGTGANTEAFF	TRBV15	TRBJ1-1
CASSVGVTDTQYF	TRBV6-4	TRBJ2-3
CASSPGLAGGDEQFF	TRBV7-9	TRBJ2-1
CASSSGQGRFDEQFF	TRBV5-4	TRBJ2-1
CASSIIQGHSYNSPLHF	TRBV19	TRBJ1-6
CASTDRTRLNEQYF	TRBV12-4	TRBJ2-7
CASSPGGAWNGYTF	TRBV2	TRBJ1-2
CASSQGQGDQETQYF	TRBV3-1	TRBJ2-5
CASSQDRGGGTDTQYF	TRBV4-2	TRBJ2-3
CASSLLGDTQYF	TRBV11-2	TRBJ2-3
CASSFLGLAYEQYF	TRBV5-6	TRBJ2-7
CASSLSSGTYEQYF	TRBV9	TRBJ2-7
CASSLAGGRGRSGANVLTF	TRBV5-4	TRBJ2-6
CAAWDRGSEQYF	TRBV27	TRBJ2-7
CASTLGQGAPGYTF	TRBV7-9	TRBJ1-2
CASSFFAGPNTGELFF	TRBV13	TRBJ2-2
CASSFTTGTGTGRETQYF	TRBV5-6	TRBJ2-5
CASSLDTQYF	TRBV7-9	TRBJ2-3
CASNPGDTQYF	TRBV2	TRBJ2-3
CASSYQAGGYNEQFF	TRBV6-3	TRBJ2-1
CASRALAGGVTDTQYF	TRBV4-2	TRBJ2-3
CASSVYSYQETQYF	TRBV9	TRBJ2-5
CASSLGARAQETQYF	TRBV5-1	TRBJ2-5
CASSPQSGKYNEQFF	TRBV4-2	TRBJ2-1
CASSELAGGTDTQYF	TRBV6-4	TRBJ2-3
CASKGVVYEQYF	TRBV6-1	TRBJ2-7
CASSQEGLAGFSQDTQYF	TRBV4-3	TRBJ2-3
CASSESGTGRSNEKLFF	TRBV10-2	TRBJ1-4
CASSQDGRGGYGYTF	TRBV4-1	TRBJ1-2
CASSRHRGQDPTDTQYF	TRBV14	TRBJ2-3
CASSLIPDQNTEAFF	TRBV19	TRBJ1-1
CASSPLRRLQPEAFF	TRBV5-1	TRBJ1-1
CASSPGQGIAGELFF	TRBV11-1	TRBJ2-2
CAVGLILEQFF	TRBV6-6	TRBJ2-1
CASSPNPGTNTGELFF	TRBV4-2	TRBJ2-2
CASSELAGGQETQYF	TRBV6-1	TRBJ2-5
CASSLEGHGNTEAFF	TRBV5-8	TRBJ1-1
CASRGLADYEQYF	TRBV27	TRBJ2-7
CSVIGTGGRENIQYF	TRBV29-1	TRBJ2-4
CASSPIGLSSYEQYF	TRBV3-1	TRBJ2-7
CASSFGGPNYGYTF	TRBV11-2	TRBJ1-2
CASSLAGYNEQFF	TRBV5-1	TRBJ2-1
CSARSEGRYTF	TRBV20-1	TRBJ1-2
CSVEDNGYGYTF	TRBV29-1	TRBJ1-2
CASSLATGWTGELFF	TRBV5-4	TRBJ2-2
CASNAFDYEQYF	TRBV5-1	TRBJ2-7
CARRESNIQYF	TRBV2	TRBJ2-4
CASTSGLAELYNEQFF	TRBV6-1	TRBJ2-1
CASSLRLGAGANTGELFF	TRBV7-8	TRBJ2-2
CASRSSGGAYNEQFF	TRBV2	TRBJ2-1
CASSIGAAQYF	TRBV19	TRBJ2-5
CASSPLQGANTGELFF	TRBV7-9	TRBJ2-2
CASTKAEYKTGELFF	TRBV19	TRBJ2-2
CASSESTGFGNTIYF	TRBV10-2	TRBJ1-3
CASSSGQGAGEKLFF	TRBV5-1	TRBJ1-4
CASSLGQSSGNTIYF	TRBV5-1	TRBJ1-3
CASSRPEPLNTEAFF	TRBV12-4	TRBJ1-1
CASSESSQMNTEAFF	TRBV10-2	TRBJ1-1
CASRQGAPLNEQFF	TRBV27	TRBJ2-1
CASSGDSTNSPLHF	TRBV6-4	TRBJ1-6
CASSTTRMDTQYF	TRBV27	TRBJ2-3
CASSEEAGEYNEQFF	TRBV6-1	TRBJ2-1
CSATSAGGSYNEQFF	TRBV20-1	TRBJ2-1
CASSYGRGSGETQYF	TRBV6-6	TRBJ2-5
CASSPLIGANVLTF	TRBV3-1	TRBJ2-6
CASSAGGGPDTQYF	TRBV9	TRBJ2-3
CASISDRGRGWTEAFF	TRBV6-5	TRBJ1-1
CSVQGGAYNEQFF	TRBV29-1	TRBJ2-1
CASSQELSRRNTEAFF	TRBV16	TRBJ1-1
CASSFNGQSNQPQHF	TRBV5-4	TRBJ1-5
CASSVGASGEILNNEQFF	TRBV9	TRBJ2-1
CAISEAGADRPQHF	TRBV10-3	TRBJ1-5
CASSPEGQGASAQYF	TRBV5-1	TRBJ2-5
CASSLARGPGTEAFF	TRBV5-4	TRBJ1-1
CATSRGLAGAYEQYF	TRBV15	TRBJ2-7
CATRREAGGPDTQYF	TRBV15	TRBJ2-3
CASSSSGGTQAGELFF	TRBV12-4	TRBJ2-2
CASSVSPLRTEVYEQYF	TRBV9	TRBJ2-7
CASSLLAGGPRDTQYF	TRBV6-5	TRBJ2-3
CASSLYGRTTDTQYF	TRBV11-2	TRBJ2-3
CSAPGQGTYEQYF	TRBV20-1	TRBJ2-7
CASSVVQENTGELFF	TRBV9	TRBJ2-2
CASSARDRVLYEQYF	TRBV6-1	TRBJ2-7
CASSEGKGRDSNQPQHF	TRBV9	TRBJ1-5
CASSLYSPLAYSWNEKLFF	TRBV27	TRBJ1-4
CASSSGQGGYGYTF	TRBV9	TRBJ1-2
CASSKTGIYGYTF	TRBV28	TRBJ1-2
CASSPGTPFYYEQYF	TRBV27	TRBJ2-7
CSADGGGGYTF	TRBV29-1	TRBJ1-2
CASSSELTGTVYGYTF	TRBV7-8	TRBJ1-2
CASSFGPAAGRSSYEQYF	TRBV7-6	TRBJ2-7
CASSSLGADEQYF	TRBV6-5	TRBJ2-7
CAISESRASGDNNEQFF	TRBV10-3	TRBJ2-1
CASSGGASGANVLTF	TRBV6-1	TRBJ2-6
CASSFREKYEQYF	TRBV7-9	TRBJ2-7
CASSSHGNQPQHF	TRBV12-4	TRBJ1-5
CARESRDNYGYTF	TRBV7-2	TRBJ1-2
CASSPTGYMNTEAFF	TRBV18	TRBJ1-1
CASSPLGKAQYF	TRBV6-3	TRBJ2-3
CASSPGLGYEKLFF	TRBV2	TRBJ1-4
CAINPLGSSSKKGTQYF	TRBV10-3	TRBJ2-3
CASSRGDTHTDTQYF	TRBV28	TRBJ2-3
CAISGDREGQYF	TRBV10-3	TRBJ2-7
CASSLGGSEAFF	TRBV11-2	TRBJ1-1
CASSRAGGGTGELFF	TRBV7-9	TRBJ2-2
CATSSRDRVGEQYF	TRBV15	TRBJ2-7
CATSDPKTGLNTGELFF	TRBV24-1	TRBJ2-2
CASSSQTSGGSYEQYF	TRBV7-9	TRBJ2-7
CSAPAGGLSEQFF	TRBV20-1	TRBJ2-1
CSAEAEAFF	TRBV20-1	TRBJ1-1
CASSPAGFEETQYF	TRBV18	TRBJ2-5
CASRLAGGQLNEQFF	TRBV2	TRBJ2-1
CASSFLAGVGYNEQFF	TRBV7-3	TRBJ2-1
CASAPDGFFYGYTF	TRBV12-5	TRBJ1-2
CATSYLTSGGYPQETQYF	TRBV15	TRBJ2-5
CASSYFSGGETQYF	TRBV5-1	TRBJ2-5
CASSLGYSGGRTEAFF	TRBV27	TRBJ1-1
CASSYRSSGSYEQYF	TRBV6-5	TRBJ2-7
CASSETRIYMDSQETQYF	TRBV6-1	TRBJ2-5
CASSFRDSYEQYF	TRBV7-9	TRBJ2-7
CATRAGQPYEQYF	TRBV24-1	TRBJ2-7
CASTGGGANGYTF	TRBV9	TRBJ1-2
CASSQAAGGPPDTQYF	TRBV4-1	TRBJ2-3
CATRRNRGNTYGYTF	TRBV15	TRBJ1-2
CASSVGGGGAYEQYF	TRBV9	TRBJ2-7
CASIFARGEAFF	TRBV10-2	TRBJ1-1
CASSWGQPTEAFF	TRBV27	TRBJ1-1
CSAPTSGAPETQYF	TRBV20-1	TRBJ2-5
CAISHPGQGGQPQHF	TRBV10-3	TRBJ1-5
CASSLPRTPGRNTEAFF	TRBV7-2	TRBJ1-1
CAWSRVGGTDTQYF	TRBV30	TRBJ2-3
CASSPDSTGELFF	TRBV5-4	TRBJ2-2
CASSLLSRTGELFF	TRBV27	TRBJ2-2
CASSQEGYTEAFF	TRBV14	TRBJ1-1
CASSEGSTYGYTF	TRBV10-2	TRBJ1-2
CASSLKSSLSYNEQFF	TRBV13	TRBJ2-1
CASSPPTGDYYGYTF	TRBV7-9	TRBJ1-2
CSARAIGTGPWDTEAFF	TRBV20-1	TRBJ1-1
CASSQDRLNTGELFF	TRBV4-1	TRBJ2-2
CASSKGQEGPNTEAFF	TRBV6-5	TRBJ1-1
CASSLELPHPDEQFF	TRBV5-1	TRBJ2-1
CASSFGVSGGTDTQYF	TRBV12-3	TRBJ2-3
CASSQGDTEDPEAFF	TRBV4-1	TRBJ1-1
CASSLQGGNEKLFF	TRBV5-8	TRBJ1-4
CASSLDLRQGRDTQYF	TRBV5-6	TRBJ2-3
CASSEDRGPYNEQFF	TRBV2	TRBJ2-1
CASSPNSNQPQHF	TRBV5-5	TRBJ1-5
CASSNRDRASYEQYF	TRBV6-5	TRBJ2-7
CASSVAGGTEQYF	TRBV9	TRBJ2-7
CSAREGFSTEAFF	TRBV20-1	TRBJ1-1
CASSLWAGTVNTEAFF	TRBV11-1	TRBJ1-1
CASSLEEGDAREAQYF	TRBV7-9	TRBJ2-5
CASSPGTGGFTDTQYF	TRBV6-5	TRBJ2-3
CASSLPANIYAYGYTF	TRBV6-3	TRBJ1-2
CATSDRDNHLGYGYTF	TRBV24-1	TRBJ1-2
CSARDLAGNEQFF	TRBV20-1	TRBJ2-1
CAVRRVPGTEAFF	TRBV27	TRBJ1-1
CSARNREAEQFF	TRBV20-1	TRBJ2-1
CSARALPVGNTIYF	TRBV20-1	TRBJ1-3
CSAIGGGREDTDTQYF	TRBV20-1	TRBJ2-3
CASSLGVLQPQHF	TRBV5-1	TRBJ1-5
CASSPGGQNYGYTF	TRBV27	TRBJ1-2
CASSQGETTGELFF	TRBV4-2	TRBJ2-2
CATQQGLGTGELFF	TRBV6-4	TRBJ2-2
CASSLATTDGGGKLFF	TRBV7-9	TRBJ1-4
CASSYSRTGGLNTEAFF	TRBV6-5	TRBJ1-1
CASSFNGQTNTEAFF	TRBV5-4	TRBJ1-1
CASSERIPNQPQHF	TRBV2	TRBJ1-5
CSARLAGLTYNEQFF	TRBV20-1	TRBJ2-1
CASSDSAGGQETQYF	TRBV6-4	TRBJ2-5
CASRNEWGNYGYTF	TRBV9	TRBJ1-2
CASSDSWGSSYEQYF	TRBV6-1	TRBJ2-7
CSARDFDLTGELFF	TRBV20-1	TRBJ2-2
CATSRVGADIQYF	TRBV15	TRBJ2-4
CASSPTSNEQFF	TRBV12-3	TRBJ2-1
CSAGNSGGYNEQFF	TRBV20-1	TRBJ2-1
CASSQPGLAKPGELFF	TRBV11-1	TRBJ2-2
CASSLGIAGGLGQTQYF	TRBV27	TRBJ2-5
CASSQGPLGVGSYEQYF	TRBV4-1	TRBJ2-7
CASSLNHLSSYNEQFF	TRBV6-5	TRBJ2-1
CASSQERGPYNEQFF	TRBV4-1	TRBJ2-1
CASSDSASGGTDTQYF	TRBV6-4	TRBJ2-3
CASSPTHRYNEQFF	TRBV5-1	TRBJ2-1
CASSFSAEQFF	TRBV12-4	TRBJ2-1
CASSPTVEYEQYF	TRBV6-6	TRBJ2-7
CASRPPAAAADKTQYF	TRBV7-9	TRBJ2-5
CASSPGGPGYGYTF	TRBV11-2	TRBJ1-2
CASSLAPRAPLGYTF	TRBV5-4	TRBJ1-2
CSVLSGDREINTEAFF	TRBV20-1	TRBJ1-1
CASSPGGGPDTQYF	TRBV9	TRBJ2-3
CASSQARDRRYEQYF	TRBV4-1	TRBJ2-7
CASSPLGGKNTGELFF	TRBV7-9	TRBJ2-2
CASSPRQGGSYNEQFF	TRBV5-5	TRBJ2-1
CASSYPGRGHNEQFF	TRBV6-5	TRBJ2-1
CAISSRDGRTDNEQFF	TRBV10-3	TRBJ2-1
CASSTMGLAGGLTDTQYF	TRBV2	TRBJ2-3
CASRIRTSVADTQYF	TRBV2	TRBJ2-3
CASSYTGGPNEQYF	TRBV6-6	TRBJ2-7
CASSYSMGPNQPQHF	TRBV6-5	TRBJ1-5
CASSARSGTNLYEQYF	TRBV11-2	TRBJ2-7
CASGDRGHSSPLHF	TRBV27	TRBJ1-6
CAYLSGANVLTF	TRBV6-6	TRBJ2-6
CASSSRQPNQETQYF	TRBV27	TRBJ2-5
CASSLVGGDEQYF	TRBV7-9	TRBJ2-7
CASSEATGSGNTIYF	TRBV6-1	TRBJ1-3
CASSPLEGTVREQYF	TRBV19	TRBJ2-7
CASSMGGLQPQHF	TRBV19	TRBJ1-5
CASRYRLGLCQPQHF	TRBV3-1	TRBJ1-5
CASIGTSPRYEQYF	TRBV7-9	TRBJ2-7
CASSPGQPETQYF	TRBV12-4	TRBJ2-5
CAISGGRAGEYAYEQYF	TRBV10-3	TRBJ2-7
CASSLTGPPYEQYF	TRBV6-1	TRBJ2-7
CSARDGGVYETQYF	TRBV20-1	TRBJ2-5
CASSLWTSGDYEQYF	TRBV3-1	TRBJ2-7
CASSGLAGGPDTQYF	TRBV6-1	TRBJ2-3
CASSLSGPGYGYTF	TRBV5-1	TRBJ1-2
CSAPGQGLSEGPTDTQYF	TRBV20-1	TRBJ2-3
CASSLKPRSGGASETQYF	TRBV7-3	TRBJ2-5
CASSYWGTNYGYTF	TRBV6-3	TRBJ1-2
CASSLTTADEKLFF	TRBV5-1	TRBJ1-4
CASSHYFGTEAFF	TRBV14	TRBJ1-1
CAWRIDRPYEAFF	TRBV30	TRBJ1-1
CASSQQGAPYGYTF	TRBV6-3	TRBJ1-2
CASSQELEVYNEQFF	TRBV3-1	TRBJ2-1
CSARLGQGDTGELFF	TRBV20-1	TRBJ2-2
CASSMLPRSGPSTDTQYF	TRBV9	TRBJ2-3
CASSLLDRPSTYEQYF	TRBV7-2	TRBJ2-7
CASSIYGFTGELFF	TRBV19	TRBJ2-2
CASSLTRRYTF	TRBV5-6	TRBJ1-2
CASRVDRGGDTQYF	TRBV27	TRBJ2-3
CASSPGGTGTYEQYF	TRBV9	TRBJ2-7
CASSLKGLPQEGDEQFF	TRBV7-2	TRBJ2-1
CSARLLGSNEQFF	TRBV20-1	TRBJ2-1
CASSLFPRVETQYF	TRBV27	TRBJ2-5
CASSLDTVAYGYTF	TRBV11-2	TRBJ1-2
CASSLRLAGGPFDTQYF	TRBV9	TRBJ2-3
CASSQEGASSYNEQFF	TRBV4-1	TRBJ2-1
CASSQGTGWDTEAFF	TRBV4-1	TRBJ1-1
CATSDPTGGPEKLFF	TRBV24-1	TRBJ1-4
CASSLGQAYGYTF	TRBV7-8	TRBJ1-2
CASSQGGGYEQYF	TRBV14	TRBJ2-7
CASSLEPSYEQYF	TRBV7-2	TRBJ2-7
CASSFRQGHTF	TRBV12-3	TRBJ1-2
CASNRLAGGPAKNIQYF	TRBV2	TRBJ2-4
CASSSRVDEQFF	TRBV7-2	TRBJ2-1
CSATVKSATEAFF	TRBV20-1	TRBJ1-1
CASSSTGGTEAFF	TRBV5-5	TRBJ1-1
CASSSNRAGYTF	TRBV6-3	TRBJ1-2
CASSSSFATEAFF	TRBV11-1	TRBJ1-1
CASQGVGSTGELFF	TRBV28	TRBJ2-2
CASSLSGNIQYF	TRBV5-1	TRBJ2-4
CSALGQGNRIHANTGELFF	TRBV20-1	TRBJ2-2
CASRRTGQSYNSPLHF	TRBV27	TRBJ1-6
CSVAAPGNTEAFF	TRBV29-1	TRBJ1-1
CASSILGMSTEAFF	TRBV19	TRBJ1-1
CASSLELGLAEAFF	TRBV11-3	TRBJ1-1
CASSPRASGGRWHEQFF	TRBV11-2	TRBJ2-1
CASSWGAGGTDTQYF	TRBV19	TRBJ2-3
CASSPPTGTDHRSPLHF	TRBV7-8	TRBJ1-6
CASSPEAGALFNEQFF	TRBV5-1	TRBJ2-1
CASSMTEQNIQYF	TRBV12-4	TRBJ2-4
CASSLGQQFEAFF	TRBV6-5	TRBJ1-1
CSARSRENPDNEQFF	TRBV20-1	TRBJ2-1
CASSLRGSDTQYF	TRBV5-4	TRBJ2-3
CASSRGQGWETQYF	TRBV7-7	TRBJ2-5
CASSSGDRVENIQYF	TRBV12-4	TRBJ2-4
CSASPRPDPYEQYF	TRBV20-1	TRBJ2-7
CASSGRTVAADTQYF	TRBV9	TRBJ2-3
CASSAMTGADTGELFF	TRBV9	TRBJ2-2
CASSSQWSSYEQYF	TRBV9	TRBJ2-7
CSATSNGERTDTQYF	TRBV20-1	TRBJ2-3
CASSLTESGANVLTF	TRBV7-9	TRBJ2-6
CASSLIQESEQYF	TRBV7-3	TRBJ2-7
CASSVVRGEAGNTIYF	TRBV5-5	TRBJ1-3
CASSHVENTEAFF	TRBV5-1	TRBJ1-1
CASSFYEAFF	TRBV12-3	TRBJ1-1
CASSRLPGPIQYF	TRBV6-5	TRBJ2-3
CASSESTSGGVTDTQYF	TRBV10-2	TRBJ2-3
CASSQGRDRHGYTF	TRBV3-1	TRBJ1-2
CSASILGLAGYNEQFF	TRBV20-1	TRBJ2-1
CATSDRPGGANVLTF	TRBV24-1	TRBJ2-6
CASSLGLAGPYNEQFF	TRBV7-9	TRBJ2-1
CASSLGHTGELFF	TRBV7-7	TRBJ2-2
CASSYGAGGYNEQFF	TRBV6-3	TRBJ2-1
CASSQRGNTEAFF	TRBV3-1	TRBJ1-1
CASSLFPDKTYQETQYF	TRBV7-6	TRBJ2-5
CASSTAGHNTEAFF	TRBV27	TRBJ1-1
CSVAQGLAKNIQYF	TRBV29-1	TRBJ2-4
CASTGLAGYNEQFF	TRBV6-3	TRBJ2-1
CASSLSTDTQYF	TRBV5-4	TRBJ2-3
CASSYSERGAAHETQYF	TRBV6-6	TRBJ2-5
CASSEGTGGILSYGYTF	TRBV2	TRBJ1-2
CASSLGQETQYF	TRBV5-1	TRBJ2-5
CASGAGGLNEQFF	TRBV19	TRBJ2-1
CASSLSLSNEKLFF	TRBV7-8	TRBJ1-4
CATSETGVENTGELFF	TRBV24-1	TRBJ2-2
CASSQGGGRGQETQYF	TRBV4-1	TRBJ2-5
CASSLASTPFWETQYF	TRBV7-6	TRBJ2-5
CSVDLEANYGYTF	TRBV29-1	TRBJ1-2
CASSFQDTQYF	TRBV7-2	TRBJ2-3
CASSEMWRSVEETQYF	TRBV2	TRBJ2-5
CASSLVAGYEQFF	TRBV5-1	TRBJ2-1
CASSTLGDGVRGYTF	TRBV6-3	TRBJ1-2
CASSDRDTDYNSPLHF	TRBV25-1	TRBJ1-6
CASRDPGTTDYNEQFF	TRBV6-1	TRBJ2-1
CASSQGYRLGTEAFF	TRBV4-3	TRBJ1-1
CASSLNRDTATNTGELFF	TRBV7-2	TRBJ2-2
CASSSEVGPGEQFF	TRBV7-7	TRBJ2-1
CASSLVFWADNEQYF	TRBV7-9	TRBJ2-7
CASSIYRTGDLNTEAFF	TRBV18	TRBJ1-1
CSARDLGGPTYNEQFF	TRBV20-1	TRBJ2-1
CASSPGASYNEQFF	TRBV7-6	TRBJ2-1
CASSSTGWGQPQHF	TRBV12-4	TRBJ1-5
CASSIHEQFF	TRBV7-9	TRBJ2-1
CASSQGTRAYEQYF	TRBV3-1	TRBJ2-7
CASSPRQGFSPLHF	TRBV6-5	TRBJ1-6
CASSLLGAVPEAFF	TRBV27	TRBJ1-1
CASSTGLAESTDTQYF	TRBV7-6	TRBJ2-3
CASSREWGTIYGYTF	TRBV4-1	TRBJ1-2
CASSLSERWETQYF	TRBV7-9	TRBJ2-5
CASSGIKETQYF	TRBV6-1	TRBJ2-5
CASSFGQANTEAFF	TRBV13	TRBJ1-1
CATSEGYTGELFF	TRBV24-1	TRBJ2-2
CASSFGTGKTGELFF	TRBV7-8	TRBJ2-2
CASSQDKVSWTGVSGGMNTEAFF	TRBV4-1	TRBJ1-1
CASSPATADGYTF	TRBV18	TRBJ1-2
CASSANSGGLYEQYF	TRBV9	TRBJ2-7
CASESRDRASAIYF	TRBV19	TRBJ1-3
CASSSGLASYEQYF	TRBV7-2	TRBJ2-7
CASSPFRLAGGQETQYF	TRBV3-1	TRBJ2-5
CASSSGQPPRSGNTIYF	TRBV13	TRBJ1-3
CASSDIRGGGTHLDTQYF	TRBV2	TRBJ2-3
CASSELRYNEQFF	TRBV6-1	TRBJ2-1
CATSRGRDLDNEQFF	TRBV15	TRBJ2-1
CASSLRTGEAGANVLTF	TRBV27	TRBJ2-6
CASSRGTESSYNSPLHF	TRBV4-1	TRBJ1-6
CASRDYNEQFF	TRBV12-3	TRBJ2-1
CASSYWSGPPGETQYF	TRBV6-5	TRBJ2-5
CASSELDSSTDTQYF	TRBV10-1	TRBJ2-3
CATSYLTGANTGELFF	TRBV15	TRBJ2-2
CASSMGTGLDEQYF	TRBV19	TRBJ2-7
CASSQLGAWETQYF	TRBV27	TRBJ2-5
CASSPRVGDLTQYF	TRBV4-1	TRBJ2-3
CASRGPVETQYF	TRBV11-2	TRBJ2-5
CASSQSQAWGRDGYTF	TRBV4-3	TRBJ1-2
CASTNPGTTLHF	TRBV19	TRBJ1-6
CATSDPDRITDTQYF	TRBV24-1	TRBJ2-3
CASSSQPLAGKDTQYF	TRBV5-5	TRBJ2-3
CASSQDPGGSGANVLTF	TRBV4-1	TRBJ2-6
CASSIDLEAFF	TRBV7-9	TRBJ1-1
CASSIGTANQPQHF	TRBV9	TRBJ1-5
CASSAGTGGTDTQYF	TRBV19	TRBJ2-3
CASSPPGGSGGHYEQFF	TRBV9	TRBJ2-1
CASSPIPTGSIGNQPQHF	TRBV4-1	TRBJ1-5
CAINPGQGTNEQFF	TRBV10-3	TRBJ2-1
CASSLGYGYTF	TRBV7-8	TRBJ1-2
CASSFSGEADTQYF	TRBV5-1	TRBJ2-3
CASSGGGVVDTQYF	TRBV5-6	TRBJ2-3
CASSTWDLNTEAFF	TRBV19	TRBJ1-1
CASSPGQGVSEQYF	TRBV5-6	TRBJ2-7
CSARDFSGSTDTQYF	TRBV20-1	TRBJ2-3
CASSQKQTPSNYGYTF	TRBV4-1	TRBJ1-2
CASSSTSGSLLLTDTQYF	TRBV27	TRBJ2-3
CASSLIGGANEQFF	TRBV11-2	TRBJ2-1
CSVPYTPGTEAFF	TRBV29-1	TRBJ1-1
CASSLPGRAYNEQFF	TRBV19	TRBJ2-1
CAWSVTGNTEAFF	TRBV30	TRBJ1-1
CASSLFTEAFF	TRBV11-2	TRBJ1-1
CASSLATGGYSPLHF	TRBV7-8	TRBJ1-6
CASRTGGAGYTF	TRBV6-1	TRBJ1-2
CASKGVLDEKLFF	TRBV9	TRBJ1-4
CASSLVGLKNQYF	TRBV12-4	TRBJ2-4
CASKVFGDGQETQYF	TRBV2	TRBJ2-5
CASSYGEAQETQYF	TRBV6-5	TRBJ2-5
CASSSGQNTDTQYF	TRBV5-6	TRBJ2-3
CASSSARDNEQFF	TRBV5-6	TRBJ2-1
CASSLGGYNEQFF	TRBV7-2	TRBJ2-1
CASSLPLAVTF	TRBV4-2	TRBJ1-2
CASSLVGRPSVYQETQYF	TRBV5-4	TRBJ2-5
CASSTGATEQFF	TRBV7-9	TRBJ2-1
CASSLGTESYEQYF	TRBV7-6	TRBJ2-7
CASSGNSGVPGNEQFF	TRBV7-2	TRBJ2-1
CASSDDRYEQYF	TRBV9	TRBJ2-7
CASSLGTSGGGDTQYF	TRBV5-1	TRBJ2-3
CASSRPERTNYGYTF	TRBV9	TRBJ1-2
CASSPWGSGGAGDTQYF	TRBV4-1	TRBJ2-3
CASTVGAGGLETQYF	TRBV28	TRBJ2-5
CASSQSANLPGTLSNEQFF	TRBV4-3	TRBJ2-1
CASSLAGSDEKLFF	TRBV27	TRBJ1-4
CASSSGTLGDYGYTF	TRBV7-9	TRBJ1-2
CASSYEGQYNSPLHF	TRBV6-6	TRBJ1-6
CASSAGTGFFSGELFF	TRBV9	TRBJ2-2
CASSLGRGNQPQHF	TRBV5-5	TRBJ1-5
CSAWDRLNTEAFF	TRBV20-1	TRBJ1-1
CASSDLGVYEQYF	TRBV10-2	TRBJ2-7
CASSLARTTWPGELFF	TRBV7-6	TRBJ2-2
CASSLVTLTNTEAFF	TRBV7-2	TRBJ1-1
CASSLGQDGYTF	TRBV7-8	TRBJ1-2
CASSVGGQGSTDTQYF	TRBV9	TRBJ2-3
CAIGLAGANEQFF	TRBV6-5	TRBJ2-1
CSARDLWGGPGNEQFF	TRBV20-1	TRBJ2-1
CASNAGVQNEQFF	TRBV19	TRBJ2-1
CASSDSYSGNTIYF	TRBV19	TRBJ1-3
CASFFPYEQYF	TRBV6-6	TRBJ2-7
CASSQVLGGDTGELFF	TRBV4-1	TRBJ2-2
CASRGGLQETQYF	TRBV7-2	TRBJ2-5
CASSVGTDLYQETQYF	TRBV9	TRBJ2-5
CASSPALWVSNQPQHF	TRBV12-4	TRBJ1-5
CASSFGEGLDTQYF	TRBV27	TRBJ2-3
CASSLSEDNYGYTF	TRBV7-9	TRBJ1-2
CASSGRGTSGRNEQFF	TRBV7-9	TRBJ2-1
CASSRGQGSTDTQYF	TRBV10-1	TRBJ2-3
CASSVVGGATDTQYF	TRBV9	TRBJ2-3
CASRRTGGSYNEQFF	TRBV19	TRBJ2-1
CASSEVFGANTEAFF	TRBV6-1	TRBJ1-1
CASTSGVNTGELFF	TRBV27	TRBJ2-2
CASSLSGTWGEGYTF	TRBV27	TRBJ1-2
CASSSGLAGENEQFF	TRBV7-9	TRBJ2-1
CASSLGGGEQPQHF	TRBV7-9	TRBJ1-5
CASSSSGQFEAFF	TRBV27	TRBJ1-1
CASSFTGLGNEQFF	TRBV5-4	TRBJ2-1
CASSPPTEETQYF	TRBV3-1	TRBJ2-5
CASSSGAGGTDTQYF	TRBV19	TRBJ2-3
CASSLPVTYTGELFF	TRBV7-6	TRBJ2-2
CSALEYLGQSTDTQYF	TRBV20-1	TRBJ2-3
CASSYGTGWGTEAFF	TRBV7-3	TRBJ1-1
CASSYSAGEDYEQYF	TRBV6-5	TRBJ2-7
CASSETSGPSYEQYF	TRBV11-3	TRBJ2-7
CASSTGGFNQPQHF	TRBV19	TRBJ1-5
CASSPQGAYLDTQYF	TRBV14	TRBJ2-3
CASSRGSYNSPLHF	TRBV6-3	TRBJ1-6
CASSTGTSGGELFF	TRBV19	TRBJ2-2
CASSSTSEFPQYF	TRBV10-2	TRBJ2-5
CASSYLETGGLDNEQFF	TRBV13	TRBJ2-1
CASSITGETGSGNTEAFF	TRBV5-1	TRBJ1-1
CASSARTGVGYGYTF	TRBV19	TRBJ1-2
CASSISTGGNTEAFF	TRBV19	TRBJ1-1
CASSQTGTSGGVAKNIQYF	TRBV7-2	TRBJ2-4
CSAPLGDHYGYTF	TRBV20-1	TRBJ1-2
CASTPGTSGAGGEQYF	TRBV2	TRBJ2-7
CASRPGQTNQPQHF	TRBV2	TRBJ1-5
CASSSGLEGETQYF	TRBV6-3	TRBJ2-5
CASSQGQGIHEQYF	TRBV14	TRBJ2-7
CASIPAGGPGDTQYF	TRBV6-3	TRBJ2-3
CASSVETSGTSTDTQYF	TRBV9	TRBJ2-3
CASSYGRQETQYF	TRBV6-5	TRBJ2-5
CASSLYAGASEKLFF	TRBV27	TRBJ1-4
CAWSPGQGPDGYTF	TRBV30	TRBJ1-2
CSARDSNWLGYTF	TRBV20-1	TRBJ1-2
CASSQDVGGNSYNEQFF	TRBV3-1	TRBJ2-1
CASSQKRTGVNEKLFF	TRBV4-3	TRBJ1-4
CASSQGGLGVSRLGSPLHF	TRBV4-2	TRBJ1-6
CATSNPDPLQGYRGEKLFF	TRBV15	TRBJ1-4
CASSTGITPHEQYF	TRBV6-6	TRBJ2-7
CASSLPRDRVRETQYF	TRBV5-1	TRBJ2-5
CSADPVDSTLEEETQYF	TRBV20-1	TRBJ2-5
CASSPMDTQYF	TRBV12-4	TRBJ2-3
CASSLALNQPQHF	TRBV13	TRBJ1-5
CASSLRGGRNPYEQYF	TRBV27	TRBJ2-7
CASSLGTYSNQPQHF	TRBV27	TRBJ1-5
CSVDLANGYTF	TRBV29-1	TRBJ1-2
CSVESGQGGQPQHF	TRBV29-1	TRBJ1-5
CASSLDSTPRETQYF	TRBV27	TRBJ2-5
CASSLESTSGSPDTQYF	TRBV7-6	TRBJ2-3
CASSLRDKPANTGELFF	TRBV6-3	TRBJ2-2
CASSLGGYRAEAFF	TRBV5-1	TRBJ1-1
CASSSSGTGGTEAFF	TRBV7-9	TRBJ1-1
CASSQAAGGNTEAFF	TRBV4-1	TRBJ1-1
CASSFVNTGELFF	TRBV12-4	TRBJ2-2
CASSLVGTTGYTF	TRBV11-2	TRBJ1-2
CASSGGDRPTTDTQYF	TRBV7-9	TRBJ2-3
CASSAVAGGPTDTQYF	TRBV9	TRBJ2-3
CASSYPGERNEKLFF	TRBV5-4	TRBJ1-4
CSARDLGTGQTETQYF	TRBV20-1	TRBJ2-5
CASSILQQGEAFF	TRBV19	TRBJ1-1
CSARDRDTEAFF	TRBV20-1	TRBJ1-1
CASSPPNSPFELFF	TRBV5-1	TRBJ2-2
CASSFDAWAGLAKNIQYF	TRBV27	TRBJ2-4
CASSLTDNQPQHF	TRBV7-9	TRBJ1-5
CASSPGGGVYGYTF	TRBV27	TRBJ1-2
CAISALAGGTDTQYF	TRBV10-3	TRBJ2-3
CASSGTDFNTGELFF	TRBV5-1	TRBJ2-2
CASSQSQGDGETQYF	TRBV3-1	TRBJ2-5
CASSPPFGGRVLTDTQYF	TRBV19	TRBJ2-3
CASRQNSGSSYNEQFF	TRBV7-9	TRBJ2-1
CASTPRDASSGANVLTF	TRBV19	TRBJ2-6
CAISDLTGGRTEAFF	TRBV10-3	TRBJ1-1
CATSDSRLTSGRTDTQYF	TRBV24-1	TRBJ2-3
CASSLGDAEKLFF	TRBV7-9	TRBJ1-4
CASSHPAGGEETQYF	TRBV4-1	TRBJ2-5
CASSQDPVRSNEKLFF	TRBV4-3	TRBJ1-4
CASTSDDTQYF	TRBV7-9	TRBJ2-3
CSASDVAGLYTDTQYF	TRBV20-1	TRBJ2-3
CASSDRMNTEAFF	TRBV2	TRBJ1-1
CASSLSSGGAWETQYF	TRBV11-2	TRBJ2-5
CASSLAPGLAGTGELFF	TRBV11-3	TRBJ2-2
CASSYRRAGAISSGNTIYF	TRBV7-6	TRBJ1-3
CAWSRGTGETQYF	TRBV30	TRBJ2-5
CASSWGLAGGVQETQYF	TRBV28	TRBJ2-5
CAISDQGTTYGYTF	TRBV10-3	TRBJ1-2
CASSSPRGGGAGGTDTQYF	TRBV13	TRBJ2-3
CASNPTSGGSWNEQFF	TRBV19	TRBJ2-1
CASSPGERLTALSGNTIYF	TRBV5-1	TRBJ1-3
CASSLAESSYNEQFF	TRBV5-1	TRBJ2-1
CASSIPQKAFF	TRBV19	TRBJ1-1
CASSLNPVNTEAFF	TRBV7-3	TRBJ1-1
CATSKGTGSLGGYTF	TRBV15	TRBJ1-2
CATTGGSNTDTQYF	TRBV15	TRBJ2-3
CASSISAGGAYEQYF	TRBV19	TRBJ2-7
CASSPTYYGYTF	TRBV6-5	TRBJ1-2
CASSSTEETQYF	TRBV7-9	TRBJ2-5
CASSLPGYNEQFF	TRBV7-2	TRBJ2-1
CASSPPGQMNTEAFF	TRBV11-3	TRBJ1-1
CASSFWDTINEQFF	TRBV27	TRBJ2-1
CASRGSNNEQFF	TRBV6-3	TRBJ2-1
CASSLAPGQGPETQYF	TRBV27	TRBJ2-5
CASEVNTEAFF	TRBV6-6	TRBJ1-1
CASSYFVDLTGELFF	TRBV6-3	TRBJ2-2
CSTRDRSYGYTF	TRBV29-1	TRBJ1-2
CASSSAGISYNEQFF	TRBV7-9	TRBJ2-1
CASYPVPGLKTQYF	TRBV7-8	TRBJ2-5
CSARRELDSGANVLTF	TRBV20-1	TRBJ2-6
CASSDRNAGTQYF	TRBV9	TRBJ2-5
CASSIAVGMPIGYTF	TRBV19	TRBJ1-2
CASSQEGRETEAFF	TRBV3-1	TRBJ1-1
CASSVGIGAGYEQYF	TRBV9	TRBJ2-7
CASSQSTGAYGYTF	TRBV14	TRBJ1-2
CASSQEGGFTDTQYF	TRBV4-3	TRBJ2-3
CASSIDRGGNTEAFF	TRBV19	TRBJ1-1
CASSDRTYGYTF	TRBV2	TRBJ1-2
CASSEMTDTQYF	TRBV12-4	TRBJ2-3
CASRPTSGHTDTQYF	TRBV6-4	TRBJ2-3
CASNPGGGFTEAFF	TRBV19	TRBJ1-1
CASSPRTSGAYNEQFF	TRBV3-1	TRBJ2-1
CSARARGLNTGELFF	TRBV20-1	TRBJ2-2
CASSLAEYQETQYF	TRBV7-9	TRBJ2-5
CASSGTGLDNTGELFF	TRBV9	TRBJ2-2
CASSPRPKTEAFF	TRBV11-3	TRBJ1-1
CASSYHMRNYEQYF	TRBV6-3	TRBJ2-7
CASSQPPRGEQYF	TRBV4-1	TRBJ2-7
CASSPGQGHNEQFF	TRBV4-3	TRBJ2-1
CASSMSRAGNTIYF	TRBV19	TRBJ1-3
CASSPDSDRGNIQYF	TRBV4-1	TRBJ2-4
CASSLVHVAGANVLTF	TRBV12-4	TRBJ2-6
CASSQDPAGEVSGELFF	TRBV4-2	TRBJ2-2
CASSQDHRMGGHEKLFF	TRBV4-3	TRBJ1-4
CAIKDRGGLSYEQYF	TRBV10-3	TRBJ2-7
CSAGTPDQNIQYF	TRBV20-1	TRBJ2-4
CASSLGYEANPARGYGYTF	TRBV5-1	TRBJ1-2
CASLDSSSRYNSPLHF	TRBV19	TRBJ1-6
CASSYTWLGDQPQHF	TRBV6-5	TRBJ1-5
CASSLVGGFSGNTIYF	TRBV5-6	TRBJ1-3
CASSSWDSTYEQYF	TRBV19	TRBJ2-7
CASSLAPGEAYNEQFF	TRBV5-6	TRBJ2-1
CASSYQGGAYNSPLHF	TRBV27	TRBJ1-6
CAVMEGSNEAFF	TRBV18	TRBJ1-1
CSARDIGVEQFF	TRBV20-1	TRBJ2-1
CASRALGQRNEKLFF	TRBV19	TRBJ1-4
CASSPYSTGSGELFF	TRBV4-1	TRBJ2-2
CASSWVMETQYF	TRBV12-4	TRBJ2-5
CASSPLDSYDGYTF	TRBV27	TRBJ1-2
CASSADGEQYF	TRBV9	TRBJ2-7
CASSLGDRHEETQYF	TRBV5-5	TRBJ2-5
CASSEGGRRYNEQFF	TRBV2	TRBJ2-1
CASSVLPGSEKLFF	TRBV27	TRBJ1-4
CAILTNTGELFF	TRBV6-3	TRBJ2-2
CASSLTGQYTEAFF	TRBV12-4	TRBJ1-1
CASSPNLVGLNTEAFF	TRBV18	TRBJ1-1
CASSDIMGNTEAFF	TRBV6-1	TRBJ1-1
CASSLVELNTEAFF	TRBV6-5	TRBJ1-1
CATSDSGSNSPLHF	TRBV24-1	TRBJ1-6
CASKDGISYEQYF	TRBV7-9	TRBJ2-7
CASSVTSSSYEQYF	TRBV9	TRBJ2-7
CASSFPGLISYNEQFF	TRBV12-4	TRBJ2-1
CASSLAWQPDGYTF	TRBV7-8	TRBJ1-2
CASRLSGSAYEQYF	TRBV7-8	TRBJ2-7
CASSPWGYTEAFF	TRBV19	TRBJ1-1
CASSQGVSPRGGNTIYF	TRBV4-2	TRBJ1-3
CASSVDGIAREGTGELFF	TRBV7-8	TRBJ2-2
CASSGVSTYNEQFF	TRBV9	TRBJ2-1
CASSPPGTDTQYF	TRBV18	TRBJ2-3
CASSYGASDNEQFF	TRBV19	TRBJ2-1
CATSDEGQITGELFF	TRBV24-1	TRBJ2-2
CASSANLTSGRFGTDTQYF	TRBV9	TRBJ2-3
CASSLFGGRDTGELFF	TRBV5-6	TRBJ2-2
CASSDLIQGVFFEQFF	TRBV19	TRBJ2-1
CASSLSTGVGPDTQYF	TRBV11-2	TRBJ2-3
CSARNRGWTEAFF	TRBV20-1	TRBJ1-1
CSVAGTGNTEAFF	TRBV29-1	TRBJ1-1
CASGRTDNSNQPQHF	TRBV12-5	TRBJ1-5
CASSRPGQENTEAFF	TRBV4-1	TRBJ1-1
CASSDLGTGHTEAFF	TRBV6-1	TRBJ1-1
CASSLSGTLLYGYTF	TRBV6-3	TRBJ1-2
CASSEGGGSSPLHF	TRBV14	TRBJ1-6
CASSYSGAEETQYF	TRBV6-3	TRBJ2-5
CASSILQGDYGYTF	TRBV7-9	TRBJ1-2
CASSFLNTGELFF	TRBV12-4	TRBJ2-2
CASTGTGNEKLFF	TRBV5-1	TRBJ1-4
CASSSLQQPQHF	TRBV5-6	TRBJ1-5
CASKFHGSHYGYTF	TRBV6-1	TRBJ1-2
CASSLKGGPTETQYF	TRBV5-6	TRBJ2-5
CATKRGGNNEQFF	TRBV24-1	TRBJ2-1
CSVEFWGRYGYTF	TRBV29-1	TRBJ1-2
CASSHGTGGNTEAFF	TRBV4-1	TRBJ1-1
CASSLERLEAFF	TRBV7-9	TRBJ1-1
CASQTGLTEAFF	TRBV25-1	TRBJ1-1
CASTEDRTGIVNTEAFF	TRBV28	TRBJ1-1
CASSGHPGQGKPQHF	TRBV25-1	TRBJ1-5
CASSQHGLAGDNEQFF	TRBV4-3	TRBJ2-1
CASSLHRGYLNEQFF	TRBV7-8	TRBJ2-1
CASSLVVTGLEQFF	TRBV5-5	TRBJ2-1
CASSIFETEAFF	TRBV19	TRBJ1-1
CASSLDSGVHTEAFF	TRBV5-1	TRBJ1-1
CASSFHRDSFNQPQHF	TRBV7-9	TRBJ1-5
CASSPGNLPEAFF	TRBV5-4	TRBJ1-1
CASSEPQTSGNTGELFF	TRBV6-1	TRBJ2-2
CASSQIHRDHYGYTF	TRBV16	TRBJ1-2
CASNGRGIQETQYF	TRBV6-3	TRBJ2-5
CASSLGSYSNQPQHF	TRBV5-1	TRBJ1-5
CASSQENSLIYEQYF	TRBV4-1	TRBJ2-7
CASSMGLISTGDGYTF	TRBV19	TRBJ1-2
CASTATGFYEQYF	TRBV12-4	TRBJ2-7
CASSRTENTEAFF	TRBV5-4	TRBJ1-1
CASSSAGGTPYNEQFF	TRBV18	TRBJ2-1
CASSLVAGSYGYTF	TRBV27	TRBJ1-2
CASSPPDRADEQFF	TRBV18	TRBJ2-1
CASSEMDGRTDTQYF	TRBV6-1	TRBJ2-3
CASSSMLTEKLFF	TRBV11-2	TRBJ1-4
CASSRRDRGFTEAFF	TRBV14	TRBJ1-1
CSVEGNTEAFF	TRBV29-1	TRBJ1-1
CASILDSLSNEQFF	TRBV6-3	TRBJ2-1
CASSQVTGLSDGELFF	TRBV4-3	TRBJ2-2
CASSQDAGVGEKLFF	TRBV4-1	TRBJ1-4
CASSDISSGELFF	TRBV6-4	TRBJ2-2
CASSLAGRGGRNTEAFF	TRBV12-4	TRBJ1-1
CASSLGGAGRLLPYNEQFF	TRBV7-2	TRBJ2-1
CASSPAGGYSYGYTF	TRBV7-9	TRBJ1-2
CASSVAWRGEDTQYF	TRBV9	TRBJ2-5
CASSQAPLGNTEAFF	TRBV4-1	TRBJ1-1
CASSLGSRPSGGYEQYF	TRBV7-9	TRBJ2-7
CASSYKWGQPQHF	TRBV6-5	TRBJ1-5
CASSGRDRVWNNYGYTF	TRBV25-1	TRBJ1-2
CASRQTTSTDTQYF	TRBV6-6	TRBJ2-3
CASSVESIQETQYF	TRBV9	TRBJ2-5
CASSPRGTDTQYF	TRBV5-4	TRBJ2-3
CASSPGQGSAPETQYF	TRBV4-1	TRBJ2-5
CASSDGTGNTEAFF	TRBV5-1	TRBJ1-1
CASSLAPGTAGGYTF	TRBV7-6	TRBJ1-2
CATSGAAYSGANVLTF	TRBV24-1	TRBJ2-6
CASSPYMTSGSVSEQFF	TRBV6-5	TRBJ2-1
CASSLAANYGYTF	TRBV27	TRBJ1-2
CASSSPPGTGGGNTEAFF	TRBV7-8	TRBJ1-1
CASSQSRGLSNQPQHF	TRBV4-2	TRBJ1-5
CASSYRNTEAFF	TRBV19	TRBJ1-1
CATSAGLSSPLHF	TRBV24-1	TRBJ1-6
CASSQRQGLGNTEAFF	TRBV4-1	TRBJ1-1
CASSPTLAGTYEQYF	TRBV27	TRBJ2-7
CASSTGLTHNEQFF	TRBV6-5	TRBJ2-1
CASTVYHGELFF	TRBV5-6	TRBJ2-2
CASSLREQYF	TRBV12-4	TRBJ2-7
CASSADLYNEQFF	TRBV9	TRBJ2-1
CASSFVTGGTDTQYF	TRBV7-9	TRBJ2-3
CASSPGRSYEQYF	TRBV5-1	TRBJ2-7
CASSSLDSNGDTQYF	TRBV5-8	TRBJ2-3
CASSPGLVLSDTQYF	TRBV27	TRBJ2-3
CASSVSGSNQPQHF	TRBV9	TRBJ1-5
CASSLRTGEIDLGKFF	TRBV28	TRBJ2-1
CASLSTWDGYTF	TRBV6-5	TRBJ1-2
CASSSLQSGSYEQYF	TRBV11-1	TRBJ2-7
CASTLFGEQFF	TRBV12-3	TRBJ2-1
CASSFGVLELFF	TRBV28	TRBJ2-2
CASSLAPWSGDTEAFF	TRBV5-5	TRBJ1-1
CASSGDIQYF	TRBV11-3	TRBJ2-4
CASSPPRQGANTEAFF	TRBV4-1	TRBJ1-1
CASGEGQPQHF	TRBV7-6	TRBJ1-5
CASSIGWETQYF	TRBV19	TRBJ2-5
CSFRIGGTEAFF	TRBV29-1	TRBJ1-1
CSVFDRHTYNEQFF	TRBV20-1	TRBJ2-1
CSVEKNTEAFF	TRBV29-1	TRBJ1-1
CASSLQDMNTEAFF	TRBV6-5	TRBJ1-1
CASSERTPPPYEQFF	TRBV25-1	TRBJ2-1
CASMSGGSYGDTQYF	TRBV27	TRBJ2-3
CAWSVHRNTEAFF	TRBV30	TRBJ1-1
CASPGSVSNEQFF	TRBV5-4	TRBJ2-1
CASSQLTGTSPMELFF	TRBV27	TRBJ2-2
CASSLGQAIETQYF	TRBV7-9	TRBJ2-5
CASSNSLPSGVSYNEQFF	TRBV7-9	TRBJ2-1
CAARSGYNEQFF	TRBV6-5	TRBJ2-1
CASSATGLTNTEAFF	TRBV7-9	TRBJ1-1
CASSQTGQVGDEQFF	TRBV7-9	TRBJ2-1
CATAPRERSYEQYF	TRBV2	TRBJ2-7
CASREGLSNEQFF	TRBV7-9	TRBJ2-1
CSVSGTGNTEAFF	TRBV29-1	TRBJ1-1
CASSLYFSGRAYNEQFF	TRBV12-4	TRBJ2-1
CASSEGTAPEAFF	TRBV7-9	TRBJ1-1
CASSQVTGGPNYGYTF	TRBV3-1	TRBJ1-2
CASSHKPGQGSETQYF	TRBV4-1	TRBJ2-5
CASSLDLAGGSNEQFF	TRBV5-6	TRBJ2-1
CASSYGSPIQPQHF	TRBV6-3	TRBJ1-5
CASSEGGGTEAFF	TRBV5-1	TRBJ1-1
CASSPGLAGAVSLGGELFF	TRBV12-3	TRBJ2-2
CASSWTSYEQYF	TRBV7-8	TRBJ2-7
CASRGGELFF	TRBV2	TRBJ2-2
CASSQAPGFDGELFF	TRBV4-1	TRBJ2-2
CAISEGNRGVTEAFF	TRBV10-3	TRBJ1-1
CASRRRDRGFNYGYTF	TRBV12-4	TRBJ1-2
CASSQVPGQGPNYGYTF	TRBV14	TRBJ1-2
CASSLVMGEKLFF	TRBV6-5	TRBJ1-4
CASSELLTGAFWGYTF	TRBV10-2	TRBJ1-2
CASSRTDRDRETQYF	TRBV7-9	TRBJ2-5
CATRLNTEAFF	TRBV27	TRBJ1-1
CASSQTLDRGLENTEAFF	TRBV4-1	TRBJ1-1
CASSPRRASSYNEQFF	TRBV7-9	TRBJ2-1
CASSLGVGRSSYNEQFF	TRBV7-8	TRBJ2-1
CATQGGRGGGANVLTF	TRBV6-5	TRBJ2-6
CASSHLTEFNEKLFF	TRBV27	TRBJ1-4
CASIEALAGSYNEQFF	TRBV6-3	TRBJ2-1
CSAPRTSSYNEQFF	TRBV20-1	TRBJ2-1
CASSSRDSQNQPQHF	TRBV5-6	TRBJ1-5
CASSQEHAGELEDEQFF	TRBV3-1	TRBJ2-1
CAGSQGMRSPLHF	TRBV6-3	TRBJ1-6
CASSQDSGVAYEQFF	TRBV4-3	TRBJ2-1
CASSIVVEKQETQYF	TRBV19	TRBJ2-5
CASSLESGVGNIQYF	TRBV7-2	TRBJ2-4
CASIGQDGPDYGYTF	TRBV5-5	TRBJ1-2
CASRYGTPGTEAFF	TRBV12-3	TRBJ1-1
CASSIDRETSTDTQYF	TRBV19	TRBJ2-3
CASSLDFWTGLPNEKLFF	TRBV11-2	TRBJ1-4
CASSFWDNEQFF	TRBV11-2	TRBJ2-1
CASSFHRNAEAFF	TRBV11-2	TRBJ1-1
CASSVVEGTMPYNEQFF	TRBV9	TRBJ2-1
CASSYSNEGNGYTF	TRBV6-6	TRBJ1-2
CASSLVPGIAEAFF	TRBV14	TRBJ1-1
CASRRRTGNTIYF	TRBV14	TRBJ1-3
CASSEESSGGYEQYF	TRBV6-1	TRBJ2-7
CASSHGKTQYF	TRBV3-1	TRBJ2-5
CASSAGTGYQPQHF	TRBV19	TRBJ1-5
CASTRFPAEAFF	TRBV6-1	TRBJ1-1
CASSNRRGDQPQHF	TRBV6-3	TRBJ1-5
CASSLLPGTSETGELFF	TRBV5-6	TRBJ2-2
CASPARPGSNTQYF	TRBV9	TRBJ2-3
CASSPKDRVDGYTF	TRBV19	TRBJ1-2
CASSLAEVFAYEQYF	TRBV12-4	TRBJ2-7
CATSRDLGINQPQHF	TRBV15	TRBJ1-5
CASRSQEGAEAFF	TRBV13	TRBJ1-1
CASSQDGGSSYNEQFF	TRBV3-1	TRBJ2-1
CASSYRTGDRYGYTF	TRBV7-2	TRBJ1-2
CASSLKLADTQYF	TRBV5-1	TRBJ2-3
CASSLMMAGNSPLHF	TRBV27	TRBJ1-6
CASSFPLQGQGEAFF	TRBV12-4	TRBJ1-1
CASSPPGELFF	TRBV4-2	TRBJ2-2
CASSTYPTGNTEAFF	TRBV4-1	TRBJ1-1
CASSEVEGHGYTF	TRBV6-1	TRBJ1-2
CASSQDMGSSKTQYF	TRBV4-1	TRBJ2-3
CASSPFATNEKLFF	TRBV18	TRBJ1-4
CASRPITGGGYTEAFF	TRBV7-8	TRBJ1-1
CASSQDSASGTYNEQFF	TRBV4-3	TRBJ2-1
CASRGQGGTEAFF	TRBV6-3	TRBJ1-1
CASSPTGLVSYNEQFF	TRBV19	TRBJ2-1
CASSSTGLGYTF	TRBV11-2	TRBJ1-2
CASSLEGGSVYGYTF	TRBV5-1	TRBJ1-2
CASTEGTYNEQFF	TRBV2	TRBJ2-1
CASSSGPSSYNEQFF	TRBV9	TRBJ2-1
CASSPLSGSGYTF	TRBV7-2	TRBJ1-2
CATGAGSNTGELFF	TRBV24-1	TRBJ2-2
CANGVGGEGGQFF	TRBV6-6	TRBJ2-1
CASSYYPDSGELFF	TRBV6-6	TRBJ2-2
CASSQETGWGTEAFF	TRBV4-3	TRBJ1-1
CASSDSKAGIMGTDTQYF	TRBV6-4	TRBJ2-3
CASSLVYGTGNTPLHF	TRBV5-6	TRBJ1-6
CASSFPGTGEAYGYTF	TRBV7-9	TRBJ1-2
CASSTTGTGTQYF	TRBV6-5	TRBJ2-5
CASSLASGTEAFF	TRBV5-1	TRBJ1-1
CASSLGLADYYNEQFF	TRBV5-1	TRBJ2-1
CASREQGNTEAFF	TRBV6-1	TRBJ1-1
CASTGGGAGVVGELFF	TRBV27	TRBJ2-2
CASSLALGLAGGQGEQFF	TRBV7-2	TRBJ2-1
CAWGSGLGYGYTF	TRBV30	TRBJ1-2
CASSFTGSSYNEQFF	TRBV12-3	TRBJ2-1
CASRSKTGSKQPQHF	TRBV6-5	TRBJ1-5
CASSLGRNTEAFF	TRBV27	TRBJ1-1
CASSLAVTPISGTQYF	TRBV7-9	TRBJ2-5
CSVTKKRGFMNTEAFF	TRBV29-1	TRBJ1-1
CASNGNTANTGELFF	TRBV9	TRBJ2-2
CASAPSGETQYF	TRBV7-2	TRBJ2-5
CSVAGVGNTEAFF	TRBV29-1	TRBJ1-1
CSVGFREMGATEAFF	TRBV29-1	TRBJ1-1
CASSFSGSFNYGYTF	TRBV11-2	TRBJ1-2
CASSLGQGGYTDTQYF	TRBV13	TRBJ2-3
CASSQEFSAREQYF	TRBV4-1	TRBJ2-7
CASSEFGRTNEKLFF	TRBV10-1	TRBJ1-4
CASSQGTGVAFNSPLHF	TRBV4-1	TRBJ1-6
CASSYSGQGSQPQHF	TRBV6-5	TRBJ1-5
CASSQGPGTVHEKLFF	TRBV14	TRBJ1-4
CASSQLLAGYNEQFF	TRBV5-6	TRBJ2-1
CASSVEASGVYEQYF	TRBV9	TRBJ2-7
CASSSGTSGIRGTGANVLTF	TRBV5-1	TRBJ2-6
CASNPGTNNQPQHF	TRBV19	TRBJ1-5
CASSLIDSNQPQHF	TRBV5-6	TRBJ1-5
CASSSSGTGDEQYF	TRBV6-5	TRBJ2-7
CASSPEGQTGSPLHF	TRBV18	TRBJ1-6
CASSEPRLGLVETQYF	TRBV9	TRBJ2-5
CASSPGRNTGELFF	TRBV7-6	TRBJ2-2
CASTRQGRTEAFF	TRBV6-1	TRBJ1-1
CSARVASSYEQYF	TRBV20-1	TRBJ2-7
CAWSGVTEAFF	TRBV30	TRBJ1-1
CASSPKTGKGEQYF	TRBV4-1	TRBJ2-7
CASSLTGGYEQYF	TRBV27	TRBJ2-7
CASSSPGQGLFEQFF	TRBV18	TRBJ2-1
CASSPIGGGSANYGYTF	TRBV18	TRBJ1-2
CSAREELAGDADTQYF	TRBV20-1	TRBJ2-3
CASSFAGDGAGELFF	TRBV7-9	TRBJ2-2
CASSFLPGQGPPSGNTIYF	TRBV6-5	TRBJ1-3
CASQSLARNTGELFF	TRBV7-9	TRBJ2-2
CSASGSGVGTGELFF	TRBV20-1	TRBJ2-2
CASSQDWDSTYGYTF	TRBV14	TRBJ1-2
CASSLGTANGYTF	TRBV7-8	TRBJ1-2
CASSPMNTEAFF	TRBV7-3	TRBJ1-1
CASSLVGGDTEAFF	TRBV27	TRBJ1-1
CASSLTPGGNYGYTF	TRBV7-3	TRBJ1-2
CASSLMWTPPGGELFF	TRBV5-6	TRBJ2-2
CASSSSSSHEQFF	TRBV7-9	TRBJ2-1
CASSQEAGTASPITDTQYF	TRBV4-3	TRBJ2-3
CASSWARVTSTDTQYF	TRBV5-1	TRBJ2-3
CASSMTMLRGRIWETQYF	TRBV19	TRBJ2-5
CASGTSGDTGELFF	TRBV10-2	TRBJ2-2
CASSSRDVDRAGANVLTF	TRBV5-1	TRBJ2-6
CASSLNLDPSTDTQYF	TRBV7-3	TRBJ2-3
CAWRLRGGYTF	TRBV30	TRBJ1-2
CAWSGRQGAGETQYF	TRBV30	TRBJ2-5
CASSVATLGSTDTQYF	TRBV9	TRBJ2-3
CASSLTESNSPLHF	TRBV27	TRBJ1-6
CASSVGQGLSYNEQFF	TRBV9	TRBJ2-1
CASSEGRGIGTEAFF	TRBV2	TRBJ1-1
CATSEKQDRPTTGQYF	TRBV24-1	TRBJ2-3
CASSFGDRSLSYEQYF	TRBV5-8	TRBJ2-7
CSVRTSGGLETQYF	TRBV29-1	TRBJ2-5
CASSPPDRLYGYTF	TRBV18	TRBJ1-2
CASTDGTGGLNQPQHF	TRBV27	TRBJ1-5
CASSTSGYNQPQHF	TRBV19	TRBJ1-5
CATSDPDREYKDNEQFF	TRBV24-1	TRBJ2-1
CSSPDPNRPYNEQFF	TRBV29-1	TRBJ2-1
CASSYSEPVDSGANVLTF	TRBV6-5	TRBJ2-6
CASSRIIDYREADGYTF	TRBV11-2	TRBJ1-2
CATSRDVRSGGSYEQYF	TRBV15	TRBJ2-7
CASSPTGGGNTEAFF	TRBV19	TRBJ1-1
CASSSRGDYGYTF	TRBV5-5	TRBJ1-2
CATKGTESNYGYTF	TRBV24-1	TRBJ1-2
CASGLVEGDSKNIQYF	TRBV12-5	TRBJ2-4
CASQSVAGDQETQYF	TRBV4-1	TRBJ2-5
CASSFTAMENTF	TRBV7-9	TRBJ1-2
CASSISRSTEAFF	TRBV19	TRBJ1-1
CASTPRTAKNIQYF	TRBV6-1	TRBJ2-4
CASSLGGGTVRTQYF	TRBV27	TRBJ2-5
CASSLIAGGPNEQFF	TRBV4-1	TRBJ2-1
CASSLGLVTFF	TRBV11-2	TRBJ2-1
CAISVAGGPSDTQYF	TRBV10-3	TRBJ2-3
CASTFTPGTGGPGELFF	TRBV12-4	TRBJ2-2
CASSSGAYEQYF	TRBV19	TRBJ2-7
CASSFDRDLNTEAFF	TRBV7-6	TRBJ1-1
CASSTPWGNQPQHF	TRBV6-3	TRBJ1-5
CASSPSRDRGSGNTIYF	TRBV7-9	TRBJ1-3
CAINQGGTDNSPLHF	TRBV10-3	TRBJ1-6
CASSRWDGMNTEAFF	TRBV6-6	TRBJ1-1
CASSWTSGRSNEQFF	TRBV19	TRBJ2-1
CASSLRTGQLNNYGYTF	TRBV11-3	TRBJ1-2
CASSAPDRNTGELFF	TRBV9	TRBJ2-2
CASSQVNTGELFF	TRBV4-1	TRBJ2-2
CATSVDRGLYNEQFF	TRBV24-1	TRBJ2-1
CASSLIVQTGTNGYTF	TRBV7-9	TRBJ1-2
CASSRVFTTNEKLFF	TRBV6-1	TRBJ1-4
CASSPTASGSYTQYF	TRBV4-1	TRBJ2-3
CASSQDRSGTSTETQYF	TRBV4-3	TRBJ2-5
CASSYAPGEAFF	TRBV7-9	TRBJ1-1
CASSSYTGGLNQPQHF	TRBV27	TRBJ1-5
CASSQLASFGNSYEQYF	TRBV3-1	TRBJ2-7
CASSDSIGGNEQFF	TRBV6-4	TRBJ2-1
CASTKKWVQGPNTEAFF	TRBV12-4	TRBJ1-1
CASSASGISNYGYTF	TRBV9	TRBJ1-2
CSARDRDRQRDTQYF	TRBV20-1	TRBJ2-3
CASSSSLQGTGNTIYF	TRBV13	TRBJ1-3
CASSHFAGGGTDTQYF	TRBV4-1	TRBJ2-3
CASSQDGGIAYNEQFF	TRBV3-1	TRBJ2-1
CASSGRQGAGRGAQYF	TRBV11-2	TRBJ2-5
CASSLFQGSGTEAFF	TRBV11-2	TRBJ1-1
CASSPGTSGGETQYF	TRBV5-1	TRBJ2-5
CASSYVGGPGDTQYF	TRBV6-5	TRBJ2-3
CASSVSLVNEQFF	TRBV9	TRBJ2-1
CASSLRLADFFEQFF	TRBV7-7	TRBJ2-1
CASSWGQAYPETQYF	TRBV25-1	TRBJ2-5
CASSLQGGDYGYTF	TRBV7-6	TRBJ1-2
CASSLYRGWYEQYF	TRBV12-4	TRBJ2-7
CASSLGSTEAFF	TRBV11-2	TRBJ1-1
CASSLSAWAYSNTGELFF	TRBV14	TRBJ2-2
CASSLRDGFPQTQYF	TRBV5-5	TRBJ2-5
CASSIGPDTQYF	TRBV6-3	TRBJ2-3
CASSSPGGGLNTEAFF	TRBV7-6	TRBJ1-1
CASSPGMGPYEQYF	TRBV19	TRBJ2-7
CASSLTRTDTQYF	TRBV7-9	TRBJ2-3
CATSRGLGAYTDTQYF	TRBV15	TRBJ2-3
CASSLTGGYGNTIYF	TRBV11-3	TRBJ1-3
CASSFFPTGGYHEQYF	TRBV5-5	TRBJ2-7
CASSLYRVRISGAYNEQFF	TRBV13	TRBJ2-1
CASSQEWDPRETQYF	TRBV14	TRBJ2-5
CASSEKTGTGPHEQYF	TRBV6-1	TRBJ2-7
CATSDGLNTGELFF	TRBV24-1	TRBJ2-2
CASSRTDPILPQHF	TRBV14	TRBJ1-5
CASRVNNEQFF	TRBV12-3	TRBJ2-1
CASSQDPQVVGYTF	TRBV14	TRBJ1-2
CASRLFGTEAFF	TRBV7-9	TRBJ1-1
CASSSGGNNEQFF	TRBV19	TRBJ2-1
CASSLWPSRQETQYF	TRBV5-1	TRBJ2-5
CASSPLAPTGELFF	TRBV7-9	TRBJ2-2
CASSARQGQETQYF	TRBV5-6	TRBJ2-5
CASSENSNQPQHF	TRBV6-4	TRBJ1-5
CASGAGSGANVLTF	TRBV12-5	TRBJ2-6
CASSIDMGLTGELFF	TRBV19	TRBJ2-2
CASSLSSNQPQHF	TRBV28	TRBJ1-5
CSARPSHSYEQYF	TRBV20-1	TRBJ2-7
CASSMGQTDTQYF	TRBV19	TRBJ2-3
CASSVGDSPPQPQHF	TRBV9	TRBJ1-5
CASSLSRNQPQHF	TRBV27	TRBJ1-5
CASSPKGSGRWSYNEQFF	TRBV18	TRBJ2-1
CASSLRRGLWSYEQYF	TRBV7-8	TRBJ2-7
CASSPLGDSDSGNTIYF	TRBV7-7	TRBJ1-3
CASSYSTGADQPQHF	TRBV6-3	TRBJ1-5
CASKTGLNTEAFF	TRBV6-5	TRBJ1-1
CASSLVSVGLAWDTQYF	TRBV5-1	TRBJ2-3
CASSLLGATEQFF	TRBV5-4	TRBJ2-1
CASSLGAGELFF	TRBV5-1	TRBJ2-2
CASSFLNTEAFF	TRBV11-1	TRBJ1-1
CATSELGGGLTDEQFF	TRBV24-1	TRBJ2-1
CASSLAETGDGYTF	TRBV5-1	TRBJ1-2
CASSEEWGEIYEQYF	TRBV2	TRBJ2-7
CASSAGGRGTEAFF	TRBV6-6	TRBJ1-1
CASSLVSGTALGTQYF	TRBV7-6	TRBJ2-3
CASSSWSGGASGEQYF	TRBV7-9	TRBJ2-7
CASSLHTNNQPQHF	TRBV27	TRBJ1-5
CASRTTGFGFNEQFF	TRBV6-6	TRBJ2-1
CASSLGWGAKNIQYF	TRBV5-1	TRBJ2-4
CASSEFTGANVLTF	TRBV4-3	TRBJ2-6
CASSSGGAAEQYF	TRBV13	TRBJ2-7
CASSAPTDRVDYGYTF	TRBV9	TRBJ1-2
CASSEIRKTKPSFF	TRBV2	TRBJ2-1
CASSLSVHLGGNTEAFF	TRBV12-3	TRBJ1-1
CASSLLGQGLDQPQHF	TRBV27	TRBJ1-5
CASQGASTDTQYF	TRBV2	TRBJ2-3
CASSLGLGLETQYF	TRBV27	TRBJ2-5
CASSLVLLGDYGYTF	TRBV7-9	TRBJ1-2
CATTSAEVRNEQFF	TRBV19	TRBJ2-1
CASSEVGLAEDTQYF	TRBV10-1	TRBJ2-3
CASSFPVGGLAGAGYNEQFF	TRBV9	TRBJ2-1
CASSLQGGLNQPQHF	TRBV13	TRBJ1-5
CASSYSMAGGEKLFF	TRBV6-5	TRBJ1-4
CASSQDIGGGYNNEQFF	TRBV4-3	TRBJ2-1
CSAGPISDDNYGYTF	TRBV20-1	TRBJ1-2
CASSPDWSSHNEQFF	TRBV5-8	TRBJ2-1
CASSAGGDIQYF	TRBV12-4	TRBJ2-4
CASSPRLNRAGELFF	TRBV4-2	TRBJ2-2
CASSTGLSGNTIYF	TRBV10-2	TRBJ1-3
CSASERGFEGPYNEQFF	TRBV20-1	TRBJ2-1
CSAGDISNQPQHF	TRBV20-1	TRBJ1-5
CASSLTSDGYYEQYF	TRBV7-3	TRBJ2-7
CASSMSVWGTANNEQFF	TRBV19	TRBJ2-1
CASSILGGGETQYF	TRBV19	TRBJ2-5
CASSLVVDGPAEKLFF	TRBV11-2	TRBJ1-4
CASSQGTLGSGYTF	TRBV4-1	TRBJ1-2
CASSQVFGDRGQETQYF	TRBV18	TRBJ2-5
CASSLALAGQEQYF	TRBV7-9	TRBJ2-7
CASSLVSGGEETQYF	TRBV12-4	TRBJ2-5
CASSPQTGWGYSNQPQHF	TRBV19	TRBJ1-5
CASSEGQGGGQPQHF	TRBV13	TRBJ1-5
CASSEGLAGGYEQFF	TRBV6-1	TRBJ2-1
CASSSQSADNSPLHF	TRBV7-9	TRBJ1-6
CASSGGGNTEAFF	TRBV9	TRBJ1-1
CASSQPRTGETQYF	TRBV3-1	TRBJ2-5
CASSFAGYEQYF	TRBV14	TRBJ2-7
CSARVPAASANTGELFF	TRBV20-1	TRBJ2-2
CASSQDHAASYNEQFF	TRBV4-3	TRBJ2-1
CASSLAVGGYTF	TRBV5-4	TRBJ1-2
CASNPSGTGTNYEQYF	TRBV5-5	TRBJ2-7
CASSIFLGTLQETQYF	TRBV19	TRBJ2-5
CASSQDFEPVKNIQYF	TRBV4-3	TRBJ2-4
CASSLPWTGAKDNEQFF	TRBV27	TRBJ2-1
CASSIYLKGTEAFF	TRBV19	TRBJ1-1
CASSPLAGGQDEQFF	TRBV14	TRBJ2-1
CASSMIGALNQPQHF	TRBV19	TRBJ1-5
CASRWTGGYEQYF	TRBV27	TRBJ2-7
CASSLAGYSNQPQHF	TRBV7-9	TRBJ1-5
CAISEPDIFGQTSYGYTF	TRBV10-3	TRBJ1-2
CSVAQEVAGPTGELFF	TRBV29-1	TRBJ2-2
CASSWEGRLGTEAFF	TRBV7-2	TRBJ1-1
CASSPVAGLTLYLEAFF	TRBV7-9	TRBJ1-1
CSARDQGMPYEQYF	TRBV20-1	TRBJ2-7
CASSPRDRGMEPQHF	TRBV19	TRBJ1-5
CASSLSSGGMDYGYTF	TRBV7-3	TRBJ1-2
CASSQLNTYGYTF	TRBV12-4	TRBJ1-2
CASSEGQGAGYEQYF	TRBV5-1	TRBJ2-7
CASTGTSGGPTLRDEQFF	TRBV7-9	TRBJ2-1
CASSLGTANTGELFF	TRBV27	TRBJ2-2
CASSVGVGGPYEKLFF	TRBV6-1	TRBJ1-4
CASSYTGEGTQYF	TRBV6-3	TRBJ2-3
CASSVGSDGSNQPQHF	TRBV9	TRBJ1-5
CASSFNFGTGGRTGELFF	TRBV7-8	TRBJ2-2
CASSQWRSGGGAGKETQYF	TRBV4-1	TRBJ2-5
CSARVGRNEQFF	TRBV20-1	TRBJ2-1
CASSPSRDREFLYIQYF	TRBV7-9	TRBJ2-4
CASRTGNYGYTF	TRBV25-1	TRBJ1-2
CASSEAGDRYNSPLHF	TRBV6-1	TRBJ1-6
CASSLEGVEQPQHF	TRBV27	TRBJ1-5
CASSLLGDSYNEQFF	TRBV7-7	TRBJ2-1
CASSFRQPEDGYTF	TRBV5-1	TRBJ1-2
CASSPTGGYTEAFF	TRBV7-6	TRBJ1-1
CASSTLRVGGRTEAFF	TRBV6-1	TRBJ1-1
CASSFRGDTQYF	TRBV5-1	TRBJ2-3
CASTGLAYNEQFF	TRBV19	TRBJ2-1
CASSQGLGTDSYEQYF	TRBV7-6	TRBJ2-7
CASSLGLAGGNEQFF	TRBV7-8	TRBJ2-1
CASSTWDSNQPQHF	TRBV19	TRBJ1-5
CASSFDRGYNEQFF	TRBV27	TRBJ2-1
CASSLVIRNEAFF	TRBV5-1	TRBJ1-1
CASGGATNEKLFF	TRBV27	TRBJ1-4
CASSKRGGQTDTQYF	TRBV7-9	TRBJ2-3
CASSYSLAATGELFF	TRBV6-5	TRBJ2-2
CSVAATGNTEAFF	TRBV29-1	TRBJ1-1
CASSFSQNEQFF	TRBV7-3	TRBJ2-1
CATLGQENTEAFF	TRBV24-1	TRBJ1-1
CASSLAGGTEAFF	TRBV5-1	TRBJ1-1
CASSQGQGAIRPQHF	TRBV3-1	TRBJ1-5
CASSYSSGGYGYTF	TRBV6-5	TRBJ1-2
CASSLSPEGGGAGDGYTF	TRBV27	TRBJ1-2
CASSLRGGYTGELFF	TRBV7-9	TRBJ2-2
CASRGSDRGLQGPQHF	TRBV27	TRBJ1-5
CASSITGYSEQYF	TRBV19	TRBJ2-7
CASSQEVRSSYEQYF	TRBV3-1	TRBJ2-7
CASSSDSEAFF	TRBV6-6	TRBJ1-1
CASSFGQGYQPQHF	TRBV6-5	TRBJ1-5
CASSLGTLATSETQYF	TRBV11-2	TRBJ2-5
CASSLGQGYQPQHF	TRBV7-9	TRBJ1-5
CASSGWDSANSPLHF	TRBV5-6	TRBJ1-6
CASNNRGRSYEQYF	TRBV6-5	TRBJ2-7
CASSFLAGGLSYEQYF	TRBV27	TRBJ2-7
CASSPGGSLHF	TRBV5-4	TRBJ1-6
CASSPYGGHGELFF	TRBV4-1	TRBJ2-2
CASSVGGLAGGVNTGELFF	TRBV9	TRBJ2-2
CASSQGSRPQETQYF	TRBV4-3	TRBJ2-5
CASSPEGLYYNEQFF	TRBV9	TRBJ2-1
CASRDPTDTQYF	TRBV11-2	TRBJ2-3
CASSTTGGPYGYTF	TRBV19	TRBJ1-2
CASSPSTPGNTEAFF	TRBV4-3	TRBJ1-1
CASSLRGDEQFF	TRBV5-1	TRBJ2-1
CASSDETGGSDTQYF	TRBV10-1	TRBJ2-3
CASSYSEGANTEAFF	TRBV6-5	TRBJ1-1
CASSLSEKLEAFF	TRBV7-9	TRBJ1-1
CASSQDRVGAGANVLTF	TRBV4-1	TRBJ2-6
CASSPTVNTEAFF	TRBV5-4	TRBJ1-1
CASSYSAPEQFF	TRBV7-9	TRBJ2-1
CSARDGMDLAPETQYF	TRBV20-1	TRBJ2-5
CASSLYTISGANVLTF	TRBV7-8	TRBJ2-6
CASSSRGFYGYTF	TRBV11-3	TRBJ1-2
CASSVGGENTEAFF	TRBV9	TRBJ1-1
CASSSAGGDGYTF	TRBV19	TRBJ1-2
CASSPGTAYGYTF	TRBV2	TRBJ1-2
CASSDLPEAFF	TRBV6-1	TRBJ1-1
CASSFEDMGGEQFF	TRBV11-3	TRBJ2-1
CASSGAGTSGRNEQFF	TRBV7-3	TRBJ2-1
CASSLPASGGATDNEQFF	TRBV12-4	TRBJ2-1
CASNIEGSSYNEQFF	TRBV6-3	TRBJ2-1
CSASTDEQFF	TRBV29-1	TRBJ2-1
CASSQESGTSYEQYF	TRBV4-1	TRBJ2-7
CASSWKQGIEQFF	TRBV7-9	TRBJ2-1
CAWPGLSGYTF	TRBV30	TRBJ1-2
CASSQDRVDGRPRTEAFF	TRBV3-1	TRBJ1-1
CASSLGGPNTGELFF	TRBV5-6	TRBJ2-2
CASSQDPGQGFNETQYF	TRBV3-1	TRBJ2-5
CSARDIAGGTYNEQFF	TRBV20-1	TRBJ2-1
CASSAGVAQGEQYF	TRBV27	TRBJ2-7
CASSQRRQITGGGETQYF	TRBV4-3	TRBJ2-5
CASTHRGGTEAFF	TRBV5-1	TRBJ1-1
CASSIHSTDTQYF	TRBV11-2	TRBJ2-3
CASSLPDRVDTEAFF	TRBV5-6	TRBJ1-1
CASSGWTSGTSTDTQYF	TRBV5-1	TRBJ2-3
CASSLGDTSYNEQFF	TRBV7-6	TRBJ2-1
CASSDSALRLEFF	TRBV6-4	TRBJ2-1
CAWSVLGSTDTQYF	TRBV30	TRBJ2-3
CASTGQGLGNQPQHF	TRBV19	TRBJ1-5
CASSPQGARLDEQFF	TRBV6-5	TRBJ2-1
CASSFSGGSYEQYF	TRBV11-3	TRBJ2-7
CASRPAGEETQYF	TRBV27	TRBJ2-5
CASSARPGLAGVGRDEQFF	TRBV9	TRBJ2-1
CASSPHGQIYEQYF	TRBV5-5	TRBJ2-7
CASSLMVAGSSGNTIYF	TRBV7-9	TRBJ1-3
CATRGGLENEQFF	TRBV10-1	TRBJ2-1
CASRSTGSPEAFF	TRBV7-2	TRBJ1-1
CSVHVPMNTEAFF	TRBV29-1	TRBJ1-1
CATSDLGQDYGYTF	TRBV24-1	TRBJ1-2
CSVGTGTGVETQYF	TRBV29-1	TRBJ2-5
CASSYETGITEAFF	TRBV6-5	TRBJ1-1
CASSVGTSGRGNEQFF	TRBV27	TRBJ2-1
CAISHTDRGPTYEQYF	TRBV10-3	TRBJ2-7
CASSLGPRRGNEQFF	TRBV5-4	TRBJ2-1
CSARVPGSVYGYTF	TRBV20-1	TRBJ1-2
CATSDHETWTDANTGELFF	TRBV24-1	TRBJ2-2
CASLKRGGSYNEQFF	TRBV27	TRBJ2-1
CASSSGTANTEAFF	TRBV19	TRBJ1-1
CASSGQLGSYEQYF	TRBV12-4	TRBJ2-7
CSARGLSSYEQYF	TRBV20-1	TRBJ2-7
CASSRSGFGGRGYNEQFF	TRBV11-3	TRBJ2-1
CSASTLVQGGGSPLHF	TRBV20-1	TRBJ1-6
CATSRELRDADGYTF	TRBV15	TRBJ1-2
CASSLSSGNEQFF	TRBV6-3	TRBJ2-1
CASSLGQGGAPLHF	TRBV7-9	TRBJ1-6
CASSPSPGTGTYEQYF	TRBV27	TRBJ2-7
CATEGDSADTQYF	TRBV19	TRBJ2-3
CSATDNRGRTDTQYF	TRBV20-1	TRBJ2-3
CASNQGTDFSPLHF	TRBV19	TRBJ1-6
CASSLPLPSYEQYF	TRBV12-3	TRBJ2-7
CASSFFGTRIYNEQFF	TRBV11-3	TRBJ2-1
CASSLKGRQGRNTIYF	TRBV12-4	TRBJ1-3
CASSLPRDRGPDIQYF	TRBV7-9	TRBJ2-4
CASSQATGLTGELFF	TRBV4-1	TRBJ2-2
CASSFVGGFMATEAFF	TRBV27	TRBJ1-1
CASSMMGQPQHF	TRBV19	TRBJ1-5
CASSYGVSPLHF	TRBV6-5	TRBJ1-6
CASSLTGEKLFF	TRBV5-6	TRBJ1-4
CASSLRWTNEQFF	TRBV27	TRBJ2-1
CASSNQGGRTF	TRBV19	TRBJ1-2
CASSFGAGVTEAFF	TRBV27	TRBJ1-1
CASSLRAEYLETQYF	TRBV7-8	TRBJ2-5
CASSQAWTGSYGYTF	TRBV4-1	TRBJ1-2
CATSDRRGGGNQPQHF	TRBV24-1	TRBJ1-5
CASSLADASTNEKLFF	TRBV7-9	TRBJ1-4
CASSHSREGDTEAFF	TRBV4-1	TRBJ1-1
CASTRRTGDEQYF	TRBV12-3	TRBJ2-7
CSAPRGTNEKLFF	TRBV20-1	TRBJ1-4
CSARDLGHDTGELFF	TRBV20-1	TRBJ2-2
CASSYWESSYGYTF	TRBV6-5	TRBJ1-2
CASSVGGSGGTYEQYF	TRBV9	TRBJ2-7
CASSLMILYEQYF	TRBV7-2	TRBJ2-7
CASSSTRQGTDTQYF	TRBV7-9	TRBJ2-3
CSARDRPGTGGFHEQFF	TRBV20-1	TRBJ2-1
CSAFPKGTHTF	TRBV20-1	TRBJ1-2
CATIPTGSTDTQYF	TRBV27	TRBJ2-3
CASSLTRAEMNTEAFF	TRBV27	TRBJ1-1
CASSTKPVWSSYNEQFF	TRBV19	TRBJ2-1
CATKDSSYNEQFF	TRBV24-1	TRBJ2-1
CSAFLDNTEAFF	TRBV20-1	TRBJ1-1
CASSQDLGGVSYNEQFF	TRBV3-1	TRBJ2-1
CASSLEGSPLHF	TRBV27	TRBJ1-6
CASSLDWTGANVLTF	TRBV7-9	TRBJ2-6
CASSFEGPSYEQYF	TRBV27	TRBJ2-7
CSARAAGRQTSTYEQYF	TRBV20-1	TRBJ2-7
CSARALTGHESSGNTIYF	TRBV20-1	TRBJ1-3
CASRGPGTGSDWYF	TRBV2	TRBJ2-7
CSADGLNTEAFF	TRBV29-1	TRBJ1-1
CASSWGAPNTGELFF	TRBV7-9	TRBJ2-2
CASSLWSDSNQPQHF	TRBV7-6	TRBJ1-5
CASSPGIAYGYTF	TRBV27	TRBJ1-2
CASRDSLDYGYTF	TRBV19	TRBJ1-2
CASSTGTLGYNEQFF	TRBV27	TRBJ2-1
CSARGPRGGNTEAFF	TRBV20-1	TRBJ1-1
CSVEDWAAGATEAFF	TRBV29-1	TRBJ1-1
CATSRDLTASDYGYTF	TRBV15	TRBJ1-2
CASSVASGRDEQFF	TRBV9	TRBJ2-1
CSARDFGTGGTEAFF	TRBV20-1	TRBJ1-1
CASSIAGNTEAFF	TRBV19	TRBJ1-1
CASSESLGVNTEAFF	TRBV2	TRBJ1-1
CSARDWGGGGDLYEQYF	TRBV20-1	TRBJ2-7
CASGNRVSQYF	TRBV12-5	TRBJ2-7
CASSRVQVTGTGVRTYGYTF	TRBV4-2	TRBJ1-2
CASLGAGNTIYF	TRBV6-5	TRBJ1-3
CASRGLAITDTQYF	TRBV13	TRBJ2-3
CASSSTTSGRGWETQYF	TRBV7-9	TRBJ2-5
CATSDGRMVSYNEQFF	TRBV24-1	TRBJ2-1
CASSSVKGTDTQYF	TRBV19	TRBJ2-3
CASTPGGGSGANVLTF	TRBV2	TRBJ2-6
CASSYEGGTEAFF	TRBV5-1	TRBJ1-1
CASSLEPWRGSSYNEQFF	TRBV5-1	TRBJ2-1
CASSLGYEQYF	TRBV7-8	TRBJ2-7
CASSQGPGLGDTEAFF	TRBV4-1	TRBJ1-1
CASSMTGGSYEQYF	TRBV19	TRBJ2-7
CASSLAGGQTEAFF	TRBV27	TRBJ1-1
CASTPGQEIYGYTF	TRBV6-1	TRBJ1-2
CASGRNEKLFF	TRBV27	TRBJ1-4
CASSSEPNQPQHF	TRBV28	TRBJ1-5
CASSDSGGSTDTQYF	TRBV9	TRBJ2-3
CASSLTDRVGQPQHF	TRBV3-1	TRBJ1-5
CASSQEDRLPYGYTF	TRBV4-1	TRBJ1-2
CAWTRTGNTEAFF	TRBV30	TRBJ1-1
CASSLGIYYGYTF	TRBV7-2	TRBJ1-2
CASSEGDSNQPQHF	TRBV9	TRBJ1-5
CASSYNGQLNQPQHF	TRBV6-5	TRBJ1-5
CASSLKHRTSGGDQETQYF	TRBV14	TRBJ2-5
CASSPGPGVNEQFF	TRBV27	TRBJ2-1
CASSLPAGLTGELFF	TRBV11-3	TRBJ2-2
CASSGGGWNEQFF	TRBV19	TRBJ2-1
CASSSEGGYNEQFF	TRBV6-6	TRBJ2-1
CASSKASPKGTYYTF	TRBV19	TRBJ1-2
CASSQPGQGWQDTQYF	TRBV27	TRBJ2-3
CASVTGPGNTIYF	TRBV6-3	TRBJ1-3
CASSQGDRNDVYGYTF	TRBV4-1	TRBJ1-2
CASSPLAVPYNEQFF	TRBV6-4	TRBJ2-1
CAWSDSMWNEQFF	TRBV30	TRBJ2-1
CASSRGPDTQYF	TRBV12-4	TRBJ2-3
CAISESVRGGRDEQFF	TRBV10-3	TRBJ2-1
CASSPQPGGREKLFF	TRBV5-6	TRBJ1-4
CASSFPGDREKLFF	TRBV5-6	TRBJ1-4
CSATDRFF	TRBV20-1	TRBJ2-1
CASSYTLSTGGVSNQPQHF	TRBV6-3	TRBJ1-5
CASSYSYGYTF	TRBV6-3	TRBJ1-2
CASSHTGDTGELFF	TRBV3-1	TRBJ2-2
CASSQVFRGPPGELFF	TRBV3-1	TRBJ2-2
CASSPGQGWYGYTF	TRBV2	TRBJ1-2
CASSEGLGTEAFF	TRBV7-9	TRBJ1-1
CASSGYTDTQYF	TRBV27	TRBJ2-3
CATKGQLNTEAFF	TRBV2	TRBJ1-1
CASSQISASYNEQFF	TRBV4-1	TRBJ2-1
CASSEYSYNEQFF	TRBV6-4	TRBJ2-1
CASRGAGDEQFF	TRBV7-9	TRBJ2-1
CASSFFRNYGYTF	TRBV27	TRBJ1-2
CASSLSHSYNEQFF	TRBV5-6	TRBJ2-1
CASRLSWGTEAFF	TRBV19	TRBJ1-1
CASTGQGKANTGELFF	TRBV5-1	TRBJ2-2
CASSQSAGGIFNTQYF	TRBV19	TRBJ2-3
CASSLTSGGTNEQFF	TRBV19	TRBJ2-1
CASSITGFAPYGYTF	TRBV19	TRBJ1-2
CATSSSGTSGGWSYNEQFF	TRBV15	TRBJ2-1
CASSQEGTGNYGYTF	TRBV4-2	TRBJ1-2
CASSLAGGNNEQFF	TRBV12-4	TRBJ2-1
CASSGLGVGNTGELFF	TRBV5-5	TRBJ2-2
CASSQYSGGAPGELFF	TRBV12-3	TRBJ2-2
CSDFAGGADEAFF	TRBV29-1	TRBJ1-1
CSVEHYQETQYF	TRBV29-1	TRBJ2-5
CASSTGLVPSTDTQYF	TRBV10-2	TRBJ2-3
CASSLEGGSGADTQYF	TRBV11-3	TRBJ2-3
CASTPSQGAFNEQFF	TRBV6-1	TRBJ2-1
CSASELPLGGGYTDTQYF	TRBV20-1	TRBJ2-3
CASSLASIGEKLFF	TRBV12-4	TRBJ1-4
CASSPIPGGSDTQYF	TRBV3-1	TRBJ2-3
CSARDRQGFYEQYF	TRBV20-1	TRBJ2-7
CASGDRGYNEQFF	TRBV10-2	TRBJ2-1
CASSIEPYNEQFF	TRBV27	TRBJ2-1
CASSLNYNQPQHF	TRBV7-9	TRBJ1-5
CASSPGEGPHSPLHF	TRBV4-2	TRBJ1-6
CSANSWTSGEETQYF	TRBV20-1	TRBJ2-5
CSARTVTYGYTF	TRBV20-1	TRBJ1-2
CSARDRVGADYTDTQYF	TRBV20-1	TRBJ2-3
CASSYGDWDRHNSPLHF	TRBV6-5	TRBJ1-6
CATSLGTGGWDEQFF	TRBV15	TRBJ2-1
CASSLATGELFF	TRBV6-3	TRBJ2-2
CASSDWDRVVEGYTF	TRBV7-9	TRBJ1-2
CASSHGGRYNEQFF	TRBV19	TRBJ2-1
CASSPRWDDPVVNAEAFF	TRBV28	TRBJ1-1
CASSLGETEAFF	TRBV5-4	TRBJ1-1
CASSLVERGWLTDTQYF	TRBV14	TRBJ2-3
CASSLSTANQPQHF	TRBV27	TRBJ1-5
CASSLEEGADTEAFF	TRBV5-1	TRBJ1-1
CAATLGGGYEQYF	TRBV7-9	TRBJ2-7
CASPEGPYQAEQFF	TRBV6-1	TRBJ2-1
CASSYFGGTEAFF	TRBV6-3	TRBJ1-1
CATYRPGLEDEQYF	TRBV27	TRBJ2-7
CASSRGHLQETQYF	TRBV27	TRBJ2-5
CASSFDYNEKLFF	TRBV27	TRBJ1-4
CASSLPPGYNEQFF	TRBV5-1	TRBJ2-1
CASSPGVRWGQYF	TRBV7-9	TRBJ2-3
CASSEPTGSQPQHF	TRBV25-1	TRBJ1-5
CASSPPPSGAKEGVRAGNTIYF	TRBV3-1	TRBJ1-3
CASSQDLGSGANVLTF	TRBV4-3	TRBJ2-6
CATMEPGQGPDTQYF	TRBV27	TRBJ2-3
CASSLVDRAMNLNTEAFF	TRBV5-1	TRBJ1-1
CASTAVPNTEAFF	TRBV19	TRBJ1-1
CASSLGESGANVLTF	TRBV7-9	TRBJ2-6
CASSPPGYTEAFF	TRBV7-6	TRBJ1-1
CASSFQGSPQETQYF	TRBV5-6	TRBJ2-5
CASSEGAQGAGYYGYTF	TRBV9	TRBJ1-2
CASSPYRTYGYTF	TRBV27	TRBJ1-2
CASSFTSGGYEQYF	TRBV9	TRBJ2-7
CATSRVGVRGLDTEAFF	TRBV15	TRBJ1-1
CASSPSDRADEQFF	TRBV7-8	TRBJ2-1
CASSEDFRKQETQYF	TRBV9	TRBJ2-5
CASSFGSYNSPLHF	TRBV12-4	TRBJ1-6
CAWTPSGRANNEQFF	TRBV30	TRBJ2-1
CASSMTESGANVLTF	TRBV7-9	TRBJ2-6
CASSLENIRLQSNQPQHF	TRBV28	TRBJ1-5
CSVVATNEKLFF	TRBV29-1	TRBJ1-4
CASSEAGGEAYNEQFF	TRBV6-4	TRBJ2-1
CASSIGKDMNTEAFF	TRBV19	TRBJ1-1
CASSGAGTGPYEQYF	TRBV12-4	TRBJ2-7
CASRLGQGEAFF	TRBV25-1	TRBJ1-1
CASSQGLGGSPLHF	TRBV4-1	TRBJ1-6
CASAQGGNTEAFF	TRBV19	TRBJ1-1
CASSQRSRGRVETQYF	TRBV4-3	TRBJ2-5
CASSPTFYGYTF	TRBV27	TRBJ1-2
CASSAGTGYGANVLTF	TRBV12-4	TRBJ2-6
CASSVTGTEAFF	TRBV7-8	TRBJ1-1
CASSQLEDGHSYEQYF	TRBV13	TRBJ2-7
CASSLALPSGGGNTDTQYF	TRBV7-9	TRBJ2-3
CASSYVQSSYNEQFF	TRBV10-2	TRBJ2-1
CASSWEGTFLDTQYF	TRBV4-1	TRBJ2-3
CASSPGQAAYSGNTIYF	TRBV7-9	TRBJ1-3
CASSLSLPSGTVPSYGYTF	TRBV27	TRBJ1-2
CASSLIGFGGLNTEAFF	TRBV27	TRBJ1-1
CASSLMGTSGYTF	TRBV7-3	TRBJ1-2
CAISEDRAPSNEQFF	TRBV10-3	TRBJ2-1
CASSETASGNQPQHF	TRBV10-2	TRBJ1-5
CASSRRGEEGYTF	TRBV11-2	TRBJ1-2
CASSLFVGTGGDEQYF	TRBV27	TRBJ2-7
CASSYSNGYVNGYTF	TRBV6-3	TRBJ1-2
CASSAGQTGETQYF	TRBV5-8	TRBJ2-5
CSVAAGADEKLFF	TRBV29-1	TRBJ1-4
CASRTAGTGELFF	TRBV11-2	TRBJ2-2
CSARFPSSYEQYF	TRBV20-1	TRBJ2-7
CASTWTDTEAFF	TRBV7-9	TRBJ1-1
CASSRTTGGNTEAFF	TRBV3-1	TRBJ1-1
CASSVVGGADVDTQYF	TRBV9	TRBJ2-3
CASSPSGSPADTQYF	TRBV7-9	TRBJ2-3
CASTDWGSTEAFF	TRBV7-9	TRBJ1-1
CASSRTEGVETQYF	TRBV7-9	TRBJ2-5
CASSQYTVDTEAFF	TRBV4-2	TRBJ1-1
CASSIDGGVAYEQYF	TRBV19	TRBJ2-7
CASSWTGALNTEAFF	TRBV27	TRBJ1-1
CASSQGRLRTEAFF	TRBV4-1	TRBJ1-1
CSTAESSYNEQFF	TRBV29-1	TRBJ2-1
CASSVGLAGGNEQFF	TRBV9	TRBJ2-1
CATLGDRQASGNTIYF	TRBV6-1	TRBJ1-3
CASSWGGDTQYF	TRBV12-3	TRBJ2-3
CASSPPTGGKGEQYF	TRBV18	TRBJ2-7
CASRPNPGSTYGYTF	TRBV27	TRBJ1-2
CSAKTGGYGYTF	TRBV20-1	TRBJ1-2
CASSQPGQDGINYGYTF	TRBV4-1	TRBJ1-2
CASSLVLNTGELFF	TRBV7-9	TRBJ2-2
CASSLGGTGAFRTEAFF	TRBV7-2	TRBJ1-1
CASSLGLEPSTDTQYF	TRBV5-1	TRBJ2-3
CASRFRDHTDTQYF	TRBV2	TRBJ2-3
CATSRANTEAFF	TRBV15	TRBJ1-1
CASSPSAGGAGNEQYF	TRBV7-9	TRBJ2-7
CASSSPELVGSYNEQFF	TRBV6-3	TRBJ2-1
CASSTQSGTASGELFF	TRBV19	TRBJ2-2
CASSRWTIYF	TRBV19	TRBJ1-3
CATKEASSYEQYF	TRBV15	TRBJ2-7
CASSLSSKHGYTF	TRBV27	TRBJ1-2
CASSLGTEGGTEAFF	TRBV19	TRBJ1-1
CASRSQGPGELFF	TRBV6-5	TRBJ2-2
CASSQTSGGLNEQFF	TRBV10-1	TRBJ2-1
CASTFGTVYGYTF	TRBV19	TRBJ1-2
CSASTTRTGGHWNTDTQYF	TRBV20-1	TRBJ2-3
CASTPNNRNTGELFF	TRBV27	TRBJ2-2
CASSLLGSNQPQHF	TRBV27	TRBJ1-5
CASSQGGDGYTF	TRBV4-1	TRBJ1-2
CASSFFAGGLGELFF	TRBV27	TRBJ2-2
CASSPRYDRDEQYF	TRBV9	TRBJ2-7
CATSRDRGGTANQPQHF	TRBV15	TRBJ1-5
CASSGRTGWNEQYF	TRBV6-5	TRBJ2-7
CASTGTSSVSGELFF	TRBV7-9	TRBJ2-2
CATRGLSNEKLFF	TRBV7-9	TRBJ1-4
CSVLRGTEAFF	TRBV29-1	TRBJ1-1
CASSLGYGGGQPQHF	TRBV11-3	TRBJ1-5
CASSQAGGDTQYF	TRBV4-1	TRBJ2-3
CASSHPPQRGVSYEQYF	TRBV4-1	TRBJ2-7
CASSQDSMYNSPLHF	TRBV4-3	TRBJ1-6
CASSLAGDPGEQFF	TRBV5-4	TRBJ2-1
CASSFGELDSRGYTF	TRBV7-3	TRBJ1-2
CASSRTGNQETQYF	TRBV27	TRBJ2-5
CASRTSGVSGELFF	TRBV27	TRBJ2-2
CASSFGTGGTDTQYF	TRBV19	TRBJ2-3
CASSFTDYGYTF	TRBV7-9	TRBJ1-2
CASSPSLRTEAFF	TRBV11-1	TRBJ1-1
CASSPSISGRTDTQYF	TRBV7-2	TRBJ2-3
CSASDRATYEQYF	TRBV20-1	TRBJ2-7
CASSQDESHYQPQHF	TRBV6-5	TRBJ1-5
CASSQGPEQFF	TRBV4-1	TRBJ2-1
CASSDAWSSYEQYF	TRBV5-1	TRBJ2-7
CASSLIGDTQYF	TRBV11-2	TRBJ2-3
CASSLIGGTEAFF	TRBV12-4	TRBJ1-1
CASSPGAGDTEAFF	TRBV4-1	TRBJ1-1
CAISESAVNTEAFF	TRBV10-3	TRBJ1-1
CASSSISGKQETQYF	TRBV11-3	TRBJ2-5
CSVLTTGNTGELFF	TRBV29-1	TRBJ2-2
CASSGSGGLSYEQYF	TRBV2	TRBJ2-7
CASSLLAGAPDTQYF	TRBV7-2	TRBJ2-3
CASSLKTGELFF	TRBV11-2	TRBJ2-2
CASSLTGPNYGYTF	TRBV7-2	TRBJ1-2
CASSHYAVEAFF	TRBV6-6	TRBJ1-1
CASSGGSGGLWDEQFF	TRBV6-1	TRBJ2-1
CASSRGGSGNTGELFF	TRBV4-2	TRBJ2-2
CASSVGSRGVYGYTF	TRBV9	TRBJ1-2
CATSSRQGMKVSQPQHF	TRBV15	TRBJ1-5
CSARDLEVLSYEQYF	TRBV20-1	TRBJ2-7
CASSHLGQPSEAFF	TRBV4-1	TRBJ1-1
CASSGVSQRETQYF	TRBV7-6	TRBJ2-5
CASSLMEGLSTSTDTQYF	TRBV3-1	TRBJ2-3
CASSLAGNPYEQYF	TRBV11-3	TRBJ2-7
CASSQVPARKLFF	TRBV14	TRBJ1-4
CASSFSLPAASDADRSGNTIYF	TRBV7-9	TRBJ1-3
CASSQEAPPIYNEQFF	TRBV14	TRBJ2-1
CASSYQQGAYDGYTF	TRBV7-9	TRBJ1-2
CAIDSNTGELFF	TRBV10-3	TRBJ2-2
CASSEYTGSNQPQHF	TRBV25-1	TRBJ1-5
CASSLDGTGGSGYTF	TRBV27	TRBJ1-2
CASRSTENTGELFF	TRBV7-9	TRBJ2-2
CASSSWDSSYEQYF	TRBV27	TRBJ2-7
CASSSDARGYEQYF	TRBV7-9	TRBJ2-7
CASSYEGNTEAFF	TRBV6-5	TRBJ1-1
CASSIGGNTEAFF	TRBV19	TRBJ1-1
CASSRDRGDTEAFF	TRBV4-1	TRBJ1-1
CASSPRQGTGELFF	TRBV7-8	TRBJ2-2
CASRPIGGRVVTQYF	TRBV27	TRBJ2-5
CASSASVGGYTEAFF	TRBV9	TRBJ1-1
CSAYPLAGTIDEQFF	TRBV20-1	TRBJ2-1
CASREWGYNSPLHF	TRBV28	TRBJ1-6
CASSRGTGGHTEAFF	TRBV3-1	TRBJ1-1
CASSLVAEYNEKLFF	TRBV12-4	TRBJ1-4
CASSPGTSGQETQYF	TRBV3-1	TRBJ2-5
CASSLTNRGRGTGELFF	TRBV7-9	TRBJ2-2
CASSPTNGDGYTF	TRBV7-9	TRBJ1-2
CASSPQGTGLYEQYF	TRBV9	TRBJ2-7
CASSPVAGGAYNEQFF	TRBV6-4	TRBJ2-1
CASRGGGLTEAFF	TRBV19	TRBJ1-1
CASSQDTFKGHAYGYTF	TRBV4-3	TRBJ1-2
CASSIVSGDTEAFF	TRBV19	TRBJ1-1
CASSPTGLDIQYF	TRBV12-4	TRBJ2-4
CASRSGPQDTQYF	TRBV12-3	TRBJ2-3
CASSDWENIQYF	TRBV9	TRBJ2-4
CAISDQGRTDTQYF	TRBV10-3	TRBJ2-3
CASSKWGGGSTDTQYF	TRBV7-9	TRBJ2-3
CAISPGGVGYGYTF	TRBV10-3	TRBJ1-2
CASWTGLADTQYF	TRBV7-9	TRBJ2-3
CASSGTTRGTIYF	TRBV25-1	TRBJ1-3
CASSPRSGPSYNEQFF	TRBV18	TRBJ2-1
CATSRPREAYNEQFF	TRBV15	TRBJ2-1
CATSGLWDRGLGNQPQHF	TRBV15	TRBJ1-5
CASSLEAGGDQAFF	TRBV7-9	TRBJ1-1
CASSSGLVGSNGYTF	TRBV11-2	TRBJ1-2
CASSSEALGRGSYNEQFF	TRBV12-4	TRBJ2-1
CASSLNPGLATYNEQFF	TRBV12-4	TRBJ2-1
CASSPRGVGDGYTF	TRBV7-2	TRBJ1-2
CASSTTGGKLFF	TRBV6-5	TRBJ1-4
CSALAGNEQFF	TRBV20-1	TRBJ2-1
CASSQDFRNTEAFF	TRBV4-1	TRBJ1-1
CASSNRGLLAEAFF	TRBV5-8	TRBJ1-1
CASSIGQGPCCFF	TRBV19	TRBJ1-1
CASSFVRGYTF	TRBV13	TRBJ1-2
CSAMTGLNTEAFF	TRBV20-1	TRBJ1-1
CASSLVRQGRKYGYTF	TRBV5-6	TRBJ1-2
CASSVGQGEGYTEAFF	TRBV6-1	TRBJ1-1
CASSYSRDLENTGELFF	TRBV6-3	TRBJ2-2
CASSSTGLGSYNEQFF	TRBV5-6	TRBJ2-1
CSVELGDSYEQYF	TRBV29-1	TRBJ2-7
CASSPPARQETQYF	TRBV18	TRBJ2-5
CASSRMGARDGYTF	TRBV7-2	TRBJ1-2
CASSGQFMNTEAFF	TRBV6-5	TRBJ1-1
CASSSNPTGLYGYTF	TRBV7-3	TRBJ1-2
CASSTRDGPYEQYF	TRBV7-9	TRBJ2-7
CASTPGEVGNQPQHF	TRBV19	TRBJ1-5
CASSLFQGRSIANYGYTF	TRBV4-1	TRBJ1-2
CASSYGGITGELFF	TRBV5-4	TRBJ2-2
CASSDRQGVTEAFF	TRBV25-1	TRBJ1-1
CASSFYGTQETQYF	TRBV11-2	TRBJ2-5
CASSPPGANTGELFF	TRBV9	TRBJ2-2
CASFRAVLYGYTF	TRBV28	TRBJ1-2
CASSVDFGGGLEQFF	TRBV9	TRBJ2-1
CASSLASGGFETQYF	TRBV11-2	TRBJ2-5
CASSQDLGGGGGNEQFF	TRBV4-3	TRBJ2-1
CATRTGSEDTQYF	TRBV24-1	TRBJ2-3
CASSLISGYNEQFF	TRBV7-3	TRBJ2-1
CATSELDRAQETQYF	TRBV24-1	TRBJ2-5
CASSPRHEDQPQHF	TRBV13	TRBJ1-5
CASRQTGIGYTEAFF	TRBV5-1	TRBJ1-1
CATSDLRDREQFF	TRBV24-1	TRBJ2-1
CASSLSESGSTEAFF	TRBV7-9	TRBJ1-1
CSALRYNEQFF	TRBV20-1	TRBJ2-1
CASSITFKANEAFF	TRBV27	TRBJ1-1
CASSWGQGAGETQYF	TRBV5-1	TRBJ2-5
CASSQTLGGSYGYTF	TRBV4-3	TRBJ1-2
CASSMIGTGHQPQHF	TRBV19	TRBJ1-5
CAWGSVRMISYNEQFF	TRBV30	TRBJ2-1
CASSLDTPWGFNTDTQYF	TRBV11-2	TRBJ2-3
CASSLDQQGVGEKLFF	TRBV5-4	TRBJ1-4
CAWSVSGYNEQFF	TRBV30	TRBJ2-1
CASTPSGDGYTF	TRBV19	TRBJ1-2
CASSLAASDTQYF	TRBV11-3	TRBJ2-3
CASSQGTSVSGGYTF	TRBV4-3	TRBJ1-2
CASTAYQETQYF	TRBV7-9	TRBJ2-5
CASSSSDREMNTEAFF	TRBV7-6	TRBJ1-1
CASSQDLPDGEKLFF	TRBV4-1	TRBJ1-4
CASSIEAAGGLGGYTF	TRBV19	TRBJ1-2
CATSRGQGVPNEQFF	TRBV15	TRBJ2-1
CASSRQVGGIMITEAFF	TRBV4-1	TRBJ1-1
CASMRQGSAGELFF	TRBV14	TRBJ2-2
CASSIAGGGYGYTF	TRBV19	TRBJ1-2
CAWTQESGRGNEQFF	TRBV30	TRBJ2-1
CASSFLLAGGDEQFF	TRBV12-3	TRBJ2-1
CATRTGGNQPQHF	TRBV15	TRBJ1-5
CASSSRDREGGYTF	TRBV7-6	TRBJ1-2
CASSQDPRADYGYTF	TRBV4-3	TRBJ1-2
CASSSRGYNEQFF	TRBV7-6	TRBJ2-1
CSASAGFSDQPQHF	TRBV20-1	TRBJ1-5
CASSLRAMNTEAFF	TRBV27	TRBJ1-1
CASSDDMRQDPGELFF	TRBV7-9	TRBJ2-2
CASSPETGGETQYF	TRBV5-6	TRBJ2-5
CASSLGGLKKDNEQFF	TRBV19	TRBJ2-1
CASMDRPYNEQFF	TRBV12-4	TRBJ2-1
CASSQAYSGNKNIQYF	TRBV14	TRBJ2-4
CASSWGGLRTEAFF	TRBV19	TRBJ1-1
CATSVRGVRTGELFF	TRBV24-1	TRBJ2-2
CASSPQEGGMNEKLFF	TRBV12-3	TRBJ1-4
CASSQDSGGGDEQFF	TRBV4-1	TRBJ2-1
CASKGRSGVGETQYF	TRBV10-2	TRBJ2-5
CASREGLNSGNTIYF	TRBV5-1	TRBJ1-3
CASSLVAGVMDEQFF	TRBV11-2	TRBJ2-1
CASSQLNLGLAGVVSGELFF	TRBV4-3	TRBJ2-2
CASSIDQGGRVYEAFF	TRBV19	TRBJ1-1
CASSQDEGQDGPGNTIYF	TRBV14	TRBJ1-3
CASSSRVSEYYGYTF	TRBV12-4	TRBJ1-2
CASSPGVNTEAFF	TRBV7-9	TRBJ1-1
CASEEPGGPDTQYF	TRBV2	TRBJ2-3
CASSQTGLVLGGQETQYF	TRBV11-3	TRBJ2-5
CASSTGGRGNQPQHF	TRBV19	TRBJ1-5
CSARRTDDYEQYF	TRBV20-1	TRBJ2-7
CASSPGQGMSGELFF	TRBV7-9	TRBJ2-2
CASSLDWASSYNSPLHF	TRBV11-2	TRBJ1-6
CASSIDGNTEAFF	TRBV19	TRBJ1-1
CASSHTLSSYNEQFF	TRBV10-2	TRBJ2-1
CSVEDRGGGETQYF	TRBV29-1	TRBJ2-5
CASSSGTGANTEAFF	TRBV6-3	TRBJ1-1
CSVVHGELFF	TRBV29-1	TRBJ2-2
CASSSRLAGVYSDTQYF	TRBV7-2	TRBJ2-3
CASSLSGTWGETQYF	TRBV27	TRBJ2-5
CASMGQLSEAFF	TRBV7-9	TRBJ1-1
CASSETGAGDTGELFF	TRBV2	TRBJ2-2
CASSYPLAGGGSYNEQFF	TRBV6-6	TRBJ2-1
CASSHRIGGETQYF	TRBV7-9	TRBJ2-5
CASSQTDNEQFF	TRBV27	TRBJ2-1
CASSQNGGTTDTQYF	TRBV4-3	TRBJ2-3
CASSSGTSGGPQTQYF	TRBV5-5	TRBJ2-5
CSATRRDRILTGYNSPLHF	TRBV20-1	TRBJ1-6
CSARDSGTASYEQYF	TRBV20-1	TRBJ2-7
CSAPDRASTEAFF	TRBV20-1	TRBJ1-1
CASSTEYSGANVLTF	TRBV27	TRBJ2-6
CASTGEETQYF	TRBV6-5	TRBJ2-5
CASSQDNRGATDTQYF	TRBV4-3	TRBJ2-3
CASSLGSNEQFF	TRBV7-6	TRBJ2-1
CASSEQDRRTDTQYF	TRBV6-1	TRBJ2-3
CASSSGDGWGGANVLTF	TRBV6-5	TRBJ2-6
CASSQVESGNTIYF	TRBV3-1	TRBJ1-3
CASSATGTRNSNEQFF	TRBV9	TRBJ2-1
CSARLGGQQYF	TRBV20-1	TRBJ2-7
CSARDRPQETYNEQFF	TRBV20-1	TRBJ2-1
CASSEEPGYGYTF	TRBV6-1	TRBJ1-2
CSVEGRGADTEAFF	TRBV29-1	TRBJ1-1
CASPGQGYNEQFF	TRBV11-2	TRBJ2-1
CASSYQARDRGEHEQYF	TRBV6-5	TRBJ2-7
CASSGLADSTDTQYF	TRBV6-3	TRBJ2-3
CASSVEIGAYEQYF	TRBV9	TRBJ2-7
CASSVVKPQTGGYTEAFF	TRBV9	TRBJ1-1
CASSVGFRGHEQYF	TRBV9	TRBJ2-7
CASSIPNENEQFF	TRBV19	TRBJ2-1
CASSFYPAGGNSPLHF	TRBV27	TRBJ1-6
CASSYSLAGGYNEQFF	TRBV6-5	TRBJ2-1
CASSSDPTRSWADTQYF	TRBV27	TRBJ2-3
CASNRPGHELVLNTEAFF	TRBV2	TRBJ1-1
CASSLGGGPYNEQFF	TRBV11-3	TRBJ2-1
CASSFESGGRREAFF	TRBV11-3	TRBJ1-1
CASSEAGGPYNEQFF	TRBV9	TRBJ2-1
CASTCSGWTEAFF	TRBV5-6	TRBJ1-1
CASSLLVADNYGYTF	TRBV11-2	TRBJ1-2
CASSQGDWAFREKLFF	TRBV4-1	TRBJ1-4
CASRGGIHYGYTF	TRBV6-5	TRBJ1-2
CSAPGQSRGYTF	TRBV20-1	TRBJ1-2
CAWSGPAGNTIYF	TRBV30	TRBJ1-3
CASSTIPGRGNEQFF	TRBV19	TRBJ2-1
CASSPPGSTEAFF	TRBV7-9	TRBJ1-1
CAISESISARINRLEAFF	TRBV10-3	TRBJ1-1
CASSPDAGNTIYF	TRBV9	TRBJ1-3
CASSGDPGTGHLFNYGYTF	TRBV9	TRBJ1-2
CASSLDLVRSQETQYF	TRBV7-9	TRBJ2-5
CSARGATSGNEQFF	TRBV20-1	TRBJ2-1
CASSLRAGSYNEQFF	TRBV5-6	TRBJ2-1
CSAPKDGPLHF	TRBV20-1	TRBJ1-6
CASSRREASGNTIYF	TRBV6-6	TRBJ1-3
CSVRARGYTEAFF	TRBV29-1	TRBJ1-1
CASSLTGDTEAFF	TRBV5-1	TRBJ1-1
CASSLAGGPADEQFF	TRBV7-9	TRBJ2-1
CASSIGNYNEQFF	TRBV19	TRBJ2-1
CASSLAPSGNYGYTF	TRBV27	TRBJ1-2
CASSTGHYGYTF	TRBV19	TRBJ1-2
CASSLELTGGLSDTQYF	TRBV11-3	TRBJ2-3
CASSGGGYTEAFF	TRBV9	TRBJ1-1
CATRGEGPYNEQFF	TRBV24-1	TRBJ2-1
CASSATGQWSGQPQHF	TRBV9	TRBJ1-5
CASSYTPETTEAFF	TRBV6-5	TRBJ1-1
CASSPGPTHEQYF	TRBV11-2	TRBJ2-7
CAISDTVYGYTF	TRBV10-3	TRBJ1-2
CASSQVKGGDEQFF	TRBV4-1	TRBJ2-1
CASSKGQGLNIQYF	TRBV19	TRBJ2-4
CASSLQGQPQHF	TRBV12-4	TRBJ1-5
CASSLGTTSTDTQYF	TRBV7-3	TRBJ2-3
CASSSPPMGGELFF	TRBV5-5	TRBJ2-2
CASSPTKGGSGNTIYF	TRBV4-1	TRBJ1-3
CASSQNGGAHRLMNTEAFF	TRBV3-1	TRBJ1-1
CASSVDSRSYNEQFF	TRBV9	TRBJ2-1
CASSYGTYSYNEQFF	TRBV6-5	TRBJ2-1
CASSGEDIHSGNTIYF	TRBV13	TRBJ1-3
CASSEGRGGKNIQYF	TRBV10-1	TRBJ2-4
CASSLVYSSSYNEQFF	TRBV7-2	TRBJ2-1
CASSLASGRSTEAFF	TRBV7-9	TRBJ1-1
CASSISPGSYGYTF	TRBV19	TRBJ1-2
CASSLYTGELFF	TRBV7-3	TRBJ2-2
CASRLQVNNSPLHF	TRBV6-5	TRBJ1-6
CASSLGPTSGRETQYF	TRBV5-6	TRBJ2-5
CATSGTGTSGYNEQFF	TRBV15	TRBJ2-1
CASSFGGGAPETQYF	TRBV7-6	TRBJ2-5
CASSFSFRENTEAFF	TRBV5-6	TRBJ1-1
CASSQDGTETYQETQYF	TRBV4-1	TRBJ2-5
CASSSGRASDEQFF	TRBV9	TRBJ2-1
CASSADRTTDYGYTF	TRBV9	TRBJ1-2
CASSQGSQGAQETQYF	TRBV4-1	TRBJ2-5
CASSLAFRRGGETQYF	TRBV7-2	TRBJ2-5
CASRRESQETQYF	TRBV6-3	TRBJ2-5
CASSLGTDYGYTF	TRBV12-3	TRBJ1-2
CASSFWRGYTDTQYF	TRBV5-6	TRBJ2-3
CASSLVRGSNQPQHF	TRBV7-8	TRBJ1-5
CASSSGQGLRAQYF	TRBV6-3	TRBJ2-5
CASSLSGTGADQPQHF	TRBV5-1	TRBJ1-5
CASTHGSGLSYEQYF	TRBV6-3	TRBJ2-7
CASSVTSGGYSTDTQYF	TRBV2	TRBJ2-3
CASSPGTSGRAEDTQYF	TRBV19	TRBJ2-3
CASSLVAWLAENNEQFF	TRBV7-8	TRBJ2-1
CATSRRETNEQFF	TRBV15	TRBJ2-1
CASSQSPLGDYNEQFF	TRBV4-1	TRBJ2-1
CASRGGISGNNEQFF	TRBV27	TRBJ2-1
CASSPDRRQETQYF	TRBV7-9	TRBJ2-5
CASSQDRAGSPLHF	TRBV4-1	TRBJ1-6
CASSPGTGSYEQYF	TRBV5-1	TRBJ2-7
CASSENPGQNYGYTF	TRBV6-4	TRBJ1-2
CASSDAGGLGEAFF	TRBV10-1	TRBJ1-1
CASMTGSTEAFF	TRBV27	TRBJ1-1
CAISESTSPYGYTF	TRBV10-3	TRBJ1-2
CASIASGPYNEQFF	TRBV25-1	TRBJ2-1
CASSGQMNTEAFF	TRBV27	TRBJ1-1
CASSDSYSYGYTF	TRBV7-9	TRBJ1-2
CASSTRQGGTDTQYF	TRBV7-6	TRBJ2-3
CATGTSGNEQFF	TRBV10-1	TRBJ2-1
CASSSRLDRTDTQYF	TRBV11-3	TRBJ2-3
CASSIEGGSTDTQYF	TRBV12-3	TRBJ2-3
CASGAKQPQHF	TRBV12-5	TRBJ1-5
CASSAGARNTQYF	TRBV19	TRBJ2-3
CASSLGETQYF	TRBV27	TRBJ2-5
CASSFGQGGYTGELFF	TRBV12-4	TRBJ2-2
CASSQDPGSSYGYTF	TRBV4-3	TRBJ1-2
CASSDSNTGELFF	TRBV6-4	TRBJ2-2
CASSILWTGRGYTF	TRBV19	TRBJ1-2
CASSWTSGYNEQFF	TRBV12-4	TRBJ2-1
CASSQTAQNTGELFF	TRBV4-1	TRBJ2-2
CASSDLQETQYF	TRBV2	TRBJ2-5
CSAAGVLGMNTEAFF	TRBV20-1	TRBJ1-1
CASTSGGFGGGYTF	TRBV27	TRBJ1-2
CASSLALSGEEGFGAFF	TRBV12-4	TRBJ1-1
CASSPGQGRGTEAFF	TRBV7-8	TRBJ1-1
CASSIALVGSGNTIYF	TRBV19	TRBJ1-3
CASSSWGEDYGYTF	TRBV11-3	TRBJ1-2
CASSFLGDKHTDTQYF	TRBV5-1	TRBJ2-3
CASSLFYSSYEQYF	TRBV5-5	TRBJ2-7
CASSEPGQGYTGELFF	TRBV5-1	TRBJ2-2
CAISPGQGESYEQYF	TRBV10-3	TRBJ2-7
CATSAGERQPQHF	TRBV15	TRBJ1-5
CASTPAVEGEETQYF	TRBV12-4	TRBJ2-5
CASSSGNTEAFF	TRBV12-4	TRBJ1-1
CASSLSGGTNEQFF	TRBV7-8	TRBJ2-1
CASGSGVAGAYQETQYF	TRBV12-5	TRBJ2-5
CAISGNIGRGADGYTF	TRBV10-3	TRBJ1-2
CASSPSGGTGTDTQYF	TRBV27	TRBJ2-3
CASRYGGLSSYNEQFF	TRBV6-5	TRBJ2-1
CASSLESSTEQFF	TRBV11-3	TRBJ2-1
CRLPSYEQFF	TRBV20-1	TRBJ2-1
CASSVGYGTGPPGGQFF	TRBV2	TRBJ2-1
CASSFPDGNTEAFF	TRBV7-8	TRBJ1-1
CASSRENEQGEAFF	TRBV5-1	TRBJ1-1
CAIRTLGGGDTEAFF	TRBV10-3	TRBJ1-1
CASSIVDAGLYEQYF	TRBV19	TRBJ2-7
CASSFSPTEAFF	TRBV5-6	TRBJ1-1
CASSPRLMGTNTEAFF	TRBV6-5	TRBJ1-1
CASSLDRGQGANGYTF	TRBV5-4	TRBJ1-2
CASSFGSMNTEAFF	TRBV12-4	TRBJ1-1
CSARVPGELVTEAFF	TRBV20-1	TRBJ1-1
CASSLRGAYEQYF	TRBV11-3	TRBJ2-7
CAISKIWGLGSSPLHF	TRBV10-3	TRBJ1-6
CASSLLAGVGGELFF	TRBV7-9	TRBJ2-2
CASSQDEGRQQETQYF	TRBV4-1	TRBJ2-5
CASSPSGDEAFF	TRBV27	TRBJ1-1
CASSAGGTGSETQYF	TRBV9	TRBJ2-5
CASSSPYGTADYQETQYF	TRBV12-4	TRBJ2-5
CASSGTPGLAYTGELFF	TRBV3-1	TRBJ2-2
CASSPNAGTGETYEQYF	TRBV11-2	TRBJ2-7
CASSILVVTGELFF	TRBV19	TRBJ2-2
CSAPFGAKKNIQYF	TRBV20-1	TRBJ2-4
CATRSTGTLITDSPLHF	TRBV15	TRBJ1-6
CATSDPLGSYNEQFF	TRBV24-1	TRBJ2-1
CASSVEPTGGLRNSPLHF	TRBV9	TRBJ1-6
CASSQDRGGTQYF	TRBV4-1	TRBJ2-7
CAISGRGTNTGELFF	TRBV10-3	TRBJ2-2
CASSLASFDEQYF	TRBV7-9	TRBJ2-7
CASSLKISWTNEKLFF	TRBV3-1	TRBJ1-4
CSARDLQAGGPADTQYF	TRBV20-1	TRBJ2-3
CASSPKTDSYEQYF	TRBV7-9	TRBJ2-7
CASSQPTEMNTEAFF	TRBV4-1	TRBJ1-1
CATSDGAGRASNQPQHF	TRBV24-1	TRBJ1-5
CASSLTQSSLSGNTIYF	TRBV7-6	TRBJ1-3
CASSDFRYQPQHF	TRBV6-5	TRBJ1-5
CASSSRQGPRTDTQYF	TRBV6-3	TRBJ2-3
CASDRASNQPQHF	TRBV19	TRBJ1-5
CASSLIGESNQPQHF	TRBV27	TRBJ1-5
CSARGGDNQPQHF	TRBV20-1	TRBJ1-5
CASQYGTSNEQFF	TRBV19	TRBJ2-1
CASSRNEQFF	TRBV7-9	TRBJ2-1
CASSSILQGVLEETQYF	TRBV3-1	TRBJ2-5
CATSIGTEIGYPEAFF	TRBV15	TRBJ1-1
CAWSVGSQGLVETQYF	TRBV30	TRBJ2-5
CASSLSFLGRETQYF	TRBV5-6	TRBJ2-5
CASSPIFGGNTEAFF	TRBV5-6	TRBJ1-1
CASSQDLDRGPSGQPQHF	TRBV3-1	TRBJ1-5
CASSFGLLAGGNEQFF	TRBV27	TRBJ2-1
CSARDFRSPTNEKLFF	TRBV20-1	TRBJ1-4
CATSTGTSGSAETQYF	TRBV15	TRBJ2-5
CASGPVQDLTGINEKLFF	TRBV12-3	TRBJ1-4
CSARDGSVRVEYNSPLHF	TRBV20-1	TRBJ1-6
CASSLKMAIQETQYF	TRBV12-3	TRBJ2-5
CASSFEVGGSTDTQYF	TRBV7-9	TRBJ2-3
CASSARGLAGELFF	TRBV9	TRBJ2-2
CASSQGRTGYNEQFF	TRBV3-1	TRBJ2-1
CASSRGGQGINEKLFF	TRBV7-9	TRBJ1-4
CASSSGTSGSIEQFF	TRBV7-8	TRBJ2-1
CASSESPRSATGELFF	TRBV25-1	TRBJ2-2
CASSVGSNPSSYNSPLHF	TRBV9	TRBJ1-6
CASSLGFGSPTSTDTQYF	TRBV7-9	TRBJ2-3
CATSRASTDTQYF	TRBV24-1	TRBJ2-3
CASRRGGPYEQYF	TRBV2	TRBJ2-7
CASSQAPQNETQYF	TRBV4-3	TRBJ2-5
CASSVAKGRTGAAQSTDTQYF	TRBV7-9	TRBJ2-3
CASSPGQREAFF	TRBV5-4	TRBJ1-1
CASSPSLGTRYNEQFF	TRBV11-2	TRBJ2-1
CAWRGSTGQGWGYGYTF	TRBV30	TRBJ1-2
CASSPGPMDEQYF	TRBV11-2	TRBJ2-7
CASSLEWGGNEQFF	TRBV11-3	TRBJ2-1
CASSSSSETVIYGYTF	TRBV7-9	TRBJ1-2
CASSLVGGGDEQYF	TRBV7-2	TRBJ2-7
CASQIRDRGNYGYTF	TRBV13	TRBJ1-2
CATMDDEYNEQFF	TRBV24-1	TRBJ2-1
CASSQDWVTGELFF	TRBV4-3	TRBJ2-2
CASSLVGLPSSYNSPLHF	TRBV7-8	TRBJ1-6
CASSLVGQGNQPQHF	TRBV19	TRBJ1-5
CASSTYGEGLGLTYNEQFF	TRBV5-5	TRBJ2-1
CASGQGQGVTGELFF	TRBV12-5	TRBJ2-2
CASSPRAGTNTEAFF	TRBV7-8	TRBJ1-1
CASSLWPDYGYTF	TRBV12-4	TRBJ1-2
CASSQEAADNEKLFF	TRBV14	TRBJ1-4
CASKWGTGQNNEKLFF	TRBV6-5	TRBJ1-4
CASSVVPDSSQAYGYTF	TRBV9	TRBJ1-2
CSVGTAQETQYF	TRBV29-1	TRBJ2-5
CSARDQRLAGGRVGNEQFF	TRBV20-1	TRBJ2-1
CASSFTGGPYNEQFF	TRBV12-4	TRBJ2-1
CASSQGTVYGYTF	TRBV4-2	TRBJ1-2
CASSTGLYEQYF	TRBV11-2	TRBJ2-7
CASSSFDGLNSPLHF	TRBV11-1	TRBJ1-6
CASSPYGTSYTDTQYF	TRBV5-1	TRBJ2-3
CASRGPSNQPQHF	TRBV19	TRBJ1-5
CASTLEDSTDTQYF	TRBV12-4	TRBJ2-3
CASSPPSPGLALNEQFF	TRBV7-6	TRBJ2-1
CSVDRVTGEQFF	TRBV29-1	TRBJ2-1
CASSLSASSYNEQFF	TRBV27	TRBJ2-1
CASSYIIIEQYF	TRBV12-4	TRBJ2-7
CSASDRDRGFYSNQPQHF	TRBV20-1	TRBJ1-5
CASSEAWGATNTGELFF	TRBV6-1	TRBJ2-2
CSVATDRGYTGELFF	TRBV29-1	TRBJ2-2
CASSSNTSPLHF	TRBV7-9	TRBJ1-6
CASSSYSVNTEAFF	TRBV19	TRBJ1-1
CASSMTSGELFF	TRBV19	TRBJ2-2
CASSGERGVSEEQYF	TRBV9	TRBJ2-7
CASSAGTGGGGQYF	TRBV10-1	TRBJ2-7
CASSIGGIEAFF	TRBV19	TRBJ1-1
CASSGRTLSHYGYTF	TRBV6-3	TRBJ1-2
CASTGLPGTQYF	TRBV27	TRBJ2-3
CASSQDLYEQYF	TRBV3-1	TRBJ2-7
CASSQRQGGSYEQYF	TRBV4-1	TRBJ2-7
CASSLLGGTGELFF	TRBV27	TRBJ2-2
CASSLVQGMNTEAFF	TRBV5-1	TRBJ1-1
CASSIGRGSTEAFF	TRBV19	TRBJ1-1
CASSQELGQMRNTEAFF	TRBV3-1	TRBJ1-1
CASSLFPVAKAFF	TRBV7-6	TRBJ1-1
CASSIGQSTGELFF	TRBV19	TRBJ2-2
CASSPGLEGSNEQFF	TRBV11-2	TRBJ2-1
CASSESSGNLKETQYF	TRBV9	TRBJ2-5
CASSTTFTLADTQYF	TRBV19	TRBJ2-3
CASSLAATRGALGDTQYF	TRBV7-9	TRBJ2-3
CASSPRTGGNTIYF	TRBV4-1	TRBJ1-3
CASSHWQISNQPQHF	TRBV19	TRBJ1-5
CASSLEQGPGELFF	TRBV12-3	TRBJ2-2
CASSYSSAGGLLAGELFF	TRBV6-5	TRBJ2-2
CASSQNRVGAEAFF	TRBV4-2	TRBJ1-1
CASSLKGEGIYEQYF	TRBV4-1	TRBJ2-7
CASSMSGPGTEAFF	TRBV19	TRBJ1-1
CASSIYPGTDTQYF	TRBV7-6	TRBJ2-3
CASSLIFYSGSTSYNEQFF	TRBV11-2	TRBJ2-1
CASSFGAGGTDTQYF	TRBV19	TRBJ2-3
CATSPGGQETQYF	TRBV24-1	TRBJ2-5
CAISETGVAPNTEAFF	TRBV10-3	TRBJ1-1
CASIPWDRPYNEQFF	TRBV6-3	TRBJ2-1
CAISGESHEQFF	TRBV10-3	TRBJ2-1
CASSLSGGSYEQYF	TRBV27	TRBJ2-7
CASSLGGWGAFF	TRBV12-4	TRBJ1-1
CASSPGDFFRDTIYF	TRBV27	TRBJ1-3
CASSGGAGNNYGYTF	TRBV9	TRBJ1-2
CASSQVGNNEQFF	TRBV4-1	TRBJ2-1
CASSPGTSGGATDTQYF	TRBV5-1	TRBJ2-3
CASSLGGLGYGYTF	TRBV5-5	TRBJ1-2
CASSPETGRETQYF	TRBV5-6	TRBJ2-5
CASSDDRGGFLGTDTQYF	TRBV7-8	TRBJ2-3
CATSDLEGEQFF	TRBV24-1	TRBJ2-1
CASSRTHGTGKGYTF	TRBV4-3	TRBJ1-2
CASSVGFTGGNQPQHF	TRBV19	TRBJ1-5
CASAPSWPGNTIYF	TRBV12-5	TRBJ1-3
CASSLNGGLLVRTDTQYF	TRBV7-8	TRBJ2-3
CASSFTGGSYEQYF	TRBV27	TRBJ2-7
CASSTGGGRYNEQFF	TRBV19	TRBJ2-1
CASSILGNTGELFF	TRBV19	TRBJ2-2
CASSYSPQGKGSTDTQYF	TRBV6-3	TRBJ2-3
CASSLAWTGSFYGYTF	TRBV5-5	TRBJ1-2
CASSLWGQGNTGELFF	TRBV5-6	TRBJ2-2
CASSRGTGVDAFF	TRBV4-3	TRBJ1-1
CSVPARAGYGYTF	TRBV29-1	TRBJ1-2
CASGSLQGFNEQFF	TRBV12-5	TRBJ2-1
CASSMDEGSTEAFF	TRBV19	TRBJ1-1
CASSVGAVNNEKLFF	TRBV9	TRBJ1-4
CASSLPPPGGGAFF	TRBV5-5	TRBJ1-1
CASSRTAGLGANTGELFF	TRBV7-3	TRBJ2-2
CSARTDRGRTF	TRBV20-1	TRBJ1-2
CASGTGGTRTMNTEAFF	TRBV5-1	TRBJ1-1
CASSLQGTGLYEQYF	TRBV6-5	TRBJ2-7
CASSTHEGGVGYTF	TRBV27	TRBJ1-2
CASSFGGGGANEQYF	TRBV5-6	TRBJ2-7
CASSSGQGIGEQYF	TRBV27	TRBJ2-7
CASSSGGQRATEAFF	TRBV13	TRBJ1-1
CASSPRTSRHTQYF	TRBV7-9	TRBJ2-3
CASSDSLGDRGSYEQYF	TRBV7-9	TRBJ2-7
CASSLVAGGYNEQFF	TRBV2	TRBJ2-1
CASSLGAGQPQHF	TRBV12-3	TRBJ1-5
CASSPRDSYPYEQYF	TRBV18	TRBJ2-7
CASSLDPNTDTQYF	TRBV11-2	TRBJ2-3
CATSRVPRGLGETQYF	TRBV15	TRBJ2-5
CASSSPVGYEQYF	TRBV7-9	TRBJ2-7
CAISTAGDQPQHF	TRBV10-3	TRBJ1-5
CASSEWTGWGSNQPQHF	TRBV6-1	TRBJ1-5
CATPLLQDYGYTF	TRBV24-1	TRBJ1-2
CASSQQGSTEAFF	TRBV6-3	TRBJ1-1
CATSRDRGTGNQPQHF	TRBV15	TRBJ1-5
CASSHGAGDTDTQYF	TRBV4-1	TRBJ2-3
CASSVTFGVARYEQFF	TRBV7-3	TRBJ2-1
CASSVLRDQPQHF	TRBV19	TRBJ1-5
CASTDRVETEAFF	TRBV12-4	TRBJ1-1
CASSGYSNQPQHF	TRBV19	TRBJ1-5
CASSSGTSKDTQYF	TRBV5-4	TRBJ2-3
CSVEDGGTAPYEQYF	TRBV29-1	TRBJ2-7
CASSQVEGTDTQYF	TRBV4-3	TRBJ2-3
CASRDLGPEQFF	TRBV5-6	TRBJ2-1
CASSQVEGGLNEQYF	TRBV4-1	TRBJ2-7
CSAPPIRAGSYNEQFF	TRBV20-1	TRBJ2-1
CASSLGLGGQEEETQYF	TRBV13	TRBJ2-5
CASSLRGLAMSSYNEQFF	TRBV27	TRBJ2-1
CAWSFTAENLNTEAFF	TRBV30	TRBJ1-1
CASSQERFRPGELFF	TRBV4-3	TRBJ2-2
CASSLLRDIPPGELFF	TRBV7-9	TRBJ2-2
CASSPGQGPYTGELFF	TRBV13	TRBJ2-2
CASSESVLGDRGQGEQFF	TRBV10-1	TRBJ2-1
CASSLLGTGVREQYF	TRBV7-9	TRBJ2-7
CASSTRDITDRYTF	TRBV7-3	TRBJ1-2
CASSYSTSGSMHEQFF	TRBV6-5	TRBJ2-1
CASSEDRHTGELFF	TRBV9	TRBJ2-2
CASSQVRRQFQETQYF	TRBV7-9	TRBJ2-5
CASSSGQANYYGYTF	TRBV11-3	TRBJ1-2
CASSYRAGVADTQYF	TRBV6-3	TRBJ2-3
CASSFGANTEAFF	TRBV5-1	TRBJ1-1
CASKPRARQGSSYEQYF	TRBV10-3	TRBJ2-7
CASSHYKYNTGGQETQYF	TRBV27	TRBJ2-5
CASIRSGTQYF	TRBV6-5	TRBJ2-5
CASREQGTHSNQPQHF	TRBV19	TRBJ1-5
CASSLFSADTQYF	TRBV27	TRBJ2-3
CASSFNRGLGQPQHF	TRBV19	TRBJ1-5
CASTSGHEQYF	TRBV6-5	TRBJ2-7
CASSPSPAGASTNEQFF	TRBV9	TRBJ2-1
CAISERGGVNEQYF	TRBV10-3	TRBJ2-7
CASNPETGINTEAFF	TRBV5-6	TRBJ1-1
CASSRLAESTDTQYF	TRBV4-1	TRBJ2-3
CASSEPQTSNEQYF	TRBV10-2	TRBJ2-7
CASSLVGQGYTEAFF	TRBV7-8	TRBJ1-1
CSAEWLGEQFF	TRBV20-1	TRBJ2-1
CASSPKDRGNTEAFF	TRBV7-9	TRBJ1-1
CASSETGTAFLNEQFF	TRBV11-2	TRBJ2-1
CASSVDTGFTEAFF	TRBV9	TRBJ1-1
CASSLTPGEYSNQPQHF	TRBV7-9	TRBJ1-5
CASSSSGTKDYEQYF	TRBV7-9	TRBJ2-7
CASSLAGGLEEQFF	TRBV11-2	TRBJ2-1
CASSEDWTGGYNSPLHF	TRBV3-1	TRBJ1-6
CATSKKGWANEQFF	TRBV24-1	TRBJ2-1
CSASDNPGLALFTDTQYF	TRBV20-1	TRBJ2-3
CSVEGSISYNEQFF	TRBV29-1	TRBJ2-1
CASSELDEETQYF	TRBV10-1	TRBJ2-5
CASSATQGSEQYF	TRBV5-6	TRBJ2-7
CSARDLPGGYEQFF	TRBV20-1	TRBJ2-1
CASRQGYEQYF	TRBV19	TRBJ2-7
CASSLAESATGELFF	TRBV5-8	TRBJ2-2
CASSLSHPHGYTF	TRBV5-6	TRBJ1-2
CATSRGAGFDEQYF	TRBV15	TRBJ2-7
CASSLPSSNYGYTF	TRBV5-4	TRBJ1-2
CAATNRLGNTIYF	TRBV19	TRBJ1-3
CAISEWAGRHTEAFF	TRBV10-3	TRBJ1-1
CAWSVRRQGAFF	TRBV30	TRBJ1-1
CASSLSFGVRNTEAFF	TRBV7-9	TRBJ1-1
CASCGGLNEKLFF	TRBV7-9	TRBJ1-4
CSAGLLGEQFF	TRBV29-1	TRBJ2-1
CASSGTDTYEQYF	TRBV6-1	TRBJ2-7
CASRLLVEGTEAFF	TRBV11-3	TRBJ1-1
CASSPYSGSLTDTQYF	TRBV28	TRBJ2-3
CASSQGLLGYEQYF	TRBV4-1	TRBJ2-7
CASSTSSYEQYF	TRBV19	TRBJ2-7
CASSEGISNQETQYF	TRBV25-1	TRBJ2-5
CASSLEDRSWNNEQFF	TRBV11-2	TRBJ2-1
CASSLTALGTEAFF	TRBV19	TRBJ1-1
CASSEYVKGYTF	TRBV25-1	TRBJ1-2
CAGATGTTYNEQFF	TRBV12-3	TRBJ2-1
CASSVFGGYEQYF	TRBV2	TRBJ2-7
CASRYTGATGELFF	TRBV6-5	TRBJ2-2
CSVEEVLVGGYTF	TRBV29-1	TRBJ1-2
CASSRPRIGANVLTF	TRBV12-4	TRBJ2-6
CASSYGQGYTEAFF	TRBV6-3	TRBJ1-1
CSARDQSNTEAFF	TRBV20-1	TRBJ1-1
CASSYSDSPTDTQYF	TRBV6-5	TRBJ2-3
CASSPDNGEKLFF	TRBV7-9	TRBJ1-4
CAWSVGVGQLDGYTF	TRBV30	TRBJ1-2
CASLSSGGPDTQYF	TRBV2	TRBJ2-3
CASSLGRSTYEQYF	TRBV13	TRBJ2-7
CASSSGQPEAFF	TRBV6-5	TRBJ1-1
CATSVRGASYNEQFF	TRBV24-1	TRBJ2-1
CASTLSLDPQETQYF	TRBV5-1	TRBJ2-5
CASSLKRYEQFF	TRBV12-4	TRBJ2-1
CASRVGNTEAFF	TRBV4-1	TRBJ1-1
CASSPSSGAGIQYF	TRBV4-1	TRBJ2-4
CASSLGSAGAIPYEQYF	TRBV5-4	TRBJ2-7
CASSFVPNYGYTF	TRBV19	TRBJ1-2
CASSSGNSYEQYF	TRBV7-9	TRBJ2-7
CASSLLSTDTQYF	TRBV7-3	TRBJ2-3
CASSYRGLGNQPQHF	TRBV6-3	TRBJ1-5
CASSEGRMNTEAFF	TRBV4-1	TRBJ1-1
CAIMGGRWDEQFF	TRBV12-4	TRBJ2-1
CASSPGTGYEQYF	TRBV19	TRBJ2-7
CASTAGVETGELFF	TRBV4-3	TRBJ2-2
CASSNLGTDSNQPQHF	TRBV19	TRBJ1-5
CASSVGTGNYEQYF	TRBV9	TRBJ2-7
CASSLVGQSYNEQFF	TRBV7-2	TRBJ2-1
CASKGAPGDTQYF	TRBV10-1	TRBJ2-3
CASSASSGGAYYTQYF	TRBV7-9	TRBJ2-3
CASSQGDRAFTDTQYF	TRBV4-3	TRBJ2-3
CASSQGTGEDTQYF	TRBV18	TRBJ2-3
CASSGFSSSGNTIYF	TRBV19	TRBJ1-3
CASSRGDNQPQHF	TRBV27	TRBJ1-5
CASSTDSYTGELFF	TRBV7-3	TRBJ2-2
CASSEPQDTEAFF	TRBV2	TRBJ1-1
CASSAQPGTYGYTF	TRBV27	TRBJ1-2
CASSLERKAGELFF	TRBV7-9	TRBJ2-2
CASSVEGRGTEAFF	TRBV9	TRBJ1-1
CASSTRDRAYNEQFF	TRBV7-8	TRBJ2-1
CASSFIVGGQETQYF	TRBV7-2	TRBJ2-5
CASGQGVTDTQYF	TRBV16	TRBJ2-3
CATSDRGFSTGELFF	TRBV24-1	TRBJ2-2
CASSARGQGGNTIYF	TRBV9	TRBJ1-3
CASSQALGSYNEQFF	TRBV4-1	TRBJ2-1
CASSSGLSYEQYF	TRBV7-9	TRBJ2-7
CSARSRETVYNEQFF	TRBV20-1	TRBJ2-1
CASSFPLAGTLMNEQFF	TRBV12-4	TRBJ2-1
CASSLSQNSNQPQHF	TRBV27	TRBJ1-5
CSARGGSGTNYGYTF	TRBV20-1	TRBJ1-2
CAGNQGTTVAKNIQYF	TRBV30	TRBJ2-4
CASSSPTSGTYEQYF	TRBV3-1	TRBJ2-7
CASSSGTEVTDTQYF	TRBV5-8	TRBJ2-3
CASSLDGQVWSPLHF	TRBV5-6	TRBJ1-6
CASSDFIVSEQFF	TRBV2	TRBJ2-1
CSVGGASNTEAFF	TRBV29-1	TRBJ1-1
CATAQGMGQPQHF	TRBV24-1	TRBJ1-5
CASSQARSNEQFF	TRBV4-3	TRBJ2-1
CASSEGLAGKYQETQYF	TRBV2	TRBJ2-5
CASSLSFGSPYHGYTF	TRBV6-5	TRBJ1-2
CASSTGQGAPGANVLTF	TRBV13	TRBJ2-6
CASSRRGSSYNEQFF	TRBV27	TRBJ2-1
CASSATSGSYVETQYF	TRBV9	TRBJ2-5
CASSVEGTQYF	TRBV9	TRBJ2-3
CATSDGTGGYNEQFF	TRBV24-1	TRBJ2-1
CATRDGLSDEQFF	TRBV2	TRBJ2-1
CASSLASVYGYTF	TRBV5-5	TRBJ1-2
CASSLSSPGHPTDTQYF	TRBV5-6	TRBJ2-3
CASSHPIGGSDTIYF	TRBV4-1	TRBJ1-3
CATSDRVLAGGADTQYF	TRBV24-1	TRBJ2-3
CSARDRAGKETQYF	TRBV20-1	TRBJ2-5
CASSQEIRGSGNTIYF	TRBV4-1	TRBJ1-3
CASSLVGSYNEQFF	TRBV7-2	TRBJ2-1
CASSYSGTDTFYSNQPQHF	TRBV6-3	TRBJ1-5
CASSPVPTVFNYGYTF	TRBV7-9	TRBJ1-2
CASSVVPMGTAGNTEAFF	TRBV9	TRBJ1-1
CASSPPGANYGYTF	TRBV18	TRBJ1-2
CASRRDRGRTDTQYF	TRBV10-2	TRBJ2-3
CASSPEGSYNEQFF	TRBV18	TRBJ2-1
CASRPINSYNEQFF	TRBV6-3	TRBJ2-1
CASSASLGVDLAKNIQYF	TRBV12-4	TRBJ2-4
CASSWDREMNTEAFF	TRBV6-5	TRBJ1-1
CASSLVPPGQGAFFTEAFF	TRBV7-2	TRBJ1-1
CASREVGGLDTDTQYF	TRBV4-1	TRBJ2-3
CSVVGTNTEAFF	TRBV29-1	TRBJ1-1
CASSQPENTEAFF	TRBV5-4	TRBJ1-1
CSGEIPGINYGYTF	TRBV20-1	TRBJ1-2
CASKGGGETQYF	TRBV13	TRBJ2-5
CASSLKGTYNSPLHF	TRBV5-6	TRBJ1-6
CASSFSVWDRPNTEAFF	TRBV12-3	TRBJ1-1
CASSLGDEQYF	TRBV11-3	TRBJ2-7
CASSPEPGLAGDNEQFF	TRBV7-2	TRBJ2-1
CASGGGGTGELFF	TRBV6-1	TRBJ2-2
CSVDTYNEQFF	TRBV29-1	TRBJ2-1
CASSIDRGILNTEAFF	TRBV19	TRBJ1-1
CSVLSGVTYNEQFF	TRBV29-1	TRBJ2-1
CASSLWGASGDPFF	TRBV27	TRBJ2-1
CASSQEDRPLYGYTF	TRBV4-1	TRBJ1-2
CASSPKREVRVLEKLFF	TRBV18	TRBJ1-4
CASSQDSSLTSGSSTDTQYF	TRBV3-1	TRBJ2-3
CASSEGYNEQFF	TRBV5-1	TRBJ2-1
CASSFPSYGYTF	TRBV12-3	TRBJ1-2
CASSQGQGAYGYTF	TRBV14	TRBJ1-2
CASSEWGTGDQPQHF	TRBV10-2	TRBJ1-5
CATSRDLGTGNTIYF	TRBV15	TRBJ1-3
CASLDGQNTEAFF	TRBV2	TRBJ1-1
CAIRTTPPGHSTDTQYF	TRBV10-3	TRBJ2-3
CASSLDGLPPSSGELFF	TRBV5-1	TRBJ2-2
CASSYTGGNTEAFF	TRBV11-2	TRBJ1-1
CASSLDVGDTEAFF	TRBV7-9	TRBJ1-1
CASSQEGAGGIHEQYF	TRBV3-1	TRBJ2-7
CARNSTGDQPQHF	TRBV27	TRBJ1-5
CASRPGRADYEQYF	TRBV5-1	TRBJ2-7
CASSQERQLNTEAFF	TRBV4-3	TRBJ1-1
CASNTEYNEQFF	TRBV3-1	TRBJ2-1
CASSPIQDTEAFF	TRBV7-9	TRBJ1-1
CASSQYLRPDYGYTF	TRBV14	TRBJ1-2
CASSFRGGGMDEQYF	TRBV11-2	TRBJ2-7
CASSQVIEGRAYEQYF	TRBV3-1	TRBJ2-7
CASSPSAWADTQYF	TRBV7-9	TRBJ2-3
CASSEVTALTLHF	TRBV6-1	TRBJ1-6
CASSLVLAGGNEQFF	TRBV11-2	TRBJ2-1
CASSQEYPGQETQYF	TRBV14	TRBJ2-5
CASSSGTRRTDTQYF	TRBV27	TRBJ2-3
CASSPLGGYDGELFF	TRBV6-5	TRBJ2-2
CASSFGGAGNTIYF	TRBV27	TRBJ1-3
CASSLVGGHQETQYF	TRBV7-3	TRBJ2-5
CASSDWGQGYGYTF	TRBV6-1	TRBJ1-2
CASSSGVYEQYF	TRBV19	TRBJ2-7
CASSVGGGDYEQYF	TRBV9	TRBJ2-7
CASSLFDIGEAFF	TRBV7-9	TRBJ1-1
CASSLLGYPMRDTQYF	TRBV7-2	TRBJ2-3
CASSIVNGNEQFF	TRBV19	TRBJ2-1
CASSLGAGALNEKLFF	TRBV5-4	TRBJ1-4
CASASGSTQYF	TRBV6-6	TRBJ2-3
CASSYGQGQNTEAFF	TRBV7-6	TRBJ1-1
CASSMTVSYTDTQYF	TRBV4-2	TRBJ2-3
CASSIGLNTEAFF	TRBV19	TRBJ1-1
CAIRTGLAGHNEQFF	TRBV10-3	TRBJ2-1
CASSERKFETSTDTQYF	TRBV6-1	TRBJ2-3
CASSDTYGYTF	TRBV6-4	TRBJ1-2
CASSLSGGRGDTQYF	TRBV27	TRBJ2-3
CASSPSRMSSYNEQFF	TRBV7-8	TRBJ2-1
CASSIMHPDTQYF	TRBV19	TRBJ2-3
CASSPAGAELYNEQFF	TRBV7-3	TRBJ2-1
CAIVGDTGELFF	TRBV4-1	TRBJ2-2
CASSHAGTNYYGYTF	TRBV19	TRBJ1-2
CASSSRHTEAFF	TRBV28	TRBJ1-1
CASRRAGDWETQYF	TRBV7-9	TRBJ2-5
CASSPSSWDRPGTGELFF	TRBV27	TRBJ2-2
CASSVATSGTGELFF	TRBV9	TRBJ2-2
CASSLNPTGDEQFF	TRBV12-3	TRBJ2-1
CASSTGTGYGYTF	TRBV19	TRBJ1-2
CASNSGLGTEAFF	TRBV7-9	TRBJ1-1
CASSLSRYRETQYF	TRBV27	TRBJ2-5
CASSYGGYNEQFF	TRBV6-5	TRBJ2-1
CASISPSTEAFF	TRBV27	TRBJ1-1
CASSLGSGKDNSPLHF	TRBV5-4	TRBJ1-6
CASSLVAGGQNEQFF	TRBV11-2	TRBJ2-1
CASSTGLDEDEQFF	TRBV6-5	TRBJ2-1
CASSSGGYEQYF	TRBV4-1	TRBJ2-7
CASSPSTGGYEQFF	TRBV27	TRBJ2-1
CASSLSGQGNTEAFF	TRBV27	TRBJ1-1
CASSLWTGTETQYF	TRBV5-6	TRBJ2-5
CASSQDRRVASGGNYNEQFF	TRBV4-3	TRBJ2-1
CATSTGQGETGELFF	TRBV15	TRBJ2-2
CSARDTTTGELFF	TRBV20-1	TRBJ2-2
CATRQGYEQYF	TRBV19	TRBJ2-7
CASSLSQVTNEKLFF	TRBV7-8	TRBJ1-4
CASSQEFGQSNQPQHF	TRBV4-1	TRBJ1-5
CASSQGIVSYEQYF	TRBV4-1	TRBJ2-7
CASSYSSRGNGYTF	TRBV6-3	TRBJ1-2
CATSDQGTEQYF	TRBV24-1	TRBJ2-7
CATQRRGGYYNEQFF	TRBV10-3	TRBJ2-1
CASRLSEGETQYF	TRBV11-2	TRBJ2-5
CASSRGADEQFF	TRBV19	TRBJ2-1
CASRPVSLGGSNTEAFF	TRBV11-3	TRBJ1-1
CATKGEAGGTDTQYF	TRBV12-4	TRBJ2-3
CASSIGFSPLHF	TRBV19	TRBJ1-6
CASSQGGTGIYGYTF	TRBV4-1	TRBJ1-2
CASSLTGQGPGYGYTF	TRBV13	TRBJ1-2
CASSLLSMNTEAFF	TRBV13	TRBJ1-1
CASDREGSGELFF	TRBV15	TRBJ2-2
CATRVSGAVTEAFF	TRBV19	TRBJ1-1
CASSLVSSGPRTYEQYF	TRBV7-6	TRBJ2-7
CASYWLRDRDPEAFF	TRBV6-1	TRBJ1-1
CASSLYTSGGTGELFF	TRBV5-8	TRBJ2-2
CASSSLGGVDTEAFF	TRBV4-1	TRBJ1-1
CASSLTQGVGETQYF	TRBV7-6	TRBJ2-5
CASSLASVGLLGYTF	TRBV11-2	TRBJ1-2
CASSQVQGAQSSGYTF	TRBV4-1	TRBJ1-2
CASSLEGLYGGELFF	TRBV7-9	TRBJ2-2
CASSSADGSYEQYF	TRBV5-1	TRBJ2-7
CSASGGSIWGETQYF	TRBV20-1	TRBJ2-5
CASSRDRHHNEQFF	TRBV9	TRBJ2-1
CASGLVPRQGGNGYTF	TRBV12-5	TRBJ1-2
CASSLAHGSEDTQYF	TRBV12-4	TRBJ2-3
CASSSRRVSSTDTQYF	TRBV5-6	TRBJ2-3
CASSPPGGQETQYF	TRBV18	TRBJ2-5
CASSSGVTDTQYF	TRBV7-2	TRBJ2-3
CASSYTGVPEKLFF	TRBV6-5	TRBJ1-4
CASSPGAGTYEQYF	TRBV3-1	TRBJ2-7
CASSFRQGNPPAKNIQYF	TRBV7-7	TRBJ2-4
CATSRVVGVDQPQHF	TRBV15	TRBJ1-5
CAWSGNDYGYTF	TRBV30	TRBJ1-2
CAISESEGAIQPQHF	TRBV10-3	TRBJ1-5
CASSQDRPGGRPYNEQFF	TRBV4-3	TRBJ2-1
CAWSVLGKATEAFF	TRBV30	TRBJ1-1
CASRGSRGSYGYTF	TRBV9	TRBJ1-2
CASSPGTGGTEKLFF	TRBV3-1	TRBJ1-4
CASSESEYVTEAFF	TRBV25-1	TRBJ1-1
CASSTTGDTEPWTEAFF	TRBV5-1	TRBJ1-1
CATVRPSTDTQYF	TRBV27	TRBJ2-3
CASSQDGSGLAGSNEQFF	TRBV4-3	TRBJ2-1
CASSLGIWNRSGLIQPQHF	TRBV12-3	TRBJ1-5
CSAGRGTSSFYNEQFF	TRBV20-1	TRBJ2-1
CASSVAARYTF	TRBV9	TRBJ1-2
CSASGGTAVPYEQYF	TRBV20-1	TRBJ2-7
CASSLGPGGNTEAFF	TRBV27	TRBJ1-1
CASSLAALSGGELFF	TRBV27	TRBJ2-2
CASSLAGGTGELFF	TRBV5-1	TRBJ2-2
CASKGDTGELFF	TRBV2	TRBJ2-2
CASSLSGSLTNTEAFF	TRBV27	TRBJ1-1
CASSPDLGIRYGYTF	TRBV7-2	TRBJ1-2
CASSLGSGSLPGELFF	TRBV7-8	TRBJ2-2
CASSESRPDVDVSGYTF	TRBV7-6	TRBJ1-2
CASSLGQGRNTEAFF	TRBV7-6	TRBJ1-1
CASARASMNTEAFF	TRBV4-3	TRBJ1-1
CASSPKQGLAGGNEQFF	TRBV9	TRBJ2-1
CASSDSTGQPQHF	TRBV7-6	TRBJ1-5
CASSFSPSGAHEQYF	TRBV5-4	TRBJ2-7
CASSLSQGWSETQYF	TRBV5-1	TRBJ2-5
CASSVLIAGSGTDTQYF	TRBV2	TRBJ2-3
CAWSVLSDFNYGYTF	TRBV30	TRBJ1-2
CASSDGTGLNEQYF	TRBV6-5	TRBJ2-7
CSVVGVGNTEAFF	TRBV29-1	TRBJ1-1
CASSAGAWTEAFF	TRBV4-1	TRBJ1-1
CASSYAGPSEKLFF	TRBV6-5	TRBJ1-4
CAISEYGAKDTDTQYF	TRBV10-3	TRBJ2-3
CASSILGNGYTF	TRBV19	TRBJ1-2
CASRTQGVGNTIYF	TRBV6-5	TRBJ1-3
CASSSGGTYGYTF	TRBV9	TRBJ1-2
CASTEHSGGKYF	TRBV2	TRBJ2-7
CASSQQGAEAFF	TRBV6-3	TRBJ1-1
CASSLGPYSNQPQHF	TRBV19	TRBJ1-5
CASGLVMLAGAGELFF	TRBV12-5	TRBJ2-2
CASSLGQNYGYTF	TRBV27	TRBJ1-2
CSAVPGQGHTGELFF	TRBV29-1	TRBJ2-2
CASSCTGTGYGYTF	TRBV25-1	TRBJ1-2
CASSLGVIAGGLNEQFF	TRBV7-2	TRBJ2-1
CASSFAPGGGYTGELFF	TRBV7-9	TRBJ2-2
CASRESLNEKLFF	TRBV2	TRBJ1-4
CASSPPSPKETQYF	TRBV3-1	TRBJ2-5
CASSITGGWRQPQHF	TRBV19	TRBJ1-5
CASSQEGPGLFTGELFF	TRBV4-1	TRBJ2-2
CASSQDDRGSFTEAFF	TRBV4-1	TRBJ1-1
CASSLVGSKHEQFF	TRBV5-1	TRBJ2-1
CASIGESGELQETQYF	TRBV2	TRBJ2-5
CASSFQGRRLHF	TRBV11-1	TRBJ1-6
CASSAQGARGQFF	TRBV5-8	TRBJ2-1
CASLEEGTDTQYF	TRBV7-9	TRBJ2-3
CASSQGKLLSYEQYF	TRBV4-1	TRBJ2-7
CASRPLTGSLSGNTIYF	TRBV27	TRBJ1-3
CATIGTADGGGNTEAFF	TRBV27	TRBJ1-1
CSASLKEGREIYEQYF	TRBV20-1	TRBJ2-7
CASSDFGRTEAFF	TRBV13	TRBJ1-1
CASSFRTGQETQYF	TRBV7-6	TRBJ2-5
CASRGLPNQETQYF	TRBV6-1	TRBJ2-5
CASSFQGGLRGNTIYF	TRBV19	TRBJ1-3
CSARVRTQGTYNEQFF	TRBV20-1	TRBJ2-1
CASSEVWDRGYEQYF	TRBV27	TRBJ2-7
CASSADMGTEAFF	TRBV7-8	TRBJ1-1
CASSETSGQETQYF	TRBV5-6	TRBJ2-5
CASSLAGLSDEQFF	TRBV7-9	TRBJ2-1
CASSLSWNEQFF	TRBV7-6	TRBJ2-1
CASSAHWGSSTDTQYF	TRBV9	TRBJ2-3
CASSIFDVGDNEQFF	TRBV19	TRBJ2-1
CASSYSGLAGYNEQFF	TRBV6-5	TRBJ2-1
CASKLRGEETQYF	TRBV11-3	TRBJ2-5
CASRGGQGAVEAFF	TRBV6-5	TRBJ1-1
CASSNSGSSYNSPLHF	TRBV19	TRBJ1-6
CASSRGRADLTDTQYF	TRBV11-3	TRBJ2-3
CASSPPGFGYGYTF	TRBV7-9	TRBJ1-2
CASSFGTGGWYEQYF	TRBV6-5	TRBJ2-7
CASSPPPSPRRVWGTDTQYF	TRBV19	TRBJ2-3
CASSYATGDADTQYF	TRBV6-5	TRBJ2-3
CASSRQGPYNEQFF	TRBV19	TRBJ2-1
CASSLAIIGQGYGDEQFF	TRBV7-9	TRBJ2-1
CASSWTRYNEQFF	TRBV5-1	TRBJ2-1
CAISESRGSLSDTQYF	TRBV10-3	TRBJ2-3
CASRGQGRNNEQFF	TRBV7-9	TRBJ2-1
CSALGTGGFVTDTQYF	TRBV20-1	TRBJ2-3
CASSLERSREQYF	TRBV7-7	TRBJ2-7
CASSFSRGLGTEAFF	TRBV27	TRBJ1-1
CASSQDHASGGALDTQYF	TRBV4-3	TRBJ2-3
CASSLQMSDQPQHF	TRBV12-3	TRBJ1-5
CASSTTTGSYEQYF	TRBV9	TRBJ2-7
CASSQDWVLAGTQEQFF	TRBV4-1	TRBJ2-1
CASSLVGYEQFF	TRBV5-1	TRBJ2-1
CASTTWDFNQPQHF	TRBV19	TRBJ1-5
CASSVSGGDPYEQYF	TRBV9	TRBJ2-7
CAISGGSGGAQDTQYF	TRBV10-3	TRBJ2-3
CASSKRGPNTEAFF	TRBV19	TRBJ1-1
CASSLAGPGLAGQETQYF	TRBV7-6	TRBJ2-5
CAWSEILNTEAFF	TRBV30	TRBJ1-1
CASRSVLGGDTQYF	TRBV5-1	TRBJ2-3
CASSSTGIEETQYF	TRBV7-7	TRBJ2-5
CASSQTGLAYNSPLHF	TRBV4-3	TRBJ1-6
CASSMDMWTEAFF	TRBV19	TRBJ1-1
CASSQGEGLRTDTQYF	TRBV10-2	TRBJ2-3
CASSYGEGTEAFF	TRBV6-5	TRBJ1-1
CASSPRVSYNEQFF	TRBV5-1	TRBJ2-1
CASSLRWGGGYTF	TRBV12-4	TRBJ1-2
CSVEWLNNEQFF	TRBV29-1	TRBJ2-1
CASSWGDRGRSEKLFF	TRBV7-9	TRBJ1-4
CASSFPPDRGRVYYGYTF	TRBV7-2	TRBJ1-2
CASNDRLFGTAYQETQYF	TRBV3-1	TRBJ2-5
CASSLLGDNEQFF	TRBV7-6	TRBJ2-1
CASSVRGQGPHEQYF	TRBV9	TRBJ2-7
CASRPQGVYNEQFF	TRBV7-9	TRBJ2-1
CASSYPPLESGANVLTF	TRBV7-6	TRBJ2-6
CATSQGTHTQYF	TRBV24-1	TRBJ2-3
CASSLAVIRGRRNEQFF	TRBV5-4	TRBJ2-1
CASSPRAGGTDTQYF	TRBV12-4	TRBJ2-3
CASSDSTSSGANVLTF	TRBV6-4	TRBJ2-6
CASRYDSDSNQPQHF	TRBV27	TRBJ1-5
CASSLGFEGNQPQHF	TRBV5-1	TRBJ1-5
CASSLVGTGPPGNTIYF	TRBV7-2	TRBJ1-3
CASEPQSVMNTEAFF	TRBV7-8	TRBJ1-1
CASIGHMNTEAFF	TRBV2	TRBJ1-1
CASSVFGEDNEQFF	TRBV9	TRBJ2-1
CASSMGGFNEKLFF	TRBV19	TRBJ1-4
CASSLLGDYGYTF	TRBV12-4	TRBJ1-2
CASSPRLAGGPQETQYF	TRBV27	TRBJ2-5
CASSLGVNQPQHF	TRBV27	TRBJ1-5
CASSFARSRLNYGYTF	TRBV7-3	TRBJ1-2
CAIGDRLYEKLFF	TRBV10-3	TRBJ1-4
CSAVLRDPGAQTQYF	TRBV20-1	TRBJ2-5
CASSVDRGNQPQHF	TRBV7-9	TRBJ1-5
CASSTIGGGTEAFF	TRBV2	TRBJ1-1
CASGLYPGQPQHF	TRBV12-5	TRBJ1-5
CASSLGPSSTEAFF	TRBV11-2	TRBJ1-1
CASTPTVVRSGKLFF	TRBV28	TRBJ1-4
CASSRSGLAGSNTDTQYF	TRBV19	TRBJ2-3
CASSMAANTEAFF	TRBV19	TRBJ1-1
CASSLIDQETQYF	TRBV13	TRBJ2-5
CASSQGGRINQPQHF	TRBV4-2	TRBJ1-5
CASSIVRGGVYNEQFF	TRBV19	TRBJ2-1
CSVEEAGRNTEAFF	TRBV29-1	TRBJ1-1
CSALGGVGVRENTEAFF	TRBV20-1	TRBJ1-1
CASSQDRYSNQPQHF	TRBV4-3	TRBJ1-5
CASSQEPISYEQYF	TRBV3-1	TRBJ2-7
CASSFGLAGLGDEQFF	TRBV7-9	TRBJ2-1
CASRDRVSDSDTQYF	TRBV19	TRBJ2-3
CASSLRVFTGVGTDTQYF	TRBV12-4	TRBJ2-3
CSARAGRGLDTDTQYF	TRBV20-1	TRBJ2-3
CASSLVGGTEAFF	TRBV7-8	TRBJ1-1
CATSSGNYGYTF	TRBV15	TRBJ1-2
CASSLPVEGTETQYF	TRBV3-1	TRBJ2-5
CASSQDHRMGGQEKLFF	TRBV4-3	TRBJ1-4
CASSPVSGNTIYF	TRBV19	TRBJ1-3
CSARDTWRRDPGTDTQYF	TRBV20-1	TRBJ2-3
CASSLGQGLGNTIYF	TRBV6-5	TRBJ1-3
CASSLWEADTGELFF	TRBV12-4	TRBJ2-2
CASRRVNNEQFF	TRBV5-8	TRBJ2-1
CASSESFGGGVNTQYF	TRBV10-2	TRBJ2-3
CASSQAVAGYYGYTF	TRBV4-2	TRBJ1-2
CASSPDSNNEQFF	TRBV6-5	TRBJ2-1
CASSQTSFSYNEQFF	TRBV4-1	TRBJ2-1
CASSYLSASTDTQYF	TRBV12-3	TRBJ2-3
CASSQVFGSSNTGELFF	TRBV14	TRBJ2-2
CATRDANSPLHF	TRBV6-1	TRBJ1-6
CATGRANTEAFF	TRBV6-1	TRBJ1-1
CASRSSWGGATEAFF	TRBV27	TRBJ1-1
CASSVAFEGMGSYNEQFF	TRBV9	TRBJ2-1
CASSYGGGADEQFF	TRBV19	TRBJ2-1
CASSEFGARTDTQYF	TRBV9	TRBJ2-3
CASSPSGRFGELFF	TRBV6-3	TRBJ2-2
CASSPGVINEKLFF	TRBV7-9	TRBJ1-4
CATSNNRGPGELFF	TRBV15	TRBJ2-2
CASSQGGGLTEAFF	TRBV4-1	TRBJ1-1
CASSLPGGEDTEAFF	TRBV7-8	TRBJ1-1
CASSYLLTGSLEETQYF	TRBV6-6	TRBJ2-5
CASSRHLQSNFNYGYTF	TRBV6-5	TRBJ1-2
CASSQWTSGGHTGELFF	TRBV12-4	TRBJ2-2
CASSLGFGTRVEQFF	TRBV7-2	TRBJ2-1
CASSFSGYNEQFF	TRBV7-2	TRBJ2-1
CASSLGRVSTEAFF	TRBV7-8	TRBJ1-1
CAISETTSGRDEQFF	TRBV10-3	TRBJ2-1
CASSLGQGDTEAFF	TRBV7-9	TRBJ1-1
CSVPVVDTQYF	TRBV29-1	TRBJ2-3
CASSIGVAGEKLFF	TRBV19	TRBJ1-4
CASSLGESIAKNIQYF	TRBV7-9	TRBJ2-4
CASSQDVGPDSLNTGELFF	TRBV4-3	TRBJ2-2
CASSSRTSSTDTQYF	TRBV12-4	TRBJ2-3
CASSLEITSGNTIYF	TRBV7-2	TRBJ1-3
CASSQSGGTSYEQYF	TRBV4-1	TRBJ2-7
CASVVRGAYNEQFF	TRBV7-9	TRBJ2-1
CASSSSGGITDTQYF	TRBV10-2	TRBJ2-3
CASSSTSGYSEAFF	TRBV7-2	TRBJ1-1
CASTSDRDYGYTF	TRBV5-4	TRBJ1-2
CASSSRGGLAGDSTDTQYF	TRBV4-2	TRBJ2-3
CSARDGSYRTSGLNEQFF	TRBV20-1	TRBJ2-1
CSVDGLAGIYNEQFF	TRBV29-1	TRBJ2-1
CAWSWTTGGNQPQHF	TRBV30	TRBJ1-5
CASSAGQGSYEQYF	TRBV19	TRBJ2-7
CASSLSTGSNQPQHF	TRBV27	TRBJ1-5
CASSIGGNPADTQYF	TRBV19	TRBJ2-3
CASSGQNTEAFF	TRBV9	TRBJ1-1
CASSLELDIQYF	TRBV11-3	TRBJ2-4
CASSLSSGGQGEQYF	TRBV27	TRBJ2-7
CASRTGLAGPQDEQFF	TRBV2	TRBJ2-1
CASSPLTEGDEQFF	TRBV27	TRBJ2-1
CASSLVGGRASDTQYF	TRBV7-2	TRBJ2-3
CSARDSILENYGYTF	TRBV20-1	TRBJ1-2
CASSPTSGSGDTQYF	TRBV9	TRBJ2-3
CASSPNLSTDTQYF	TRBV4-1	TRBJ2-3
CASSTGQAFTDTQYF	TRBV5-5	TRBJ2-3
CSVEAGVHTGELFF	TRBV29-1	TRBJ2-2
CASSRRGDSTYNEQFF	TRBV10-1	TRBJ2-1
CASSPPGRNTEAFF	TRBV18	TRBJ1-1
CASSWVGRVLFF	TRBV19	TRBJ1-4
CASSEGYRALLRTGELFF	TRBV6-1	TRBJ2-2
CASRPQGAVEAFF	TRBV6-5	TRBJ1-1
CASSQVGLGTGELFF	TRBV4-1	TRBJ2-2
CASSLGERVGYGYTF	TRBV5-1	TRBJ1-2
CATSTGQLNYGYTF	TRBV15	TRBJ1-2
CASTPGLALNNEQFF	TRBV19	TRBJ2-1
CASSPLAGGPGYNEQFF	TRBV4-1	TRBJ2-1
CASSGAGYGYTF	TRBV9	TRBJ1-2
CASSFLLAGGPVDSSYNEQFF	TRBV7-4	TRBJ2-1
CASSLLGAGELFF	TRBV27	TRBJ2-2
CASSPRTSGSVHREQFF	TRBV5-8	TRBJ2-1
CASSLQGNTEAFF	TRBV27	TRBJ1-1
CASSLAIGNYGYTF	TRBV7-9	TRBJ1-2
CSARDQDQRGSSTDTQYF	TRBV20-1	TRBJ2-3
CASSLVVQRAGGEQYF	TRBV7-2	TRBJ2-7
CASSPSPGLAGDEQFF	TRBV12-4	TRBJ2-1
CASSLNRAGELFF	TRBV10-1	TRBJ2-2
CSVETSGTGERVVPYEQYF	TRBV29-1	TRBJ2-7
CASSPIADHTQYF	TRBV7-9	TRBJ2-3
CASSLEGGGSTDTQYF	TRBV7-8	TRBJ2-3
CASSARVWPGELFF	TRBV7-9	TRBJ2-2
CASFYRDTQYF	TRBV5-1	TRBJ2-3
CASSLTEGQVTFEAFF	TRBV7-8	TRBJ1-1
CASSLGRNYGYTF	TRBV5-6	TRBJ1-2
CASSPFWGGGHTDTQYF	TRBV27	TRBJ2-3
CASNPGTGRYGYTF	TRBV12-4	TRBJ1-2
CASSYLDGAGPEAFF	TRBV7-9	TRBJ1-1
CSARDRIGGRLTDTQYF	TRBV20-1	TRBJ2-3
CASSLVVVEQETQYF	TRBV7-9	TRBJ2-5
CASSFNAALNSPLHF	TRBV12-4	TRBJ1-6
CASSQDPGQGSNEQFF	TRBV3-1	TRBJ2-1
CASNRDPLDTEAFF	TRBV19	TRBJ1-1
CASSPGPHEQFF	TRBV9	TRBJ2-1
CASSVGGTHYEQYF	TRBV12-4	TRBJ2-7
CASSLAWTYNEQFF	TRBV6-3	TRBJ2-1
CASSSRQTDYEQYF	TRBV13	TRBJ2-7
CASSLYLQGRGEQFF	TRBV27	TRBJ2-1
CASSPSDGRTDTQYF	TRBV7-2	TRBJ2-3
CASSRGQGNEAFF	TRBV9	TRBJ1-1
CASKGVSTDTQYF	TRBV2	TRBJ2-3
CASSLMIGAGEAKNIQYF	TRBV7-2	TRBJ2-4
CSVGRDRGPTGELFF	TRBV29-1	TRBJ2-2
CSARDVTGGGYTF	TRBV20-1	TRBJ1-2
CASSPLREHTGELFF	TRBV18	TRBJ2-2
CATLISGNNYGYTF	TRBV6-5	TRBJ1-2
CAISEGRTGPGTPQHF	TRBV10-3	TRBJ1-5
CSATARGGTSGGKSYEQYF	TRBV20-1	TRBJ2-7
CASSAKDGNYGYTF	TRBV6-5	TRBJ1-2
CASSQDKVRGLASGKTDTQYF	TRBV4-3	TRBJ2-3
CASSLYTSTDTQYF	TRBV4-1	TRBJ2-3
CASSSWGGQDNEKLFF	TRBV9	TRBJ1-4
CASSFEQGGEAQHF	TRBV7-9	TRBJ1-5
CASSTWDSQETQYF	TRBV7-9	TRBJ2-5
CASGSDTYGYTF	TRBV5-6	TRBJ1-2
CASTRTSGKDTQYF	TRBV12-4	TRBJ2-3
CASSRVDTQYF	TRBV4-1	TRBJ2-3
CASSGTGGKNTEAFF	TRBV9	TRBJ1-1
CASSDPGRNNEQFF	TRBV7-8	TRBJ2-1
CASSLGLAVDEQYF	TRBV5-1	TRBJ2-7
CASSLGHDLADTQYF	TRBV11-2	TRBJ2-3
CASSIGRVADQFF	TRBV19	TRBJ2-1
CSVDVDTGELFF	TRBV29-1	TRBJ2-2
CASSQAPRGWDEQFF	TRBV4-1	TRBJ2-1
CASSQIQGQGAYEQYF	TRBV4-1	TRBJ2-7
CASTAKQDFQETQYF	TRBV12-3	TRBJ2-5
CASSQHLGGLSAKNIQYF	TRBV4-3	TRBJ2-4
CASSYYGRTVNQPQHF	TRBV7-9	TRBJ1-5
CASTVGGPGTGELFF	TRBV6-5	TRBJ2-2
CASRPQGFNQPQHF	TRBV27	TRBJ1-5
CASSLWQGTAGELFF	TRBV5-6	TRBJ2-2
CASSILGRTDTQYF	TRBV19	TRBJ2-3
CASSPGGQGRTEAFF	TRBV13	TRBJ1-1
CASSLVEGGSQGAEPTYNEQFF	TRBV13	TRBJ2-1
CASSAGQSVSSGANVLTF	TRBV7-3	TRBJ2-6
CASSPGGPAEQYF	TRBV6-5	TRBJ2-7
CASRGHTGELFF	TRBV7-2	TRBJ2-2
CASSFARVPGDEQFF	TRBV7-8	TRBJ2-1
CASSSDYNEQFF	TRBV7-6	TRBJ2-1
CASSPSGAGTGTDTQYF	TRBV9	TRBJ2-3
CASSPLGYGYTF	TRBV7-7	TRBJ1-2
CASSFPGGYGYTF	TRBV7-9	TRBJ1-2
CASSLSMEGKETQYF	TRBV27	TRBJ2-5
CASSEYLSGSSYEQYF	TRBV6-1	TRBJ2-7
CASSPPTGVGYGYTF	TRBV28	TRBJ1-2
CATSRITSSTQYF	TRBV15	TRBJ2-3
CASSQVGTGHGYTF	TRBV4-3	TRBJ1-2
CASSLVRGGGDQPQHF	TRBV7-9	TRBJ1-5
CASEPGPVLNGYTF	TRBV7-9	TRBJ1-2
CASSGQVGYEQYF	TRBV7-9	TRBJ2-7
CASSSGTGLNTEAFF	TRBV7-8	TRBJ1-1
CASSLVVMTGKSNQPQHF	TRBV7-9	TRBJ1-5
CAIQRGIGGYTF	TRBV19	TRBJ1-2
CSARDHFAGGQANYGYTF	TRBV20-1	TRBJ1-2
CASSLLARGTDTQYF	TRBV12-4	TRBJ2-3
CASSLLAGGRDTQYF	TRBV7-3	TRBJ2-3
CASSSGTGPYNEQFF	TRBV5-1	TRBJ2-1
CASRGSRDRALNTEAFF	TRBV25-1	TRBJ1-1
CSARNPGLASWSEDTQYF	TRBV20-1	TRBJ2-3
CSATPTPGQFYEQYF	TRBV20-1	TRBJ2-7
CASSEGRGEQYF	TRBV6-6	TRBJ2-7
CASSIASNTGELFF	TRBV19	TRBJ2-2
CASSPGTGGVNEQFF	TRBV19	TRBJ2-1
CASSEGDTQYF	TRBV27	TRBJ2-3
CASSLGDMTNYGYTF	TRBV7-8	TRBJ1-2
CSVTEGFGEQYF	TRBV29-1	TRBJ2-7
CASSLARTSGTLTYNEQFF	TRBV11-2	TRBJ2-1
CASSLGEPATGELFF	TRBV11-3	TRBJ2-2
CATSGGRSGTSGSYNEQFF	TRBV24-1	TRBJ2-1
CASSPRERQETQYF	TRBV7-6	TRBJ2-5
CASSEQYNEQFF	TRBV19	TRBJ2-1
CASSFQGYNEQFF	TRBV10-1	TRBJ2-1
CASSLDSGFGELFF	TRBV11-3	TRBJ2-2
CASSRLTGVVFNEQFF	TRBV4-1	TRBJ2-1
CASSFTEMIGELFF	TRBV27	TRBJ2-2
CAITRLIGTTDTEAFF	TRBV10-3	TRBJ1-1
CASSSNQGRSYGYTF	TRBV7-9	TRBJ1-2
CASSLQTGYSEDEQYF	TRBV5-1	TRBJ2-7
CASSRYNEQFF	TRBV6-3	TRBJ2-1
CASSPPVWEMTDTQYF	TRBV7-2	TRBJ2-3
CASSIVGAWNTEAFF	TRBV19	TRBJ1-1
CATSAGLNTEAFF	TRBV24-1	TRBJ1-1
CASSFATEAFF	TRBV12-4	TRBJ1-1
CASNRGNTGELFF	TRBV12-3	TRBJ2-2
CASSLVLAGGEQYF	TRBV11-2	TRBJ2-7
CASSQDMGGRQYF	TRBV4-1	TRBJ2-3
CASSPPGTSGFYEQFF	TRBV13	TRBJ2-1
CASSYVPPSGNQETQYF	TRBV6-3	TRBJ2-5
CASRYGDGVLGYGYTF	TRBV19	TRBJ1-2
CASINGLANTGELFF	TRBV3-1	TRBJ2-2
CASSQDHRGRISGYTF	TRBV14	TRBJ1-2
CASSQVSGGFGNTIYF	TRBV4-1	TRBJ1-3
CASTQWSGGSYNEQFF	TRBV7-9	TRBJ2-1
CATSRTGGRYGYTF	TRBV15	TRBJ1-2
CASRYGLYNEQFF	TRBV19	TRBJ2-1
CASSEMTSGGNYNEQFF	TRBV5-6	TRBJ2-1
CSATAQDTYNEQFF	TRBV20-1	TRBJ2-1
CASSLRTSGSFTDTQYF	TRBV28	TRBJ2-3
CASIQGTNEKLFF	TRBV6-6	TRBJ1-4
CSASPGQVEAFF	TRBV20-1	TRBJ1-1
CASSNYRLTENTEAFF	TRBV7-9	TRBJ1-1
CASSLLRAATNEKLFF	TRBV7-8	TRBJ1-4
CATHRGGVNTEAFF	TRBV19	TRBJ1-1
CASSDGRDGDTEAFF	TRBV6-4	TRBJ1-1
CASAAGTGGDYGYTF	TRBV5-4	TRBJ1-2
CASYRPGAGELFF	TRBV11-2	TRBJ2-2
CASNGAGGPETQYF	TRBV9	TRBJ2-5
CASSPSGGNEQFF	TRBV10-2	TRBJ2-1
CASSYGGSSGPQHF	TRBV6-5	TRBJ1-5
CAWSVDNMNTEAFF	TRBV30	TRBJ1-1
CASSPPFEREDNEQFF	TRBV18	TRBJ2-1
CASSPWKRLANYEQFF	TRBV6-3	TRBJ2-1
CASSRSDSSYEQYF	TRBV6-5	TRBJ2-7
CASSVGGPSTDTQYF	TRBV9	TRBJ2-3
CASSPREGSSYNSPLHF	TRBV11-2	TRBJ1-6
CASRQILAANTDTQYF	TRBV5-6	TRBJ2-3
CASSLGDRIYTF	TRBV11-2	TRBJ1-2
CASSPYYSADGYTF	TRBV7-3	TRBJ1-2
CASRPLTGRVHDTQYF	TRBV27	TRBJ2-3
CASTRTGFFDSGNTIYF	TRBV5-6	TRBJ1-3
CASKEGTTGTEAFF	TRBV6-1	TRBJ1-1
CASSHNTEYNSPLHF	TRBV4-1	TRBJ1-6
CASLGKIGPMNTEAFF	TRBV6-1	TRBJ1-1
CASSITGNTEAFF	TRBV19	TRBJ1-1
CASSESGSSPLHF	TRBV10-1	TRBJ1-6
CASSLEPPGTEAFF	TRBV5-6	TRBJ1-1
CASSIGSGVRSNQPQHF	TRBV19	TRBJ1-5
CASSSSDQGRRGYTF	TRBV5-6	TRBJ1-2
CASSYPGVTMNTEAFF	TRBV6-6	TRBJ1-1
CASSGDTAFYGYTF	TRBV5-5	TRBJ1-2
CASRNIWATPAATDTQYF	TRBV6-3	TRBJ2-3
CASGVSGNTGELFF	TRBV10-2	TRBJ2-2
CSSPGGPNEKLFF	TRBV20-1	TRBJ1-4
CASSFFAGEKNEQFF	TRBV7-8	TRBJ2-1
CASRRDRTSGANVLTF	TRBV5-1	TRBJ2-6
CASSWGTRTGESYEQYF	TRBV13	TRBJ2-7
CASSLTPSGSTYEQYF	TRBV7-9	TRBJ2-7
CASSFGEGVPYEQYF	TRBV5-1	TRBJ2-7
CASSAGTAARTQYF	TRBV9	TRBJ2-5
CASSFGGVRNTEAFF	TRBV12-4	TRBJ1-1
CATSDRTSGSFNEQFF	TRBV24-1	TRBJ2-1
CASSVTDRAQYF	TRBV7-8	TRBJ2-5
CASSPRGAWFDEQFF	TRBV7-6	TRBJ2-1
CASSLLGLEQFF	TRBV27	TRBJ2-1
CASSHPWAGSYNEQFF	TRBV7-9	TRBJ2-1
CSASPSGRPSTDTQYF	TRBV20-1	TRBJ2-3
CASSYSIPGELFF	TRBV6-3	TRBJ2-2
CASSLSSNEQFF	TRBV27	TRBJ2-1
CASSLAGGPLETQYF	TRBV7-3	TRBJ2-5
CSGRGSGGIIYEQFF	TRBV20-1	TRBJ2-1
CATSDWSASGLDDNEQFF	TRBV24-1	TRBJ2-1
CASSLIAGEKVNEQFF	TRBV7-3	TRBJ2-1
CASSPHPMNTEAFF	TRBV4-1	TRBJ1-1
CASSLMTGLGDTGELFF	TRBV6-5	TRBJ2-2
CAINNGPLAPPDTQYF	TRBV10-3	TRBJ2-3
CASSLDDNNQPQHF	TRBV7-2	TRBJ1-5
CASSPRTSGVANEQFF	TRBV3-1	TRBJ2-1
CASRHEAGEGPETQYF	TRBV5-1	TRBJ2-5
CASSLKTGFSNQPQHF	TRBV5-6	TRBJ1-5
CASSIASGGRGKFF	TRBV19	TRBJ2-1
CASSQTEFATNEKLFF	TRBV27	TRBJ1-4
CASRTPRGLAGLRETQYF	TRBV2	TRBJ2-5
CASSPKLTVSLGANVLTF	TRBV11-2	TRBJ2-6
CASSTTGGYSNQPQHF	TRBV19	TRBJ1-5
CASSYERGGPPNTGELFF	TRBV6-6	TRBJ2-2
CATSGETIDGYTF	TRBV24-1	TRBJ1-2
CASSTGFGTDTQYF	TRBV10-1	TRBJ2-3
CASSQYSRTPYGYTF	TRBV14	TRBJ1-2
CASSQDRISSRSNTGELFF	TRBV4-1	TRBJ2-2
CASSLDHGGGNTEAFF	TRBV11-3	TRBJ1-1
CSVEGDWRQGASGYTF	TRBV29-1	TRBJ1-2
CASSQDMPDKGSLAKNIQYF	TRBV4-2	TRBJ2-4
CASSQEGDEQFF	TRBV4-1	TRBJ2-1
CASGPGTGVYEQYF	TRBV7-8	TRBJ2-7
CASRRLAGNTGELFF	TRBV27	TRBJ2-2
CASSGLAPEQFF	TRBV5-4	TRBJ2-1
CASSLGPMNTGELFF	TRBV27	TRBJ2-2
CAISESVRVVSDTQYF	TRBV10-3	TRBJ2-3
CASSYSHRQGNYGYTF	TRBV6-5	TRBJ1-2
CASASGGFDEQFF	TRBV6-5	TRBJ2-1
CASSLTGTALNSYEQYF	TRBV27	TRBJ2-7
CASGTGELFF	TRBV11-2	TRBJ2-2
CSAPTATTSSVFTEAFF	TRBV20-1	TRBJ1-1
CASSLASGTSNYNEQFF	TRBV12-4	TRBJ2-1
CASTLDGRTSGANVLTF	TRBV3-1	TRBJ2-6
CASSLSTEAFF	TRBV11-2	TRBJ1-1
CASSEGYGMNTEAFF	TRBV12-4	TRBJ1-1
CSVETTGLNYGYTF	TRBV29-1	TRBJ1-2
CASSPGLANTGELFF	TRBV12-4	TRBJ2-2
CASSEIAGGTDTQYF	TRBV6-1	TRBJ2-3
CASSLGESGTGPHGYTF	TRBV7-9	TRBJ1-2
CASSQVLGTYEQYF	TRBV3-1	TRBJ2-7
CASSDPGTGRTEAFF	TRBV2	TRBJ1-1
CASNPAGGVYNEQFF	TRBV9	TRBJ2-1
CASSLETGAYQPQHF	TRBV7-6	TRBJ1-5
CAISLSGRGNEQFF	TRBV10-3	TRBJ2-1
CASSLGRASNTDTQYF	TRBV7-9	TRBJ2-3
CASSIDARDSGANVLTF	TRBV19	TRBJ2-6
CASSFLGGRNPNEQFF	TRBV27	TRBJ2-1
CATSRDQAPGEQYF	TRBV15	TRBJ2-7
CASSEFGDRGLSYNSPLHF	TRBV25-1	TRBJ1-6
CASSSTALSYNEQFF	TRBV12-4	TRBJ2-1
CASSLWTVNANTGELFF	TRBV11-3	TRBJ2-2
CASSPPLWQIYEQYF	TRBV7-9	TRBJ2-7
CASSLVLQRIYGYTF	TRBV12-4	TRBJ1-2
CSARDRDRATYNEQFF	TRBV20-1	TRBJ2-1
CASSQAQGWYEQYF	TRBV14	TRBJ2-7
CASSSDRQGAVTGYTF	TRBV12-4	TRBJ1-2
CASRLADTQYF	TRBV27	TRBJ2-3
CASRPSSQGLAGGYNEQFF	TRBV7-2	TRBJ2-1
CSVEQMNTEAFF	TRBV29-1	TRBJ1-1
CASSFGADTQYF	TRBV12-3	TRBJ2-3
CASSPPHRGTEAFF	TRBV18	TRBJ1-1
CASSTRDRRSEETQYF	TRBV27	TRBJ2-5
CASSLGYEQFF	TRBV7-8	TRBJ2-1
CASSGGTSGVDTQYF	TRBV9	TRBJ2-3
CASSLEVPSGGSNEQYF	TRBV5-1	TRBJ2-7
CASSSPASYEQYF	TRBV27	TRBJ2-7
CASGGTETYEQYF	TRBV7-9	TRBJ2-7
CASGSGGSGNTIYF	TRBV12-5	TRBJ1-3
CASSEMGNEQYF	TRBV10-1	TRBJ2-7
CASSFAGNEQFF	TRBV5-1	TRBJ2-1
CASSDKWGGSGNTIYF	TRBV6-1	TRBJ1-3
CASSLTEAFF	TRBV11-2	TRBJ1-1
CASSLAGAYSNQPQHF	TRBV5-8	TRBJ1-5
CASSYVIAGSYNEQFF	TRBV5-1	TRBJ2-1
CASSPEGLLTEQFF	TRBV6-5	TRBJ2-1
CASSLGQGLAYEQYF	TRBV7-6	TRBJ2-7
CATGTGGTGELFF	TRBV15	TRBJ2-2
CASSNVGGIWTEAFF	TRBV19	TRBJ1-1
CASSLSNEGHTGYDYGYTF	TRBV27	TRBJ1-2
CASSSSGPFNVLTF	TRBV7-6	TRBJ2-6
CASSVGVAGELFF	TRBV2	TRBJ2-2
CASRAMETQYF	TRBV7-9	TRBJ2-5
CASSFRQLISGNTIYF	TRBV28	TRBJ1-3
CASGLNTRYVGGTEAFF	TRBV12-5	TRBJ1-1
CASSLFFDNQPQHF	TRBV5-5	TRBJ1-5
CASSASGGSRNTEAFF	TRBV9	TRBJ1-1
CASSVGEGTGGNTIYF	TRBV9	TRBJ1-3
CASRGRTTNYGYTF	TRBV3-1	TRBJ1-2
CSARDTSESTDTQYF	TRBV20-1	TRBJ2-3
CASSFSPGSTGELFF	TRBV27	TRBJ2-2
CASSISATGEQFF	TRBV19	TRBJ2-1
CASSPREGSSYNEQFF	TRBV6-4	TRBJ2-1
CASRENREAFF	TRBV6-1	TRBJ1-1
CASSFAGGITPEAFF	TRBV6-6	TRBJ1-1
CASSYGTRSGYTF	TRBV6-5	TRBJ1-2
CASSIDEGGNQPQHF	TRBV19	TRBJ1-5
CASSPAGQGDYQPQHF	TRBV19	TRBJ1-5
CASSQYRVDYTEAFF	TRBV4-1	TRBJ1-1
CASSIGQSYNEQFF	TRBV12-4	TRBJ2-1
CASSYGVAGGYNEQFF	TRBV6-3	TRBJ2-1
CATSREVVDDGYTF	TRBV15	TRBJ1-2
CASSPFNVGAGNTIYF	TRBV11-2	TRBJ1-3
CSVDGLAGGTYNEQFF	TRBV29-1	TRBJ2-1
CASSWGQDSYGYTF	TRBV27	TRBJ1-2
CASSQDRANTDTQYF	TRBV3-1	TRBJ2-3
CASSLGQGLNTEAFF	TRBV3-1	TRBJ1-1
CASSDSTGGYNEQFF	TRBV6-4	TRBJ2-1
CASSRGGLAGEETQYF	TRBV10-1	TRBJ2-5
CASSGPTGAYEQYF	TRBV5-1	TRBJ2-7
CSARDPSGSSYNEQFF	TRBV20-1	TRBJ2-1
CASSQGGRGYNEQFF	TRBV4-1	TRBJ2-1
CASAVALAEPPDTQYF	TRBV7-9	TRBJ2-3
CASSSGTGDYNEQFF	TRBV5-1	TRBJ2-1
CASSLGQLSYNEQFF	TRBV2	TRBJ2-1
CASSTTRNQETQYF	TRBV11-2	TRBJ2-5
CASSYDGSSYEQYF	TRBV27	TRBJ2-7
CASRRQIDQETQYF	TRBV27	TRBJ2-5
CASKGLADNEQFF	TRBV27	TRBJ2-1
CASSSPRDRGRRTDTQYF	TRBV28	TRBJ2-3
CASSHGTESSYEQYF	TRBV7-9	TRBJ2-7
CASSLVANTEAFF	TRBV5-4	TRBJ1-1
CASSPTVLYGYTF	TRBV4-1	TRBJ1-2
CASSTGTGVDEKLFF	TRBV3-1	TRBJ1-4
CASRSSGPTDTQYF	TRBV5-1	TRBJ2-3
CASSDREGSNQPQHF	TRBV6-4	TRBJ1-5
CASSTGWTEAFF	TRBV19	TRBJ1-1
CASNMQGGHQPQHF	TRBV19	TRBJ1-5
CASGDGQGYSGELFF	TRBV12-5	TRBJ2-2
CASSITPLNTEAFF	TRBV19	TRBJ1-1
CASIKDTGLGNTEAFF	TRBV7-2	TRBJ1-1
CASSDSGGATDTQYF	TRBV6-4	TRBJ2-3
CASSLEQANTEAFF	TRBV11-3	TRBJ1-1
CASSLALGGFDEKLFF	TRBV7-9	TRBJ1-4
CASSSQTLLGQGAYEQYF	TRBV7-2	TRBJ2-7
CSVRQGSGNQPQHF	TRBV29-1	TRBJ1-5
CASSPANTEAFF	TRBV9	TRBJ1-1
CASSSGYHEQYF	TRBV7-2	TRBJ2-7
CASRDGMADTEAFF	TRBV19	TRBJ1-1
CASSMTGFTEAFF	TRBV19	TRBJ1-1
CASSTDSAENIQYF	TRBV5-4	TRBJ2-4
CASSQNNQGRVEQYF	TRBV4-1	TRBJ2-7
CASRARHDSYNEQFF	TRBV6-4	TRBJ2-1
CATSEGTVSNQPQHF	TRBV24-1	TRBJ1-5
CASSMGDGYTF	TRBV19	TRBJ1-2
CASSYWTSGGPGAAGELFF	TRBV4-1	TRBJ2-2
CAISESNTGTDYGYTF	TRBV10-3	TRBJ1-2
CASILRASDTQYF	TRBV12-3	TRBJ2-3
CASSPGTGENTGELFF	TRBV6-5	TRBJ2-2
CASSGIETQYF	TRBV6-3	TRBJ2-5
CASSSVRDRDRSQPQHF	TRBV7-9	TRBJ1-5
CASSSRDGEAFF	TRBV5-4	TRBJ1-1
CASSQVGGIDLGYTF	TRBV4-1	TRBJ1-2
CASSQDFSGAIMNTEAFF	TRBV4-1	TRBJ1-1
CASSDGGGATDTQYF	TRBV2	TRBJ2-3
CSARPKRGVEQYF	TRBV20-1	TRBJ2-7
CASSQESSNWETQYF	TRBV4-3	TRBJ2-5
CASSTAGVDTDTQYF	TRBV19	TRBJ2-3
CASTVQADYGYTF	TRBV5-4	TRBJ1-2
CASSLGPNYEQYF	TRBV7-6	TRBJ2-7
CASSLAGGNQPQHF	TRBV7-9	TRBJ1-5
CASSQAEDTGELFF	TRBV3-1	TRBJ2-2
CASSQADSSYNEQFF	TRBV4-3	TRBJ2-1
CASRPSDLPREKLFF	TRBV19	TRBJ1-4
CSARELLREQFF	TRBV20-1	TRBJ2-1
CSARGSGRMSSYNSPLHF	TRBV20-1	TRBJ1-6
CASSFAGGGGYTF	TRBV7-9	TRBJ1-2
CSARAHYGDEQFF	TRBV20-1	TRBJ2-1
CASGDSFSNQPQHF	TRBV9	TRBJ1-5
CSVVGLAGGLIYTDTQYF	TRBV29-1	TRBJ2-3
CASTLALGDSGKAPLHF	TRBV4-1	TRBJ1-6
CASSLVQGTHSSYNEQFF	TRBV5-1	TRBJ2-1
CASGPQGAYEQYF	TRBV12-5	TRBJ2-7
CASREGLRGWEQYF	TRBV10-2	TRBJ2-7
CASSHLGGRDEQYF	TRBV7-2	TRBJ2-7
CASSVLNTEAFF	TRBV25-1	TRBJ1-1
CASGLSDRENTEAFF	TRBV12-5	TRBJ1-1
CASGTGYNEQFF	TRBV27	TRBJ2-1
CASSPIRAMGSYEQYF	TRBV12-4	TRBJ2-7
CASSSLDPTPVSEKLFF	TRBV7-3	TRBJ1-4
CAWRTGIGTDTQYF	TRBV30	TRBJ2-3
CASSLQGRPRDEQYF	TRBV7-9	TRBJ2-7
CASSYGLAGGPNGGEETQYF	TRBV6-5	TRBJ2-5
CASSVASGTGGDTYGYTF	TRBV9	TRBJ1-2
CASSPYSSGNTIYF	TRBV11-2	TRBJ1-3
CASSIVGNSELFF	TRBV19	TRBJ2-2
CASSYSFFEGAEGEHGYTF	TRBV6-6	TRBJ1-2
CASSFTTSDETQYF	TRBV12-3	TRBJ2-5
CASSQGRWWDTQYF	TRBV19	TRBJ2-3
CASSEVFGTVLEQYF	TRBV6-1	TRBJ2-7
CASSVSKARAFGEQYF	TRBV19	TRBJ2-7
CASSAPEGLETEAFF	TRBV9	TRBJ1-1
CASSPWRENYNEQFF	TRBV11-2	TRBJ2-1
CASSVEVLAGLILTQSNEQFF	TRBV9	TRBJ2-1
CASSLPNRDPHNEQFF	TRBV9	TRBJ2-1
CASSQGGGGGYEQYF	TRBV3-1	TRBJ2-7
CASSLVTGGRGYTF	TRBV11-2	TRBJ1-2
CASREGMTEAFF	TRBV6-1	TRBJ1-1
CASSLVGQGPTEAFF	TRBV7-9	TRBJ1-1
CAGGWGDEQFF	TRBV19	TRBJ2-1
CASSLTSGNTGELFF	TRBV9	TRBJ2-2
CASSMTGYSGYTF	TRBV19	TRBJ1-2
CASSGNDDEQYF	TRBV12-4	TRBJ2-7
CASSPRVFSPGTDTQYF	TRBV7-2	TRBJ2-3
CASSGLLSGTDTQYF	TRBV27	TRBJ2-3
CASSLRSTGGDTQYF	TRBV11-3	TRBJ2-3
CASSQEWLQTGYTGELFF	TRBV4-1	TRBJ2-2
CASNAAGTAFNTEAFF	TRBV6-1	TRBJ1-1
CASSLVGTSGRTQETQYF	TRBV7-6	TRBJ2-5
CASSLGLQNTEAFF	TRBV7-8	TRBJ1-1
CASSPGLGGTYNEQFF	TRBV9	TRBJ2-1
CASSSMGGGTDTQYF	TRBV14	TRBJ2-3
CASSPPASFPYGYTF	TRBV18	TRBJ1-2
CASSQEKFLPGGYTF	TRBV4-1	TRBJ1-2
CSARDGIYSNQPQHF	TRBV20-1	TRBJ1-5
CASSQKLGQMNTEAFF	TRBV7-6	TRBJ1-1
CASSIGLAGHSGDEQFF	TRBV19	TRBJ2-1
CASSARSWGSYNSPLHF	TRBV9	TRBJ1-6
CATSDRTSGPADTQYF	TRBV24-1	TRBJ2-3
CASSLAGTAEAFF	TRBV5-1	TRBJ1-1
CASSLQQGRKAFF	TRBV7-8	TRBJ1-1
CASSLSGSEGNEQFF	TRBV27	TRBJ2-1
CASSLGDYGPDTQYF	TRBV7-9	TRBJ2-3
CATSRDQGTKNTEAFF	TRBV15	TRBJ1-1
CASSSSLGWEAFF	TRBV7-9	TRBJ1-1
CASSESGVTEAFF	TRBV10-1	TRBJ1-1
CASSYRDSTLYYNEQFF	TRBV27	TRBJ2-1
CASSVGQGAFGYTF	TRBV19	TRBJ1-2
CAISALGGVIGELFF	TRBV10-3	TRBJ2-2
CASTFSFGQNTEAFF	TRBV7-9	TRBJ1-1
CASSVVQGYGYTF	TRBV9	TRBJ1-2
CASSAGGGATNEKLFF	TRBV9	TRBJ1-4
CSVTSQGFHTF	TRBV29-1	TRBJ1-2
CATSDFSGSYNEQFF	TRBV24-1	TRBJ2-1
CSARDSDYGYTF	TRBV20-1	TRBJ1-2
CASSIGGGLETQYF	TRBV19	TRBJ2-5
CASSSGTGNLDTQYF	TRBV6-5	TRBJ2-3
CATSDGNTIYF	TRBV24-1	TRBJ1-3
CASSQGTGAGETQYF	TRBV6-6	TRBJ2-5
CASSTDRGGTKNIQYF	TRBV7-9	TRBJ2-4
CASSFGNEQFF	TRBV5-1	TRBJ2-1
CASSSGQGGKLFF	TRBV9	TRBJ1-4
CAWSYGTEAFF	TRBV30	TRBJ1-1
CASSYSKWGDWTEAFF	TRBV6-5	TRBJ1-1
CASSQEPGVGWNEQFF	TRBV4-1	TRBJ2-1
CASSRGTGAFSGNTIYF	TRBV6-5	TRBJ1-3
CSARGVTSGSLDTQYF	TRBV20-1	TRBJ2-3
CASMAENTGELFF	TRBV9	TRBJ2-2
CASSLGGSGPQHF	TRBV12-3	TRBJ1-5
CASSVEDRGVAEAFF	TRBV9	TRBJ1-1
CATHERGNTEAFF	TRBV10-2	TRBJ1-1
CASGSSFGDNIQYF	TRBV12-5	TRBJ2-4
CASMTSGKDTQYF	TRBV27	TRBJ2-3
CASSLTSGNNEQFF	TRBV27	TRBJ2-1
CASSALGTSLADTQYF	TRBV7-9	TRBJ2-3
CAISESPMSGGEKETQYF	TRBV10-3	TRBJ2-5
CASGGGAATNTEAFF	TRBV10-2	TRBJ1-1
CASGTTGFYNEQFF	TRBV27	TRBJ2-1
CASRPSAGGKGDEKLFF	TRBV12-4	TRBJ1-4
CASSLRSGGGGAYNEQFF	TRBV7-2	TRBJ2-1
CASSLRSEGPTYEQYF	TRBV5-5	TRBJ2-7
CSAFPEERQGPFMEEQYF	TRBV20-1	TRBJ2-7
CASSPLVDSDSTDTQYF	TRBV4-1	TRBJ2-3
CASSVLENNEQFF	TRBV9	TRBJ2-1
CASSQATGGGSAYGYTF	TRBV4-1	TRBJ1-2
CASSLGHGDQPQHF	TRBV13	TRBJ1-5
CASTTSGRANEQFF	TRBV5-4	TRBJ2-1
CASSEGTGGLGYGYTF	TRBV25-1	TRBJ1-2
CSVAQNDYGYTF	TRBV29-1	TRBJ1-2
CASRDDRPAGSYEQYF	TRBV2	TRBJ2-7
CASSLDRGTEAFF	TRBV5-1	TRBJ1-1
CASTDRVGGYTF	TRBV19	TRBJ1-2
CASVEGDEQFF	TRBV2	TRBJ2-1
CASGLQHLREPRNEQFF	TRBV12-5	TRBJ2-1
CASSYSDSNQPQHF	TRBV27	TRBJ1-5
CASSLAWGGNTEAFF	TRBV5-5	TRBJ1-1
CASSLGSFTDTQYF	TRBV19	TRBJ2-3
CASRSGETGIIQYF	TRBV27	TRBJ2-4
CASSSNKLAGGPSGELFF	TRBV11-3	TRBJ2-2
CASSATPLRQPQHF	TRBV9	TRBJ1-5
CASMGWGSKNIQYF	TRBV15	TRBJ2-4
CATSRQTSIEQFF	TRBV15	TRBJ2-1
CASSLKRGEQFF	TRBV5-1	TRBJ2-1
CASSLGPINEQFF	TRBV12-3	TRBJ2-1
CATSGAEENTGELFF	TRBV24-1	TRBJ2-2
CASSRPGFATEAFF	TRBV27	TRBJ1-1
CASSPTGGGSYNEQFF	TRBV4-3	TRBJ2-1
CASSLGGYGYTF	TRBV9	TRBJ1-2
CASSTNWDSGNTIYF	TRBV9	TRBJ1-3
CATSDSVKPYEQYF	TRBV15	TRBJ2-7
CASSLVTGSEQFF	TRBV7-2	TRBJ2-1
CASSSPHRGLETQYF	TRBV11-2	TRBJ2-5
CASSLSPGVIFSYNSPLHF	TRBV27	TRBJ1-6
CATSDLTGELFF	TRBV24-1	TRBJ2-2
CASSYQGGTGTDTQYF	TRBV6-5	TRBJ2-3
CASSELRTLQVMNTEAFF	TRBV10-1	TRBJ1-1
CASTPWADYNSGANVLTF	TRBV6-5	TRBJ2-6
CASRGSGDSTSTDTQYF	TRBV5-1	TRBJ2-3
CASSYVPSGRTQSNEQFF	TRBV6-5	TRBJ2-1
CASSIALSSNQPQHF	TRBV19	TRBJ1-5
CASSELEKGGNSPLHF	TRBV25-1	TRBJ1-6
CSADTGTGGPNQPQHF	TRBV20-1	TRBJ1-5
CASSQASHQTRNTIYF	TRBV14	TRBJ1-3
CAWSVLVQGYTGELFF	TRBV30	TRBJ2-2
CATSSLAGDWNEQFF	TRBV15	TRBJ2-1
CASRMPGPYSNQPQHF	TRBV6-1	TRBJ1-5
CASSLDYFGVFSTDTQYF	TRBV11-2	TRBJ2-3
CASSQEGLGQGGPDTQYF	TRBV4-1	TRBJ2-3
CASSPASGAQETQYF	TRBV18	TRBJ2-5
CASSWDRAYEQYF	TRBV5-1	TRBJ2-7
CASSSLGGTSGGDEQFF	TRBV13	TRBJ2-1
CASSEEISGSYEQYF	TRBV2	TRBJ2-7
CASSKIEAAGELFF	TRBV12-4	TRBJ2-2
CASSLLGTNYGYTF	TRBV5-6	TRBJ1-2
CASSIVAGGPNTIYF	TRBV19	TRBJ1-3
CASSHIMDRDHEQYF	TRBV4-2	TRBJ2-7
CSGTGTDNSYEQYF	TRBV20-1	TRBJ2-7
CASSISQGRKYSNQPQHF	TRBV19	TRBJ1-5
CASSHLTGLAKNIQYF	TRBV4-1	TRBJ2-4
CASSHSGTGEYGYTF	TRBV4-3	TRBJ1-2
CASTPGGGTDTQYF	TRBV27	TRBJ2-3
CASSSTDSYEQYF	TRBV27	TRBJ2-7
CASGLLGGWETQYF	TRBV12-5	TRBJ2-5
CASSGLERETQYF	TRBV6-3	TRBJ2-5
CASSPTDHNEQFF	TRBV9	TRBJ2-1
CASSWTGGSLLNTEAFF	TRBV27	TRBJ1-1
CASSGPTGTGGYGYTF	TRBV27	TRBJ1-2
CASSSGTANYNEQFF	TRBV7-7	TRBJ2-1
CASSLRAGVGTGELFF	TRBV3-1	TRBJ2-2
CASSLVHLWTGELFF	TRBV12-4	TRBJ2-2
CASSKRTGQNTEAFF	TRBV7-8	TRBJ1-1
CASSRTGLNTEAFF	TRBV27	TRBJ1-1
CASSSNQGLAGLHEQFF	TRBV2	TRBJ2-1
CASSLQNSPLHF	TRBV27	TRBJ1-6
CASSFGTDSGNTIYF	TRBV5-6	TRBJ1-3
CASSLLPVNYGYTF	TRBV27	TRBJ1-2
CASSIVGSNYGYTF	TRBV19	TRBJ1-2
CASNPRIRARTDTQYF	TRBV6-6	TRBJ2-3
CASRWDRSNTGELFF	TRBV5-6	TRBJ2-2
CASSPRTGDTGELFF	TRBV3-1	TRBJ2-2
CASSLVGTLNQPQHF	TRBV12-4	TRBJ1-5
CAISETSGSYNEQFF	TRBV10-3	TRBJ2-1
CASSLGLKNSPLHF	TRBV28	TRBJ1-6
CASSLLASGSTDTQYF	TRBV7-6	TRBJ2-3
CAITISGLQETQYF	TRBV10-3	TRBJ2-5
CASSFQAAGGTEAFF	TRBV5-1	TRBJ1-1
CASSERFSGNTIYF	TRBV12-4	TRBJ1-3
CASSQETDLNYGYTF	TRBV11-2	TRBJ1-2
CASSLAGTSRTGELFF	TRBV7-9	TRBJ2-2
CASSYPEPAGIGRETQYF	TRBV6-6	TRBJ2-5
CASSHPKWPGHRVLEQFF	TRBV4-3	TRBJ2-1
CASSSRTGAVQPQHF	TRBV11-2	TRBJ1-5
CATLGGQGADQPQHF	TRBV10-3	TRBJ1-5
CASSLAGGGQPQHF	TRBV27	TRBJ1-5
CASSLDRTGGTGELFF	TRBV7-9	TRBJ2-2
CASSSLAAPGGPDTQYF	TRBV3-1	TRBJ2-3
CASSNIQGAPNIQYF	TRBV19	TRBJ2-4
CASCSLGGAEAFF	TRBV27	TRBJ1-1
CASSEAPWNSGGAVGAQETQYF	TRBV6-1	TRBJ2-5
CATTGSNDEQFF	TRBV24-1	TRBJ2-1
CATSEPDRATNSGELFF	TRBV24-1	TRBJ2-2
CASRGGGNTIYF	TRBV12-4	TRBJ1-3
CASSETVSALNGYTF	TRBV10-2	TRBJ1-2
CASSSPGLAGGSSYNEQFF	TRBV7-9	TRBJ2-1
CASSDRLATTDTQYF	TRBV9	TRBJ2-3
CASSQNYNEQFF	TRBV6-3	TRBJ2-1
CSIIGGEGSEAFF	TRBV29-1	TRBJ1-1
CASSFYGGDQPQHF	TRBV12-4	TRBJ1-5
CASSYLTGIGTEAFF	TRBV6-5	TRBJ1-1
CAISEDGQQLGDTQYF	TRBV10-3	TRBJ2-3
CASSVGGREQYF	TRBV9	TRBJ2-7
CASSYTFLSLGGQDDTGELFF	TRBV6-3	TRBJ2-2
CASTSGRSNEQFF	TRBV12-4	TRBJ2-1
CASSPTGRVVPLPNTEAFF	TRBV28	TRBJ1-1
CATRGSSGRAFFYEQFF	TRBV10-3	TRBJ2-1
CASSSPGLANNEQFF	TRBV2	TRBJ2-1
CASSLPNSPLHF	TRBV7-9	TRBJ1-6
CASSGTSTMGTEAFF	TRBV5-5	TRBJ1-1
CASSYLRGSYNEQFF	TRBV6-3	TRBJ2-1
CASSPVSGSYEQYF	TRBV9	TRBJ2-7
CASSVTGMEYGYTF	TRBV9	TRBJ1-2
CASSLDWGNTIYF	TRBV7-9	TRBJ1-3
CASSIDLNNEQFF	TRBV19	TRBJ2-1
CASSHFLTEETQYF	TRBV4-1	TRBJ2-5
CASSLREGYEQFF	TRBV9	TRBJ2-1
CSARDFDGYTF	TRBV20-1	TRBJ1-2
CASSLRDGSYEQYF	TRBV7-9	TRBJ2-7
CSAEPGGISDSSYNEQFF	TRBV20-1	TRBJ2-1
CASSIGIGGNYGYTF	TRBV19	TRBJ1-2
CASSYIGVKTEAFF	TRBV6-5	TRBJ1-1
CASSYSRGLGVMDPSTDTQYF	TRBV6-6	TRBJ2-3
CASSSGMEHYGYTF	TRBV11-2	TRBJ1-2
CASSLGSGETQYF	TRBV5-6	TRBJ2-5
CASSLALGGHQPQHF	TRBV7-2	TRBJ1-5
CSARLSGGGNQPQHF	TRBV20-1	TRBJ1-5
CAISEGTSGYTGELFF	TRBV10-3	TRBJ2-2
CASSFYPGTGRPNTEAFF	TRBV5-1	TRBJ1-1
CASSTQGVLTEQYF	TRBV9	TRBJ2-7
CASSIGDTRYNEQFF	TRBV19	TRBJ2-1
CASRSGSSYNEQFF	TRBV9	TRBJ2-1
CASSLEPLEADEAFF	TRBV11-2	TRBJ1-1
CASSSSSGGAQETQYF	TRBV9	TRBJ2-5
CASSQTQGVTEAFF	TRBV13	TRBJ1-1
CASSFFLAGVSDTQYF	TRBV5-1	TRBJ2-3
CASSFSQGAVLKEAFF	TRBV27	TRBJ1-1
CASKMLNEQFF	TRBV19	TRBJ2-1
CASSSRHVTGRNEQFF	TRBV12-3	TRBJ2-1
CSARPTSSNEQFF	TRBV20-1	TRBJ2-1
CASVLLSSGRGQETQYF	TRBV2	TRBJ2-5
CASSSGSYYGYTF	TRBV13	TRBJ1-2
CASSDGGGGSEAFF	TRBV9	TRBJ1-1
CASSLGSSQPQHF	TRBV27	TRBJ1-5
CASSLAFGDSPLHF	TRBV7-9	TRBJ1-6
CASSLLNTEAFF	TRBV11-2	TRBJ1-1
CASSQAGRHTDTQYF	TRBV3-1	TRBJ2-3
CASRRLTAKNEKLFF	TRBV5-6	TRBJ1-4
CASRDSNTGELFF	TRBV12-3	TRBJ2-2
CASSQDRGSDSYGYTF	TRBV4-3	TRBJ1-2
CASVPFSGNTIYF	TRBV19	TRBJ1-3
CASSMWADSPLHF	TRBV19	TRBJ1-6
CAISDPTDLNTEAFF	TRBV10-3	TRBJ1-1
CAISEMAGGGTDTQYF	TRBV10-3	TRBJ2-3
CASSAGTSGDNEQFF	TRBV9	TRBJ2-1
CASSSRTDYGYTF	TRBV7-9	TRBJ1-2
CASSQEIGGNQPQHF	TRBV4-1	TRBJ1-5
CASSQEPGLQYNEQFF	TRBV4-1	TRBJ2-1
CASSLDARTSYEQYF	TRBV7-9	TRBJ2-7
CASSRPGRANEKLFF	TRBV13	TRBJ1-4
CSVQTGRAFF	TRBV20-1	TRBJ1-1
CASSLRSGAGVAQIPQYF	TRBV7-6	TRBJ2-3
CASSQQTGYGYTF	TRBV16	TRBJ1-2
CATLLGVDYTF	TRBV6-3	TRBJ1-2
CASRTPLDTQYF	TRBV11-3	TRBJ2-3
CATSDSFIRTDRKWDGYTF	TRBV24-1	TRBJ1-2
CASRPGQASEAFF	TRBV6-5	TRBJ1-1
CASGLAGQTSNQPQHF	TRBV12-5	TRBJ1-5
CASSSPGKSSYNEQFF	TRBV7-8	TRBJ2-1
CATSDTGTGMETQYF	TRBV24-1	TRBJ2-5
CASSPYGYENEKLFF	TRBV18	TRBJ1-4
CASSLLAGVEETQYF	TRBV5-8	TRBJ2-5
CASSQQGATEAFF	TRBV4-1	TRBJ1-1
CASSQEGHIEAFF	TRBV14	TRBJ1-1
CASSQGHIGAVSMNTEAFF	TRBV4-1	TRBJ1-1
CASSPNPDIRNTF	TRBV27	TRBJ1-2
CASSSLAGLQRIQYF	TRBV5-1	TRBJ2-4
CASSLPRPGGSYNEQFF	TRBV9	TRBJ2-1
CSARDQGGYTGELFF	TRBV20-1	TRBJ2-2
CASSQEFGGRGLEETQYF	TRBV4-3	TRBJ2-5
CSSTEYNEQFF	TRBV29-1	TRBJ2-1
CSVDDGNSGANVLTF	TRBV29-1	TRBJ2-6
CATGGGLAGVHPYNEQFF	TRBV15	TRBJ2-1
CSARDIRGYTF	TRBV20-1	TRBJ1-2
CSARESGNTIYF	TRBV20-1	TRBJ1-3
CASSLGGAKNTEAFF	TRBV7-8	TRBJ1-1
CSARDALAGTYNEQFF	TRBV20-1	TRBJ2-1
CASSFGGQLYEQYF	TRBV27	TRBJ2-7
CASSYSTAGVQETQYF	TRBV6-5	TRBJ2-5
CASSDPRTGWAFF	TRBV25-1	TRBJ1-1
CASSPGQGTSYNEQFF	TRBV27	TRBJ2-1
CASSQRARAPDTQYF	TRBV4-1	TRBJ2-3
CASSKGRDLNEQYF	TRBV19	TRBJ2-7
CASSLASANTEAFF	TRBV7-9	TRBJ1-1
CASSDWGQGGYEQYF	TRBV2	TRBJ2-7
CAISEPGAPNEKLFF	TRBV10-3	TRBJ1-4
CASSEARVYSPLHF	TRBV2	TRBJ1-6
CASSISWGGYGYTF	TRBV11-2	TRBJ1-2
CASSPSGGGVDEQYF	TRBV7-3	TRBJ2-7
CASSGPRQGNEKLFF	TRBV4-1	TRBJ1-4
CASSGHTAKAGEQYF	TRBV10-2	TRBJ2-7
CASIEGETQYF	TRBV19	TRBJ2-5
CSVQLHEQFF	TRBV29-1	TRBJ2-1
CASSWGVSTYF	TRBV27	TRBJ2-7
CASRTQGQGNEQYF	TRBV27	TRBJ2-7
CASSIGSNTEAFF	TRBV19	TRBJ1-1
CASSDGTSAYNEQFF	TRBV5-8	TRBJ2-1
CASNAQGISDTQYF	TRBV12-4	TRBJ2-3
CASSYSSTGDSEAFF	TRBV6-3	TRBJ1-1
CATEAGTGNTEAFF	TRBV19	TRBJ1-1
CASSEKRQGGGYSNQPQHF	TRBV10-1	TRBJ1-5
CASSVGQGLVYEQFF	TRBV9	TRBJ2-1
CASSITGDGLNTEAFF	TRBV19	TRBJ1-1
CASSFMLNDRGAEAFF	TRBV5-1	TRBJ1-1
CASSYRQTGEDYGYTF	TRBV6-3	TRBJ1-2
CASSEGAGETQYF	TRBV19	TRBJ2-5
CATSDLTDRAGGELFF	TRBV24-1	TRBJ2-2
CASSLPDPGANVLTF	TRBV5-1	TRBJ2-6
CATGGSGNIQYF	TRBV28	TRBJ2-4
CASSLTRDSSPQHF	TRBV6-5	TRBJ1-5
CSARGVSSNEQFF	TRBV20-1	TRBJ2-1
CASSFGTGGVNGYTF	TRBV5-8	TRBJ1-2
CASRYLIVDQETQYF	TRBV5-1	TRBJ2-5
CASSEGLAGGGGETQYF	TRBV6-5	TRBJ2-5
CASGTSGRNEQFF	TRBV2	TRBJ2-1
CASSLSTNEQFF	TRBV27	TRBJ2-1
CATSRETAYEQYF	TRBV15	TRBJ2-7
CASSVDGTYGETQYF	TRBV27	TRBJ2-5
CASSRNMNTEAFF	TRBV6-1	TRBJ1-1
CSVRRGYYGYTF	TRBV20-1	TRBJ1-2
CATSRESGDYGYTF	TRBV15	TRBJ1-2
CASSSTGGSLITDTQYF	TRBV27	TRBJ2-3
CSVDTVWGHGYTF	TRBV29-1	TRBJ1-2
CATSTAGTVAQPQHF	TRBV15	TRBJ1-5
CASRWGVLNIQYF	TRBV6-1	TRBJ2-4
CASSLWTGDQPQHF	TRBV27	TRBJ1-5
CASSLVTGLNTEAFF	TRBV11-2	TRBJ1-1
CASSLVGKGVDTQYF	TRBV5-6	TRBJ2-3
CASSDEGGLTITGELFF	TRBV2	TRBJ2-2
CASSLLGGGITDTQYF	TRBV12-3	TRBJ2-3
CASSGTGNQPQHF	TRBV6-1	TRBJ1-5
CASSAPGGEGVDTGELFF	TRBV9	TRBJ2-2
CASSLATGTEAFF	TRBV7-9	TRBJ1-1
CASSTQRDRELGYTF	TRBV19	TRBJ1-2
CASSLASRGAEQYF	TRBV7-6	TRBJ2-7
CASSLVWTRPASTDTQYF	TRBV7-6	TRBJ2-3
CASSLGDRGQSSYNSPLHF	TRBV5-5	TRBJ1-6
CSARDWDRAEKLFF	TRBV20-1	TRBJ1-4
CASSEGFLDGNEKLFF	TRBV6-1	TRBJ1-4
CSVEDTDYGYTF	TRBV29-1	TRBJ1-2
CASSLAVGNYGYTF	TRBV7-9	TRBJ1-2
CASSEFMGNTEAFF	TRBV6-4	TRBJ1-1
CASSQDGPGVGANYGYTF	TRBV4-3	TRBJ1-2
CASSSDRVRELFF	TRBV5-6	TRBJ2-2
CASSEGSAGLKNIQYF	TRBV9	TRBJ2-4
CASLRSGELFF	TRBV6-6	TRBJ2-2
CASSLPRGGLFF	TRBV28	TRBJ1-4
CATSDRSQGVNTGELFF	TRBV24-1	TRBJ2-2
CATSFRGQGGETQYF	TRBV15	TRBJ2-5
CASSSGESGANVLTF	TRBV7-9	TRBJ2-6
CASSLISPYEQYF	TRBV5-6	TRBJ2-7
CSARDRLAFDTGELFF	TRBV20-1	TRBJ2-2
CATRAGGPYEQFF	TRBV24-1	TRBJ2-1
CASSLGLVDEQFF	TRBV7-7	TRBJ2-1
CSARVPRGPGYTF	TRBV20-1	TRBJ1-2
CASSIGLAGASTDTQYF	TRBV19	TRBJ2-3
CASSRSLGTDGNYEQYF	TRBV3-1	TRBJ2-7
CASSLGSRPGYTF	TRBV7-8	TRBJ1-2
CSARDLRGPYNEQFF	TRBV20-1	TRBJ2-1
CASSVAGEETQYF	TRBV9	TRBJ2-5
CASGTSVYNEQFF	TRBV13	TRBJ2-1
CASSDLNSRQPQHF	TRBV19	TRBJ1-5
CASSLDRVPANEKLFF	TRBV7-9	TRBJ1-4
CASSWQHGYTF	TRBV7-9	TRBJ1-2
CASSPSPYNEQFF	TRBV7-2	TRBJ2-1
CASSLGNSRGLYEKLFF	TRBV7-9	TRBJ1-4
CASSHRYFYGYTF	TRBV7-9	TRBJ1-2
CASSRQPSGNTIYF	TRBV3-1	TRBJ1-3
CANQEGTGGSEQYF	TRBV2	TRBJ2-7
CASSPDNWDSDTQYF	TRBV6-5	TRBJ2-3
CASSQGHGQGAFSNSPLHF	TRBV4-3	TRBJ1-6
CATRGISNYGYTF	TRBV27	TRBJ1-2
CASSYRTSGSNIQYF	TRBV5-1	TRBJ2-4
CASREGETQYF	TRBV19	TRBJ2-5
CSVGSGIGGETQYF	TRBV29-1	TRBJ2-5
CASSFSMDSPAYSPLHF	TRBV27	TRBJ1-6
CASSQAYGAPLYNEQFF	TRBV4-3	TRBJ2-1
CASSFRDRYNNEQFF	TRBV27	TRBJ2-1
CSAAKTSVYEQFF	TRBV20-1	TRBJ2-1
CASSPAGYEQYF	TRBV27	TRBJ2-7
CASILNPRDEGNTEAFF	TRBV12-4	TRBJ1-1
CASSPSLDAGTGELFF	TRBV4-2	TRBJ2-2
CASSLDRLELQETQYF	TRBV7-8	TRBJ2-5
CASSWGSGGETYEQYF	TRBV7-8	TRBJ2-7
CSARDGTYNEQFF	TRBV20-1	TRBJ2-1
CSVRDSQNTEAFF	TRBV29-1	TRBJ1-1
CSVPGTGGLIAFF	TRBV29-1	TRBJ1-1
CASSSETAVSGELFF	TRBV7-3	TRBJ2-2
CASRQGRQETQYF	TRBV5-1	TRBJ2-5
CASSWGGASGETQYF	TRBV7-7	TRBJ2-5
CASSQGPLGAGVQTQYF	TRBV3-1	TRBJ2-5
CASSMRTGAHNEQFF	TRBV19	TRBJ2-1
CASSLKETQYF	TRBV7-8	TRBJ2-5
CASSLDLRTVNYGYTF	TRBV7-9	TRBJ1-2
CSVEDLRRSSYNEQFF	TRBV29-1	TRBJ2-1
CASSQGQGNTEAFF	TRBV4-3	TRBJ1-1
CSVDDRGGYTF	TRBV29-1	TRBJ1-2
CAIDTGASYNEQFF	TRBV10-3	TRBJ2-1
CASSVDGRGGADTQYF	TRBV9	TRBJ2-3
CASSLLSGRVNEQFF	TRBV4-1	TRBJ2-1
CASSLGSSSYNEQFF	TRBV19	TRBJ2-1
CASSNQDRGAQETQYF	TRBV19	TRBJ2-5
CASSLGGGMNTEAFF	TRBV7-9	TRBJ1-1
CASSQDFGVYEQYF	TRBV4-1	TRBJ2-7
CASSQPLGGSTEAFF	TRBV4-1	TRBJ1-1
CASSYSQETQYF	TRBV6-3	TRBJ2-5
CASSHGQGNYGYTF	TRBV4-2	TRBJ1-2
CASSEARQAVLNEQFF	TRBV6-1	TRBJ2-1
CASSQGQVAYEQYF	TRBV4-2	TRBJ2-7
CASSVRGDTQYF	TRBV5-8	TRBJ2-3
CASSWTDDYGYTF	TRBV6-6	TRBJ1-2
CASSSDSYEQYF	TRBV7-9	TRBJ2-7
CASSDLTSGSHTQYF	TRBV6-4	TRBJ2-3
CASEGLAGLNEQFF	TRBV2	TRBJ2-1
CASSQDPGYEQYF	TRBV3-1	TRBJ2-7
CASSFSSSNQPQHF	TRBV7-9	TRBJ1-5
CATREDINQETQYF	TRBV15	TRBJ2-5
CASSVGQPGETQYF	TRBV9	TRBJ2-5
CASSSNRDRVYNEQFF	TRBV5-1	TRBJ2-1
CASRSRPGELFF	TRBV19	TRBJ2-2
CSVAGGGMDTQYF	TRBV29-1	TRBJ2-3
CATSRVDDRVDGYTF	TRBV15	TRBJ1-2
CAISESGLAGGETQYF	TRBV10-3	TRBJ2-5
CASSLKAGWGSGANVLTF	TRBV7-9	TRBJ2-6
CASSALDSGDLTDTQYF	TRBV2	TRBJ2-3
CASSLTGAEAFF	TRBV6-5	TRBJ1-1
CASSQDRVLGDTQYF	TRBV3-1	TRBJ2-3
CASSPSNPSTDTQYF	TRBV11-2	TRBJ2-3
CASSTFRVKHTGELFF	TRBV6-1	TRBJ2-2
CASSQTTGEGEKLFF	TRBV4-1	TRBJ1-4
CASSEPLQDYQETQYF	TRBV2	TRBJ2-5
CASSVGGTDFYNEQFF	TRBV9	TRBJ2-1
CASSTARRGSAFDEQFF	TRBV6-3	TRBJ2-1
CASSWGSYNEQFF	TRBV19	TRBJ2-1
CSVPLQGEYGYTF	TRBV29-1	TRBJ1-2
CASSVIPGQGSYGYTF	TRBV4-1	TRBJ1-2
CASSPGPQGQYF	TRBV7-9	TRBJ2-7
CASRFDRGSGNTIYF	TRBV4-1	TRBJ1-3
CASSLSGGINEQYF	TRBV27	TRBJ2-7
CASSHGNSPLHF	TRBV4-3	TRBJ1-6
CASSHTSGEGTGELFF	TRBV7-9	TRBJ2-2
CASRLSDYNSPLHF	TRBV13	TRBJ1-6
CASGLVRGSYNEQFF	TRBV12-5	TRBJ2-1
CASSRPGQGLQETQYF	TRBV12-4	TRBJ2-5
CASSYTGTSGETQYF	TRBV9	TRBJ2-5
CASSPPGQLSYEQYF	TRBV11-2	TRBJ2-7
CASRTAGVGDSPLHF	TRBV6-4	TRBJ1-6
CALRLPNTGELFF	TRBV19	TRBJ2-2
CAIRSGGGRTDTQYF	TRBV10-3	TRBJ2-3
CASSSGTGALNTEAFF	TRBV19	TRBJ1-1
CAISESWRFSTDTQYF	TRBV10-3	TRBJ2-3
CALLSDSGNTIYF	TRBV30	TRBJ1-3
CASSLELTGSYNEQFF	TRBV10-1	TRBJ2-1
CASSQRGQETLYGYTF	TRBV3-1	TRBJ1-2
CASRLAGDEQFF	TRBV12-3	TRBJ2-1
CASSVNKGGGGEQFF	TRBV2	TRBJ2-1
CASSLQGTVGNTIYF	TRBV13	TRBJ1-3
CASSVARLNSPLHF	TRBV6-1	TRBJ1-6
CASSLGAGMGEQYF	TRBV5-1	TRBJ2-7
CSAIAGGYEQYF	TRBV20-1	TRBJ2-7
CASSSRSREVEQFF	TRBV7-9	TRBJ2-1
CASSSTGTGPNYGYTF	TRBV7-9	TRBJ1-2
CASKVGASDTQYF	TRBV19	TRBJ2-3
CASSLASGGGAAFF	TRBV5-6	TRBJ1-1
CASSRQGVLRSNTEAFF	TRBV6-1	TRBJ1-1
CASSLANTEAFF	TRBV7-9	TRBJ1-1
CASQDRGNEKLFF	TRBV28	TRBJ1-4
CATSDLRLVGGYTF	TRBV24-1	TRBJ1-2
CATSRAPGTSGKQSIYEQYF	TRBV15	TRBJ2-7
CAISGQREDQETQYF	TRBV10-3	TRBJ2-5
CASSETPGALNIQYF	TRBV6-1	TRBJ2-4
CATLGTGGYYEQYF	TRBV19	TRBJ2-7
CASSQDRGAYNEQFF	TRBV4-3	TRBJ2-1
CASILARGGTEAFF	TRBV6-1	TRBJ1-1
CASSLSGGGSYEQYF	TRBV7-3	TRBJ2-7
CASSLVPLTSGSTGELFF	TRBV7-2	TRBJ2-2
CASSLSWTVPEQFF	TRBV5-1	TRBJ2-1
CASSGVTGDETQYF	TRBV9	TRBJ2-5
CASSNAGTGDGWDYGYTF	TRBV27	TRBJ1-2
CATSRATSGRAPDTQYF	TRBV15	TRBJ2-3
CASSLRGDRNQPQHF	TRBV12-4	TRBJ1-5
CASSAIGTGVQPQHF	TRBV2	TRBJ1-5
CASSSSGGDNEQFF	TRBV7-7	TRBJ2-1
CASSPGEKNTEAFF	TRBV7-9	TRBJ1-1
CASSEITSGVYNEQFF	TRBV5-6	TRBJ2-1
CASSVDRTSGNTIYF	TRBV9	TRBJ1-3
CSVASVGNTEAFF	TRBV29-1	TRBJ1-1
CASSIGVATEAFF	TRBV19	TRBJ1-1
CASSLLQGLDSPLHF	TRBV27	TRBJ1-6
CAWRGQDMNTEAFF	TRBV30	TRBJ1-1
CASSLLENTEAFF	TRBV7-3	TRBJ1-1
CASRLAGYNEQFF	TRBV2	TRBJ2-1
CASSPLVSLSGRWGSAKNIQYF	TRBV27	TRBJ2-4
CASSTEKGAEAFF	TRBV13	TRBJ1-1
CASRLGGASTDTQYF	TRBV9	TRBJ2-3
CASSEDRFQETQYF	TRBV13	TRBJ2-5
CASSGDRVGLELQPQHF	TRBV19	TRBJ1-5
CASSETVLAGGDNEQFF	TRBV10-2	TRBJ2-1
CASSPESLDGYTF	TRBV3-1	TRBJ1-2
CASTAVPNYEQYF	TRBV13	TRBJ2-7
CATSTSKGVAGDNEQFF	TRBV15	TRBJ2-1
CASSQAHGTMGNTIYF	TRBV4-3	TRBJ1-3
CATRPDSYNEQFF	TRBV5-1	TRBJ2-1
CASSQTSGGTDTQYF	TRBV7-9	TRBJ2-3
CASSQDLRSNQPQHF	TRBV4-3	TRBJ1-5
CASSYSPRKGYEAFF	TRBV6-5	TRBJ1-1
CSARSGTGGFDQPQHF	TRBV20-1	TRBJ1-5
CASSPEGLQETQYF	TRBV18	TRBJ2-5
CASRSGTGGTNTEAFF	TRBV19	TRBJ1-1
CASSPRDPGETQYF	TRBV5-6	TRBJ2-5
CASSLGVSRGNQPQHF	TRBV28	TRBJ1-5
CASRWTGGDTEAFF	TRBV27	TRBJ1-1
CASSQSLNYGYTF	TRBV14	TRBJ1-2
CSVVRADGYTF	TRBV29-1	TRBJ1-2
CSASAGIETSTDTQYF	TRBV20-1	TRBJ2-3
CASSANSGGYEQYF	TRBV10-2	TRBJ2-7
CASSKEGDEQYF	TRBV7-2	TRBJ2-7
CASSLGDRGQGGELFF	TRBV12-4	TRBJ2-2
CASSLGTSGTETQYF	TRBV11-2	TRBJ2-5
CASGGAIDTEAFF	TRBV7-9	TRBJ1-1
CASRLSVDSGYEQYF	TRBV5-4	TRBJ2-7
CASSLREPGLSGNTIYF	TRBV27	TRBJ1-3
CASSFPESLVTGGDPTEAFF	TRBV7-9	TRBJ1-1
CASGSPGTQYF	TRBV6-5	TRBJ2-3
CASSPVAGGDYEQYF	TRBV5-1	TRBJ2-7
CASRATGGLDEQYF	TRBV6-1	TRBJ2-7
CASSLSSGIEETQYF	TRBV5-1	TRBJ2-5
CASSQTGENLYGYTF	TRBV3-1	TRBJ1-2
CASSLATAYYGYTF	TRBV12-4	TRBJ1-2
CASSGQGSETQYF	TRBV9	TRBJ2-5
CASSFTVLGDEQYF	TRBV6-5	TRBJ2-7
CASSELAGGPETQYF	TRBV6-1	TRBJ2-5
CASSRGQAYGYTF	TRBV5-6	TRBJ1-2
CASSSDTGLAVDEQFF	TRBV6-5	TRBJ2-1
CASRGISGNNNEQFF	TRBV3-1	TRBJ2-1
CASRRLTQETQYF	TRBV7-9	TRBJ2-5
CASSIGVSGNTIYF	TRBV19	TRBJ1-3
CASSESVGMNTEAFF	TRBV2	TRBJ1-1
CASSQGSNEKLFF	TRBV4-1	TRBJ1-4
CASSKDRATGNTIYF	TRBV6-1	TRBJ1-3
CASSWTGGDTYEQYF	TRBV7-6	TRBJ2-7
CASSLAGQTPPWDTEAFF	TRBV5-1	TRBJ1-1
CASSTTSGGLDTQYF	TRBV19	TRBJ2-3
CASSTRHQETQYF	TRBV19	TRBJ2-5
CASSIDEGFWISNQPQHF	TRBV19	TRBJ1-5
CASSDRDRGHEQFF	TRBV25-1	TRBJ2-1
CASSLGLAGGLMDTQYF	TRBV5-1	TRBJ2-3
CSASDSYNEQFF	TRBV20-1	TRBJ2-1
CASSFQTGNEQFF	TRBV27	TRBJ2-1
CATSGTGITTGELFF	TRBV15	TRBJ2-2
CASSPAGFYGYTF	TRBV12-3	TRBJ1-2
CASSASPGLAISLDTGELFF	TRBV12-4	TRBJ2-2
CASSAVEDYGYTF	TRBV7-9	TRBJ1-2
CASSDNRDRGGGTEAFF	TRBV9	TRBJ1-1
CASSSERDAFDNEQFF	TRBV11-3	TRBJ2-1
CASSYFGTLYF	TRBV6-3	TRBJ1-3
CASSQRTRGKVTQYF	TRBV14	TRBJ2-5
CASSQAWGGNTDTQYF	TRBV4-1	TRBJ2-3
CASGLPQGGSFVTDTQYF	TRBV12-5	TRBJ2-3
CAIPVIRRPFYGYTF	TRBV10-3	TRBJ1-2
CASGFFPLGLGNTIYF	TRBV12-5	TRBJ1-3
CASSDPQGAGNEQYF	TRBV6-1	TRBJ2-7
CASSADRFPNTEAFF	TRBV9	TRBJ1-1
CASSSTGPGLREQFF	TRBV11-3	TRBJ2-1
CASGTNSYNEQFF	TRBV5-4	TRBJ2-1
CASSQESLAGDEQFF	TRBV3-1	TRBJ2-1
CASSQGGVGNTIYF	TRBV3-1	TRBJ1-3
CASSPSGSYEQYF	TRBV7-9	TRBJ2-7
CASSLRIFGAPGELFF	TRBV7-3	TRBJ2-2
CSASNRGLAEAFF	TRBV20-1	TRBJ1-1
CASSYAGTGDYNEQFF	TRBV7-9	TRBJ2-1
CASSPKTDSYNSPLHF	TRBV4-3	TRBJ1-6
CATSDSPEGGYTF	TRBV24-1	TRBJ1-2
CASSQTGTELAGANTGELFF	TRBV4-1	TRBJ2-2
CASSVIKENTGELFF	TRBV6-1	TRBJ2-2
CASSLYMQGQQITDTQYF	TRBV5-1	TRBJ2-3
CASSQAYEQYF	TRBV14	TRBJ2-7
CASSLQNTGELFF	TRBV27	TRBJ2-2
CASSLGQGASPLHF	TRBV7-9	TRBJ1-6
CASSLDLGGGADTQYF	TRBV7-6	TRBJ2-3
CASSTDPRGAEAFF	TRBV6-5	TRBJ1-1
CASSQEGTGGRETQYF	TRBV4-1	TRBJ2-5
CASSHFEGLDTQYF	TRBV12-4	TRBJ2-3
CASSIVGGGYAVYNEQFF	TRBV19	TRBJ2-1
CASSLMSAGANYGYTF	TRBV7-3	TRBJ1-2
CASSPGTSGNYEQYF	TRBV6-3	TRBJ2-7
CASRIGTGGEEQFF	TRBV6-5	TRBJ2-1
CASSYFPLTSPNYGYTF	TRBV9	TRBJ1-2
CASSSRIREHEQYF	TRBV28	TRBJ2-7
CASMTGARGDYGYTF	TRBV19	TRBJ1-2
CASSRGGVGDTQYF	TRBV12-4	TRBJ2-3
CASSEIPGGGDTQYF	TRBV7-2	TRBJ2-3
CATSAGTSGGPQETQYF	TRBV24-1	TRBJ2-5
CASSPPREEETQYF	TRBV9	TRBJ2-5
CASSGHRGVGETQYF	TRBV9	TRBJ2-5
CASSYLAGDGYTF	TRBV6-6	TRBJ1-2
CASSLGARNLAKNIQYF	TRBV7-6	TRBJ2-4
CASTTGVSYEQYF	TRBV5-1	TRBJ2-7
CASSLAMGNTEAFF	TRBV7-2	TRBJ1-1
CASSFSPGSNSPLHF	TRBV7-3	TRBJ1-6
CASSSITRFTEAFF	TRBV27	TRBJ1-1
CASSSVSLEQFF	TRBV6-3	TRBJ2-1
CASSLFGLSRSGANVLTF	TRBV13	TRBJ2-6
CASSLADRVYEQYF	TRBV12-4	TRBJ2-7
CASSFGPNYGYTF	TRBV6-5	TRBJ1-2
CASSVGGDGEQYF	TRBV9	TRBJ2-7
CASIEWQGSNQPQHF	TRBV19	TRBJ1-5
CASSLGDRQETQYF	TRBV12-4	TRBJ2-5
CASSLYWGASNQPQHF	TRBV27	TRBJ1-5
CASSDYRGDFAGELFF	TRBV7-6	TRBJ2-2
CASSPPGADPYNEQFF	TRBV18	TRBJ2-1
CASSPIQMDQSGSYEQYF	TRBV18	TRBJ2-7
CASSVDRGRGYTEAFF	TRBV5-5	TRBJ1-1
CASSQDNWSDYNEQFF	TRBV4-3	TRBJ2-1
CASSGRMTFSGYTF	TRBV2	TRBJ1-2
CASSDPGGSYNEQFF	TRBV12-4	TRBJ2-1
CASSPTTFLYEQYF	TRBV18	TRBJ2-7
CATSDWLAGDEQFF	TRBV24-1	TRBJ2-1
CASSPRDSPNEKLFF	TRBV27	TRBJ1-4
CASSQEGRWNTEAFF	TRBV19	TRBJ1-1
CASSSMTGLAGGSYNEQFF	TRBV19	TRBJ2-1
CASSMTSGRYNEQFF	TRBV27	TRBJ2-1
CASTELLAEYIDTQYF	TRBV7-9	TRBJ2-3
CASSQDRQALSTEAFF	TRBV4-1	TRBJ1-1
CASSPMGGLAEAFF	TRBV12-4	TRBJ1-1
CASSLGDTYEQYF	TRBV7-7	TRBJ2-7
CASIGGTGYNEQFF	TRBV5-6	TRBJ2-1
CASSPRDRVLEQYF	TRBV18	TRBJ2-7
CASSQDKGGNYGYTF	TRBV4-1	TRBJ1-2
CASSLVLPGQGIGYGYTF	TRBV7-2	TRBJ1-2
CASRWLAGGETQYF	TRBV2	TRBJ2-5
CASSSWTANEKLFF	TRBV7-9	TRBJ1-4
CASSVRGAFYEQYF	TRBV27	TRBJ2-7
CATSRDQVLAPSYNEQFF	TRBV15	TRBJ2-1
CASDKSQGSPGELFF	TRBV6-3	TRBJ2-2
CASSFGPKNIQYF	TRBV27	TRBJ2-4
CAWTLGTGNQPQHF	TRBV30	TRBJ1-5
CASSHSQGATGELFF	TRBV4-1	TRBJ2-2
CATSDLRNTEAFF	TRBV24-1	TRBJ1-1
CASSGLLVDTQYF	TRBV5-5	TRBJ2-3
CASTRDGYNEQFF	TRBV19	TRBJ2-1
CASSPRGWDEQYF	TRBV9	TRBJ2-7
CASSLSAYNEQFF	TRBV27	TRBJ2-1
CASSWKQGQISSGANVLTF	TRBV5-5	TRBJ2-6
CASSLGLWGLDTEAFF	TRBV7-9	TRBJ1-1
CASSQDQGITEAFF	TRBV4-1	TRBJ1-1
CASRTGEVSNQPQHF	TRBV19	TRBJ1-5
CASSYFPELTNTDTQYF	TRBV6-3	TRBJ2-3
CASSAGTDDYYEQYF	TRBV9	TRBJ2-7
CASSFGASGRKETQYF	TRBV19	TRBJ2-5
CASSLAAGATDTQYF	TRBV7-2	TRBJ2-3
CASSQEAGTGYNEQFF	TRBV4-1	TRBJ2-1
CASALTGPRGYTF	TRBV6-5	TRBJ1-2
CASSLSLGTTNYGYTF	TRBV7-8	TRBJ1-2
CASSLEYFYEQYF	TRBV7-9	TRBJ2-7
CASRTNEAFPDTQYF	TRBV11-2	TRBJ2-3
CASSPGTSGSDEQFF	TRBV13	TRBJ2-1
CASSIANTGELFF	TRBV19	TRBJ2-2
CASSPPTTDFSGNTIYF	TRBV7-6	TRBJ1-3
CAISDVSGEPTDTQYF	TRBV10-3	TRBJ2-3
CATSDHDRAGELFF	TRBV24-1	TRBJ2-2
CASSPGRRSYEQYF	TRBV28	TRBJ2-7
CAIKIAEAYNEQFF	TRBV15	TRBJ2-1
CASSQARSGRHTQYF	TRBV4-3	TRBJ2-3
CASSPYTETGMNTEAFF	TRBV4-3	TRBJ1-1
CASSLDTFGTSGRGEQFF	TRBV11-2	TRBJ2-1
CASGSLESGANVLTF	TRBV2	TRBJ2-6
CASKTGSYEQYF	TRBV6-5	TRBJ2-7
CASSPRVLSYNSPLHF	TRBV28	TRBJ1-6
CASRPVEGNQPQHF	TRBV28	TRBJ1-5
CASSFVGDSSYNEQFF	TRBV28	TRBJ2-1
CATMDSMNTEAFF	TRBV24-1	TRBJ1-1
CASHSGTGEEQYF	TRBV12-4	TRBJ2-7
CASSSTGIGANVLTF	TRBV25-1	TRBJ2-6
CASSYSTGGNTEAFF	TRBV6-5	TRBJ1-1
CASRSDSSYNSPLHF	TRBV12-4	TRBJ1-6
CASSLGLGTSNEQFF	TRBV7-6	TRBJ2-1
CASSPWTGGETQYF	TRBV27	TRBJ2-5
CSARPLVSAGELFF	TRBV20-1	TRBJ2-2
CASSHIPGRETQYF	TRBV7-9	TRBJ2-5
CASSWTSGGAGYEQYF	TRBV6-5	TRBJ2-7
CASSWSQGVYEKLFF	TRBV27	TRBJ1-4
CATSDFRGRDTGELFF	TRBV24-1	TRBJ2-2
CASSWEGLAGAGKNIQYF	TRBV5-4	TRBJ2-4
CASGGWEGNEQFF	TRBV19	TRBJ2-1
CASSFTLWVSNQPQHF	TRBV12-4	TRBJ1-5
CASSLSGSTDTQYF	TRBV6-5	TRBJ2-3
CASSQGGGGYLNTEAFF	TRBV3-1	TRBJ1-1
CASSVEKERASDYGYTF	TRBV9	TRBJ1-2
CASRRSGANVLTF	TRBV6-3	TRBJ2-6
CSARSRTSGGPPVGDTQYF	TRBV20-1	TRBJ2-3
CASSLFPLAGDLSYEQYF	TRBV7-2	TRBJ2-7
CAWSVRVSSTDTQYF	TRBV30	TRBJ2-3
CASSPQPDKYYGYTF	TRBV27	TRBJ1-2
CASSPPGGTGDRVGELFF	TRBV11-3	TRBJ2-2
CASSLYQGSSTDTQYF	TRBV27	TRBJ2-3
CASSRDRGEDTQYF	TRBV5-6	TRBJ2-3
CASSLAAGTPRAYGYTF	TRBV27	TRBJ1-2
CASRARDYQETQYF	TRBV2	TRBJ2-5
CASSLLGQPYEQYF	TRBV5-1	TRBJ2-7
CASRDPRDTQYF	TRBV6-3	TRBJ2-3
CASSQVGWNQPQHF	TRBV4-1	TRBJ1-5
CASTRPDGEQFF	TRBV7-9	TRBJ2-1
CSVEPGRTGHLNEQFF	TRBV29-1	TRBJ2-1
CASSQDEGTARGYTF	TRBV4-2	TRBJ1-2
CASSHGLAGGETQYF	TRBV11-2	TRBJ2-5
CASSQGRLVRGGYEQYF	TRBV4-1	TRBJ2-7
CASSVGGTGYNEQFF	TRBV9	TRBJ2-1
CASSPARGGTETQYF	TRBV12-4	TRBJ2-5
CASSAGAAGELFF	TRBV19	TRBJ2-2
CASSAPGQMNTEAFF	TRBV11-2	TRBJ1-1
CASSQGTGRNTEAFF	TRBV4-3	TRBJ1-1
CASSVGSGGVMNTEAFF	TRBV9	TRBJ1-1
CASSFAPQGNYEQYF	TRBV27	TRBJ2-7
CSARVDRGYTF	TRBV20-1	TRBJ1-2
CASSVGLAGVSYNEQFF	TRBV7-9	TRBJ2-1
CASSPLGSSTDTQYF	TRBV7-3	TRBJ2-3
CSARESRGYTEAFF	TRBV20-1	TRBJ1-1
CASSLNLGQANTGELFF	TRBV7-8	TRBJ2-2
CASSYSEGLADGYTF	TRBV6-6	TRBJ1-2
CASSFTGGRYEQYF	TRBV19	TRBJ2-7
CASSPNGVSVEKLFF	TRBV9	TRBJ1-4
CASSLPGRGFFFNTEAFF	TRBV7-9	TRBJ1-1
CASSGDRGVDAFF	TRBV13	TRBJ1-1
CASSEAAENQPQHF	TRBV2	TRBJ1-5
CSVDPGAEAFF	TRBV29-1	TRBJ1-1
CASSLSGGRDNEQFF	TRBV27	TRBJ2-1
CASSFIQGRDEKLFF	TRBV12-4	TRBJ1-4
CASSLSARVWDTEAFF	TRBV27	TRBJ1-1
CATRSSANYGYTF	TRBV24-1	TRBJ1-2
CAWSGGQGGSPLHF	TRBV30	TRBJ1-6
CASSLYTPGHFSDEQYF	TRBV4-1	TRBJ2-7
CSARETGYNGYTF	TRBV20-1	TRBJ1-2
CASSLPRFQRGATGELFF	TRBV7-6	TRBJ2-2
CSARDRGDTEAFF	TRBV20-1	TRBJ1-1
CASSIGGSSYNEQFF	TRBV19	TRBJ2-1
CASSILDREYEQFF	TRBV27	TRBJ2-1
CASSVRLAGGVIDEQFF	TRBV9	TRBJ2-1
CASSIVAGGLDEQFF	TRBV19	TRBJ2-1
CASSLARTEETQYF	TRBV5-1	TRBJ2-5
CASSIGGGSYQPQHF	TRBV19	TRBJ1-5
CASSSWTGVAKNIQYF	TRBV7-6	TRBJ2-4
CASSYSAGLETQYF	TRBV6-5	TRBJ2-5
CASSPPRDRGTGELFF	TRBV7-9	TRBJ2-2
CSYRGLGTEAFF	TRBV20-1	TRBJ1-1
CAISISELQPQHF	TRBV10-3	TRBJ1-5
CASSPLGGEGELFMNTEAFF	TRBV9	TRBJ1-1
CASSLGQIEETQYF	TRBV5-1	TRBJ2-5
CASSQAYPDRGSYNEQFF	TRBV4-2	TRBJ2-1
CSASRDRQNSPLHF	TRBV20-1	TRBJ1-6
CASSLTGELFF	TRBV5-1	TRBJ2-2
CSVLPRPHRGSEYEQFF	TRBV20-1	TRBJ2-1
CSARAWDPNTGELFF	TRBV20-1	TRBJ2-2
CASSLEAGGPSPLAYEQYF	TRBV7-6	TRBJ2-7
CSAREQGTEAFF	TRBV20-1	TRBJ1-1
CASSKGQSSYNEQFF	TRBV19	TRBJ2-1
CASSFPGGQGYNEQFF	TRBV27	TRBJ2-1
CASSLGTFSYNEQFF	TRBV7-9	TRBJ2-1
CASSLPGQGAGELFF	TRBV3-1	TRBJ2-2
CASSPRGTVNAEAFF	TRBV9	TRBJ1-1
CASSDYFSSYEQYF	TRBV27	TRBJ2-7
CASSLEGAENEQFF	TRBV11-3	TRBJ2-1
CASSQDSGGTLNTEAFF	TRBV4-1	TRBJ1-1
CATRISGFAAFF	TRBV24-1	TRBJ1-1
CASSLSQPGAGTANYGYTF	TRBV12-4	TRBJ1-2
CASSSRGTENTGELFF	TRBV7-8	TRBJ2-2
CASSLAGGTYEQYF	TRBV5-1	TRBJ2-7
CASSRQDKGGHSNQPQHF	TRBV4-1	TRBJ1-5
CASSLFRGDNEQFF	TRBV7-7	TRBJ2-1
CASSRSSGRAETQYF	TRBV6-5	TRBJ2-5
CASGPLGSGELFF	TRBV7-2	TRBJ2-2
CAISEEWGSYGYTF	TRBV10-3	TRBJ1-2
CASSQTQGGVSLYNEQFF	TRBV14	TRBJ2-1
CSAAQGKGVYTEAFF	TRBV20-1	TRBJ1-1
CASSYSILAGGQETQYF	TRBV6-3	TRBJ2-5
CSARDLLVASYNEQFF	TRBV20-1	TRBJ2-1
CASSLLTGNQPQHF	TRBV27	TRBJ1-5
CASSQLTGVYEQYF	TRBV4-1	TRBJ2-7
CASSYRQNYGYTF	TRBV14	TRBJ1-2
CSARDPGSNYNEQFF	TRBV20-1	TRBJ2-1
CASSQVLNSAIYF	TRBV4-1	TRBJ1-3
CASSQVGQVLHYGYTF	TRBV4-1	TRBJ1-2
CASSQGVWNYGYTF	TRBV4-1	TRBJ1-2
CASSDFGISGTYNEQFF	TRBV10-1	TRBJ2-1
CASSHGPNYGYTF	TRBV4-1	TRBJ1-2
CASSLLTGRGEAAQYF	TRBV5-1	TRBJ2-3
CAISESNSNTGELFF	TRBV10-3	TRBJ2-2
CASTGWEMNTEAFF	TRBV19	TRBJ1-1
CSVPGGANTEAFF	TRBV29-1	TRBJ1-1
CASSLPNEQFF	TRBV5-1	TRBJ2-1
CASSLNNRQMITF	TRBV12-3	TRBJ1-2
CASSLGLGSSYEQYF	TRBV7-3	TRBJ2-7
CASSQIFRGSSYNEQFF	TRBV14	TRBJ2-1
CASSPVTTYTF	TRBV12-3	TRBJ1-2
CASSQEQGLAYIQYF	TRBV4-3	TRBJ2-4
CASSLGQGVGYTF	TRBV5-1	TRBJ1-2
CASSLEAGGAYNEQFF	TRBV5-5	TRBJ2-1
CASSPSGLAGSYNEQFF	TRBV4-3	TRBJ2-1
CATSPGIHQPQHF	TRBV24-1	TRBJ1-5
CASSQPDNEQYF	TRBV3-1	TRBJ2-7
CASSLQDRAYEQYF	TRBV5-1	TRBJ2-7
CASSLSSSGGPYNEQFF	TRBV27	TRBJ2-1
CASSQDGSSYYEQYF	TRBV4-1	TRBJ2-7
CASSLRGTGPDEKLFF	TRBV5-1	TRBJ1-4
CASSSGAEAFF	TRBV7-9	TRBJ1-1
CASSLVAGGRDEQFF	TRBV5-1	TRBJ2-1
CASSPTSGSLFTNEQFF	TRBV27	TRBJ2-1
CASSLGLAGTYEQYF	TRBV5-1	TRBJ2-7
CASTGSGRELIGELFF	TRBV5-1	TRBJ2-2
CASRAISYYGYTF	TRBV12-4	TRBJ1-2
CASSMGGYTYGYTF	TRBV19	TRBJ1-2
CASSLVQEVGANVLTF	TRBV7-9	TRBJ2-6
CASSVVAGELFF	TRBV9	TRBJ2-2
CASSPTGQQTQYF	TRBV12-3	TRBJ2-5
CASSATGGDSEAFF	TRBV5-1	TRBJ1-1
CSVDHVPNEQFF	TRBV29-1	TRBJ2-1
CASSLAESETQYF	TRBV7-2	TRBJ2-5
CASSRLAGGGYTF	TRBV5-6	TRBJ1-2
CASNSGTYGYTF	TRBV9	TRBJ1-2
CASSFGVGTEAFF	TRBV12-4	TRBJ1-1
CAWSVPQGAHYGYTF	TRBV30	TRBJ1-2
CSGVLAPSYNEQFF	TRBV29-1	TRBJ2-1
CATTNGGRGYTF	TRBV19	TRBJ1-2
CSVESLTNYGYTF	TRBV29-1	TRBJ1-2
CASSQDWGGSYNEQFF	TRBV4-1	TRBJ2-1
CASSRQGENNEQFF	TRBV4-1	TRBJ2-1
CASTPWREYPLEQYF	TRBV6-5	TRBJ2-7
CASHDPRAQETQYF	TRBV6-5	TRBJ2-5
CASSAARSGTLNTGELFF	TRBV5-1	TRBJ2-2
CASGPGVAHLTGELFF	TRBV12-5	TRBJ2-2
CASSQWTGGEAEAFF	TRBV4-1	TRBJ1-1
CASSWTTGTAYEQYF	TRBV5-1	TRBJ2-7
CASSQYRTAPEAFF	TRBV7-9	TRBJ1-1
CASSIGGELFF	TRBV19	TRBJ2-2
CASSLQESSYNSPLHF	TRBV5-1	TRBJ1-6
CATNVANTGELFF	TRBV24-1	TRBJ2-2
CASSLDRDTQYF	TRBV7-9	TRBJ2-3
CASSPGLAYEQYF	TRBV19	TRBJ2-7
CASRDTNTGELFF	TRBV19	TRBJ2-2
CASSIDLGLASYNEQFF	TRBV19	TRBJ2-1
CATRGGDRDFDTEAFF	TRBV24-1	TRBJ1-1
CATSRGTSNQPQHF	TRBV15	TRBJ1-5
CASSRVAGNEQFF	TRBV19	TRBJ2-1
CASSSPRTSGSRGTGELFF	TRBV5-1	TRBJ2-2
CASSADRDRGQPQHF	TRBV9	TRBJ1-5
CATSEGEGTEAFF	TRBV24-1	TRBJ1-1
CAWSPDRGRPNEKLFF	TRBV30	TRBJ1-4
CASSVDGASYNEQFF	TRBV9	TRBJ2-1
CASSVPGQNNEQFF	TRBV25-1	TRBJ2-1
CASSSIYRGYYSPLHF	TRBV7-9	TRBJ1-6
CASSSRNLATNEKLFF	TRBV6-5	TRBJ1-4
CASSQPGTDPNEKLFF	TRBV14	TRBJ1-4
CASSLSLGGNEQFF	TRBV11-3	TRBJ2-1
CASTGGAYNQPQHF	TRBV19	TRBJ1-5
CATSRVGQTPYGYTF	TRBV15	TRBJ1-2
CASSESTGATQYF	TRBV10-1	TRBJ2-3
CASSLASSAGELFF	TRBV7-6	TRBJ2-2
CASSDPDRIKNIQYF	TRBV6-1	TRBJ2-4
CASTVAAYNEQFF	TRBV28	TRBJ2-1
CASSLTDAEEQFF	TRBV12-4	TRBJ2-1
CASSLGPENIQYF	TRBV13	TRBJ2-4
CASSSNTEAFF	TRBV27	TRBJ1-1
CASSQVPVYGYTF	TRBV14	TRBJ1-2
CASSPGPGESGYGYTF	TRBV5-1	TRBJ1-2
CASSSYGLTSGGAPEETQYF	TRBV5-1	TRBJ2-5
CASSQDYPRLAGTDTQYF	TRBV4-2	TRBJ2-3
CAISDAGLATGELFF	TRBV10-3	TRBJ2-2
CSVPGTVNTEAFF	TRBV29-1	TRBJ1-1
CASSVDSNSYNEQFF	TRBV6-1	TRBJ2-1
CASSLPTLNGNIQYF	TRBV27	TRBJ2-4
CASSILTGTPTEAFF	TRBV27	TRBJ1-1
CATGSGNEQYF	TRBV12-3	TRBJ2-7
CSVEVAGGQETQYF	TRBV29-1	TRBJ2-5
CASSIDFGTELRLNTEAFF	TRBV19	TRBJ1-1
CASSRFGQGLVGTEAFF	TRBV7-8	TRBJ1-1
CASSPAGTSMADTQYF	TRBV14	TRBJ2-3
CASLLQGGGYTF	TRBV5-4	TRBJ1-2
CSARDLRGYTDTQYF	TRBV20-1	TRBJ2-3
CAWAPTGVAGELFF	TRBV30	TRBJ2-2
CASGAWADTQYF	TRBV19	TRBJ2-3
CASSASDNLDNEQFF	TRBV5-6	TRBJ2-1
CASSQDGGNTEAFF	TRBV4-3	TRBJ1-1
CASSRNYGQETQYF	TRBV7-6	TRBJ2-5
CASSNGLAGTGELFF	TRBV13	TRBJ2-2
CASSAGTSATDTQYF	TRBV2	TRBJ2-3
CASSKGGGEYGTQYF	TRBV19	TRBJ2-5
CASSPLGPPYEQYF	TRBV18	TRBJ2-7
CASSPGGGRDQPQHF	TRBV7-6	TRBJ1-5
CASSLAAGAVNSPLHF	TRBV13	TRBJ1-6
CASSLAITSGSDTQYF	TRBV7-9	TRBJ2-3
CASSQGGTGEKRDTQYF	TRBV4-1	TRBJ2-3
CASSKDIGGNYGYTF	TRBV2	TRBJ1-2
CASRASGSYNEQFF	TRBV7-6	TRBJ2-1
CASEVGQGILTEAFF	TRBV5-1	TRBJ1-1
CASSPLDPTDTQYF	TRBV18	TRBJ2-3
CASSSIMGGGYTF	TRBV5-6	TRBJ1-2
CASSNTGIGATQYF	TRBV6-5	TRBJ2-3
CASSFLSTSGRNEQFF	TRBV12-4	TRBJ2-1
CASSPLNTGELFF	TRBV2	TRBJ2-2
CASLDRNYNEQFF	TRBV19	TRBJ2-1
CAWDGGRGGETQYF	TRBV30	TRBJ2-5
CASSTLGTEAFF	TRBV19	TRBJ1-1
CASSSGWTEAFF	TRBV7-9	TRBJ1-1
CAISEGASGFTGELFF	TRBV10-3	TRBJ2-2
CASSSTDNTGELFF	TRBV7-3	TRBJ2-2
CAISDYYEQYF	TRBV10-3	TRBJ2-7
CASYPGTENNSPLHF	TRBV27	TRBJ1-6
CATRGTEHYNSPLHF	TRBV15	TRBJ1-6
CASTGRGAQETQYF	TRBV27	TRBJ2-5
CASSLGYIRQGGFVTEAFF	TRBV11-2	TRBJ1-1
CASSRPLEKLFF	TRBV7-9	TRBJ1-4
CASSASGGAGNIQYF	TRBV9	TRBJ2-4
CASSFGRGYQPQHF	TRBV5-6	TRBJ1-5
CASTKRGGTTSNQPQHF	TRBV5-6	TRBJ1-5
CASTVGIPLGTDTQYF	TRBV6-1	TRBJ2-3
CASSQGQGDQPQHF	TRBV4-1	TRBJ1-5
CASSILGGGYNEQFF	TRBV19	TRBJ2-1
CASSQVQGKVSPLHF	TRBV13	TRBJ1-6
CASSFLTGSYGYTF	TRBV27	TRBJ1-2
CASSLPLAGGSTDTQYF	TRBV5-1	TRBJ2-3
CASITTGANTEAFF	TRBV19	TRBJ1-1
CASSQVPTSGNEQFF	TRBV4-1	TRBJ2-1
CASSQVAGEREKLFF	TRBV4-1	TRBJ1-4
CSVEGSGGFQETQYF	TRBV29-1	TRBJ2-5
CASSPLSGRYNEQFF	TRBV27	TRBJ2-1
CATSREGGWGDTDTQYF	TRBV15	TRBJ2-3
CASSLDEGVAYEQYF	TRBV4-1	TRBJ2-7
CASSYWTPATNEKLFF	TRBV6-5	TRBJ1-4
CASRGTGQETQYF	TRBV14	TRBJ2-5
CASSARGGASDTQYF	TRBV19	TRBJ2-3
CASSYSAPTSKSPLHF	TRBV6-5	TRBJ1-6
CASSLEIYTNTEAFF	TRBV5-6	TRBJ1-1
CATSDRDSNQPQHF	TRBV24-1	TRBJ1-5
CASSQDTGGFAGELFF	TRBV4-3	TRBJ2-2
CASSPGASGYTF	TRBV7-6	TRBJ1-2
CASSQVGQGFTGELFF	TRBV3-1	TRBJ2-2
CASSPGGIEAFF	TRBV5-1	TRBJ1-1
CASSLTRSTATNEKLFF	TRBV12-4	TRBJ1-4
CASSLGEMNTEAFF	TRBV5-4	TRBJ1-1
CATRGSGTGGYGYTF	TRBV24-1	TRBJ1-2
CASSPFRTGEQPQHF	TRBV7-9	TRBJ1-5
CASSTSGGVFREQFF	TRBV13	TRBJ2-1
CASSYSQGWRNYGYTF	TRBV6-6	TRBJ1-2
CASSVLASGSHEQFF	TRBV9	TRBJ2-1
CASSATFTNTEAFF	TRBV5-1	TRBJ1-1
CSARQPSGRSSLSTDTQYF	TRBV20-1	TRBJ2-3
CATSKLAGGGTDTQYF	TRBV15	TRBJ2-3
CASSPPRGKGNGYTF	TRBV7-9	TRBJ1-2
CSAIRGLAGTNTGELFF	TRBV20-1	TRBJ2-2
CSVEDRSGVTEAFF	TRBV29-1	TRBJ1-1
CASSLRGAVTEAFF	TRBV27	TRBJ1-1
CASGNSPYEQYF	TRBV27	TRBJ2-7
CASSNSLGDEAFF	TRBV12-4	TRBJ1-1
CASSYNHRVHEQFF	TRBV6-3	TRBJ2-1
CASSPGRRETQYF	TRBV7-8	TRBJ2-5
CASSPRMSPYEQYF	TRBV12-4	TRBJ2-7
CASSEAWGTPLWGEKLFF	TRBV6-1	TRBJ1-4
CASSYSWTSGGVYNEQFF	TRBV6-3	TRBJ2-1
CASSLIPRFHQPQHF	TRBV7-9	TRBJ1-5
CASSLSEGVDTQYF	TRBV7-6	TRBJ2-3
CASSPSVHEQFF	TRBV27	TRBJ2-1
CASSEFGRTFINQPQHF	TRBV2	TRBJ1-5
CASSSTGTGLFETQYF	TRBV7-2	TRBJ2-5
CASSAPYWQEVNIQYF	TRBV19	TRBJ2-4
CASSVQATEAFF	TRBV7-8	TRBJ1-1
CASSLGSPLTGELFF	TRBV27	TRBJ2-2
CATTAAGGLNTEAFF	TRBV27	TRBJ1-1
CASSATEQFF	TRBV18	TRBJ2-1
CASSLKDRGNETQYF	TRBV11-2	TRBJ2-5
CASSSTTPSGRNTDTQYF	TRBV7-9	TRBJ2-3
CASSDTASGDTDTQYF	TRBV9	TRBJ2-3
CASSLLTSGGFTDTQYF	TRBV5-4	TRBJ2-3
CASSSSPLQGTNYGYTF	TRBV27	TRBJ1-2
CASREGQAYGYTF	TRBV19	TRBJ1-2
CASSLGAGLRETQYF	TRBV7-3	TRBJ2-5
CASSLYGTSGSSYNEQFF	TRBV27	TRBJ2-1
CASSDSGEPQHF	TRBV25-1	TRBJ1-5
CASSIPGTKGSLNTEAFF	TRBV19	TRBJ1-1
CASSALRGARSNQPQHF	TRBV10-2	TRBJ1-5
CASSTDESTDTQYF	TRBV12-4	TRBJ2-3
CASSITGGLASPLHF	TRBV19	TRBJ1-6
CASSLWYGQSSYNEQFF	TRBV7-2	TRBJ2-1
CASQGQMNYGYTF	TRBV6-5	TRBJ1-2
CATIDWGGEDTQYF	TRBV6-1	TRBJ2-3
CASKTGTLRTGPYEQYF	TRBV2	TRBJ2-7
CASSTLGGKSGETQYF	TRBV27	TRBJ2-5
CASSARLAGSYNEQFF	TRBV5-4	TRBJ2-1
CSAPTGTNEKLFF	TRBV20-1	TRBJ1-4
CASSPSADQETQYF	TRBV18	TRBJ2-5
CASMAGGTYEQYF	TRBV19	TRBJ2-7
CASSLYGTGNLYEQYF	TRBV5-1	TRBJ2-7
CASSLVPSSGTEAFF	TRBV5-6	TRBJ1-1
CASSYGTGGNEQFF	TRBV6-3	TRBJ2-1
CASTDQGQLNTEAFF	TRBV19	TRBJ1-1
CASSLWDRPYNEQFF	TRBV12-3	TRBJ2-1
CASSLPGRNLAGEQFF	TRBV27	TRBJ2-1
CASSQVQLSGANVLTF	TRBV4-1	TRBJ2-6
CASSPSGIYEQYF	TRBV19	TRBJ2-7
CASSTLSGGYNEQFF	TRBV6-4	TRBJ2-1
CASSWTQGYSGYTF	TRBV7-2	TRBJ1-2
CASSLSQGADYGYTF	TRBV27	TRBJ1-2
CASRWTLNTGELFF	TRBV2	TRBJ2-2
CSARDRFLASGSRHTQYF	TRBV20-1	TRBJ2-3
CASSESVDGRIINRYTF	TRBV10-2	TRBJ1-2
CASSPTGQGYNEQFF	TRBV11-2	TRBJ2-1
CASSWDSPGEFF	TRBV5-1	TRBJ2-1
CASSPLGDGGYEQYF	TRBV4-1	TRBJ2-7
CASSIDSPGLAGGPDTQYF	TRBV19	TRBJ2-3
CASSQGLPAGNTEAFF	TRBV4-1	TRBJ1-1
CATPPGRNYNEQFF	TRBV2	TRBJ2-1
CATLQTSAHTTSTDTQYF	TRBV10-3	TRBJ2-3
CASSERDYLDSGANVLTF	TRBV4-1	TRBJ2-6
CSVVQPNTGELFF	TRBV29-1	TRBJ2-2
CASSDAPGTGASTDTQYF	TRBV19	TRBJ2-3
CASSATGTGRGSPLHF	TRBV7-9	TRBJ1-6
CASSESYGYTF	TRBV2	TRBJ1-2
CASANPVRIPDTDTQYF	TRBV7-2	TRBJ2-3
CASSLGFGEDGYTF	TRBV13	TRBJ1-2
CASSYDRVNYGYTF	TRBV27	TRBJ1-2
CASSTPGNTQYF	TRBV6-5	TRBJ2-3
CASSQAHPTGKDGYTF	TRBV4-3	TRBJ1-2
CASSEKSSGAGYNEQFF	TRBV3-1	TRBJ2-1
CASSIGLAGYNEQFF	TRBV19	TRBJ2-1
CASSLSGGGFSPLHF	TRBV12-4	TRBJ1-6
CASSIAGSHEQYF	TRBV19	TRBJ2-7
CASGAEGQGSDTQYF	TRBV6-5	TRBJ2-3
CASSPGQGSDNSPLHF	TRBV18	TRBJ1-6
CSAPGQGVYNEQFF	TRBV20-1	TRBJ2-1
CSAEGLAGVRANNEQFF	TRBV20-1	TRBJ2-1
CASGTGGDIGGYTF	TRBV6-6	TRBJ1-2
CASSLSPGGELFF	TRBV7-9	TRBJ2-2
CASSLEGAYSNQPQHF	TRBV5-8	TRBJ1-5
CASSLSQWETQYF	TRBV12-4	TRBJ2-5
CASSEYRGTEAFF	TRBV7-8	TRBJ1-1
CASSLGLAGYTDTQYF	TRBV7-2	TRBJ2-3
CASREERKAFF	TRBV6-1	TRBJ1-1
CASSLSLDIDTQYF	TRBV27	TRBJ2-3
CSARSLGGTEAFF	TRBV20-1	TRBJ1-1
CASSPVTGFNQPQHF	TRBV4-1	TRBJ1-5
CASRETGSYEQYF	TRBV6-5	TRBJ2-7
CASSYSVTDNAEAFF	TRBV6-3	TRBJ1-1
CASSVVGGGTDTQYF	TRBV9	TRBJ2-3
CASSRPNEQYF	TRBV3-1	TRBJ2-7
CASSEASGGATNTGELFF	TRBV2	TRBJ2-2
CASDTRQADTQYF	TRBV12-5	TRBJ2-3
CASSTVVGGTEAFF	TRBV7-3	TRBJ1-1
CASSQAMGTGELFF	TRBV4-1	TRBJ2-2
CASSEDTLTNEQFF	TRBV2	TRBJ2-1
CASSRTGLVIGNTQYF	TRBV7-9	TRBJ2-3
CATSGEGQQQETQYF	TRBV15	TRBJ2-5
CASGPSAQETQYF	TRBV6-5	TRBJ2-5
CASSLELAGGEGETQYF	TRBV5-4	TRBJ2-5
CASSEVGLSYEQYF	TRBV25-1	TRBJ2-7
CASSPWTGTDTQYF	TRBV19	TRBJ2-3
CASSPPAVKFYGYTF	TRBV28	TRBJ1-2
CASNEDRATYNEQFF	TRBV7-2	TRBJ2-1
CASSLTGTLTKVGSDTQYF	TRBV11-2	TRBJ2-3
CASSQGVSSGGGYEQYF	TRBV4-1	TRBJ2-7
CASSVPRDRDYLETQYF	TRBV12-4	TRBJ2-5
CASSLMDSNQPQHF	TRBV7-9	TRBJ1-5
CASSEGNYNEQFF	TRBV6-1	TRBJ2-1
CASSGREDNTGELFF	TRBV12-4	TRBJ2-2
CASSQERRYNSPLHF	TRBV4-1	TRBJ1-6
CASSGGGDRSGRTQYF	TRBV13	TRBJ2-5
CASSPQQGFTGYTF	TRBV27	TRBJ1-2
CASSMGGAGNQPQHF	TRBV19	TRBJ1-5
CASSYSYRVELFF	TRBV6-3	TRBJ1-4
CASSLVLGTTEAFF	TRBV7-2	TRBJ1-1
CASSIDRYNEQFF	TRBV19	TRBJ2-1
CASSLIIGVSPNYGYTF	TRBV11-3	TRBJ1-2
CASGLDGLAALGPYNEQFF	TRBV12-5	TRBJ2-1
CAISETGGRTEAFF	TRBV10-3	TRBJ1-1
CASRGGGDEQFF	TRBV7-9	TRBJ2-1
CASSLFGSKGGAFF	TRBV28	TRBJ1-1
CASSLELAGGLGDTGELFF	TRBV5-1	TRBJ2-2
CASSLVDGNTEAFF	TRBV5-8	TRBJ1-1
CASGWGGAYNEQFF	TRBV19	TRBJ2-1
CASSLAQVQYTEAFF	TRBV7-2	TRBJ1-1
CASKPDGSKNEQYF	TRBV19	TRBJ2-7
CASSQVGRAGSPLHF	TRBV4-1	TRBJ1-6
CASSQDLATWVQYF	TRBV3-1	TRBJ2-3
CASSDLLDGKETQYF	TRBV10-2	TRBJ2-5
CSASAGSGANNEQFF	TRBV20-1	TRBJ2-1
CASSFLSATEAFF	TRBV12-4	TRBJ1-1
CASSGGQGSEAFF	TRBV5-1	TRBJ1-1
CASSYGSGNEQFF	TRBV6-3	TRBJ2-1
CASSVVESGNYNEQFF	TRBV9	TRBJ2-1
CASSQYPTSGTSEHEQYF	TRBV4-1	TRBJ2-7
CASSPGLAVHNEQFF	TRBV9	TRBJ2-1
CASSFPTSSYGYTF	TRBV5-1	TRBJ1-2
CASSFLGAGELFF	TRBV28	TRBJ2-2
CASRSYRNYGYTF	TRBV12-4	TRBJ1-2
CASTLTGSTGELFF	TRBV14	TRBJ2-2
CSARGISTDTQYF	TRBV20-1	TRBJ2-3
CASSILGTGEAFF	TRBV19	TRBJ1-1
CASSQDFGGTSTDTQYF	TRBV3-1	TRBJ2-3
CASSLATGGYGNTIYF	TRBV7-6	TRBJ1-3
CASSELLTKGTIANYGYTF	TRBV2	TRBJ1-2
CASSLEGQGVEDTQYF	TRBV5-4	TRBJ2-3
CASSQGTADTQYF	TRBV11-2	TRBJ2-3
CSARDKLGIPEAFF	TRBV20-1	TRBJ1-1
CASSLGGRTEAFF	TRBV4-1	TRBJ1-1
CASSRWPTGGVEQFF	TRBV4-3	TRBJ2-1
CASSQGFGVSRLNTEAFF	TRBV14	TRBJ1-1
CASSPPRYSNQPQHF	TRBV4-1	TRBJ1-5
CASSLEGGKAFF	TRBV5-5	TRBJ1-1
CASSVYSGGTDTQYF	TRBV6-4	TRBJ2-3
CASRSLLQETQYF	TRBV27	TRBJ2-5
CASSHRVADTQYF	TRBV7-9	TRBJ2-3
CSAPPAGGRQGYTF	TRBV20-1	TRBJ1-2
CASSLAPGTDTQYF	TRBV7-6	TRBJ2-3
CASSMGGGIIFRTQYF	TRBV12-3	TRBJ2-5
CASSMGNTEAFF	TRBV5-6	TRBJ1-1
CASSLSPGDSEKLFF	TRBV7-9	TRBJ1-4
CASVRDNSYEQYF	TRBV5-1	TRBJ2-7
CASSPGTLDEKLFF	TRBV13	TRBJ1-4
CASSGTGSETGELFF	TRBV5-4	TRBJ2-2
CASSDPGYEAFF	TRBV7-6	TRBJ1-1
CASSIVGRGPARETQYF	TRBV19	TRBJ2-5
CASSLAIGLETAESSDTQYF	TRBV5-6	TRBJ2-3
CAISEGEGVSYNSPLHF	TRBV10-3	TRBJ1-6
CASSLDSYNSPLHF	TRBV7-9	TRBJ1-6
CASSSRGARSTEAFF	TRBV7-3	TRBJ1-1
CSARGNRQGLGSPLHF	TRBV20-1	TRBJ1-6
CASSQDVPNEQFF	TRBV4-2	TRBJ2-1
CASKTGGALNTEAFF	TRBV19	TRBJ1-1
CASSSDRIGETQYF	TRBV27	TRBJ2-5
CASNPGQENTEAFF	TRBV6-5	TRBJ1-1
CASSYIPAGTTDTQYF	TRBV6-3	TRBJ2-3
CASSLGSSGRSPFGTDTQYF	TRBV5-8	TRBJ2-3
CASSSGGSYNEQFF	TRBV19	TRBJ2-1
CASNNPYNEQFF	TRBV6-4	TRBJ2-1
CASSGGTGPYEQYF	TRBV2	TRBJ2-7
CASTTWDSNQPQHF	TRBV19	TRBJ1-5
CASNLGSYNEQFF	TRBV5-6	TRBJ2-1
CASSLAYVSSYNEQFF	TRBV7-9	TRBJ2-1
CASAEGGGMGYNEQFF	TRBV12-4	TRBJ2-1
CASSQSTGRAGELFF	TRBV11-3	TRBJ2-2
CASSQGAEQWPQHF	TRBV3-1	TRBJ1-5
CASSELTDTQYF	TRBV2	TRBJ2-3
CASSLMGFTNEKLFF	TRBV5-4	TRBJ1-4
CASSYTNTGELFF	TRBV28	TRBJ2-2
CASSYINTGELFF	TRBV6-3	TRBJ2-2
CASSQAIAGGSYEQYF	TRBV4-1	TRBJ2-7
CASSPTGELFF	TRBV11-3	TRBJ2-2
CSASIQGRAGELFF	TRBV29-1	TRBJ2-2
CASSSLSGGRAFGELFF	TRBV19	TRBJ2-2
CASSLGGVQPQHF	TRBV13	TRBJ1-5
CASSWTQGSEQYF	TRBV5-6	TRBJ2-7
CASSYGDTEAFF	TRBV6-5	TRBJ1-1
CASSPTVLEGYYGYTF	TRBV4-3	TRBJ1-2
CATSRGGYEQFF	TRBV15	TRBJ2-1
CASSIDVTGKGSPLHF	TRBV19	TRBJ1-6
CASSKGKKGRGMDTGELFF	TRBV19	TRBJ2-2
CASSGKAGQSPGANVLTF	TRBV10-2	TRBJ2-6
CASQGINNEQFF	TRBV5-4	TRBJ2-1
CASSTTSGGPKSRELFF	TRBV7-9	TRBJ2-2
CASSERGEVYNEQFF	TRBV6-4	TRBJ2-1
CASRDRVEPEAFF	TRBV6-3	TRBJ1-1
CAWIPAGVYNEQFF	TRBV30	TRBJ2-1
CSVPGETAGELFF	TRBV29-1	TRBJ2-2
CASTRGYNEQFF	TRBV7-2	TRBJ2-1
CASSQGLADNNEQFF	TRBV4-2	TRBJ2-1
CASSGRYFYGYTF	TRBV12-4	TRBJ1-2
CASSLGAASGLYYNEQFF	TRBV12-3	TRBJ2-1
CASSSGGTGGETQYF	TRBV5-1	TRBJ2-5
CASSSGTVNNQPQHF	TRBV7-9	TRBJ1-5
CASSLDSSYNEQFF	TRBV5-1	TRBJ2-1
CASSYRAGGLTFF	TRBV6-3	TRBJ1-1
CSARDQDRGFGYTF	TRBV20-1	TRBJ1-2
CASSPLGLGRTGELFF	TRBV9	TRBJ2-2
CASSLGWGTEAFF	TRBV11-1	TRBJ1-1
CSAREGGQGGIGELFF	TRBV20-1	TRBJ2-2
CASSPWMGRGNTIYF	TRBV7-2	TRBJ1-3
CASSPRTREQYF	TRBV27	TRBJ2-7
CASSVGTGLSNTEAFF	TRBV7-3	TRBJ1-1
CASSSSGFYEQYF	TRBV11-2	TRBJ2-7
CASSIGGHTYNEQFF	TRBV19	TRBJ2-1
CASSQEEGGSPEAFF	TRBV3-1	TRBJ1-1
CASSQDRDRELFF	TRBV4-1	TRBJ2-2
CASSVSTPGQGLFYNSPLHF	TRBV2	TRBJ1-6
CASSYGVGQPQHF	TRBV6-5	TRBJ1-5
CASSNDRDSNQPQHF	TRBV4-1	TRBJ1-5
CASSPVGGSGELFF	TRBV18	TRBJ2-2
CASSIVGTSSNEQFF	TRBV19	TRBJ2-1
CASSPGTDSTNEKLFF	TRBV5-8	TRBJ1-4
CASSSLKLSGNTIYF	TRBV12-4	TRBJ1-3
CASSPGSSYEQYF	TRBV19	TRBJ2-7
CASSLGGGGELFF	TRBV5-8	TRBJ2-2
CASSPTQGKYYEQYF	TRBV27	TRBJ2-7
CASSYYHRGETQYF	TRBV6-3	TRBJ2-5
CASSESTRRGRVGEQFF	TRBV10-1	TRBJ2-1
CAISAGTGAFF	TRBV10-3	TRBJ1-1
CASSLVGGLNTEAFF	TRBV13	TRBJ1-1
CASPGTGSYNEQFF	TRBV2	TRBJ2-1
CASSGETTGTNTEAFF	TRBV5-4	TRBJ1-1
CSTPQGVFQYF	TRBV20-1	TRBJ2-5
CASSAGQPEGDYGYTF	TRBV7-8	TRBJ1-2
CARGDGHQPQHF	TRBV10-2	TRBJ1-5
CASSHPSTSGGAGETQYF	TRBV3-1	TRBJ2-5
CASSLEGEYAQPQHF	TRBV5-5	TRBJ1-5
CASSLGGGDNEKLFF	TRBV7-9	TRBJ1-4
CASSQDDDSGNTIYF	TRBV3-1	TRBJ1-3
CASSNGTGNEQFF	TRBV6-5	TRBJ2-1
CASSFAGTEAFF	TRBV7-9	TRBJ1-1
CASTPGLAGVTDTQYF	TRBV10-1	TRBJ2-3
CASSLVGSTEAFF	TRBV5-6	TRBJ1-1
CASSQGGKGEYLFNYGYTF	TRBV4-3	TRBJ1-2
CSARDFNSGGSNYNEQFF	TRBV20-1	TRBJ2-1
CASSYGASTDTQYF	TRBV6-3	TRBJ2-3
CASSQGSEKLFF	TRBV19	TRBJ1-4
CASTPGGRSNEQFF	TRBV6-3	TRBJ2-1
CASSLNIVVGPSDTQYF	TRBV7-2	TRBJ2-3
CASSDLHEQYF	TRBV6-1	TRBJ2-7
CASSLSLSGRGVEQFF	TRBV7-9	TRBJ2-1
CSAPLAGGPDEQFF	TRBV20-1	TRBJ2-1
CASRQTKTNTEAFF	TRBV2	TRBJ1-1
CSVAGTPELYNEQFF	TRBV29-1	TRBJ2-1
CASSYKQGYEQYF	TRBV27	TRBJ2-7
CASSVVGNTEAFF	TRBV9	TRBJ1-1
CASSSRHSNQPQHF	TRBV13	TRBJ1-5
CASSYPGAQDEQFF	TRBV6-3	TRBJ2-1
CASSQASRGWETQYF	TRBV4-1	TRBJ2-5
CASSVPTGDIEAFF	TRBV7-7	TRBJ1-1
CASSLASAPGNRELFF	TRBV7-6	TRBJ2-2
CASRFQGLTEAFF	TRBV6-9	TRBJ1-1
CASSYGTGQPQHF	TRBV6-3	TRBJ1-5
CASSLGTGNTEAFF	TRBV19	TRBJ1-1
CASSPRDRSSYEQYF	TRBV4-1	TRBJ2-7
CASSSPRDWLYQETQYF	TRBV7-7	TRBJ2-5
CASRSDSYTGELFF	TRBV6-5	TRBJ2-2
CASSHGGVDEQFF	TRBV9	TRBJ2-1
CASSLGGGLAGSGEQYF	TRBV7-9	TRBJ2-7
CASSGRKLFF	TRBV11-3	TRBJ1-4
CASSPRTGDTETQYF	TRBV18	TRBJ2-5
CASSTNPYSANYGYTF	TRBV6-1	TRBJ1-2
CSARDPLAGGANVLTF	TRBV20-1	TRBJ2-6
CASSLGRGLNTEAFF	TRBV5-1	TRBJ1-1
CATRIGGGAADTQYF	TRBV24-1	TRBJ2-3
CASSLGNEQFF	TRBV7-3	TRBJ2-1
CASSPGLAGGYEQFF	TRBV3-1	TRBJ2-1
CASSLAPPDTQYF	TRBV7-6	TRBJ2-3
CASSYPRQGFEAFF	TRBV6-3	TRBJ1-1
CASSRLTSANIQYF	TRBV7-9	TRBJ2-4
CASSFRTSGATDTQYF	TRBV11-3	TRBJ2-3
CSVTQGSSYNEQFF	TRBV20-1	TRBJ2-1
CASSKNRIQSSYNSPLHF	TRBV19	TRBJ1-6
CASSGAPTDNNEKLFF	TRBV9	TRBJ1-4
CASSGLAGGPYF	TRBV6-3	TRBJ2-5
CSARARVLGWWGGRSQNIQYF	TRBV20-1	TRBJ2-4
CASSLGTEWAAGELFF	TRBV27	TRBJ2-2
CASSEGTSGFTGELFF	TRBV2	TRBJ2-2
CASSIYTADEQFF	TRBV19	TRBJ2-1
CASSTLLQSREGSYEKLFF	TRBV19	TRBJ1-4
CASGPERSERYGYTF	TRBV5-1	TRBJ1-2
CASSSGTSSYNEQFF	TRBV5-4	TRBJ2-1
CASSEYRRADTEAFF	TRBV10-1	TRBJ1-1
CASTTYFGGNQPQHF	TRBV2	TRBJ1-5
CATSDGLAGGYNEQFF	TRBV24-1	TRBJ2-1
CASSSLAGPANEQFF	TRBV6-3	TRBJ2-1
CASSQTPNQPQHF	TRBV4-1	TRBJ1-5
CASSLFGAVGELFF	TRBV27	TRBJ2-2
CSASGGTHQPQHF	TRBV20-1	TRBJ1-5
CASGTPRSPSGNTIYF	TRBV12-5	TRBJ1-3
CASSLIGTGGISNQPQHF	TRBV27	TRBJ1-5
CASSQGVHEQFF	TRBV4-1	TRBJ2-1
CASNTGTGIYNEQFF	TRBV27	TRBJ2-1
CASGQVREAFF	TRBV10-2	TRBJ1-1
CASSQRDRGSDTQYF	TRBV4-3	TRBJ2-3
CASSPSTSGGQETQYF	TRBV13	TRBJ2-5
CASSLLRDTQYF	TRBV4-1	TRBJ2-3
CSARTGTDFNEKLFF	TRBV20-1	TRBJ1-4
CASSLMGIGSYNEQFF	TRBV27	TRBJ2-1
CATSRERGIGSNQPQHF	TRBV15	TRBJ1-5
CASSLFPRLYEQYF	TRBV27	TRBJ2-7
CASSLGQGTANQPQHF	TRBV12-4	TRBJ1-5
CASSFSPGATEAFF	TRBV7-2	TRBJ1-1
CASSDRGQPQHF	TRBV27	TRBJ1-5
CASSLAAGGPYNEQFF	TRBV7-6	TRBJ2-1
CASSTLSYNQPQHF	TRBV27	TRBJ1-5
CASSITGQGSTGELFF	TRBV19	TRBJ2-2
CASRTLSQENTEAFF	TRBV19	TRBJ1-1
CAIGFPSGGPWTGELFF	TRBV10-3	TRBJ2-2
CASSPTTSGQPEAFF	TRBV5-1	TRBJ1-1
CASSHIRDYEQYF	TRBV7-9	TRBJ2-7
CASSQDRGFNYGYTF	TRBV14	TRBJ1-2
CASRQGSDTQYF	TRBV10-2	TRBJ2-3
CAVHPGMNTGELFF	TRBV15	TRBJ2-2
CSAPGIGLTEAFF	TRBV20-1	TRBJ1-1
CASSFGPGRLYGYTF	TRBV5-6	TRBJ1-2
CASRSNPGLAGYEQYF	TRBV27	TRBJ2-7
CATSGPGLDNEQFF	TRBV24-1	TRBJ2-1
CASSYPMDRSGELFF	TRBV11-2	TRBJ2-2
CASSWTGGMWPQHF	TRBV27	TRBJ1-5
CAWSVRENTEAFF	TRBV30	TRBJ1-1
CASSIWDFSTEAFF	TRBV19	TRBJ1-1
CASGPNRVYGYTF	TRBV12-5	TRBJ1-2
CASSVGGLGTYTF	TRBV9	TRBJ1-2
CASSARLADTQYF	TRBV4-1	TRBJ2-3
CATSREDRPTPLHF	TRBV15	TRBJ1-6
CASSLGGDSPLHF	TRBV7-6	TRBJ1-6
CAISESLAGGPGTQYF	TRBV10-3	TRBJ2-3
CASSPGTGGFQPQHF	TRBV10-2	TRBJ1-5
CAIRGFLGTGKNTEAFF	TRBV10-3	TRBJ1-1
CASGGALNYEQYF	TRBV13	TRBJ2-7
CASSPHTMNTEAFF	TRBV19	TRBJ1-1
CASSFIGSETQYF	TRBV5-5	TRBJ2-5
CASSLGREQFF	TRBV7-3	TRBJ2-1
CASSSQGTDLGYTF	TRBV27	TRBJ1-2
CASSWTIAQPQHF	TRBV12-4	TRBJ1-5
CASSPSPDTYEQYF	TRBV5-8	TRBJ2-7
CASSRDTEAFF	TRBV6-3	TRBJ1-1
CSVVLEGGVYGYTF	TRBV29-1	TRBJ1-2
CSASWLAGFNEQFF	TRBV20-1	TRBJ2-1
CASSFGTRGGMSDTQYF	TRBV5-1	TRBJ2-3
CSASGTSSLVDTQYF	TRBV20-1	TRBJ2-3
CSVAATTGELFF	TRBV29-1	TRBJ2-2
CASSVGQGSYEQYF	TRBV9	TRBJ2-7
CASSLSGGDEQYF	TRBV5-4	TRBJ2-7
CASSRTGGTDTQYF	TRBV7-6	TRBJ2-3
CASSIGGLLNTEAFF	TRBV19	TRBJ1-1
CASSYMRGAYQETQYF	TRBV11-2	TRBJ2-5
CASIGGGNNEQFF	TRBV27	TRBJ2-1
CASSLLSTGAAGELFF	TRBV7-2	TRBJ2-2
CASSRPSSGNTIYF	TRBV14	TRBJ1-3
CSVSDGYSGNTIYF	TRBV29-1	TRBJ1-3
CATMDTMNTEAFF	TRBV24-1	TRBJ1-1
CASSWDRHKPQHF	TRBV27	TRBJ1-5
CAEEGDRAGYTF	TRBV30	TRBJ1-2
CASSSRTGSGTDTQYF	TRBV7-8	TRBJ2-3
CASSLGRGRTEAFF	TRBV5-1	TRBJ1-1
CASSPRQGLTDTQYF	TRBV18	TRBJ2-3
CASSTSDRVNTIYF	TRBV18	TRBJ1-3
CASSPEGQTYNSPLHF	TRBV2	TRBJ1-6
CASSVGTSGGYEQYF	TRBV9	TRBJ2-7
CASSFARGYEQYF	TRBV27	TRBJ2-7
CAWSVPSYYGYTF	TRBV30	TRBJ1-2
CASSITGTGALTNTGELFF	TRBV19	TRBJ2-2
CASSDNAADYTF	TRBV7-6	TRBJ1-2
CSVDVRVADEQFF	TRBV29-1	TRBJ2-1
CASSHVRENTEAFF	TRBV4-1	TRBJ1-1
CASSLFGYEQYF	TRBV7-9	TRBJ2-7
CASSRGAGGGSPLHF	TRBV18	TRBJ1-6
CASSFTSGDSYNEQFF	TRBV5-1	TRBJ2-1
CATSRLAGGPGETQYF	TRBV15	TRBJ2-5
CATSDAGNEQFF	TRBV24-1	TRBJ2-1
CASSDGPNYGYTF	TRBV19	TRBJ1-2
CASSYQAGPQETQYF	TRBV6-6	TRBJ2-5
CASTPVTGVATQYF	TRBV27	TRBJ2-5
CASKLTTMTEAFF	TRBV19	TRBJ1-1
CASSTITGELFF	TRBV19	TRBJ2-2
CASSQTLAGGPWETQYF	TRBV4-1	TRBJ2-5
CASSHPQGTSYEQYF	TRBV4-1	TRBJ2-7
CASSVSSGQPQHF	TRBV6-1	TRBJ1-5
CASSQGGNEQFF	TRBV19	TRBJ2-1
CASSLSGPGQGFADTQYF	TRBV27	TRBJ2-3
CASSPFGLSGKDTGELFF	TRBV18	TRBJ2-2
CASSLTGGGGYTF	TRBV5-6	TRBJ1-2
CASSPRTTTSGVEGVQETQYF	TRBV3-1	TRBJ2-5
CASSISGGASDTQYF	TRBV11-2	TRBJ2-3
CASSLELDEAFF	TRBV7-9	TRBJ1-1
CASSEYRHWGNYGYTF	TRBV25-1	TRBJ1-2
CASSALGESQETQYF	TRBV2	TRBJ2-5
CAISLSGLYNSPLHF	TRBV10-3	TRBJ1-6
CASSEAGAQLWSSYNEQFF	TRBV2	TRBJ2-1
CASRRQETNEKLFF	TRBV6-5	TRBJ1-4
CASSYAISYNEQFF	TRBV6-5	TRBJ2-1
CASSFTEPGTEAFF	TRBV27	TRBJ1-1
CASKGPENIQYF	TRBV2	TRBJ2-4
CASSADRGREKLFF	TRBV7-9	TRBJ1-4
CASSHPPRWDGYTF	TRBV7-9	TRBJ1-2
CASSTQQPLYNEQFF	TRBV12-4	TRBJ2-1
CASSPGGTEAFF	TRBV16	TRBJ1-1
CASSNRAVGPDTQYF	TRBV19	TRBJ2-3
CASSIGRGMDYEQYF	TRBV19	TRBJ2-7
CASSLGTGFRGELFF	TRBV13	TRBJ2-2
CASSPPSEAQYF	TRBV7-9	TRBJ2-5
CASSAAGASSGNTIYF	TRBV9	TRBJ1-3
CASSQEGGPPYNEQFF	TRBV14	TRBJ2-1
CASSIGTVGYEQYF	TRBV19	TRBJ2-7
CASTLILGADTEAFF	TRBV7-8	TRBJ1-1
CASSLFGLAGDYNEQFF	TRBV27	TRBJ2-1
CASSFRGQGNEQYF	TRBV5-1	TRBJ2-7
CASSIDLLGYEQYF	TRBV19	TRBJ2-7
CASSVMGSPYEQYF	TRBV9	TRBJ2-7
CASSLAPSGVTQYF	TRBV5-1	TRBJ2-3
CASSSLWEETQYF	TRBV27	TRBJ2-5
CASSPGTGDAYGYTF	TRBV4-3	TRBJ1-2
CASSVGGGTEAFF	TRBV9	TRBJ1-1
CASSLEPPGRGFAGYTF	TRBV7-3	TRBJ1-2
CASSSSTSGYTDTQYF	TRBV7-8	TRBJ2-3
CASSHLSGVRSYNEQFF	TRBV3-1	TRBJ2-1
CASGQGVFGYTF	TRBV19	TRBJ1-2
CASSLPPTGNTDTQYF	TRBV5-1	TRBJ2-3
CAISESGRGFYFDQPQHF	TRBV10-3	TRBJ1-5
CASSYKYRENTEAFF	TRBV6-5	TRBJ1-1
CASSLWPYYNEQFF	TRBV7-9	TRBJ2-1
CASSIGYFANTGELFF	TRBV19	TRBJ2-2
CASSLEGYSNQPQHF	TRBV5-5	TRBJ1-5
CASSPGYSNQPQHF	TRBV11-3	TRBJ1-5
CASSLFLGGTEAFF	TRBV12-4	TRBJ1-1
CASRPPGAVYEQYF	TRBV28	TRBJ2-7
CASSQHTGSSYNEQFF	TRBV4-2	TRBJ2-1
CASSPPAGGNTEAFF	TRBV7-9	TRBJ1-1
CSVRGTGEKSNYGYTF	TRBV29-1	TRBJ1-2
CASSLEGDSNQPQHF	TRBV28	TRBJ1-5
CASGTSTNIYEQYF	TRBV19	TRBJ2-7
CAIVLGTSAYNEQFF	TRBV12-4	TRBJ2-1
CASKPGADYEQYF	TRBV28	TRBJ2-7
CASSLASGFSGNTIYF	TRBV12-4	TRBJ1-3
CASRTAGGPTGELFF	TRBV6-5	TRBJ2-2
CASSLESRLNSPLHF	TRBV5-6	TRBJ1-6
CASSSSPGQWAYEQYF	TRBV27	TRBJ2-7
CAWSRGQGDNEQFF	TRBV30	TRBJ2-1
CASTPREAGDWYEQFF	TRBV7-9	TRBJ2-1
CSAPTSGQETQYF	TRBV20-1	TRBJ2-5
CSVVGTGNTEAFF	TRBV29-1	TRBJ1-1
CASSLLGLKARGYTF	TRBV5-6	TRBJ1-2
CASSQEGGEQFF	TRBV4-3	TRBJ2-1
CSAPPQGRTEAFF	TRBV29-1	TRBJ1-1
CASSHGTGYNSPLHF	TRBV19	TRBJ1-6
CASSSGPGEVQPQHF	TRBV7-6	TRBJ1-5
CASSPMVPSGGTDTQYF	TRBV4-2	TRBJ2-3
CSARGKISGTYNEQFF	TRBV20-1	TRBJ2-1
CSAKPPGPQSYNEQFF	TRBV29-1	TRBJ2-1
CASSEGQGNTEAFF	TRBV9	TRBJ1-1
CASSLNLNEQFF	TRBV7-6	TRBJ2-1
CASSQTKYTEAFF	TRBV4-1	TRBJ1-1
CASSLTTDGDAWETQYF	TRBV6-3	TRBJ2-5
CASSLGTNSGNTIYF	TRBV5-1	TRBJ1-3
CASSLAPRNEAFF	TRBV7-9	TRBJ1-1
CASSVYSGTHNEQFF	TRBV9	TRBJ2-1
CASSQDRALNQPQHF	TRBV4-3	TRBJ1-5
CSARGFRGGDGYTF	TRBV20-1	TRBJ1-2
CASSLRPPGGLGATNEKLFF	TRBV19	TRBJ1-4
CASSLGRTENSPLHF	TRBV13	TRBJ1-6
CASSGQGANTEAFF	TRBV9	TRBJ1-1
CASSAWGLEYEQYF	TRBV7-7	TRBJ2-7
CASSPRDTQYF	TRBV6-6	TRBJ2-3
CASSWDRGPRTEAFF	TRBV6-3	TRBJ1-1
CASSQDQATTGELFF	TRBV4-3	TRBJ2-2
CASSINLGLAGVWSYNEQFF	TRBV19	TRBJ2-1
CASSQELRDRVSEAFF	TRBV4-1	TRBJ1-1
CASSQDFPGSDGYTF	TRBV4-1	TRBJ1-2
CASSILGTANYGYTF	TRBV19	TRBJ1-2
CSARVPGGLGEKLFF	TRBV20-1	TRBJ1-4
CASTPRRTLEQFF	TRBV27	TRBJ2-1
CSASETSKGTGELFF	TRBV20-1	TRBJ2-2
CASSMGLRGYEQYF	TRBV7-2	TRBJ2-7
CASSLGQEYSYGYTF	TRBV5-6	TRBJ1-2
CASSYSQINNEQFF	TRBV6-3	TRBJ2-1
CASSFGQGDFFTEAFF	TRBV27	TRBJ1-1
CATSDHGTGYDSETQYF	TRBV24-1	TRBJ2-5
CASSFGVPHGWEDQPQHF	TRBV7-9	TRBJ1-5
CSVPWGFTEAFF	TRBV29-1	TRBJ1-1
CASTQRLTGELFF	TRBV9	TRBJ2-2
CASSAMGQHNEQFF	TRBV19	TRBJ2-1
CASSLAREVPKTGELFF	TRBV7-9	TRBJ2-2
CASSLERLAGTVGELFF	TRBV7-9	TRBJ2-2
CASRRTGGERSEAFF	TRBV7-8	TRBJ1-1
CASRAGTEIAGNTIYF	TRBV4-1	TRBJ1-3
CASRSGMSTDTQYF	TRBV19	TRBJ2-3
CASSPTGTGTEAFF	TRBV11-2	TRBJ1-1
CASSQGQGLWETQYF	TRBV7-8	TRBJ2-5
CSASGDREVSGEKLFF	TRBV20-1	TRBJ1-4
CAWSDGSVGELFF	TRBV30	TRBJ2-2
CASSITGVTGELFF	TRBV19	TRBJ2-2
CASSEGDRGGWNTEAFF	TRBV25-1	TRBJ1-1
CASSSSRDSLLPEQFF	TRBV5-1	TRBJ2-1
CAWSVFQRESYNEQFF	TRBV30	TRBJ2-1
CASSSVDGDTQYF	TRBV7-9	TRBJ2-3
CASSEGSDSNQPQHF	TRBV2	TRBJ1-5
CASSDGTSGVTDTQYF	TRBV5-8	TRBJ2-3
CASSFFGNTEAFF	TRBV7-8	TRBJ1-1
CASSTQGANYGYTF	TRBV6-1	TRBJ1-2
CASSLGFLGGTEAFF	TRBV7-3	TRBJ1-1
CASSQAGEQYNEQFF	TRBV4-1	TRBJ2-1
CASSLGPGNNEQFF	TRBV7-2	TRBJ2-1
CASSLGDGELFF	TRBV7-9	TRBJ2-2
CASSLITTSTDTQYF	TRBV27	TRBJ2-3
CASIPDGYNEQFF	TRBV25-1	TRBJ2-1
CASSLAGNTEAFF	TRBV19	TRBJ1-1
CASSPSGTWGEKLFF	TRBV27	TRBJ1-4
CASSSSMNTEAFF	TRBV19	TRBJ1-1
CASRQGRKETQYF	TRBV7-6	TRBJ2-5
CASREVNTEAFF	TRBV7-8	TRBJ1-1
CASSQDSKDRGLDGYTF	TRBV4-1	TRBJ1-2
CASSPWNTEAFF	TRBV7-3	TRBJ1-1
CASSWGTYEQYF	TRBV5-1	TRBJ2-7
CASSHGQGDQPQHF	TRBV27	TRBJ1-5
CASSYARGRGTEAFF	TRBV6-3	TRBJ1-1
CASSLGSGQAEKLFF	TRBV12-4	TRBJ1-4
CASSDLEPQETQYF	TRBV10-1	TRBJ2-5
CATSDRTSGRAKETQYF	TRBV24-1	TRBJ2-5
CASSSTGGSGELFF	TRBV6-5	TRBJ2-2
CASRQGEAEAFF	TRBV19	TRBJ1-1
CASSPSVSEQFF	TRBV7-2	TRBJ2-1
CASSQEASGTYNEQFF	TRBV4-3	TRBJ2-1
CSASDLGQGSNEQYF	TRBV20-1	TRBJ2-7
CASSMTGNQETQYF	TRBV12-3	TRBJ2-5
CASSSGQGPNQPQHF	TRBV7-9	TRBJ1-5
CASSISGQVEAFF	TRBV19	TRBJ1-1
CASSLKKQTGGSNYGYTF	TRBV5-1	TRBJ1-2
CSAMDSYQPQHF	TRBV29-1	TRBJ1-5
CASSPGLERSAATQYF	TRBV7-9	TRBJ2-3
CASSYGELRMNTEAFF	TRBV6-6	TRBJ1-1
CASSPGLAPKDEQFF	TRBV12-4	TRBJ2-1
CASTPTGARETQYF	TRBV12-4	TRBJ2-5
CASSFVMFHTGELFF	TRBV7-2	TRBJ2-2
CSVEGFGRAGTGELFF	TRBV29-1	TRBJ2-2
CASSWGQGGYEQYF	TRBV12-4	TRBJ2-7
CATQSGLQIHTDTQYF	TRBV27	TRBJ2-3
CASSLKADSRTDTQYF	TRBV7-9	TRBJ2-3
CASRIGNTEAFF	TRBV5-6	TRBJ1-1
CSVEVTEAFF	TRBV29-1	TRBJ1-1
CASSLEEGGAFF	TRBV12-3	TRBJ1-1
CSARDPDNPDTQYF	TRBV20-1	TRBJ2-3
CASSQGLAGANQETQYF	TRBV3-1	TRBJ2-5
CASSKGGAGELFF	TRBV5-4	TRBJ2-2
CAISEGTSGLETQYF	TRBV10-3	TRBJ2-5
CASSLGATHQPQHF	TRBV7-9	TRBJ1-5
CATSDTLGTGDYSNQPQHF	TRBV24-1	TRBJ1-5
CATIGQGASNYGYTF	TRBV10-3	TRBJ1-2
CASSISYEQFF	TRBV19	TRBJ2-1
CASSLSSGITGELFF	TRBV7-7	TRBJ2-2
CATSRGSGQYQETQYF	TRBV15	TRBJ2-5
CASSLYGGMDYNEQFF	TRBV7-3	TRBJ2-1
CASSGDINPYEQYF	TRBV5-1	TRBJ2-7
CATSSGANTGELFF	TRBV15	TRBJ2-2
CASSPDTLLTYEQYF	TRBV5-1	TRBJ2-7
CASGLVVLGFTGELFF	TRBV12-5	TRBJ2-2
CASSQVVYNEQFF	TRBV3-1	TRBJ2-1
CASSMGVNTEAFF	TRBV19	TRBJ1-1
CASIGRQLFF	TRBV6-3	TRBJ2-1
CASTEDRADTGELFF	TRBV5-8	TRBJ2-2
CAWSRGGVDEQFF	TRBV30	TRBJ2-1
CASSYNDGLTDTQYF	TRBV6-5	TRBJ2-3
CASSIISGNTIYF	TRBV19	TRBJ1-3
CASNERFFLSSTDTQYF	TRBV6-6	TRBJ2-3
CASSKGRLPNSPLHF	TRBV19	TRBJ1-6
CASESDGTDEYSNQPQHF	TRBV7-9	TRBJ1-5
CASSLAGVTEAFF	TRBV5-4	TRBJ1-1
CASSPKGQGIVTEAFF	TRBV7-9	TRBJ1-1
CASSPPGGTGGADGYTF	TRBV9	TRBJ1-2
CATSDGQGGEKLFF	TRBV24-1	TRBJ1-4
CASSLRGRGADTQYF	TRBV7-3	TRBJ2-3
CASSYGLAESYEQYF	TRBV13	TRBJ2-7
CAIGQRGGLDTQYF	TRBV11-2	TRBJ2-3
CASRGTDANYGYTF	TRBV9	TRBJ1-2
CASSQELSHPNYEQYF	TRBV4-1	TRBJ2-7
CASKGRGRINYGYTF	TRBV27	TRBJ1-2
CASSMWGIGEAFF	TRBV19	TRBJ1-1
CASSSSDMGQKSYEQYF	TRBV27	TRBJ2-7
CASSQDSQHYGYTF	TRBV3-1	TRBJ1-2
CASSQGRGPYEQYF	TRBV4-1	TRBJ2-7
CASSLQLGENTEAFF	TRBV4-1	TRBJ1-1
CASSYWVGYNEQFF	TRBV6-3	TRBJ2-1
CASSYHSSGEGPNEQFF	TRBV6-5	TRBJ2-1
CASSLGLSGANVLTF	TRBV13	TRBJ2-6
CASSVGSSLHEQYF	TRBV9	TRBJ2-7
CASSPRTSQNIQYF	TRBV7-2	TRBJ2-4
CASSSGPGAGGYGYTF	TRBV5-6	TRBJ1-2
CAWNPGPSYGEQFF	TRBV30	TRBJ2-1
CASSQDRGQGRSGELFF	TRBV4-3	TRBJ2-2
CASSYGTSGPINEQFF	TRBV6-5	TRBJ2-1
CASSQDDGGYNEQFF	TRBV4-3	TRBJ2-1
CASSPLYGNEQFF	TRBV7-9	TRBJ2-1
CATSDLSSGRGYNEQFF	TRBV24-1	TRBJ2-1
CASSQDRLAGGNTGELFF	TRBV4-3	TRBJ2-2
CASSYGEKLFF	TRBV2	TRBJ1-4
CSASPRTGGIPNYGYTF	TRBV20-1	TRBJ1-2
CAITGLAMNTGELFF	TRBV10-3	TRBJ2-2
CATSRDISIGSYEQYF	TRBV15	TRBJ2-7
CASGLLWGQEQFF	TRBV12-5	TRBJ2-1
CASSWSNQPQHF	TRBV25-1	TRBJ1-5
CASSYGLPYGYTF	TRBV6-5	TRBJ1-2
CASSYGKIYGYTF	TRBV6-5	TRBJ1-2
CASSPRGGGYYEQYF	TRBV27	TRBJ2-7
CASSFGTGAYEQYF	TRBV4-1	TRBJ2-7
CASGSSGGAGYGYTF	TRBV12-5	TRBJ1-2
CATSDSIAGGPSTGELFF	TRBV24-1	TRBJ2-2
CASSVIAGGPYNEQFF	TRBV2	TRBJ2-1
CASSKAETFPSSGANVLTF	TRBV19	TRBJ2-6
CASSEYGPEEKLFF	TRBV10-2	TRBJ1-4
CASSLGTSGIGNEQFF	TRBV13	TRBJ2-1
CASSSLTNTEAFF	TRBV7-3	TRBJ1-1
CASSLDLGGSPYNEQFF	TRBV7-2	TRBJ2-1
CASSLGDGGNTGELFF	TRBV5-1	TRBJ2-2
CSVPDSQVPEAFF	TRBV29-1	TRBJ1-1
CASSLGDGSAQHF	TRBV27	TRBJ1-5
CASSPPLGADTQYF	TRBV19	TRBJ2-3
CASSLDRGTGGYTF	TRBV5-1	TRBJ1-2
CAIKRESTDTQYF	TRBV10-3	TRBJ2-3
CASSLTWDEKLFF	TRBV11-2	TRBJ1-4
CSVDGPSSYEQYF	TRBV29-1	TRBJ2-7
CASSADRGLYGYTF	TRBV28	TRBJ1-2
CATSDPDSNTGELFF	TRBV24-1	TRBJ2-2
CASSVEVGGLSNSYNEQFF	TRBV9	TRBJ2-1
CASSPVLRAKNIQYF	TRBV7-9	TRBJ2-4
CASSYSMGGAGETQYF	TRBV6-6	TRBJ2-5
CASSLNGDTQYF	TRBV12-3	TRBJ2-3
CASSLVEEAPTDTQYF	TRBV5-5	TRBJ2-3
CASTLAYLSEVGYNEQFF	TRBV5-6	TRBJ2-1
CASSGDRGLGTEAFF	TRBV9	TRBJ1-1
CASRRQGRTDTQYF	TRBV6-3	TRBJ2-3
CASSPDGLSGNTIYF	TRBV5-1	TRBJ1-3
CASRHRAGRDWMDEKLFF	TRBV19	TRBJ1-4
CASSLELAGVHYEQYF	TRBV5-4	TRBJ2-7
CASSLDRGADTQYF	TRBV7-7	TRBJ2-3
CASGEGAANEKLFF	TRBV7-9	TRBJ1-4
CASSSGSVKSSYNSPLHF	TRBV5-1	TRBJ1-6
CASSEGQSTNEKLFF	TRBV4-1	TRBJ1-4
CASSSPGASAVQETQYF	TRBV7-9	TRBJ2-5
CASSQRTRGGETQYF	TRBV3-1	TRBJ2-5
CASSQVNPAEAFF	TRBV4-1	TRBJ1-1
CASARGTDTQYF	TRBV27	TRBJ2-3
CASSIVTGEETQYF	TRBV19	TRBJ2-5
CATSLGLNSEAFF	TRBV15	TRBJ1-1
CASSPQEFENTEAFF	TRBV18	TRBJ1-1
CASSPGTGTTYGYTF	TRBV7-6	TRBJ1-2
CASSLAQSYEQYF	TRBV5-4	TRBJ2-7
CASSLGDSGNQPQHF	TRBV7-2	TRBJ1-5
CASSLFLPAGNTEAFF	TRBV13	TRBJ1-1
CASSLGGYEQFF	TRBV13	TRBJ2-1
CATSSSGVQETQYF	TRBV15	TRBJ2-5
CASSLRTGRTTDTQYF	TRBV7-9	TRBJ2-3
CASSLATSGGYQETQYF	TRBV11-2	TRBJ2-5
CASSRGQNNAKNIQYF	TRBV4-1	TRBJ2-4
CASRDRGRAEAFF	TRBV2	TRBJ1-1
CASSYSNLEGEENTIYF	TRBV6-5	TRBJ1-3
CASSLSPWEQYF	TRBV12-4	TRBJ2-7
CASSLLGGQETQYF	TRBV12-3	TRBJ2-5
CASSYSGQGYNEQFF	TRBV6-5	TRBJ2-1
CASSPMGTNEKLFF	TRBV12-4	TRBJ1-4
CASSFRNREGEQFF	TRBV19	TRBJ2-1
CASSSGQGGEKLFF	TRBV5-1	TRBJ1-4
CASSGSYEQYF	TRBV7-9	TRBJ2-7
CASSLANQGYQPQHF	TRBV5-5	TRBJ1-5
CASSQSGQRNTEAFF	TRBV4-1	TRBJ1-1
CSARGFGNHEQFF	TRBV20-1	TRBJ2-1
CATSEPGTEYGYTF	TRBV24-1	TRBJ1-2
CASSLGPSTGSETQYF	TRBV5-6	TRBJ2-5
CASRETGGAQPQHF	TRBV28	TRBJ1-5
CASSLFGGRYNEQFF	TRBV5-6	TRBJ2-1
CATSDRGEGIETQYF	TRBV24-1	TRBJ2-5
CASSLGGEKLFF	TRBV7-9	TRBJ1-4
CASSLGRSQNEQYF	TRBV5-1	TRBJ2-7
CASSPAGTSGKVWGTDTQYF	TRBV5-1	TRBJ2-3
CSGTGSSYNEQFF	TRBV29-1	TRBJ2-1
CASSITGQHYEQYF	TRBV19	TRBJ2-7
CSARESPPPIEETQYF	TRBV20-1	TRBJ2-5
CASSFLSEDRVNEQFF	TRBV6-5	TRBJ2-1
CASSDGLAGEAKNIQYF	TRBV3-1	TRBJ2-4
CASTHQSGTGSPLHF	TRBV27	TRBJ1-6
CATSDLVANQPQHF	TRBV24-1	TRBJ1-5
CASSQVALGQGNYGYTF	TRBV3-1	TRBJ1-2
CATSDPLAGGGYNEQFF	TRBV24-1	TRBJ2-1
CASSRPLAGGPYEQYF	TRBV3-1	TRBJ2-7
CASSPGTGRNGELFF	TRBV7-8	TRBJ2-2
CAISEPHNVLTF	TRBV10-3	TRBJ2-6
CASSLQQGVYEQYF	TRBV7-6	TRBJ2-7
CASSLIGSNYGYTF	TRBV7-9	TRBJ1-2
CASSTNTEAFF	TRBV27	TRBJ1-1
CASSWGQGNNEQFF	TRBV5-1	TRBJ2-1
CATSGLGGADEQFF	TRBV24-1	TRBJ2-1
CASSISPGFYGYTF	TRBV19	TRBJ1-2
CASSQDFREGKNSPLHF	TRBV4-3	TRBJ1-6
CASSLALDNYEQYF	TRBV5-1	TRBJ2-7
CATSTDSNTEAFF	TRBV15	TRBJ1-1
CASSFEGALGYTF	TRBV6-6	TRBJ1-2
CASRTVGGATDTQYF	TRBV5-6	TRBJ2-3
CASSLSGVLHNEQFF	TRBV7-3	TRBJ2-1
CASSQSGTYNEQFF	TRBV4-1	TRBJ2-1
CASSLLTGGVSSVQPQHF	TRBV27	TRBJ1-5
CASSDRAGNTIYF	TRBV6-1	TRBJ1-3
CASSLPGQIISGANVLTF	TRBV5-8	TRBJ2-6
CASSQYGISEQYF	TRBV4-1	TRBJ2-7
CASTEWDTLNTEAFF	TRBV7-9	TRBJ1-1
CASSQGPGPGGYTF	TRBV4-1	TRBJ1-2
CASSFGHNEQFF	TRBV12-4	TRBJ2-1
CASSQFLDSSGNTIYF	TRBV7-8	TRBJ1-3
CASSLTRAGNTIYF	TRBV12-4	TRBJ1-3
CASSFRAQYF	TRBV27	TRBJ2-5
CASSLLGSGVETQYF	TRBV27	TRBJ2-5
CASSWATGADTQYF	TRBV7-9	TRBJ2-3
CASRGYSNQPQHF	TRBV12-4	TRBJ1-5
CASSSRDNQETQYF	TRBV14	TRBJ2-5
CASAGPGTGSTEAFF	TRBV4-1	TRBJ1-1
CSARDHPPSGYYEQYF	TRBV20-1	TRBJ2-7
CASREPVGRNEQFF	TRBV6-5	TRBJ2-1
CASSQGLAGVLADTQYF	TRBV3-1	TRBJ2-3
CASSQIPDRDYGYTF	TRBV4-1	TRBJ1-2
CASSVEGGSKDNEQFF	TRBV9	TRBJ2-1
CAISRGGNTEAFF	TRBV10-3	TRBJ1-1
CASSLGGGPHYNEQFF	TRBV5-1	TRBJ2-1
CASSSTGGGNQPQHF	TRBV6-5	TRBJ1-5
CASSPPSGFSYNEQFF	TRBV18	TRBJ2-1
CASRTRQGVLDTQYF	TRBV27	TRBJ2-3
CASSLGERQETQYF	TRBV5-6	TRBJ2-5
CASSLSGTGGANYGYTF	TRBV7-9	TRBJ1-2
CASSHATGRMNTEAFF	TRBV6-5	TRBJ1-1
CASSEDGSSYNEQFF	TRBV9	TRBJ2-1
CASSQEKSRVGANVLTF	TRBV3-1	TRBJ2-6
CASCPSGPTDTQYF	TRBV6-3	TRBJ2-3
CASKDIMNTEAFF	TRBV6-5	TRBJ1-1
CASSPGTENYNSPLHF	TRBV5-1	TRBJ1-6
CASSESSGGRNNEQFF	TRBV2	TRBJ2-1
CAQGENEQFF	TRBV30	TRBJ2-1
CASSHQGSSSYEQYF	TRBV4-1	TRBJ2-7
CASLQRLEETQYF	TRBV5-5	TRBJ2-5
CASSTTTSGYSTDTQYF	TRBV12-4	TRBJ2-3
CASTILGQTYGYTF	TRBV28	TRBJ1-2
CASSPTGTSVYEQYF	TRBV7-9	TRBJ2-7
CASSPNTGMETQYF	TRBV18	TRBJ2-5
CASSPLTSGGAEETQYF	TRBV3-1	TRBJ2-5
CASTKLAQSSYEQYF	TRBV6-3	TRBJ2-7
CASSLGGQGWTEAFF	TRBV6-3	TRBJ1-1
CASSFQGGYSGANVLTF	TRBV13	TRBJ2-6
CASGSTAYNEQFF	TRBV6-5	TRBJ2-1
CASSRTEETQYF	TRBV6-5	TRBJ2-5
CASSSNRGFQPQHF	TRBV7-9	TRBJ1-5
CATSGLSASGGYTF	TRBV24-1	TRBJ1-2
CASNGLAEQETQYF	TRBV2	TRBJ2-5
CASSIIGSGNQPQHF	TRBV19	TRBJ1-5
CASRIGNQPQHF	TRBV7-2	TRBJ1-5
CASSGQGFNQPQHF	TRBV12-4	TRBJ1-5
CASSPSWGNSNQPQHF	TRBV27	TRBJ1-5
CASSAYMGLAGGKGTQYF	TRBV9	TRBJ2-3
CASSQDLTGGYYGYTF	TRBV4-1	TRBJ1-2
CASSDFAGLPGYTEAFF	TRBV6-1	TRBJ1-1
CASSPDSYNEQFF	TRBV18	TRBJ2-1
CASSIISNNEQFF	TRBV19	TRBJ2-1
CASSFRGGEAIHTDTQYF	TRBV12-4	TRBJ2-3
CSAREWGQRGEQYF	TRBV20-1	TRBJ2-7
CASSLVRESEKLFF	TRBV7-9	TRBJ1-4
CASSLGKRQGRGQETQYF	TRBV11-2	TRBJ2-5
CASSEWGSNTEAFF	TRBV9	TRBJ1-1
CASSYPMGGADGSQETQYF	TRBV12-3	TRBJ2-5
CASSQDASGYYNEQFF	TRBV3-1	TRBJ2-1
CSVAGGKNYEQYF	TRBV29-1	TRBJ2-7
CASSLPKTGYNEQFF	TRBV12-4	TRBJ2-1
CASSLGLGLDNEQFF	TRBV7-9	TRBJ2-1
CASSEALFELVYNEQFF	TRBV6-1	TRBJ2-1
CASSAGTGDIQYF	TRBV12-4	TRBJ2-4
CSVANTPFPADTQYF	TRBV20-1	TRBJ2-3
CASKTVIPVNIEAFF	TRBV10-1	TRBJ1-1
CASSERAGVMDTQYF	TRBV2	TRBJ2-3
CSASKPGPGTYEQYF	TRBV20-1	TRBJ2-7
CASSLVVRGTEAFF	TRBV11-2	TRBJ1-1
CASSETGLAGVGTDTQYF	TRBV9	TRBJ2-3
CASSPGTGGTETQYF	TRBV19	TRBJ2-5
CASSYSGGQGLRYTF	TRBV6-6	TRBJ1-2
CASSLVGGDIQYF	TRBV11-3	TRBJ2-4
CAISGQDRPGELFF	TRBV10-3	TRBJ2-2
CASRLLGGRTLETQYF	TRBV12-3	TRBJ2-5
CASSFPLALNTGELFF	TRBV12-4	TRBJ2-2
CASSLIEASGGFEQFF	TRBV7-8	TRBJ2-1
CAISESAATDTQYF	TRBV10-3	TRBJ2-3
CASSPPGQGFGELFF	TRBV28	TRBJ2-2
CASSLLDEKLFF	TRBV4-2	TRBJ1-4
CASSKLADYQETQYF	TRBV12-3	TRBJ2-5
CASSLPAQPQHF	TRBV12-3	TRBJ1-5
CASSLGNTGELFF	TRBV5-4	TRBJ2-2
CAWAYGVATEAFF	TRBV30	TRBJ1-1
CASSPMVDYSNQPQHF	TRBV5-8	TRBJ1-5
CASAVGAGDKLFF	TRBV19	TRBJ1-4
CASSIGGYSNQPQHF	TRBV19	TRBJ1-5
CASSPPGQANTEAFF	TRBV4-1	TRBJ1-1
CASSQGSSGNTIYF	TRBV4-1	TRBJ1-3
CASSLRQGVPNEKLFF	TRBV7-9	TRBJ1-4
CATSDNDRGHSQPQHF	TRBV24-1	TRBJ1-5
CASSSLTGPHQPQHF	TRBV12-4	TRBJ1-5
CASSSEIGGAGDLETQYF	TRBV19	TRBJ2-5
CASSQFRAWQPQHF	TRBV4-2	TRBJ1-5
CASSPGGHGYTF	TRBV4-1	TRBJ1-2
CATGTANSPLHF	TRBV19	TRBJ1-6
CASSLGGLWTEYDSGANVLTF	TRBV7-8	TRBJ2-6
CASSISGVAFF	TRBV19	TRBJ1-1
CASSLVGQSGNTIYF	TRBV7-8	TRBJ1-3
CASSLETGADTQYF	TRBV5-6	TRBJ2-3
CASSLGRGPGNEQFF	TRBV11-2	TRBJ2-1
CASRGFYGYTF	TRBV9	TRBJ1-2
CASSSSLEQFF	TRBV12-4	TRBJ2-1
CSARDSRFTYEQYF	TRBV20-1	TRBJ2-7
CASSLATDYEQYF	TRBV5-1	TRBJ2-7
CASSLGYLELNTEAFF	TRBV7-6	TRBJ1-1
CASSQDWAAEAFF	TRBV4-1	TRBJ1-1
CASSYLTGGWNEQFF	TRBV12-4	TRBJ2-1
CASSQNRDRGIYGYTF	TRBV4-1	TRBJ1-2
CASSIGTAYNEQFF	TRBV19	TRBJ2-1
CASSMAWDRTDTQYF	TRBV5-1	TRBJ2-3
CASSYSGTGNTEAFF	TRBV6-6	TRBJ1-1
CASSPEIGGNQPQHF	TRBV27	TRBJ1-5
CASTPGEGSRKEQYF	TRBV12-4	TRBJ2-7
CASSLGFFGEVAQYF	TRBV11-2	TRBJ2-5
CASSLDLGQGKTQYF	TRBV11-3	TRBJ2-5
CSARDGDQGRGDNQETQYF	TRBV20-1	TRBJ2-5
CASSYGTDYGYTF	TRBV27	TRBJ1-2
CASSVDTSGGAGTDTQYF	TRBV9	TRBJ2-3
CASSMWTSGNNEQFF	TRBV19	TRBJ2-1
CASSLREQGRYNEQFF	TRBV5-6	TRBJ2-1
CSVELTGVGDEQFF	TRBV29-1	TRBJ2-1
CASSLVGGEQFF	TRBV5-6	TRBJ2-1
CASSLGGAGAWGYEQFF	TRBV12-4	TRBJ2-1
CASSFIGSTDTQYF	TRBV11-2	TRBJ2-3
CASSLTEDYGYTF	TRBV27	TRBJ1-2
CSARSGVEHNEQFF	TRBV20-1	TRBJ2-1
CSARVINLGAGGLKETQYF	TRBV20-1	TRBJ2-5
CASSIGTGGIYEQYF	TRBV19	TRBJ2-7
CASSLRDRVNEQFF	TRBV7-9	TRBJ2-1
CARGLDRGLYNSPLHF	TRBV2	TRBJ1-6
CASSLLLPGTSFFHQPQHF	TRBV7-2	TRBJ1-5
CASSTLDTEAFF	TRBV9	TRBJ1-1
CASSLDLGRGTEAFF	TRBV5-5	TRBJ1-1
CASSLAGRNEQFF	TRBV7-7	TRBJ2-1
CASSEREWDEQFF	TRBV6-4	TRBJ2-1
CASSTTSGGSSTDTQYF	TRBV28	TRBJ2-3
CASSQGTWKTSTDTQYF	TRBV4-1	TRBJ2-3
CSALSDRDYEQYF	TRBV20-1	TRBJ2-7
CASRASGRNEQFF	TRBV6-1	TRBJ2-1
CASSQDAGPLGDEAFF	TRBV4-3	TRBJ1-1
CASSLSRGHNTDTQYF	TRBV11-2	TRBJ2-3
CASVRRLATGELFF	TRBV13	TRBJ2-2
CASSQGHYNEQFF	TRBV7-7	TRBJ2-1
CASSLPGRAPTDTQYF	TRBV5-4	TRBJ2-3
CASSQGGVTEAFF	TRBV14	TRBJ1-1
CASSPRLAGGKGSTDTQYF	TRBV11-3	TRBJ2-3
CASSRLRTGANTGELFF	TRBV14	TRBJ2-2
CASQGFANEKLFF	TRBV27	TRBJ1-4
CASSLWGLAGGMGRTQYF	TRBV28	TRBJ2-5
CASSLPGTPANTEAFF	TRBV7-8	TRBJ1-1
CASSYQGDTQYF	TRBV6-6	TRBJ2-3
CASSDSLGAFEQFF	TRBV2	TRBJ2-1
CSAKTGLAGPDTDTQYF	TRBV20-1	TRBJ2-3
CASSFKETQYF	TRBV13	TRBJ2-5
CASSQGINEQFF	TRBV4-1	TRBJ2-1
CATSTRDTFTGELFF	TRBV24-1	TRBJ2-2
CASSDPPGDGNQPQHF	TRBV11-2	TRBJ1-5
CASSLAEGHQPQHF	TRBV7-6	TRBJ1-5
CASSTSMGEAFF	TRBV19	TRBJ1-1
CASSEDRDGNTIYF	TRBV19	TRBJ1-3
CASSVGAVTYNEQFF	TRBV9	TRBJ2-1
CAITGENTGELFF	TRBV10-3	TRBJ2-2
CASSLEAGLNNEQFF	TRBV7-9	TRBJ2-1
CASSLGIMTASTNEKLFF	TRBV5-1	TRBJ1-4
CASSSGRDTEAFF	TRBV7-9	TRBJ1-1
CASSSNDRYGTEAFF	TRBV7-9	TRBJ1-1
CASSMWGGSTDTQYF	TRBV5-1	TRBJ2-3
CATVNGPQEKLFF	TRBV15	TRBJ1-4
CASSLDTVGPTGGEETQYF	TRBV12-4	TRBJ2-5
CASSVGSITPQHF	TRBV9	TRBJ1-5
CSARDRTGYSNQPQHF	TRBV20-1	TRBJ1-5
CASSLQAGETGELFF	TRBV28	TRBJ2-2
CATSERTGNEQFF	TRBV24-1	TRBJ2-1
CASSLISGHHLMNTEAFF	TRBV3-1	TRBJ1-1
CASSYQGHYEQYF	TRBV6-5	TRBJ2-7
CASSLEPTDRDSYGYTF	TRBV11-2	TRBJ1-2
CASSTGQGKNQPQHF	TRBV7-9	TRBJ1-5
CASSQVQGAPTEAFF	TRBV4-1	TRBJ1-1
CASSQDMAGWGEKLFF	TRBV4-3	TRBJ1-4
CASSVAGVGHNEQFF	TRBV9	TRBJ2-1
CAWRAPDNSPLHF	TRBV30	TRBJ1-6
CASSQDFQLGGELFF	TRBV4-1	TRBJ2-2
CSAVEGTSGGAYNEQFF	TRBV20-1	TRBJ2-1
CASGPADRGFDIQYF	TRBV5-6	TRBJ2-4
CASSPRTGGSYGYTF	TRBV5-5	TRBJ1-2
CASSLGLVTEAFF	TRBV7-9	TRBJ1-1
CAISETSGGGSNEQFF	TRBV10-3	TRBJ2-1
CASSLDGGPQETQYF	TRBV5-1	TRBJ2-5
CASSLERGWETQYF	TRBV7-8	TRBJ2-5
CASSEGQGMAYEQYF	TRBV6-1	TRBJ2-7
CASSPGGGPGALHF	TRBV9	TRBJ1-6
CASSQQGGWTEAFF	TRBV3-1	TRBJ1-1
CASSQGQNQETQYF	TRBV9	TRBJ2-5
CSARRGEKETQYF	TRBV20-1	TRBJ2-5
CASSVVGSTDTQYF	TRBV9	TRBJ2-3
CASRGLPGTMENEQFF	TRBV7-9	TRBJ2-1
CATYGGLYEQYF	TRBV7-8	TRBJ2-7
CSAIGLAGGSQQFF	TRBV20-1	TRBJ2-1
CASKGTVAAITDTQYF	TRBV4-1	TRBJ2-3
CASSPAGGEKLFF	TRBV19	TRBJ1-4
CASFWTSGGSSTDTQYF	TRBV6-6	TRBJ2-3
CASSWPNGDEQFF	TRBV27	TRBJ2-1
CASSPPKGGENYGYTF	TRBV3-1	TRBJ1-2
CASLEPEGELFF	TRBV6-5	TRBJ2-2
CASWTGTSAEDYNEQFF	TRBV27	TRBJ2-1
CASSISGGILYEQYF	TRBV19	TRBJ2-7
CSVENLPEAFF	TRBV29-1	TRBJ1-1
CASSSRPQGTNEKLFF	TRBV7-9	TRBJ1-4
CASSFGAGELFF	TRBV27	TRBJ2-2
CASIMSWPVEQYF	TRBV5-8	TRBJ2-7
CSVVGTGELFF	TRBV29-1	TRBJ2-2
CASSLGSLAGLNEQFF	TRBV7-2	TRBJ2-1
CASNGGETNTGELFF	TRBV5-1	TRBJ2-2
CASSSSQLAGLPTDTQYF	TRBV5-1	TRBJ2-3
CASSLLAGGPGETQYF	TRBV27	TRBJ2-5
CASSLVSGRKWSTGELFF	TRBV5-1	TRBJ2-2
CASSLHPYTEAFF	TRBV7-2	TRBJ1-1
CASSLAGNNQPQHF	TRBV13	TRBJ1-5
CASIGTDNYGYTF	TRBV6-1	TRBJ1-2
CASSPGDSGNQPQHF	TRBV11-2	TRBJ1-5
CASSPAVPGTEAFF	TRBV19	TRBJ1-1
CASFGQHQDTQYF	TRBV11-3	TRBJ2-3
CASSLVWRGDVNTEAFF	TRBV19	TRBJ1-1
CASSLVEGGGEKLFF	TRBV5-6	TRBJ1-4
CATSRDVTGSNQPQHF	TRBV15	TRBJ1-5
CASTFRDRGTDTQYF	TRBV6-5	TRBJ2-3
CASSSQAGLTYNEQFF	TRBV5-4	TRBJ2-1
CASSLGDREEVGELFF	TRBV5-1	TRBJ2-2
CASSFSGEGETQYF	TRBV12-4	TRBJ2-5
CASSLGGSNQPQHF	TRBV27	TRBJ1-5
CASSGGVNTEAFF	TRBV9	TRBJ1-1
CASSGTSPLHF	TRBV2	TRBJ1-6
CASSLGLAGPSTDTQYF	TRBV11-3	TRBJ2-3
CASSLAAGAYEQYF	TRBV7-7	TRBJ2-7
CASSSGTGQVMNTEAFF	TRBV4-1	TRBJ1-1
CASTPKGTSQETQYF	TRBV7-8	TRBJ2-5
CASSRVPTGEQFF	TRBV14	TRBJ2-1
CASRTPSGYTGELFF	TRBV7-9	TRBJ2-2
CASSLDLSFTDTQYF	TRBV7-2	TRBJ2-3
CASALRDGSYEQYF	TRBV7-9	TRBJ2-7
CASSLSGNTEAFF	TRBV7-9	TRBJ1-1
CASSDTTGGFGEQYF	TRBV6-5	TRBJ2-7
CSASPSGVRFTDTQYF	TRBV20-1	TRBJ2-3
CASSLRVFHNEQFF	TRBV7-9	TRBJ2-1
CASSIGQAPQPQHF	TRBV19	TRBJ1-5
CASSSGGSQPQHF	TRBV7-9	TRBJ1-5
CAISESGKGATANQPQHF	TRBV10-3	TRBJ1-5
CASSAGLTNYGYTF	TRBV4-1	TRBJ1-2
CASRTLLAGGPSEQFF	TRBV12-4	TRBJ2-1
CASSISSYNEQFF	TRBV19	TRBJ2-1
CASSHVNQPQHF	TRBV4-1	TRBJ1-5
CATSKGSDTGELFF	TRBV15	TRBJ2-2
CASSSSGTTKQPQHF	TRBV7-9	TRBJ1-5
CASSLSPSTGYYSQETQYF	TRBV13	TRBJ2-5
CASSLSPRRTQDGGASYEQYF	TRBV5-1	TRBJ2-7
CASSDNREWETQYF	TRBV6-3	TRBJ2-5
CASNEGTGGTDTQYF	TRBV5-1	TRBJ2-3
CASGTAPYEQYF	TRBV6-6	TRBJ2-7
CASSFTQGLSSPLHF	TRBV27	TRBJ1-6
CASSLGFGGPTDTQYF	TRBV7-3	TRBJ2-3
CASRPHQETQYF	TRBV2	TRBJ2-5
CASSSLLGGHEQFF	TRBV7-9	TRBJ2-1
CATSGGHGYTF	TRBV24-1	TRBJ1-2
CASSLGQGNSPLHF	TRBV11-2	TRBJ1-6
CATSRDDSDRDPGGYTF	TRBV15	TRBJ1-2
CASSPGTSGSTQYF	TRBV7-8	TRBJ2-5
CASSKNRQGSSYNSPLHF	TRBV19	TRBJ1-6
CASSIGRLQPQHF	TRBV19	TRBJ1-5
CAWTEGRGVGEQFF	TRBV30	TRBJ2-1
CASSVSGGGQPQHF	TRBV9	TRBJ1-5
CASSIAGQGYSNQPQHF	TRBV19	TRBJ1-5
CASSEARETATSNYGYTF	TRBV2	TRBJ1-2
CASSYGHNTGELFF	TRBV6-3	TRBJ2-2
CASSQYPGETDTQYF	TRBV4-1	TRBJ2-3
CSVVTGGTLNTEAFF	TRBV29-1	TRBJ1-1
CASSLGTGAIYNEQFF	TRBV5-1	TRBJ2-1
CASSEGLGLAGGEQFF	TRBV25-1	TRBJ2-1
CASSPGTNQHSPLHF	TRBV5-1	TRBJ1-6
CASKGVRNYGYTF	TRBV27	TRBJ1-2
CASNRGGPIETQYF	TRBV9	TRBJ2-5
CASSPPPGVSMNTEAFF	TRBV18	TRBJ1-1
CSADKYNEQFF	TRBV20-1	TRBJ2-1
CASRGLAGVGVLSGYNEQFF	TRBV12-3	TRBJ2-1
CASSLYDYGYTF	TRBV12-4	TRBJ1-2
CAAGEMFGLGETQYF	TRBV4-2	TRBJ2-5
CASSSGHYSNQPQHF	TRBV7-9	TRBJ1-5
CASSQESLHTGELFF	TRBV4-2	TRBJ2-2
CASGGADEQFF	TRBV27	TRBJ2-1
CASSYPGGGALNTGELFF	TRBV6-5	TRBJ2-2
CASSLDRERYGYTF	TRBV13	TRBJ1-2
CASSLNDGRTDTQYF	TRBV7-2	TRBJ2-3
CASGEWTKANYGYTF	TRBV12-3	TRBJ1-2
CASSPRLEAYEQYF	TRBV4-1	TRBJ2-7
CASSSGGEYGYTF	TRBV7-6	TRBJ1-2
CASSQDLDDTDTQYF	TRBV3-1	TRBJ2-3
CASSYYSGGSTDTQYF	TRBV6-6	TRBJ2-3
CSVEDFEGGSGTEAFF	TRBV29-1	TRBJ1-1
CASSYSTANTEAFF	TRBV6-3	TRBJ1-1
CASSLDTDQDTQYF	TRBV5-4	TRBJ2-3
CASSPQVNTEAFF	TRBV7-9	TRBJ1-1
CASSPRGTRNTEAFF	TRBV5-1	TRBJ1-1
CATRTVGNEQFF	TRBV24-1	TRBJ2-1
CASSEDRGSPLHF	TRBV7-7	TRBJ1-6
CASSSTNDRHSGNTIYF	TRBV9	TRBJ1-3
CASSQVGVLYTF	TRBV14	TRBJ1-2
CSARGGLRDTYNEQFF	TRBV20-1	TRBJ2-1
CASSQPWTGGSSYNEQFF	TRBV11-2	TRBJ2-1
CASSDTGPQETQYF	TRBV3-1	TRBJ2-5
CASRTASSYNEQFF	TRBV27	TRBJ2-1
CASSIGQGGNEQFF	TRBV19	TRBJ2-1
CASNPGGNEQFF	TRBV6-3	TRBJ2-1
CASSMGSGQSYGYTF	TRBV19	TRBJ1-2
CASSLNPGGQNNEQFF	TRBV12-4	TRBJ2-1
CASVGMLARTEANYGYTF	TRBV12-4	TRBJ1-2
CASFGDRADGEAFF	TRBV19	TRBJ1-1
CASSGLSGGGGEQYF	TRBV19	TRBJ2-7
CASSIGQGQSPLHF	TRBV19	TRBJ1-6
CASSLISSTEAFF	TRBV5-6	TRBJ1-1
CATSAVDRGKNIQYF	TRBV24-1	TRBJ2-4
CASSTADRWYGYTF	TRBV27	TRBJ1-2
CSARAGQGVDGYTF	TRBV20-1	TRBJ1-2
CASTTRRFGKGATDTQYF	TRBV27	TRBJ2-3
CASSQVQGQGFWEQFF	TRBV4-3	TRBJ2-1
CATSSSRDSNSPLHF	TRBV15	TRBJ1-6
CASGGAGTGGANVLTF	TRBV12-5	TRBJ2-6
CASSHPQENTIYF	TRBV7-9	TRBJ1-3
CSARSRGSYNEQFF	TRBV20-1	TRBJ2-1
CASRLLGGRVEKLFF	TRBV27	TRBJ1-4
CASSIGGGDEQFF	TRBV19	TRBJ2-1
CASSQPTASSGNTIYF	TRBV4-1	TRBJ1-3
CASGEGGTTYEQYF	TRBV6-5	TRBJ2-7
CASSVSGTGLETQYF	TRBV9	TRBJ2-5
CASSSPGANVLTF	TRBV6-5	TRBJ2-6
CSAGTVLYEQYF	TRBV20-1	TRBJ2-7
CASTSPPGQPQHF	TRBV6-6	TRBJ1-5
CASSYPGQGANEQFF	TRBV6-6	TRBJ2-1
CASSEGRGYTF	TRBV6-4	TRBJ1-2
CASSSGLAGDVETQYF	TRBV12-3	TRBJ2-5
CASSWGQGADEAFF	TRBV5-1	TRBJ1-1
CASSYEGADEKLFF	TRBV6-5	TRBJ1-4
CASTLLAGGRTGELFF	TRBV12-3	TRBJ2-2
CASSFGEQETQYF	TRBV5-6	TRBJ2-5
CSQTSGDSYNEQFF	TRBV20-1	TRBJ2-1
CASSPLPRRGPNTEAFF	TRBV3-1	TRBJ1-1
CASSAGTGGPYEQYF	TRBV19	TRBJ2-7
CASKGLAGAPGELFF	TRBV19	TRBJ2-2
CSAGGGATYNEQFF	TRBV20-1	TRBJ2-1
CASSPRQVGYGYTF	TRBV7-4	TRBJ1-2
CASRSRDTAYNEQFF	TRBV12-4	TRBJ2-1
CASGQGAYTGELFF	TRBV27	TRBJ2-2
CAWSVGGGEAFF	TRBV30	TRBJ1-1
CASSGTPPFGEQFF	TRBV6-4	TRBJ2-1
CASSQDEWLLAGDTQYF	TRBV3-1	TRBJ2-3
CASSWGVGSTEAFF	TRBV12-4	TRBJ1-1
CASSYTQGLAGNTIYF	TRBV7-2	TRBJ1-3
CASSPLKATQNTEAFF	TRBV4-1	TRBJ1-1
CASSLGQGDWGEQFF	TRBV5-1	TRBJ2-1
CASSLVGRGPSSDTQYF	TRBV7-8	TRBJ2-3
CASSLWEGRSYNEQFF	TRBV5-1	TRBJ2-1
CASSVGQDYEQYF	TRBV9	TRBJ2-7
CASSQDTGVAYEQYF	TRBV4-2	TRBJ2-7
CASSSTGANTGELFF	TRBV5-4	TRBJ2-2
CASSYRGQGAADTQYF	TRBV6-3	TRBJ2-3
CASSYSRGYNSPLHF	TRBV6-5	TRBJ1-6
CASSQERAGGVSPLHF	TRBV4-1	TRBJ1-6
CSARPTSSPLLNEQFF	TRBV20-1	TRBJ2-1
CASSQRDEENIQYF	TRBV4-1	TRBJ2-4
CATSGGVVSTEAFF	TRBV15	TRBJ1-1
CASSQGLSGQGYNEQFF	TRBV3-1	TRBJ2-1
CASSLGQVIDEQFF	TRBV27	TRBJ2-1
CASSFPGQGSADTQYF	TRBV7-8	TRBJ2-3
CASSLNGVNINEQFF	TRBV13	TRBJ2-1
CSARVAGPKGETQYF	TRBV20-1	TRBJ2-5
CASTPAGGPTDTQYF	TRBV6-1	TRBJ2-3
CSAETGNLPGNQPQHF	TRBV20-1	TRBJ1-5
CAWTHRGKDGELFF	TRBV30	TRBJ2-2
CASSLAGPNTEAFF	TRBV5-6	TRBJ1-1
CASSQGGNSPLHF	TRBV4-1	TRBJ1-6
CASSVEDRVNEQFF	TRBV9	TRBJ2-1
CASSLSNSNQPQHF	TRBV12-4	TRBJ1-5
CASPRLDRDTDTQYF	TRBV5-5	TRBJ2-3
CASSDLAGSGTDTQYF	TRBV6-4	TRBJ2-3
CASSFTSGSTDTQYF	TRBV7-9	TRBJ2-3
CASRDKSTNEKLFF	TRBV2	TRBJ1-4
CATSRDLFETQYF	TRBV15	TRBJ2-5
CASSLLPGSPDNEQFF	TRBV27	TRBJ2-1
CSASPTVKQSYEQYF	TRBV20-1	TRBJ2-7
CASSPQTGPNQETQYF	TRBV7-9	TRBJ2-5
CASNSGVQPQHF	TRBV7-9	TRBJ1-5
CASSLRGTEAFF	TRBV13	TRBJ1-1
CAWSAGQGFTEAFF	TRBV30	TRBJ1-1
CASSLGQAAEAFF	TRBV7-6	TRBJ1-1
CASRDGRIEAFF	TRBV19	TRBJ1-1
CASSLVDTTNQPQHF	TRBV7-9	TRBJ1-5
CASSIEPGRTEAFF	TRBV19	TRBJ1-1
CASNGGQGYEQFF	TRBV7-9	TRBJ2-1
CATTTWDMNTEAFF	TRBV19	TRBJ1-1
CSAIIVGQYYGYTF	TRBV20-1	TRBJ1-2
CASSLYSQDTEAFF	TRBV27	TRBJ1-1
CASSYGTGSYEQFF	TRBV6-3	TRBJ2-1
CASSLGLASYEQYF	TRBV7-9	TRBJ2-7
CASSESRWTEQETQYF	TRBV10-2	TRBJ2-5
CASSVDQLGYNEQFF	TRBV10-1	TRBJ2-1
CASSAQGALSFYSNQPQHF	TRBV5-5	TRBJ1-5
CASSYGGQRASYEQYF	TRBV6-6	TRBJ2-7
CASSGDSLNYGYTF	TRBV5-5	TRBJ1-2
CASTIDGWGNQPQHF	TRBV6-1	TRBJ1-5
CASSATGGPTGELFF	TRBV19	TRBJ2-2
CASSFPRIGDNEQFF	TRBV7-9	TRBJ2-1
CASSPPPWGTNSPLHF	TRBV27	TRBJ1-6
CASSYTPIAGTYNEQFF	TRBV5-5	TRBJ2-1
CASSPVPEENTEAFF	TRBV7-9	TRBJ1-1
CASSTYDGNTEAFF	TRBV19	TRBJ1-1
CASSEEKGYYTDTQYF	TRBV6-1	TRBJ2-3
CASSLNPRVGNTIYF	TRBV7-9	TRBJ1-3
CATSPTETDTQYF	TRBV24-1	TRBJ2-3
CATRGQGVWEQYF	TRBV15	TRBJ2-7
CASSHSSGGGGEQFF	TRBV4-1	TRBJ2-1
CASRPPGREEDTQYF	TRBV2	TRBJ2-3
CSARDLARHTEAFF	TRBV20-1	TRBJ1-1
CASSYSVAGGLNGEQFF	TRBV6-5	TRBJ2-1
CASSIAPGGLAGIEQFF	TRBV19	TRBJ2-1
CASSESSPRGGSFF	TRBV10-2	TRBJ2-1
CASGPPRDRARNTEAFF	TRBV12-5	TRBJ1-1
CASSSDLNTEAFF	TRBV27	TRBJ1-1
CASSQVGLAELYNEQFF	TRBV4-3	TRBJ2-1
CSVEEGGLGLFF	TRBV29-1	TRBJ2-1
CASTGGPNYGYTF	TRBV19	TRBJ1-2
CASSSFREGGGQPQHF	TRBV6-5	TRBJ1-5
CASSQDRVKGLYNSPLHF	TRBV3-1	TRBJ1-6
CASSSSQGPEAFF	TRBV7-9	TRBJ1-1
CASRAFDPGTSGSSYNEQFF	TRBV11-3	TRBJ2-1
CASSPPGAQETQYF	TRBV11-1	TRBJ2-5
CSATPRWGGYTF	TRBV20-1	TRBJ1-2
CASSLSGGYQPQHF	TRBV27	TRBJ1-5
CASSIGGANQPYEQYF	TRBV19	TRBJ2-7
CASSPRATVVDEQFF	TRBV9	TRBJ2-1
CASSIVGGVNEQYF	TRBV19	TRBJ2-7
CASSYSGTGASPLHF	TRBV6-5	TRBJ1-6
CASSLATSSNYGYTF	TRBV5-1	TRBJ1-2
CASSRPSGMNTEAFF	TRBV9	TRBJ1-1
CASSLEQGTYEQYF	TRBV7-6	TRBJ2-7
CASSSDEELLLAKNIQYF	TRBV18	TRBJ2-4
CASSINPPGQGSYNEQFF	TRBV19	TRBJ2-1
CASSPRAGGITDTQYF	TRBV4-2	TRBJ2-3
CAISESGTGYEQYF	TRBV10-3	TRBJ2-7
CASSKGTEAFF	TRBV5-1	TRBJ1-1
CASSFWQGQETQYF	TRBV11-2	TRBJ2-5
CASSLVPGTGEYEQYF	TRBV7-2	TRBJ2-7
CASKGASGATATDTQYF	TRBV5-1	TRBJ2-3
CASSLNGLEETQYF	TRBV12-4	TRBJ2-5
CATSFGGATNEKLFF	TRBV15	TRBJ1-4
CASSAPAGIGNGYTF	TRBV9	TRBJ1-2
CASSFDAAYEQYF	TRBV5-4	TRBJ2-7
CASSLDFDRGRLETQYF	TRBV4-2	TRBJ2-5
CASSVGISYNEQFF	TRBV6-4	TRBJ2-1
CASSPKLRRDNEQFF	TRBV18	TRBJ2-1
CASSNNRTGLFVYEKLFF	TRBV25-1	TRBJ1-4
CASGAGTGTYNEQFF	TRBV12-5	TRBJ2-1
CASSLSGAGANVLTF	TRBV7-9	TRBJ2-6
CASSLEGQGVETQYF	TRBV27	TRBJ2-5
CASSSQFVMGVADTQYF	TRBV7-9	TRBJ2-3
CASSRVSGQYF	TRBV7-9	TRBJ2-7
CASSGLAIEQFF	TRBV5-4	TRBJ2-1
CATSTRTGLISPLHF	TRBV15	TRBJ1-6
CASSQVGGRATDTQYF	TRBV4-3	TRBJ2-3
CASTREGAGWSAQHF	TRBV12-3	TRBJ1-5
CSVRVGNEQFF	TRBV29-1	TRBJ2-1
CASSLGQGPNEKLFF	TRBV5-1	TRBJ1-4
CASGSGGLTDTQYF	TRBV7-3	TRBJ2-3
CASSPNGPGAEAFF	TRBV19	TRBJ1-1
CSAYPASNTEAFF	TRBV20-1	TRBJ1-1
CASRIRGVPDTQYF	TRBV12-4	TRBJ2-3
CSARGSGLERSSYNEQFF	TRBV20-1	TRBJ2-1
CASSPLTGSTDTQYF	TRBV9	TRBJ2-3
CASSIGLAGANEQFF	TRBV5-1	TRBJ2-1
CATSRDSGSQETQYF	TRBV15	TRBJ2-5
CASSSRGSSGNTIYF	TRBV5-4	TRBJ1-3
CSVWTAISSGANVLTF	TRBV29-1	TRBJ2-6
CASSLQGTGELFF	TRBV7-8	TRBJ2-2
CASSVGISAGVGQETQYF	TRBV9	TRBJ2-5
CSATNPSGSLDTEAFF	TRBV20-1	TRBJ1-1
CASSLTGVKLFF	TRBV4-1	TRBJ1-4
CASSPDGDNSPLHF	TRBV13	TRBJ1-6
CASSLSYNEQFF	TRBV7-9	TRBJ2-1
CASSILSNQPQHF	TRBV19	TRBJ1-5
CASSEALHGGYRSYEQYF	TRBV6-1	TRBJ2-7
CASSVSVNTEAFF	TRBV2	TRBJ1-1
CASSAGITNTEAFF	TRBV5-1	TRBJ1-1
CASSYSRKAHTEAFF	TRBV6-5	TRBJ1-1
CAWSTQESYNEQFF	TRBV30	TRBJ2-1
CATSDNQGSLSTQYF	TRBV24-1	TRBJ2-5
CASSQWDDYGYTF	TRBV14	TRBJ1-2
CASSLGTARGPLHF	TRBV12-4	TRBJ1-6
CASSGGTDRGDTQYF	TRBV6-3	TRBJ2-3
CASSYDGGNQPQHF	TRBV6-5	TRBJ1-5
CASSVVDNEQFF	TRBV9	TRBJ2-1
CASSSGLARNEQFF	TRBV5-6	TRBJ2-1
CASSAPPGPYNEQFF	TRBV9	TRBJ2-1
CASSYSTGTGDEQYF	TRBV6-5	TRBJ2-7
CSAQDRRSTGELFF	TRBV20-1	TRBJ2-2
CASSPPEDHVATDTQYF	TRBV7-9	TRBJ2-3
CASSPAGQGNTEAFF	TRBV27	TRBJ1-1
CASSDGDSSYNEQFF	TRBV25-1	TRBJ2-1
CASSLEATDTQYF	TRBV11-3	TRBJ2-3
CASSLETGYTEAFF	TRBV11-1	TRBJ1-1
CASSEWSGNTGELFF	TRBV10-2	TRBJ2-2
CASSLGGSVLLAGGNEQFF	TRBV7-9	TRBJ2-1
CASSRDTATGELFF	TRBV6-4	TRBJ2-2
CASSQDRLSYEQYF	TRBV5-1	TRBJ2-7
CASSFYLSRDEQFF	TRBV27	TRBJ2-1
CSVVGGSFYEQYF	TRBV29-1	TRBJ2-7
CASSLSTGTFNNEQFF	TRBV4-1	TRBJ2-1
CASSLGQGFQPQHF	TRBV12-4	TRBJ1-5
CASRPQGARGELFF	TRBV6-5	TRBJ2-2
CASSLDTGFVTQYF	TRBV11-2	TRBJ2-5
CASSSGLARTDTQYF	TRBV7-3	TRBJ2-3
CASRATGPDVYGYTF	TRBV12-4	TRBJ1-2
CASSQDRDSPQETQYF	TRBV3-1	TRBJ2-5
CASSQDLSVKLARESTDTQYF	TRBV4-1	TRBJ2-3
CASSQDLGGGTEAFF	TRBV4-3	TRBJ1-1
CATSDSGVNYGYTF	TRBV24-1	TRBJ1-2
CASSILTAYNEQFF	TRBV5-1	TRBJ2-1
CASSQGVGQGNQPQHF	TRBV3-1	TRBJ1-5
CASSLVGPGSNQPQHF	TRBV7-9	TRBJ1-5
CASSPQKGIGTEAFF	TRBV12-4	TRBJ1-1
CASSLTTGGFNYGYTF	TRBV5-1	TRBJ1-2
CASSGQGALVSGANVLTF	TRBV13	TRBJ2-6
CSVTDSSYNEQFF	TRBV29-1	TRBJ2-1
CASSRTQGETQYF	TRBV7-9	TRBJ2-5
CASSPRQGEYYTDTQYF	TRBV27	TRBJ2-3
CASGRSPYEQYF	TRBV6-5	TRBJ2-7
CASSIWTGNTGELFF	TRBV19	TRBJ2-2
CATEGPGTDSYEQYF	TRBV15	TRBJ2-7
CASSLGRGYTF	TRBV5-1	TRBJ1-2
CASSHGLAGEETQYF	TRBV4-1	TRBJ2-5
CASSPTGGSGNTIYF	TRBV6-5	TRBJ1-3
CASSSGQGGTEAFF	TRBV27	TRBJ1-1
CASSSRLAGGLSDTQYF	TRBV7-9	TRBJ2-3
CATSDGDKRARETQYF	TRBV24-1	TRBJ2-5
CASSQSSGYGYTF	TRBV16	TRBJ1-2
CASSGGQVTGANVLTF	TRBV5-6	TRBJ2-6
CASSQYRGSYEQYF	TRBV4-1	TRBJ2-7
CAIGNNSPLHF	TRBV27	TRBJ1-6
CASSLIGTGGETQYF	TRBV5-6	TRBJ2-5
CASSQNPGQAYYEQYF	TRBV5-4	TRBJ2-7
CASSQDSPLATIYNEQFF	TRBV4-3	TRBJ2-1
CASSQVLAGVADTQYF	TRBV4-1	TRBJ2-3
CSVEEGNRGGYEQYF	TRBV29-1	TRBJ2-7
CASSSRGAKNIQYF	TRBV5-4	TRBJ2-4
CASSLTAGGPDEQFF	TRBV4-2	TRBJ2-1
CASSAGTGIYQPQHF	TRBV5-1	TRBJ1-5
CATSDLPQDEQFF	TRBV24-1	TRBJ2-1
CASSFNPPNQPQHF	TRBV19	TRBJ1-5
CASSFTNNEQFF	TRBV27	TRBJ2-1
CASSRRGSGSEQYF	TRBV11-1	TRBJ2-7
CASSQVTQGAGYGYTF	TRBV4-1	TRBJ1-2
CASSLQEAFF	TRBV12-4	TRBJ1-1
CASSIQGVNTEAFF	TRBV19	TRBJ1-1
CASSSQELVVHNEQFF	TRBV5-1	TRBJ2-1
CATTSGSSYNEQFF	TRBV24-1	TRBJ2-1
CASSLDNYGYTF	TRBV12-4	TRBJ1-2
CASRLVLAGTGDGYTF	TRBV19	TRBJ1-2
CASSDWDSSYEQYF	TRBV2	TRBJ2-7
CASSQVLLAGGLVPEETQYF	TRBV4-1	TRBJ2-5
CASSFGTGTTEAFF	TRBV11-2	TRBJ1-1
CAWNWAGGSDTQYF	TRBV30	TRBJ2-3
CASSSRTADNEQFF	TRBV7-6	TRBJ2-1
CASSQETGAEAFF	TRBV3-1	TRBJ1-1
CASSLILTDGTDTQYF	TRBV12-3	TRBJ2-3
CASSFVEATSGSSAQYF	TRBV7-6	TRBJ2-3
CASSQGGTGLAGGPSYNEQFF	TRBV4-1	TRBJ2-1
CASSAGAGNSPLHF	TRBV9	TRBJ1-6
CASSQDVQGQEQETQYF	TRBV4-1	TRBJ2-5
CASSLGLAGANTDTQYF	TRBV7-2	TRBJ2-3
CASIERGSYNEQFF	TRBV25-1	TRBJ2-1
CASSLGLAGSYNEQFF	TRBV5-4	TRBJ2-1
CASSMGPNTEAFF	TRBV19	TRBJ1-1
CASSKTGNEQFF	TRBV19	TRBJ2-1
CSARDGDRGLYGYTF	TRBV20-1	TRBJ1-2
CASSFGGNTIYF	TRBV7-2	TRBJ1-3
CASSYSYEQYF	TRBV6-3	TRBJ2-7
CASSLSGTGELFF	TRBV12-4	TRBJ2-2
CASSFSATEAFF	TRBV12-4	TRBJ1-1
CASRETTGELFF	TRBV5-1	TRBJ2-2
CASSQDPADTQYF	TRBV4-1	TRBJ2-3
CASSLGTVGYEQYF	TRBV27	TRBJ2-7
CASDLPFGSTDTQYF	TRBV11-2	TRBJ2-3
CSAQQTGTTDTQYF	TRBV20-1	TRBJ2-3
CASSESAPTGGTGELFF	TRBV10-2	TRBJ2-2
CATSDHQTGPAETQYF	TRBV24-1	TRBJ2-5
CASSEQGDYGYTF	TRBV6-1	TRBJ1-2
CASLPDEVNTEAFF	TRBV5-8	TRBJ1-1
CASSLLAGGGYNEQFF	TRBV12-4	TRBJ2-1
CSADHGNYGYTF	TRBV29-1	TRBJ1-2
CATSVGRANEQFF	TRBV24-1	TRBJ2-1
CASSMGGSSYNSPLHF	TRBV19	TRBJ1-6
CASSQETQYF	TRBV3-1	TRBJ2-5
CATSASWDRVHEQYF	TRBV15	TRBJ2-7
CASSLEGLAGADGELFF	TRBV7-8	TRBJ2-2
CASSLDWARGDYGYTF	TRBV5-4	TRBJ1-2
CASSLAGGATEAFF	TRBV5-5	TRBJ1-1
CASSEGGQSREAFF	TRBV9	TRBJ1-1
CASSQTGPPGEKLFF	TRBV4-1	TRBJ1-4
CASSLDRYNEQFF	TRBV27	TRBJ2-1
CSARSLYDYPNEQFF	TRBV20-1	TRBJ2-1
CASSRPTLNTEAFF	TRBV7-9	TRBJ1-1
CASTPGQTITDTQYF	TRBV19	TRBJ2-3
CASRRPGLAGNYEQFF	TRBV6-5	TRBJ2-1
CASSTNRDRGEKLFF	TRBV28	TRBJ1-4
CASSQRTSGARDIQYF	TRBV7-9	TRBJ2-4
CATSDRDRGDEQFF	TRBV24-1	TRBJ2-1
CASSHGRTNIQYF	TRBV4-1	TRBJ2-4
CASSPLQGRGEAGELFF	TRBV12-3	TRBJ2-2
CAWSATGDYGYTF	TRBV30	TRBJ1-2
CASSISGTGGFYEQFF	TRBV19	TRBJ2-1
CAISDQDKRALNTEAFF	TRBV10-3	TRBJ1-1
CASSWSSGELFF	TRBV11-2	TRBJ2-2
CASSIGGTDYGYTF	TRBV19	TRBJ1-2
CASSYFTSGTYNEQFF	TRBV6-5	TRBJ2-1
CASSPPNTYEQFF	TRBV4-1	TRBJ2-1
CASSPSSGTGGLATNEKLFF	TRBV18	TRBJ1-4
CASSDNLLAGGPLDTQYF	TRBV25-1	TRBJ2-3
CSARDWDSRTETSYEQYF	TRBV20-1	TRBJ2-7
CASSDLTFNEQFF	TRBV2	TRBJ2-1
CASSQVGLAGGPETQYF	TRBV3-1	TRBJ2-5
CATRETPAGKNIQYF	TRBV15	TRBJ2-4
CASSGGGASYNEQFF	TRBV12-4	TRBJ2-1
CATSDGRLWIKQYF	TRBV24-1	TRBJ2-3
CASSAEDGATDTQYF	TRBV9	TRBJ2-3
CASSWGHHYEQYF	TRBV11-2	TRBJ2-7
CSARDGLAGWGEQFF	TRBV20-1	TRBJ2-1
CASRWDSSYNEQFF	TRBV6-3	TRBJ2-1
CASSAPRGYGYTF	TRBV6-1	TRBJ1-2
CASSPLVGTYNEQFF	TRBV6-5	TRBJ2-1
CASSLVTSGLNIQYF	TRBV5-8	TRBJ2-4
CASSLADRGLSEQYF	TRBV7-9	TRBJ2-7
CASSQNPGQFYGYTF	TRBV5-4	TRBJ1-2
CASSQRGLAENEQFF	TRBV5-5	TRBJ2-1
CSALDRATSNTGELFF	TRBV20-1	TRBJ2-2
CASSPRDSPFEQYF	TRBV7-3	TRBJ2-7
CASTPLAGGPGRHNEQFF	TRBV9	TRBJ2-1
CASSLHQTSGGNANTGELFF	TRBV4-1	TRBJ2-2
CASSLALRGSYNEQFF	TRBV11-2	TRBJ2-1
CASSIYNEQFF	TRBV5-1	TRBJ2-1
CASSEAGGLGLTEAFF	TRBV2	TRBJ1-1
CASSQDRVYEQYF	TRBV4-1	TRBJ2-7
CASSFSGTGDLYGYTF	TRBV4-3	TRBJ1-2
CASKTYSTGGNGYTF	TRBV27	TRBJ1-2
CASSPSLESAFF	TRBV7-9	TRBJ1-1
CASSYGGNQPQHF	TRBV6-5	TRBJ1-5
CASSAQGHDNQPQHF	TRBV19	TRBJ1-5
CASSGTGGGYTEAFF	TRBV9	TRBJ1-1
CASSPSGSGEQFF	TRBV9	TRBJ2-1
CASSLLSGVTEAFF	TRBV27	TRBJ1-1
CASSLDLGTEAFF	TRBV7-9	TRBJ1-1
CASSSGTRTYEQYF	TRBV7-9	TRBJ2-7
CASSQGRGAEAFF	TRBV4-1	TRBJ1-1
CASSQDGGNYNEQFF	TRBV4-3	TRBJ2-1
CASSLSSRLGVNEQFF	TRBV28	TRBJ2-1
CASRTDGFSGNTIYF	TRBV5-1	TRBJ1-3
CASSQTSGKIQETQYF	TRBV4-1	TRBJ2-5
CASTRNAFYSLGTGELFF	TRBV19	TRBJ2-2
CASRAGTNQPQHF	TRBV12-4	TRBJ1-5
CASSIRYTGELFF	TRBV27	TRBJ2-2
CASSPRDTGANVLTF	TRBV13	TRBJ2-6
CASSSNRDRGTKDTEAFF	TRBV11-2	TRBJ1-1
CASSPDINSPLHF	TRBV12-4	TRBJ1-6
CASSQDAGQPQHF	TRBV14	TRBJ1-5
CASSLLVRANPNTEAFF	TRBV7-8	TRBJ1-1
CAWKPLLANEQFF	TRBV30	TRBJ2-1
CASSEGFQETQYF	TRBV6-4	TRBJ2-5
CASSPDKANTGELFF	TRBV13	TRBJ2-2
CASSYPITSGGYNEQFF	TRBV6-5	TRBJ2-1
CASVSSELTSGANVLTF	TRBV18	TRBJ2-6
CSTPGTNTEAFF	TRBV29-1	TRBJ1-1
CASSTYHRTHYNEQFF	TRBV6-5	TRBJ2-1
CASSLCCWSHRGLHTDTQYF	TRBV7-9	TRBJ2-3
CASIRGYTTNEKLFF	TRBV2	TRBJ1-4
CASSLDRAVSSYNEQFF	TRBV7-2	TRBJ2-1
CASSLAGSGNTIYF	TRBV7-7	TRBJ1-3
CASSQDLTAGAKNIQYF	TRBV4-3	TRBJ2-4
CASSEYSLTDTQYF	TRBV25-1	TRBJ2-3
CASSLVLGQPNYGYTF	TRBV7-9	TRBJ1-2
CASSEDRATSGNTIYF	TRBV5-1	TRBJ1-3
CASSWGDGNYGYTF	TRBV7-2	TRBJ1-2
CASSPPRGYEQYF	TRBV7-6	TRBJ2-7
CASSGLVDNGYTF	TRBV27	TRBJ1-2
CASSATSGSTDTQYF	TRBV5-1	TRBJ2-3
CASSPGLAGGPLEQFF	TRBV18	TRBJ2-1
CASSPGTGTNTGELFF	TRBV19	TRBJ2-2
CSVLDRGSEKLFF	TRBV29-1	TRBJ1-4
CASSSQGTGYTGELFF	TRBV11-3	TRBJ2-2
CAISGMNTEAFF	TRBV10-3	TRBJ1-1
CASSQVDRVTDTQYF	TRBV4-1	TRBJ2-3
CASSERLGMNTEAFF	TRBV2	TRBJ1-1
CSARGDGAIINEQFF	TRBV20-1	TRBJ2-1
CASTNLAGYDEQFF	TRBV11-2	TRBJ2-1
CASSAGTGGAASITEAFF	TRBV9	TRBJ1-1
CSANTDRGYGYTF	TRBV20-1	TRBJ1-2
CASSARDGNIQYF	TRBV6-1	TRBJ2-4
CASSSGLGPRETQYF	TRBV5-8	TRBJ2-5
CASTYFPAYGYTF	TRBV19	TRBJ1-2
CASSFGPGTGVGYTF	TRBV27	TRBJ1-2
CASSYSGTGARETQYF	TRBV11-3	TRBJ2-5
CASSPMDRDSPLHF	TRBV4-1	TRBJ1-6
CASRYRDRMNTEAFF	TRBV5-8	TRBJ1-1
CASSLALTGLPNEKLFF	TRBV5-1	TRBJ1-4
CASSERRGDEQFF	TRBV7-9	TRBJ2-1
CASSLGLPHGYTF	TRBV7-6	TRBJ1-2
CASSLAGDIQYF	TRBV7-6	TRBJ2-4
CASSWVSGNTIYF	TRBV19	TRBJ1-3
CASSDSRTATEAFF	TRBV6-4	TRBJ1-1
CASSGLATDTDTQYF	TRBV12-3	TRBJ2-3
CASSYIQGRNTEAFF	TRBV6-5	TRBJ1-1
CATSEGTGGYNEQFF	TRBV24-1	TRBJ2-1
CATSEFDRDGETQYF	TRBV24-1	TRBJ2-5
CASSPETGGNTGELFF	TRBV16	TRBJ2-2
CASTTGYNEQFF	TRBV7-2	TRBJ2-1
CASSWGTEAFF	TRBV13	TRBJ1-1
CASSLGTSGYYEQYF	TRBV5-1	TRBJ2-7
CASSTTTGNTEAFF	TRBV12-3	TRBJ1-1
CATSSGWTSGGDTQYF	TRBV15	TRBJ2-3
CASSFNPATEAFF	TRBV5-4	TRBJ1-1
CASSPPGQGWSDTQYF	TRBV27	TRBJ2-3
CASSQFPSGGTDTQYF	TRBV4-2	TRBJ2-3
CASSLGSGSPSANIQYF	TRBV7-8	TRBJ2-4
CASSQVLDRGFYEQYF	TRBV4-1	TRBJ2-7
CSASWGLAGALGGQETQYF	TRBV20-1	TRBJ2-5
CASSFTGSDTGELFF	TRBV2	TRBJ2-2
CSVDLEGATTDTQYF	TRBV29-1	TRBJ2-3
CASSTHRDRGSGELFF	TRBV19	TRBJ2-2
CASGLAGFETQYF	TRBV12-5	TRBJ2-5
CASSLGTGGYNEQFF	TRBV7-9	TRBJ2-1
CATTAFDTSYGYTF	TRBV5-8	TRBJ1-2
CASSETSGGYYNEQFF	TRBV2	TRBJ2-1
CASRSLLGEEQFF	TRBV7-9	TRBJ2-1
CASTFVYGVDSPLHF	TRBV11-2	TRBJ1-6
CASGLDMAGGELFF	TRBV12-5	TRBJ2-2
CASQGASNEQFF	TRBV27	TRBJ2-1
CASSLGFSGAGELFF	TRBV7-9	TRBJ2-2
CASSMQPVGANVLTF	TRBV19	TRBJ2-6
CASSLRQPGLELYEQYF	TRBV7-2	TRBJ2-7
CASSLGTHATNEKLFF	TRBV27	TRBJ1-4
CASSSRRGYSNQPQHF	TRBV7-8	TRBJ1-5
CASSQGQTGADGSPLHF	TRBV7-9	TRBJ1-6
CASSFITPGNEQFF	TRBV27	TRBJ2-1
CASSPGGGYGYTF	TRBV9	TRBJ1-2
CASTPSSGGLTDTQYF	TRBV7-9	TRBJ2-3
CASSQGQGALDTEAFF	TRBV5-1	TRBJ1-1
CASSSIEKLFF	TRBV12-4	TRBJ1-4
CASSLHVAGDTGELFF	TRBV5-5	TRBJ2-2
CASSTSMIGGNEQFF	TRBV19	TRBJ2-1
CASSGLGEQYF	TRBV5-1	TRBJ2-7
CARGQGTEAFF	TRBV6-1	TRBJ1-1
CSARPEPNTYEQYF	TRBV20-1	TRBJ2-7
CASSMGRRSSYNSPLHF	TRBV19	TRBJ1-6
CASLGTPMNTEAFF	TRBV7-9	TRBJ1-1
CASSTGGRHEQYF	TRBV6-5	TRBJ2-7
CASTHLRSGGVYEQYF	TRBV6-3	TRBJ2-7
CASSPTSTDTQYF	TRBV18	TRBJ2-3
CASSLPTQGGSYEQYF	TRBV7-9	TRBJ2-7
CASSQVLTSSQETQYF	TRBV4-1	TRBJ2-5
CASSSLSERGRETQYF	TRBV5-1	TRBJ2-5
CASSTLMPPVQFF	TRBV6-1	TRBJ2-1
CASSLWLAGGYNEQFF	TRBV5-1	TRBJ2-1
CASIGVPGANVLTF	TRBV11-3	TRBJ2-6
CASRLAGGGEQYF	TRBV6-3	TRBJ2-7
CASGRLAGGYNEQFF	TRBV2	TRBJ2-1
CASSPPGRKNTEAFF	TRBV11-3	TRBJ1-1
CATSDMTGSPSGYTF	TRBV24-1	TRBJ1-2
CASSPTSGSFTGELFF	TRBV6-5	TRBJ2-2
CASSTHGQFSGNTIYF	TRBV9	TRBJ1-3
CASSYSGGENTEAFF	TRBV6-5	TRBJ1-1
CASSRLEGTGNTIYF	TRBV19	TRBJ1-3
CASSGWGSGSTDTQYF	TRBV5-6	TRBJ2-3
CAISGTSGEISTDTQYF	TRBV10-3	TRBJ2-3
CSALAGGGETQYF	TRBV20-1	TRBJ2-5
CASSVGRLAGGSTDTQYF	TRBV9	TRBJ2-3
CASEIGQGLVNEQFF	TRBV19	TRBJ2-1
CASGWDPRSGNTIYF	TRBV13	TRBJ1-3
CASSELRGRGYGYTF	TRBV6-1	TRBJ1-2
CSVEGTSGGDVTGELFF	TRBV29-1	TRBJ2-2
CASSQVQGPDGYTF	TRBV3-1	TRBJ1-2
CASNPWDMNTEAFF	TRBV19	TRBJ1-1
CASSRPDRVFGNTIYF	TRBV3-1	TRBJ1-3
CASSIEGAHEETQYF	TRBV19	TRBJ2-5
CASSTQGGEQYF	TRBV7-9	TRBJ2-7
CASRTGLDGYTF	TRBV5-1	TRBJ1-2
CASSLTADKHF	TRBV6-6	TRBJ1-5
CATSDGTGVYNEQFF	TRBV24-1	TRBJ2-1
CASSQDRVSYEQYF	TRBV4-1	TRBJ2-7
CASSKKGGGASGYTF	TRBV7-9	TRBJ1-2
CASSLASATDTQYF	TRBV5-1	TRBJ2-3
CSARELGQGAFYGYTF	TRBV20-1	TRBJ1-2
CASSQDRGLSTEAFF	TRBV4-3	TRBJ1-1
CASSEHQPQHF	TRBV6-1	TRBJ1-5
CASSLPSTGPSEIEAFF	TRBV11-2	TRBJ1-1
CASSPPIPRRWDEQFF	TRBV18	TRBJ2-1
CASSLVHGSNQPQHF	TRBV7-2	TRBJ1-5
CASSLRLAGDIIVNEQFF	TRBV13	TRBJ2-1
CASGGDLSGNTIYF	TRBV28	TRBJ1-3
CASRGARGYTF	TRBV27	TRBJ1-2
CASSLGFREGTEAFF	TRBV7-9	TRBJ1-1
CASSPGASNEKLFF	TRBV4-1	TRBJ1-4
CASSLEAAKETQYF	TRBV7-7	TRBJ2-5
CASEASGLAGLGTQYF	TRBV7-6	TRBJ2-5
CASSPTVSPFAGELFF	TRBV9	TRBJ2-2
CASSPTGTATLSYTF	TRBV27	TRBJ1-2
CASTSGTLYNEQFF	TRBV19	TRBJ2-1
CASSSTPYEQYF	TRBV19	TRBJ2-7
CASSLGRGNLYGYTF	TRBV7-9	TRBJ1-2
CASSMSQTGNTEAFF	TRBV19	TRBJ1-1
CASSLGGPGGGNTEAFF	TRBV5-5	TRBJ1-1
CASSLGYGLAGTTGELFF	TRBV7-3	TRBJ2-2
CASSLGGNTIYF	TRBV5-6	TRBJ1-3
CASSSPGGGPSYNEQFF	TRBV12-3	TRBJ2-1
CASSQVDRALETQYF	TRBV6-3	TRBJ2-5
CASSLSGEQFF	TRBV7-3	TRBJ2-1
CASSSGTEVPEQYF	TRBV7-9	TRBJ2-7
CASSLVRQGASTIGTQYF	TRBV7-2	TRBJ2-5
CATSDPWGGREWDNEQFF	TRBV24-1	TRBJ2-1
CASSFPGELFF	TRBV12-4	TRBJ2-2
CASSLGPSNQPQHF	TRBV7-9	TRBJ1-5
CASTGLAGTYNEQFF	TRBV6-1	TRBJ2-1
CASSRSDGDTGELFF	TRBV7-9	TRBJ2-2
CSVEEGAGDTQYF	TRBV29-1	TRBJ2-3
CASIGEMNTEAFF	TRBV13	TRBJ1-1
CASRPHRGQSAGELFF	TRBV7-9	TRBJ2-2
CSVELTGNTIYF	TRBV29-1	TRBJ1-3
CASSLPTSVYNEQFF	TRBV28	TRBJ2-1
CASSSTGTSDGETQYF	TRBV19	TRBJ2-5
CAWSVLWSGRVYDYYGYTF	TRBV30	TRBJ1-2
CASSLDAGVGGYTF	TRBV7-9	TRBJ1-2
CAWRGVTFSNYGYTF	TRBV30	TRBJ1-2
CASSPDREDQPQHF	TRBV12-4	TRBJ1-5
CASSVTATATGELFF	TRBV9	TRBJ2-2
CASSLGYGQEVEWPQHF	TRBV27	TRBJ1-5
CASSLVWGAEPEAFF	TRBV5-1	TRBJ1-1
CASSSSGTEFHTGELFF	TRBV7-9	TRBJ2-2
CASSSGTNSYEQYF	TRBV27	TRBJ2-7
CASSLGPGEQFF	TRBV7-9	TRBJ2-1
CASSSIGQGIRYGYTF	TRBV7-9	TRBJ1-2
CASSQTPGQGWLFF	TRBV4-1	TRBJ1-4
CASSSGTVTDTQYF	TRBV13	TRBJ2-3
CASSQDRRSGQGDQWTEAFF	TRBV4-1	TRBJ1-1
CASSQDSGTGGYYEQYF	TRBV3-1	TRBJ2-7
CATISGVSGELFF	TRBV2	TRBJ2-2
CASSAIGGTDTQYF	TRBV6-5	TRBJ2-3
CASNFGQQNTEAFF	TRBV19	TRBJ1-1
CASSLASSYWAEQETQYF	TRBV7-2	TRBJ2-5
CASSGGTSGSNEQFF	TRBV5-8	TRBJ2-1
CASSIKGHYEQYF	TRBV19	TRBJ2-7
CASSIVGAGNQPQHF	TRBV19	TRBJ1-5
CSGSEGNTIYF	TRBV29-1	TRBJ1-3
CASSPTGGENYGYTF	TRBV7-9	TRBJ1-2
CASYGAETGELFF	TRBV2	TRBJ2-2
CASSDSLGSPLHF	TRBV6-4	TRBJ1-6
CASSRGLGSGNTIYF	TRBV11-2	TRBJ1-3
CASSPPGAGEKLFF	TRBV7-2	TRBJ1-4
CASSLVTSGETYEQYF	TRBV11-2	TRBJ2-7
CASSLSSLYEQFF	TRBV27	TRBJ2-1
CASSSPRTSWETQYF	TRBV6-5	TRBJ2-5
CASSLEVQSRDEQFF	TRBV27	TRBJ2-1
CSVGWTESGELFF	TRBV20-1	TRBJ2-2
CASSQGQGLLEAFF	TRBV4-1	TRBJ1-1
CASSTYRVRVSESNEQFF	TRBV6-1	TRBJ2-1
CASTLTGGTSGSSYEQYF	TRBV13	TRBJ2-7
CASSQDSRTGAVYEQYF	TRBV4-1	TRBJ2-7
CASQGSGSNEQFF	TRBV19	TRBJ2-1
CASAGGTGYTDTQYF	TRBV6-5	TRBJ2-3
CASSFGGDAEAFF	TRBV11-2	TRBJ1-1
CSARAGTGNTGELFF	TRBV20-1	TRBJ2-2
CASSQVLGQANQPQHF	TRBV4-1	TRBJ1-5
CSVDSHRTGYNYGYTF	TRBV29-1	TRBJ1-2
CASSELAGITGELFF	TRBV9	TRBJ2-2
CSARPNKLAGGYEQYF	TRBV20-1	TRBJ2-7
CASTPPGANEQFF	TRBV19	TRBJ2-1
CASSFKGGAGYNEQFF	TRBV27	TRBJ2-1
CASSPRSGSNQPQHF	TRBV6-4	TRBJ1-5
CASSEVGTGGLIGSPLHF	TRBV6-1	TRBJ1-6
CASSGTGELFF	TRBV19	TRBJ2-2
CAAMRVDQETQYF	TRBV30	TRBJ2-5
CASSGTTGELFF	TRBV5-5	TRBJ2-2
CASSVAVSSFYGYTF	TRBV9	TRBJ1-2
CASSQTGTAYGYTF	TRBV4-1	TRBJ1-2
CASSRWEMNTEAFF	TRBV19	TRBJ1-1
CASSISYTGELFF	TRBV19	TRBJ2-2
CATSRDQGIRNTEAFF	TRBV15	TRBJ1-1
CASRGLAGSYEQYF	TRBV5-5	TRBJ2-7
CASTHSGTLTYEQYF	TRBV7-9	TRBJ2-7
CASSATGGAGHTEAFF	TRBV7-3	TRBJ1-1
CSARDLDSYGYTF	TRBV20-1	TRBJ1-2
CASSQGRETQYF	TRBV14	TRBJ2-5
CASSQQGPEQYF	TRBV14	TRBJ2-7
CASRAFIGAGSSDYTF	TRBV27	TRBJ1-2
CASSQDSTGSRGSNQPQHF	TRBV4-1	TRBJ1-5
CASSSRTEIFSGANVLTF	TRBV7-9	TRBJ2-6
CSAAEGLSDEQFF	TRBV20-1	TRBJ2-1
CASSFGVGGVGSAFF	TRBV5-6	TRBJ1-1
CASSLWTGEHEQYF	TRBV12-4	TRBJ2-7
CASSLLADGNYGYTF	TRBV7-9	TRBJ1-2
CASRGEGNSYNSPLHF	TRBV6-1	TRBJ1-6
CASSVDPGNSEKLFF	TRBV9	TRBJ1-4
CASSGGYEVVTQYF	TRBV6-1	TRBJ2-5
CASSLVGGAETQYF	TRBV11-2	TRBJ2-5
CASSLVDSGSSYNEQFF	TRBV7-9	TRBJ2-1
CASGHWGASGYTF	TRBV4-1	TRBJ1-2
CASSYSGRSNEKLFF	TRBV6-5	TRBJ1-4
CASSPLGGSSYNEQFF	TRBV6-5	TRBJ2-1
CASQDRGNGNQPQHF	TRBV27	TRBJ1-5
CASSSSQEDNEQFF	TRBV13	TRBJ2-1
CASSLVTGTGASYNEQFF	TRBV7-6	TRBJ2-1
CASSEQGLDTQYF	TRBV2	TRBJ2-3
CASREGGTSYEQYF	TRBV2	TRBJ2-7
CASGTPWDKQTF	TRBV6-3	TRBJ1-2
CASSLRAGFYGYTF	TRBV3-1	TRBJ1-2
CSARGYSGLQETQYF	TRBV20-1	TRBJ2-5
CASSLVQGSAGELFF	TRBV7-9	TRBJ2-2
CASSLVGAGTDTQYF	TRBV7-3	TRBJ2-3
CAISEDSDIQYF	TRBV10-3	TRBJ2-4
CASSFSTDTQYF	TRBV13	TRBJ2-3
CASGLLSGGLYNEQFF	TRBV12-5	TRBJ2-1
CSAADRGIYGYTF	TRBV20-1	TRBJ1-2
CASSMGDPWAFF	TRBV19	TRBJ1-1
CASSEDSNTEAFF	TRBV10-2	TRBJ1-1
CSVEEWGRLGYGYTF	TRBV29-1	TRBJ1-2
CASSLSGGGETQYF	TRBV7-7	TRBJ2-5
CASSLDQEIIGNEQFF	TRBV13	TRBJ2-1
CASSMYTNTEAFF	TRBV19	TRBJ1-1
CASSKYGGNEQFF	TRBV19	TRBJ2-1
CAWKQGFLAEAFF	TRBV30	TRBJ1-1
CASSVATMDSLMNTEAFF	TRBV9	TRBJ1-1
CASSAGNTEAFF	TRBV9	TRBJ1-1
CATSDGGQPYSNQPQHF	TRBV24-1	TRBJ1-5
CASSLDSGNTGELFF	TRBV12-4	TRBJ2-2
CASSLLGQGTGEQYF	TRBV27	TRBJ2-7
CASSASEGDTQYF	TRBV6-5	TRBJ2-3
CASSAGQGGYEQYF	TRBV19	TRBJ2-7
CASTVGLAENAYYNEQFF	TRBV6-3	TRBJ2-1
CASSLVVVEQFF	TRBV7-8	TRBJ2-1
CASSEDLWGIMNTGELFF	TRBV25-1	TRBJ2-2
CASSERDRATYEQYF	TRBV6-1	TRBJ2-7
CSVEGLSALGKGYGYTF	TRBV29-1	TRBJ1-2
CASSPGVTGELFF	TRBV5-8	TRBJ2-2
CSARDSGLYQPQHF	TRBV20-1	TRBJ1-5
CASSLGPGDYGYTF	TRBV5-1	TRBJ1-2
CATSGQGATDTQYF	TRBV24-1	TRBJ2-3
CASSQESTSQPQHF	TRBV3-1	TRBJ1-5
CSARDISDTQYF	TRBV20-1	TRBJ2-3
CASSSRLASSYNEQFF	TRBV3-1	TRBJ2-1
CASSQDYRLAGVAGELFF	TRBV4-3	TRBJ2-2
CASSLVSGPTEAFF	TRBV7-9	TRBJ1-1
CASSQNRGLNTEAFF	TRBV7-9	TRBJ1-1
CASRAGVNTEAFF	TRBV6-6	TRBJ1-1
CASSKQAYYGYTF	TRBV6-3	TRBJ1-2
CSARDRGAGAQYF	TRBV20-1	TRBJ2-5
CASRAGMYQETQYF	TRBV6-6	TRBJ2-5
CASSTPGQGARGYTF	TRBV9	TRBJ1-2
CASRPTDYNSPLHF	TRBV16	TRBJ1-6
CASSYLGGEGYTF	TRBV6-5	TRBJ1-2
CAQLAGGPYNEQFF	TRBV2	TRBJ2-1
CASSPSDRVVEPQHF	TRBV6-5	TRBJ1-5
CASSLPAGRFSGANVLTF	TRBV7-2	TRBJ2-6
CSVEEAGGNEKLFF	TRBV29-1	TRBJ1-4
CASSQDRGGYGYTF	TRBV4-3	TRBJ1-2
CASSQTGGSYGYTF	TRBV4-1	TRBJ1-2
CASSPTRLGWHNEQFF	TRBV7-7	TRBJ2-1
CASSPGSRREETQYF	TRBV9	TRBJ2-5
CASSPEGPIYNEQFF	TRBV7-8	TRBJ2-1
CAWTSGLGNEQFF	TRBV30	TRBJ2-1
CATGQLNTEAFF	TRBV24-1	TRBJ1-1
CASSGETYEQYF	TRBV5-4	TRBJ2-7
CASSYRTGGTEAFF	TRBV12-3	TRBJ1-1
CASSPETGGSYEQYF	TRBV7-2	TRBJ2-7
CASSLWTLNTGELFF	TRBV5-4	TRBJ2-2
CASRPPGRDYGYTF	TRBV5-1	TRBJ1-2
CASSYSPVADLYF	TRBV6-5	TRBJ1-3
CASSLVEDEKLFF	TRBV7-8	TRBJ1-4
CASSPPNQPQHF	TRBV18	TRBJ1-5
CASSYFLPGQRKTYSPLHF	TRBV6-5	TRBJ1-6
CASSPGLAGDEQFF	TRBV4-3	TRBJ2-1
CASSPPQGGGTHNEQFF	TRBV18	TRBJ2-1
CASSPRTSGGAQTQYF	TRBV7-9	TRBJ2-5
CASSVEPSGYNEQFF	TRBV9	TRBJ2-1
CASSYPNNEQFF	TRBV7-3	TRBJ2-1
CASSQDHRGRDEQFF	TRBV4-3	TRBJ2-1
CSASGSQGPDTQYF	TRBV20-1	TRBJ2-3
CSVNQILGQPNEKLFF	TRBV20-1	TRBJ1-4
CASSQEELAGVMGPDTQYF	TRBV4-3	TRBJ2-3
CASSLAGQGRQPQHF	TRBV7-9	TRBJ1-5
CASSQNTRTDGYTF	TRBV4-1	TRBJ1-2
CASSLTTGRNTEAFF	TRBV11-1	TRBJ1-1
CASSPDLGDIQYF	TRBV27	TRBJ2-4
CASSRQGEFYEQYF	TRBV10-2	TRBJ2-7
CASSKGTTEAFF	TRBV7-9	TRBJ1-1
CASSEVVVAEKLFF	TRBV6-1	TRBJ1-4
CSAGTGGLLSYGYTF	TRBV20-1	TRBJ1-2
CASSPTSGANLNEQFF	TRBV3-1	TRBJ2-1
CASSQDGGGYNEQFF	TRBV4-3	TRBJ2-1
CASSYLLAGETHTQYF	TRBV6-6	TRBJ2-3
CASSATGTSGGDLGELFF	TRBV9	TRBJ2-2
CASSVDSSHQPQHF	TRBV5-5	TRBJ1-5
CASSSTTAIRDTEAFF	TRBV11-3	TRBJ1-1
CASSALSGDSTSTDTQYF	TRBV13	TRBJ2-3
CASTLGASGGNEQFF	TRBV13	TRBJ2-1
CSARDYLRPLDNEQFF	TRBV20-1	TRBJ2-1
CASSLLEEHYEQYF	TRBV5-6	TRBJ2-7
CASSPRQVPNTEAFF	TRBV27	TRBJ1-1
CASSSPRGGRITEAFF	TRBV7-9	TRBJ1-1
CASSDSIGYGYTF	TRBV6-1	TRBJ1-2
CASSQQGGQPQHF	TRBV12-4	TRBJ1-5
CATRGGTGGDEQYF	TRBV5-1	TRBJ2-7
CSAPKDGDTQYF	TRBV20-1	TRBJ2-3
CASSQASGVINEQFF	TRBV3-1	TRBJ2-1
CASSVVSSAYNEQFF	TRBV9	TRBJ2-1
CASRTGGNSPLHF	TRBV19	TRBJ1-6
CACLLLLNTGELFF	TRBV30	TRBJ2-2
CASSAGSRAYNEQFF	TRBV9	TRBJ2-1
CASSPGQGYEKLFF	TRBV27	TRBJ1-4
CASSRGGGRVNTEAFF	TRBV19	TRBJ1-1
CSEGSPQETQYF	TRBV29-1	TRBJ2-5
CASNWSPGIDQPQHF	TRBV19	TRBJ1-5
CASSDSYSPNTEAFF	TRBV6-4	TRBJ1-1
CATSPPGIEQFF	TRBV15	TRBJ2-1
CASSFLSGDTGNEKLFF	TRBV5-6	TRBJ1-4
CASSSPGQGDTEAFF	TRBV12-4	TRBJ1-1
CASSRTDSYNEQFF	TRBV5-6	TRBJ2-1
CASINYGAGLNTEAFF	TRBV19	TRBJ1-1
CASSFLNHEQFF	TRBV7-6	TRBJ2-1
CAISEPTRQNVPNTGELFF	TRBV10-3	TRBJ2-2
CASYGQGTDTQYF	TRBV5-1	TRBJ2-3
CSAREGSALHF	TRBV20-1	TRBJ1-6
CASSPGTGVDPQHF	TRBV19	TRBJ1-5
CASSQDEVREQFF	TRBV4-3	TRBJ2-1
CASSYYGDTGELFF	TRBV6-5	TRBJ2-2
CASSQVLVGRDSYNEQFF	TRBV4-3	TRBJ2-1
CASSGLGGSSYEQYF	TRBV2	TRBJ2-7
CASSVWGGTEAFF	TRBV6-4	TRBJ1-1
CASSLYWDQPQHF	TRBV7-9	TRBJ1-5
CASSWGTDTQYF	TRBV12-3	TRBJ2-3
CASSIKTSGDPDTQYF	TRBV19	TRBJ2-3
CASSLSRDGENIQYF	TRBV6-3	TRBJ2-4
CASSMSVGFSNQPQHF	TRBV19	TRBJ1-5
CASSQELQSYGYTF	TRBV4-1	TRBJ1-2
CSVVAWSGELFF	TRBV29-1	TRBJ2-2
CASSVANGYTF	TRBV9	TRBJ1-2
CASSFTEGNEQFF	TRBV9	TRBJ2-1
CASSLFEVNYGYTF	TRBV7-8	TRBJ1-2
CASSVGTGSYNEQFF	TRBV12-3	TRBJ2-1
CASSVSSYGLAAYNEQFF	TRBV3-1	TRBJ2-1
CASSFQQPPETDTQYF	TRBV5-5	TRBJ2-3
CASGFGSGSGDEQFF	TRBV12-5	TRBJ2-1
CASSLVQGGPLVEQFF	TRBV5-4	TRBJ2-1
CASSWGARRATEAFF	TRBV25-1	TRBJ1-1
CASSQDSGYPTDTQYF	TRBV3-1	TRBJ2-3
CASSQALSGYNEQFF	TRBV4-1	TRBJ2-1
CASSIDSGGSYNEQFF	TRBV19	TRBJ2-1
CATRPRGDTEAFF	TRBV15	TRBJ1-1
CAITGVGTGELFF	TRBV6-6	TRBJ2-2
CASSVKDSPEKLFF	TRBV9	TRBJ1-4
CASSSWTVNTEAFF	TRBV19	TRBJ1-1
CASSVYSTEAFF	TRBV19	TRBJ1-1
CASSYSGTNNEQFF	TRBV6-3	TRBJ2-1
CASRMIDRDYGYTF	TRBV12-4	TRBJ1-2
CSVAHVGNYGYTF	TRBV29-1	TRBJ1-2
CASSESGQRGEQYF	TRBV10-1	TRBJ2-7
CSARVLGGYTF	TRBV20-1	TRBJ1-2
CASSSFLAGEVYNEQFF	TRBV7-8	TRBJ2-1
CASSQDRTIWSYGYTF	TRBV3-1	TRBJ1-2
CATSDLPGAYNEQFF	TRBV24-1	TRBJ2-1
CASSSGTALNEQFF	TRBV7-9	TRBJ2-1
CASSEGGYSYNSPLHF	TRBV5-1	TRBJ1-6
CASSPPDSFTQYF	TRBV5-1	TRBJ2-3
CSVFSRLYGYTF	TRBV29-1	TRBJ1-2
CASSVLGEGGNEQFF	TRBV2	TRBJ2-1
CASSVGQGAPGYTF	TRBV2	TRBJ1-2
CASSQVQGPNTEAFF	TRBV4-1	TRBJ1-1
CASTKSLGPNTGELFF	TRBV19	TRBJ2-2
CASSTSGQGQAFF	TRBV19	TRBJ1-1
CASSQGRRGGSYEQYF	TRBV4-1	TRBJ2-7
CASSLEGLGKTNTGELFF	TRBV7-9	TRBJ2-2
CATSDPGTGFTDTQYF	TRBV24-1	TRBJ2-3
CASSHPSGGQNTGELFF	TRBV4-1	TRBJ2-2
CASSFRETPSGNTIYF	TRBV6-5	TRBJ1-3
CASSLAQGYAEAFF	TRBV12-4	TRBJ1-1
CASSPRVGRGREELFF	TRBV11-3	TRBJ2-2
CASSQGPSNNEQFF	TRBV4-1	TRBJ2-1
CASVGGGGTEAFF	TRBV27	TRBJ1-1
CASSTGLINQPQHF	TRBV27	TRBJ1-5
CASSLAGDSPTDTQYF	TRBV12-4	TRBJ2-3
CASSAGSFRHPYSNQPQHF	TRBV9	TRBJ1-5
CASSQEAGGSYNEQFF	TRBV4-2	TRBJ2-1
CASSYPTSGSYNEQFF	TRBV13	TRBJ2-1
CASSMTPLGEDTQYF	TRBV19	TRBJ2-3
CSTNSASGDYEQYF	TRBV20-1	TRBJ2-7
CASSVLGQGRSEAFF	TRBV7-9	TRBJ1-1
CASSDIQYNEQFF	TRBV2	TRBJ2-1
CASSPNPQWEQYF	TRBV10-2	TRBJ2-7
CASSEVSTDTQYF	TRBV2	TRBJ2-3
CASSGQGAAGYTF	TRBV6-5	TRBJ1-2
CASNFDSSGNTIYF	TRBV12-3	TRBJ1-3
CASNPAGEMYEQYF	TRBV27	TRBJ2-7
CASSLVEATLNYGYTF	TRBV13	TRBJ1-2
CAISESLSQPQHF	TRBV10-3	TRBJ1-5
CASSPTQGGTKEKLFF	TRBV4-1	TRBJ1-4
CASSLTAGGPADTQYF	TRBV7-3	TRBJ2-3
CASSLSLVGGSDGYTF	TRBV12-4	TRBJ1-2
CASSLAGDGTGELFF	TRBV7-7	TRBJ2-2
CASRDGTEAFF	TRBV12-3	TRBJ1-1
CASSHGQLKEETQYF	TRBV7-7	TRBJ2-5
CASGWFAEAFF	TRBV19	TRBJ1-1
CATSDSRTGRSGELFF	TRBV24-1	TRBJ2-2
CSARDLHRPGNTIYF	TRBV20-1	TRBJ1-3
CASSLDGTPGETQYF	TRBV27	TRBJ2-5
CASSYLGEGQPQHF	TRBV6-5	TRBJ1-5
CASTPGGSTDTQYF	TRBV12-4	TRBJ2-3
CASSPLTGDTGELFF	TRBV27	TRBJ2-2
CASSQWAGDYNEQFF	TRBV4-1	TRBJ2-1
CASRDAVSSTDTQYF	TRBV7-9	TRBJ2-3
CAISGQGEYTEAFF	TRBV10-3	TRBJ1-1
CASSFRGVYGYTF	TRBV27	TRBJ1-2
CASPPEEGLLAEAFF	TRBV14	TRBJ1-1
CASSVAGTEINYGYTF	TRBV9	TRBJ1-2
CSVDARQWNTEAFF	TRBV29-1	TRBJ1-1
CASSLMWLAGAADTQYF	TRBV7-8	TRBJ2-3
CASSPSTSGSPDGELFF	TRBV5-5	TRBJ2-2
CASSPLSNTGELFF	TRBV7-3	TRBJ2-2
CASSYVNEQFF	TRBV6-5	TRBJ2-1
CASSDNRGQETQYF	TRBV10-1	TRBJ2-5
CASSSGLVNSGTQYF	TRBV7-2	TRBJ2-3
CASSYAHRGDMGEQYF	TRBV6-5	TRBJ2-7
CASSDSGAGEAFF	TRBV6-4	TRBJ1-1
CASSFGGPPLFF	TRBV7-9	TRBJ1-4
CATSRGPTSGTGSAKNIQYF	TRBV15	TRBJ2-4
CASSRPGQEPGELFF	TRBV7-9	TRBJ2-2
CASSLMRLQETQYF	TRBV7-2	TRBJ2-5
CASSSQGGLYGYTF	TRBV11-3	TRBJ1-2
CASSPTDLRIVQETQYF	TRBV7-8	TRBJ2-5
CASSLDRQAMTF	TRBV7-9	TRBJ2-6
CASSEVASGTYEQYF	TRBV2	TRBJ2-7
CASSVILSPRGNEQFF	TRBV12-4	TRBJ2-1
CASTDLNTEAFF	TRBV12-3	TRBJ1-1
CASDAGTAYEQYF	TRBV6-6	TRBJ2-7
CASSLVGGGTDTQYF	TRBV7-3	TRBJ2-3
CASSLVESGYGYTF	TRBV7-2	TRBJ1-2
CASSRPGQGVSYGYTF	TRBV6-1	TRBJ1-2
CASSLEHSILETQYF	TRBV7-7	TRBJ2-5
CASSPGLLTYEQYF	TRBV4-1	TRBJ2-7
CASSPRTGNYEQYF	TRBV19	TRBJ2-7
CASSETGKNTEAFF	TRBV10-1	TRBJ1-1
CATSEPTDATGYGANVLTF	TRBV24-1	TRBJ2-6
CASSVEPNTGELFF	TRBV9	TRBJ2-2
CASINVVGQGSETQYF	TRBV5-6	TRBJ2-5
CASSLNRDLGEDTQYF	TRBV27	TRBJ2-3
CASSLYGADEQYF	TRBV5-1	TRBJ2-7
CATSDKGGLKAFF	TRBV24-1	TRBJ1-1
CAISESDRTYGYTF	TRBV10-3	TRBJ1-2
CASQTRGNNEQFF	TRBV19	TRBJ2-1
CASSERREGNEQFF	TRBV2	TRBJ2-1
CASSRVTNEKLFF	TRBV6-3	TRBJ1-4
CASSHPPGGYKNIQYF	TRBV7-9	TRBJ2-4
CASSLVGAGENQPQHF	TRBV7-9	TRBJ1-5
CASSRGTGEQYF	TRBV27	TRBJ2-7
CSARRLQGELDTQYF	TRBV20-1	TRBJ2-3
CASSLGPPGTSTDTQYF	TRBV7-3	TRBJ2-3
CASSHTRLPNYGYTF	TRBV14	TRBJ1-2
CASSERWDTEAFF	TRBV6-4	TRBJ1-1
CASRLGVFGGTEAFF	TRBV7-2	TRBJ1-1
CASREIQGGTEAFF	TRBV4-3	TRBJ1-1
CASRDGTANTEAFF	TRBV25-1	TRBJ1-1
CSVETQGFTNEKLFF	TRBV29-1	TRBJ1-4
CASSYGLAQQETQYF	TRBV5-4	TRBJ2-5
CASSPSSNEQFF	TRBV18	TRBJ2-1
CASSPHQDRVTDTQYF	TRBV7-3	TRBJ2-3
CASSLGGYRGYTF	TRBV11-2	TRBJ1-2
CASSLIGGSGEQFF	TRBV27	TRBJ2-1
CASSTRDSSTGELFF	TRBV11-3	TRBJ2-2
CATYPTGAPVDEQFF	TRBV6-5	TRBJ2-1
CASNWGEQYF	TRBV6-4	TRBJ2-7
CASEAGELFF	TRBV2	TRBJ2-2
CASSFNVGDTGELFF	TRBV5-4	TRBJ2-2
CASSLGGQGRNTEAFF	TRBV28	TRBJ1-1
CASSRETGGAKNIQYF	TRBV4-3	TRBJ2-4
CATGQTDNEQFF	TRBV27	TRBJ2-1
CASSVAGAQAGDTQYF	TRBV9	TRBJ2-3
CALMTRLAGSYYNEQFF	TRBV6-1	TRBJ2-1
CASSARDQDEKLFF	TRBV5-4	TRBJ1-4
CASSLVSVADTQYF	TRBV5-6	TRBJ2-3
CASSSTGGTHNEQFF	TRBV5-1	TRBJ2-1
CASSFWGATYNEQFF	TRBV27	TRBJ2-1
CASSGQGAGYNEQFF	TRBV27	TRBJ2-1
CASRARGQGPTGELFF	TRBV7-9	TRBJ2-2
CASRTGQGAFEQFF	TRBV4-1	TRBJ2-1
CASGTSGTAGELFF	TRBV6-3	TRBJ2-2
CASSVEGGSSYNEQFF	TRBV9	TRBJ2-1
CASSQTGGELFF	TRBV6-3	TRBJ2-2
CASIQPTEQFF	TRBV6-1	TRBJ2-1
CASSVVTGGLGTEAFF	TRBV9	TRBJ1-1
CSVEDQNGGATYNEQFF	TRBV29-1	TRBJ2-1
CASSQDPQGRQPQHF	TRBV4-1	TRBJ1-5
CASSIGRSTEAFF	TRBV19	TRBJ1-1
CASGVGGSSTDTQYF	TRBV12-4	TRBJ2-3
CAISLGLAGGLGELFF	TRBV10-3	TRBJ2-2
CTTGDGMNTEAFF	TRBV7-2	TRBJ1-1
CAIGGDRYNEQFF	TRBV10-3	TRBJ2-1
CASSLQGLAVEQFF	TRBV12-3	TRBJ2-1
CASSLLGSGGQETQYF	TRBV27	TRBJ2-5
CSAGQGDTEAFF	TRBV20-1	TRBJ1-1
CASSSTNYRNEQFF	TRBV5-6	TRBJ2-1
CASSARPGTGTGANVLTF	TRBV9	TRBJ2-6
CASSGPGRTTNEKLFF	TRBV11-3	TRBJ1-4
CASSGEQGSYGYTF	TRBV25-1	TRBJ1-2
CASSSEDSSNQPQHF	TRBV12-3	TRBJ1-5
CASSPNRDINLDTQYF	TRBV18	TRBJ2-3
CATSRGGFQETQYF	TRBV24-1	TRBJ2-5
CASSPSLLSREGHPDTQYF	TRBV9	TRBJ2-3
CASSLRGSNEKLFF	TRBV7-6	TRBJ1-4
CATSGGNSGANVLTF	TRBV24-1	TRBJ2-6
CASSLGWSTEAFF	TRBV11-2	TRBJ1-1
CSARPSGLAETDTQYF	TRBV20-1	TRBJ2-3
CASSVLPADTQYF	TRBV2	TRBJ2-3
CASSLLGGDYNEQFF	TRBV5-1	TRBJ2-1
CASSQPGGGVNGELFF	TRBV5-6	TRBJ2-2
CASSQMGTQYF	TRBV4-2	TRBJ2-5
CASSLSGTDTQYF	TRBV27	TRBJ2-3
CASSLLAGGLGEQFF	TRBV7-9	TRBJ2-1
CASSEILQETQYF	TRBV10-2	TRBJ2-5
CASSQDTLAPTTDTQYF	TRBV3-1	TRBJ2-3
CATSERYGRVYNEQFF	TRBV24-1	TRBJ2-1
CAVGGENTGELFF	TRBV6-1	TRBJ2-2
CASSQGGQGALETQYF	TRBV14	TRBJ2-5
CASSQDPEPIRQTQYF	TRBV3-1	TRBJ2-5
CASSATGLGNNEQFF	TRBV10-1	TRBJ2-1
CASMRGFTYEQYF	TRBV27	TRBJ2-7
CSVLDQGANYGYTF	TRBV29-1	TRBJ1-2
CASSQDLGQGIFYGYTF	TRBV4-1	TRBJ1-2
CASSLDTSSYNEQFF	TRBV7-8	TRBJ2-1
CASSHRMGPDYGYTF	TRBV4-1	TRBJ1-2
CASSIWENTGELFF	TRBV19	TRBJ2-2
CASSQDALAGTTDTQYF	TRBV4-1	TRBJ2-3
CASSLSIGGAYGYTF	TRBV27	TRBJ1-2
CASSLGDPGTEAFF	TRBV28	TRBJ1-1
CASSIGNTEAFF	TRBV19	TRBJ1-1
CASITLLADQETQYF	TRBV6-1	TRBJ2-5
CASSLGPTGGDEKLFF	TRBV5-6	TRBJ1-4
CASSVTWGLALDTQYF	TRBV9	TRBJ2-3
CASSEEVSTEAFF	TRBV2	TRBJ1-1
CAWWTGFATEAFF	TRBV30	TRBJ1-1
CATSGQGAPEQFF	TRBV24-1	TRBJ2-1
CASSQDQQPQHF	TRBV4-1	TRBJ1-5
CSARVENTGELFF	TRBV20-1	TRBJ2-2
CASSQKRVNEQFF	TRBV4-1	TRBJ2-1
CASSPPGQTYEQYF	TRBV11-3	TRBJ2-7
CASRPSDRATEAFF	TRBV4-1	TRBJ1-1
CASSQDSGGSQDTQYF	TRBV14	TRBJ2-3
CASSPGTSGSYNEQFF	TRBV7-8	TRBJ2-1
CASSQPGATDTQYF	TRBV4-1	TRBJ2-3
CATRVRGVEKLFF	TRBV5-4	TRBJ1-4
CSSARTGGVQETQYF	TRBV20-1	TRBJ2-5
CASSYSRQTPQPQHF	TRBV6-3	TRBJ1-5
CASTGTGEYYGYTF	TRBV12-4	TRBJ1-2
CASSKGDQGETQYF	TRBV7-9	TRBJ2-5
CSARTGRESTYYGYTF	TRBV20-1	TRBJ1-2
CASSPGGIHEQYF	TRBV27	TRBJ2-7
CASSPDSHSNQPQHF	TRBV7-6	TRBJ1-5
CASSITESGANVLTF	TRBV7-9	TRBJ2-6
CASSPGVGAEAFF	TRBV9	TRBJ1-1
CSATGTGYNYGYTF	TRBV20-1	TRBJ1-2
CASSEAPPKTGGLGAFF	TRBV6-1	TRBJ1-1
CASIAGGVLSNEQFF	TRBV5-1	TRBJ2-1
CASRRDNNYGYTF	TRBV6-4	TRBJ1-2
CSVGGTEYGYTF	TRBV29-1	TRBJ1-2
CASSRDGNQPQHF	TRBV19	TRBJ1-5
CASSIGIPRWPQHF	TRBV19	TRBJ1-5
CASSTGGEKLFF	TRBV4-1	TRBJ1-4
CATLQESSYNEQFF	TRBV10-3	TRBJ2-1
CASSLAAENEAFF	TRBV7-9	TRBJ1-1
CASSLAGGINEQFF	TRBV27	TRBJ2-1
CASSVGTGLGDYGYTF	TRBV9	TRBJ1-2
CASSFSSGGDYEQYF	TRBV11-2	TRBJ2-7
CASSLETSTSTDTQYF	TRBV5-1	TRBJ2-3
CASSILGGQDSPLHF	TRBV19	TRBJ1-6
CASSQPLLRTSANYGYTF	TRBV6-3	TRBJ1-2
CSARQQGVLDEQYF	TRBV20-1	TRBJ2-7
CASSPLGGRTEAFF	TRBV6-5	TRBJ1-1
CASSLPPGSGGARETQYF	TRBV5-6	TRBJ2-5
CASSLPRGRVNSPLHF	TRBV27	TRBJ1-6
CASSLEAGGGYTF	TRBV7-8	TRBJ1-2
CASSWTGSYNEQFF	TRBV5-1	TRBJ2-1
CASSDLLALREQFF	TRBV19	TRBJ2-1
CASSVAGGRGNNEQFF	TRBV9	TRBJ2-1
CASSLGRESGEQFF	TRBV12-4	TRBJ2-1
CASSAGGAVYNEQFF	TRBV9	TRBJ2-1
CASSLGQTPYGYTF	TRBV7-2	TRBJ1-2
CATRDGATDTQYF	TRBV24-1	TRBJ2-3
CASSLGVSGGYQETQYF	TRBV11-2	TRBJ2-5
CASSIGEIEQFF	TRBV19	TRBJ2-1
CASSALAGGYNEQFF	TRBV19	TRBJ2-1
CSVSGVRETQYF	TRBV29-1	TRBJ2-5
CASSWGLSGNTIYF	TRBV5-4	TRBJ1-3
CASSLLGQAVMNTEAFF	TRBV5-1	TRBJ1-1
CASSGGTGGQPQHF	TRBV9	TRBJ1-5
CASSSWTANQETQYF	TRBV11-3	TRBJ2-5
CASSLERFGANVLTF	TRBV12-4	TRBJ2-6
CAGGTGYNSPLHF	TRBV2	TRBJ1-6
CASNPFPGVGNEQFF	TRBV12-4	TRBJ2-1
CASSLGQGTSGGGINTGELFF	TRBV12-4	TRBJ2-2
CSARDFQGYTF	TRBV20-1	TRBJ1-2
CASEGRGSSGNTIYF	TRBV6-6	TRBJ1-3
CASSISVGETQYF	TRBV19	TRBJ2-5
CASRPDPTGFFGNEQFF	TRBV2	TRBJ2-1
CASSFFRDTIGNQPQHF	TRBV28	TRBJ1-5
CATSDSKEQLNTEAFF	TRBV24-1	TRBJ1-1
CASSLTLEYETQYF	TRBV13	TRBJ2-5
CASGRLSGDRGWDNEKLFF	TRBV7-9	TRBJ1-4
CSAMLGTSGSPPSTDTQYF	TRBV20-1	TRBJ2-3
CASGLHVGTGGADTQYF	TRBV12-5	TRBJ2-3
CASSRPEEVSYNEQFF	TRBV5-8	TRBJ2-1
CASSILAGNEKLFF	TRBV19	TRBJ1-4
CSARGDSRNEQFF	TRBV20-1	TRBJ2-1
CASSSAEQAGVYNEQFF	TRBV28	TRBJ2-1
CASSVSSTDTQYF	TRBV27	TRBJ2-3
CASSRSGTGSYEQYF	TRBV4-1	TRBJ2-7
CASSMGTPANYGYTF	TRBV6-5	TRBJ1-2
CASSPEMAANYGYTF	TRBV7-9	TRBJ1-2
CASTPMGGRYEQYF	TRBV27	TRBJ2-7
CASRNRGGGAHNTQYF	TRBV7-2	TRBJ2-3
CASSPSGGTNYGYTF	TRBV19	TRBJ1-2
CASKNYSLYGTQYF	TRBV6-9	TRBJ2-3
CSARESGAGLAGIDTQYF	TRBV20-1	TRBJ2-3
CAISDQASYGYTF	TRBV10-3	TRBJ1-2
CSASRTSGLTDTQYF	TRBV20-1	TRBJ2-3
CASSSEYSSTDTQYF	TRBV6-5	TRBJ2-3
CASHRGTGLRTEAFF	TRBV11-3	TRBJ1-1
CASSIWSLRYTEAFF	TRBV19	TRBJ1-1
CASRQGNEKLFF	TRBV10-1	TRBJ1-4
CSVEDVRDEQFF	TRBV29-1	TRBJ2-1
CASSPIGGNTEAFF	TRBV7-9	TRBJ1-1
CASSLTGMSEREDYTF	TRBV3-1	TRBJ1-2
CASSGGQGDDEQYF	TRBV5-4	TRBJ2-7
CASSGKQGCDTEAFF	TRBV9	TRBJ1-1
CSAGSDLAGVVTDTQYF	TRBV20-1	TRBJ2-3
CASSLEGQVADTQYF	TRBV11-1	TRBJ2-3
CASSPYVFGEMTYGYTF	TRBV7-8	TRBJ1-2
CASSPSYGTQYF	TRBV7-3	TRBJ2-3
CSAREGVYEQFF	TRBV20-1	TRBJ2-1
CASSPFVSGSQTF	TRBV14	TRBJ1-2
CASSYSPFKNEKLFF	TRBV6-5	TRBJ1-4
CASSLGPPNNQPQHF	TRBV7-8	TRBJ1-5
CASSAFVLAANTGELFF	TRBV7-7	TRBJ2-2
CSARVFYTFFRGGFKSAEAFF	TRBV20-1	TRBJ1-1
CASSDFETPDYYGYTF	TRBV10-1	TRBJ1-2
CASTLREGLNTEAFF	TRBV5-4	TRBJ1-1
CASSGGLNTEAFF	TRBV10-1	TRBJ1-1
CASSQELGTEQYF	TRBV14	TRBJ2-7
CAISEFSGTSNQPQHF	TRBV10-3	TRBJ1-5
CASSLLWGELFF	TRBV27	TRBJ2-2
CASSEGTSWVETQYF	TRBV11-2	TRBJ2-5
CSASSSTGEPEAFF	TRBV20-1	TRBJ1-1
CASKVGAGEAFF	TRBV19	TRBJ1-1
CASSLARTVNTEAFF	TRBV7-9	TRBJ1-1
CASRGRDRTSTEAFF	TRBV9	TRBJ1-1
CASSFFYNTGELFF	TRBV5-1	TRBJ2-2
CAWLSDTQYF	TRBV30	TRBJ2-3
CSARLQGNEQYF	TRBV20-1	TRBJ2-7
CAWQGLSEQFF	TRBV30	TRBJ2-1
CASSVDPRQGSDYGYTF	TRBV9	TRBJ1-2
CATSRDLGPGELFF	TRBV15	TRBJ2-2
CASRFAGDHSYNEQFF	TRBV3-1	TRBJ2-1
CASSWSSNTEAFF	TRBV19	TRBJ1-1
CARARDRELFF	TRBV2	TRBJ2-2
CASSSTGGVGYTF	TRBV7-9	TRBJ1-2
CASSVGISGGPGQFEQFF	TRBV9	TRBJ2-1
CSATQGPGELFF	TRBV20-1	TRBJ2-2
CASSVDNHYEQYF	TRBV9	TRBJ2-7
CASTAGQGGTYEQYF	TRBV19	TRBJ2-7
CASSFLIDHYEQYF	TRBV5-6	TRBJ2-7
CSARDRDGYNEQFF	TRBV20-1	TRBJ2-1
CASSWTGTSNQPQHF	TRBV11-2	TRBJ1-5
CASSLGQVGLAGAPNTGELFF	TRBV7-3	TRBJ2-2
CASSLGTGVSGANVLTF	TRBV12-4	TRBJ2-6
CASSFGANKPEGEYGYTF	TRBV5-5	TRBJ1-2
CASRLWAGTEAFF	TRBV12-4	TRBJ1-1
CASSVGPSTDTQYF	TRBV6-5	TRBJ2-3
CASTRGGTQYF	TRBV19	TRBJ2-3
CASTQGGSNTEAFF	TRBV19	TRBJ1-1
CSARDLKGTLYGYTF	TRBV20-1	TRBJ1-2
CSARDYSRTGELFF	TRBV20-1	TRBJ2-2
CASSYSPEVGEQYF	TRBV6-5	TRBJ2-7
CASSHTPPNTGELFF	TRBV9	TRBJ2-2
CASSQDYEQYF	TRBV14	TRBJ2-7
CASSLGTGTGELFF	TRBV11-2	TRBJ2-2
CSVRWESTDTQYF	TRBV29-1	TRBJ2-3
CASSIAWQPQHF	TRBV19	TRBJ1-5
CATSDPASGALQETQYF	TRBV24-1	TRBJ2-5
CASSFGPPLHF	TRBV7-9	TRBJ1-6
CASSIGGVGNQPQHF	TRBV19	TRBJ1-5
CASSPVRYEQYF	TRBV7-8	TRBJ2-7
CASSFSVEETANYGYTF	TRBV5-1	TRBJ1-2
CASSLDLWGRNTEAFF	TRBV11-2	TRBJ1-1
CASSLVDRANYGYTF	TRBV12-4	TRBJ1-2
CASSILAGYYNEQFF	TRBV19	TRBJ2-1
CASSLFDQPQHF	TRBV5-6	TRBJ1-5
CASSLFSYNRDGNEKLFF	TRBV5-1	TRBJ1-4
CASSLVGQSNEKLFF	TRBV7-8	TRBJ1-4
CASSRYSGGFGDTQYF	TRBV5-1	TRBJ2-3
CSASGLAVNEQFF	TRBV20-1	TRBJ2-1
CASSILGARAGEKLFF	TRBV19	TRBJ1-4
CASSRLGFGSKNIQYF	TRBV9	TRBJ2-4
CASSMVAGVYNEQFF	TRBV19	TRBJ2-1
CASSVVGANQETQYF	TRBV6-1	TRBJ2-5
CASSSFMGNQPQHF	TRBV6-5	TRBJ1-5
CASSVGGDWDGYTF	TRBV9	TRBJ1-2
CASSSEQGTQRGYTF	TRBV5-5	TRBJ1-2
CASSPDPGRGSGNTIYF	TRBV5-1	TRBJ1-3
CASSSTLFNVEEKLFF	TRBV7-8	TRBJ1-4
CASSPTTGPYSNQPQHF	TRBV27	TRBJ1-5
CASSLALPGTGSRGDEQFF	TRBV11-2	TRBJ2-1
CSARMGDTEAFF	TRBV20-1	TRBJ1-1
CASSLSGGMNTEAFF	TRBV7-9	TRBJ1-1
CASSIRQRPGIRAFF	TRBV5-4	TRBJ1-1
CSARTGTAVYEQYF	TRBV20-1	TRBJ2-7
CASSDSGTGGETQYF	TRBV10-1	TRBJ2-5
CASSLNPQGIQPQHF	TRBV7-8	TRBJ1-5
CASSFGGGETYEQYF	TRBV7-9	TRBJ2-7
CSATGTSGILGNEQFF	TRBV20-1	TRBJ2-1
CASSYDRERPYSNQPQHF	TRBV6-6	TRBJ1-5
CASSPLAGGSVDTQYF	TRBV9	TRBJ2-3
CASRWDSYNQPQHF	TRBV12-4	TRBJ1-5
CASRYWTTSYNEQFF	TRBV6-5	TRBJ2-1
CASSSGTGFPHNTEAFF	TRBV7-6	TRBJ1-1
CASSLGRAYGYTF	TRBV19	TRBJ1-2
CASSLGWTGQETQYF	TRBV7-6	TRBJ2-5
CSAFRRGMNTEAFF	TRBV20-1	TRBJ1-1
CATSTYPTGEILVNQPQHF	TRBV15	TRBJ1-5
CASSPMGTGDGEQFF	TRBV7-6	TRBJ2-1
CASSWGWSYEQYF	TRBV27	TRBJ2-7
CASSPSGGGYNEQFF	TRBV27	TRBJ2-1
CASSRTSGGGAQYF	TRBV5-6	TRBJ2-3
CASSVAGLSSYNEQFF	TRBV9	TRBJ2-1
CASRLSSRGMNTEAFF	TRBV19	TRBJ1-1
CASSAGTSGRVSYNEQFF	TRBV9	TRBJ2-1
CASSIVPLGQGLGTLHF	TRBV19	TRBJ1-6
CASSLVKGTDTQYF	TRBV7-6	TRBJ2-3
CASSLALGSAGYTF	TRBV5-4	TRBJ1-2
CASSEFMGMNTEAFF	TRBV6-1	TRBJ1-1
CATQTDWNTEAFF	TRBV24-1	TRBJ1-1
CASSHGWLAGGEDTQYF	TRBV27	TRBJ2-3
CASSLSSGQGNTEAFF	TRBV7-6	TRBJ1-1
CASSFWGAGEQFF	TRBV27	TRBJ2-1
CASTPLGGGLNTQYF	TRBV27	TRBJ2-3
CASTRDITGGNTEAFF	TRBV9	TRBJ1-1
CASSAGTEAGNTIYF	TRBV5-1	TRBJ1-3
CASSEMNTEAFF	TRBV25-1	TRBJ1-1
CASSQDRAVAYNEQFF	TRBV4-3	TRBJ2-1
CASSTTGGVGGYTF	TRBV13	TRBJ1-2
CASSPYGGSANEKLFF	TRBV19	TRBJ1-4
CATSSGYYGYTF	TRBV15	TRBJ1-2
CASSSKREALGEQFF	TRBV6-3	TRBJ2-1
CASSQARAYGYTF	TRBV4-3	TRBJ1-2
CASISPGYNEQFF	TRBV27	TRBJ2-1
CASSLWLKDFAGGGDTQYF	TRBV28	TRBJ2-3
CASSYGVGNQPQHF	TRBV6-3	TRBJ1-5
CASRIGTSLDNEQFF	TRBV7-9	TRBJ2-1
CAISDSGGRTDTQYF	TRBV10-3	TRBJ2-3
CSAGTKRDRAQPQHF	TRBV20-1	TRBJ1-5
CASRPSGRLDTQYF	TRBV6-3	TRBJ2-3
CASSGKYSNQPQHF	TRBV10-2	TRBJ1-5
CASSGTPSGGLIDEQFF	TRBV10-2	TRBJ2-1
CASSQPYGQPNTEAFF	TRBV4-1	TRBJ1-1
CASSKYKKPSYNEQFF	TRBV19	TRBJ2-1
CASSDRASTGELFF	TRBV6-5	TRBJ2-2
CASSQTRGLISEAFF	TRBV4-2	TRBJ1-1
CASSYPQGWEKRMGNEQFF	TRBV6-3	TRBJ2-1
CASSSRGEVRTDTQYF	TRBV7-2	TRBJ2-3
CASSLAPGQGGFLVTGELFF	TRBV12-3	TRBJ2-2
CASSYFLGSGAGPGANVLTF	TRBV6-3	TRBJ2-6
CASRESPGYTF	TRBV6-6	TRBJ1-2
CASSYSSFGAAGNTIYF	TRBV6-5	TRBJ1-3
CASSSSGSGEGYTF	TRBV12-3	TRBJ1-2
CASSWNDRLQSYEQYF	TRBV6-5	TRBJ2-7
CASSYSIRDGYTF	TRBV6-5	TRBJ1-2
CASSQLGQGHTEAFF	TRBV7-2	TRBJ1-1
CASSIQPNSNQPQHF	TRBV6-5	TRBJ1-5
CASSRAVDNEQFF	TRBV4-1	TRBJ2-1
CASSEWARGRGRYTGELFF	TRBV25-1	TRBJ2-2
CASRMDSYRNNEQFF	TRBV19	TRBJ2-1
CASIRSNNQPQHF	TRBV19	TRBJ1-5
CATGTSGTDNEQFF	TRBV10-2	TRBJ2-1
CASSETPWTDGELFF	TRBV2	TRBJ2-2
CSARGMNTEAFF	TRBV20-1	TRBJ1-1
CASSMGTGLKAFF	TRBV19	TRBJ1-1
CASSPPIRGRARYEQYF	TRBV18	TRBJ2-7
CASRAGTSTDTQYF	TRBV7-9	TRBJ2-3
CASSFWDFRTGELFF	TRBV5-4	TRBJ2-2
CASSGSFGTNYGYTF	TRBV11-2	TRBJ1-2
CASSTSTGNEQFF	TRBV19	TRBJ2-1
CSARDPEYGETQYF	TRBV20-1	TRBJ2-5
CASSLRARLETQYF	TRBV12-4	TRBJ2-5
CASSFLWTGGYEQYF	TRBV5-4	TRBJ2-7
CASSSPGPSNQPQHF	TRBV2	TRBJ1-5
CASSYSIPGQGKDTQYF	TRBV6-5	TRBJ2-3
CASSSLGTGGGDTQYF	TRBV6-6	TRBJ2-3
CASSEERAASSYEQYF	TRBV2	TRBJ2-7
CASSETGSNQPQHF	TRBV19	TRBJ1-5
CSVIGGGLSGANVLTF	TRBV29-1	TRBJ2-6
CASSGTPQETQYF	TRBV12-4	TRBJ2-5
CASSLSPGTRRGYTF	TRBV12-4	TRBJ1-2
CASSIPDRGEAQPQHF	TRBV19	TRBJ1-5
CASSLTGGRDIQYF	TRBV9	TRBJ2-4
CSARDGRGENTEAFF	TRBV20-1	TRBJ1-1
CASSSEDSGDQPQHF	TRBV12-3	TRBJ1-5
CASSFPSVSYEQYF	TRBV7-9	TRBJ2-7
CSVESAASSGELFF	TRBV29-1	TRBJ2-2
CASSSFLAGAKTQYF	TRBV12-4	TRBJ2-5
CSVPPRDRYNEQFF	TRBV20-1	TRBJ2-1
CATSSRLNNEQFF	TRBV15	TRBJ2-1
CASSGRDRGYAQSSYEQYF	TRBV19	TRBJ2-7
CASSPGQGVHGYTF	TRBV7-8	TRBJ1-2
CASSPLSPGENSNQPQHF	TRBV18	TRBJ1-5
CASTQGAGIGNTIYF	TRBV9	TRBJ1-3
CASSLLGEGRSEAFF	TRBV5-1	TRBJ1-1
CAIGNSWRTNTGELFF	TRBV10-3	TRBJ2-2
CASSPVAGLPGEQYF	TRBV12-4	TRBJ2-7
CASSSRHEAFF	TRBV7-8	TRBJ1-1
CASSLGTGWGNQPQHF	TRBV27	TRBJ1-5
CASSLNEQFF	TRBV12-4	TRBJ2-1
CASRGAGVDNEQFF	TRBV10-1	TRBJ2-1
CSATGTGYNSPLHF	TRBV20-1	TRBJ1-6
CASSLVLTGADTQYF	TRBV5-4	TRBJ2-3
CASSPGQTSNQPQHF	TRBV27	TRBJ1-5
CASSPGTGGYQPQHF	TRBV10-2	TRBJ1-5
CASSPFAGGMSTDTQYF	TRBV19	TRBJ2-3
CASSHRTGGGSEAFF	TRBV13	TRBJ1-1
CSAGQGTGELFF	TRBV20-1	TRBJ2-2
CASSLGYNEQFF	TRBV12-4	TRBJ2-1
CASSPGTATDTQYF	TRBV5-5	TRBJ2-3
CASSVFLRGANTEAFF	TRBV6-1	TRBJ1-1
CASSQDMDEQFF	TRBV3-1	TRBJ2-1
CSAREKTSARTDTQYF	TRBV20-1	TRBJ2-3
CASSQWGTGELFF	TRBV4-3	TRBJ2-2
CASSDTGTSNTGELFF	TRBV27	TRBJ2-2
CASSSTGGGGYTF	TRBV3-1	TRBJ1-2
CASSLHPTSGTTDTQYF	TRBV19	TRBJ2-3
CASSLVAGGPQETQYF	TRBV7-6	TRBJ2-5
CASSVLAGDNEQFF	TRBV9	TRBJ2-1
CASSSWTSGGRSYNEQFF	TRBV9	TRBJ2-1
CASTGTGVSYEQYF	TRBV2	TRBJ2-7
CASSLHQVDTEAFF	TRBV27	TRBJ1-1
CAWSSEDLTDTQYF	TRBV30	TRBJ2-3
CASSLVGTGYDEQYF	TRBV7-2	TRBJ2-7
CASSLNTGRKETQYF	TRBV7-3	TRBJ2-5
CASSLNHEQFF	TRBV13	TRBJ2-1
CASSQEMREYPYNEQFF	TRBV4-1	TRBJ2-1
CASSSSTGWAEAFF	TRBV5-8	TRBJ1-1
CASSQARVSYNEQFF	TRBV11-2	TRBJ2-1
CASRPTLSSYNEQFF	TRBV6-1	TRBJ2-1
CATSDLPGPHFQPQHF	TRBV24-1	TRBJ1-5
CSGLAGEPYEQYF	TRBV20-1	TRBJ2-7
CASSFSLVNTEAFF	TRBV7-6	TRBJ1-1
CASSTGFNIQYF	TRBV19	TRBJ2-4
CASSGDEKLFF	TRBV12-4	TRBJ1-4
CASSLAYGTPEAFF	TRBV7-9	TRBJ1-1
CASSLALKGPSSYEQYF	TRBV7-8	TRBJ2-7
CSVPGSANTEAFF	TRBV29-1	TRBJ1-1
CASLSGTKGFGEQFF	TRBV7-9	TRBJ2-1
CASSYAGGKNTGELFF	TRBV27	TRBJ2-2
CASSPPSGSYNEQFF	TRBV27	TRBJ2-1
CASSILARDTEAFF	TRBV19	TRBJ1-1
CASSQVNRGTDTQYF	TRBV14	TRBJ2-3
CSVQDSVAFF	TRBV29-1	TRBJ1-1
CASSSEGGGETQYF	TRBV13	TRBJ2-5
CASSQGRGAELYEQYF	TRBV4-1	TRBJ2-7
CASSPGTQGIEDTQYF	TRBV19	TRBJ2-3
CASSLTGNEQFF	TRBV7-6	TRBJ2-1
CARLGSSAFF	TRBV2	TRBJ1-1
CASSLLSGGLRQPQHF	TRBV27	TRBJ1-5
CASSQWRLLGQGSTGELFF	TRBV4-1	TRBJ2-2
CASSWGPNTGELFF	TRBV19	TRBJ2-2
CASSASDAYEQYF	TRBV6-6	TRBJ2-7
CASSFTSGRPTETQYF	TRBV7-2	TRBJ2-5
CASSEGTTEAFF	TRBV6-5	TRBJ1-1
CASIAGPGTGGEKLFF	TRBV5-6	TRBJ1-4
CAWSSGEGTDTQYF	TRBV30	TRBJ2-3
CASSSSYSHEKLFF	TRBV7-9	TRBJ1-4
CASSSSGGELFF	TRBV12-3	TRBJ2-2
CASSNQGTEAFF	TRBV19	TRBJ1-1
CASSPGLEEKLFF	TRBV7-9	TRBJ1-4
CASSPTGTGDGYTF	TRBV27	TRBJ1-2
CASSLVARYTNTEAFF	TRBV5-8	TRBJ1-1
CASSLDLRTSGGIYTDTQYF	TRBV11-2	TRBJ2-3
CASSSPFSYNEQFF	TRBV27	TRBJ2-1
CASSLALTGGDRYF	TRBV11-2	TRBJ2-4
CASSASGGETDTQYF	TRBV9	TRBJ2-3
CASSTPYGETEAFF	TRBV19	TRBJ1-1
CASSEAESQPQHF	TRBV2	TRBJ1-5
CASSYRDIDNEQFF	TRBV6-6	TRBJ2-1
CSADGLSTDTQYF	TRBV20-1	TRBJ2-3
CASSLGTDTQYF	TRBV7-9	TRBJ2-3
CASSPLAGEGTDTQYF	TRBV11-2	TRBJ2-3
CASSAPGEGGYTF	TRBV7-9	TRBJ1-2
CASSRGQGADTQYF	TRBV5-1	TRBJ2-3
CASSFGTGAGYTF	TRBV27	TRBJ1-2
CASSPAPGQGEDSAQYF	TRBV7-9	TRBJ2-5
CASSYLQAGGQRNEQFF	TRBV6-3	TRBJ2-1
CASSIGYTLNYGYTF	TRBV19	TRBJ1-2
CSAREQEANYGYTF	TRBV20-1	TRBJ1-2
CASSLYGRGGNTEAFF	TRBV5-4	TRBJ1-1
CASSNAGTYTEAFF	TRBV12-4	TRBJ1-1
CASSSQRNTGELFF	TRBV4-1	TRBJ2-2
CASSFRLAGAGDTQYF	TRBV11-3	TRBJ2-3
CASSGASYEQYF	TRBV7-9	TRBJ2-7
CASSQESSLLAKNIQYF	TRBV3-1	TRBJ2-4
CATSEGTSGSGYNEQFF	TRBV24-1	TRBJ2-1
CASSDGQGPNEQYF	TRBV10-2	TRBJ2-7
CASSLRGTGTDTQYF	TRBV6-6	TRBJ2-3
CASSIGTELAKNIQYF	TRBV6-6	TRBJ2-4
CSVEDRGDYETQYF	TRBV29-1	TRBJ2-5
CASSLGVEGNSNQPQHF	TRBV12-4	TRBJ1-5
CASSQGAGRDPTGELFF	TRBV3-1	TRBJ2-2
CASSPLTGTGGGYTF	TRBV27	TRBJ1-2
CASSLALEANQPQHF	TRBV12-4	TRBJ1-5
CASSIYKSSYNEQFF	TRBV19	TRBJ2-1
CARADRVSTDTQYF	TRBV14	TRBJ2-3
CASSSTWEGGGDTQYF	TRBV7-3	TRBJ2-3
CASSYSPYQETQYF	TRBV6-5	TRBJ2-5
CASSLGGQQFF	TRBV5-6	TRBJ2-1
CSARTSGGDSNEQFF	TRBV20-1	TRBJ2-1
CASSPGTSGKETQYF	TRBV5-1	TRBJ2-5
CASSAYWAGKYEQYF	TRBV9	TRBJ2-7
CSARAHTDGADTQYF	TRBV20-1	TRBJ2-3
CASTGTGYYGYTF	TRBV18	TRBJ1-2
CASSYGTAPTGYTF	TRBV6-5	TRBJ1-2
CASSYGRSYGYTF	TRBV6-5	TRBJ1-2
CASSPQAFF	TRBV12-3	TRBJ1-1
CASSLEREGDNEQFF	TRBV7-9	TRBJ2-1
CASSEVAESSYGYTF	TRBV6-1	TRBJ1-2
CASSFGQGENYGYTF	TRBV5-1	TRBJ1-2
CAISDLVGQGNEQFF	TRBV10-3	TRBJ2-1
CASSLTGGSSNEQFF	TRBV7-3	TRBJ2-1
CASRNRGYEQFF	TRBV19	TRBJ2-1
CASSVASGELFF	TRBV9	TRBJ2-2
CASSPLPGQSYEQYF	TRBV12-4	TRBJ2-7
CASSLEALYGYTF	TRBV5-4	TRBJ1-2
CASSIEDGGYNEQFF	TRBV5-5	TRBJ2-1
CASSRRQDEETQYF	TRBV18	TRBJ2-5
CASSFLTAENTEAFF	TRBV7-9	TRBJ1-1
CASSPPGTSGSSSYNEQFF	TRBV11-3	TRBJ2-1
CASSPWLGDRQPQHF	TRBV19	TRBJ1-5
CASYRGITNEKLFF	TRBV6-1	TRBJ1-4
CASSAPSGSHYNEQFF	TRBV7-8	TRBJ2-1
CASSLAVGMNTEAFF	TRBV5-4	TRBJ1-1
CASSASRAATNEKLFF	TRBV19	TRBJ1-4
CASSQETVGTAIMNTEAFF	TRBV14	TRBJ1-1
CASSLGVRLGDTF	TRBV12-4	TRBJ1-2
CASSFYITGELNRNQPQHF	TRBV7-8	TRBJ1-5
CATSGGTGINTEAFF	TRBV15	TRBJ1-1
CASSRDSHSYNEQFF	TRBV2	TRBJ2-1
CASSIDLGVAYEQYF	TRBV19	TRBJ2-7
CASSQTSGGRETQYF	TRBV4-1	TRBJ2-5
CASSFPDVFDGYTF	TRBV11-3	TRBJ1-2
CASWGDNEQFF	TRBV18	TRBJ2-1
CASSRTGELFF	TRBV4-1	TRBJ2-2
CASSSPVTDPQNEKLFF	TRBV19	TRBJ1-4
CASSLGGMEGTEAFF	TRBV5-4	TRBJ1-1
CASSPLPQETQYF	TRBV5-1	TRBJ2-5
CASSEWTGDYNEQFF	TRBV6-1	TRBJ2-1
CASSAGTSGGASEQFF	TRBV3-1	TRBJ2-1
CASSSGTGSYNEQFF	TRBV5-1	TRBJ2-1
CASTQGSTGAAFF	TRBV7-9	TRBJ1-1
CASSRGYNEQFF	TRBV4-1	TRBJ2-1
CASSQGDTEAFF	TRBV4-1	TRBJ1-1
CASSLAGVKYEQYF	TRBV27	TRBJ2-7
CASSYQGQLPYNEQFF	TRBV6-6	TRBJ2-1
CSARDLSSTDTQYF	TRBV20-1	TRBJ2-3
CASSESNPTGSWPQHF	TRBV27	TRBJ1-5
CASISGTNEAFF	TRBV6-5	TRBJ1-1
CASSSSLFGRITSYEQYF	TRBV6-5	TRBJ2-7
CSATRTNYNEQFF	TRBV20-1	TRBJ2-1
CASSLVIPHGTRWDSPLHF	TRBV7-9	TRBJ1-6
CASSVLHGLGNEQFF	TRBV6-1	TRBJ2-1
CASSLGRDSSTSNEKLFF	TRBV5-6	TRBJ1-4
CASSLRYDSYEQYF	TRBV5-1	TRBJ2-7
CASSLYAPTNEQFF	TRBV11-2	TRBJ2-1
CASSDLSHSGRADTQYF	TRBV9	TRBJ2-3
CASSLAATYEQYF	TRBV27	TRBJ2-7
CASSLFQAETQYF	TRBV27	TRBJ2-5
CASSLDGNQPQHF	TRBV27	TRBJ1-5
CATSDSWGGDTQYF	TRBV24-1	TRBJ2-3
CASTGLIEAFF	TRBV2	TRBJ1-1
CASRWGTSGRANNEQFF	TRBV5-1	TRBJ2-1
CASSLPPDGTDTQYF	TRBV4-2	TRBJ2-3
CASSRRLSNEQFF	TRBV11-3	TRBJ2-1
CASSQGVGLAGAPSTDTQYF	TRBV4-1	TRBJ2-3
CASSLSGQGVSVSTGELFF	TRBV27	TRBJ2-2
CASSLHRGGFYGYTF	TRBV5-1	TRBJ1-2
CASSGTSGGPEPPSTDTQYF	TRBV12-3	TRBJ2-3
CSVDPPGAGGFNEQFF	TRBV29-1	TRBJ2-1
CATSRIAGGGTDTQYF	TRBV15	TRBJ2-3
CASSPRGSGAYNEQFF	TRBV4-3	TRBJ2-1
CASSATGVQKLFF	TRBV9	TRBJ1-4
CASSWEGEEETQYF	TRBV5-1	TRBJ2-5
CATSPDREYQETQYF	TRBV15	TRBJ2-5
CASSYSNAEAFF	TRBV6-3	TRBJ1-1
CASSPWTGPLNTEAFF	TRBV9	TRBJ1-1
CSVPPGGANEQFF	TRBV29-1	TRBJ2-1
CSARDSYSGTYNEQFF	TRBV20-1	TRBJ2-1
CASRPLLAETGASTDTQYF	TRBV12-4	TRBJ2-3
CASIGDSYPGNEQFF	TRBV7-9	TRBJ2-1
CASKADPNTEAFF	TRBV12-4	TRBJ1-1
CASSATGISTEAFF	TRBV9	TRBJ1-1
CASSADLGNTEAFF	TRBV5-1	TRBJ1-1
CASSPTGGLYNEQFF	TRBV14	TRBJ2-1
CASSSPPGLAGSHEQFF	TRBV7-2	TRBJ2-1
CASSIILGNTGELFF	TRBV19	TRBJ2-2
CASSEGGDPYEKLFF	TRBV9	TRBJ1-4
CATEGLAEWGQQETQYF	TRBV6-6	TRBJ2-5
CASSLGTKTIAKNIQYF	TRBV11-2	TRBJ2-4
CASSELRAGQDGYTF	TRBV10-2	TRBJ1-2
CASSDSSPGGRNSPLHF	TRBV6-4	TRBJ1-6
CASSSGIGTGGSQPQHF	TRBV19	TRBJ1-5
CASSLMGQAIMNTEAFF	TRBV7-9	TRBJ1-1
CSVETNEKLFF	TRBV29-1	TRBJ1-4
CSVPPGGASEAFF	TRBV29-1	TRBJ1-1
CASSLETGTAYEQYF	TRBV11-1	TRBJ2-7
CASSLVSLSLTGELFF	TRBV7-9	TRBJ2-2
CASSSWNTEAFF	TRBV11-2	TRBJ1-1
CASSLPDSGNTIYF	TRBV5-1	TRBJ1-3
CASSQDRGGTYNEQFF	TRBV4-3	TRBJ2-1
CASSQDWGLGHTEAFF	TRBV14	TRBJ1-1
CASTQGTYYNEQFF	TRBV12-3	TRBJ2-1
CASSLGSGRLMEKLFF	TRBV12-4	TRBJ1-4
CASSYPPSGGVAYEQYF	TRBV5-1	TRBJ2-7
CASSPLNRDGYTF	TRBV7-9	TRBJ1-2
CASSQLGLAGAEQFF	TRBV4-1	TRBJ2-1
CSARDHTFQTASYGYTF	TRBV20-1	TRBJ1-2
CASSHRQGAGTEAFF	TRBV4-1	TRBJ1-1
CASSIDTDTQYF	TRBV7-9	TRBJ2-3
CASSYIPGQAYGYTF	TRBV6-5	TRBJ1-2
CASSYSPPDAVKYEQYF	TRBV6-6	TRBJ2-7
CASSPTFGDNQPQHF	TRBV6-5	TRBJ1-5
CASSQEEQGTGELFF	TRBV3-1	TRBJ2-2
CASSLLQPFGTEAFF	TRBV13	TRBJ1-1
CASSLDSYEQFF	TRBV5-1	TRBJ2-1
CASRGVWGTDTQYF	TRBV19	TRBJ2-3
CASGEKQGANTIYF	TRBV2	TRBJ1-3
CSATSGGAPHNEQFF	TRBV20-1	TRBJ2-1
CASSLELAGLGLAKNIQYF	TRBV5-1	TRBJ2-4
CASSQYRGFEKLFF	TRBV4-3	TRBJ1-4
CASSYTNADTQYF	TRBV6-3	TRBJ2-3
CASTIRLGVYGYTF	TRBV27	TRBJ1-2
CASSRDRASFTGELFF	TRBV28	TRBJ2-2
CASSQDLNRGALEAFF	TRBV4-3	TRBJ1-1
CASSIGTSRNEQFF	TRBV19	TRBJ2-1
CASSLFGSGGPSSYNEQFF	TRBV5-1	TRBJ2-1
CASSPEPPGGSSYNEQFF	TRBV4-1	TRBJ2-1
CASSPWDSRETYEQYF	TRBV11-1	TRBJ2-7
CASSTEGLAGGPGTDTQYF	TRBV9	TRBJ2-3
CASSLRSGRVGTGELFF	TRBV12-4	TRBJ2-2
CASSGTEAHSYTEAFF	TRBV19	TRBJ1-1
CATPDMHAETQYF	TRBV2	TRBJ2-5
CAWSVTRGYEQFF	TRBV30	TRBJ2-1
CASSLSQTSGDTSRDEQFF	TRBV27	TRBJ2-1
CASSVTSVPYNEQFF	TRBV9	TRBJ2-1
CASSYGAGERYEQYF	TRBV6-5	TRBJ2-7
CASSDDRGPTEAFF	TRBV5-4	TRBJ1-1
CASSSRHGANTGELFF	TRBV2	TRBJ2-2
CASSYGYGYTF	TRBV7-9	TRBJ1-2
CASSPTGLGFYGYTF	TRBV19	TRBJ1-2
CASSPGYIGGNQPQHF	TRBV27	TRBJ1-5
CASSEFSRELFF	TRBV9	TRBJ2-2
CASSEVRWSASSETQYF	TRBV2	TRBJ2-5
CASSSFTGGTEAFF	TRBV27	TRBJ1-1
CSARSLTPILAGGASTDTQYF	TRBV20-1	TRBJ2-3
CASGGGAGSGNTIYF	TRBV6-5	TRBJ1-3
CASSYSIGNQPQHF	TRBV6-5	TRBJ1-5
CSARKGEPPSTDTQYF	TRBV20-1	TRBJ2-3
CSASGTPTEQFF	TRBV20-1	TRBJ2-1
CASSDHRWGNTGELFF	TRBV7-9	TRBJ2-2
CASRARTGGLGYTF	TRBV27	TRBJ1-2
CASMGIDTGELFF	TRBV2	TRBJ2-2
CAISGGWGEPSTDTQYF	TRBV10-3	TRBJ2-3
CASSLAAGQGNGGDTGELFF	TRBV11-2	TRBJ2-2
CASSSGQGAKTEAFF	TRBV7-9	TRBJ1-1
CASMFTGELFF	TRBV19	TRBJ2-2
CASSSPQSGNTEAFF	TRBV7-9	TRBJ1-1
CASSNLGTGNFF	TRBV5-4	TRBJ2-1
CASRVPQGAGGTGELFF	TRBV2	TRBJ2-2
CASSVRTSGGQETQYF	TRBV27	TRBJ2-5
CASSQLVQGADYGYTF	TRBV4-1	TRBJ1-2
CASNRASGGTDTQYF	TRBV5-8	TRBJ2-3
CASSQGFSNQPQHF	TRBV4-1	TRBJ1-5
CASSQDVGTYNEQFF	TRBV4-3	TRBJ2-1
CASRFAGGNEKLFF	TRBV7-9	TRBJ1-4
CASGLPQGDSSGELFF	TRBV12-5	TRBJ2-2
CSVADRGETQYF	TRBV20-1	TRBJ2-5
CASSFSYTGHYGYTF	TRBV7-9	TRBJ1-2
CASSSSGGSDTQYF	TRBV4-1	TRBJ2-3
CASSFGGANYGYTF	TRBV27	TRBJ1-2
CASSFFGGDSYNEQFF	TRBV7-9	TRBJ2-1
CSARVSSLAGGQETQYF	TRBV20-1	TRBJ2-5
CSVRKGGPEQFF	TRBV29-1	TRBJ2-1
CASRTGAAEAFF	TRBV6-1	TRBJ1-1
CASMGGSNQPQHF	TRBV19	TRBJ1-5
CASSFNGLAGENEQFF	TRBV6-5	TRBJ2-1
CASSMKGFGNQPQHF	TRBV19	TRBJ1-5
CASSSVGEQFF	TRBV13	TRBJ2-1
CASSLVHPPADAFF	TRBV11-2	TRBJ1-1
CASSLGEGIEELFF	TRBV7-9	TRBJ1-4
CASSSSTGSYEQYF	TRBV9	TRBJ2-7
CASSILSGAYEQYF	TRBV19	TRBJ2-7
CASSLGTGWTEAFF	TRBV19	TRBJ1-1
CASSQNLGQGVAEAFF	TRBV4-1	TRBJ1-1
CASSGRAGGPSEFF	TRBV7-9	TRBJ2-1
CASSLYSRTLFYGYTF	TRBV27	TRBJ1-2
CASTSGLAAIYEQYF	TRBV3-1	TRBJ2-7
CASSNPGEGETQYF	TRBV19	TRBJ2-5
CASSFVGSYEQYF	TRBV5-6	TRBJ2-7
CASSQGLAYGYTF	TRBV4-1	TRBJ1-2
CAISSGGNNQPQHF	TRBV10-3	TRBJ1-5
CSASPRGYTEAFF	TRBV20-1	TRBJ1-1
CSDRPSGITNEQFF	TRBV29-1	TRBJ2-1
CASSTYSNQPQHF	TRBV19	TRBJ1-5
CASSSGQDLNYGYTF	TRBV6-5	TRBJ1-2
CSASSRVAYEQYF	TRBV20-1	TRBJ2-7
CASTPRPGLLPPNYGYTF	TRBV19	TRBJ1-2
CATGGDGYGETQYF	TRBV19	TRBJ2-5
CAWSSGRGETQYF	TRBV30	TRBJ2-5
CASSFGSQETQYF	TRBV12-3	TRBJ2-5
CASSLGANRFYEQYF	TRBV7-2	TRBJ2-7
CASSEQQGALQETQYF	TRBV7-9	TRBJ2-5
CASSLMQGSYYGYTF	TRBV27	TRBJ1-2
CASSQGTSNNEQFF	TRBV4-1	TRBJ2-1
CASAPGEQPYEQYF	TRBV10-2	TRBJ2-7
CASSFELNTEAFF	TRBV27	TRBJ1-1
CASSFSPSGPYEQYF	TRBV27	TRBJ2-7
CSAREGGSNQPQHF	TRBV20-1	TRBJ1-5
CASSLSRTGRGYTF	TRBV12-4	TRBJ1-2
CSVEGGRGYTF	TRBV29-1	TRBJ1-2
CASSFREPSSQYF	TRBV7-9	TRBJ2-5
CASSLTQGSYNEQFF	TRBV11-2	TRBJ2-1
CAWALPPGANVLTF	TRBV30	TRBJ2-6
CASSYPSGANKPTDTQYF	TRBV7-9	TRBJ2-3
CASSSKSGTSLGYNEQFF	TRBV7-2	TRBJ2-1
CASSLEWPGANVLTF	TRBV5-5	TRBJ2-6
CASSQEFGFRVDTQYF	TRBV4-1	TRBJ2-3
CASSQGTVLNTEAFF	TRBV4-3	TRBJ1-1
CASRQGGTDTQYF	TRBV19	TRBJ2-3
CATSRGPQVMNSPLHF	TRBV15	TRBJ1-6
CASSPVVDTQYF	TRBV12-4	TRBJ2-3
CSARDHRRGLYGYTF	TRBV20-1	TRBJ1-2
CASSPMGDNYNEQFF	TRBV6-6	TRBJ2-1
CASSPGTISNQPQHF	TRBV7-9	TRBJ1-5
CASSYAPSGGVADTQYF	TRBV6-3	TRBJ2-3
CASSRPETSGVAGNEQFF	TRBV6-3	TRBJ2-1
CATSRVGDSHNYGYTF	TRBV15	TRBJ1-2
CASSRQGANTEAFF	TRBV27	TRBJ1-1
CASSASGTFLGNEQFF	TRBV9	TRBJ2-1
CASSSDYIMGETQYF	TRBV11-2	TRBJ2-5
CASSQKTGQEDYGYTF	TRBV4-1	TRBJ1-2
CSGRQGGRNEQFF	TRBV29-1	TRBJ2-1
CASSPGGGGKGDTEAFF	TRBV11-2	TRBJ1-1
CSARETNTDTQYF	TRBV20-1	TRBJ2-3
CASSDFGAAVNTGELFF	TRBV25-1	TRBJ2-2
CASSQDPAGASYNEQFF	TRBV3-1	TRBJ2-1
CASSQDGRYEQYF	TRBV3-1	TRBJ2-7
CATCNVGNTIYF	TRBV6-3	TRBJ1-3
CSVDASDRGEQFF	TRBV29-1	TRBJ2-1
CASSEFIGSNEKLFF	TRBV6-1	TRBJ1-4
CAWSDSSNQPQHF	TRBV30	TRBJ1-5
CASSPGGHTAAFF	TRBV6-6	TRBJ1-1
CASNQPGQGGFRLFF	TRBV6-1	TRBJ1-4
CASKSFPGDPDLGEQYF	TRBV27	TRBJ2-7
CASSFIGSDWNTEAFF	TRBV27	TRBJ1-1
CAINNEQFF	TRBV6-1	TRBJ2-1
CASSQDNQQGGTEAFF	TRBV4-1	TRBJ1-1
CASKTDNYNSPLHF	TRBV30	TRBJ1-6
CASSLTTSYGYTF	TRBV5-6	TRBJ1-2
CASSKDGRRRSEKLFF	TRBV4-1	TRBJ1-4
CASSLETGPDTQYF	TRBV5-6	TRBJ2-3
CASSEGEYSGELFF	TRBV9	TRBJ2-2
CASSFGADQPQHF	TRBV27	TRBJ1-5
CSARIADSTDTQYF	TRBV20-1	TRBJ2-3
CSARDWGFGDYNEQFF	TRBV20-1	TRBJ2-1
CASSSGTGNTEAFF	TRBV4-1	TRBJ1-1
CASSIVGQGNQPQHF	TRBV19	TRBJ1-5
CASSVGTGEGTYEQYF	TRBV9	TRBJ2-7
CASSGTANMNTEAFF	TRBV7-6	TRBJ1-1
CSVEGGNSGNTIYF	TRBV29-1	TRBJ1-3
CASSDQTSSAPSTDTQYF	TRBV25-1	TRBJ2-3
CASSSEPGTGVQETQYF	TRBV11-3	TRBJ2-5
CASSIGVNTEAFF	TRBV19	TRBJ1-1
CASSQDNGGMVAEAFF	TRBV4-3	TRBJ1-1
CASSLYGYNSPLHF	TRBV27	TRBJ1-6
CASNSWTGDQPQHF	TRBV19	TRBJ1-5
CASSSDGYEQYF	TRBV12-4	TRBJ2-7
CASSVVQTNTGELFF	TRBV27	TRBJ2-2
CASSEGQKQFF	TRBV5-6	TRBJ2-1
CASREGLGNNQPQHF	TRBV7-2	TRBJ1-5
CASRTLGSNEKLFF	TRBV27	TRBJ1-4
CSASWPGANTGELFF	TRBV20-1	TRBJ2-2
CATSQPGVNTEAFF	TRBV15	TRBJ1-1
CASSFLDGNQPQHF	TRBV27	TRBJ1-5
CASSLRLAEISGANVLTF	TRBV13	TRBJ2-6
CASSLGTDYEQYF	TRBV5-1	TRBJ2-7
CASSLQGHSTDTQYF	TRBV27	TRBJ2-3
CASGFQGINQPQHF	TRBV12-5	TRBJ1-5
CASSFVESNEKLFF	TRBV12-3	TRBJ1-4
CASSFSPAQGAFF	TRBV11-2	TRBJ1-1
CASSKVRTSGLGVRTYNEQFF	TRBV19	TRBJ2-1
CSALSTIQLNEQFF	TRBV20-1	TRBJ2-1
CASRVGQTNEQFF	TRBV19	TRBJ2-1
CASSYGAGGDGYTF	TRBV11-1	TRBJ1-2
CASSPLTSGITGELFF	TRBV7-2	TRBJ2-2
CASSVGSGNTIYF	TRBV9	TRBJ1-3
CASSVNRGEAFF	TRBV7-9	TRBJ1-1
CASSEVGAANTGELFF	TRBV2	TRBJ2-2
CASSYKGLGGQETQYF	TRBV4-1	TRBJ2-5
CASSPPQTGINEKLFF	TRBV28	TRBJ1-4
CASSLSLSTGSTGELFF	TRBV11-2	TRBJ2-2
CASSTGLAGGPDTGELFF	TRBV7-8	TRBJ2-2
CASSWTWDAATLWGQGALGGANVLTF	TRBV5-5	TRBJ2-6
CSARDPGTNYGYTF	TRBV20-1	TRBJ1-2
CSVERNTEAFF	TRBV29-1	TRBJ1-1
CASSIGLLDGYTF	TRBV5-6	TRBJ1-2
CASSPENRGAEAFF	TRBV4-1	TRBJ1-1
CASSLWVGGKVEAFF	TRBV27	TRBJ1-1
CASSSKTGGDQPQHF	TRBV12-3	TRBJ1-5
CASSFRAFF	TRBV27	TRBJ1-1
CASSPGTGKAGELFF	TRBV7-8	TRBJ2-2
CASSPTSGNTEAFF	TRBV7-9	TRBJ1-1
CASSLDTSVYNEQFF	TRBV19	TRBJ2-1
CSARDPYEAFF	TRBV20-1	TRBJ1-1
CASSLNIVGGGSTDTQYF	TRBV12-4	TRBJ2-3
CASSSGQGAGYNEQFF	TRBV18	TRBJ2-1
CASSHNTGLVTEAFF	TRBV11-3	TRBJ1-1
CASSLAPGLPNEQFF	TRBV5-1	TRBJ2-1
CASSQGSLAGGPNEQFF	TRBV4-3	TRBJ2-1
CSARDVHRGIEQYF	TRBV20-1	TRBJ2-7
CASRTLAGGSSEQFF	TRBV19	TRBJ2-1
CASSEVDRPFNEQFF	TRBV6-1	TRBJ2-1
CSAREQDTQLYEQYF	TRBV20-1	TRBJ2-7
CASSFSGVGTEAFF	TRBV12-4	TRBJ1-1
CASSPLDRGEAFF	TRBV5-5	TRBJ1-1
CASSLAANYEQFF	TRBV27	TRBJ2-1
CASSRAAGGVDGYTF	TRBV4-1	TRBJ1-2
CASSGTSGYNEQFF	TRBV12-4	TRBJ2-1
CASSLSPNTGELFF	TRBV12-4	TRBJ2-2
CASSHTSASYNEQFF	TRBV3-1	TRBJ2-1
CASSLGLAGVFRNEQFF	TRBV12-4	TRBJ2-1
CASSPGLEKTQYF	TRBV14	TRBJ2-5
CASSPDPDRNTEAFF	TRBV4-1	TRBJ1-1
CASSLTPPGQGFYEQYF	TRBV27	TRBJ2-7
CASRGNHGDNQETQYF	TRBV7-9	TRBJ2-5
CSVDGQGAGEQYF	TRBV29-1	TRBJ2-7
CASSLSNPDTQYF	TRBV27	TRBJ2-3
CASSVLRGGLNTGELFF	TRBV9	TRBJ2-2
CSNIEMNTEAFF	TRBV29-1	TRBJ1-1
CATSDFGTGGGLAELTDTQYF	TRBV24-1	TRBJ2-3
CASSVDTPPGNTIYF	TRBV9	TRBJ1-3
CASSGGQDPYEQYF	TRBV9	TRBJ2-7
CASTKGTGGEQFF	TRBV19	TRBJ2-1
CSARDIHGQGTYNEQFF	TRBV20-1	TRBJ2-1
CASSYSGGNGYTF	TRBV6-5	TRBJ1-2
CASSQENRDYGYTF	TRBV4-1	TRBJ1-2
CSGAGVPSTDTQYF	TRBV20-1	TRBJ2-3
CASTTGLAGVEQFF	TRBV9	TRBJ2-1
CATITGVTEAFF	TRBV19	TRBJ1-1
CASTPWGGAGGELFF	TRBV12-4	TRBJ2-2
CATSSEQHQYF	TRBV15	TRBJ2-7
CASSQGFLAGAPEQFF	TRBV4-3	TRBJ2-1
CSVVSGDSGANVLTF	TRBV29-1	TRBJ2-6
CASSQTGGFSSEQYF	TRBV27	TRBJ2-7
CASSYYRDRVYEQYF	TRBV6-6	TRBJ2-7
CASSSTLIHYEQYF	TRBV7-9	TRBJ2-7
CASSSTTGGNTEAFF	TRBV27	TRBJ1-1
CASSLGAEAFF	TRBV13	TRBJ1-1
CASSYVAGGQETQYF	TRBV6-5	TRBJ2-5
CASSLSLGQPQHF	TRBV7-7	TRBJ1-5
CASSTGDRQVYYGYTF	TRBV5-1	TRBJ1-2
CASSGVSDTQYF	TRBV9	TRBJ2-3
CASSQDAGQGRSYEQYF	TRBV4-2	TRBJ2-7
CASSPGQAPYEQYF	TRBV5-6	TRBJ2-7
CASSLASVSSTDTQYF	TRBV5-1	TRBJ2-3
CASRQRGVSYNEQFF	TRBV7-8	TRBJ2-1
CASSASFYGSGMEEQFF	TRBV9	TRBJ2-1
CSARGLEDRATTNEKLFF	TRBV20-1	TRBJ1-4
CASLDPGQTSGELFF	TRBV6-6	TRBJ2-2
CASSIGGTDTQYF	TRBV19	TRBJ2-3
CASSFIAGNYNEQFF	TRBV7-2	TRBJ2-1
CASSWGGPDTEAFF	TRBV27	TRBJ1-1
CSVANRIEAFF	TRBV29-1	TRBJ1-1
CASSQGGPYNEQFF	TRBV4-3	TRBJ2-1
CASSPLLQGNTEAFF	TRBV7-7	TRBJ1-1
CASSLVSGQGVHEQFF	TRBV27	TRBJ2-1
CASSPRASGTSTDTQYF	TRBV18	TRBJ2-3
CASSDSSETQYF	TRBV9	TRBJ2-5
CASSQSGGQRDEQFF	TRBV7-3	TRBJ2-1
CASSPRLAGEYTSSYNEQFF	TRBV4-3	TRBJ2-1
CASSISSYEQYF	TRBV19	TRBJ2-7
CSVEETGQQETQYF	TRBV29-1	TRBJ2-5
CASSYSFMIKQNTIYF	TRBV6-5	TRBJ1-3
CASSPGQGTHTPPNEQFF	TRBV11-2	TRBJ2-1
CASTLGGLNEQFF	TRBV6-3	TRBJ2-1
CASSSTDADEQYF	TRBV7-8	TRBJ2-7
CAWSTETGPGELFF	TRBV30	TRBJ2-2
CASSLSRTRYGYTF	TRBV27	TRBJ1-2
CASSTGLAGDNTDTQYF	TRBV19	TRBJ2-3
CAERRQITNTGELFF	TRBV7-9	TRBJ2-2
CASSERRVPFGDSPLHF	TRBV6-1	TRBJ1-6
CASSPLPVSGMNTEAFF	TRBV4-1	TRBJ1-1
CASSPDLRAPDTF	TRBV12-4	TRBJ1-2
CSVEGPRLEFSYNEQFF	TRBV29-1	TRBJ2-1
CATTSGTYDNEQFF	TRBV24-1	TRBJ2-1
CATSDPNTDRTSGTDYNEQFF	TRBV24-1	TRBJ2-1
CASSEQDSTDTQYF	TRBV11-3	TRBJ2-3
CASSPPGSYNEQFF	TRBV6-3	TRBJ2-1
CASSPGTINYGYTF	TRBV12-4	TRBJ1-2
CASSQEYRGSDTQYF	TRBV3-1	TRBJ2-3
CSARIGPSSYNSPLHF	TRBV20-1	TRBJ1-6
CASSTWTSGIYNEQFF	TRBV11-2	TRBJ2-1
CASSETTGTGLYNEQFF	TRBV9	TRBJ2-1
CASSYISGGNQPQHF	TRBV6-3	TRBJ1-5
CASSILLAGRTYEQYF	TRBV19	TRBJ2-7
CASGFSTASQETQYF	TRBV12-5	TRBJ2-5
CASSVGDAGELFF	TRBV9	TRBJ2-2
CASSLAGAYEQFF	TRBV7-6	TRBJ2-1
CASWDRGGRYEQYF	TRBV5-1	TRBJ2-7
CSASTSGGSSYNEQFF	TRBV20-1	TRBJ2-1
CASSPRLAGGPGSTDTQYF	TRBV7-8	TRBJ2-3
CASSLAQASDGYTF	TRBV5-1	TRBJ1-2
CASSADSIRNTIYF	TRBV7-6	TRBJ1-3
CASSPLTLLGNTEAFF	TRBV7-9	TRBJ1-1
CASSYQDGQPQHF	TRBV27	TRBJ1-5
CASSLSWTGGSYNEQFF	TRBV27	TRBJ2-1
CASSHPETVRGYTF	TRBV3-1	TRBJ1-2
CASSPTGGSGYTF	TRBV27	TRBJ1-2
CASSPTGGNNEQFF	TRBV9	TRBJ2-1
CASSHPGGQAVSSYNSPLHF	TRBV3-1	TRBJ1-6
CASSQDSGGVNEQFF	TRBV4-3	TRBJ2-1
CASNPGQSTNEKLFF	TRBV19	TRBJ1-4
CASNLLAGGLNEQFF	TRBV12-3	TRBJ2-1
CASRVTGGNGYTF	TRBV12-4	TRBJ1-2
CASETVHYGYTF	TRBV7-9	TRBJ1-2
CASSLKGPIGTEAFF	TRBV5-5	TRBJ1-1
CATTDGTGELEGYTF	TRBV19	TRBJ1-2
CASSSGQTAQKHGYTF	TRBV5-4	TRBJ1-2
CASSLLGGGHNEQFF	TRBV27	TRBJ2-1
CASRGGQSLGYTF	TRBV6-3	TRBJ1-2
CASSITNSGANVLTF	TRBV19	TRBJ2-6
CAWRRLAGEDTQYF	TRBV30	TRBJ2-3
CASTRGGSSYNEQFF	TRBV19	TRBJ2-1
CASSFFSQLTDTQYF	TRBV12-4	TRBJ2-3
CASSLLGEGWHEQYF	TRBV7-2	TRBJ2-7
CASSPPLIWDAGELFF	TRBV14	TRBJ2-2
CASRGWETQYF	TRBV2	TRBJ2-5
CASSQGYFDGGTEYNEQFF	TRBV4-3	TRBJ2-1
CSETSGTGFYEQFF	TRBV29-1	TRBJ2-1
CASSLEVQGGPEQYF	TRBV5-6	TRBJ2-7
CATSGGRTDTQYF	TRBV24-1	TRBJ2-3
CASSFGAGANQETQYF	TRBV12-3	TRBJ2-5
CASSLWAGSYEQYF	TRBV27	TRBJ2-7
CSARDSRANTEAFF	TRBV20-1	TRBJ1-1
CASSSGTGVYGYTF	TRBV6-5	TRBJ1-2
CASSIAARGSSYNEQFF	TRBV7-6	TRBJ2-1
CASSQLRTSLDEQFF	TRBV12-4	TRBJ2-1
CASSPREEAFF	TRBV7-9	TRBJ1-1
CASSLISGREETQYF	TRBV7-2	TRBJ2-5
CSVEWVGGPTEAFF	TRBV29-1	TRBJ1-1
CASSDGLNEQFF	TRBV6-4	TRBJ2-1
CASSPGDQSTDTQYF	TRBV5-1	TRBJ2-3
CASSYPRTGQGAQGETQYF	TRBV5-1	TRBJ2-5
CASSSTKNYGYTF	TRBV6-4	TRBJ1-2
CASSPAGTTAKNIQYF	TRBV9	TRBJ2-4
CASSSPEGTDTQYF	TRBV7-6	TRBJ2-3
CASSYWGNSYNSPLHF	TRBV6-5	TRBJ1-6
CATLGQGEVEPQHF	TRBV7-8	TRBJ1-5
CASSEGIEGWGYTF	TRBV2	TRBJ1-2
CASGPGGAETQYF	TRBV9	TRBJ2-5
CSVEEGGAGGLETQYF	TRBV29-1	TRBJ2-5
CATSDPNTEAFF	TRBV24-1	TRBJ1-1
CASSVAPGPNEQFF	TRBV9	TRBJ2-1
CASSHTTGSPFYGYTF	TRBV3-1	TRBJ1-2
CASSFFGGDEKLFF	TRBV27	TRBJ1-4
CASSLTYRGLGYGYTF	TRBV27	TRBJ1-2
CASPGGGHYNEQFF	TRBV5-4	TRBJ2-1
CASSLASGTEQFF	TRBV12-3	TRBJ2-1
CSAREAGVWFNEQFF	TRBV20-1	TRBJ2-1
CASSLGRTIPHEQFF	TRBV5-8	TRBJ2-1
CAPQATKNTEAFF	TRBV19	TRBJ1-1
CASSDSGERGEQFF	TRBV19	TRBJ2-1
CAWSIGQPYSPLHF	TRBV30	TRBJ1-6
CASSPESSYNEQFF	TRBV27	TRBJ2-1
CASSEEEQFF	TRBV10-2	TRBJ2-1
CASSPVNGRDTEAFF	TRBV11-3	TRBJ1-1
CASSNQGHDGYTF	TRBV10-2	TRBJ1-2
CASSDGFGETQYF	TRBV10-2	TRBJ2-5
CASTSQQAHDSPLHF	TRBV2	TRBJ1-6
CASSILGQTIINTGELFF	TRBV19	TRBJ2-2
CASSSGTGMDIQYF	TRBV7-6	TRBJ2-4
CASSYGQGAYEQYF	TRBV6-3	TRBJ2-7
CSGIAGNYNEQFF	TRBV29-1	TRBJ2-1
CASRYIAGGRNEQFF	TRBV12-3	TRBJ2-1
CASSRPGLAGDFGTDTQYF	TRBV2	TRBJ2-3
CASSADKLYGYTF	TRBV9	TRBJ1-2
CASRLRTGNYNEQFF	TRBV27	TRBJ2-1
CASSGQTAFPSLRSEQYF	TRBV7-9	TRBJ2-7
CASSPTGNWNTDTQYF	TRBV12-3	TRBJ2-3
CASTGGGDGYTF	TRBV12-3	TRBJ1-2
CASSLGGNEETQYF	TRBV7-7	TRBJ2-5
CASRTKQGATEAFF	TRBV5-1	TRBJ1-1
CASSLDPGQGWDTQYF	TRBV12-4	TRBJ2-3
CASSPGPPHFTSGRAGYNEQFF	TRBV7-6	TRBJ2-1
CASSSGTGVTEAFF	TRBV19	TRBJ1-1
CAIEDGMNTEAFF	TRBV10-2	TRBJ1-1
CASSSDPGQGASYNEQFF	TRBV27	TRBJ2-1
CSAREVNTNEQFF	TRBV20-1	TRBJ2-1
CASSFYNTEAFF	TRBV12-4	TRBJ1-1
CASSLLAGGSTDTQYF	TRBV5-1	TRBJ2-3
CASSQGTEISGNTIYF	TRBV27	TRBJ1-3
CASTFGGELFF	TRBV7-9	TRBJ2-2
CASSYSGSNEQFF	TRBV5-4	TRBJ2-1
CASSNYPDRGPSPYYEQYF	TRBV6-5	TRBJ2-7
CASSGASGMGGSYNEQFF	TRBV10-2	TRBJ2-1
CASSLAEGFYGYTF	TRBV5-1	TRBJ1-2
CASSQDRLNEKLFF	TRBV4-1	TRBJ1-4
CSAPWGPNEKLFF	TRBV20-1	TRBJ1-4
CASSFTSRVFGQPQHF	TRBV12-4	TRBJ1-5
CSAATSGRKNTGELFF	TRBV20-1	TRBJ2-2
CATSSTDRVGQETQYF	TRBV15	TRBJ2-5
CASSLGGTGGDEQYF	TRBV7-7	TRBJ2-7
CASSIGGAGYTF	TRBV19	TRBJ1-2
CASSLAGQNTEAFF	TRBV7-9	TRBJ1-1
CSPDGYTF	TRBV29-1	TRBJ1-2
CASRWAGGEQFF	TRBV27	TRBJ2-1
CASSLWTGHYYGYTF	TRBV19	TRBJ1-2
CASSQVGTGGMNTEAFF	TRBV4-3	TRBJ1-1
CSARSPLVNEQFF	TRBV20-1	TRBJ2-1
CASRSTGTSGGNTGELFF	TRBV7-9	TRBJ2-2
CASSMGLAGGLFGEQFF	TRBV19	TRBJ2-1
CASSPYSSGTEAFF	TRBV11-2	TRBJ1-1
CASGPGGSTEAFF	TRBV12-3	TRBJ1-1
CASSSNGDHQMGIYGYTF	TRBV7-9	TRBJ1-2
CASSIPLAGGLAYNEQFF	TRBV19	TRBJ2-1
CASSLGQGTTNGYTF	TRBV4-1	TRBJ1-2
CASSPDLGTYEQYF	TRBV4-2	TRBJ2-7
CASSYSLGTDTQYF	TRBV6-5	TRBJ2-3
CASSQAVLNTEAFF	TRBV4-3	TRBJ1-1
CASSKRQSMNTEAFF	TRBV11-3	TRBJ1-1
CASSLPPRLAGVNEQFF	TRBV27	TRBJ2-1
CASSESGTNTGELFF	TRBV9	TRBJ2-2
CASSEDRGADYEKLFF	TRBV13	TRBJ1-4
CASSIGGRGYTF	TRBV19	TRBJ1-2
CASSDSQGSYNSPLHF	TRBV6-4	TRBJ1-6
CASSPGTVQSDTQYF	TRBV7-9	TRBJ2-3
CASSPGQVQPQHF	TRBV7-9	TRBJ1-5
CASSQGTILTDTQYF	TRBV7-2	TRBJ2-3
CASSEGQPQHF	TRBV2	TRBJ1-5
CASSPGLATYEQYF	TRBV12-4	TRBJ2-7
CASSPSWYNEQFF	TRBV2	TRBJ2-1
CSARVGYEQYF	TRBV20-1	TRBJ2-7
CASSQDEGQGAEAFF	TRBV4-3	TRBJ1-1
CASSALQGWMTEAFF	TRBV7-8	TRBJ1-1
CASTPPRASGLSEQYF	TRBV6-3	TRBJ2-7
CASSLARGVTEAFF	TRBV7-9	TRBJ1-1
CASRGTLAGWPPETQYF	TRBV12-4	TRBJ2-5
CATSTRDRGRNEQFF	TRBV15	TRBJ2-1
CASSSAAFVNIQYF	TRBV12-4	TRBJ2-4
CASSFTSGGDTDTQYF	TRBV5-1	TRBJ2-3
CASRLGHRAKNTEAFF	TRBV12-4	TRBJ1-1
CASSLGRGFADTQYF	TRBV28	TRBJ2-3
CASRAGKANYGYTF	TRBV11-2	TRBJ1-2
CASRPNPGGTQYF	TRBV27	TRBJ2-5
CASSILNWAEGNEQFF	TRBV10-2	TRBJ2-1
CASSSDREPGNTIYF	TRBV10-2	TRBJ1-3
CASSSQGSNYGYTF	TRBV3-1	TRBJ1-2
CASSYAVGNQPQHF	TRBV6-3	TRBJ1-5
CASSSTVLGTSSYNEQFF	TRBV4-1	TRBJ2-1
CASSQASGAGEKRSSYNEQFF	TRBV3-1	TRBJ2-1
CSAIWEEKGENTEAFF	TRBV20-1	TRBJ1-1
CASSFGREQYF	TRBV12-4	TRBJ2-7
CASSNGQGAWGYTF	TRBV19	TRBJ1-2
CASSLVLAGDNEQFF	TRBV7-7	TRBJ2-1
CASGWTGGNSPLHF	TRBV27	TRBJ1-6
CASSLAPGGYEQYF	TRBV5-1	TRBJ2-7
CASSQETHRAYEQYF	TRBV4-2	TRBJ2-7
CSVLQGYEAFF	TRBV29-1	TRBJ1-1
CATSDLPGQSNTGELFF	TRBV24-1	TRBJ2-2
CASIDRVSVAEAFF	TRBV19	TRBJ1-1
CATPNRGFDGYTF	TRBV7-2	TRBJ1-2
CASSLMGITDTQYF	TRBV27	TRBJ2-3
CASVLGTGVSPLHF	TRBV6-3	TRBJ1-6
CASGAGAFSDTQYF	TRBV11-3	TRBJ2-3
CASSLEPASDTDTQYF	TRBV7-9	TRBJ2-3
CASSGSVYGYTF	TRBV7-8	TRBJ1-2
CASSYQPSTKTGYSPLHF	TRBV12-4	TRBJ1-6
CASSLSLLAERNEQFF	TRBV27	TRBJ2-1
CASSLDPVNEQFF	TRBV5-1	TRBJ2-1
CASSQGYEQYF	TRBV14	TRBJ2-7
CASSQTVPGSGRYNEQFF	TRBV4-1	TRBJ2-1
CASSSPRRGEYEQYF	TRBV6-5	TRBJ2-7
CASSETGEPTEAFF	TRBV25-1	TRBJ1-1
CASRNGTVNTEAFF	TRBV25-1	TRBJ1-1
CASSLVWGGAYGYTF	TRBV11-2	TRBJ1-2
CASISPGQNTEAFF	TRBV7-8	TRBJ1-1
CASSLIGYGYTF	TRBV5-6	TRBJ1-2
CASSERGSGGEQYF	TRBV10-1	TRBJ2-7
CASSYSIAGVYNEQFF	TRBV6-5	TRBJ2-1
CASSWGDTQYF	TRBV5-4	TRBJ2-3
CASSQEPSINGYTF	TRBV4-1	TRBJ1-2
CASSLIRGQGGLRDRGEQFF	TRBV11-2	TRBJ2-1
CASSSVGTEAFF	TRBV7-9	TRBJ1-1
CAISAAGTSGGYTGELFF	TRBV10-3	TRBJ2-2
CSARPKTDREKGYGYTF	TRBV20-1	TRBJ1-2
CASSKGLTEAFF	TRBV19	TRBJ1-1
CASSTYGETQYF	TRBV13	TRBJ2-5
CASSFVNQETQYF	TRBV7-9	TRBJ2-5
CASSLGQGYEQYF	TRBV10-2	TRBJ2-7
CASSGRQGNTEAFF	TRBV9	TRBJ1-1
CASSQFPLGEGTDTQYF	TRBV4-1	TRBJ2-3
CASSVLPGQGDETQYF	TRBV12-4	TRBJ2-5
CASSQDRTWETQYF	TRBV4-1	TRBJ2-5
CASSILGTPTDTQYF	TRBV19	TRBJ2-3
CASSIWTDDTDTQYF	TRBV19	TRBJ2-3
CSARDSRQGIGYGYTF	TRBV20-1	TRBJ1-2
CASSGLASEDTQYF	TRBV5-4	TRBJ2-3
CASSGHGAGSSEKLFF	TRBV9	TRBJ1-4
CASSLGTSGGVTYEQYF	TRBV12-4	TRBJ2-7
CASSFPGASYNEQFF	TRBV7-9	TRBJ2-1
CASSVGASPCDFF	TRBV9	TRBJ1-1
CASSINEGSGANVLTF	TRBV19	TRBJ2-6
CASSSTDRNYGYTF	TRBV5-1	TRBJ1-2
CASSYGGSYEQYF	TRBV6-3	TRBJ2-7
CASSLLGQQFF	TRBV27	TRBJ2-1
CASSLGREGRMDTQYF	TRBV7-2	TRBJ2-3
CASSAAGGGDYGYTF	TRBV9	TRBJ1-2
CASSFARNYGYTF	TRBV27	TRBJ1-2
CASSFATANQPQHF	TRBV7-9	TRBJ1-5
CASSPLGASEAFF	TRBV5-8	TRBJ1-1
CASSDGTSLYNEQFF	TRBV10-2	TRBJ2-1
CSARGLEETQYF	TRBV20-1	TRBJ2-5
CASSQEGEGFQPQHF	TRBV4-2	TRBJ1-5
CSARSQDGYTF	TRBV20-1	TRBJ1-2
CASSHTSGVYNEQFF	TRBV7-9	TRBJ2-1
CASSFHADYNEQFF	TRBV12-3	TRBJ2-1
CASQTWGAQGEKLFF	TRBV5-1	TRBJ1-4
CASSQEGVAGGYNEQFF	TRBV4-1	TRBJ2-1
CASFDSMNTEAFF	TRBV12-4	TRBJ1-1
CASSVQGARGYEQYF	TRBV6-1	TRBJ2-7
CASSETARGLDGYTF	TRBV10-2	TRBJ1-2
CASSLDATHYGYTF	TRBV7-9	TRBJ1-2
CASRDRGPYNEQFF	TRBV12-4	TRBJ2-1
CASSIVGRTGFSYNEQFF	TRBV19	TRBJ2-1
CASREGESNTEAFF	TRBV4-1	TRBJ1-1
CASSLATSGYTDTQYF	TRBV11-2	TRBJ2-3
CASSPPLFRDTEAFF	TRBV14	TRBJ1-1
CATSDSVSGEAFF	TRBV24-1	TRBJ1-1
CASSPLGGSMNTEAFF	TRBV19	TRBJ1-1
CATSDLRGAGDPNEQFF	TRBV24-1	TRBJ2-1
CASTGGRGLDTGELFF	TRBV12-4	TRBJ2-2
CSGWEGLYGYTF	TRBV29-1	TRBJ1-2
CASSYSGGDTEAFF	TRBV6-5	TRBJ1-1
CASSLFRSYEQYF	TRBV11-2	TRBJ2-7
CASSERGTGIIWEKLFF	TRBV6-1	TRBJ1-4
CASALAGGTDTQYF	TRBV6-3	TRBJ2-3
CASRTGDYRRAGELFF	TRBV6-6	TRBJ2-2
CASSQLAGEIDTQYF	TRBV6-6	TRBJ2-3
CASSFGSGYEKLFF	TRBV6-5	TRBJ1-4
CASSTWSDNIQYF	TRBV19	TRBJ2-4
CASSPFGGSGTGELFF	TRBV13	TRBJ2-2
CASSQAGTGVSYGYTF	TRBV4-1	TRBJ1-2
CASSGVAYNEQFF	TRBV9	TRBJ2-1
CASSVEAGLSYTF	TRBV9	TRBJ1-2
CSAPRGGKYEQYF	TRBV20-1	TRBJ2-7
CASSPVFRTEQYF	TRBV7-9	TRBJ2-7
CASSLGIDIQYF	TRBV7-2	TRBJ2-4
CASSSDAGFSAEKLFF	TRBV7-9	TRBJ1-4
CASGEYPGNTGELFF	TRBV5-1	TRBJ2-2
CASSQTGTGDYGYTF	TRBV3-1	TRBJ1-2
CASSPPTSYEQYF	TRBV9	TRBJ2-7
CSAKFPYSAAGQPQHF	TRBV20-1	TRBJ1-5
CASSETSAYNEQFF	TRBV10-2	TRBJ2-1
CASSIYGGGNTDTQYF	TRBV19	TRBJ2-3
CSARDRRQGVGYEQYF	TRBV20-1	TRBJ2-7
CSARDLTGAPHQPQHF	TRBV20-1	TRBJ1-5
CASSLGENTEAFF	TRBV7-3	TRBJ1-1
CASSERQGDQPQHF	TRBV25-1	TRBJ1-5
CASSQEGSSTGELFF	TRBV3-1	TRBJ2-2
CASSLRDSRDGEQYF	TRBV12-4	TRBJ2-7
CSARDRLAGTYNEQFF	TRBV20-1	TRBJ2-1
CASSWAYNEQFF	TRBV11-1	TRBJ2-1
CASSDPPGLLGSPLHF	TRBV25-1	TRBJ1-6
CASSLTGGGETQYF	TRBV27	TRBJ2-5
CASSTRPGQGVEEQYF	TRBV19	TRBJ2-7
CASSLGGERGTDTQYF	TRBV12-4	TRBJ2-3
CSARDPVTGELFF	TRBV20-1	TRBJ2-2
CASSKTGSGSYEQYF	TRBV4-1	TRBJ2-7
CASSRQGAMNTEAFF	TRBV7-9	TRBJ1-1
CASSVGPEDTEAFF	TRBV6-4	TRBJ1-1
CAWGGNNEQFF	TRBV30	TRBJ2-1
CAWSVGQVNEKLFF	TRBV30	TRBJ1-4
CASSLDYPYNEQFF	TRBV5-1	TRBJ2-1
CATSDNNVWFSEQFF	TRBV24-1	TRBJ2-1
CASSQDRGQASQYF	TRBV4-1	TRBJ2-3
CASSLGPTGGSPLHF	TRBV28	TRBJ1-6
CASSSLGQGSVNEKLFF	TRBV6-6	TRBJ1-4
CASSLTGQREGTHNEQFF	TRBV12-4	TRBJ2-1
CASTVGDRAYQETQYF	TRBV28	TRBJ2-5
CASSQDKGRDSPLHF	TRBV4-1	TRBJ1-6
CASSERIAGVDEQFF	TRBV6-4	TRBJ2-1
CASSLDRTGPYEQYF	TRBV5-1	TRBJ2-7
CASSQPRLAGDGNEQFF	TRBV3-1	TRBJ2-1
CASSDGENYGYTF	TRBV6-4	TRBJ1-2
CASSYGLAGPSYNEQFF	TRBV6-5	TRBJ2-1
CASSRGSQVPDTQYF	TRBV12-4	TRBJ2-3
CASETGPDTQYF	TRBV5-4	TRBJ2-3
CATSDLPGTPGTDTQYF	TRBV24-1	TRBJ2-3
CASSLHVLNEQFF	TRBV11-2	TRBJ2-1
CASSMGSFSYEQYF	TRBV19	TRBJ2-7
CASSISGQGTDTQYF	TRBV19	TRBJ2-3
CASSPDNPLALPYNEQFF	TRBV14	TRBJ2-1
CASSESEGAGPTDHEQFF	TRBV10-2	TRBJ2-1
CASSWGRVGHNEQFF	TRBV6-5	TRBJ2-1
CASSLEVDNEKLFF	TRBV12-4	TRBJ1-4
CASSSRLAGSTDTQYF	TRBV9	TRBJ2-3
CASSEGTVNYGYTF	TRBV9	TRBJ1-2
CASSLIGGANTEAFF	TRBV7-2	TRBJ1-1
CSASDWGDSNQPQHF	TRBV20-1	TRBJ1-5
CSVVGPNTEAFF	TRBV29-1	TRBJ1-1
CASSYHHRGDGYTF	TRBV6-5	TRBJ1-2
CASSEGQGHTEAFF	TRBV10-1	TRBJ1-1
CSARLAGGPETQYF	TRBV20-1	TRBJ2-5
CASSEARTDGNTIYF	TRBV6-1	TRBJ1-3
CASSLVQGVVGYTF	TRBV7-9	TRBJ1-2
CASTGGSPSYNSPLHF	TRBV6-6	TRBJ1-6
CSALYRDGWNTGELFF	TRBV20-1	TRBJ2-2
CASSGALQDSNQPQHF	TRBV7-9	TRBJ1-5
CASSPRGEGHVEAFF	TRBV5-4	TRBJ1-1
CASSQGRFSEQYF	TRBV19	TRBJ2-7
CASSLESGVVTGELFF	TRBV7-8	TRBJ2-2
CASSLGGGGVDEKLFF	TRBV5-4	TRBJ1-4
CASSSVATEAFF	TRBV7-9	TRBJ1-1
CASSLMTEGTQYF	TRBV5-4	TRBJ2-3
CAIPHARPMNTEAFF	TRBV10-3	TRBJ1-1
CASSLSQGTYEQYF	TRBV27	TRBJ2-7
CASSVLAGDHEQFF	TRBV7-9	TRBJ2-1
CASSDRDRVEQYF	TRBV6-1	TRBJ2-7
CASSLYLGQGANEQFF	TRBV19	TRBJ2-1
CASSVDPWDTSGYTF	TRBV9	TRBJ1-2
CASSPLLWGMNTEAFF	TRBV6-6	TRBJ1-1
CASSLYGGAGEQYF	TRBV7-3	TRBJ2-7
CASSLGRRSGGANVLTF	TRBV7-7	TRBJ2-6
CASSYSGGRGPTDTQYF	TRBV6-5	TRBJ2-3
CASGQGNTEAFF	TRBV5-6	TRBJ1-1
CAIRVPTTESGGNTIYF	TRBV10-3	TRBJ1-3
CASSSRPADTQYF	TRBV13	TRBJ2-3
CSARLSGSYQPQHF	TRBV20-1	TRBJ1-5
CASTPYTGELFF	TRBV25-1	TRBJ2-2
CASSIGGGNTEAFF	TRBV19	TRBJ1-1
CASRSSGIPNEQFF	TRBV2	TRBJ2-1
CASSPDYNEQFF	TRBV18	TRBJ2-1
CSARDEIRHTEAFF	TRBV20-1	TRBJ1-1
CASGPYDRADTEAFF	TRBV12-3	TRBJ1-1
CASSYSPSFSNQPQHF	TRBV6-5	TRBJ1-5
CASSQDLGASLYNEQFF	TRBV3-1	TRBJ2-1
CASRPGRADYGYTF	TRBV6-3	TRBJ1-2
CASSMYVNQPQHF	TRBV19	TRBJ1-5
CASSLTGYWEKLFF	TRBV12-4	TRBJ1-4
CAWSVGGVNVFF	TRBV30	TRBJ2-1
CASLPAGLGNQPQHF	TRBV19	TRBJ1-5
CASSEGGVYGYTF	TRBV19	TRBJ1-2
CASSLVAVADNEQFF	TRBV11-3	TRBJ2-1
CASSLEGNSYNSPLHF	TRBV7-8	TRBJ1-6
CASSYSGGLDEQFF	TRBV6-3	TRBJ2-1
CSARVPAGASTDTQYF	TRBV20-1	TRBJ2-3
CASSFGAHNYGYTF	TRBV12-4	TRBJ1-2
CSARDLASGSTDTQYF	TRBV20-1	TRBJ2-3
CASSPWGVIAKNIQYF	TRBV4-1	TRBJ2-4
CASQFEEGGVDEQFF	TRBV25-1	TRBJ2-1
CASSFRVDNSYGYTF	TRBV5-1	TRBJ1-2
CASSQEGDPSTDTQYF	TRBV3-1	TRBJ2-3
CASSFGTANTEAFF	TRBV6-5	TRBJ1-1
CSAAGQGPTNEKLFF	TRBV29-1	TRBJ1-4
CASRMTGADTQYF	TRBV28	TRBJ2-3
CSVRTTGDQETQYF	TRBV29-1	TRBJ2-5
CSARRTGALYGYTF	TRBV20-1	TRBJ1-2
CASSVFAGTGYTGELFF	TRBV7-9	TRBJ2-2
CASSPSAGVPYNEQFF	TRBV2	TRBJ2-1
CASSHGTGTYEQYF	TRBV19	TRBJ2-7
CASSDSAGGYNEQFF	TRBV6-4	TRBJ2-1
CASSSGTGAYEQYF	TRBV7-9	TRBJ2-7
CASSQGLAGIATQETQYF	TRBV3-1	TRBJ2-5
CSVLRTGGLDEQFF	TRBV29-1	TRBJ2-1
CASSPGLYNEQFF	TRBV19	TRBJ2-1
CATSDEDTGYGYTF	TRBV24-1	TRBJ1-2
CAISGGQIVPNGYTF	TRBV10-3	TRBJ1-2
CASSLEGPGSSGNTIYF	TRBV5-1	TRBJ1-3
CASFGDTEAFF	TRBV3-1	TRBJ1-1
CASSVVARAGNTIYF	TRBV7-2	TRBJ1-3
CASSDSYSNYGYTF	TRBV7-9	TRBJ1-2
CASSLTGTRGRAGELFF	TRBV5-4	TRBJ2-2
CASSESSEKLFF	TRBV25-1	TRBJ1-4
CASSLVREYNEQFF	TRBV5-6	TRBJ2-1
CASKGSRDSFNQPQHF	TRBV19	TRBJ1-5
CASSPDENEQFF	TRBV3-1	TRBJ2-1
CASRERTGPRTDTQYF	TRBV4-1	TRBJ2-3
CASSDWATGSSGNTIYF	TRBV2	TRBJ1-3
CASSLQGVAYNEQFF	TRBV13	TRBJ2-1
CASSVDRWANSPLHF	TRBV5-5	TRBJ1-6
CASSGANTGELFF	TRBV5-6	TRBJ2-2
CASGGNEQFF	TRBV12-4	TRBJ2-1
CASSSIGAYEQYF	TRBV5-1	TRBJ2-7
CASSNRLAGITYNEQFF	TRBV6-3	TRBJ2-1
CSVADRGSSSGANVLTF	TRBV29-1	TRBJ2-6
CASSMSSWSADTQYF	TRBV19	TRBJ2-3
CASSLVTDSQETQYF	TRBV12-4	TRBJ2-5
CASSLGGEQFF	TRBV12-4	TRBJ2-1
CASSPIGGRDTEAFF	TRBV9	TRBJ1-1
CASSPSLNSGNTIYF	TRBV7-8	TRBJ1-3
CASSGGQLTDTQYF	TRBV7-9	TRBJ2-3
CAWKLLVSTGELFF	TRBV30	TRBJ2-2
CASSLYDSYGYTF	TRBV27	TRBJ1-2
CASSRGGGVVDTGELFF	TRBV2	TRBJ2-2
CASSESTGTGGGQPQHF	TRBV7-6	TRBJ1-5
CASSPWPGNTIYF	TRBV5-6	TRBJ1-3
CSARDGVSPQHF	TRBV20-1	TRBJ1-5
CASSYPRVGSKNIQYF	TRBV6-3	TRBJ2-4
CASSFGTSNSDTQYF	TRBV11-3	TRBJ2-3
CSVRGGVGYTEAFF	TRBV29-1	TRBJ1-1
CASSLGTGYGYTF	TRBV7-9	TRBJ1-2
CSARDHRAEGQPQHF	TRBV20-1	TRBJ1-5
CASSWGQGDEQFF	TRBV5-4	TRBJ2-1
CASSPWTGGSNQPQHF	TRBV19	TRBJ1-5
CSAHTPAFGRTSSYNEQFF	TRBV20-1	TRBJ2-1
CASSGTFGYTF	TRBV9	TRBJ1-2
CASRNRGVEAFF	TRBV12-3	TRBJ1-1
CASSLLGAEAFF	TRBV5-6	TRBJ1-1
CASSSDYYEQYF	TRBV7-9	TRBJ2-7
CASSQDPPGTSGGAEQFF	TRBV4-1	TRBJ2-1
CASSRPGLADNEQFF	TRBV11-2	TRBJ2-1
CSARPRLSTEAFF	TRBV20-1	TRBJ1-1
CASSYAGGTDTQYF	TRBV6-6	TRBJ2-3
CAWSVPPAASYGYTF	TRBV30	TRBJ1-2
CASSFALAGGPGTGELFF	TRBV12-4	TRBJ2-2
CASTQGAGVPYNEQFF	TRBV27	TRBJ2-1
CASSPAGGGGTDTQYF	TRBV12-4	TRBJ2-3
CASSQDLGLAGGETQYF	TRBV4-3	TRBJ2-5
CASSIDSLYGYTF	TRBV19	TRBJ1-2
CSVETDYGYTF	TRBV29-1	TRBJ1-2
CAWRTQSWELFF	TRBV30	TRBJ2-2
CAWSVTNTGELFF	TRBV30	TRBJ2-2
CASSLSAGEYNEQFF	TRBV27	TRBJ2-1
CASSVGRGGNTIYF	TRBV9	TRBJ1-3
CASRGLAGGSTDTQYF	TRBV19	TRBJ2-3
CASRRTGGLNEQFF	TRBV27	TRBJ2-1
CASSPVLVNEQFF	TRBV6-3	TRBJ2-1
CASSSGTDEAFF	TRBV11-1	TRBJ1-1
CASSQKGSGVYTF	TRBV14	TRBJ1-2
CASSESGFDSETQYF	TRBV2	TRBJ2-5
CASSWQLAGPHTDTQYF	TRBV7-6	TRBJ2-3
CASSLGLNQPQHF	TRBV5-1	TRBJ1-5
CATSRQGATEAFF	TRBV15	TRBJ1-1
CASSNKRDRGIDEQFF	TRBV19	TRBJ2-1
CAISGDSQETQYF	TRBV10-3	TRBJ2-5
CAISSGYEQYF	TRBV10-3	TRBJ2-7
CASSLDGAGGPWDEQFF	TRBV11-3	TRBJ2-1
CASSFVAGGDEQFF	TRBV12-3	TRBJ2-1
CASRTSGETQYF	TRBV27	TRBJ2-5
CASSLIWREAMETQYF	TRBV6-9	TRBJ2-5
CSPGQGPYNEQFF	TRBV20-1	TRBJ2-1
CASSSPKNEQYF	TRBV5-1	TRBJ2-7
CASTPSAGWDQPQHF	TRBV7-8	TRBJ1-5
CASSQEEQGFIAEAFF	TRBV4-2	TRBJ1-1
CASRDSANYGYTF	TRBV25-1	TRBJ1-2
CASSPTGTSLSFF	TRBV18	TRBJ1-1
CASSQVSGTPTYEQYF	TRBV14	TRBJ2-7
CASSWGTGELFF	TRBV5-4	TRBJ2-2
CASSQSDNDDYTQYF	TRBV12-4	TRBJ2-3
CASSQHTEFYHEQFF	TRBV4-1	TRBJ2-1
CATSGNQLGTGAYNEQFF	TRBV24-1	TRBJ2-1
CASSLGGAGSSYNEQFF	TRBV7-9	TRBJ2-1
CASSGGNRRDTEKGYTF	TRBV9	TRBJ1-2
CASSEEQSGGPQETQYF	TRBV6-1	TRBJ2-5
CASSLVGDGYTF	TRBV5-1	TRBJ1-2
CASSPGLGQTEAFF	TRBV11-3	TRBJ1-1
CASADSYGYTF	TRBV9	TRBJ1-2
CASSLVIQEQYF	TRBV11-2	TRBJ2-7
CASSPGTATYEQYF	TRBV7-2	TRBJ2-7
CASSKSIIETGSNTEAFF	TRBV10-1	TRBJ1-1
CASSPTGPNTEAFF	TRBV12-4	TRBJ1-1
CASSFDRGSEKLFF	TRBV6-5	TRBJ1-4
CSARDLLAGGYTGELFF	TRBV20-1	TRBJ2-2
CASSLAILTGHNEQFF	TRBV7-9	TRBJ2-1
CASSELQETQYF	TRBV2	TRBJ2-5
CASSVGLTGKVEKLFF	TRBV9	TRBJ1-4
CASSDRTGTGRFNNQPQHF	TRBV6-4	TRBJ1-5
CASSAENYGYTF	TRBV5-1	TRBJ1-2
CASSIVGGGYNEQFF	TRBV6-5	TRBJ2-1
CASSPRPITDTQYF	TRBV7-2	TRBJ2-3
CASSSTGWGGSSPLHF	TRBV19	TRBJ1-6
CASRPGLNYEQYF	TRBV7-9	TRBJ2-7
CASSLGGEETQYF	TRBV12-3	TRBJ2-5
CASSLAEKLFF	TRBV12-4	TRBJ1-4
CASRYTGNTEAFF	TRBV11-3	TRBJ1-1
CASSLLWEGPDEQFF	TRBV5-1	TRBJ2-1
CASSPTGSNEKLFF	TRBV3-1	TRBJ1-4
CASSSQAGGRENEQFF	TRBV11-2	TRBJ2-1
CASSWGTSGGRSTDTQYF	TRBV5-1	TRBJ2-3
CSASPHATQYF	TRBV20-1	TRBJ2-3
CASSSDRRQETQYF	TRBV7-9	TRBJ2-5
CASSHQRGRNTEAFF	TRBV4-1	TRBJ1-1
CASSEASYGATYNEQFF	TRBV6-1	TRBJ2-1
CASSQDFGTADGYTF	TRBV3-1	TRBJ1-2
CASSPGTVNTGELFF	TRBV7-6	TRBJ2-2
CASSILGALSYGYTF	TRBV19	TRBJ1-2
CASPDSLGARDNTEAFF	TRBV2	TRBJ1-1
CASGGEQGTNTIYF	TRBV27	TRBJ1-3
CASSLAAGFEQFF	TRBV4-1	TRBJ2-1
CASSAGGLAGPGELFF	TRBV11-3	TRBJ2-2
CASSPWTSGRRDTGELFF	TRBV7-9	TRBJ2-2
CASSPYTGTGPEQYF	TRBV18	TRBJ2-7
CASSEGVQPQHF	TRBV10-1	TRBJ1-5
CASSHPLGGTDTEAFF	TRBV4-1	TRBJ1-1
CSARVHRYNYGYTF	TRBV20-1	TRBJ1-2
CAWSGWNRDLAGANVLTF	TRBV30	TRBJ2-6
CASSIETGGYYGYTF	TRBV19	TRBJ1-2
CASSQDPGLGSNEQFF	TRBV4-3	TRBJ2-1
CASMDREGPDTQYF	TRBV5-1	TRBJ2-3
CASSLEVRDGRAYEQYF	TRBV5-6	TRBJ2-7
CASSQFTRLASTDTQYF	TRBV4-1	TRBJ2-3
CASTEAGGPGNEQFF	TRBV19	TRBJ2-1
CASSAGTSGGETQYF	TRBV5-1	TRBJ2-5
CASSYWGLAGGTDTQYF	TRBV6-5	TRBJ2-3
CASSIRGGEKLFF	TRBV6-3	TRBJ1-4
CASSQVVLYEDTQYF	TRBV14	TRBJ2-3
CASSVGSRKGEPQHF	TRBV9	TRBJ1-5
CASSRLGDSYGYTF	TRBV6-6	TRBJ1-2
CASSQEGGVYGYTF	TRBV4-3	TRBJ1-2
CASSLDGAFTEAFF	TRBV13	TRBJ1-1
CASSLVGPGELFF	TRBV7-2	TRBJ2-2
CASSAGQGGNTEAFF	TRBV5-1	TRBJ1-1
CASSERTGGSLLYGYTF	TRBV18	TRBJ1-2
CASSVGESYEQYF	TRBV9	TRBJ2-7
CSVVVTEAFF	TRBV29-1	TRBJ1-1
CASSQGPGEASYNEQFF	TRBV19	TRBJ2-1
CASRSGWNTEAFF	TRBV10-2	TRBJ1-1
CASSQARGKLFF	TRBV4-3	TRBJ1-4
CASSRDGEGYNEQFF	TRBV3-1	TRBJ2-1
CASGGSPISLVDNEQFF	TRBV28	TRBJ2-1
CASTPLAGGPGEADTQYF	TRBV27	TRBJ2-3
CASSIDLGVGNEQFF	TRBV19	TRBJ2-1
CASSYGERLHTGELFF	TRBV6-5	TRBJ2-2
CASSSRMNTEAFF	TRBV4-1	TRBJ1-1
CAWRISSEAFF	TRBV30	TRBJ1-1
CSVEGGAFGGSNYGYTF	TRBV29-1	TRBJ1-2
CASSLGRNTLRNYGYTF	TRBV11-2	TRBJ1-2
CASSFQGGWTGELFF	TRBV5-6	TRBJ2-2
CASRKDATNEKLFF	TRBV27	TRBJ1-4
CAISAVGGAGPGNEQFF	TRBV10-3	TRBJ2-1
CASPGGASSYNEQFF	TRBV30	TRBJ2-1
CASSLMGGSNTGELFF	TRBV19	TRBJ2-2
CASSSTEFTGELFF	TRBV5-6	TRBJ2-2
CASSLTGTDTQYF	TRBV6-4	TRBJ2-3
CASSEGGQGYYGYTF	TRBV6-1	TRBJ1-2
CASSMGQDSPLHF	TRBV7-6	TRBJ1-6
CSARDSQQGLGNTIYF	TRBV20-1	TRBJ1-3
CASSVFREPYEQYF	TRBV2	TRBJ2-7
CASRLQGLDQPQHF	TRBV10-2	TRBJ1-5
CASSWAGSQPQHF	TRBV27	TRBJ1-5
CASSLVGGLGNNEQFF	TRBV7-2	TRBJ2-1
CASSQEAGNTIYF	TRBV4-1	TRBJ1-3
CATTGTGTGELFF	TRBV24-1	TRBJ2-2
CASSLDAGYEQYF	TRBV11-2	TRBJ2-7
CASSYSSGVRGYTF	TRBV6-5	TRBJ1-2
CASSDSSGGNEQFF	TRBV6-4	TRBJ2-1
CASSLAALAGEHEQFF	TRBV11-2	TRBJ2-1
CASSVDGYEQFF	TRBV9	TRBJ2-1
CASSYRVSEAFF	TRBV6-3	TRBJ1-1
CASTQTNYEQYF	TRBV7-9	TRBJ2-7
CASRNLINSPLHF	TRBV7-2	TRBJ1-6
CASSPTSGIPATEAFF	TRBV5-5	TRBJ1-1
CSARNPAGAGANVLTF	TRBV20-1	TRBJ2-6
CAAGGGSEMNTEAFF	TRBV19	TRBJ1-1
CATLSSGSNTGELFF	TRBV24-1	TRBJ2-2
CASSVEGDANEQFF	TRBV9	TRBJ2-1
CASSLRFRQSYEQYF	TRBV12-4	TRBJ2-7
CASSILTSGSGEQFF	TRBV19	TRBJ2-1
CASSFQGPASFYGYTF	TRBV7-9	TRBJ1-2
CATSRPLRIVGSGLNEQFF	TRBV15	TRBJ2-1
CSAWPWGGKRAEAFF	TRBV20-1	TRBJ1-1
CASRDSMNTEAFF	TRBV2	TRBJ1-1
CASSYGTGTYEQYF	TRBV11-2	TRBJ2-7
CASSLRDTTPAQYF	TRBV5-8	TRBJ2-5
CASSSPLAGRFNEQFF	TRBV7-6	TRBJ2-1
CASSGLAGVYPQYF	TRBV9	TRBJ2-3
CASSPGGNTYNEQFF	TRBV5-8	TRBJ2-1
CASSGTGSMNTEAFF	TRBV5-6	TRBJ1-1
CASKNGGQLYTDTQYF	TRBV7-9	TRBJ2-3
CASSGDRVTNEQFF	TRBV10-2	TRBJ2-1
CASIRGRGYTEAFF	TRBV12-4	TRBJ1-1
CATSDFRGQHYGYTF	TRBV24-1	TRBJ1-2
CASSLEGGGLSNQPQHF	TRBV5-6	TRBJ1-5
CASSTITGENTEAFF	TRBV7-9	TRBJ1-1
CASSLTSGSTDTQYF	TRBV7-8	TRBJ2-3
CASSGRAGPLLSGANVLTF	TRBV5-4	TRBJ2-6
CSANPTPSYEQYF	TRBV20-1	TRBJ2-7
CASRQGATYEQYF	TRBV5-1	TRBJ2-7
CASSSTKTAYTTGELFF	TRBV6-3	TRBJ2-2
CASSTGTGGLIEQYF	TRBV11-2	TRBJ2-7
CASSWIDTQYF	TRBV9	TRBJ2-3
CASSLAPGGSNSPLHF	TRBV12-4	TRBJ1-6
CSVGVSGGYGYTF	TRBV29-1	TRBJ1-2
CASSQDAGGMTNEKLFF	TRBV4-3	TRBJ1-4
CASSLEFTSGSHSYNEQFF	TRBV7-9	TRBJ2-1
CASSPGTGMEDTQYF	TRBV6-5	TRBJ2-3
CASSLASLGETQYF	TRBV7-6	TRBJ2-5
CASSLLTGPNYGYTF	TRBV4-1	TRBJ1-2
CASSIVAILGTDTQYF	TRBV19	TRBJ2-3
CASSPGTGMDEQFF	TRBV7-8	TRBJ2-1
CASTATGQGEQFF	TRBV19	TRBJ2-1
CASSRPGTEAFF	TRBV4-1	TRBJ1-1
CASSLSGYYEQYF	TRBV7-9	TRBJ2-7
CASRGVQGVQYF	TRBV2	TRBJ2-7
CASSQGAGTGFTYEQYF	TRBV4-1	TRBJ2-7
CASSLRTGSSSYNSPLHF	TRBV7-6	TRBJ1-6
CASSLEQGAFTEAFF	TRBV5-1	TRBJ1-1
CASSLTGAPNEKLFF	TRBV5-6	TRBJ1-4
CASSRRDSNTEAFF	TRBV7-9	TRBJ1-1
CASMSIYGYTF	TRBV19	TRBJ1-2
CASSLTAYIVNTEAFF	TRBV12-4	TRBJ1-1
CASTPQLAGGSGSNEQFF	TRBV2	TRBJ2-1
CSARLDRAGETQYF	TRBV20-1	TRBJ2-5
CASSFGGSGNQPQHF	TRBV12-4	TRBJ1-5
CASQPESGGEETQYF	TRBV6-6	TRBJ2-5
CSVEVGDNSPLHF	TRBV29-1	TRBJ1-6
CASSPGYTQYF	TRBV12-3	TRBJ2-3
CASSFAPRRLPQPQHF	TRBV7-8	TRBJ1-5
CASSDSLGSVEQFF	TRBV6-4	TRBJ2-1
CASSQTVGLGEKLFF	TRBV4-1	TRBJ1-4
CASSVDRSTDTQYF	TRBV9	TRBJ2-3
CASSEGLAGEGLAGELFF	TRBV5-6	TRBJ2-2
CSVAGASGNEQFF	TRBV29-1	TRBJ2-1
CASSHTQGARTEAFF	TRBV27	TRBJ1-1
CASSITAGELFF	TRBV19	TRBJ2-2
CASSLDRVNQPQHF	TRBV27	TRBJ1-5
CASRPTGANYGYTF	TRBV27	TRBJ1-2
CASSMVGHQPQHF	TRBV19	TRBJ1-5
CASSVSFFSGNTIYF	TRBV9	TRBJ1-3
CAWSAFSGTDTQYF	TRBV30	TRBJ2-3
CASRSSGNTIYF	TRBV12-5	TRBJ1-3
CASSFSGGAFQETQYF	TRBV27	TRBJ2-5
CASAGPEAFF	TRBV5-5	TRBJ1-1
CATSDFLTGTTDTQYF	TRBV24-1	TRBJ2-3
CASSFPDNTGELFF	TRBV7-8	TRBJ2-2
CASSTQGSGTEAFF	TRBV19	TRBJ1-1
CASSLLLGLADKGQFF	TRBV7-2	TRBJ2-1
CASSDPGLVPQHF	TRBV6-1	TRBJ1-5
CASSPTDRANYGYTF	TRBV7-6	TRBJ1-2
CASKTNTEAFF	TRBV7-9	TRBJ1-1
CASSELREGQYEQFF	TRBV6-1	TRBJ2-1
CASSKEKGSSQETQYF	TRBV19	TRBJ2-5
CASSLLLAGGGDTQYF	TRBV11-2	TRBJ2-3
CASSQDRGIIEKLFF	TRBV4-1	TRBJ1-4
CASEGGGASTTDTQYF	TRBV2	TRBJ2-3
CASSGLGYRGARADTQYF	TRBV2	TRBJ2-3
CASSLDGTEYYNEQFF	TRBV5-4	TRBJ2-1
CASSLARGLSPDTQYF	TRBV28	TRBJ2-3
CASSTLTGANGYTF	TRBV19	TRBJ1-2
CASSLLFGGEGQETQYF	TRBV7-6	TRBJ2-5
CASSPTLGQMNTEAFF	TRBV3-1	TRBJ1-1
CASSTGTTEAYEQYF	TRBV7-2	TRBJ2-7
CASTSDGTSYTDTQYF	TRBV9	TRBJ2-3
CASSQRNGYTF	TRBV4-1	TRBJ1-2
CASSFDQGSSTNEKLFF	TRBV5-1	TRBJ1-4
CASSQALGGGYTQYF	TRBV4-1	TRBJ2-3
CASSLSRATGELFF	TRBV28	TRBJ2-2
CASSLRTSGTDTQYF	TRBV19	TRBJ2-3
CATSDFSSGDYNEQFF	TRBV24-1	TRBJ2-1
CASSFGTGSRNEQFF	TRBV12-3	TRBJ2-1
CASSFSGTVAEQYF	TRBV11-2	TRBJ2-7
CASKSVGANQPQHF	TRBV19	TRBJ1-5
CASSLSPATEAFF	TRBV11-3	TRBJ1-1
CASSPRAGGFYEQYF	TRBV4-1	TRBJ2-7
CASTITTVTSGNTIYF	TRBV19	TRBJ1-3
CASSSGTRLFSGELFF	TRBV27	TRBJ2-2
CSAPGGLETQYF	TRBV20-1	TRBJ2-5
CASSLEVSGSLGTDTQYF	TRBV11-3	TRBJ2-3
CASSQDPENTEAFF	TRBV4-3	TRBJ1-1
CASSPGQGPPKLFF	TRBV5-6	TRBJ2-2
CTSVPAVTSGSGSPLHF	TRBV7-2	TRBJ1-6
CSARRAGTGVFTDTQYF	TRBV20-1	TRBJ2-3
CASSWQGTSYEQYF	TRBV4-1	TRBJ2-7
CASTPPRTDPYEQYF	TRBV7-9	TRBJ2-7
CASSEGTSGPDTQYF	TRBV9	TRBJ2-3
CASSQAPGPAYGYTF	TRBV27	TRBJ1-2
CASSIALGGWQPQHF	TRBV19	TRBJ1-5
CASSPSASGSNDEQFF	TRBV12-4	TRBJ2-1
CASSDSRPAGNTIYF	TRBV7-9	TRBJ1-3
CASSLDSGNTIYF	TRBV5-6	TRBJ1-3
CASSFSLAGGPSTDTQYF	TRBV11-2	TRBJ2-3
CASSQVVGADNEQFF	TRBV4-1	TRBJ2-1
CASSPGVSYEQYF	TRBV19	TRBJ2-7
CASSARPPGQVSGELFF	TRBV9	TRBJ2-2
CASSITLAGGHLYNEQFF	TRBV19	TRBJ2-1
CASSQDEGLNTEAFF	TRBV3-1	TRBJ1-1
CAISQSVNTEAFF	TRBV10-3	TRBJ1-1
CASTGTEVYNEQFF	TRBV5-6	TRBJ2-1
CASSFHAGGRGHEQFF	TRBV7-9	TRBJ2-1
CASSYGGSTEAFF	TRBV6-5	TRBJ1-1
CASSFSKGSGTDGYTF	TRBV27	TRBJ1-2
CASSPPDSYEQYF	TRBV4-1	TRBJ2-7
CASSLVVGVQVIQYF	TRBV7-9	TRBJ2-5
CSADRDRGTDTQYF	TRBV20-1	TRBJ2-3
CASSQGDWIRDGTYSNQPQHF	TRBV4-1	TRBJ1-5
CASSPSGSYNEQFF	TRBV6-6	TRBJ2-1
CASMLAGSEETQYF	TRBV5-6	TRBJ2-5
CATSERTGGEETQYF	TRBV24-1	TRBJ2-5
CASSVDGGTQYF	TRBV9	TRBJ2-3
CASSLIFPGDLPHQETQYF	TRBV11-2	TRBJ2-5
CATGWGNTEAFF	TRBV15	TRBJ1-1
CASSSGTGDVYEQYF	TRBV19	TRBJ2-7
CASSAGTGDTDTQYF	TRBV6-4	TRBJ2-3
CASSFGRGNTEAFF	TRBV27	TRBJ1-1
CASSLGPWGVKNIQYF	TRBV7-8	TRBJ2-4
CASSRLNNEQFF	TRBV27	TRBJ2-1
CASSEMGESQHF	TRBV7-9	TRBJ1-5
CASSWKDPDLSGYTF	TRBV5-1	TRBJ1-2
CASSIQGEWTEAFF	TRBV19	TRBJ1-1
CASSTEDGNYGYTF	TRBV7-8	TRBJ1-2
CASSDPTSGGYNEQFF	TRBV19	TRBJ2-1
CASRGLNTEAFF	TRBV7-2	TRBJ1-1
CASSLAAGNTEAFF	TRBV7-9	TRBJ1-1
CASSLGLAGVNEQFF	TRBV11-2	TRBJ2-1
CASTSGTGEVNEQFF	TRBV5-6	TRBJ2-1
CASRRTGGDLAKNIQYF	TRBV12-3	TRBJ2-4
CASSLLQGAKETQYF	TRBV7-9	TRBJ2-5
CAWSVGQAPEKLFF	TRBV30	TRBJ1-4
CASSISRGYTEAFF	TRBV19	TRBJ1-1
CASSIGGGANEKLFF	TRBV19	TRBJ1-4
CASSFTAGSTGELFF	TRBV5-8	TRBJ2-2
CASSQESGHQETQYF	TRBV14	TRBJ2-5
CASSLAQGVSTDTQYF	TRBV27	TRBJ2-3
CAITGGNSPLHF	TRBV10-3	TRBJ1-6
CASSTQMETQYF	TRBV11-3	TRBJ2-5
CATSEGQGASQPQHF	TRBV24-1	TRBJ1-5
CASSMGDRVETQYF	TRBV19	TRBJ2-5
CASSQDPPLWGQTNEQFF	TRBV14	TRBJ2-1
CATRYSENTEAFF	TRBV24-1	TRBJ1-1
CASSLIVGADEQYF	TRBV7-8	TRBJ2-7
CATSRPRSLAVNTGELFF	TRBV15	TRBJ2-2
CASRLGQGAYNYGYTF	TRBV19	TRBJ1-2
CASSPTYNEQFF	TRBV5-4	TRBJ2-1
CASSQLRDTFTDTQYF	TRBV3-1	TRBJ2-3
CASSQVPQGLSGNTIYF	TRBV3-1	TRBJ1-3
CASRESSNTGELFF	TRBV10-1	TRBJ2-2
CASSQGQGYTEAFF	TRBV4-1	TRBJ1-1
CASSQVRGINIQYF	TRBV4-3	TRBJ2-4
CATSGPHTDTQYF	TRBV24-1	TRBJ2-3
CASSHGQGYEQYF	TRBV11-2	TRBJ2-7
CASSLWPSGTNEQFF	TRBV7-8	TRBJ2-1
CASSGGPTGELFF	TRBV2	TRBJ2-2
CASSQNDGRQTQETQYF	TRBV3-1	TRBJ2-5
CASSDYPGAYGYTF	TRBV6-4	TRBJ1-2
CASGRLDIEQFF	TRBV16	TRBJ2-1
CASSQAPARNTEAFF	TRBV4-1	TRBJ1-1
CASSSNRRGGEQFF	TRBV13	TRBJ2-1
CASSHWQVIADNTGELFF	TRBV5-8	TRBJ2-2
CASSGYNEQFF	TRBV9	TRBJ2-1
CSARGGVAILNSNQPQHF	TRBV20-1	TRBJ1-5
CASSSGTGANTGELFF	TRBV5-4	TRBJ2-2
CASSPRDNTDTQYF	TRBV3-1	TRBJ2-3
CAISVFGAVSSYNEQFF	TRBV10-3	TRBJ2-1
CASSYVEENYGYTF	TRBV6-6	TRBJ1-2
CASSFTSGTTDTQYF	TRBV7-9	TRBJ2-3
CASIRDGQGGTEAFF	TRBV19	TRBJ1-1
CASKGDIGEKLFF	TRBV11-2	TRBJ1-4
CAIAGPSRGYTF	TRBV19	TRBJ1-2
CASSRTESGNEQFF	TRBV12-4	TRBJ2-1
CASSHAGTGAGEQFF	TRBV5-1	TRBJ2-1
CASSQVSEQETQYF	TRBV3-1	TRBJ2-5
CASSQDRGGPEGLNYGYTF	TRBV3-1	TRBJ1-2
CASSLDLGGIQYNEQFF	TRBV7-2	TRBJ2-1
CASSQVSSYTEAFF	TRBV14	TRBJ1-1
CASSLILTSRELFF	TRBV6-3	TRBJ2-2
CASSDPPTDWSRGLYGYTF	TRBV6-5	TRBJ1-2
CASSSTTANTEAFF	TRBV7-9	TRBJ1-1
CASSLTSGGAVGNEQFF	TRBV7-3	TRBJ2-1
CASSPAVEDEQFF	TRBV18	TRBJ2-1
CASSTRDRFYEQYF	TRBV27	TRBJ2-7
CASSDLTDYGYTF	TRBV5-4	TRBJ1-2
CASSEAYMNTGELFF	TRBV6-1	TRBJ2-2
CASSYGTSGTYEQYF	TRBV4-1	TRBJ2-7
CAPNRDSPYEQYF	TRBV10-3	TRBJ2-7
CASSEAMSAYEQFF	TRBV2	TRBJ2-1
CASSIAGFGNTIYF	TRBV19	TRBJ1-3
CASSHLQTSGGAGETQYF	TRBV4-1	TRBJ2-5
CASSPQGGTPNEQFF	TRBV4-1	TRBJ2-1
CASSSLDKGWGTDTQYF	TRBV7-9	TRBJ2-3
CSGATGLSYNEQFF	TRBV29-1	TRBJ2-1
CSAGDRYSNQPQHF	TRBV20-1	TRBJ1-5
CASRTGHTSPDQPQHF	TRBV25-1	TRBJ1-5
CATSDLSDTQYF	TRBV24-1	TRBJ2-3
CAWSVLSYTDTQYF	TRBV30	TRBJ2-3
CASSLGQGPDGYTF	TRBV5-1	TRBJ1-2
CASSQFGGTEAFF	TRBV16	TRBJ1-1
CATGTAPSYEQYF	TRBV19	TRBJ2-7
CASRDKAAQDEKLFF	TRBV4-1	TRBJ1-4
CASSPRPQRGGYEQYF	TRBV7-9	TRBJ2-7
CASRSGTGSTGELFF	TRBV7-8	TRBJ2-2
CSARDNYGYTF	TRBV20-1	TRBJ1-2
CASSQAGDNEQFF	TRBV4-1	TRBJ2-1
CASSYGENTEAFF	TRBV6-5	TRBJ1-1
CASMWSDAYEQYF	TRBV6-1	TRBJ2-7
CASSYEISGEGKNTGELFF	TRBV6-3	TRBJ2-2
CASSFEREQFF	TRBV7-9	TRBJ2-1
CASSIGDYGYTF	TRBV19	TRBJ1-2
CASSSMAVEQFF	TRBV7-2	TRBJ2-1
CASSEPLVNEQFF	TRBV14	TRBJ2-1
CSARDLAGGTYNEQFF	TRBV20-1	TRBJ2-1
CSVLPLNNEQFF	TRBV29-1	TRBJ2-1
CASSARSTETDTQYF	TRBV9	TRBJ2-3
CATSSTDDYKHYNEQFF	TRBV24-1	TRBJ2-1
CASSDLMGLALDEQFF	TRBV7-9	TRBJ2-1
CATSIRLRPWQGGDEQFF	TRBV15	TRBJ2-1
CASSGAGTYGYTF	TRBV9	TRBJ1-2
CASSLAGQGAHGYTF	TRBV7-9	TRBJ1-2
CASWRVGTDTQYF	TRBV19	TRBJ2-3
CSAIPASSGANVLTF	TRBV20-1	TRBJ2-6
CASSAPGTDTQYF	TRBV9	TRBJ2-3
CASSLGLAGLNTQYF	TRBV7-9	TRBJ2-3
CASSIPNGGELFF	TRBV19	TRBJ2-2
CAWSTGGGYGYTF	TRBV30	TRBJ1-2
CASSDSTGELFF	TRBV6-4	TRBJ2-2
CASTLGSGNSPLHF	TRBV12-4	TRBJ1-6
CASSSTGTFDETQYF	TRBV7-8	TRBJ2-5
CASSFERGGPDTQYF	TRBV12-3	TRBJ2-3
CSARAAGGQIYEQYF	TRBV20-1	TRBJ2-7
CASSPPRGALYHEQYF	TRBV3-1	TRBJ2-7
CASSRRQLTNTEAFF	TRBV6-3	TRBJ1-1
CASSPMRGALLEQYF	TRBV5-1	TRBJ2-7
CSARGGVRTTPHEETSTDTQYF	TRBV20-1	TRBJ2-3
CASSGTSGHNEQFF	TRBV18	TRBJ2-1
CSVRENHNEQFF	TRBV20-1	TRBJ2-1
CASSYSLAGAEETQYF	TRBV6-3	TRBJ2-5
CASSQDPGSNQPQHF	TRBV4-1	TRBJ1-5
CASSWASGAQETQYF	TRBV9	TRBJ2-5
CSARTPDRDLVYEQYF	TRBV20-1	TRBJ2-7
CASSLDSAYEQYF	TRBV11-2	TRBJ2-7
CASIRGAGTEAFF	TRBV19	TRBJ1-1
CASSLARSQPQHF	TRBV27	TRBJ1-5
CATGQGPSYEQYF	TRBV10-3	TRBJ2-7
CASSYSLAGVRDRHNTGELFF	TRBV6-3	TRBJ2-2
CASSIGGAGEQFF	TRBV19	TRBJ2-1
CASSLDTSGGLGSYEQYF	TRBV7-9	TRBJ2-7
CASRKTLNTEAFF	TRBV6-3	TRBJ1-1
CAEGPWGGELFF	TRBV6-3	TRBJ2-2
CASSFSGTLGGTQYF	TRBV7-9	TRBJ2-5
CASSDRDTGELFF	TRBV6-4	TRBJ2-2
CASSQVGSYKGYTF	TRBV4-2	TRBJ1-2
CASSPLTAVNTEAFF	TRBV19	TRBJ1-1
CASSFWTGETEAFF	TRBV5-4	TRBJ1-1
CASSDPNPGQGEHDSNQPQHF	TRBV7-9	TRBJ1-5
CASSLSSRRDTQYF	TRBV11-3	TRBJ2-3
CASSVGTGYEQYF	TRBV9	TRBJ2-7
CATRQGFTEAFF	TRBV19	TRBJ1-1
CAWGGLDGEQFF	TRBV30	TRBJ2-1
CASCPLGSGGTEAFF	TRBV27	TRBJ1-1
CSVVGTPDENTEAFF	TRBV29-1	TRBJ1-1
CASSQVGLGYEQYF	TRBV4-1	TRBJ2-7
CASSPDGRAQETQYF	TRBV19	TRBJ2-5
CASRYTMDSSGNTIYF	TRBV2	TRBJ1-3
CASSEDGAFPWGYTF	TRBV6-6	TRBJ1-2
CASSLVGGRRDTQYF	TRBV7-3	TRBJ2-3
CASSQTMTEGTPEKLFF	TRBV3-1	TRBJ1-4
CASSLPPTEAFF	TRBV9	TRBJ1-1
CASSPGQVNTEAFF	TRBV10-1	TRBJ1-1
CASSIPFGAGANTGELFF	TRBV19	TRBJ2-2
CATSAGVTEAFF	TRBV24-1	TRBJ1-1
CASGLVQLSNEQFF	TRBV12-5	TRBJ2-1
CASSGSSYNEQFF	TRBV6-1	TRBJ2-1
CASSISTGGFTEAFF	TRBV13	TRBJ1-1
CASSQLGNGYTF	TRBV3-1	TRBJ1-2
CASSLGLAGTYNEQFF	TRBV5-4	TRBJ2-1
CASSAPSQNTGELFF	TRBV10-2	TRBJ2-2
CASSIASWAWGQPQHF	TRBV19	TRBJ1-5
CASSLGQGARNYEQYF	TRBV12-3	TRBJ2-7
CATSTPGLAGHTGELFF	TRBV15	TRBJ2-2
CASSSGTGGTEAFF	TRBV5-5	TRBJ1-1
CSARQGYQFF	TRBV20-1	TRBJ2-1
CASSTYEGREEETQYF	TRBV19	TRBJ2-5
CASRPRPGQASTDTQYF	TRBV6-5	TRBJ2-3
CASSLQGDTIYF	TRBV5-1	TRBJ1-3
CAISSGTGATEAFF	TRBV10-3	TRBJ1-1
CASSPFNTEAFF	TRBV6-3	TRBJ1-1
CSAHGDSRRLNSPLHF	TRBV20-1	TRBJ1-6
CASSHEGTGVGQETQYF	TRBV14	TRBJ2-5
CASSLVLAGGPGDTQYF	TRBV27	TRBJ2-3
CASSSHTRGMNTEAFF	TRBV7-8	TRBJ1-1
CASSSGGLNNEQFF	TRBV19	TRBJ2-1
CSARVIASYNEQFF	TRBV20-1	TRBJ2-1
CASIPGHTSGNTIYF	TRBV2	TRBJ1-3
CASRDRGNTEAFF	TRBV19	TRBJ1-1
CASSHLSETQYF	TRBV14	TRBJ2-5
CASSPGTGLTRGSGELFF	TRBV4-1	TRBJ2-2
CASRQGSGTGELFF	TRBV6-4	TRBJ2-2
CASSSPDRDYEQYF	TRBV12-4	TRBJ2-7
CASSRPEGAETQYF	TRBV5-6	TRBJ2-5
CASSLGGFSQPQHF	TRBV27	TRBJ1-5
CASSQTGGDGYTF	TRBV2	TRBJ1-2
CATLQGPKAFF	TRBV2	TRBJ1-1
CASSQDEGVNTEAFF	TRBV3-1	TRBJ1-1
CASSYSWGQFF	TRBV6-3	TRBJ2-1
CAISESTTPTGYGYTF	TRBV10-3	TRBJ1-2
CASSQGTENTEAFF	TRBV4-1	TRBJ1-1
CATSGLKETQYF	TRBV15	TRBJ2-5
CASSKTGTRTDTQYF	TRBV5-6	TRBJ2-3
CASSFEGETGELFF	TRBV7-9	TRBJ2-2
CASLLGTGELFF	TRBV7-2	TRBJ2-2
CASSIMGQATEAFF	TRBV19	TRBJ1-1
CASSIDGPGGISDTQYF	TRBV19	TRBJ2-3
CASSSDDAFYGYTF	TRBV7-9	TRBJ1-2
CSARDGDLPMPGYTF	TRBV20-1	TRBJ1-2
CAISESFSNYNSPLHF	TRBV10-3	TRBJ1-6
CASSPELVRSEQYF	TRBV7-9	TRBJ2-7
CASSQRPFPAGGDSYNEQFF	TRBV14	TRBJ2-1
CASSVTESGANVLTF	TRBV7-9	TRBJ2-6
CASSLSGSPYEQYF	TRBV27	TRBJ2-7
CASRKWSATNEKLFF	TRBV5-1	TRBJ1-4
CSARDRQSSYNEQFF	TRBV20-1	TRBJ2-1
CASSLADSISPLHF	TRBV7-2	TRBJ1-6
CASRSRSGGEGDTQYF	TRBV7-9	TRBJ2-3
CASSSTGNEQFF	TRBV7-9	TRBJ2-1
CSAKLAGGHNEQFF	TRBV20-1	TRBJ2-1
CASSLDNAGELFF	TRBV7-9	TRBJ2-2
CASSQDDGLAGYSTDTQYF	TRBV4-1	TRBJ2-3
CASSLTGGFSTNEKLFF	TRBV7-2	TRBJ1-4
CASSQKNNEQFF	TRBV4-3	TRBJ2-1
CASSPEGGGTYNEQFF	TRBV11-3	TRBJ2-1
CASSQASAGGPADTQYF	TRBV4-3	TRBJ2-3
CSAPSGGLEAFF	TRBV20-1	TRBJ1-1
CSARTGGDYGYTF	TRBV20-1	TRBJ1-2
CASSLGEQGTF	TRBV12-4	TRBJ1-2
CASSQWGTEAFF	TRBV11-3	TRBJ1-1
CASSTWTVNTEAFF	TRBV19	TRBJ1-1
CATKVVASGSYEQFF	TRBV24-1	TRBJ2-1
CASSQVFERVYNEQFF	TRBV4-1	TRBJ2-1
CASSWDRVSNQPQHF	TRBV19	TRBJ1-5
CATSDGTGENTEAFF	TRBV24-1	TRBJ1-1
CASSFLAGANVLTF	TRBV7-9	TRBJ2-6
CASSSMTGSNTEAFF	TRBV5-6	TRBJ1-1
CASSQVWPGPSTDTQYF	TRBV4-1	TRBJ2-3
CASSQGRGSNQPQHF	TRBV4-1	TRBJ1-5
CASSVVNRWGLVNTEAFF	TRBV9	TRBJ1-1
CASSQVAGFTEAFF	TRBV4-3	TRBJ1-1
CASSSGTMMNYGYTF	TRBV7-8	TRBJ1-2
CASSQDVARGNQPQHF	TRBV4-1	TRBJ1-5
CATSGTGLNTEAFF	TRBV24-1	TRBJ1-1
CASSLIGQKNTEAFF	TRBV5-8	TRBJ1-1
CASSIGTSLARDTQYF	TRBV7-8	TRBJ2-3
CASSPGNGANYGYTF	TRBV27	TRBJ1-2
CAWSETSGSLNTGELFF	TRBV30	TRBJ2-2
CASSVDRTGVYGYTF	TRBV9	TRBJ1-2
CASASGWGVNTEAFF	TRBV6-5	TRBJ1-1
CASSDSNGINEKLFF	TRBV10-1	TRBJ1-4
CASSLGTPNTGELFF	TRBV10-2	TRBJ2-2
CASSLALVGVAGYTF	TRBV7-9	TRBJ1-2
CASSQDFGAAGELFF	TRBV4-1	TRBJ2-2
CASSLVEVETQYF	TRBV7-8	TRBJ2-5
CSARGSGTYEQYF	TRBV20-1	TRBJ2-7
CASSYSGANVLTF	TRBV6-5	TRBJ2-6
CASSPGQGFDTQYF	TRBV6-5	TRBJ2-3
CASTQGLAGEWAGELFF	TRBV7-6	TRBJ2-2
CASSLFRGGSYNEQFF	TRBV7-6	TRBJ2-1
CASSWGGWGETQYF	TRBV7-9	TRBJ2-5
CASSLSGGNSYNEQFF	TRBV4-1	TRBJ2-1
CASSLRGGRSNEKLFF	TRBV7-6	TRBJ1-4
CASSGLAGPLGEQYF	TRBV27	TRBJ2-7
CSALTGLIYHEQYF	TRBV20-1	TRBJ2-7
CASSVDRTYEQYF	TRBV5-1	TRBJ2-7
CASSQNTGFSGNTIYF	TRBV4-3	TRBJ1-3
CASSLTSGQKYEQYF	TRBV7-9	TRBJ2-7
CASSLRTGGEDTQYF	TRBV18	TRBJ2-3
CASSILAGSGNTIYF	TRBV19	TRBJ1-3
CASSYWGSDGYTF	TRBV6-5	TRBJ1-2
CSASGRAHGELFF	TRBV20-1	TRBJ2-2
CASSPGQGAPNEQFF	TRBV14	TRBJ2-1
CASSVAGGGTGELFF	TRBV9	TRBJ2-2
CASSLKNGGPGGIGLHF	TRBV7-9	TRBJ1-6
CASSDVLGGQFF	TRBV19	TRBJ2-1
CASSFISSYNEQFF	TRBV12-3	TRBJ2-1
CASSLSLSWFPNTGELFF	TRBV27	TRBJ2-2
CASSLGDRDDSPLHF	TRBV13	TRBJ1-6
CATSSDRRPGEETQYF	TRBV15	TRBJ2-5
CASSDGRDTEAFF	TRBV6-6	TRBJ1-1
CASDPGTDNQPQHF	TRBV19	TRBJ1-5
CASSQGTVSGNTIYF	TRBV7-8	TRBJ1-3
CASSNGQGSDTQYF	TRBV19	TRBJ2-3
CASSSPGTGWTGELFF	TRBV9	TRBJ2-2
CASSTDIYNEQFF	TRBV5-6	TRBJ2-1
CASGLAGQGPYNEQFF	TRBV12-5	TRBJ2-1
CASSQYPGSEGGNQPQHF	TRBV4-1	TRBJ1-5
CASSLLDGETQYF	TRBV12-4	TRBJ2-5
CSVEDSSTDTQYF	TRBV29-1	TRBJ2-3
CASNSGGVSEQFF	TRBV7-2	TRBJ2-1
CASSEYYSTGELFF	TRBV6-1	TRBJ2-2
CASSLDASLNEQFF	TRBV5-4	TRBJ2-1
CASSPGTGNYGYTF	TRBV7-9	TRBJ1-2
CASSIDSYYNEQFF	TRBV19	TRBJ2-1
CASSVGAGEFNEQFF	TRBV9	TRBJ2-1
CASSVELAGGPQTQYF	TRBV9	TRBJ2-5
CASRGTDYGYTF	TRBV6-5	TRBJ1-2
CASSYKVYNEQFF	TRBV6-5	TRBJ2-1
CASGPGQGNGYTF	TRBV5-6	TRBJ1-2
CASSLEGQGDTEAFF	TRBV12-4	TRBJ1-1
CASSTWTDGKETQYF	TRBV27	TRBJ2-5
CASLGQGYQETQYF	TRBV11-2	TRBJ2-5
CASSVGGAGYTF	TRBV9	TRBJ1-2
CSASSQGKAVNTEAFF	TRBV20-1	TRBJ1-1
CASSLGSGGTDTQYF	TRBV4-3	TRBJ2-3
CASSVKTGTGATEAFF	TRBV6-3	TRBJ1-1
CASSHRTSGGAFPYEQYF	TRBV14	TRBJ2-7
CASSLTGNTEAFF	TRBV12-4	TRBJ1-1
CASSEAVGSEAFF	TRBV6-1	TRBJ1-1
CSARVGLGTEAFF	TRBV20-1	TRBJ1-1
CASSPREGSIFQPQHF	TRBV18	TRBJ1-5
CASSYSTTSVLPSEAFF	TRBV6-5	TRBJ1-1
CASSFGGENSPLHF	TRBV27	TRBJ1-6
CASSQVWSGEYGYTF	TRBV4-1	TRBJ1-2
CASSQGGTGMEKLFF	TRBV4-1	TRBJ1-4
CASSSTGTGTNTEAFF	TRBV5-1	TRBJ1-1
CSAPLLMEPEAFF	TRBV20-1	TRBJ1-1
CASSPWGREQFF	TRBV9	TRBJ2-1
CASSSLAGSFKDTQYF	TRBV6-5	TRBJ2-3
CAWSATYASTIYGYTF	TRBV30	TRBJ1-2
CASSDPDRGNYGYTF	TRBV6-3	TRBJ1-2
CASSVQQGPNEKLFF	TRBV9	TRBJ1-4
CASSHGGISYNEQFF	TRBV6-1	TRBJ2-1
CASSLSLAGRNEQFF	TRBV7-9	TRBJ2-1
CASSPVAPGGSSYNEQFF	TRBV5-1	TRBJ2-1
CASSLDDRRNYGYTF	TRBV12-4	TRBJ1-2
CASSPLAGDGKTQYF	TRBV27	TRBJ2-5
CASSLRGMSSYEQYF	TRBV27	TRBJ2-7
CASSLQALAGGGEQFF	TRBV27	TRBJ2-1
CASRAGGAADTQYF	TRBV12-4	TRBJ2-3
CASSLGQESSTDTQYF	TRBV12-3	TRBJ2-3
CASSLVSGIWLAGELFF	TRBV7-7	TRBJ2-2
CASSFSQGAFSETQYF	TRBV12-4	TRBJ2-5
CASSLAGGGYEKLFF	TRBV12-4	TRBJ1-4
CASSAREQLVPSISGANVLTF	TRBV9	TRBJ2-6
CASSLYSGRIGGETQYF	TRBV5-1	TRBJ2-5
CASSRGAGADTQYF	TRBV2	TRBJ2-3
CASSRGGGGLEAFF	TRBV27	TRBJ1-1
CASSQGGSGSLGEQFF	TRBV4-1	TRBJ2-1
CASSSEGAGELFF	TRBV12-4	TRBJ2-2
CASSPGLAGGPDTGELFF	TRBV4-3	TRBJ2-2
CASSQAFSPGLAGASYNEQFF	TRBV7-6	TRBJ2-1
CASSRRLAENTNEQFF	TRBV7-9	TRBJ2-1
CASSQDARTTKEQFF	TRBV3-1	TRBJ2-1
CASSPWGSGSSYEQYF	TRBV5-1	TRBJ2-7
CASSWDIQYF	TRBV7-9	TRBJ2-4
CASSPTGGPKNIQYF	TRBV7-9	TRBJ2-4
CASSMTGLNTGELFF	TRBV19	TRBJ2-2
CASSFTTNEKLFF	TRBV5-1	TRBJ1-4
CASSPGTGDSLGELFF	TRBV7-9	TRBJ2-2
CASSFVGGSYEQYF	TRBV11-1	TRBJ2-7
CASSSGDSFFTGELFF	TRBV7-9	TRBJ2-2
CASSSRPTGPYEQYF	TRBV5-6	TRBJ2-7
CASSLGGPGEPQHF	TRBV7-2	TRBJ1-5
CASSLLLAGDTDTQYF	TRBV27	TRBJ2-3
CASSFLGGGTEAFF	TRBV12-4	TRBJ1-1
CASSIVGGRREQFF	TRBV19	TRBJ2-1
CASSLGQGRKLFF	TRBV13	TRBJ1-4
CATSDLQGGGPFNEQFF	TRBV24-1	TRBJ2-1
CASSQPMGGESYNEQFF	TRBV7-8	TRBJ2-1
CASSSGLDKYNEQFF	TRBV13	TRBJ2-1
CASSLAAGGAYGYTF	TRBV12-4	TRBJ1-2
CATSDGRDDEQFF	TRBV24-1	TRBJ2-1
CAIRRRQDSYNEQFF	TRBV10-3	TRBJ2-1
CASSEQGASNQPQHF	TRBV6-1	TRBJ1-5
CASSTPDRGRWGEQFF	TRBV27	TRBJ2-1
CASSSTSGATGELFF	TRBV11-2	TRBJ2-2
CASSQWDGYEQYF	TRBV3-1	TRBJ2-7
CSAQETVMNTEAFF	TRBV20-1	TRBJ1-1
CASSWGTGGTDTQYF	TRBV19	TRBJ2-3
CASSYGLYSNQPQHF	TRBV19	TRBJ1-5
CASSQEGGGWGTEAFF	TRBV4-1	TRBJ1-1
CATSAVGTGGSGYGYTF	TRBV24-1	TRBJ1-2
CASGYSNQPQHF	TRBV19	TRBJ1-5
CASSMGGPDTGELFF	TRBV3-1	TRBJ2-2
CASSFTGPNTEAFF	TRBV11-2	TRBJ1-1
CASRDRGDYGYTF	TRBV14	TRBJ1-2
CASSLGVGDVQETQYF	TRBV7-6	TRBJ2-5
CSATGTASASYEQYF	TRBV20-1	TRBJ2-7
CASSPGTDPFNYGYTF	TRBV18	TRBJ1-2
CASSLVSMNTEAFF	TRBV27	TRBJ1-1
CASSLDRVAGYYGYTF	TRBV11-2	TRBJ1-2
CASSEDSGGAYNEQFF	TRBV11-1	TRBJ2-1
CASSPDSGAFWPHGYTF	TRBV7-9	TRBJ1-2
CASKPRLSSYNEQFF	TRBV11-3	TRBJ2-1
CASSPYLTLGELFF	TRBV27	TRBJ2-2
CASSDRSAKNIQYF	TRBV2	TRBJ2-4
CASSPLGGREAFF	TRBV14	TRBJ1-1
CASSWGTNTEAFF	TRBV5-4	TRBJ1-1
CSVDGTMETQYF	TRBV29-1	TRBJ2-5
CASLTRDRGFDEQYF	TRBV7-9	TRBJ2-7
CASSTPRLGGVGETQYF	TRBV28	TRBJ2-5
CASSGLGQTYEQYF	TRBV9	TRBJ2-7
CASSLATGEYPTNYGYTF	TRBV7-8	TRBJ1-2
CASFSGGSYNEQFF	TRBV27	TRBJ2-1
CASSPRVEGAWYTEAFF	TRBV5-1	TRBJ1-1
CASSMGQGGNTQYF	TRBV13	TRBJ2-3
CSGVAPDSEQFF	TRBV29-1	TRBJ2-1
CASSETAVGNEQYF	TRBV10-2	TRBJ2-7
CASSLQRVASGVPQYNEQFF	TRBV19	TRBJ2-1
CASSSPLPGTGVNEQFF	TRBV7-9	TRBJ2-1
CASSPTSGRADTQYF	TRBV7-2	TRBJ2-3
CASSIESRNGELFF	TRBV19	TRBJ2-2
CASSYRGEAGELFF	TRBV6-6	TRBJ2-2
CASSPRLGLLSTDTQYF	TRBV7-2	TRBJ2-3
CASSLTGPDGYGYTF	TRBV27	TRBJ1-2
CASSSGGAPDTQYF	TRBV11-2	TRBJ2-3
CSAYGPFGSQHF	TRBV20-1	TRBJ1-5
CASSETSGPPYEQYF	TRBV5-1	TRBJ2-7
CASSFQPSSYNEQFF	TRBV5-4	TRBJ2-1
CASSLLAGAGAGELFF	TRBV7-9	TRBJ2-2
CATSGVAEAFF	TRBV24-1	TRBJ1-1
CASSPPRVAGGVTQYF	TRBV11-3	TRBJ2-5
CASSPRGPAYGYTF	TRBV9	TRBJ1-2
CASKPGGPNTEAFF	TRBV19	TRBJ1-1
CASSSSQEALTDTQYF	TRBV11-2	TRBJ2-3
CSAGGLAGRDTQYF	TRBV20-1	TRBJ2-3
CSARDWASETYNEQFF	TRBV20-1	TRBJ2-1
CASSTQGLAGVNGELFF	TRBV7-7	TRBJ2-2
CASSVGGADTQYF	TRBV7-9	TRBJ2-3
CASSDKGADTQYF	TRBV27	TRBJ2-3
CASSDSAYDYNEQFF	TRBV9	TRBJ2-1
CASSPNYNEQFF	TRBV7-2	TRBJ2-1
CASSQGENEQYF	TRBV4-1	TRBJ2-7
CATDSGLNTGELFF	TRBV24-1	TRBJ2-2
CASSRVQGWEKLFF	TRBV7-9	TRBJ1-4
CASGLGPAGYTF	TRBV12-5	TRBJ1-2
CASSLAETQYF	TRBV5-4	TRBJ2-5
CASSLDGGNTEAFF	TRBV11-2	TRBJ1-1
CSVGGQSSMNTEAFF	TRBV29-1	TRBJ1-1
CSVDGLLTGEGGNTIYF	TRBV29-1	TRBJ1-3
CASSLLGTGVVHEQYF	TRBV13	TRBJ2-7
CASSSSRAASNQPQHF	TRBV7-8	TRBJ1-5
CASSRTGPGETQYF	TRBV5-1	TRBJ2-5
CAWATGTGGSGYEQFF	TRBV30	TRBJ2-1
CASSSDRADNEQFF	TRBV13	TRBJ2-1
CASSTGQGSNQPQHF	TRBV5-6	TRBJ1-5
CASSLSGLSEAFF	TRBV28	TRBJ1-1
CASSLGGARPQHF	TRBV7-6	TRBJ1-5
CASSLGTGVKETQYF	TRBV5-1	TRBJ2-5
CASALIQGVYTF	TRBV19	TRBJ1-2
CASSAGLILGDTEAFF	TRBV19	TRBJ1-1
CASSLEGNEQYF	TRBV5-5	TRBJ2-7
CASRPAAPYQPQHF	TRBV6-6	TRBJ1-5
CSARDQGTQYF	TRBV20-1	TRBJ2-5
CASSLLSSGRVNEQFF	TRBV12-4	TRBJ2-1
CASSVSDGGYNEQFF	TRBV9	TRBJ2-1
CASSLILSETQYF	TRBV11-3	TRBJ2-5
CSARGREAGNTIYF	TRBV20-1	TRBJ1-3
CSARDRPGTSGGYLAKNIQYF	TRBV20-1	TRBJ2-4
CASSFNGAPDHGYTF	TRBV7-9	TRBJ1-2
CASSFLGEGQPQHF	TRBV27	TRBJ1-5
CASSWGANYGYTF	TRBV19	TRBJ1-2
CSASDRGGWGQFF	TRBV29-1	TRBJ2-1
CASSGGQEDYGYTF	TRBV13	TRBJ1-2
CASSARDRPIYGYTF	TRBV9	TRBJ1-2
CAISESVGSYEQYF	TRBV10-3	TRBJ2-7
CASSTFEEILIGYEQYF	TRBV6-3	TRBJ2-7
CATSNTGYSGANVLTF	TRBV15	TRBJ2-6
CASSIGTGNTEAFF	TRBV19	TRBJ1-1
CASSQARTSEQYF	TRBV10-1	TRBJ2-7
CASSPTSGTVNEQFF	TRBV6-5	TRBJ2-1
CASSYHLGYGPTNEKLFF	TRBV6-3	TRBJ1-4
CASSLQSSGNTIYF	TRBV7-9	TRBJ1-3
CASSWTGGYEQYF	TRBV7-9	TRBJ2-7
CASSPGLPAHTEAFF	TRBV4-1	TRBJ1-1
CASSLVGRSDNEQFF	TRBV7-8	TRBJ2-1
CATSDGQTLETQYF	TRBV24-1	TRBJ2-5
CATRGGAGNEQFF	TRBV24-1	TRBJ2-1
CSARVVLSRGYGYTF	TRBV20-1	TRBJ1-2
CASTVSGTGAWNTEAFF	TRBV12-4	TRBJ1-1
CASSMGQASYEQYF	TRBV7-9	TRBJ2-7
CASSIAGSTDTQYF	TRBV12-4	TRBJ2-3
CASSEVEGGTEAFF	TRBV2	TRBJ1-1
CASMGNFQETQYF	TRBV27	TRBJ2-5
CASSYKREYTGELFF	TRBV6-3	TRBJ2-2
CATSRVVSWNTEAFF	TRBV15	TRBJ1-1
CATSDGGGDEQFF	TRBV24-1	TRBJ2-1
CASSQDSGSADTQYF	TRBV4-3	TRBJ2-3
CASSPQPGILSYEQYF	TRBV4-1	TRBJ2-7
CASSIVGTGNTEAFF	TRBV19	TRBJ1-1
CASSYRTSGINTQYF	TRBV5-1	TRBJ2-3
CASSAIGGEEKLFF	TRBV12-4	TRBJ1-4
CSLAGGDVGGYTF	TRBV29-1	TRBJ1-2
CASSSTASGNTGELFF	TRBV7-9	TRBJ2-2
CATSDKIAGGNQETQYF	TRBV24-1	TRBJ2-5
CASSFHSGTDTQYF	TRBV5-4	TRBJ2-3
CASSLDLETGDTEAFF	TRBV11-2	TRBJ1-1
CASSSRQSSTDTQYF	TRBV5-5	TRBJ2-3
CASSIGLVNEQFF	TRBV19	TRBJ2-1
CASSHDTRNNEQFF	TRBV5-6	TRBJ2-1
CSARDRDRGYEQYF	TRBV20-1	TRBJ2-7
CASSQYIENTGELFF	TRBV4-3	TRBJ2-2
CASSDGGGGYYNEQFF	TRBV10-2	TRBJ2-1
CASSYDTANLANYGYTF	TRBV6-5	TRBJ1-2
CASMRTGNTEAFF	TRBV19	TRBJ1-1
CASSGGQGVMDGYTF	TRBV13	TRBJ1-2
CASSFGTAEEQFF	TRBV11-2	TRBJ2-1
CASSPGLAGDNEQFF	TRBV6-3	TRBJ2-1
CASSVGGRGNEQFF	TRBV7-2	TRBJ2-1
CASSLGQGNQPQHF	TRBV2	TRBJ1-5
CASSAGTGNEQYF	TRBV19	TRBJ2-7
CASSPNRGLVTEAFF	TRBV19	TRBJ1-1
CASSQLEDRVGSPLHF	TRBV7-9	TRBJ1-6
CASSQDIGTGGVNEQFF	TRBV4-1	TRBJ2-1
CASRVIQEMNTEAFF	TRBV6-1	TRBJ1-1
CSALSSGGRTDTQYF	TRBV20-1	TRBJ2-3
CAWRTGPVGNTIYF	TRBV30	TRBJ1-3
CASSFFGGYTEAFF	TRBV12-4	TRBJ1-1
CASSGVAGLTDTQYF	TRBV9	TRBJ2-3
CASSRTGNTIYF	TRBV7-6	TRBJ1-3
CASSHQTSSYNEQFF	TRBV4-1	TRBJ2-1
CASSVDDGEYYNEQFF	TRBV9	TRBJ2-1
CASIGSIAYNEQFF	TRBV2	TRBJ2-1
CASSEGTGHTDTQYF	TRBV6-1	TRBJ2-3
CASSQDMSPGTEAFF	TRBV4-3	TRBJ1-1
CASSSTNEQFF	TRBV12-3	TRBJ2-1
CASSDGGGADALVRDGYTF	TRBV7-9	TRBJ1-2
CASSLVRGANIQYF	TRBV7-9	TRBJ2-4
CATRDDEDIRSYNEQFF	TRBV15	TRBJ2-1
CSAREQGATYNEQFF	TRBV20-1	TRBJ2-1
CASSLEGTSSEAFF	TRBV13	TRBJ1-1
CASSEDGELSNTEAFF	TRBV9	TRBJ1-1
CASRPLAGAYNEQFF	TRBV6-5	TRBJ2-1
CASSIVGVPQTYEQYF	TRBV19	TRBJ2-7
CASSALEAGYGYTF	TRBV7-9	TRBJ1-2
CSTLAGGYNEQFF	TRBV29-1	TRBJ2-1
CASSILSTHTEAFF	TRBV19	TRBJ1-1
CATSDNDRGGGQPQHF	TRBV24-1	TRBJ1-5
CASSLADQQFF	TRBV6-3	TRBJ2-1
CASSLPGIDTQYF	TRBV5-1	TRBJ2-3
CASTTDRGSNTGELFF	TRBV6-6	TRBJ2-2
CASSYAQGVSTEAFF	TRBV6-5	TRBJ1-1
CASSPLGGTQYF	TRBV5-6	TRBJ2-3
CASSKNQGGNQPQHF	TRBV7-6	TRBJ1-5
CASSYGTEGTDTQYF	TRBV5-4	TRBJ2-3
CASTSANTGELFF	TRBV6-4	TRBJ2-2
CASSRTGGLETQYF	TRBV14	TRBJ2-5
CASSPQGSYEQYF	TRBV7-9	TRBJ2-7
CASSRPINNSPLHF	TRBV7-9	TRBJ1-6
CASSQQTSAYNEQFF	TRBV4-3	TRBJ2-1
CASSSRLTGDYGANVLTF	TRBV11-2	TRBJ2-6
CASSQDSGSEAFF	TRBV4-1	TRBJ1-1
CASSEYSGGGQPQHF	TRBV6-4	TRBJ1-5
CASSQDVGLAGTNEQFF	TRBV4-3	TRBJ2-1
CASSGGQPNEKLFF	TRBV19	TRBJ1-4
CATSSYYQGTMNTEAFF	TRBV15	TRBJ1-1
CASSPRPGQEKLFF	TRBV19	TRBJ1-4
CASSSSARELFF	TRBV7-2	TRBJ2-2
CASSATYQETQYF	TRBV25-1	TRBJ2-5
CASSGSPGLTEAFF	TRBV25-1	TRBJ1-1
CASSLNSKETQYF	TRBV7-3	TRBJ2-5
CASRVQMENEKLFF	TRBV19	TRBJ1-4
CASSATQGATEAFF	TRBV7-9	TRBJ1-1
CSVSGSANNEQFF	TRBV29-1	TRBJ2-1
CASSSVLAGITDTQYF	TRBV12-4	TRBJ2-3
CAISESGLAGGRSNTGELFF	TRBV10-3	TRBJ2-2
CASSSFGGTGTGSYEQYF	TRBV7-9	TRBJ2-7
CASSRLGRTSGYNEQFF	TRBV9	TRBJ2-1
CASKDPSGDPFYNEQFF	TRBV5-1	TRBJ2-1
CASGSSGGLAKNIQYF	TRBV12-5	TRBJ2-4
CASSHGQFSLYEQYF	TRBV16	TRBJ2-7
CASSLSGLGDYNEQFF	TRBV7-9	TRBJ2-1
CASSHSGGAGTGELFF	TRBV9	TRBJ2-2
CASSQTGLGSQPQHF	TRBV14	TRBJ1-5
CASGDQGLPGNTIYF	TRBV12-5	TRBJ1-3
CASSSWLGAPDTQYF	TRBV27	TRBJ2-3
CASSLVRQGGSPLHF	TRBV7-9	TRBJ1-6
CASRLGTGGPSYGYTF	TRBV28	TRBJ1-2
CASTSDRGLYEQYF	TRBV7-9	TRBJ2-7
CASSYSGTGGTEAFF	TRBV4-1	TRBJ1-1
CASSQDVGVGNSPLHF	TRBV14	TRBJ1-6
CSARDSGDSSYEQYF	TRBV20-1	TRBJ2-7
CASSIIGLQGNEQFF	TRBV6-5	TRBJ2-1
CASSPWALTYNYGYTF	TRBV5-6	TRBJ1-2
CASSIFESEQYF	TRBV19	TRBJ2-7
CARTLWGGDNSPLHF	TRBV19	TRBJ1-6
CSVAPVVSYEQYF	TRBV29-1	TRBJ2-7
CASSRDRRYMNTEAFF	TRBV6-1	TRBJ1-1
CASSSPGTYNEQFF	TRBV5-1	TRBJ2-1
CASSRGRIRGNYGYTF	TRBV4-1	TRBJ1-2
CASSLGDRTQYF	TRBV13	TRBJ2-5
CSVEVAGDNEQFF	TRBV29-1	TRBJ2-1
CASRAGTGYGYTF	TRBV12-3	TRBJ1-2
CSARGGENYGYTF	TRBV20-1	TRBJ1-2
CASSQGLSYEQYF	TRBV4-1	TRBJ2-7
CASSDRPLQFF	TRBV6-4	TRBJ2-1
CASSQGGESAYEQYF	TRBV4-1	TRBJ2-7
CATLAVDSYEQYF	TRBV10-2	TRBJ2-7
CASSPIDRNEAFF	TRBV27	TRBJ1-1
CASSEARGLNTEAFF	TRBV19	TRBJ1-1
CASSLPGLAGGYNEQFF	TRBV27	TRBJ2-1
CASSYGTGNQPQHF	TRBV6-5	TRBJ1-5
CASSIGNSPLHF	TRBV19	TRBJ1-6
CASSLDPGVYNEQFF	TRBV13	TRBJ2-1
CASSLGLGGSEEKLFF	TRBV7-9	TRBJ1-4
CASSLAAQVYGYTF	TRBV7-9	TRBJ1-2
CASSMFLDTDTQYF	TRBV19	TRBJ2-3
CASSFSVEQYF	TRBV5-1	TRBJ2-7
CASSLGGTFYNEQFF	TRBV5-6	TRBJ2-1
CASSLPAFGGAGELFF	TRBV7-9	TRBJ2-2
CASSPNFRTQYF	TRBV6-3	TRBJ2-3
CSVEDPYGNTIYF	TRBV29-1	TRBJ1-3
CASSQDRSGGGYEQYF	TRBV3-1	TRBJ2-7
CASSQGAGPNSPLHF	TRBV4-1	TRBJ1-6
CASSSEQGLRNIQYF	TRBV5-5	TRBJ2-4
CASSRDDAGGGYGYTF	TRBV7-8	TRBJ1-2
CASSQFRTSLSYEQYF	TRBV3-1	TRBJ2-7
CATSVSGGADTQYF	TRBV24-1	TRBJ2-3
CASSPEGERNNEQFF	TRBV5-4	TRBJ2-1
CASSLGYQGEGETQYF	TRBV5-1	TRBJ2-5
CASSPSGTEETQYF	TRBV18	TRBJ2-5
CASSWTGGANSPLHF	TRBV5-8	TRBJ1-6
CASSHMYLYYEQYF	TRBV4-1	TRBJ2-7
CASGGEAFF	TRBV5-5	TRBJ1-1
CASSLGDSYTGELFF	TRBV28	TRBJ2-2
CASSFSSGSGEQFF	TRBV11-3	TRBJ2-1
CASSLGDSNQPQHF	TRBV5-1	TRBJ1-5
CSARRLDFTEAFF	TRBV20-1	TRBJ1-1
CSVETHNEQFF	TRBV29-1	TRBJ2-1
CSARDSDRGIRDGYTF	TRBV20-1	TRBJ1-2
CASSIDGQLGTEAFF	TRBV19	TRBJ1-1
CASSVVVETGSNYGYTF	TRBV9	TRBJ1-2
CASSLLVTGELFF	TRBV19	TRBJ2-2
CASSSLIRGAVGEQYF	TRBV27	TRBJ2-7
CASSIAGGYEQFF	TRBV11-3	TRBJ2-1
CASTGGSSYNEQFF	TRBV5-6	TRBJ2-1
CASSLTPGQGIYGYTF	TRBV27	TRBJ1-2
CASSVSGGITGELFF	TRBV9	TRBJ2-2
CSVRLGFTDTQYF	TRBV29-1	TRBJ2-3
CASSYSIPVDSGANVLTF	TRBV6-6	TRBJ2-6
CASSLGSGTEAFF	TRBV7-9	TRBJ1-1
CASSVRPGTLLGGELFF	TRBV9	TRBJ2-2
CASSYQGGRGREKLFF	TRBV7-9	TRBJ1-4
CASSYRVGDTGELFF	TRBV3-1	TRBJ2-2
CASSDPTVSDVNEQFF	TRBV2	TRBJ2-1
CAWSIVTGGEAFF	TRBV30	TRBJ1-1
CASSPGASYEQYF	TRBV7-8	TRBJ2-7
CASSQGGVEQYF	TRBV3-1	TRBJ2-7
CASRTPPSLSSTDTQYF	TRBV11-2	TRBJ2-3
CASSLQGAPEAFF	TRBV5-5	TRBJ1-1
CASSFSVNTEAFF	TRBV5-5	TRBJ1-1
CASSWGEQGLRGYTF	TRBV5-1	TRBJ1-2
CSARDSQASSSYNSPLHF	TRBV20-1	TRBJ1-6
CAWSSYGVSNQPQHF	TRBV30	TRBJ1-5
CSARGLAGGYEQFF	TRBV20-1	TRBJ2-1
CASTSGVNYEQYF	TRBV6-1	TRBJ2-7
CASSRGGLAENEQFF	TRBV3-1	TRBJ2-1
CASSQVPGDSGANVLTF	TRBV4-1	TRBJ2-6
CASSTGTDYGYTF	TRBV18	TRBJ1-2
CSARDLETEAFF	TRBV20-1	TRBJ1-1
CATSEKGAGDGNGYTF	TRBV24-1	TRBJ1-2
CASSITGDTEAFF	TRBV19	TRBJ1-1
CASSLMTGMNTEAFF	TRBV28	TRBJ1-1
CASSDRAGELFF	TRBV2	TRBJ2-2
CSARDKWTQDTQYF	TRBV20-1	TRBJ2-3
CASSHPGTRDEKLFF	TRBV14	TRBJ1-4
CRFSGRAAQSDTQYF	TRBV20-1	TRBJ2-3
CASSWDRGLSGANVLTF	TRBV12-4	TRBJ2-6
CASSGGTGSTDTQYF	TRBV5-1	TRBJ2-3
CASGTPHLAGNTIYF	TRBV9	TRBJ1-3
CSSTGTEQFF	TRBV29-1	TRBJ2-1
CASSLAPSGAYEQYF	TRBV5-1	TRBJ2-7
CASSLGHRTEAFF	TRBV19	TRBJ1-1
CASSQDTKTQYF	TRBV4-1	TRBJ2-5
CASSLGLNEQFF	TRBV7-9	TRBJ2-1
CASSSVTGGTGELFF	TRBV5-1	TRBJ2-2
CASSMAGGDGEQYF	TRBV19	TRBJ2-7
CASSLELGQGRYNEQFF	TRBV13	TRBJ2-1
CSASGGSSYNEQFF	TRBV20-1	TRBJ2-1
CASSPRGSPLHF	TRBV27	TRBJ1-6
CASSSPGGEDTF	TRBV13	TRBJ1-2
CASSLDPSEAFF	TRBV5-6	TRBJ1-1
CASTGQGATDTQYF	TRBV4-1	TRBJ2-3
CSARDQGLPWGEAFF	TRBV20-1	TRBJ1-1
CASSIGVNEQFF	TRBV19	TRBJ2-1
CASSFAGTYEAFF	TRBV27	TRBJ1-1
CASSGWGQRNNEQFF	TRBV11-3	TRBJ2-1
CASSWGTNTDTQYF	TRBV7-3	TRBJ2-3
CSVTTGVNTEAFF	TRBV29-1	TRBJ1-1
CASTPRDYNEQFF	TRBV27	TRBJ2-1
CASSWDAGHGYTF	TRBV12-4	TRBJ1-2
CASSILRSADTQYF	TRBV19	TRBJ2-3
CASSLSTNTEAFF	TRBV12-4	TRBJ1-1
CASSELGTSGNTDTQYF	TRBV7-2	TRBJ2-3
CASSQDLRSSYEQYF	TRBV3-1	TRBJ2-7
CASSQLGTGYQPQHF	TRBV4-1	TRBJ1-5
CASTTQGPPVTPDTQYF	TRBV12-4	TRBJ2-3
CASSMATGLSGNTIYF	TRBV19	TRBJ1-3
CASCRPGLAGGEDTQYF	TRBV27	TRBJ2-3
CASRNFRGGIDTQYF	TRBV7-8	TRBJ2-3
CATGPGNEQFF	TRBV6-5	TRBJ2-1
CASSLRLGGGTEAFF	TRBV13	TRBJ1-1
CASSIGLAGEVDTQYF	TRBV19	TRBJ2-3
CAIKPGQNSPLHF	TRBV10-3	TRBJ1-6
CASSIGLAGGDTQYF	TRBV19	TRBJ2-3
CASSLGAGGAGNTEAFF	TRBV7-8	TRBJ1-1
CASSQGGGQETQYF	TRBV4-1	TRBJ2-5
CSVPPGGAGRAFF	TRBV29-1	TRBJ1-1
CASSLEAVTTYEQYF	TRBV7-6	TRBJ2-7
CASSSTGSPGELFF	TRBV7-9	TRBJ2-2
CASSMDRDYNSPLHF	TRBV12-4	TRBJ1-6
CASGFDWNNEQFF	TRBV12-5	TRBJ2-1
CASSAPKGWFTEAFF	TRBV12-3	TRBJ1-1
CASSQDRGVRQYF	TRBV4-1	TRBJ2-7
CASSPDWDTQYF	TRBV27	TRBJ2-3
CAITVFSGANVLTF	TRBV5-1	TRBJ2-6
CASHPQSGSWSDTQYF	TRBV12-4	TRBJ2-3
CASAPHGGPINTGELFF	TRBV12-4	TRBJ2-2
CASSYSLGLDFYNEQFF	TRBV6-3	TRBJ2-1
CASSRAGATYNEQFF	TRBV7-9	TRBJ2-1
CASSLLTGQGSGTQYF	TRBV27	TRBJ2-3
CATRKRQTYEQYF	TRBV5-8	TRBJ2-7
CASSSPVGTHHSYEQYF	TRBV27	TRBJ2-7
CASSSPDRGLDEQYF	TRBV12-4	TRBJ2-7
CASSPDSLNEQFF	TRBV9	TRBJ2-1
CASSLNISYEQYF	TRBV28	TRBJ2-7
CASSLSWSGGDYGYTF	TRBV27	TRBJ1-2
CASSEGDPQETQYF	TRBV6-1	TRBJ2-5
CASRGTGGLSYEQYF	TRBV27	TRBJ2-7
CASTLPRDTEAFF	TRBV7-9	TRBJ1-1
CASQQGAVTEAFF	TRBV19	TRBJ1-1
CSVTGIQPEAFF	TRBV29-1	TRBJ1-1
CASSPGPQDPFYSNQPQHF	TRBV18	TRBJ1-5
CASSQSLTDTQYF	TRBV7-9	TRBJ2-3
CSVVASQNSKNIQYF	TRBV29-1	TRBJ2-4
CATRDGVEQFF	TRBV10-3	TRBJ2-1
CASGTYSGDTQYF	TRBV19	TRBJ2-3
CASSIGLAYGYTF	TRBV13	TRBJ1-2
CATSETSRGSQHF	TRBV24-1	TRBJ1-5
CASRLTVNSGNTIYF	TRBV12-4	TRBJ1-3
CAWNGGSGNTIYF	TRBV30	TRBJ1-3
CASSQGSGTYF	TRBV3-1	TRBJ2-5
CASSQDEGFDTEAFF	TRBV3-1	TRBJ1-1
CASSLTPGLAGGSTDTQYF	TRBV11-2	TRBJ2-3
CASSQDRQAGYNSPLHF	TRBV14	TRBJ1-6
CASSPPGPVVTDTQYF	TRBV27	TRBJ2-3
CASSLSGFSTDTQYF	TRBV5-5	TRBJ2-3
CASSQEPDREGNYGYTF	TRBV4-3	TRBJ1-2
CASSLVAGGYYNEQFF	TRBV5-1	TRBJ2-1
CASSQPGQVANYGYTF	TRBV4-3	TRBJ1-2
CASSVDRGYNTEAFF	TRBV19	TRBJ1-1
CASSFGGWTDTQYF	TRBV28	TRBJ2-3
CATSRDLGGGNQPQHF	TRBV15	TRBJ1-5
CASSLEAGGGEQFF	TRBV7-6	TRBJ2-1
CASSLVASNYGYTF	TRBV5-1	TRBJ1-2
CATSAWFKGSEAFF	TRBV24-1	TRBJ1-1
CASSSWTGAYEQYF	TRBV19	TRBJ2-7
CASSNTRSNTEAFF	TRBV19	TRBJ1-1
CASSLARVYTEAFF	TRBV7-2	TRBJ1-1
CASSQEDDGGAYNEQFF	TRBV4-1	TRBJ2-1
CASSVAGGPAVTDTQYF	TRBV5-1	TRBJ2-3
CASSLALGGPGANVLTF	TRBV5-1	TRBJ2-6
CANREGGTDTQYF	TRBV12-4	TRBJ2-3
CSASNAGPRSEQFF	TRBV20-1	TRBJ2-1
CASREGTGNEQYF	TRBV2	TRBJ2-7
CASSQDRSPSQPQHF	TRBV4-3	TRBJ1-5
CASSYQGAGTEAFF	TRBV19	TRBJ1-1
CASSIGGNNEQYF	TRBV19	TRBJ2-7
CSASRRDIISGYTF	TRBV20-1	TRBJ1-2
CASSPGGPYFTDTQYF	TRBV5-6	TRBJ2-3
CASSPTGTGELFF	TRBV9	TRBJ2-2
CASSVQGATEAFF	TRBV19	TRBJ1-1
CASSASVAQYF	TRBV19	TRBJ2-3
CASSPRDRVNTEAFF	TRBV7-9	TRBJ1-1
CASTPLRLMNTGELFF	TRBV6-3	TRBJ2-2
CASSLQKSEQFF	TRBV28	TRBJ2-1
CASSYSGAGNMFGEQFF	TRBV19	TRBJ2-1
CASSPGRGTFAGELFF	TRBV4-1	TRBJ2-2
CASSERTGGNTDTQYF	TRBV7-2	TRBJ2-3
CASSYTNGYGYTF	TRBV12-3	TRBJ1-2
CASSLIENTEAFF	TRBV27	TRBJ1-1
CASSLKGGTVLYNEQFF	TRBV5-1	TRBJ2-1
CAISDYAGYNEQFF	TRBV10-3	TRBJ2-1
CASSLVGSGSHEQYF	TRBV5-1	TRBJ2-7
CASSARVDYEQYF	TRBV6-1	TRBJ2-7
CASSGGQGLFYEQYF	TRBV5-1	TRBJ2-7
CASGLASTGELFF	TRBV12-5	TRBJ2-2
CASSFSPPRGGYTF	TRBV27	TRBJ1-2
CSASAMNTEAFF	TRBV20-1	TRBJ1-1
CASSRGLYNEQFF	TRBV19	TRBJ2-1
CASSLATTGTDTQYF	TRBV5-1	TRBJ2-3
CASSSGTHNEKLFF	TRBV5-1	TRBJ1-4
CASSLGTSGSTLFDEQFF	TRBV7-2	TRBJ2-1
CASSVYRGNTGELFF	TRBV6-1	TRBJ2-2
CASSPGQNTEAFF	TRBV7-9	TRBJ1-1
CSARDPASRTDTQYF	TRBV20-1	TRBJ2-3
CASSVIGSSNEQFF	TRBV9	TRBJ2-1
CASSELGGYGYTF	TRBV12-3	TRBJ1-2
CASSRSGSTEAFF	TRBV7-6	TRBJ1-1
CASSLEGAYTIYF	TRBV7-6	TRBJ1-3
CASSQKGLAAGELFF	TRBV4-3	TRBJ2-2
CASSSMNTEAFF	TRBV7-9	TRBJ1-1
CASSLFSGSGYTGELFF	TRBV7-6	TRBJ2-2
CASRRDFEGNTIYF	TRBV6-5	TRBJ1-3
CASSQGPSNEQFF	TRBV4-3	TRBJ2-1
CASSFLGNEQFF	TRBV11-2	TRBJ2-1
CASSRGTGSNEKLFF	TRBV7-9	TRBJ1-4
CASSVGTSPYEQYF	TRBV9	TRBJ2-7
CASSVTTRRRGYGYTF	TRBV9	TRBJ1-2
CASTGGSNTGELFF	TRBV9	TRBJ2-2
CASSETNYNEQFF	TRBV10-1	TRBJ2-1
CASRSWDPDTQYF	TRBV27	TRBJ2-3
CASSLEYRTGVLNQPQHF	TRBV7-8	TRBJ1-5
CATSDQSGTTDTQYF	TRBV24-1	TRBJ2-3
CAWRLAAGELFF	TRBV30	TRBJ2-2
CASSPLTGANYGYTF	TRBV4-1	TRBJ1-2
CASMGPIEAFF	TRBV19	TRBJ1-1
CASSVDGGAIGANYGYTF	TRBV9	TRBJ1-2
CASSPSGGAGNEQFF	TRBV9	TRBJ2-1
CASTSAGPNTGELFF	TRBV12-4	TRBJ2-2
CASSLRRTGASSGANVLTF	TRBV4-3	TRBJ2-6
CASSPYPGETQYF	TRBV27	TRBJ2-5
CASSFVRTVFYSTDTQYF	TRBV12-3	TRBJ2-3
CASSFISPPQTEAFF	TRBV12-4	TRBJ1-1
CASSAGRQGSNEQFF	TRBV5-5	TRBJ2-1
CASLGDPNTEAFF	TRBV5-8	TRBJ1-1
CASSSGGTEAFF	TRBV5-6	TRBJ1-1
CASSSPLAGHGDTQYF	TRBV12-4	TRBJ2-3
CSARDHTERGGIYEQYF	TRBV20-1	TRBJ2-7
CASIERGLAGGSTGELFF	TRBV19	TRBJ2-2
CASSKGHVNTEAFF	TRBV6-1	TRBJ1-1
CASSKAPQANTGELFF	TRBV7-9	TRBJ2-2
CASGFRSTDTQYF	TRBV12-3	TRBJ2-3
CASSLGREGGQPQHF	TRBV7-9	TRBJ1-5
CSARERYEMGEQYF	TRBV20-1	TRBJ2-7
CATRDSGNNEQFF	TRBV24-1	TRBJ2-1
CASSQASNQPQHF	TRBV27	TRBJ1-5
CASSPTGGAGELFF	TRBV11-2	TRBJ2-2
CASSFRQAVSEQYF	TRBV5-4	TRBJ2-7
CSARVRTGRGPQSSNTQYF	TRBV20-1	TRBJ2-3
CASSSWTSGNNEQFF	TRBV7-9	TRBJ2-1
CSALGLSRDLSSYNEQFF	TRBV20-1	TRBJ2-1
CASSWVGVPGNEQFF	TRBV9	TRBJ2-1
CATTTGDNSGANVLTF	TRBV24-1	TRBJ2-6
CAMGPNTGELFF	TRBV7-9	TRBJ2-2
CASSKDGGTPTGYTF	TRBV19	TRBJ1-2
CASSFSLYNEQFF	TRBV5-1	TRBJ2-1
CASRIGGHTFLFGTEAFF	TRBV11-2	TRBJ1-1
CASSISGHTQPQHF	TRBV19	TRBJ1-5
CASSATGGPNSPLHF	TRBV9	TRBJ1-6
CASSFPPSGGYNEQFF	TRBV6-3	TRBJ2-1
CSAKGLAGVEVNEQFF	TRBV20-1	TRBJ2-1
CASWGVPYGYTF	TRBV19	TRBJ1-2
CATSSWTGGFDEQFF	TRBV15	TRBJ2-1
CASSQEYGGSTEAFF	TRBV4-3	TRBJ1-1
CASSEGTSGQETQYF	TRBV2	TRBJ2-5
CASSDTGDGNTEAFF	TRBV5-6	TRBJ1-1
CASKLGGSTGELFF	TRBV27	TRBJ2-2
CASSVPKEDSANTGELFF	TRBV9	TRBJ2-2
CASSVATSGEQYF	TRBV9	TRBJ2-7
CASSLGQGALVPGELFF	TRBV27	TRBJ2-2
CASRTTGGDGYTF	TRBV19	TRBJ1-2
CSVGGDSVTNYGYTF	TRBV29-1	TRBJ1-2
CASKSGRGLQDTQYF	TRBV19	TRBJ2-3
CASSWNDYEQYF	TRBV19	TRBJ2-7
CASSTLDSPTDTQYF	TRBV6-5	TRBJ2-3
CASSLDFPEAFF	TRBV11-2	TRBJ1-1
CASSLRGAYNEQFF	TRBV11-1	TRBJ2-1
CASSDEGVGDDGELFF	TRBV25-1	TRBJ2-2
CASSIGEGLSYEQYF	TRBV19	TRBJ2-7
CASSPAPGVDEQFF	TRBV4-1	TRBJ2-1
CASGQDVEAFF	TRBV13	TRBJ1-1
CSAPPPTRTALHEQYF	TRBV20-1	TRBJ2-7
CASSQDDRGTDTQYF	TRBV4-1	TRBJ2-3
CASSHRTGEETQYF	TRBV19	TRBJ2-5
CASSFGGREIGSYNEQFF	TRBV12-3	TRBJ2-1
CASRGLAGEPSYNEQFF	TRBV12-3	TRBJ2-1
CASSQEFRADQPQHF	TRBV4-1	TRBJ1-5
CASSSLHYGYTF	TRBV19	TRBJ1-2
CASSFPGTAPYEQYF	TRBV12-4	TRBJ2-7
CATSDPAGMTGGWHGYTF	TRBV24-1	TRBJ1-2
CASTEGGHETQYF	TRBV13	TRBJ2-5
CSARDQLAGSTEAFF	TRBV20-1	TRBJ1-1
CASSSRTDRGKRFSGANVLTF	TRBV27	TRBJ2-6
CASSFTDEQFF	TRBV27	TRBJ2-1
CASSVGNRAGAYTF	TRBV9	TRBJ1-2
CASSRQPSTYEQYF	TRBV18	TRBJ2-7
CASSTSGYNEQFF	TRBV7-2	TRBJ2-1
CAWSITGELFF	TRBV30	TRBJ2-2
CSARVRDRATHKETQYF	TRBV20-1	TRBJ2-5
CSAREESQSTYNEQFF	TRBV20-1	TRBJ2-1
CASSPETPGGESGGTDTQYF	TRBV7-9	TRBJ2-3
CASSQVRSLGQENEKLFF	TRBV4-2	TRBJ1-4
CASSVDRGLNTEAFF	TRBV19	TRBJ1-1
CSAFLDRISSGREKYPPDTQYF	TRBV20-1	TRBJ2-3
CAISPGTSGRNTGELFF	TRBV10-3	TRBJ2-2
CASSFGQGSEAFF	TRBV12-3	TRBJ1-1
CASSSLAGSNQPQHF	TRBV27	TRBJ1-5
CASSPVVPYEQYF	TRBV6-5	TRBJ2-7
CASSAYSGTGPQPQHF	TRBV6-5	TRBJ1-5
CSARGLHAPNYGYTF	TRBV20-1	TRBJ1-2
CATHGGIDTGELFF	TRBV12-3	TRBJ2-2
CASSSLSRTGGLGTEAFF	TRBV6-6	TRBJ1-1
CASSYSNQFGHQPQHF	TRBV6-3	TRBJ1-5
CASSGITGGDTGELFF	TRBV7-9	TRBJ2-2
CASSQPYRSDYGYTF	TRBV4-1	TRBJ1-2
CASSLRALNTEAFF	TRBV5-1	TRBJ1-1
CASSLDLPGSYEQYF	TRBV11-2	TRBJ2-7
CASSGSTDPPYNEQFF	TRBV19	TRBJ2-1
CASSSTVYQLTDTQYF	TRBV25-1	TRBJ2-3
CASSFGGTGELFF	TRBV5-6	TRBJ2-2
CASSLAGGNTDTQYF	TRBV12-4	TRBJ2-3
CSVLGGVSNQPQHF	TRBV29-1	TRBJ1-5
CASSLGGRNNEQFF	TRBV27	TRBJ2-1
CASSFSDRVNTGELFF	TRBV7-9	TRBJ2-2
CASSSLAGYAQYF	TRBV7-2	TRBJ2-3
CATSKDRFAVDATNEKLFF	TRBV15	TRBJ1-4
CASSYGRLAGGYVGNEQFF	TRBV6-3	TRBJ2-1
CASSVVVQPSTDTQYF	TRBV9	TRBJ2-3
CASREGSGGAYNEQFF	TRBV2	TRBJ2-1
CASNFVGGDYGYTF	TRBV9	TRBJ1-2
CASSSAGSGGPTDTQYF	TRBV7-9	TRBJ2-3
CASSQGKRDEQFF	TRBV3-1	TRBJ2-1
CASSLALIPYGYTF	TRBV11-2	TRBJ1-2
CASSVAGTGGPGPSYEQYF	TRBV9	TRBJ2-7
CASSQRIILGEVYGYTF	TRBV27	TRBJ1-2
CASSQERNSPLHF	TRBV14	TRBJ1-6
CASSLALTGVGTEAFF	TRBV7-9	TRBJ1-1
CASSQQSHLAGVWHTQYF	TRBV7-3	TRBJ2-3
CASSIKQGYGYTF	TRBV19	TRBJ1-2
CASSLGGQGSVEQYF	TRBV7-9	TRBJ2-7
CASSQSSVNSPLHF	TRBV4-3	TRBJ1-6
CASISADTQYF	TRBV28	TRBJ2-3
CASSQNRGDWAEAFF	TRBV4-3	TRBJ1-1
CASSEGGHPFNQPQHF	TRBV10-2	TRBJ1-5
CASSSQGARNQPQHF	TRBV5-5	TRBJ1-5
CASSFRTGGETQYF	TRBV5-8	TRBJ2-5
CASSQATEQYF	TRBV4-1	TRBJ2-7
CASSRYSGAANYNEQFF	TRBV12-4	TRBJ2-1
CASSYGGAASYNEQFF	TRBV6-5	TRBJ2-1
CASSLQSGTGELVNTEAFF	TRBV11-3	TRBJ1-1
CASTTQGDSGQGLSAVGSYNEQFF	TRBV27	TRBJ2-1
CASSQDGGAGNFADTQYF	TRBV4-3	TRBJ2-3
CASSKEGNQPQHF	TRBV7-9	TRBJ1-5
CAISTSGETQYF	TRBV10-3	TRBJ2-5
CASSPKVTVFGANVLTF	TRBV3-1	TRBJ2-6
CASSLAIGATPDSNYGYTF	TRBV7-9	TRBJ1-2
CSASPLSGSTYNEQFF	TRBV20-1	TRBJ2-1
CASRISWAGEVESEQFF	TRBV12-3	TRBJ2-1
CASSLVPTNSPLHF	TRBV7-9	TRBJ1-6
CASSPLLDNTDTQYF	TRBV7-6	TRBJ2-3
CASSQVHRGWPKNIQYF	TRBV3-1	TRBJ2-4
CASSLEGIPTEQYF	TRBV7-6	TRBJ2-7
CASSSGIAGNNEQFF	TRBV11-2	TRBJ2-1
CSVPPASGGAGDTQYF	TRBV29-1	TRBJ2-3
CASSTRGGTLHTEAFF	TRBV13	TRBJ1-1
CASSYSIQQGSQETQYF	TRBV6-3	TRBJ2-5
CASSPRPQDSYNEQFF	TRBV7-9	TRBJ2-1
CASKRQGTAFF	TRBV10-2	TRBJ1-1
CASSLLSGDTYSYNEQFF	TRBV5-1	TRBJ2-1
CARVSGLGMYNEQFF	TRBV2	TRBJ2-1
CASSLDPQGGTEAFF	TRBV12-4	TRBJ1-1
CASSSGSSYGYF	TRBV11-2	TRBJ2-7
CASSPDLNNDPNYGYTF	TRBV18	TRBJ1-2
CASSLGGVGANVLTF	TRBV13	TRBJ2-6
CASSMGPEGAFF	TRBV19	TRBJ1-1
CASSSGVGPQHF	TRBV5-4	TRBJ1-5
CASTQRGHTEAFF	TRBV19	TRBJ1-1
CASSWDGTGHVGSPLHF	TRBV7-2	TRBJ1-6
CASTRTSGGAWETQYF	TRBV6-3	TRBJ2-5
CASSLKRDRETEAFF	TRBV4-1	TRBJ1-1
CASSPESGMNTEAFF	TRBV11-2	TRBJ1-1
CASSLWGRHNEQFF	TRBV11-3	TRBJ2-1
CASSQDPSTWDGYTF	TRBV4-1	TRBJ1-2
CASSTGTTLYNEQFF	TRBV10-2	TRBJ2-1
CASSQEDRGLTEAFF	TRBV4-3	TRBJ1-1
CASSLKRGDEQFF	TRBV11-3	TRBJ2-1
CSAIGDSPFHEQFF	TRBV20-1	TRBJ2-1
CASSLFDNEQFF	TRBV7-9	TRBJ2-1
CATRGPSEKLFF	TRBV24-1	TRBJ1-4
CAINLGGTNTGELFF	TRBV10-3	TRBJ2-2
CASRRVGTDTQYF	TRBV7-2	TRBJ2-3
CASNAGTGGYSPLHF	TRBV19	TRBJ1-6
CASSIDSGRTYNEQFF	TRBV19	TRBJ2-1
CASSQTGGTSEKLFF	TRBV2	TRBJ1-4
CASSVRVPDYEQYF	TRBV5-5	TRBJ2-7
CASSLQGNTGELFF	TRBV7-9	TRBJ2-2
CATSSSQEATEAFF	TRBV15	TRBJ1-1
CASSVDRELAYNEQFF	TRBV9	TRBJ2-1
CASSLGLAGGPGETQYF	TRBV7-9	TRBJ2-5
CASSFEQSYGYTF	TRBV4-3	TRBJ1-2
CASSRTSPVTDTQYF	TRBV7-9	TRBJ2-3
CASSVGLGVTEAFF	TRBV9	TRBJ1-1
CASSFTGTETQYF	TRBV7-6	TRBJ2-5
CASSSGGTGGPREQFF	TRBV13	TRBJ2-1
CASSSRLAGGIVYNEQFF	TRBV27	TRBJ2-1
CASSIGNSGYTF	TRBV19	TRBJ1-2
CATGGVTEAFF	TRBV19	TRBJ1-1
CAISGQNTEAFF	TRBV10-3	TRBJ1-1
CSASLGGGPDMNTEAFF	TRBV20-1	TRBJ1-1
CASSLMGQLNTEAFF	TRBV7-8	TRBJ1-1
CASSPTSGQETQYF	TRBV4-1	TRBJ2-5
CASWGLGLGEQYF	TRBV7-9	TRBJ2-7
CASSDRGPGTGELFF	TRBV27	TRBJ2-2
CASSIGRLAGVTGELFF	TRBV19	TRBJ2-2
CASSWGWQGGMNTEAFF	TRBV19	TRBJ1-1
CASSYREFTEAFF	TRBV6-3	TRBJ1-1
CASSARDRGSEAFF	TRBV5-6	TRBJ1-1
CASTEGATESSYEQYF	TRBV13	TRBJ2-7
CAISESWGGAEAFF	TRBV10-3	TRBJ1-1
CASSSSDKYEQYF	TRBV7-9	TRBJ2-7
CASSLDRVGSYGYTF	TRBV7-2	TRBJ1-2
CASREGTGIRETQYF	TRBV6-5	TRBJ2-5
CASQTSGSDEQFF	TRBV6-6	TRBJ2-1
CASSRTTTPSYEQYF	TRBV4-1	TRBJ2-7
CASSLLPVQEPNNEQFF	TRBV7-9	TRBJ2-1
CASSEVGGGYNEQFF	TRBV6-1	TRBJ2-1
CASSKGQASTEAFF	TRBV5-1	TRBJ1-1
CASRDRATSNTGELFF	TRBV11-3	TRBJ2-2
CASTQHRDSGEKLFF	TRBV12-4	TRBJ1-4
CASESGVELFF	TRBV6-3	TRBJ1-4
CASGLAGNNEQFF	TRBV12-5	TRBJ2-1
CASSIGLAGGSLRPKSYEQYF	TRBV19	TRBJ2-7
CASSQILQGYEKLFF	TRBV4-2	TRBJ1-4
CASSPPRGWVANEKLFF	TRBV7-9	TRBJ1-4
CSAILAGGPYEQYF	TRBV20-1	TRBJ2-7
CASSRIEQANTGELFF	TRBV13	TRBJ2-2
CASSDAGNYGYTF	TRBV25-1	TRBJ1-2
CSVESSEQFF	TRBV29-1	TRBJ2-1
CASSVVPGTDNEQFF	TRBV9	TRBJ2-1
CASSHPGQQNTGELFF	TRBV4-1	TRBJ2-2
CASSQVGDGGELFF	TRBV4-2	TRBJ2-2
CASSPRPSGGHSTDTQYF	TRBV3-1	TRBJ2-3
CASSLAGNYGYTF	TRBV7-9	TRBJ1-2
CASSLRNLAELGDTQYF	TRBV28	TRBJ2-3
CASSISLSYTF	TRBV19	TRBJ1-2
CASSLPGPYGYTF	TRBV7-9	TRBJ1-2
CASSPGGMAPLHF	TRBV19	TRBJ1-6
CASSPSGLGVLARETQYF	TRBV9	TRBJ2-5
CASSYLTSGRFGADTQYF	TRBV6-5	TRBJ2-3
CASRGQGASGYTF	TRBV6-5	TRBJ1-2
CSVGSGVDQFF	TRBV29-1	TRBJ2-1
CSAEVTGGVDEQFF	TRBV20-1	TRBJ2-1
CASSLVWAPRDYGYTF	TRBV12-4	TRBJ1-2
CASSHPIGGAETQYF	TRBV4-1	TRBJ2-5
CASMALMLQNYGYTF	TRBV27	TRBJ1-2
CASSLRGVSYNEQFF	TRBV5-6	TRBJ2-1
CSVEGEGGETQYF	TRBV29-1	TRBJ2-5
CASSYGTEAFF	TRBV6-3	TRBJ1-1
CASGLGWNEQYF	TRBV12-5	TRBJ2-7
CASRSRERGDEAFF	TRBV7-2	TRBJ1-1
CASSIGVRELFF	TRBV19	TRBJ2-2
CAWSLAYNEQFF	TRBV30	TRBJ2-1
CASTASMNTEAFF	TRBV27	TRBJ1-1
CASSDPGGGSTEAFF	TRBV25-1	TRBJ1-1
CATSRDSGPNTEAFF	TRBV15	TRBJ1-1
CASSQGQGDGYTF	TRBV4-1	TRBJ1-2
CASSPTGGYGYTF	TRBV6-3	TRBJ1-2
CASSIPLAESTDTQYF	TRBV7-9	TRBJ2-3
CASSSWATGANVLTF	TRBV12-4	TRBJ2-6
CASSVASSETSTDTQYF	TRBV9	TRBJ2-3
CASSELPGGYTF	TRBV7-2	TRBJ1-2
CASSYMQGKGYEQYF	TRBV6-6	TRBJ2-7
CASSIAGYYEQFF	TRBV19	TRBJ2-1
CASSLVQGLYEQYF	TRBV5-1	TRBJ2-7
CASSLSGYNEQFF	TRBV19	TRBJ2-1
CASSAPRGPGTNEQFF	TRBV11-1	TRBJ2-1
CASSPADGLNQPQHF	TRBV9	TRBJ1-5
CASSLGVFEAFF	TRBV5-6	TRBJ1-1
CATSRGLTGELFF	TRBV24-1	TRBJ2-2
CASSPGTTYNEQFF	TRBV19	TRBJ2-1
CSAPTGGGLYNEQFF	TRBV20-1	TRBJ2-1
CASSQDLSLAGYNEQFF	TRBV4-1	TRBJ2-1
CASSPEDGPYNEQFF	TRBV7-9	TRBJ2-1
CASSLDRGHEQYF	TRBV5-1	TRBJ2-7
CASSPGTGGTDTQYF	TRBV19	TRBJ2-3
CASSYLGDNNQPQHF	TRBV27	TRBJ1-5
CASAGRTGELFF	TRBV7-6	TRBJ2-2
CASSVDTAYTEAFF	TRBV9	TRBJ1-1
CASSLTFAPYNEQFF	TRBV11-3	TRBJ2-1
CASSELAPNTGELFF	TRBV6-1	TRBJ2-2
CSASFSPGQGMGTPYNEQFF	TRBV20-1	TRBJ2-1
CASSFRQGDTGELFF	TRBV5-8	TRBJ2-2
CAISETKNTGELFF	TRBV10-3	TRBJ2-2
CATSDLSDADTQYF	TRBV24-1	TRBJ2-3
CASSPGQGWNEQFF	TRBV4-3	TRBJ2-1
CASGAAGTAYEQYF	TRBV12-5	TRBJ2-7
CASSSGQQAYEQYF	TRBV13	TRBJ2-7
CSALSYRGRTEAFF	TRBV20-1	TRBJ1-1
CSAPSPRHTIYGYTF	TRBV20-1	TRBJ1-2
CSVEQGVTEAFF	TRBV29-1	TRBJ1-1
CASSYSGTAGSPLHF	TRBV6-3	TRBJ1-6
CASSLFPSYNEQFF	TRBV27	TRBJ2-1
CATSDPGNEQFF	TRBV24-1	TRBJ2-1
CASSFSGGAGDTQYF	TRBV11-2	TRBJ2-3
CASSLTPGQANTEAFF	TRBV7-9	TRBJ1-1
CASSLAPQMNTEAFF	TRBV7-6	TRBJ1-1
CASTKDRSEAFF	TRBV7-9	TRBJ1-1
CASSQETGPAPQHF	TRBV4-1	TRBJ1-5
CASSQDRTQGQPQHF	TRBV4-1	TRBJ1-5
CASRPSMWGNSPLHF	TRBV7-2	TRBJ1-6
CASTETSGGTKETQYF	TRBV4-2	TRBJ2-5
CASSYGLADYTTGELFF	TRBV5-1	TRBJ2-2
CASRGQGSQPQHF	TRBV6-3	TRBJ1-5
CASSPGLETISGANVLTF	TRBV6-5	TRBJ2-6
CASSLALAIEQFF	TRBV11-2	TRBJ2-1
CASSLEPALGNEKLFF	TRBV5-1	TRBJ1-4
CASSSYGQGGYNEQFF	TRBV7-7	TRBJ2-1
CASMGLPSYEQYF	TRBV2	TRBJ2-7
CASSTLSGANYGYTF	TRBV5-1	TRBJ1-2
CASSSGSSYEQYF	TRBV2	TRBJ2-7
CASSLELAGPDTQYF	TRBV7-9	TRBJ2-3
CSASAGEQFF	TRBV20-1	TRBJ2-1
CASSNIAGDYNEQFF	TRBV6-4	TRBJ2-1
CASSVWGRSTDTQYF	TRBV2	TRBJ2-3
CASSVSGLNTEAFF	TRBV9	TRBJ1-1
CASSLVAGDLGDTQYF	TRBV7-2	TRBJ2-3
CASRQQCWSGQGRCTEAFF	TRBV27	TRBJ1-1
CASSLSPGGSYEQYF	TRBV27	TRBJ2-7
CASSPSPRQGGKGGYTF	TRBV7-8	TRBJ1-2
CSSESGTSEAFF	TRBV29-1	TRBJ1-1
CASSQGTTNQETQYF	TRBV5-1	TRBJ2-5
CASSLGLAGGNSYNEQFF	TRBV7-8	TRBJ2-1
CASGDGTANTEAFF	TRBV5-4	TRBJ1-1
CASSQDMEPQHF	TRBV3-1	TRBJ1-5
CASSWGSSYEQYF	TRBV27	TRBJ2-7
CASSLGWGPSEDTQYF	TRBV11-2	TRBJ2-3
CSAREEGDTRRFF	TRBV20-1	TRBJ1-4
CASSPTRVKPQHF	TRBV18	TRBJ1-5
CSARGRLAYEQYF	TRBV20-1	TRBJ2-7
CASSQDTGEQYF	TRBV4-1	TRBJ2-7
CASSPEYSYSNQPQHF	TRBV27	TRBJ1-5
CASSLVDEQFF	TRBV11-2	TRBJ2-1
CATRLGGGSQPQHF	TRBV6-3	TRBJ1-5
CASIWTSGSQETQYF	TRBV2	TRBJ2-5
CASSVGAFQETQYF	TRBV9	TRBJ2-5
CASSQLAGPFNEQFF	TRBV7-9	TRBJ2-1
CASGLVSGSYSNQPQHF	TRBV12-5	TRBJ1-5
CASSTGTSGVQPQHF	TRBV19	TRBJ1-5
CASGLEGRWQETQYF	TRBV12-5	TRBJ2-5
CATWEGTRETQYF	TRBV6-5	TRBJ2-5
CASSLGTWELFF	TRBV12-4	TRBJ2-2
CASSLAGRGSTDTQYF	TRBV5-6	TRBJ2-3
CASSLGGTGELFF	TRBV27	TRBJ2-2
CASSSDPRNEQFF	TRBV12-4	TRBJ2-1
CASSLLWNTPQETQYF	TRBV11-3	TRBJ2-5
CASSLDTEETQYF	TRBV12-4	TRBJ2-5
CASSILLAGLGEQFF	TRBV19	TRBJ2-1
CASSLTRTPSSYNEQFF	TRBV11-2	TRBJ2-1
CASSQGQVGSGNYGYTF	TRBV14	TRBJ1-2
CASRLGTEMNTEAFF	TRBV6-1	TRBJ1-1
CASSVGTTGFSYNEQFF	TRBV2	TRBJ2-1
CASSQDSSGIYEQYF	TRBV4-1	TRBJ2-7
CASSPGLLSGELFF	TRBV5-1	TRBJ2-2
CSSGGTYGYTF	TRBV29-1	TRBJ1-2
CASTGSGTGELFF	TRBV6-5	TRBJ2-2
CASSQGNEQFF	TRBV5-1	TRBJ2-1
CASSIGTNSPLHF	TRBV19	TRBJ1-6
CASRTGVEQFF	TRBV7-6	TRBJ2-1
CASQDRRSGNTIYF	TRBV6-1	TRBJ1-3
CASSLSLGGTQPQHF	TRBV4-3	TRBJ1-5
CASSSPIRWFTGNTIYF	TRBV19	TRBJ1-3
CASSILSPSTEAFF	TRBV19	TRBJ1-1
CASSALDSTGELFF	TRBV27	TRBJ2-2
CASSDSGFGISDGYTF	TRBV6-4	TRBJ1-2
CASSQDRGWYNEQFF	TRBV7-9	TRBJ2-1
CASGFAGDEKLFF	TRBV12-5	TRBJ1-4
CASANGLAGGEQFF	TRBV27	TRBJ2-1
CATGYNNPAMTEAFF	TRBV19	TRBJ1-1
CASTKGAVSSYNEQFF	TRBV2	TRBJ2-1
CASGQGISYEQYF	TRBV3-1	TRBJ2-7
CASSRTTSGEDTDTQYF	TRBV7-6	TRBJ2-3
CASSLVVGRAYFAGELFF	TRBV7-9	TRBJ2-2
CATSDTQKLDTYNEQFF	TRBV24-1	TRBJ2-1
CASSQDSASEYNEQFF	TRBV4-3	TRBJ2-1
CASSERPGLAPGELFF	TRBV10-1	TRBJ2-2
CASTPVGQGAKNIQYF	TRBV19	TRBJ2-4
CASSQSDYLQETQYF	TRBV14	TRBJ2-5
CASSMFTGQSYGYTF	TRBV19	TRBJ1-2
CASSLAGVSGANVLTF	TRBV5-6	TRBJ2-6
CSVVDTEAFF	TRBV29-1	TRBJ1-1
CASSLGVTRYNEQFF	TRBV11-2	TRBJ2-1
CASSQDYGLNTEAFF	TRBV7-6	TRBJ1-1
CASSPGSKREGTQYF	TRBV9	TRBJ2-3
CASSQDPTGRVSNYGYTF	TRBV4-1	TRBJ1-2
CASSIDPSGPPSTDTQYF	TRBV19	TRBJ2-3
CASSSDFYEQYF	TRBV5-5	TRBJ2-7
CASSANAGVGTDTQYF	TRBV10-1	TRBJ2-3
CASSFQGQPQHF	TRBV7-3	TRBJ1-5
CASSLRTSGLQETQYF	TRBV13	TRBJ2-5
CASGLWESYEQYF	TRBV12-5	TRBJ2-7
CASSTQGLAESKYF	TRBV9	TRBJ2-3
CASSLEVLEEREGDGELFF	TRBV12-4	TRBJ2-2
CASSSGGPNLDTEAFF	TRBV6-3	TRBJ1-1
CASSSGLGQPQHF	TRBV7-7	TRBJ1-5
CASSLTAGAAETQYF	TRBV19	TRBJ2-5
CASSVAYEQYF	TRBV6-3	TRBJ2-7
CASKIGGKNTEAFF	TRBV6-5	TRBJ1-1
CASSPSLGPNTGELFF	TRBV7-9	TRBJ2-2
CASSPSDNEQFF	TRBV27	TRBJ2-1
CSARDPHTDTQYF	TRBV20-1	TRBJ2-3
CASSPTGTSESYEQFF	TRBV11-2	TRBJ2-1
CSARVAGYYEQYF	TRBV20-1	TRBJ2-7
CSAAGQANTGELFF	TRBV20-1	TRBJ2-2
CASSRGPGQGEETQYF	TRBV2	TRBJ2-5
CASSQVPSSYNEQFF	TRBV14	TRBJ2-1
CASSVQGAYYGYTF	TRBV19	TRBJ1-2
CASSLLSGDPERYTF	TRBV7-9	TRBJ1-2
CASSTTLYTGELFF	TRBV12-4	TRBJ2-2
CASSQDPQGAVNTEAFF	TRBV4-1	TRBJ1-1
CASSLDGMGRDTQYF	TRBV7-9	TRBJ2-3
CASGNSYEQYF	TRBV10-2	TRBJ2-7
CASTITSGSSYNEQFF	TRBV19	TRBJ2-1
CASSARDRGLNYGYTF	TRBV9	TRBJ1-2
CASSPTANTGELFF	TRBV4-1	TRBJ2-2
CASSLSGTRNSPLHF	TRBV5-1	TRBJ1-6
CASSEWGEGTEAFF	TRBV6-1	TRBJ1-1
CASSWIQRPDYGYTF	TRBV6-3	TRBJ1-2
CASSYPFGYTF	TRBV6-3	TRBJ1-2
CASSLEFAEPSYEQYF	TRBV11-2	TRBJ2-7
CASTSGNTEAFF	TRBV19	TRBJ1-1
CAGGQGADYTDTQYF	TRBV6-6	TRBJ2-3
CASSLPQEDTQYF	TRBV7-9	TRBJ2-3
CASSEALLRLTGATNQPQHF	TRBV2	TRBJ1-5
CASSLRGDYGYTF	TRBV11-3	TRBJ1-2
CASSIQIGNTEAFF	TRBV19	TRBJ1-1
CATSVVITEAFF	TRBV24-1	TRBJ1-1
CASSLTGAFYGYTF	TRBV7-6	TRBJ1-2
CASSSDSGTEAFF	TRBV6-5	TRBJ1-1
CSAHDRGLNTEAFF	TRBV29-1	TRBJ1-1
CASSFSSGWDQPQHF	TRBV5-8	TRBJ1-5
CASSLIFIRLAGGVFGANVLTF	TRBV7-2	TRBJ2-6
CASSPAGVPTEAFF	TRBV4-1	TRBJ1-1
CASSPPQGGFTGELFF	TRBV27	TRBJ2-2
CASSNNLNTEAFF	TRBV4-2	TRBJ1-1
CASSYTGVVETQYF	TRBV6-5	TRBJ2-5
CASSQEARGRSNTGELFF	TRBV3-1	TRBJ2-2
CASSQSDLPQHF	TRBV16	TRBJ1-5
CASSSTSKGQGSYEQYF	TRBV7-9	TRBJ2-7
CSARAGDTEAFF	TRBV20-1	TRBJ1-1
CASSPAGFSGGATDTQYF	TRBV6-5	TRBJ2-3
CASSPNPTQGTSGNTIYF	TRBV3-1	TRBJ1-3
CASSYSGSDTQYF	TRBV6-5	TRBJ2-3
CAIRETAMNTEAFF	TRBV10-3	TRBJ1-1
CASFTREGRGGYTQYF	TRBV7-9	TRBJ2-3
CASSEYSGIGTDTQYF	TRBV10-1	TRBJ2-3
CASTVGGTEAFF	TRBV19	TRBJ1-1
CASSLSSLGLPEAFF	TRBV5-5	TRBJ1-1
CASSFDRENIYNEQFF	TRBV5-1	TRBJ2-1
CASSSGLAGGAKNIQYF	TRBV5-1	TRBJ2-4
CSASGYGTLKVTDTQYF	TRBV20-1	TRBJ2-3
CASSIGQHYEQYF	TRBV19	TRBJ2-7
CASGLWNEQFF	TRBV12-5	TRBJ2-1
CASSQDPHNEQFF	TRBV14	TRBJ2-1
CASSPWAGQETQYF	TRBV12-3	TRBJ2-5
CATSRDLSGTNYNEQFF	TRBV15	TRBJ2-1
CSARGRGLDGYTF	TRBV20-1	TRBJ1-2
CASIGGDNEQFF	TRBV11-3	TRBJ2-1
CASSTNQQGMGEKLFF	TRBV7-9	TRBJ1-4
CASSNGDFSNQPQHF	TRBV7-2	TRBJ1-5
CASSLVLNTEAFF	TRBV7-9	TRBJ1-1
CASAQESGANVLTF	TRBV4-1	TRBJ2-6
CASSPIPGTSYGYTF	TRBV27	TRBJ1-2
CASSLEPLASTDTQYF	TRBV12-4	TRBJ2-3
CASTLTVTDTQYF	TRBV7-2	TRBJ2-3
CASSQDHFQGTGGELFF	TRBV4-3	TRBJ2-2
CASSLSKHWEISGNTIYF	TRBV7-9	TRBJ1-3
CASSVLAGPYTDTQYF	TRBV7-3	TRBJ2-3
CASSYGTSSTDTQYF	TRBV6-3	TRBJ2-3
CASSYRVGEQFF	TRBV6-6	TRBJ2-1
CASSPSIGGQVIRGYTF	TRBV7-9	TRBJ1-2
CASSQEHRANTEAFF	TRBV4-1	TRBJ1-1
CASSPGGTGDYGYTF	TRBV12-4	TRBJ1-2
CSAGQGARRAFF	TRBV20-1	TRBJ1-1
CASSLMGDEAFF	TRBV7-9	TRBJ1-1
CASSLAVGAKNIQYF	TRBV7-9	TRBJ2-4
CASSLASQETQYF	TRBV7-9	TRBJ2-5
CASSEEGVAGVFNEQFF	TRBV6-1	TRBJ2-1
CASGLGSGVYEQYF	TRBV12-5	TRBJ2-7
CASSLGQGVQPQHF	TRBV27	TRBJ1-5
CSAGTGGPNTEAFF	TRBV29-1	TRBJ1-1
CASSLSGGNTGELFF	TRBV7-3	TRBJ2-2
CSASAGGTSVGYEQYF	TRBV20-1	TRBJ2-7
CASSILAGSYEQYF	TRBV19	TRBJ2-7
CASSQDGTAYSNQPQHF	TRBV4-1	TRBJ1-5
CASSFNIKGLNYGYTF	TRBV12-4	TRBJ1-2
CASSLGRYTEAFF	TRBV7-6	TRBJ1-1
CASSLAYSGNTIYF	TRBV11-3	TRBJ1-3
CASSQVPLSTRGCEKLFF	TRBV4-1	TRBJ1-4
CASSLRVGLDQPQHF	TRBV12-4	TRBJ1-5
CASSFLGVTDTQYF	TRBV27	TRBJ2-3
CASSLDRGSYSNQPQHF	TRBV7-6	TRBJ1-5
CASSQVTGGNTEAFF	TRBV3-1	TRBJ1-1
CASSPWTGLLSEQYF	TRBV5-6	TRBJ2-7
CASSEDRGIRYEQYF	TRBV6-1	TRBJ2-7
CATSRDRANWETQYF	TRBV15	TRBJ2-5
CASSSGLAGDYEQFF	TRBV5-1	TRBJ2-1
CAIGTSGNTGELFF	TRBV10-2	TRBJ2-2
CASSIMDTYEQYF	TRBV19	TRBJ2-7
CASSQGVGGNTDTQYF	TRBV4-3	TRBJ2-3
CASSTGLNYGYTF	TRBV5-8	TRBJ1-2
CASSIAGYTEAFF	TRBV19	TRBJ1-1
CASSLLAGSDEQFF	TRBV19	TRBJ2-1
CASSPIYNYGYTF	TRBV14	TRBJ1-2
CASSPPSRGRVNTEAFF	TRBV18	TRBJ1-1
CAGSLAGTYNEQFF	TRBV27	TRBJ2-1
CSVRLAGGKNEQFF	TRBV29-1	TRBJ2-1
CAISGPNYGYTF	TRBV10-3	TRBJ1-2
CASSFGQGPLYVDGYTF	TRBV7-6	TRBJ1-2
CASSIQGGIPDTQYF	TRBV19	TRBJ2-3
CASSFGTGNYGYTF	TRBV7-3	TRBJ1-2
CATSLAESTDTQYF	TRBV15	TRBJ2-3
CASSVGMAGGTDTQYF	TRBV5-4	TRBJ2-3
CASSKEPGLEFF	TRBV7-9	TRBJ2-1
CASSLGRNYEQYF	TRBV27	TRBJ2-7
CASSTGQGNTEAFF	TRBV5-1	TRBJ1-1
CASSVEAGWDEQFF	TRBV9	TRBJ2-1
CASSWTGGYNEQFF	TRBV12-4	TRBJ2-1
CASSTRTDPPREQYF	TRBV6-5	TRBJ2-7
CASSPPQGLITGELFF	TRBV12-4	TRBJ2-2
CASSPQGGEEKLFF	TRBV5-1	TRBJ1-4
CASSFLSQETQYF	TRBV27	TRBJ2-5
CASSDIKRDYNEQFF	TRBV9	TRBJ2-1
CASSHPGQGRGYTF	TRBV4-3	TRBJ1-2
CASSIVGSWEQYF	TRBV19	TRBJ2-7
CSASSGGGYEQYF	TRBV20-1	TRBJ2-7
CASSYHEMTGTVEQFF	TRBV6-3	TRBJ2-1
CASSESPITDGELNTEAFF	TRBV10-2	TRBJ1-1
CASSPRASGNTIYF	TRBV13	TRBJ1-3
CASSERETGYDTQYF	TRBV6-1	TRBJ2-3
CASSDNQYRLNYGYTF	TRBV9	TRBJ1-2
CASNIGNTEAFF	TRBV19	TRBJ1-1
CAISEVTVQPQHF	TRBV10-3	TRBJ1-5
CASSPPTTPSEQYF	TRBV18	TRBJ2-7
CASSLAVAAWSTDTQYF	TRBV7-9	TRBJ2-3
CASSFNELAGGSSTDTQYF	TRBV5-1	TRBJ2-3
CASSSATLGGRIYGYTF	TRBV7-6	TRBJ1-2
CASTDSGDTQYF	TRBV27	TRBJ2-3
CASSMETDPYEQYF	TRBV10-1	TRBJ2-7
CASSQDWGGETQYF	TRBV3-1	TRBJ2-5
CSVQAPRGGYTF	TRBV29-1	TRBJ1-2
CASSPSQGAKETQYF	TRBV27	TRBJ2-5
CASRDLSQTSTDTQYF	TRBV11-2	TRBJ2-3
CATSDLGRRDGYTF	TRBV24-1	TRBJ1-2
CSVEGSGGHEQFF	TRBV29-1	TRBJ2-1
CATGQGGEKLFF	TRBV6-5	TRBJ1-4
CASSGSDGQAKWETQYF	TRBV9	TRBJ2-5
CASSIGYGYTF	TRBV19	TRBJ1-2
CASGITEAFF	TRBV6-5	TRBJ1-1
CASSFGTGDNTIYF	TRBV9	TRBJ1-3
CASSIGTSGNNEQFF	TRBV19	TRBJ2-1
CASSRQSNTEAFF	TRBV4-1	TRBJ1-1
CSARDFSGGTDTQYF	TRBV20-1	TRBJ2-3
CASNRDSLAYNEQFF	TRBV19	TRBJ2-1
CASSFRDRRNYEQYF	TRBV7-2	TRBJ2-7
CASSQIAGVGSVPGTDTQYF	TRBV4-2	TRBJ2-3
CSARDPREVNSPLHF	TRBV20-1	TRBJ1-6
CASSGPTGIQETQYF	TRBV5-4	TRBJ2-5
CASSSLAVSYNEQFF	TRBV13	TRBJ2-1
CASSGLDKANYGYTF	TRBV5-4	TRBJ1-2
CASSPEGRDYETQYF	TRBV5-1	TRBJ2-5
CSATSWLAGDTDTQYF	TRBV20-1	TRBJ2-3
CASTPGTGPTEAFF	TRBV6-1	TRBJ1-1
CASSSPDRHNEKLFF	TRBV7-9	TRBJ1-4
CASKIVDEVGALHF	TRBV27	TRBJ1-6
CASSQVWPLATTGELFF	TRBV4-1	TRBJ2-2
CASSLSMIDFYEQYF	TRBV27	TRBJ2-7
CASSHTGGPTLAKNIQYF	TRBV3-1	TRBJ2-4
CASSYPQGGEAFF	TRBV6-3	TRBJ1-1
CSARPDRAVGNTIYF	TRBV20-1	TRBJ1-3
CASSVERGPYNEQFF	TRBV7-2	TRBJ2-1
CASSISSGVAYEQFF	TRBV19	TRBJ2-1
CASSEMLGTNEKLFF	TRBV2	TRBJ1-4
CASSQRTSGFHTQYF	TRBV3-1	TRBJ2-3
CASSYSGTDYNEQFF	TRBV6-6	TRBJ2-1
CASSPGGREQETQYF	TRBV12-4	TRBJ2-5
CAATGTVSYEQYF	TRBV12-4	TRBJ2-7
CASSMRAGRPGANVLTF	TRBV19	TRBJ2-6
CASSLLGGGLSYGYTF	TRBV27	TRBJ1-2
CSARDDRGALSNQPQHF	TRBV20-1	TRBJ1-5
CASSPIAGGPYNEQFF	TRBV12-3	TRBJ2-1
CSGEPGFYDGGAEAFF	TRBV29-1	TRBJ1-1
CASRFYRGNYGYTF	TRBV11-2	TRBJ1-2
CASSLDSFGARGPNTEAFF	TRBV11-2	TRBJ1-1
CASSLVIVDLGANEQFF	TRBV7-9	TRBJ2-1
CASSGTVMNTEAFF	TRBV5-1	TRBJ1-1
CATSPRTHGNEQFF	TRBV24-1	TRBJ2-1
CASSVELGGQGATTGELFF	TRBV9	TRBJ2-2
CASSSSLGPYGYTF	TRBV7-2	TRBJ1-2
CASIGRGGTDLGYTF	TRBV6-1	TRBJ1-2
CSARMVGALQFF	TRBV20-1	TRBJ2-1
CASSLAVKAGGPKDEQFF	TRBV5-6	TRBJ2-1
CASTRSGRTDTQYF	TRBV12-3	TRBJ2-3
CASKGTSYEQYF	TRBV19	TRBJ2-7
CATSRDDIGTRDYEQYF	TRBV15	TRBJ2-7
CASSLGPRRGGEANEQFF	TRBV7-9	TRBJ2-1
CASSWGTGEPEAFF	TRBV5-5	TRBJ1-1
CASSPGTFNEQFF	TRBV4-1	TRBJ2-1
CASKAGTGEYEQYF	TRBV19	TRBJ2-7
CASSRTSGHQETQYF	TRBV11-3	TRBJ2-5
CASLQGLNTEAFF	TRBV19	TRBJ1-1
CASSVALGQEGEKLFF	TRBV9	TRBJ1-4
CASSLSGGGQSTDTQYF	TRBV11-2	TRBJ2-3
CSARKGLADYNEQFF	TRBV20-1	TRBJ2-1
CASSLDRTGGLGDRQPQHF	TRBV7-8	TRBJ1-5
CASSFGASAKNIQYF	TRBV12-4	TRBJ2-4
CASSYEEITMNTEAFF	TRBV6-3	TRBJ1-1
CASSFYVGQGATNEKLFF	TRBV12-3	TRBJ1-4
CASSYPGPYYEQYF	TRBV7-6	TRBJ2-7
CASSLPAGRVSAGELFF	TRBV11-3	TRBJ2-2
CASAPGGPSYEQYF	TRBV27	TRBJ2-7
CASSVGTSGGELFF	TRBV6-5	TRBJ2-2
CASSEPSDIAKNIQYF	TRBV6-1	TRBJ2-4
CASRRGWGDHQPQHF	TRBV5-1	TRBJ1-5
CASSDRDYEQYF	TRBV9	TRBJ2-7
CASSDQGRQETQYF	TRBV2	TRBJ2-5
CASSLATGNEQFF	TRBV7-6	TRBJ2-1
CASSIGRYEQFF	TRBV19	TRBJ2-1
CASSLAGTGGNEQFF	TRBV13	TRBJ2-1
CASSRWTGAPVDGGNQPQHF	TRBV27	TRBJ1-5
CASSDTVDEQFF	TRBV7-6	TRBJ2-1
CASSPRMSVPWGYTF	TRBV12-4	TRBJ1-2
CASSFLPLNYGYTF	TRBV27	TRBJ1-2
CASSRETGNNSPLHF	TRBV27	TRBJ1-6
CASRLAGSTGELFF	TRBV27	TRBJ2-2
CASSPFSGAGELFF	TRBV7-9	TRBJ2-2
CASRTPGLAPGELFF	TRBV2	TRBJ2-2
CASSRDPNTEAFF	TRBV10-1	TRBJ1-1
CASSSPKGSSYNEQFF	TRBV6-5	TRBJ2-1
CASSQDMGQGTDTQYF	TRBV4-1	TRBJ2-3
CASSERTGESYEQYF	TRBV6-1	TRBJ2-7
CASSLSKGLSSPLHF	TRBV27	TRBJ1-6
CASSYSAEQANTGELFF	TRBV6-5	TRBJ2-2
CASGQQETQYF	TRBV12-5	TRBJ2-5
CASSFSGANVLTF	TRBV27	TRBJ2-6
CASSYKTGQGSMNTEAFF	TRBV11-2	TRBJ1-1
CASSQGSSGPDEQYF	TRBV4-1	TRBJ2-7
CASSRQGASTEAFF	TRBV6-6	TRBJ1-1
CASSLPAQSSGRFFYEQFF	TRBV19	TRBJ2-1
CASSPAVGPMNEQFF	TRBV13	TRBJ2-1
CASSHEVSYEQYF	TRBV6-5	TRBJ2-7
CAVNPAGAKTYNEQFF	TRBV10-3	TRBJ2-1
CASSLGGTYEQYF	TRBV5-8	TRBJ2-7
CATSATVYNEQFF	TRBV24-1	TRBJ2-1
CASSSRGGNEQFF	TRBV19	TRBJ2-1
CASSQDLGLAGVTDTQYF	TRBV4-1	TRBJ2-3
CASSYGAAYEQYF	TRBV27	TRBJ2-7
CASSHPDLNQPQHF	TRBV4-1	TRBJ1-5
CASSIEAGLYGYTF	TRBV19	TRBJ1-2
CATSFTGTHYNEQFF	TRBV15	TRBJ2-1
CASSPLEGADGYTF	TRBV6-5	TRBJ1-2
CASSRGTSGRPYNEQFF	TRBV19	TRBJ2-1
CAISHLGESGNTIYF	TRBV10-3	TRBJ1-3
CASSYTGQGLVNEQFF	TRBV25-1	TRBJ2-1
CASSQVIGREQYF	TRBV4-1	TRBJ2-7
CASSPGQWTKNIQYF	TRBV6-5	TRBJ2-4
CASSQDRGLNQPQHF	TRBV4-2	TRBJ1-5
CASSWGETQYF	TRBV6-3	TRBJ2-5
CASKGGLGTEAFF	TRBV7-3	TRBJ1-1
CASSLDGTGTEAFF	TRBV11-2	TRBJ1-1
CASSQGTGTDTQYF	TRBV4-3	TRBJ2-3
CAWSVFGQGMNTEAFF	TRBV30	TRBJ1-1
CASSEGRTLNQPQHF	TRBV2	TRBJ1-5
CASSLAPGGNTEAFF	TRBV5-1	TRBJ1-1
CASSVGDGPYGYTF	TRBV9	TRBJ1-2
CASSFATANEKLFF	TRBV11-2	TRBJ1-4
CASRSLDEAFF	TRBV11-2	TRBJ1-1
CASGGSDEKLFF	TRBV5-1	TRBJ1-4
CATSDFNGGLSEAFF	TRBV24-1	TRBJ1-1
CASRERELGWFEQFF	TRBV2	TRBJ2-1
CASSITLGGITGNEQFF	TRBV19	TRBJ2-1
CASSDGGGSYNEQFF	TRBV9	TRBJ2-1
CASSQGGENTEAFF	TRBV4-2	TRBJ1-1
CAISGGTVESKNIQYF	TRBV10-3	TRBJ2-4
CASSLDHGLGETQYF	TRBV5-1	TRBJ2-5
CASSSRTDTAYGYTF	TRBV12-4	TRBJ1-2
CASSQELGSSYNEQFF	TRBV4-2	TRBJ2-1
CASSLVGSEMNTEAFF	TRBV5-6	TRBJ1-1
CASSPGSDVGLYEQYF	TRBV9	TRBJ2-7
CASSPHPGSTEAFF	TRBV7-3	TRBJ1-1
CATERLADTQYF	TRBV2	TRBJ2-3
CAIHQGYTEAFF	TRBV19	TRBJ1-1
CATHRGGAGELFF	TRBV19	TRBJ2-2
CASSQDIRTGGYEQYF	TRBV4-1	TRBJ2-7
CASSYASGRGGTQYF	TRBV12-4	TRBJ2-5
CASSIQGGYTEAFF	TRBV19	TRBJ1-1
CASSLSGTETEAFF	TRBV4-1	TRBJ1-1
CASSGTSGNTGELFF	TRBV10-2	TRBJ2-2
CASSLADGGGYNEQFF	TRBV7-9	TRBJ2-1
CASSLGGLHF	TRBV6-6	TRBJ1-6
CASSLSLADNEQFF	TRBV7-6	TRBJ2-1
CATSDNRGNEQYF	TRBV24-1	TRBJ2-7
CATIEGRMNTEAFF	TRBV6-1	TRBJ1-1
CASRPARGYEQFF	TRBV7-9	TRBJ2-1
CASSLAAAGANEQFF	TRBV5-1	TRBJ2-1
CSARDNNEQFF	TRBV20-1	TRBJ2-1
CASSPNIGDSLRETQYF	TRBV7-8	TRBJ2-5
CASSDRLAGSTGELFF	TRBV6-4	TRBJ2-2
CASSYSGGALDTQYF	TRBV11-2	TRBJ2-3
CASNEDPGLAGDNEQFF	TRBV18	TRBJ2-1
CASNGFGVEAFF	TRBV6-1	TRBJ1-1
CASSTQGYGYTF	TRBV27	TRBJ1-2
CASSQDFAGVNEQFF	TRBV4-3	TRBJ2-1
CASSDGDSPYNEQFF	TRBV10-1	TRBJ2-1
CASSSNDRGPADTQYF	TRBV7-8	TRBJ2-3
CASRILPDRDGDTEAFF	TRBV12-4	TRBJ1-1
CASSFIDRFTDTQYF	TRBV27	TRBJ2-3
CASSLSGGTEAFF	TRBV27	TRBJ1-1
CASSLTGGEGEAFF	TRBV10-2	TRBJ1-1
CASSLMGGYTF	TRBV7-9	TRBJ1-2
CASSQDIVASSGTDTQYF	TRBV4-1	TRBJ2-3
CASSARLDTQYF	TRBV9	TRBJ2-3
CASSPRTDEGQYF	TRBV6-5	TRBJ2-7
CSVETGYSYNEQFF	TRBV29-1	TRBJ2-1
CSAEFPGAVYNEQFF	TRBV20-1	TRBJ2-1
CASSPTGKSYNEQFF	TRBV3-1	TRBJ2-1
CASTSSMGTGDGYTF	TRBV19	TRBJ1-2
CSAREPGTIFYNEQFF	TRBV20-1	TRBJ2-1
CSAIGTGGGQPQHF	TRBV20-1	TRBJ1-5
CASGFSGTGPLFYGYTF	TRBV7-9	TRBJ1-2
CASSYQGYQETQYF	TRBV27	TRBJ2-5
CASSGSRAGGAGEQFF	TRBV7-6	TRBJ2-1
CASSQQSGDTDTQYF	TRBV4-1	TRBJ2-3
CASKNLADSTDTQYF	TRBV6-1	TRBJ2-3
CAISVEGRAEKLFF	TRBV10-3	TRBJ1-4
CASSLGGPALDQPQHF	TRBV27	TRBJ1-5
CSAHGQGAYSPLHF	TRBV20-1	TRBJ1-6
CASSLRRLTRFAGGSTDTQYF	TRBV3-1	TRBJ2-3
CASSTTGQGGDKTQYF	TRBV27	TRBJ2-5
CASSAHQGLAGAGETQYF	TRBV9	TRBJ2-5
CSARERGNNYGYTF	TRBV20-1	TRBJ1-2
CASSLVGTPDTQYF	TRBV12-4	TRBJ2-3
CSAREDERGVLYEQYF	TRBV20-1	TRBJ2-7
CAWRGFASTYNEQFF	TRBV30	TRBJ2-1
CASSPTGYTDTQYF	TRBV27	TRBJ2-3
CASGKTGGLTNYGYTF	TRBV2	TRBJ1-2
CASSLPANTGELFF	TRBV7-8	TRBJ2-2
CASSLAKTANTGELFF	TRBV7-9	TRBJ2-2
CASSLGRGGRNEQFF	TRBV5-6	TRBJ2-1
CASSVYRDSHETQYF	TRBV6-1	TRBJ2-5
CASSVNWGDKSTDTQYF	TRBV9	TRBJ2-3
CASSLAPRTVGMNTEAFF	TRBV5-1	TRBJ1-1
CAWSPGNYGYTF	TRBV30	TRBJ1-2
CASSLGQGVYEQYF	TRBV5-1	TRBJ2-7
CSVEQGESGNTIYF	TRBV29-1	TRBJ1-3
CSARVDSSYEQYF	TRBV20-1	TRBJ2-7
CASSIDRGGGLGNQPQHF	TRBV19	TRBJ1-5
CASSLSQGALNTEAFF	TRBV9	TRBJ1-1
CASSLTAGAGYNEQFF	TRBV3-1	TRBJ2-1
CSARATGGYEQYF	TRBV20-1	TRBJ2-7
CASGQRGGNTGELFF	TRBV12-5	TRBJ2-2
CASSFTDGDNEQFF	TRBV7-3	TRBJ2-1
CASSDDRSYNSPLHF	TRBV6-4	TRBJ1-6
CASSPGRGVADTQYF	TRBV19	TRBJ2-3
CASSFGGRALDTQYF	TRBV11-2	TRBJ2-3
CASSLVSPNTEAFF	TRBV7-8	TRBJ1-1
CASSGGLAGTGELFF	TRBV12-4	TRBJ2-2
CASSPTDRANGYTF	TRBV18	TRBJ1-2
CASSLFGAGGEETQYF	TRBV11-3	TRBJ2-5
CASSKTEAGSPLHF	TRBV2	TRBJ1-6
CASSYRDREGYEQYF	TRBV7-9	TRBJ2-7
CASRGLGGTDSPLHF	TRBV2	TRBJ1-6
CASLRADTQYF	TRBV6-3	TRBJ2-3
CSARDLGQLNQPQHF	TRBV20-1	TRBJ1-5
CASSYGGDGYTF	TRBV6-5	TRBJ1-2
CASSLEESSYEQYF	TRBV5-1	TRBJ2-7
CASSPMDSIDGYTF	TRBV6-5	TRBJ1-2
CASSIGGLAGATQETQYF	TRBV19	TRBJ2-5
CSAREGDPNYGYTF	TRBV20-1	TRBJ1-2
CASSSPERFGYNEQFF	TRBV11-2	TRBJ2-1
CASSLDQPGGADTQYF	TRBV5-6	TRBJ2-3
CASSSPGTGNEQFF	TRBV6-6	TRBJ2-1
CASSLGQGGTEAFF	TRBV19	TRBJ1-1
CASSERGSYNEQFF	TRBV6-4	TRBJ2-1
CASSPQRMGDEQYF	TRBV7-6	TRBJ2-7
CASSRTGTGDTEAFF	TRBV16	TRBJ1-1
CASSPRIHWETQYF	TRBV6-5	TRBJ2-5
CASSSILAGAETQYF	TRBV5-6	TRBJ2-5
CSARVESLYNEQFF	TRBV20-1	TRBJ2-1
CASSLYGRKNSPLHF	TRBV28	TRBJ1-6
CSAYRDSYNEQFF	TRBV20-1	TRBJ2-1
CASSVEEYTDTQYF	TRBV9	TRBJ2-3
CASGLEGQGAGEQFF	TRBV12-5	TRBJ2-1
CASSLEGARGPTEAFF	TRBV13	TRBJ1-1
CASSPEGDIANEKLFF	TRBV4-3	TRBJ1-4
CASRKGGRADEQFF	TRBV7-9	TRBJ2-1
CASSNSGGAGTGELFF	TRBV9	TRBJ2-2
CASQTQSSYNEQFF	TRBV19	TRBJ2-1
CASSPALGGVPEAFF	TRBV7-6	TRBJ1-1
CASSPRVWTYNEQFF	TRBV3-1	TRBJ2-1
CASSPSGGLGTEAFF	TRBV4-1	TRBJ1-1
CASSSPSGLADYNEQFF	TRBV7-9	TRBJ2-1
CASSLGGVSPLHF	TRBV11-2	TRBJ1-6
CASSLVSGTGIYEQYF	TRBV7-8	TRBJ2-7
CASSLRWDRGSNTEAFF	TRBV27	TRBJ1-1
CASTPGQGAGELFF	TRBV19	TRBJ2-2
CASSQDPLASGELFF	TRBV4-3	TRBJ2-2
CSVPGQSSYEQYF	TRBV29-1	TRBJ2-7
CASSPGQGGNQPQHF	TRBV10-2	TRBJ1-5
CASSSIEIFNEQFF	TRBV5-6	TRBJ2-1
CASGLVPENTEAFF	TRBV12-5	TRBJ1-1
CASSMGGRYEQYF	TRBV19	TRBJ2-7
CASSPAGLAYEQYF	TRBV19	TRBJ2-7
CASSPGNTEAFF	TRBV27	TRBJ1-1
CASSLGQGQPQHF	TRBV7-7	TRBJ1-5
CASSLVIAGPYQFF	TRBV14	TRBJ2-1
CASSMTSGSFQTQYF	TRBV3-1	TRBJ2-5
CASFGKSNYGYTF	TRBV2	TRBJ1-2
CSQNLPRQGGVDTQYF	TRBV20-1	TRBJ2-3
CASSPPGAPNYGYTF	TRBV18	TRBJ1-2
CASSLGTRGGAPEAFF	TRBV13	TRBJ1-1
CASGGTLGMNTEAFF	TRBV25-1	TRBJ1-1
CASSPFYMETQYF	TRBV11-2	TRBJ2-5
CASRAGDTDTQYF	TRBV6-5	TRBJ2-3
CATSDPRVRYEQYF	TRBV15	TRBJ2-7
CASSLIPAPGTGNGYTF	TRBV7-9	TRBJ1-2
CASSSSGQGGTEAFF	TRBV13	TRBJ1-1
CASRYVRGKDTEAFF	TRBV7-9	TRBJ1-1
CASSESTTSGSGETQYF	TRBV9	TRBJ2-5
CASSLTTDWAEAFF	TRBV3-1	TRBJ1-1
CASSLTPGVNQDTQYF	TRBV13	TRBJ2-3
CASSLSDRPSATDTQYF	TRBV7-7	TRBJ2-3
CASSLVPGSEQFF	TRBV11-2	TRBJ2-1
CASSLGDVSYNEQFF	TRBV27	TRBJ2-1
CASSRGLAGSHQETQYF	TRBV3-1	TRBJ2-5
CASRNPGTSGTTGELFF	TRBV7-9	TRBJ2-2
CASSRSLGNQPQHF	TRBV5-6	TRBJ1-5
CASSIWAGDPYNEQFF	TRBV5-1	TRBJ2-1
CASSRKWRTDSYGYTF	TRBV14	TRBJ1-2
CSASRARYNEQFF	TRBV20-1	TRBJ2-1
CASSLSGVPYEQYF	TRBV5-6	TRBJ2-7
CSARGVEGYEQYF	TRBV20-1	TRBJ2-7
CASSRVPGLAGGPPYNEQFF	TRBV4-1	TRBJ2-1
CSANSGTSPNEQFF	TRBV20-1	TRBJ2-1
CASKNRDSLSGEQYF	TRBV7-8	TRBJ2-7
CASSIGQGLNQPQHF	TRBV19	TRBJ1-5
CAWSRGTGELFF	TRBV30	TRBJ2-2
CSVLLHTGELFF	TRBV29-1	TRBJ2-2
CASSLPGGALNTEAFF	TRBV5-1	TRBJ1-1
CSVEEQGNYEQYF	TRBV29-1	TRBJ2-7
CASSVRPGGAGNEQFF	TRBV9	TRBJ2-1
CASSLEATGDNSPLHF	TRBV5-1	TRBJ1-6
CASSPPPLSGGYTEQFF	TRBV3-1	TRBJ2-1
CASSGRQGRGYTF	TRBV11-3	TRBJ1-2
CASKGLRPEAFF	TRBV27	TRBJ1-1
CASSLSASNQPQHF	TRBV12-4	TRBJ1-5
CASSHRAGTAGTEAFF	TRBV4-1	TRBJ1-1
CASSESFLSPTYGYTF	TRBV10-2	TRBJ1-2
CATSRERFTGELFF	TRBV15	TRBJ2-2
CASSSPLDRAGSAFF	TRBV7-6	TRBJ1-1
CSASTGLVTEAFF	TRBV20-1	TRBJ1-1
CASSLRPLHF	TRBV5-8	TRBJ1-6
CASSQAGSTGELFF	TRBV4-3	TRBJ2-2
CASSWGLAGGGTGELFF	TRBV27	TRBJ2-2
CASTPGVAHTDTQYF	TRBV7-3	TRBJ2-3
CSARSWGVEAFF	TRBV20-1	TRBJ1-1
CASSEQGAGSNQPQHF	TRBV7-9	TRBJ1-5
CASSLAGGEAFF	TRBV27	TRBJ1-1
CASSFGSEAFF	TRBV7-9	TRBJ1-1
CASSSPLREGYTF	TRBV11-3	TRBJ1-2
CASSTGLIYGYTF	TRBV6-5	TRBJ1-2
CASSVGPGESPLHF	TRBV19	TRBJ1-6
CASSYTPSGGENTGELFF	TRBV7-4	TRBJ2-2
CASSLLGGGNEQFF	TRBV11-3	TRBJ2-1
CASSPRQLLNYGYTF	TRBV11-3	TRBJ1-2
CASSLPSGPGSEAFF	TRBV7-2	TRBJ1-1
CATSFTLSYEQYF	TRBV15	TRBJ2-7
CASSLTENTEAFF	TRBV11-2	TRBJ1-1
CASVLWRASTDTQYF	TRBV5-5	TRBJ2-3
CASSLRPPDTGELFF	TRBV12-4	TRBJ2-2
CASSLSGSSYNEQFF	TRBV7-9	TRBJ2-1
CASSYSELAGFNEQFF	TRBV6-3	TRBJ2-1
CASSVEGLTGDYGYTF	TRBV9	TRBJ1-2
CSARVRGYRTDTQYF	TRBV20-1	TRBJ2-3
CASSHGGGMGQPQHF	TRBV12-4	TRBJ1-5
CSARDLLAAGYGYTF	TRBV20-1	TRBJ1-2
CATLQFGKHNEQFF	TRBV5-4	TRBJ2-1
CASFRGFTEAFF	TRBV27	TRBJ1-1
CASSPAGGIHGYTF	TRBV12-4	TRBJ1-2
CASSIAGYVEAFF	TRBV19	TRBJ1-1
CASRRLASDTGELFF	TRBV19	TRBJ2-2
CASSGGGNEKLFF	TRBV4-1	TRBJ1-4
CAIKGSATEAFF	TRBV10-3	TRBJ1-1
CASSEGPDTEAFF	TRBV6-1	TRBJ1-1
CSAREGVRLVAGHQETQYF	TRBV20-1	TRBJ2-5
CASSLLNTGELFF	TRBV7-6	TRBJ2-2
CASSDGDNTGELFF	TRBV6-4	TRBJ2-2
CSARSEGAGQFF	TRBV20-1	TRBJ2-1
CASSLAPGALNEKLFF	TRBV6-5	TRBJ1-4
CSARERWEGATNEKLFF	TRBV20-1	TRBJ1-4
CASSGGVTEAFF	TRBV5-6	TRBJ1-1
CASSLGQGVGQPQHF	TRBV5-1	TRBJ1-5
CASSQGTYEQYF	TRBV3-1	TRBJ2-7
CATSEAGTEYSNQPQHF	TRBV24-1	TRBJ1-5
CASSPPTLTEQFF	TRBV18	TRBJ2-1
CASSSSMGDMDEKLFF	TRBV5-1	TRBJ1-4
CATRSATGDNYGYTF	TRBV6-6	TRBJ1-2
CASSFQSGQNFYGYTF	TRBV27	TRBJ1-2
CASSLGTSLYGYTF	TRBV5-6	TRBJ1-2
CASSYRLGNYGYTF	TRBV6-5	TRBJ1-2
CASRFGQGNHPQHF	TRBV6-5	TRBJ1-5
CSVYSGMDTQYF	TRBV29-1	TRBJ2-3
CASSQPSSVEQFF	TRBV4-3	TRBJ2-1
CASRVGLADTGELFF	TRBV9	TRBJ2-2
CASSLDDNSPLHF	TRBV5-1	TRBJ1-6
CAWTGDGANVLTF	TRBV30	TRBJ2-6
CASSLAGLGNQPQHF	TRBV27	TRBJ1-5
CASSERSGGDTDTQYF	TRBV2	TRBJ2-3
CASSIGARGSNQPQHF	TRBV19	TRBJ1-5
CASSDSGITEAFF	TRBV10-1	TRBJ1-1
CASSSAEGLNTEAFF	TRBV13	TRBJ1-1
CASSLDWTADTQYF	TRBV7-3	TRBJ2-3
CASSLAERGGGEQYF	TRBV7-6	TRBJ2-7
CASSQELAGTGPDEKLFF	TRBV4-3	TRBJ1-4
CATSRDRGTGSYEQYF	TRBV15	TRBJ2-7
CASASTGLAGGRLNTGELFF	TRBV12-4	TRBJ2-2
CSVEDRGGYEQYF	TRBV29-1	TRBJ2-7
CASSLQPSGGANTEAFF	TRBV7-9	TRBJ1-1
CASSFIPDRGNQPQHF	TRBV7-8	TRBJ1-5
CASSEQTGTNEQYF	TRBV27	TRBJ2-7
CASSLDQGAQIRNEQFF	TRBV7-9	TRBJ2-1
CASSIPGSPGNTEAFF	TRBV7-8	TRBJ1-1
CASSLTEIPAIYGYTF	TRBV6-5	TRBJ1-2
CASSIGTSVHEQYF	TRBV19	TRBJ2-7
CASSYGAGEQPQHF	TRBV6-3	TRBJ1-5
CASSPHDGITGELFF	TRBV7-3	TRBJ2-2
CASSPDSVNTGELFF	TRBV4-3	TRBJ2-2
CASSDPYNEQFF	TRBV6-4	TRBJ2-1
CASSLLGKTGELFF	TRBV5-6	TRBJ2-2
CASSLGTGNGYTF	TRBV7-8	TRBJ1-2
CASSYSGGNTEAFF	TRBV6-5	TRBJ1-1
CASSPWSIWVAGSSYEQYF	TRBV7-3	TRBJ2-7
CASIPSGVPSTDTQYF	TRBV6-5	TRBJ2-3
CASSPTGPEQFF	TRBV9	TRBJ2-1
CASSQAWSDSVMGQPQHF	TRBV4-1	TRBJ1-5
CASSLRPYSYNEQFF	TRBV27	TRBJ2-1
CASRTLAYGYTF	TRBV7-6	TRBJ1-2
CASSLVLGDYGYTF	TRBV7-9	TRBJ1-2
CASSLGSTNEKLFF	TRBV18	TRBJ1-4
CASSFRGSGNTIYF	TRBV13	TRBJ1-3
CSVDRGNLKAQHF	TRBV29-1	TRBJ1-5
CASSLGQGADTQYF	TRBV5-1	TRBJ2-3
CASSIDLQRNTIYF	TRBV19	TRBJ1-3
CASTGTGGIYEQYF	TRBV19	TRBJ2-7
CSARSQGIYEQYF	TRBV20-1	TRBJ2-7
CASSEVDRVAEKQYF	TRBV6-1	TRBJ2-7
CASSSTGPGTEAFF	TRBV5-4	TRBJ1-1
CATSEGTSGRYNEQFF	TRBV24-1	TRBJ2-1
CASSQVPGRGGNTEAFF	TRBV4-1	TRBJ1-1
CASSLSGPNSPLHF	TRBV5-6	TRBJ1-6
CASSFGTVYNEQFF	TRBV12-4	TRBJ2-1
CASSGGLGASEKLFF	TRBV25-1	TRBJ1-4
CASSTSGSPYNEQFF	TRBV27	TRBJ2-1
CASSLLNPATPNNEQFF	TRBV6-3	TRBJ2-1
CSASGGMGYNEQFF	TRBV20-1	TRBJ2-1
CASSVLAGSSYNEQFF	TRBV9	TRBJ2-1
CASSLVRGVSSYEQYF	TRBV7-6	TRBJ2-7
CASSAPARDFNYGYTF	TRBV6-3	TRBJ1-2
CAILGNSGTEAFF	TRBV10-3	TRBJ1-1
CASSESSYNSPLHF	TRBV9	TRBJ1-6
CASSGGVGPNNEQFF	TRBV6-5	TRBJ2-1
CSTTGDERNIQYF	TRBV20-1	TRBJ2-4
CASSLILAGGQVYNEQFF	TRBV5-1	TRBJ2-1
CAWSTGGWQFF	TRBV30	TRBJ2-1
CASRTVDFSGANVLTF	TRBV12-3	TRBJ2-6
CASSDVLRGRDNEQFF	TRBV6-1	TRBJ2-1
CATAGSLGYEQFF	TRBV5-1	TRBJ2-1
CASSPSTGGIGEKLFF	TRBV5-1	TRBJ1-4
CASSGGGGGINGYTF	TRBV9	TRBJ1-2
CASSSARTQHF	TRBV19	TRBJ1-5
CASSDGTSGSNEQFF	TRBV6-4	TRBJ2-1
CASGRPINNEQFF	TRBV6-6	TRBJ2-1
CASSLLVGDTQYF	TRBV7-3	TRBJ2-3
CASSPPSPGSYNEQFF	TRBV18	TRBJ2-1
CASTTYTGELFF	TRBV19	TRBJ2-2
CASSLGLTGLAYGYTF	TRBV5-1	TRBJ1-2
CASRGQGTTEAFF	TRBV27	TRBJ1-1
CASRQGGDGYTF	TRBV19	TRBJ1-2
CASSVTGIYNEQFF	TRBV25-1	TRBJ2-1
CASSDLAGTPDTQYF	TRBV25-1	TRBJ2-3
CASSHQARYDLFNEQFF	TRBV7-2	TRBJ2-1
CASRTGAGANYGYTF	TRBV10-2	TRBJ1-2
CSAAQTSVYEQYF	TRBV20-1	TRBJ2-7
CASSPTLTGGTFSDNEQFF	TRBV18	TRBJ2-1
CASSRPGHNEQFF	TRBV27	TRBJ2-1
CASSSWESYEQYF	TRBV27	TRBJ2-7
CASSQDLAGDQYF	TRBV14	TRBJ2-3
CASGLVLPSSGGIAKNIQYF	TRBV12-5	TRBJ2-4
CASSPSAGEQFF	TRBV18	TRBJ2-1
CASSVAGGSYNEQFF	TRBV12-3	TRBJ2-1
CASTQGLAEQFF	TRBV7-9	TRBJ2-1
CASSLYGTGVDGYTF	TRBV5-1	TRBJ1-2
CASSEGAGGLDTQYF	TRBV6-1	TRBJ2-3
CASGWDRTGYTF	TRBV12-5	TRBJ1-2
CASTKIDRTVNNEQFF	TRBV6-3	TRBJ2-1
CASSRANTEAFF	TRBV14	TRBJ1-1
CASSEGTGGNTEAFF	TRBV5-1	TRBJ1-1
CASSQGASGTYNEQFF	TRBV4-3	TRBJ2-1
CSARVAHEQFF	TRBV20-1	TRBJ2-1
CASSLGQGAYNEQFF	TRBV5-4	TRBJ2-1
CASSEEGGGYTF	TRBV2	TRBJ1-2
CASSPSYNEQFF	TRBV27	TRBJ2-1
CASSQDSGVLSETQYF	TRBV3-1	TRBJ2-5
CATSVGQGGWDLGYTF	TRBV15	TRBJ1-2
CASGNGGEETQYF	TRBV7-3	TRBJ2-5
CASSLWTTNYGYTF	TRBV12-4	TRBJ1-2
CASSSGDRTNEKLFF	TRBV11-2	TRBJ1-4
CASGLGALGTDTQYF	TRBV12-5	TRBJ2-3
CASSLLAGTHEQYF	TRBV11-1	TRBJ2-7
CASSPGANNEQFF	TRBV10-1	TRBJ2-1
CATSESGGVGELFF	TRBV15	TRBJ2-2
CASSTGRSSYNEQFF	TRBV27	TRBJ2-1
CASSPGTGASGYTF	TRBV27	TRBJ1-2
CASSLALNNEQFF	TRBV13	TRBJ2-1
CASSRTGTGGGNEQFF	TRBV7-9	TRBJ2-1
CASSRPGTIYTDTQYF	TRBV3-1	TRBJ2-3
CASWGIWGKQGAPGYTF	TRBV19	TRBJ1-2
CASSRDSYNEQFF	TRBV19	TRBJ2-1
CASSRDNYGYTF	TRBV6-3	TRBJ1-2
CASNPRPRPSYTDTQYF	TRBV19	TRBJ2-3
CASSEAPTVYGYTF	TRBV6-1	TRBJ1-2
CASTLGANTGELFF	TRBV19	TRBJ2-2
CASSQEGRSQETQYF	TRBV3-1	TRBJ2-5
CASSPVGGYQPQHF	TRBV2	TRBJ1-5
CASSQGGYQGRNSPLHF	TRBV4-2	TRBJ1-6
CASTAQETQYF	TRBV28	TRBJ2-5
CASGLGNPGSGVTEAFF	TRBV12-5	TRBJ1-1
CASSIMNTEAFF	TRBV6-3	TRBJ1-1
CASSLSGTWGEKLFF	TRBV27	TRBJ1-4
CASSLRGGRETQYF	TRBV27	TRBJ2-5
CASSLTSGPYNEQFF	TRBV7-2	TRBJ2-1
CATSGLAGREQFF	TRBV15	TRBJ2-1
CASSFNEQYF	TRBV11-2	TRBJ2-7
CASSLGAEETQYF	TRBV5-5	TRBJ2-5
CASSLGAGANVLTF	TRBV12-4	TRBJ2-6
CASSVENSVYGYTF	TRBV9	TRBJ1-2
CAISEEGLGNQPQHF	TRBV10-3	TRBJ1-5
CASSVDPGANTEAFF	TRBV9	TRBJ1-1
CASSEAGTNYYNEQFF	TRBV6-1	TRBJ2-1
CASSQAGAVYGYTF	TRBV4-1	TRBJ1-2
CASSAALAKNIQYF	TRBV12-4	TRBJ2-4
CASSDGQGANYGYTF	TRBV7-9	TRBJ1-2
CASSISLGTAYEQYF	TRBV19	TRBJ2-7
CASSQDDLGSTPIYTGELFF	TRBV4-1	TRBJ2-2
CASLGQPDYEQYF	TRBV7-9	TRBJ2-7
CASSTGLAGGQETQYF	TRBV12-4	TRBJ2-5
CASRKTSGGVSTDTQYF	TRBV11-2	TRBJ2-3
CASRRRDGTQYF	TRBV27	TRBJ2-5
CASSPGGPETQYF	TRBV19	TRBJ2-5
CASSIRQGPNEQFF	TRBV27	TRBJ2-1
CASRILGTGNQPQHF	TRBV27	TRBJ1-5
CASMGQSYEQYF	TRBV19	TRBJ2-7
CASSDRGSETQYF	TRBV2	TRBJ2-5
CASGSPLGTGNTEAFF	TRBV27	TRBJ1-1
CASSLSSRASNQPQHF	TRBV7-8	TRBJ1-5
CASSLQTSGGEQYF	TRBV7-2	TRBJ2-7
CASSLKTVNTEAFF	TRBV11-2	TRBJ1-1
CAHTDPNPTGELFF	TRBV12-5	TRBJ2-2
CAISEGGAGSYNEQFF	TRBV10-3	TRBJ2-1
CASSLVPVDTEAFF	TRBV12-3	TRBJ1-1
CASSPGQGLSEAFF	TRBV7-8	TRBJ1-1
CAWGGETSGSTDTQYF	TRBV30	TRBJ2-3
CASRDSYYEQYF	TRBV10-2	TRBJ2-7
CASSLVLYNEQFF	TRBV27	TRBJ2-1
CASSLAGQLYGYTF	TRBV7-9	TRBJ1-2
CATSDNRNYGYTF	TRBV24-1	TRBJ1-2
CASSLGGGTGELFF	TRBV7-9	TRBJ2-2
CASSIAGWNTEAFF	TRBV19	TRBJ1-1
CASNQRSSYNSPLHF	TRBV19	TRBJ1-6
CASSNPGPYGYGYTF	TRBV7-9	TRBJ1-2
CASSRTRANTGELFF	TRBV5-4	TRBJ2-2
CASSTQGGNQPQHF	TRBV6-5	TRBJ1-5
CASSLSGGGYNEQFF	TRBV12-4	TRBJ2-1
CASSSTGYGNQPQHF	TRBV19	TRBJ1-5
CASSYRVFGSGANVLTF	TRBV6-5	TRBJ2-6
CASSLHRQGLSYEQYF	TRBV5-6	TRBJ2-7
CASSQDLGQGAEAFF	TRBV4-3	TRBJ1-1
CASSIRDREYNEQFF	TRBV19	TRBJ2-1
CATSDFEWGYTF	TRBV24-1	TRBJ1-2
CSARVVWTAMGYGYTF	TRBV20-1	TRBJ1-2
CASSQGMTEAFF	TRBV4-1	TRBJ1-1
CASSLGVRVIQETQYF	TRBV7-9	TRBJ2-5
CASSQVDSYGYTF	TRBV14	TRBJ1-2
CASGAANQPQHF	TRBV27	TRBJ1-5
CASSLMGQQETQYF	TRBV3-1	TRBJ2-5
CASSTWTSGSDTQYF	TRBV19	TRBJ2-3
CASSPHRLAQFF	TRBV28	TRBJ2-1
CASSLDGSSYNEQFF	TRBV19	TRBJ2-1
CASSGLGLAVFNEQFF	TRBV5-5	TRBJ2-1
CASSYSRGRIIIGTSGNQETQYF	TRBV6-8	TRBJ2-5
CASSLAGRGGSQYF	TRBV5-6	TRBJ2-5
CASSQSGVGNEQFF	TRBV16	TRBJ2-1
CASSAGQTPRYGYTF	TRBV7-9	TRBJ1-2
CASSERGLEGYTF	TRBV2	TRBJ1-2
CASSTGKRRAGANVLTF	TRBV27	TRBJ2-6
CASSLLAGSYEQYF	TRBV27	TRBJ2-7
CASSSFTGTETQYF	TRBV27	TRBJ2-5
CASSPQGKAFF	TRBV12-4	TRBJ1-1
CASSLAQETQYF	TRBV11-2	TRBJ2-5
CSANWDTNIYEQYF	TRBV20-1	TRBJ2-7
CASSLAAGQQYF	TRBV11-3	TRBJ2-3
CASSVETNTGELFF	TRBV9	TRBJ2-2
CATSRDNSGANVLTF	TRBV15	TRBJ2-6
CASMAGTYNEQFF	TRBV7-9	TRBJ2-1
CASSRRQEGNTIYF	TRBV19	TRBJ1-3
CASSPRFRNQPQHF	TRBV7-6	TRBJ1-5
CASGSTGSGTGELFF	TRBV27	TRBJ2-2
CASSYSMMRNTEAFF	TRBV6-5	TRBJ1-1
CASSHREDDTDTQYF	TRBV12-4	TRBJ2-3
CASSSSTGTLYGYTF	TRBV6-3	TRBJ1-2
CASSQDRVTDTQYF	TRBV4-1	TRBJ2-3
CASRLGGVNTEAFF	TRBV6-5	TRBJ1-1
CSVETIWGAAEAFF	TRBV29-1	TRBJ1-1
CASSLVGWANQPPGELFF	TRBV7-9	TRBJ2-2
CASRYTVTGELFF	TRBV2	TRBJ2-2
CATSRGQGLTEAFF	TRBV15	TRBJ1-1
CASSAGQGAVDEQFF	TRBV7-2	TRBJ2-1
CSALLTGVAGNTIYF	TRBV20-1	TRBJ1-3
CASSQVGLSSTDTQYF	TRBV12-3	TRBJ2-3
CASSLYRGPQETQYF	TRBV19	TRBJ2-5
CASSKMGQGSEQYF	TRBV25-1	TRBJ2-7
CASRPTGTPQETQYF	TRBV2	TRBJ2-5
CASIGEGTYNDYGYTF	TRBV25-1	TRBJ1-2
CASRKETGLLYGYTF	TRBV7-9	TRBJ1-2
CASSRKPGQGKSGELFF	TRBV14	TRBJ2-2
CASSLAAGASNEQFF	TRBV5-4	TRBJ2-1
CSARELTVQPQHF	TRBV20-1	TRBJ1-5
CATSGGGPYNEQFF	TRBV24-1	TRBJ2-1
CASRFRQGANEQFF	TRBV2	TRBJ2-1
CASSPPSAGELFF	TRBV18	TRBJ2-2
CASSPNTGELFF	TRBV13	TRBJ2-2
CASPSGGYNEQFF	TRBV12-3	TRBJ2-1
CASSLTSPSPDESLLSGLYGYTF	TRBV12-4	TRBJ1-2
CASSPGGLGGELFF	TRBV7-3	TRBJ2-2
CASSDPTTEQFF	TRBV10-1	TRBJ2-1
CASSQDWGQGYEQYF	TRBV4-1	TRBJ2-7
CASSPRSQETQYF	TRBV4-1	TRBJ2-5
CASSLGVGRASQETQYF	TRBV5-1	TRBJ2-5
CASSPTGDPGAFF	TRBV2	TRBJ1-1
CASSIALNEQFF	TRBV19	TRBJ2-1
CASSGTGTSAFATNEKLFF	TRBV5-1	TRBJ1-4
CASSPLVDTGELFF	TRBV5-8	TRBJ2-2
CASSETPGLAGELFF	TRBV25-1	TRBJ2-2
CASSIGGWPGELFF	TRBV19	TRBJ2-2
CASWWFVQTSGSYNSPLHF	TRBV6-6	TRBJ1-6
CASSAQGWTEAFF	TRBV18	TRBJ1-1
CASSLWPMGQDHQPQHF	TRBV5-6	TRBJ1-5
CASSIWAGTEAFF	TRBV19	TRBJ1-1
CASSYQTSGSIEQFF	TRBV5-8	TRBJ2-1
CASSLSGGPETQYF	TRBV5-4	TRBJ2-5
CASSYPLWGADDAGELFF	TRBV28	TRBJ2-2
CASSLSGQDNSPLHF	TRBV27	TRBJ1-6
CASSLKTGGNEQFF	TRBV13	TRBJ2-1
CASSIDWGTEAFF	TRBV19	TRBJ1-1
CASSPERGRAEAFF	TRBV7-9	TRBJ1-1
CASSGTSGATDTQYF	TRBV6-4	TRBJ2-3
CASTNPGLAGPSGTGELFF	TRBV2	TRBJ2-2
CASSLGFLAYNEQFF	TRBV5-8	TRBJ2-1
CASSGFEFQEKLFF	TRBV12-4	TRBJ1-4
CASSSSGSTEAFF	TRBV11-3	TRBJ1-1
CASRPLAGELFF	TRBV6-3	TRBJ2-2
CASRSMGQGNQPQHF	TRBV19	TRBJ1-5
CASSLGYGMNTEAFF	TRBV7-9	TRBJ1-1
CASSLVAAQLHTEENSPLHF	TRBV7-8	TRBJ1-6
CASSAGLADGNTGELFF	TRBV19	TRBJ2-2
CASSQDQSDAILAKNIQYF	TRBV4-1	TRBJ2-4
CASSQVPGAGYTF	TRBV7-8	TRBJ1-2
CASSQFQNTEAFF	TRBV4-1	TRBJ1-1
CASRRTSGNTDTQYF	TRBV7-3	TRBJ2-3
CASSFSGEYQPQHF	TRBV5-6	TRBJ1-5
CASSLGVGDGQETQYF	TRBV11-2	TRBJ2-5
CASSTRASGSDEQFF	TRBV27	TRBJ2-1
CASSLEPGGRNTEAFF	TRBV7-9	TRBJ1-1
CASSLAPSGEYTGELFF	TRBV4-1	TRBJ2-2
CASSLHNRGGYNEQFF	TRBV27	TRBJ2-1
CASSGASSYEQYF	TRBV18	TRBJ2-7
CASSLVSLNTEAFF	TRBV7-6	TRBJ1-1
CASTTPPTGSGYTF	TRBV28	TRBJ1-2
CASSLVPGQANYGYTF	TRBV7-9	TRBJ1-2
CSVEDELDHGFADTQYF	TRBV29-1	TRBJ2-3
CASSFSGSSYEQYF	TRBV27	TRBJ2-7
CATSDPRTSGSVRRWETQYF	TRBV24-1	TRBJ2-5
CASSGPSGNTGELFF	TRBV2	TRBJ2-2
CASTPPGGAGYGYTF	TRBV5-4	TRBJ1-2
CSVDRDRGQFDYGYTF	TRBV29-1	TRBJ1-2
CATGRGGYEQYF	TRBV12-4	TRBJ2-7
CASSLVYGSGYSPLHF	TRBV5-8	TRBJ1-6
CASSQVITGRGYEQYF	TRBV4-1	TRBJ2-7
CASSIYTDTQYF	TRBV9	TRBJ2-3
CASSDQTPGNQPQHF	TRBV5-5	TRBJ1-5
CASSQIEKLFF	TRBV16	TRBJ1-4
CASSLTGGEKLFF	TRBV7-9	TRBJ1-4
CASSLPYPGVGAFF	TRBV28	TRBJ1-1
CASSLRGSSYNEQFF	TRBV7-3	TRBJ2-1
CSVDSAESSYNEQFF	TRBV29-1	TRBJ2-1
CASSTGWTSGYNEQFF	TRBV6-5	TRBJ2-1
CASSELVGLYGYTF	TRBV25-1	TRBJ1-2
CASSQGPGGYEQYF	TRBV3-1	TRBJ2-7
CASQPVGGDTQYF	TRBV7-9	TRBJ2-3
CASSEAGTENYGYTF	TRBV6-1	TRBJ1-2
CASSGLAGGNNEQFF	TRBV11-2	TRBJ2-1
CASSQVRDDYGYTF	TRBV4-1	TRBJ1-2
CASSLAGAPNEKLFF	TRBV7-9	TRBJ1-4
CATSDIGTAETYNEQFF	TRBV24-1	TRBJ2-1
CASSAGTGTYEQYF	TRBV19	TRBJ2-7
CASSSPGQMNTEAFF	TRBV13	TRBJ1-1
CASGLVLRGAYNEQFF	TRBV12-5	TRBJ2-1
CASSTGQGQFF	TRBV19	TRBJ2-1
CASSDSDTIYF	TRBV9	TRBJ1-3
CASSLGATGEYNEQFF	TRBV7-9	TRBJ2-1
CASSSPGSTEAFF	TRBV7-9	TRBJ1-1
CASSVAGGPTDTQYF	TRBV9	TRBJ2-3
CASSQEMGLAGGLQFF	TRBV3-1	TRBJ2-1
CASSVVTGPMNTEAFF	TRBV9	TRBJ1-1
CASSWDSNSPLHF	TRBV25-1	TRBJ1-6
CASSIGTVYQPQHF	TRBV19	TRBJ1-5
CASSFRTGETNYGYTF	TRBV5-1	TRBJ1-2
CASSYGAAGGDKTQYF	TRBV6-5	TRBJ2-5
CASGSGGRTEAFF	TRBV12-5	TRBJ1-1
CASSLGGAEAFF	TRBV5-6	TRBJ1-1
CASIESASGSHTGELFF	TRBV19	TRBJ2-2
CASSPIGSGANVLTF	TRBV7-6	TRBJ2-6
CASSESPNTEAFF	TRBV10-1	TRBJ1-1
CASSLEANTEAFF	TRBV7-8	TRBJ1-1
CASSLFGSSYNEQFF	TRBV5-6	TRBJ2-1
CASSLYPYSETQYF	TRBV27	TRBJ2-5
CASSKADRGAEAFF	TRBV5-4	TRBJ1-1
CASWASLGGGGEAFF	TRBV2	TRBJ1-1
CASSVGTSGGNEQFF	TRBV5-1	TRBJ2-1
CASSVGGTEAFF	TRBV9	TRBJ1-1
CSAGLGGTEAFF	TRBV20-1	TRBJ1-1
CSVVWTSRRYEQFF	TRBV29-1	TRBJ2-1
CASMKQGSYEQYF	TRBV27	TRBJ2-7
CARRAGAYEQYF	TRBV6-1	TRBJ2-7
CSVLTDTGELFF	TRBV29-1	TRBJ2-2
CSARDINGGVTQYF	TRBV20-1	TRBJ2-3
CAIRVGGPFSNQPQHF	TRBV10-3	TRBJ1-5
CASSQADTNLENIQYF	TRBV14	TRBJ2-4
CASSSIMGELYGYTF	TRBV7-9	TRBJ1-2
CASSIVGQGWSQHF	TRBV19	TRBJ1-5
CASSEAGQDQPQHF	TRBV27	TRBJ1-5
CASSVRQYTEAFF	TRBV19	TRBJ1-1
CASSQRQGAEGETQYF	TRBV5-1	TRBJ2-5
CATSDLAFPNTGELFF	TRBV24-1	TRBJ2-2
CATSMGTVNSPLHF	TRBV15	TRBJ1-6
CATSEFGQGIDGYTF	TRBV24-1	TRBJ1-2
CASSLVGPTNTEAFF	TRBV5-1	TRBJ1-1
CSVDLRGPGHGYTF	TRBV29-1	TRBJ1-2
CASSGKAGADTEAFF	TRBV5-4	TRBJ1-1
CASSISSSYNSPLHF	TRBV9	TRBJ1-6
CATSLGNEQFF	TRBV24-1	TRBJ2-1
CASSQVEDSGELFF	TRBV4-3	TRBJ2-2
CSAPARSEPYEQYF	TRBV20-1	TRBJ2-7
CASSYLDGNTEAFF	TRBV6-5	TRBJ1-1
CASSKDRLEGTF	TRBV12-3	TRBJ1-2
CASSIYPGEETQYF	TRBV6-5	TRBJ2-5
CSAMTSGSSYEQYF	TRBV20-1	TRBJ2-7
CASSQGGPLSNQPQHF	TRBV4-2	TRBJ1-5
CASSLTGLAGAEQYF	TRBV27	TRBJ2-7
CASRDREYGLNTEAFF	TRBV4-1	TRBJ1-1
CASSEDDFTGTDTQYF	TRBV18	TRBJ2-3
CASSPTQGAVNEQYF	TRBV7-6	TRBJ2-7
CASSFWGRNVDTQYF	TRBV11-2	TRBJ2-3
CASSDGTGGYNEQFF	TRBV6-4	TRBJ2-1
CAIRGTANEKLFF	TRBV10-3	TRBJ1-4
CASSEAIVPTMNTEAFF	TRBV2	TRBJ1-1
CASSAGRNEKLFF	TRBV7-9	TRBJ1-4
CASSYSGVAGNTIYF	TRBV7-9	TRBJ1-3
CASGGTGGLTGELFF	TRBV6-1	TRBJ2-2
CASSPQGLAVYNEQFF	TRBV5-5	TRBJ2-1
CASSSRGPYEQYF	TRBV19	TRBJ2-7
CASSSEAGARETQYF	TRBV7-8	TRBJ2-5
CASSHSVGSNQPQHF	TRBV4-2	TRBJ1-5
CASSYGVNQETQYF	TRBV6-3	TRBJ2-5
CASKTGSYGYTF	TRBV27	TRBJ1-2
CASSIRLAGDQETQYF	TRBV19	TRBJ2-5
CASSPDRGLSYGYTF	TRBV18	TRBJ1-2
CAWSGGTSYNSPLHF	TRBV30	TRBJ1-6
CASSSATGAYEQYF	TRBV7-8	TRBJ2-7
CAWKNLFPRTDTQYF	TRBV30	TRBJ2-3
CASSEGQESFSPLHF	TRBV9	TRBJ1-6
CASSLAQFNEQFF	TRBV5-1	TRBJ2-1
CASSLHGGGQPQHF	TRBV27	TRBJ1-5
CASRAGEHFYEQYF	TRBV5-5	TRBJ2-7
CASSPQEGETQYF	TRBV12-3	TRBJ2-5
CASSYSTASEQYF	TRBV6-3	TRBJ2-7
CASSTGGTPQHF	TRBV12-3	TRBJ1-5
CSARVSGTSGSSNEQYF	TRBV20-1	TRBJ2-7
CASSPISRQETQYF	TRBV7-9	TRBJ2-5
CASSQGGGQPQHF	TRBV2	TRBJ1-5
CASSLLGQKAFF	TRBV27	TRBJ1-1
CASSLAADYEQYF	TRBV5-1	TRBJ2-7
CSARRGDTDTQYF	TRBV20-1	TRBJ2-3
CAIKSAGRSYEQYF	TRBV28	TRBJ2-7
CATSPTGDQPQHF	TRBV15	TRBJ1-5
CASRGSGTSSVYEQYF	TRBV6-5	TRBJ2-7
CASSVGAGVGNEQFF	TRBV9	TRBJ2-1
CASSPLPRLAGEETQYF	TRBV7-8	TRBJ2-5
CAWSVSEQFF	TRBV30	TRBJ2-1
CASSITWTGNMNTEAFF	TRBV19	TRBJ1-1
CAWRPAGGNTIYF	TRBV30	TRBJ1-3
CASTGAANTGELFF	TRBV6-5	TRBJ2-2
CASSVDEQFSYEQYF	TRBV9	TRBJ2-7
CASRFSPGENTEAFF	TRBV10-1	TRBJ1-1
CASSLTSVYNEQFF	TRBV19	TRBJ2-1
CASSKVRQGMTGELFF	TRBV19	TRBJ2-2
CASSQEGRGIYGYTF	TRBV4-3	TRBJ1-2
CASSEGTDGYTF	TRBV4-1	TRBJ1-2
CASSTPGLAGGPTDTQYF	TRBV5-4	TRBJ2-3
CASSFYGAGDLTDTQYF	TRBV7-8	TRBJ2-3
CASSLGGFDMNTEAFF	TRBV28	TRBJ1-1
CSARYREFEKLFF	TRBV20-1	TRBJ1-4
CASSLTIQETQYF	TRBV12-4	TRBJ2-5
CASSPGRTGELFF	TRBV10-1	TRBJ2-2
CASSYSPDYNSPLHF	TRBV6-3	TRBJ1-6
CASSEPGRYSSYEQYF	TRBV6-1	TRBJ2-7
CAGTPREGQGLREQYF	TRBV2	TRBJ2-7
CASRGSGNSPLHF	TRBV13	TRBJ1-6
CASRVEDRLNTEAFF	TRBV28	TRBJ1-1
CASSPGTAPGDYGYTF	TRBV11-2	TRBJ1-2
CASSPAGGTLYEQYF	TRBV18	TRBJ2-7
CASSVQGSEAFF	TRBV9	TRBJ1-1
CASSQSGTYNSPLHF	TRBV4-3	TRBJ1-6
CASSYSYRGKETQYF	TRBV6-5	TRBJ2-5
CASSPHGQGYTEAFF	TRBV5-1	TRBJ1-1
CASSLTDRGLDEQYF	TRBV7-2	TRBJ2-7
CSALEGRAGMWNTEAFF	TRBV20-1	TRBJ1-1
CASRVSGSLSYNEQFF	TRBV27	TRBJ2-1
CASSTQTGGREQYF	TRBV2	TRBJ2-7
CSADSGELSYEQYF	TRBV20-1	TRBJ2-7
CASSFANSGANVLTF	TRBV12-4	TRBJ2-6
CASRAKPSGTGFNYGYTF	TRBV19	TRBJ1-2
CASVGWDNEQFF	TRBV19	TRBJ2-1
CASSQDGGAGQETQYF	TRBV4-1	TRBJ2-5
CSAGDMNTEAFF	TRBV20-1	TRBJ1-1
CASSESEWGGTQYF	TRBV10-1	TRBJ2-3
CASSSPSGPLLSGANVLTF	TRBV11-2	TRBJ2-6
CASSTSGTSTDTQYF	TRBV6-5	TRBJ2-3
CASSPRPTQLEKLFF	TRBV28	TRBJ1-4
CASSLRQGVGNSPLHF	TRBV27	TRBJ1-6
CATSDRLAGGELFF	TRBV24-1	TRBJ2-2
CASSRGALPVDEQYF	TRBV6-1	TRBJ2-7
CASSTTASSYNEQFF	TRBV6-5	TRBJ2-1
CASRTSGNEQFF	TRBV12-4	TRBJ2-1
CASSYSKAGAHEQYF	TRBV6-5	TRBJ2-7
CASSLGLGKSVDTEAFF	TRBV5-4	TRBJ1-1
CASSPYIQGNEQYF	TRBV3-1	TRBJ2-7
CASSEQGSSEAFF	TRBV10-2	TRBJ1-1
CARKRGEDTGELFF	TRBV7-8	TRBJ2-2
CASGTPNSNQPQHF	TRBV27	TRBJ1-5
CAISEPGMTSGVGEQFF	TRBV10-3	TRBJ2-1
CASSLQVLKSHEQYF	TRBV28	TRBJ2-7
CASSTYSDLYEQYF	TRBV19	TRBJ2-7
CASSGSGISYEQYF	TRBV10-2	TRBJ2-7
CASSSPGENTGELFF	TRBV13	TRBJ2-2
CAWSVSAGRHTEAFF	TRBV30	TRBJ1-1
CASSYPPNGRVEGAFF	TRBV12-4	TRBJ1-1
CASRVAAKANRETQYF	TRBV10-2	TRBJ2-5
CASSFVGQGGTEAFF	TRBV28	TRBJ1-1
CASSPDRAEEQFF	TRBV5-1	TRBJ2-1
CASKVVDTQYF	TRBV28	TRBJ2-3
CASSLPGYEQYF	TRBV7-2	TRBJ2-7
CASSFEQGNSPLHF	TRBV11-2	TRBJ1-6
CASNPGPNQPQHF	TRBV7-9	TRBJ1-5
CATSRDRLGRGKGTEAFF	TRBV15	TRBJ1-1
CASSIKEAGNTIYF	TRBV6-6	TRBJ1-3
CAWAKPREIQVSGEKLFF	TRBV30	TRBJ1-4
CASSQDRPRDYGYTF	TRBV4-1	TRBJ1-2
CASSFIAPPSDTQYF	TRBV12-4	TRBJ2-3
CASSQDTGTVNSPLHF	TRBV4-3	TRBJ1-6
CATQSGGGNSPLHF	TRBV27	TRBJ1-6
CASSYPGASYEQYF	TRBV6-3	TRBJ2-7
CASNAPGQGGEKLFF	TRBV28	TRBJ1-4
CASSEKPRGNNEQFF	TRBV10-2	TRBJ2-1
CASSLTGTPHQRLAKNIQYF	TRBV13	TRBJ2-4
CSAREPGTGWGNTEAFF	TRBV20-1	TRBJ1-1
CASSGTEREGLTYEQYF	TRBV2	TRBJ2-7
CASSLRTQGTGELFF	TRBV7-2	TRBJ2-2
CASSPGQVTGANVLTF	TRBV10-2	TRBJ2-6
CASRPDGSQETQYF	TRBV7-9	TRBJ2-5
CASSPGQGPYEQYF	TRBV5-6	TRBJ2-7
CASSEQYTEAFF	TRBV6-1	TRBJ1-1
CASSQYHVEGSTEAFF	TRBV4-1	TRBJ1-1
CASSLGDTLNNFYSNQPQHF	TRBV7-2	TRBJ1-5
CASRRPTNEQFF	TRBV27	TRBJ2-1
CASSSSSTSGASSYEQYF	TRBV12-4	TRBJ2-7
CASSQAEGGNTEAFF	TRBV4-2	TRBJ1-1
CASSGTESYEQYF	TRBV5-1	TRBJ2-7
CSAPDRFNQPQHF	TRBV20-1	TRBJ1-5
CASSRTRGGYQETQYF	TRBV27	TRBJ2-5
CSATYPRQGYYEQYF	TRBV20-1	TRBJ2-7
CASSLVGPGRELGETQYF	TRBV5-1	TRBJ2-5
CASSPTDAMNTEAFF	TRBV7-9	TRBJ1-1
CASSYSGEQYF	TRBV6-6	TRBJ2-7
CASSYSLLAAQETQYF	TRBV6-5	TRBJ2-5
CATSRVADQFEQYF	TRBV15	TRBJ2-7
CATSVSSYEQYF	TRBV24-1	TRBJ2-7
CASSLGAGEGYEQYF	TRBV7-9	TRBJ2-7
CASSLGQGNTEAFF	TRBV27	TRBJ1-1
CASSPETSGDSPLHF	TRBV5-6	TRBJ1-6
CASRTAGAPYNEQFF	TRBV3-1	TRBJ2-1
CASSLERTSARETQYF	TRBV5-1	TRBJ2-5
CASQGRAPEAFF	TRBV19	TRBJ1-1
CATSDVGSWGRDEQFF	TRBV24-1	TRBJ2-1
CASSDGHPVKGDTQYF	TRBV2	TRBJ2-3
CASSRSPGPLYEQYF	TRBV12-4	TRBJ2-7
CASSLSDRASEQYF	TRBV4-1	TRBJ2-7
CASSLEGDQPQHF	TRBV5-1	TRBJ1-5
CASGSGRLAEQYF	TRBV27	TRBJ2-7
CASRVEDRHSYNEQFF	TRBV28	TRBJ2-1
CASSQAGGDPYEQYF	TRBV4-1	TRBJ2-7
CASSAEGAGNMNTEAFF	TRBV11-1	TRBJ1-1
CASGSTLTGDYNEQFF	TRBV12-5	TRBJ2-1
CASSLLIREAYTF	TRBV5-6	TRBJ1-2
CASSLGAGIIYEQYF	TRBV11-2	TRBJ2-7
CAWSTTSRNYGYTF	TRBV30	TRBJ1-2
CASRTGLASTDTQYF	TRBV6-6	TRBJ2-3
CASGTETQYF	TRBV27	TRBJ2-5
CASSPDYLAGGHFNTGELFF	TRBV7-9	TRBJ2-2
CATSTDLSGVTYEQYF	TRBV15	TRBJ2-7
CSARAYSSYEQYF	TRBV20-1	TRBJ2-7
CSARDVGEETQYF	TRBV20-1	TRBJ2-5
CASSARLAGDFNEQFF	TRBV2	TRBJ2-1
CASNLRTGGTDTQYF	TRBV5-1	TRBJ2-3
CASSPSQGGNTDTQYF	TRBV18	TRBJ2-3
CASSTLNEQFF	TRBV19	TRBJ2-1
CASSQGTYQETQYF	TRBV4-3	TRBJ2-5
CASSPPTNYGYTF	TRBV7-3	TRBJ1-2
CASSLAGGSETQYF	TRBV5-8	TRBJ2-5
CASSRTGEQYF	TRBV7-9	TRBJ2-7
CATSRVAGWGNGDQPQHF	TRBV15	TRBJ1-5
CASSSGGSYEQYF	TRBV7-9	TRBJ2-7
CASSFWGSGRDTQYF	TRBV7-2	TRBJ2-3
CASSQHVRDWQFF	TRBV7-2	TRBJ2-1
CASNPTGVGDEKLFF	TRBV11-2	TRBJ1-4
CASSLERGVSAAFF	TRBV28	TRBJ1-1
CASSQHGGDYEQYF	TRBV4-1	TRBJ2-7
CASEAGEGYEQYF	TRBV7-6	TRBJ2-7
CASWVANEQFF	TRBV6-3	TRBJ2-1
CATWRGGREQYF	TRBV27	TRBJ2-7
CAISEGTEENTEAFF	TRBV10-3	TRBJ1-1
CASSQDGGYTF	TRBV3-1	TRBJ1-2
CASRRPTGELFF	TRBV27	TRBJ2-2
CATSRTSASSYEQYF	TRBV15	TRBJ2-7
CASSLVRAATGELFF	TRBV11-2	TRBJ2-2
CASSLGAGTNEQFF	TRBV27	TRBJ2-1
CSATISGRPYNEQFF	TRBV20-1	TRBJ2-1
CASSEGQNTYEQYF	TRBV6-1	TRBJ2-7
CASRSGQMNTEAFF	TRBV27	TRBJ1-1
CASSLVGEQFF	TRBV5-8	TRBJ2-1
CASSSPGPREKLFF	TRBV27	TRBJ1-4
CASSQSLAEGMNEQFF	TRBV7-3	TRBJ2-1
CASSQRPGQGTEGKLFF	TRBV7-8	TRBJ1-4
CASSGGQAAWGSVGSGELFF	TRBV19	TRBJ2-2
CASSFTDRGRDEQYF	TRBV5-5	TRBJ2-7
CASSILAGSNEQYF	TRBV4-1	TRBJ2-7
CASSHRDRGRKGSGANVLTF	TRBV12-4	TRBJ2-6
CASSQSSGSYEQYF	TRBV4-3	TRBJ2-7
CASSQVSGTYNEQFF	TRBV4-1	TRBJ2-1
CASGTPGYEQYF	TRBV27	TRBJ2-7
CASSLMEYNEQFF	TRBV7-3	TRBJ2-1
CAWSLRIMDEKLFF	TRBV30	TRBJ1-4
CASSFRGGGEQFF	TRBV28	TRBJ2-1
CASSHRTTYNEQFF	TRBV3-1	TRBJ2-1
CASSTHDRGRSNQPQHF	TRBV19	TRBJ1-5
CASSAHRGGQGNEQFF	TRBV9	TRBJ2-1
CASSQERQVQPQHF	TRBV3-1	TRBJ1-5
CASSGGNILDGYTF	TRBV6-1	TRBJ1-2
CASSLGLGGDTQYF	TRBV28	TRBJ2-3
CSAEQLGVLNTEAFF	TRBV20-1	TRBJ1-1
CASSQAEGNFQPQHF	TRBV4-1	TRBJ1-5
CASSPQGGSTPYEQYF	TRBV27	TRBJ2-7
CATSSNRDRGDNEQFF	TRBV15	TRBJ2-1
CASSTRTSGMGDTQYF	TRBV7-9	TRBJ2-3
CASSSGQGNSPLHF	TRBV27	TRBJ1-6
CASRDRGLNEQFF	TRBV19	TRBJ2-1
CASSLLGNEQYF	TRBV12-3	TRBJ2-7
CSVTFSSTDTQYF	TRBV29-1	TRBJ2-3
CASSFSVRDRTTDTQYF	TRBV5-1	TRBJ2-3
CASSQEASGRGFNEQFF	TRBV4-1	TRBJ2-1
CASSQDRGATDELFF	TRBV3-1	TRBJ1-4
CASSPLEYTDTQYF	TRBV9	TRBJ2-3
CASSPGGGKTYEQYF	TRBV9	TRBJ2-7
CASSELADITDTQYF	TRBV6-1	TRBJ2-3
CASSLGINEQFF	TRBV5-6	TRBJ2-1
CASSPGDLNQPQHF	TRBV12-4	TRBJ1-5
CASSVEWTSGSEGYNEQFF	TRBV9	TRBJ2-1
CASSRPYNEQFF	TRBV6-6	TRBJ2-1
CASRDGGFNSPLHF	TRBV7-9	TRBJ1-6
CSAEGRGDRTDTQYF	TRBV20-1	TRBJ2-3
CASSYPEGETQYF	TRBV12-3	TRBJ2-5
CASSEVGTYEQYF	TRBV25-1	TRBJ2-7
CASSRFAAERVPYEQYF	TRBV3-1	TRBJ2-7
CASGGQYNEQFF	TRBV10-2	TRBJ2-1
CASSLDPVNTQYF	TRBV11-3	TRBJ2-3
CATSDSGGSSYNEQFF	TRBV24-1	TRBJ2-1
CASKRGPDSYEQYF	TRBV5-1	TRBJ2-7
CASSPARYNEQFF	TRBV12-3	TRBJ2-1
CASVRDKYNEQFF	TRBV7-9	TRBJ2-1
CASSPSNEQFF	TRBV28	TRBJ2-1
CASSTSGPYNEQFF	TRBV27	TRBJ2-1
CASSYSQTFPGQGANEKLFF	TRBV6-2	TRBJ1-4
CATKDGESYGYTF	TRBV10-2	TRBJ1-2
CASIHTSGANTGELFF	TRBV10-2	TRBJ2-2
CASTKDPGREAFF	TRBV2	TRBJ1-1
CASSSLGTRSYEQYF	TRBV12-3	TRBJ2-7
CASGDGTGTEAFF	TRBV9	TRBJ1-1
CASSSAAGRINEKLFF	TRBV7-8	TRBJ1-4
CSAQWGDYEQYF	TRBV20-1	TRBJ2-7
CASSLELGFAGELFF	TRBV7-8	TRBJ2-2
CASSLWEDGYTF	TRBV7-9	TRBJ1-2
CASSQGQGTLPLHF	TRBV3-1	TRBJ1-6
CASSYLGQGDAYGYTF	TRBV6-3	TRBJ1-2
CASSGFSHEEGTEAFF	TRBV2	TRBJ1-1
CASSVPHNEQFF	TRBV9	TRBJ2-1
CATGGPWADTQYF	TRBV19	TRBJ2-3
CATSRDSGHPDRQYF	TRBV15	TRBJ2-7
CASSTLTIATLDNEQFF	TRBV12-4	TRBJ2-1
CASRTGSGEQYF	TRBV6-3	TRBJ2-7
CASRLGGYTEAFF	TRBV12-4	TRBJ1-1
CASSFPEGETQYF	TRBV12-3	TRBJ2-5
CASSVAGGEAEAFF	TRBV9	TRBJ1-1
CASSAGTGNNEQFF	TRBV27	TRBJ2-1
CSGGQGMVDGYTF	TRBV29-1	TRBJ1-2
CAWSEGVAGFADTQYF	TRBV30	TRBJ2-3
CASSEDSSGEQYF	TRBV5-8	TRBJ2-7
CASKDSGFSYEQYF	TRBV10-2	TRBJ2-7
CASSLRGGGSYTF	TRBV28	TRBJ1-2
CASSLFPNYGYTF	TRBV13	TRBJ1-2
CASSPVDFQNTDTQYF	TRBV7-9	TRBJ2-3
CASSPTRDSALNTQYF	TRBV6-1	TRBJ2-3
CASSLDSRGASYNEQFF	TRBV11-2	TRBJ2-1
CASSLPGNQPQHF	TRBV12-4	TRBJ1-5
CASSRSGRERDEQYF	TRBV6-5	TRBJ2-7
CSARGIFDNSDTQYF	TRBV20-1	TRBJ2-3
CSASAGTGGAGGTYEQYF	TRBV29-1	TRBJ2-7
CASSQDPPGQLGNEQFF	TRBV4-3	TRBJ2-1
CASSLGTAAYNEQFF	TRBV7-3	TRBJ2-1
CSARGPRGAGDYSNQPQHF	TRBV20-1	TRBJ1-5
CATSPGGGRDLYEQYF	TRBV15	TRBJ2-7
CASHRALYNSPLHF	TRBV27	TRBJ1-6
CASSLEESGTSYEQYF	TRBV7-8	TRBJ2-7
CSVVGNYGYTF	TRBV29-1	TRBJ1-2
CASSQDGTGENEQFF	TRBV4-1	TRBJ2-1
CSAGPEWGKDGYTF	TRBV20-1	TRBJ1-2
CASSRLAGGSNEQFF	TRBV7-9	TRBJ2-1
CASSLSTPQNEQFF	TRBV27	TRBJ2-1
CASSAVLFGTEGDTQYF	TRBV5-4	TRBJ2-3
CASSDPTVSGEQYF	TRBV7-9	TRBJ2-7
CASSLRLALLETQYF	TRBV7-8	TRBJ2-5
CASSLFGGSDYEQYF	TRBV5-5	TRBJ2-7
CATSDPGTSGVETQYF	TRBV24-1	TRBJ2-5
CASSLGGFSSYNEQFF	TRBV28	TRBJ2-1
CASSSRDRGYEQYF	TRBV7-9	TRBJ2-7
CASSIQTSGSYEQYF	TRBV4-3	TRBJ2-7
CASRGIGGASEAFF	TRBV12-3	TRBJ1-1
CASRSAADTQYF	TRBV5-1	TRBJ2-3
CSASEGMGYNEQFF	TRBV20-1	TRBJ2-1
CASSQGLAASYEQYF	TRBV3-1	TRBJ2-7
CASRTSGNKNIQYF	TRBV27	TRBJ2-4
CASSAGGAPLYEQYF	TRBV9	TRBJ2-7
CASSLFSGLADEQFF	TRBV27	TRBJ2-1
CASSLRSRDSPLHF	TRBV5-4	TRBJ1-6
CASSETGQGSSTDTQYF	TRBV7-9	TRBJ2-3
CASSFNLAGGDNEQFF	TRBV7-3	TRBJ2-1
CASSLRQDMNTEAFF	TRBV28	TRBJ1-1
CAWSLGYGEDEKLFF	TRBV30	TRBJ1-4
CASRAPGNTEAFF	TRBV28	TRBJ1-1
CASSFGNRVQETQYF	TRBV27	TRBJ2-5
CASSQNTGGAMSEQFF	TRBV14	TRBJ2-1
CASSQGGQYNEKLFF	TRBV4-2	TRBJ1-4
CASRLGAGYTF	TRBV19	TRBJ1-2
CASSLGLDIQYF	TRBV7-9	TRBJ2-4
CASTYSFETQYF	TRBV10-2	TRBJ2-5
CASSYLGGGDPFSTDTQYF	TRBV6-5	TRBJ2-3
CSAREDPQDTQYF	TRBV20-1	TRBJ2-3
CASSPGTAHEQYF	TRBV5-6	TRBJ2-7
CASKPGPTYEQYF	TRBV6-3	TRBJ2-7
CASSQTSPGHGVSPLHF	TRBV4-3	TRBJ1-6
CASSLEEGRRDEQYF	TRBV7-8	TRBJ2-7
CAIRGAGGSRRDEQFF	TRBV6-3	TRBJ2-1
CASSLEQGARTDTQYF	TRBV3-1	TRBJ2-3
CASSLIGGRGVYEQYF	TRBV5-1	TRBJ2-7
CASVRTTDSYNEQFF	TRBV5-1	TRBJ2-1
CASSARDRAYYEQYF	TRBV27	TRBJ2-7
CASSFIGSAGANVLTF	TRBV4-2	TRBJ2-6
CASSSITSGRGGEQFF	TRBV7-9	TRBJ2-1
CASSYSLPTSGEPSTDTQYF	TRBV6-3	TRBJ2-3
CASGLSQGFTF	TRBV12-5	TRBJ1-2
CASRGLQGANEQYF	TRBV10-2	TRBJ2-7
CSARPSGKVGNQPQHF	TRBV20-1	TRBJ1-5
CASSPSGTSFYNEQFF	TRBV5-6	TRBJ2-1
CASSHPPKSGKTGTDTQYF	TRBV4-1	TRBJ2-3
CASSSWTASNYGYTF	TRBV12-3	TRBJ1-2
CASSEVTGAVNSPLHF	TRBV2	TRBJ1-6
CASSPQGVNTEAFF	TRBV27	TRBJ1-1
CASSPPEGETQYF	TRBV12-3	TRBJ2-5
CSVAGTFEAFF	TRBV29-1	TRBJ1-1
CASGAGELFF	TRBV7-9	TRBJ2-2
CSASGASESYEQYF	TRBV20-1	TRBJ2-7
CASRGTGYEAFF	TRBV4-3	TRBJ1-1
CASSQDRGTGQYF	TRBV4-3	TRBJ2-7
CASSRLTATNEKLFF	TRBV6-5	TRBJ1-4
CASSSSPGLAEGEQFF	TRBV7-6	TRBJ2-1
CASSSGGRTGELFF	TRBV13	TRBJ2-2
CASSTAWTSGSYEQFF	TRBV19	TRBJ2-1
CASSLGLGGGRPQHF	TRBV5-6	TRBJ1-5
CASSESHGSTYEQFF	TRBV10-2	TRBJ2-1
CASSYPRQGHPYEQYF	TRBV28	TRBJ2-7
CASSEGLAGGQGEQYF	TRBV9	TRBJ2-7
CASSEALVPTWYTEAFF	TRBV2	TRBJ1-1
CASSLGYGDSYNEQFF	TRBV7-9	TRBJ2-1
CATSDVGDGEQYF	TRBV24-1	TRBJ2-7
CASSSNRDPIPQHF	TRBV7-9	TRBJ1-5
CASRGQGVLDTQYF	TRBV5-1	TRBJ2-3
CASSFWSGTQETQYF	TRBV11-2	TRBJ2-5
CASRAGGNTGELFF	TRBV12-5	TRBJ2-2
CASSHSLGQYNEQFF	TRBV28	TRBJ2-1
CASSYPNTGELFF	TRBV6-5	TRBJ2-2
CAWSVQLSTDTQYF	TRBV30	TRBJ2-3
CASSVDEREQYF	TRBV9	TRBJ2-7
CASREGQFQETQYF	TRBV6-5	TRBJ2-5
CASSLAPSGGDEQYF	TRBV7-2	TRBJ2-7
CASSQTGSSGNTIYF	TRBV11-2	TRBJ1-3
CASTPAKGGVTEAFF	TRBV19	TRBJ1-1
CSAGTSGESYEQYF	TRBV20-1	TRBJ2-7
CASSLDPGRGQETQYF	TRBV11-2	TRBJ2-5
CASSARMWERGSTGELFF	TRBV9	TRBJ2-2
CASSLTRQTEAFF	TRBV28	TRBJ1-1
CASSYSSSTDTQYF	TRBV6-5	TRBJ2-3
CASSQGGQGATEAFF	TRBV4-3	TRBJ1-1
CASSVNTATDTQYF	TRBV9	TRBJ2-3
CASSHTSADEQFF	TRBV4-3	TRBJ2-1
CASKTTGDSNEKLFF	TRBV27	TRBJ1-4
CSLRTGEGSPLHF	TRBV20-1	TRBJ1-6
CASSTPGQGAGEQFF	TRBV6-5	TRBJ2-1
CAISDGTVGGYTF	TRBV10-3	TRBJ1-2
CATLRGVGYGYTF	TRBV27	TRBJ1-2
CASSLDRNYEQYF	TRBV5-6	TRBJ2-7
CASSFLGTRADTQYF	TRBV6-3	TRBJ2-3
CASSLDGGDSYEQYF	TRBV5-1	TRBJ2-7
CAGLGANVLTF	TRBV30	TRBJ2-6
CASSLVPGAYEQYF	TRBV12-4	TRBJ2-7
CASATPEGETQYF	TRBV12-3	TRBJ2-5
CASSAGQGGGYGYTF	TRBV9	TRBJ1-2
CASSAGTGGTGELFF	TRBV7-3	TRBJ2-2
CASSIQGAYEQYF	TRBV11-1	TRBJ2-7
CASSQDSGIGTGELFF	TRBV3-1	TRBJ2-2
CASSQDLSRLNTEAFF	TRBV4-3	TRBJ1-1
CSAKDPPGYTF	TRBV20-1	TRBJ1-2
CSVGPPRQGAYGYTF	TRBV29-1	TRBJ1-2
CASSPAHTGELFF	TRBV13	TRBJ2-2
CATSRGGGGDTQYF	TRBV15	TRBJ2-3
CASSAVGTGDYEQYF	TRBV5-6	TRBJ2-7
CASSLVSGGNGYTF	TRBV5-1	TRBJ1-2
CASSLRDTDTGELFF	TRBV7-9	TRBJ2-2
CASSKKIDRVLFWTGELFF	TRBV19	TRBJ2-2
CASSPTGYYGYTF	TRBV12-4	TRBJ1-2
CSASPPTGEYEQYF	TRBV20-1	TRBJ2-7
CAWSPNTGELFF	TRBV30	TRBJ2-2
CATKTGETDTQYF	TRBV24-1	TRBJ2-3
CASSTGGAWNEQFF	TRBV9	TRBJ2-1
CASSLKVGGQGVSEQYF	TRBV5-1	TRBJ2-7
CSARDQLREDNYGYTF	TRBV20-1	TRBJ1-2
CASSPHRSLSEINNYGYTF	TRBV7-2	TRBJ1-2
CASSAGMSSYNSPLHF	TRBV9	TRBJ1-6
CASTGGADEKLFF	TRBV7-8	TRBJ1-4
CASSVSGVGPQHF	TRBV9	TRBJ1-5
CAISEPTGGHTEAFF	TRBV10-3	TRBJ1-1
CASGRGLGGEQYF	TRBV27	TRBJ2-7
CASGLDNVMTGYEQYF	TRBV12-5	TRBJ2-7
CASSPLMQREGNEQFF	TRBV4-2	TRBJ2-1
CASSFSQATEAFF	TRBV27	TRBJ1-1
CSARELGADTQYF	TRBV20-1	TRBJ2-3
CACPPEEGGHYGYTF	TRBV30	TRBJ1-2
CASSLARWQFF	TRBV12-4	TRBJ2-1
CASSQEAPGQGDTGELFF	TRBV4-3	TRBJ2-2
CSVSWDEGYEQYF	TRBV29-1	TRBJ2-7
CSARTGEVEQYF	TRBV20-1	TRBJ2-7
CASSGRGPEQYF	TRBV5-4	TRBJ2-7
CASSLALKAYNEQFF	TRBV7-6	TRBJ2-1
CASTGAWRGSSYNEQFF	TRBV7-9	TRBJ2-1
CASSNPGTAQREQYF	TRBV7-9	TRBJ2-7
CASTSPKTGVYNEQFF	TRBV27	TRBJ2-1
CASSYFRSGALYNEQFF	TRBV6-3	TRBJ2-1
CASSQDLRGADTQYF	TRBV3-1	TRBJ2-3
CASSLNTGELFF	TRBV5-4	TRBJ2-2
CAWSVLETGGNTEAFF	TRBV30	TRBJ1-1
CASSIDQGAEAFF	TRBV19	TRBJ1-1
CSAREWDRRYEQYF	TRBV20-1	TRBJ2-7
CASSQGPLSTEQYF	TRBV4-1	TRBJ2-7
CASSQQETQYF	TRBV4-1	TRBJ2-5
CASSFKPSGTDTQYF	TRBV13	TRBJ2-3
CASSPTGGNTEAFF	TRBV9	TRBJ1-1
CASSFWGPLRPQHF	TRBV5-6	TRBJ1-5
CASSVEDSSYNEQFF	TRBV9	TRBJ2-1
CASSFYRGGNTIYF	TRBV28	TRBJ1-3
CASSQSVSGANVLTF	TRBV3-1	TRBJ2-6
CASTGGDRTYYEQYF	TRBV7-9	TRBJ2-7
CSVGTGISNQPQHF	TRBV29-1	TRBJ1-5
CASSPSQGLTEAFF	TRBV4-2	TRBJ1-1
CAISEGTEAFF	TRBV10-3	TRBJ1-1
CATSRGGDRTKGYTF	TRBV15	TRBJ1-2
CASSPPGRASYEQYF	TRBV19	TRBJ2-7
CASSEGVWNTEAFF	TRBV6-1	TRBJ1-1
CASSGGQIDTQYF	TRBV11-2	TRBJ2-3
CASSASSGGVSDTQYF	TRBV9	TRBJ2-3
CASSLDKETQYF	TRBV7-9	TRBJ2-5
CASSDGGSAYEQYF	TRBV2	TRBJ2-7
CASSQDGLAGDNEQFF	TRBV3-1	TRBJ2-1
CASGSGQGAWGYTF	TRBV9	TRBJ1-2
CASSLARTDTQYF	TRBV5-1	TRBJ2-3
CASSYSRAGETQYF	TRBV6-6	TRBJ2-5
CASSLRAGLNTEAFF	TRBV7-2	TRBJ1-1
CSARDTLGLAHEQYF	TRBV20-1	TRBJ2-7
CASSFTGPDEQFF	TRBV5-4	TRBJ2-1
CSAKGLADFTDTQYF	TRBV20-1	TRBJ2-3
CASSPTSGETSTYNEQFF	TRBV28	TRBJ2-1
CASRRLAGVEQETQYF	TRBV7-6	TRBJ2-5
CSVEGREKLFF	TRBV29-1	TRBJ1-4
CASSPTEEETQYF	TRBV5-1	TRBJ2-5
CASSEGLGQGKGQYF	TRBV2	TRBJ2-7
CASSTGTSGYNEQFF	TRBV28	TRBJ2-1
CASSLAAGWSNEQFF	TRBV27	TRBJ2-1
CASSEAGSGANVLTF	TRBV25-1	TRBJ2-6
CASRDSAYRNEKLFF	TRBV27	TRBJ1-4
CASTSGTGGAESYEQYF	TRBV5-4	TRBJ2-7
CASSSSYEQYF	TRBV6-3	TRBJ2-7
CASSPETGGILYEQYF	TRBV14	TRBJ2-7
CASSESRLDGYTF	TRBV10-1	TRBJ1-2
CASSPGTSGLYEQYF	TRBV7-6	TRBJ2-7
CATRISSYNEQFF	TRBV15	TRBJ2-1
CASSPLLLGQEVYEQYF	TRBV5-5	TRBJ2-7
CATRAGVRGGASYNEQFF	TRBV11-2	TRBJ2-1
CAVPLGNTIYF	TRBV12-3	TRBJ1-3
CASSQAALSGSGLDEQYF	TRBV3-1	TRBJ2-7
CASSATTGQGANEQYF	TRBV19	TRBJ2-7
CASSEGGGDTEAFF	TRBV25-1	TRBJ1-1
CASSFQGTSYEQYF	TRBV28	TRBJ2-7
CASSLPRAQEQFF	TRBV27	TRBJ2-1
CASSLGTGKPQHF	TRBV27	TRBJ1-5
CASSFGPGWGNPSSYNEQFF	TRBV12-4	TRBJ2-1
CASSLATGVNEQYF	TRBV27	TRBJ2-7
CASTETWDRGETQYF	TRBV6-1	TRBJ2-5
CASTPGTSGAEQFF	TRBV28	TRBJ2-1
CASSFPGSTGELFF	TRBV13	TRBJ2-2
CASSPGGAETQYF	TRBV4-1	TRBJ2-5
CASSLSRASTDTQYF	TRBV12-4	TRBJ2-3
CASSYGTVLYEQYF	TRBV12-3	TRBJ2-7
CATSRVSYTDTQYF	TRBV15	TRBJ2-3
CAWSPRVAGGRVWETQYF	TRBV30	TRBJ2-5
CASSQTSSGHQETQYF	TRBV3-1	TRBJ2-5
CASSIDPPYEQYF	TRBV19	TRBJ2-7
CASSQARGADTQYF	TRBV3-1	TRBJ2-3
CASSPKSELVNNEQFF	TRBV13	TRBJ2-1
CASSLGGGRPQHF	TRBV7-8	TRBJ1-5
CASSWRTRDNQPQHF	TRBV28	TRBJ1-5
CASSQDVRGSNSPLHF	TRBV4-3	TRBJ1-6
CASRVGPEAFF	TRBV6-1	TRBJ1-1
CASNPGTGTDTQYF	TRBV10-1	TRBJ2-3
CASNPGTGADEQYF	TRBV10-1	TRBJ2-7
CASNAGTGNEQYF	TRBV10-1	TRBJ2-7
CASNAGTGTDTQYF	TRBV10-1	TRBJ2-3
CAISVAARGEQFF	TRBV10-3	TRBJ2-1
CAISETTRGDSPLHF	TRBV10-3	TRBJ1-6
CAISGRGDTEAFF	TRBV10-3	TRBJ1-1
CASSLGAGTFKTNEKLFF	TRBV7-4	TRBJ1-4
CASSLTDGDQPQHF	TRBV7-3	TRBJ1-5
CASSLVASQETQYF	TRBV7-4	TRBJ2-5
CSASRPLGGLSYEQYF	TRBV20-1	TRBJ2-7
CASSLMGGAHYGYTF	TRBV27	TRBJ1-2
CASSFTLGGTDTQYF	TRBV7-7	TRBJ2-3
CASSIVSGPYNEQFF	TRBV19	TRBJ2-1
CASSIVVGPYNEQFF	TRBV19	TRBJ2-1
CASSLMGGASGGYTF	TRBV27	TRBJ1-2
CASSVATGTYEQYF	TRBV9	TRBJ2-7
CSVPGGSQETNEKLFF	TRBV29-1	TRBJ1-4
CASSKVAGALNEQFF	TRBV19	TRBJ2-1
CASSIFGEQFF	TRBV19	TRBJ2-1
CASSLDAGGTYEQYF	TRBV11-2	TRBJ2-7
CASIPTAMNTEAFF	TRBV12-3	TRBJ1-1
CASSLVQGTYEQYF	TRBV5-1	TRBJ2-7
CASSFFGNSYEQYF	TRBV5-1	TRBJ2-7
CSVEPSGGSNEQFF	TRBV29-1	TRBJ2-1
CASSLEGGGYEQYF	TRBV5-1	TRBJ2-7
CASSIFGEQYF	TRBV19	TRBJ2-7
CASSISGLNTDTQYF	TRBV19	TRBJ2-3
CASSIFGELFF	TRBV19	TRBJ2-2
CASSFAGELFF	TRBV5-1	TRBJ2-2
CASRQRVLASDEQFF	TRBV6-1	TRBJ2-1
CASSYVRTAEQFF	TRBV6-2	TRBJ2-1
CASSVFGEQYF	TRBV19	TRBJ2-7
CASSLVIAGLQETQYF	TRBV7-8	TRBJ2-5
CASSTIAGGYNEQFF	TRBV28	TRBJ2-1
CASSFVGELFF	TRBV5-1	TRBJ2-2
CASSLSAHAGDTQYF	TRBV27	TRBJ2-3
CASRQQGGSTEAFF	TRBV27	TRBJ1-1
CSATLNWGFF	TRBV20-1	TRBJ1-4
CASSKVRRGRADEQFF	TRBV19	TRBJ2-1
CASSVFGELFF	TRBV19	TRBJ2-2
CASSSDRSWTDEAFF	TRBV11-2	TRBJ1-1
CASSLSSHPGDTQYF	TRBV27	TRBJ2-3
CASSIGQGPYEQYF	TRBV19	TRBJ2-7
CASSPWTRQETQYF	TRBV9	TRBJ2-5
CASSPRSGNEQYF	TRBV19	TRBJ2-7
CASSLGPQNTGELFF	TRBV7-9	TRBJ2-2
CASSIVAGALNEQFF	TRBV19	TRBJ2-1
CASSFTSGSYGSSYNEQFF	TRBV5-1	TRBJ2-1
CSASGGALSSYNEQFF	TRBV20-1	TRBJ2-1
CASSLASRGGAYNEQFF	TRBV7-9	TRBJ2-1
CASSMTGVGSYNEQFF	TRBV19	TRBJ2-1
CASSLASRGGALNEQFF	TRBV7-9	TRBJ2-1
CASSITGTGEAFF	TRBV19	TRBJ1-1
CASSEGQFMNTEAFF	TRBV9	TRBJ1-1
CASSYRRPSSYNEQFF	TRBV6-5	TRBJ2-1
CANTSIGSGANVLTF	TRBV2	TRBJ2-6
CASSNWDSQETQYF	TRBV5-5	TRBJ2-5
CASSIAGRGGYSPLHF	TRBV19	TRBJ1-6
CASRPGTASYEQYF	TRBV28	TRBJ2-7
CASRPGTSSYEQYF	TRBV28	TRBJ2-7
CAWSEPQNLPSLYGYTF	TRBV30	TRBJ1-2
CAWSVASGANNEQFF	TRBV30	TRBJ2-1
CAWSVAAGILEQFF	TRBV30	TRBJ2-1
CASSLVAGYGSYNEQFF	TRBV7-6	TRBJ2-1
CASSQDRASPLHEQFF	TRBV4-3	TRBJ2-1
CASSQDWGDGYTF	TRBV4-2	TRBJ1-2
CASSQVGHEQFF	TRBV4-3	TRBJ2-1
CAWSPTGDQPQHF	TRBV30	TRBJ1-5
CAWSEPGLDQPQHF	TRBV30	TRBJ1-5
CAWSLASGGTDNEQFF	TRBV30	TRBJ2-1
CASSSANYGYTF	TRBV12-4	TRBJ1-2
CASSPTGGSPSPLHF	TRBV27	TRBJ1-6
CASSVVGDEQYF	TRBV9	TRBJ2-7
CASSADSNGELFF	TRBV11-2	TRBJ2-2
CASRDRLVSYEQYF	TRBV6-2	TRBJ2-7
CASSWTGPSYEQYF	TRBV5-1	TRBJ2-7
CASRASGLASNEQFF	TRBV7-9	TRBJ2-1
CASSDAGFRTQYF	TRBV10-1	TRBJ2-5
CASSFQGYTEAFF	TRBV28	TRBJ1-1
CASSFSSLNTGELFF	TRBV28	TRBJ2-2
CASSLAGYEQYF	TRBV12-3	TRBJ2-7
CASSLEGFTEAFF	TRBV27	TRBJ1-1
CATSSGYEAGDNYEQYF	TRBV24-1	TRBJ2-7
CSVVAGGADTQYF	TRBV29-1	TRBJ2-3
CACRPRALYGYTF	TRBV30	TRBJ1-2
CAGTLAGGTDTQYF	TRBV7-9	TRBJ2-3
CAPRGGTNTGELFF	TRBV4-2	TRBJ2-2
CASGLDGGPEQFF	TRBV12-5	TRBJ2-1
CASNWQGPYNEQFF	TRBV14	TRBJ2-1
CASREEGCQPQHF	TRBV14	TRBJ1-5
CASRHNTQASHEQYF	TRBV7-9	TRBJ2-7
CASRKGGSDTQYF	TRBV14	TRBJ2-3
CASRTSRQGIPEAFF	TRBV12-3	TRBJ1-1
CASSAAGALGYTF	TRBV7-3	TRBJ1-2
CASSADRDRGLDTGELFF	TRBV7-9	TRBJ2-2
CASSDLAVSYNEQFF	TRBV28	TRBJ2-1
CASSEAHAVYEQYF	TRBV6-1	TRBJ2-7
CASSESLLTEQFF	TRBV7-8	TRBJ2-1
CASSFITDTQYF	TRBV7-9	TRBJ2-3
CASSFPVLAGLSSTDTQYF	TRBV7-9	TRBJ2-3
CASSFRAGYNEQFF	TRBV7-6	TRBJ2-1
CASSGEREDNEQFF	TRBV7-9	TRBJ2-1
CASSGGQGPLKELTYEQYF	TRBV7-6	TRBJ2-7
CASSGPSNEQFF	TRBV9	TRBJ2-1
CASSGTSLGGELFF	TRBV6-5	TRBJ2-2
CASSLAGAGNEQFF	TRBV7-3	TRBJ2-1
CASSLAPASGRRDNEQFF	TRBV7-8	TRBJ2-1
CASSLAPDRVEGQPQHF	TRBV7-2	TRBJ1-5
CASSLAQGYEQYF	TRBV7-8	TRBJ2-7
CASSLASTGELFF	TRBV7-9	TRBJ2-2
CASSLAVGDSPLHF	TRBV7-6	TRBJ1-6
CASSLEAGDQPQHF	TRBV7-6	TRBJ1-5
CASSLEAGGQPQHF	TRBV7-3	TRBJ1-5
CASSLEGLAAQETQYF	TRBV7-2	TRBJ2-5
CASSLEGSTDTQYF	TRBV7-9	TRBJ2-3
CASSLEREDYEQYF	TRBV7-6	TRBJ2-7
CASSLFGDNEKLFF	TRBV7-8	TRBJ1-4
CASSLFGGNTEAFF	TRBV7-8	TRBJ1-1
CASSLFSSGQETQYF	TRBV7-7	TRBJ2-5
CASSLGGSGYEQYF	TRBV7-9	TRBJ2-7
CASSLGTSGSYEQYF	TRBV4-1	TRBJ2-7
CASSLGVAGEAFF	TRBV7-8	TRBJ1-1
CASSLGYGTEAFF	TRBV7-3	TRBJ1-1
CASSLHETGMNTEAFF	TRBV4-3	TRBJ1-1
CASSLIASPADTQYF	TRBV7-3	TRBJ2-3
CASSLLSGTSYEQYF	TRBV7-8	TRBJ2-7
CASSLNPRQGRDEQYF	TRBV7-8	TRBJ2-7
CASSLPAGDIQYF	TRBV7-9	TRBJ2-4
CASSLPGPKEQYF	TRBV7-9	TRBJ2-7
CASSLPLTDTQYF	TRBV7-9	TRBJ2-3
CASSLPSGRAYEQYF	TRBV7-9	TRBJ2-7
CASSLRGAGVFETQYF	TRBV7-8	TRBJ2-5
CASSLRRGPDTGELFF	TRBV7-9	TRBJ2-2
CASSLRRLAGQYEQFF	TRBV7-2	TRBJ2-1
CASSLSGLGDNEQFF	TRBV7-3	TRBJ2-1
CASSLSGSYEQYF	TRBV7-9	TRBJ2-7
CASSLSLAGIPDTQYF	TRBV7-3	TRBJ2-3
CASSLSLAGREQFF	TRBV7-3	TRBJ2-1
CASSLSTSEQFF	TRBV7-8	TRBJ2-1
CASSLTDTQYF	TRBV7-2	TRBJ2-3
CASSLTGLAGTGELFF	TRBV7-3	TRBJ2-2
CASSLVDLVHGYTF	TRBV7-8	TRBJ1-2
CASSLVEQGIEQYF	TRBV7-8	TRBJ2-7
CASSLVRVRTSGYYEQYF	TRBV7-8	TRBJ2-7
CASSLVVPQLPTYEQYF	TRBV7-4	TRBJ2-7
CASSPEGAQSYEQYF	TRBV7-9	TRBJ2-7
CASSPEWGYEQYF	TRBV7-9	TRBJ2-7
CASSPGAVYEQYF	TRBV7-2	TRBJ2-7
CASSPGPGAGYGYTF	TRBV4-1	TRBJ1-2
CASSPGQDTDTQYF	TRBV7-8	TRBJ2-3
CASSPGQLLTF	TRBV4-1	TRBJ1-2
CASSPGSTDTQYF	TRBV4-3	TRBJ2-3
CASSPIGGLEETQYF	TRBV4-1	TRBJ2-5
CASSPPGIGGYNEQFF	TRBV7-8	TRBJ2-1
CASSPPLGAQQFF	TRBV7-9	TRBJ2-1
CASSPQGINTEAFF	TRBV7-9	TRBJ1-1
CASSPRSGLGPYNEQFF	TRBV7-3	TRBJ2-1
CASSPRTGLNTEAFF	TRBV4-2	TRBJ1-1
CASSPRTSGNEQFF	TRBV7-8	TRBJ2-1
CASSPTGGGTGELFF	TRBV6-6	TRBJ2-2
CASSPTGGNTGELFF	TRBV7-3	TRBJ2-2
CASSPTGGSSYEQYF	TRBV7-3	TRBJ2-7
CASSPTWSPYEQYF	TRBV7-8	TRBJ2-7
CASSPVAGGNHNEQFF	TRBV7-9	TRBJ2-1
CASSPVGGSYNEQFF	TRBV7-6	TRBJ2-1
CASSQAGSNYGYTF	TRBV4-1	TRBJ1-2
CASSQAPRGWDEQYF	TRBV4-1	TRBJ2-7
CASSQDAQGGGSYNEQFF	TRBV4-1	TRBJ2-1
CASSQDFLQTFNQPQHF	TRBV4-1	TRBJ1-5
CASSQDGRAQGGEAFF	TRBV4-3	TRBJ1-1
CASSQDGTGIGGKLFF	TRBV4-2	TRBJ1-4
CASSQDIGVSYEQYF	TRBV4-1	TRBJ2-7
CASSQDISDTDTQYF	TRBV7-9	TRBJ2-3
CASSQDKTRSRGSYNEQFF	TRBV4-3	TRBJ2-1
CASSQDRAGLYEQYF	TRBV4-3	TRBJ2-7
CASSQDRNSGYGYTF	TRBV4-1	TRBJ1-2
CASSQDRQGWNEQYF	TRBV4-3	TRBJ2-7
CASSQDRRGGNYEQYF	TRBV4-3	TRBJ2-7
CASSQDRRRAWNEQFF	TRBV4-1	TRBJ2-1
CASSQDRSLEQYF	TRBV4-3	TRBJ2-7
CASSQDRTGGGGYTF	TRBV4-3	TRBJ1-2
CASSQDTGLGVGAYEQYF	TRBV4-3	TRBJ2-7
CASSQDTGQGVEQYF	TRBV4-3	TRBJ2-7
CASSQDTKGANTEAFF	TRBV4-1	TRBJ1-1
CASSQDWDTQYF	TRBV14	TRBJ2-3
CASSQERSMNTEAFF	TRBV4-1	TRBJ1-1
CASSQESGGGYEQFF	TRBV4-1	TRBJ2-1
CASSQETIAKNIQYF	TRBV4-1	TRBJ2-4
CASSQGGSDTQYF	TRBV4-2	TRBJ2-3
CASSQGPGQGANYGYTF	TRBV4-1	TRBJ1-2
CASSQGQVGDGYTF	TRBV4-1	TRBJ1-2
CASSQGRGDTEAFF	TRBV4-1	TRBJ1-1
CASSQGRGRNTEAFF	TRBV4-3	TRBJ1-1
CASSQGSAPSYEQYF	TRBV4-3	TRBJ2-7
CASSQGTATNSPLHF	TRBV4-2	TRBJ1-6
CASSQGTGGDEQYF	TRBV4-2	TRBJ2-7
CASSQGTVDEQFF	TRBV4-3	TRBJ2-1
CASSQLAGVVTQYF	TRBV7-9	TRBJ2-3
CASSQLGQGNTGELFF	TRBV4-1	TRBJ2-2
CASSQLPGPEAFF	TRBV4-1	TRBJ1-1
CASSQMEQLEQYF	TRBV4-1	TRBJ2-7
CASSQPGLAVEQYF	TRBV4-1	TRBJ2-7
CASSQSRSSYNEQFF	TRBV4-1	TRBJ2-1
CASSQVGTGSINEQFF	TRBV4-3	TRBJ2-1
CASSQVQGAYEQYF	TRBV4-1	TRBJ2-7
CASSQVQGTDTQYF	TRBV4-1	TRBJ2-3
CASSRAGTGGSETQYF	TRBV7-9	TRBJ2-5
CASSRDRGPIGEQYF	TRBV7-9	TRBJ2-7
CASSRRGQNTEAFF	TRBV7-3	TRBJ1-1
CASSRYRQYNQPQHF	TRBV4-1	TRBJ1-5
CASSSGLGGPETQYF	TRBV7-8	TRBJ2-5
CASSSIAGPIEQFF	TRBV7-9	TRBJ2-1
CASSSIWTSGREETQYF	TRBV7-8	TRBJ2-5
CASSSLERGWETQYF	TRBV4-1	TRBJ2-5
CASSSLGTRSPLHF	TRBV4-1	TRBJ1-6
CASSSNRAGELFF	TRBV7-7	TRBJ2-2
CASSSSGQVYEQYF	TRBV7-9	TRBJ2-7
CASSSSSGRTTDTQYF	TRBV7-3	TRBJ2-3
CASSSTLGTQYF	TRBV7-9	TRBJ2-5
CASSTEGLLSTDTQYF	TRBV7-8	TRBJ2-3
CASSTSRSGGIDTQYF	TRBV7-9	TRBJ2-3
CASSWDSSYEQYF	TRBV7-9	TRBJ2-7
CASSWSGGGARDTQYF	TRBV7-9	TRBJ2-3
CASSWSGGGASATQYF	TRBV7-9	TRBJ2-3
CASSYDRGDYEQYF	TRBV7-9	TRBJ2-7
CASSYGGGGYEQFF	TRBV6-5	TRBJ2-1
CASSYGGPLADTQYF	TRBV6-5	TRBJ2-3
CASSYLAGEGYEQYF	TRBV6-5	TRBJ2-7
CASSYPSNPGGTEAFF	TRBV7-8	TRBJ1-1
CASSYSAGGPYEQYF	TRBV7-3	TRBJ2-7
CASSYYSSNYGYTF	TRBV6-5	TRBJ1-2
CASTHAGRPYEQYF	TRBV7-2	TRBJ2-7
CASTLLGGKYEQYF	TRBV7-9	TRBJ2-7
CASTPGATTGELFF	TRBV7-8	TRBJ2-2
CATDHGGTDEAFF	TRBV7-8	TRBJ1-1
CATSPRGGNQPQHF	TRBV15	TRBJ1-5
CAWNKGIAGYTF	TRBV30	TRBJ1-2
CAWRPEPGQEEFNAYF	TRBV30	TRBJ2-7
CAWSAGVNTGELFF	TRBV30	TRBJ2-2
CAWSLPASYEQYF	TRBV30	TRBJ2-7
CAWSLVEGTGELFF	TRBV30	TRBJ2-2
CAWSVLGGAVETQYF	TRBV30	TRBJ2-5
CAWSVYRGYEQYF	TRBV30	TRBJ2-7
CAWSWSGGGTGELFF	TRBV30	TRBJ2-2
CAWSWSSTDTQYF	TRBV30	TRBJ2-3
CAWTSGGASEQYF	TRBV30	TRBJ2-7
CSALGGDGETQYF	TRBV29-1	TRBJ2-5
CSANSVSYNEQFF	TRBV20-1	TRBJ2-1
CSARDLDSLSYEQYF	TRBV20-1	TRBJ2-7
CSARDRGWDEQFF	TRBV20-1	TRBJ2-1
CSARDTLAGGVQETQYF	TRBV20-1	TRBJ2-5
CSATGTSGRVETQYF	TRBV20-1	TRBJ2-5
CSGLTESPAHYSGANVLTF	TRBV29-1	TRBJ2-6
CSGRLTGGNEQYF	TRBV29-1	TRBJ2-7
CSHRTGLGIEAFF	TRBV29-1	TRBJ1-1
CSQQVNNEQFF	TRBV20-1	TRBJ2-1
CSVEDAGGTYEQYF	TRBV29-1	TRBJ2-7
CSVEEGAYEQYF	TRBV29-1	TRBJ2-7
CSVERTGELFF	TRBV29-1	TRBJ2-2
CSVGEPGQSSYEQYF	TRBV29-1	TRBJ2-7
CSVGGSTDTQYF	TRBV29-1	TRBJ2-3
CSVLGGGGYEQYF	TRBV29-1	TRBJ2-7
CSVLTGTGYEQYF	TRBV29-1	TRBJ2-7
CSVNEGSDEQYF	TRBV29-1	TRBJ2-7
CSVRPGGSYNEQFF	TRBV29-1	TRBJ2-1
CASSDGQARNTGELFF	TRBV6-1	TRBJ2-2
CASSLSSEGNQETQYF	TRBV5-1	TRBJ2-5
CASSPEGTGSYEQYF	TRBV18	TRBJ2-7
CASSPSRNTEAFF	TRBV4-3	TRBJ1-1
CASSPTRNTEAFF	TRBV4-3	TRBJ1-1
CASSTRGTVYGYTF	TRBV6-1	TRBJ1-2
CASSSRQGNLIDEQFF	TRBV9	TRBJ2-1
CASSSRQGNLIDEQYF	TRBV9	TRBJ2-7
CASRNSGRFETQYF	TRBV7-9	TRBJ2-5
CASSPARNTEAFF	TRBV4-3	TRBJ1-1
CASSPHRNTEAFF	TRBV4-3	TRBJ1-1
CASSPQRNTEAFF	TRBV4-3	TRBJ1-1
CASTRGLPQETQYF	TRBV11-2	TRBJ2-5
CSVEGYSATYNEQFF	TRBV29-1	TRBJ2-1
CASSARQGIDTGELFF	TRBV7-9	TRBJ2-2
CASSFRDRGHYEQYF	TRBV7-9	TRBJ2-7
CASSLIGIGETDTQYF	TRBV7-9	TRBJ2-3
CASSTHDRDGGGSAQHF	TRBV7-9	TRBJ1-5
CSGRSKGAVNEKLFF	TRBV29-1	TRBJ1-4
CASSLIGVSSYNEQFF	TRBV7-9	TRBJ2-1
CASSPGTGTYGYTF	TRBV10-2	TRBJ1-2
CASSVGQGVTYEQYF	TRBV9	TRBJ2-7
CASSVRGQGNYGYTF	TRBV5-4	TRBJ1-2
CASRLAGGGGEQFF	TRBV7-9	TRBJ2-1
CATSSLSGRVTGELFF	TRBV15	TRBJ2-2
CSVRTGGLGANVLTF	TRBV29-1	TRBJ2-6
CASSKENNNRPYEQYF	TRBV7-9	TRBJ2-7
CASSQDRVGTIFYGYTF	TRBV14	TRBJ1-2
CASSQERGGKWAYEQYF	TRBV4-3	TRBJ2-7
CASSQQGPEQFF	TRBV19	TRBJ2-1
CASSVGQGKTYEQYF	TRBV9	TRBJ2-7
CATHRAGGFNEQFF	TRBV15	TRBJ2-1
CASRPDGRETQYF	TRBV12-3	TRBJ2-5
CASSSVNEQYF	TRBV12-3	TRBJ2-7
CASSLGMFNTEAFF	TRBV13	TRBJ1-1
CSAREEGTQAWETQYF	TRBV20-1	TRBJ2-5
CASSETGFGNQPQHF	TRBV25-1	TRBJ1-5
CASSQTGFGNQPQHF	TRBV25-1	TRBJ1-5
CASSPRQSNQPQHF	TRBV28	TRBJ1-5
CASSQDISRGQTLFGNSPLHF	TRBV4-3	TRBJ1-6
CASSNLPGTVEAFF	TRBV6-2	TRBJ1-1
CASSSETTSPLHF	TRBV7-3	TRBJ1-6
CASSLAPGATNEKLFF	TRBV7-6	TRBJ1-4
CASSFSTGYADGYTF	TRBV12-3	TRBJ1-2
CSAFDREGVDGYTF	TRBV20-1	TRBJ1-2
CASSDRETYEQYF	TRBV6-2	TRBJ2-7
CASSYSSSTGELFF	TRBV6-2	TRBJ2-2
CASSYFRDRVGDQPQHF	TRBV7-6	TRBJ1-5
CASSVVERAFF	TRBV12-3	TRBJ1-1
CASSETGGNQPQHF	TRBV7-3	TRBJ1-5
CAIRDKMNTEAFF	TRBV10-3	TRBJ1-1
CAISAGTGVRNEQYF	TRBV10-3	TRBJ2-7
CAISDGGRTDTYEQYF	TRBV10-3	TRBJ2-7
CAISESYEQYF	TRBV10-3	TRBJ2-7
CASGLTSGLAGGRGNEQFF	TRBV12-5	TRBJ2-1
CASSPGQGGDEQYF	TRBV13	TRBJ2-7
CASSQASGGPINEQFF	TRBV13	TRBJ2-1
CASSFGLAGVEDTQYF	TRBV14	TRBJ2-3
CASSQEQGDIQYF	TRBV14	TRBJ2-4
CATSRGTVSYEQYF	TRBV15	TRBJ2-7
CATSRPTVGSRLRDGYTF	TRBV15	TRBJ1-2
CASSIVPMFGEQYF	TRBV19	TRBJ2-7
CSAARGHYGYTF	TRBV20-1	TRBJ1-2
CSAGEASGVFQETQYF	TRBV20-1	TRBJ2-5
CSAKVEGYEQYF	TRBV20-1	TRBJ2-7
CSAMGMNTEAFF	TRBV20-1	TRBJ1-1
CSAPPDSLNTEAFF	TRBV20-1	TRBJ1-1
CSARAEGARDSPLHF	TRBV20-1	TRBJ1-6
CSARDVPGTTLGGELFF	TRBV20-1	TRBJ2-2
CSARPRVFRALETQYF	TRBV20-1	TRBJ2-5
CSARRTGSTYNEQFF	TRBV20-1	TRBJ2-1
CSARSLYSTDTQYF	TRBV20-1	TRBJ2-3
CSARYGSTCEQYF	TRBV20-1	TRBJ2-7
CSASRQSNQPQHF	TRBV20-1	TRBJ1-5
CSATTESNQPQHF	TRBV20-1	TRBJ1-5
CSGGRGEETQYF	TRBV20-1	TRBJ2-5
CASRSEETQYF	TRBV27	TRBJ2-5
CASSPSSGAYEQYF	TRBV27	TRBJ2-7
CASMGGSNEQFF	TRBV28	TRBJ2-1
CASSFTSRGTGELFF	TRBV28	TRBJ2-2
CASSTPGAKLGDTGELFF	TRBV28	TRBJ2-2
CSDGQAFF	TRBV29-1	TRBJ1-1
CSVEYRDNEQFF	TRBV29-1	TRBJ2-1
CSVGLAGSYNEQFF	TRBV29-1	TRBJ2-1
CAWIITSTDTQYF	TRBV30	TRBJ2-3
CAWRPAMVYEQYF	TRBV30	TRBJ2-7
CAWSEGDNQPQHF	TRBV30	TRBJ1-5
CAWSGRLAGESGELFF	TRBV30	TRBJ2-2
CAWSNQPQHF	TRBV30	TRBJ1-5
CAWSVADTQYF	TRBV30	TRBJ2-3
CASSNLRWKGRGYTF	TRBV4-1	TRBJ1-2
CASSQGRDRPTEAFF	TRBV4-1	TRBJ1-1
CASSQGGGPGANVLTF	TRBV4-2	TRBJ2-6
CASSQGKDTQYF	TRBV4-2	TRBJ2-3
CASSQRMGLSETQYF	TRBV4-2	TRBJ2-5
CASSHEVYYEQYF	TRBV4-3	TRBJ2-7
CASSLLSGGSYNEQFF	TRBV5-1	TRBJ2-1
CASSLVGSGGEQYF	TRBV5-1	TRBJ2-7
CASSLVPSGSTDTQYF	TRBV5-1	TRBJ2-3
CASSLARGGLGEQYF	TRBV5-4	TRBJ2-7
CASSLGRGIYEQYF	TRBV5-4	TRBJ2-7
CASSLWDPGELFF	TRBV5-4	TRBJ2-2
CASSSRTSGINEQFF	TRBV5-4	TRBJ2-1
CASREDGTEAFF	TRBV6-1	TRBJ1-1
CASTGTARFTGELFF	TRBV6-2	TRBJ2-2
CASRDTSGTAYEQYF	TRBV6-5	TRBJ2-7
CASSYSRSDGHLGNTIYF	TRBV6-5	TRBJ1-3
CASSYSWGFQETQYF	TRBV6-5	TRBJ2-5
CASSRLGDGDSNQPQHF	TRBV6-6	TRBJ1-5
CASRDRAPSYEQYF	TRBV7-2	TRBJ2-7
CASSFLQGNQPQHF	TRBV7-2	TRBJ1-5
CASSFYGYSNQPQHF	TRBV7-2	TRBJ1-5
CASSLAQVDQYF	TRBV7-2	TRBJ2-5
CASSLQVASGSREEQFF	TRBV7-2	TRBJ2-1
CASSLTGTTYGGYTF	TRBV7-2	TRBJ1-2
CASSLVGDRDGYTF	TRBV7-2	TRBJ1-2
CASSQDALGYEQYF	TRBV7-2	TRBJ2-7
CASSSNIGGSPLHF	TRBV7-2	TRBJ1-6
CASSLAVGEDGSPLHF	TRBV7-6	TRBJ1-6
CASSLDSTGGIGELFF	TRBV7-6	TRBJ2-2
CASSLTYGEYEQYF	TRBV7-6	TRBJ2-7
CASSLASPETQYF	TRBV7-9	TRBJ2-5
CASSLGRDLNQPQHF	TRBV7-9	TRBJ1-5
CASSQSGGDVGELFF	TRBV7-9	TRBJ2-2
CASSGTNSPLHF	TRBV9	TRBJ1-6
CASSPRAGTGNSPLHF	TRBV9	TRBJ1-6
CASAGETQYF	TRBV11-3	TRBJ2-5
CASTDGQKNSPLHF	TRBV6-5	TRBJ1-6
CASSYNSAGYNEQFF	TRBV6-6	TRBJ2-1
CATESTGIGGYTF	TRBV25-1	TRBJ1-2
CASSFATGTAYGYTF	TRBV6-5	TRBJ1-2
CASSNPQGAKYEQFF	TRBV6-2	TRBJ2-1
CSARDQVRANYGYTF	TRBV20-1	TRBJ1-2
CASRRLAGSTDTQYF	TRBV6-5	TRBJ2-3
CASSQTGFGGAPLHF	TRBV25-1	TRBJ1-6
CASSPVTGQGYYGYTF	TRBV6-5	TRBJ1-2
CASSLASRLEQFF	TRBV11-2	TRBJ2-1
CASSSGREREETQYF	TRBV12-4	TRBJ2-5
CASSPKTGAPLYGYTF	TRBV6-5	TRBJ1-2
CASSFVGGQDGYTF	TRBV12-4	TRBJ1-2
CASSLIAGGPYNEQFF	TRBV27	TRBJ2-1
CASSLVGGRNGYTF	TRBV12-4	TRBJ1-2
CASSLAVGPVTEAFF	TRBV27	TRBJ1-1
CASSLKTGAVYGYTF	TRBV6-5	TRBJ1-2
CASSLRAGMNTEAFF	TRBV5-1	TRBJ1-1
CASSIDRGIYNEQFF	TRBV28	TRBJ2-1
CSVDGVRGNYGYTF	TRBV29-1	TRBJ1-2
CSASNLGAGFYNEQFF	TRBV20-1	TRBJ2-1
CASSPVGGSSGNTIYF	TRBV28	TRBJ1-3
CASSGTGGKTQYF	TRBV7-2	TRBJ2-5
CASSYVGLGSPLHF	TRBV6-5	TRBJ1-6
CASSSAGMGQPQHF	TRBV12-3	TRBJ1-5
CASSHTVSGGSNEQFF	TRBV4-3	TRBJ2-1
CATHGGEKLFF	TRBV10-2	TRBJ1-4
CASSGNGINSPLHF	TRBV10-1	TRBJ1-6
CSVELGENIQYF	TRBV29-1	TRBJ2-4
CASSQGTLGNTGELFF	TRBV4-1	TRBJ2-2
CAWLDDYTSTDTQYF	TRBV30	TRBJ2-3
CASSQVGQAIYGYTF	TRBV4-1	TRBJ1-2
CATSGATDRGYLNQPQHF	TRBV15	TRBJ1-5
CASSLDQGGTEAFF	TRBV7-6	TRBJ1-1
CASIGLESYEQYF	TRBV2	TRBJ2-7
CASSQGNQPQHF	TRBV10-1	TRBJ1-5
CSARDLLAETYEQYF	TRBV20-1	TRBJ2-7
CSARQGQGFLYEQYF	TRBV20-1	TRBJ2-7
CSVGRDPNSYEQYF	TRBV29-1	TRBJ2-7
CSNQPQHF	TRBV20-1	TRBJ1-5
CSARPPGLAGGTTSTDTQYF	TRBV20-1	TRBJ2-3
CASIFGELFF	TRBV19	TRBJ2-2
CASSYYSGGTETQYF	TRBV3-1	TRBJ2-5
CASSPTDSPYGQFF	TRBV5-1	TRBJ2-1
CASSIVRGANTGELFF	TRBV19	TRBJ2-2
CASSLAGPGGEQFF	TRBV19	TRBJ2-1
CASSFGGSTEAFF	TRBV12-4	TRBJ1-1
CASTRQGAEAQHF	TRBV12-3	TRBJ1-5
CASSMVAGGYNEQFF	TRBV19	TRBJ2-1
CASSRTSGPYNEQFF	TRBV19	TRBJ2-1
CASSRTGSTEAFF	TRBV18	TRBJ1-1
CASSITSGPYNEQFF	TRBV19	TRBJ2-1
CSARDPQEGTYGYTF	TRBV20-1	TRBJ1-2
CATRGQGGHTEAFF	TRBV27	TRBJ1-1
CSVGPGRPGYTF	TRBV29-1	TRBJ1-2
CSARPGRVNEKLFF	TRBV20-1	TRBJ1-4
CASGPTAGGTDTQYF	TRBV12-5	TRBJ2-3
CSVAPGQGKNHSNQPQHF	TRBV29-1	TRBJ1-5
CASSVVRGVYEQYF	TRBV19	TRBJ2-7
CASSSGRSNQPQHF	TRBV12-4	TRBJ1-5
CASSIVQGPYNEQFF	TRBV19	TRBJ2-1
CASRLGGGNTEAFF	TRBV27	TRBJ1-1
CASSPRAGATDTQYF	TRBV7-2	TRBJ2-3
CASSIFGEAFF	TRBV19	TRBJ1-1
CASHQTGTGSNQPQHF	TRBV19	TRBJ1-5
CASSSTGHGTDTQYF	TRBV18	TRBJ2-3
CASSLRGGWVRGYTF	TRBV12-4	TRBJ1-2
CASSLMGGANQGYTF	TRBV27	TRBJ1-2
CASSLGQLEQYF	TRBV5-5	TRBJ2-7
CASITDVPMSTDTQYF	TRBV6-1	TRBJ2-3
CASSRSGGGGLTGELFF	TRBV27	TRBJ2-2
CASSLLGRQADYGYTF	TRBV7-9	TRBJ1-2
CASSLGQIEQYF	TRBV5-5	TRBJ2-7
CASSLGQLEAFF	TRBV5-5	TRBJ1-1
CASSLGHLEQYF	TRBV5-5	TRBJ2-7
CASTERGVLTDTQYF	TRBV12-4	TRBJ2-3
CASSVQLPLGVPYEQYF	TRBV4-2	TRBJ2-7
CANSRGGSDNEQFF	TRBV6-4	TRBJ2-1
CASSVVAGPYNEQFF	TRBV19	TRBJ2-1
CASSIVAGSYNEQFF	TRBV19	TRBJ2-1
CASSIVTGPYNEQFF	TRBV19	TRBJ2-1
CASSIVAGGDQPQHF	TRBV19	TRBJ1-5
CASSIVAGAYNEQFF	TRBV19	TRBJ2-1
CASSIVTGAYNEQFF	TRBV19	TRBJ2-1
CASTLGPGSYEQYF	TRBV7-9	TRBJ2-7
CASSVFGEQFF	TRBV19	TRBJ2-1
CASSFWTGHADTQYF	TRBV7-9	TRBJ2-3
CAIGGQGSYEQYF	TRBV10-3	TRBJ2-7
CASTLQGGTGELFF	TRBV27	TRBJ2-2
CASSIVQGPLNEQFF	TRBV19	TRBJ2-1
CASSLRGVWTDTQYF	TRBV12-4	TRBJ2-3
CASSIVGEQFF	TRBV19	TRBJ2-1
CASSLLAGAADTQYF	TRBV7-9	TRBJ2-3
CASKLMGGANGYTF	TRBV27	TRBJ1-2
CASSDSAGDGGELFF	TRBV6-4	TRBJ2-2
CASSLRAGAADTQYF	TRBV7-9	TRBJ2-3
CASSLGASTDTQYF	TRBV12-3	TRBJ2-3
CASSLHPRGGLTPISYEQYF	TRBV7-8	TRBJ2-7
CASRLQGGNTEAFF	TRBV27	TRBJ1-1
CASSLAPGPYSGANVLTF	TRBV5-1	TRBJ2-6
CSARGGRDVGELFF	TRBV20-1	TRBJ2-2
CASSLASQGTDTQYF	TRBV11-2	TRBJ2-3
CASSPGQGTDTQYF	TRBV5-1	TRBJ2-3
CASSISGLANYEQYF	TRBV19	TRBJ2-7
CASKLMGGANGDTF	TRBV27	TRBJ1-2
CASSRRPGQQNSYEQYF	TRBV12-4	TRBJ2-7
CASRATGGETEAFF	TRBV27	TRBJ1-1
CASSLQGGAAGGYTF	TRBV27	TRBJ1-2
CASMGNSAGANVLTF	TRBV10-1	TRBJ2-6
CASRGQGFSYEQYF	TRBV13	TRBJ2-7
CASSFLGLNEQFF	TRBV6-1	TRBJ2-1
CASSIGPALNTEAFF	TRBV14	TRBJ1-1
CASSLDIPSYNEQFF	TRBV6-1	TRBJ2-1
CASSLGGNLYEQYF	TRBV6-4	TRBJ2-7
CASSLHDRGSRTEAFF	TRBV6-4	TRBJ1-1
CASSQAALAGFGYEQYF	TRBV7-2	TRBJ2-7
CASSSHDRQGASSPLHF	TRBV6-4	TRBJ1-6
CASSSHDTGGYNSPLHF	TRBV6-4	TRBJ1-6
CASSSVNEQFF	TRBV11-1	TRBJ2-1
CASSSVSEAFF	TRBV11-1	TRBJ1-1
CASSYQTGTGNYGYTF	TRBV13	TRBJ1-2
CASSYSGHVYEQYF	TRBV13	TRBJ2-7
CSARLLGGGQSYEQYF	TRBV20-1	TRBJ2-7
CASSVGQGSSYEQYF	TRBV9	TRBJ2-7
CASSVTGGTDTQYF	TRBV9	TRBJ2-3
CASSSAYYGYTF	TRBV12-4	TRBJ1-2
CASSLGQGGVETQYF	TRBV7-3	TRBJ2-5
CASSPGQGGVETQYF	TRBV7-3	TRBJ2-5
CASSSYRTDLNTEAFF	TRBV27	TRBJ1-1
CASSTQVSEPNTGELFF	TRBV9	TRBJ2-2
CASSVQRQTANTGELFF	TRBV9	TRBJ2-2
CASGPRAGAYNEQFF	TRBV12-5	TRBJ2-1
CASSGTGRLTMNTEAFF	TRBV2	TRBJ1-1
CASSLTLAGNQPQHF	TRBV7-9	TRBJ1-5
CASSTGSAPNEKLFF	TRBV28	TRBJ1-4
CASSSGTGPNEKLFF	TRBV28	TRBJ1-4
CASSSGTAPNEKLFF	TRBV28	TRBJ1-4
CASTSGTGPNEKLFF	TRBV28	TRBJ1-4
CASSPGTGPNEKLFF	TRBV28	TRBJ1-4
CASTPGTGPNEKLFF	TRBV28	TRBJ1-4
CASSPPTAPNEKLFF	TRBV28	TRBJ1-4
CASSPGTAPNEKLFF	TRBV28	TRBJ1-4
CASSLPSGPNEKLFF	TRBV28	TRBJ1-4
CASSLASTPNEKLFF	TRBV28	TRBJ1-4
CASSPGTEPNEKLFF	TRBV28	TRBJ1-4
CASSPSSGPNEKLFF	TRBV28	TRBJ1-4
CASSPTTAPNEKLFF	TRBV28	TRBJ1-4
CASSLSTAPNEKLFF	TRBV28	TRBJ1-4
CASTPQTAPNEKLFF	TRBV28	TRBJ1-4
CASSPSREPNEKLFF	TRBV28	TRBJ1-4
CASSAETGPNEKLFF	TRBV28	TRBJ1-4
CASSASDSPNEKLFF	TRBV28	TRBJ1-4
CASSPPANPNEKLFF	TRBV28	TRBJ1-4
CATSTGETPNEKLFF	TRBV15	TRBJ1-4
CASKGQGARDGYTF	TRBV6-6	TRBJ1-2
CASRVGTGNLYEQYF	TRBV27	TRBJ2-7
CASSEVTGTAWGYTF	TRBV6-5	TRBJ1-2
CASSFTWTSGGTTDTQYF	TRBV11-2	TRBJ2-3
CASSHWDRETSGNTIYF	TRBV6-6	TRBJ1-3
CASSLALGVAKNIQYF	TRBV7-9	TRBJ2-4
CASSLDPAGQGYEQYF	TRBV11-2	TRBJ2-7
CASSLDSQSSGNTIYF	TRBV5-1	TRBJ1-3
CASSLELAMGETQYF	TRBV7-9	TRBJ2-5
CASSLIGQGGPDTQYF	TRBV7-9	TRBJ2-3
CASSLQRGRTDTQYF	TRBV11-2	TRBJ2-3
CASSLQTGLNTEAFF	TRBV7-9	TRBJ1-1
CASSLSPPTYEQYF	TRBV27	TRBJ2-7
CASSLVGEGLRDEQFF	TRBV7-9	TRBJ2-1
CASSPSHGPNEKLFF	TRBV28	TRBJ1-4
CASSRELSMGETQYF	TRBV7-9	TRBJ2-5
CASSSSSAPNEKLFF	TRBV28	TRBJ1-4
CASSYSGNTEAFF	TRBV6-2	TRBJ1-1
CASSYSTGTHLEQYF	TRBV6-5	TRBJ2-7
CASSYSTGVPGELFF	TRBV6-5	TRBJ2-2
CATSDRTGRHEQYF	TRBV15	TRBJ2-7
CSVEEGVLYEQYF	TRBV29-1	TRBJ2-7
CASSLLQGARTEAFF	TRBV7-9	TRBJ1-1
CAISDRGGEDEQYF	TRBV10-3	TRBJ2-7
CASGRGTGTRGRNEQFF	TRBV4-3	TRBJ2-1
CASIEERGSYNEQFF	TRBV7-2	TRBJ2-1
CASILERGSSYNEQFF	TRBV7-2	TRBJ2-1
CASKLGPAAYEQYF	TRBV27	TRBJ2-7
CASRQLPRDSLYEQYF	TRBV28	TRBJ2-7
CASRVGAGNTEAFF	TRBV27	TRBJ1-1
CASSCQTGAACGYTF	TRBV6-5	TRBJ1-2
CASSIPDTEAFF	TRBV19	TRBJ1-1
CASSIPGLAGQETQYF	TRBV11-2	TRBJ2-5
CASSLESGHYEQYF	TRBV7-2	TRBJ2-7
CASSLGEGGAQSEQFF	TRBV7-9	TRBJ2-1
CASSLLGQDNSPLHF	TRBV7-9	TRBJ1-6
CASSLLPYNALVSGTDTQYF	TRBV3-1	TRBJ2-3
CASSLQTGQETQYF	TRBV28	TRBJ2-5
CASSLRQGIDTGELFF	TRBV7-9	TRBJ2-2
CASSLSGLGAAGVYEQYF	TRBV5-1	TRBJ2-7
CASSLVTGTGKYGYTF	TRBV6-5	TRBJ1-2
CASSNRDRGNYEQFF	TRBV7-9	TRBJ2-1
CASSPTSGVAGELFF	TRBV4-3	TRBJ2-2
CASSPVGGSMAKNIQYF	TRBV3-1	TRBJ2-4
CASSQDPGAAGYGTF	TRBV14	TRBJ1-2
CASSQDWGTSGNNEQFF	TRBV14	TRBJ2-1
CASSQHDRGFSTEAFF	TRBV7-9	TRBJ1-1
CASSRENSNQPQHF	TRBV18	TRBJ1-5
CASSRTGGVDAFF	TRBV6-5	TRBJ1-1
CASSSETAPNEKLFF	TRBV28	TRBJ1-4
CASSSHDRDGGYSPLHF	TRBV7-9	TRBJ1-6
CASSSHDRQGQNSPLHF	TRBV7-9	TRBJ1-6
CASSSHERQGQNSPLHF	TRBV7-9	TRBJ1-6
CASSTQGSPDEQYF	TRBV2	TRBJ2-7
CASSYDWHEQFF	TRBV9	TRBJ2-1
CASSYGFGPAQGEKLFF	TRBV6-6	TRBJ1-4
CASTTSTAPNEKLFF	TRBV28	TRBJ1-4
CSATGGGEQYF	TRBV20-1	TRBJ2-7
CSVGQGVVYGYTF	TRBV20-1	TRBJ1-2
CTARTGSGLAGGNEQFF	TRBV7-2	TRBJ2-1
CASRSDKYEQYF	TRBV27	TRBJ2-7
CASSLVASGQETQYF	TRBV7-3	TRBJ2-5
CASSLQAGANEQFF	TRBV7-3	TRBJ2-1
CASSLSGGGEQFF	TRBV7-3	TRBJ2-1
CASSDGIQGAWANVLTF	TRBV6-4	TRBJ2-6
CSARVMVGGTEAFF	TRBV20-1	TRBJ1-1
CASSLEYSPRPYEQYF	TRBV7-9	TRBJ2-7
CATSTVGVGTGFPPSFF	TRBV15	TRBJ2-1
CASSFGGTGNQPQHF	TRBV12-3	TRBJ1-5
CASSPQTGTIYGYTF	TRBV6-5	TRBJ1-2
CASSPGTSGRAWNNEQFF	TRBV12-3	TRBJ2-1
CASSLLAVGTGGNTEAFF	TRBV7-2	TRBJ1-1
CASSLTTLAGVPYEQFF	TRBV7-3	TRBJ2-1
CASSLLLAGYNEQFF	TRBV11-2	TRBJ2-1
CASSQEEGRVDGYTF	TRBV4-3	TRBJ1-2
CAWTISDLAKNIQYF	TRBV30	TRBJ2-4
CASSPGTDYYGYTF	TRBV7-9	TRBJ1-2
CASSYGTGDSNQPQHF	TRBV28	TRBJ1-5
CASSFQTGASYGYTF	TRBV6-5	TRBJ1-2
CASSPYGAEGSYNEQFF	TRBV13	TRBJ2-1
CASSRRDATRFAETQYF	TRBV11-3	TRBJ2-5
CASSVVTEAFF	TRBV12-3	TRBJ1-1
CASSYQTGTGTYGYTF	TRBV6-5	TRBJ1-2
CASTYGSYGYTF	TRBV12-3	TRBJ1-2
CASGVVNEAFF	TRBV12-3	TRBJ1-1
CASNPSGGVPDTQYF	TRBV27	TRBJ2-3
CASSFTTGSPGSPLHF	TRBV6-5	TRBJ1-6
CASSIVNEQFF	TRBV12-3	TRBJ2-1
CASSKGTFGDATSNTEAFF	TRBV19	TRBJ1-1
CASSRTSGSPGELFF	TRBV27	TRBJ2-2
CATSPGLAGAFQETQYF	TRBV24-1	TRBJ2-5
CATSPGLAGAHQETQYF	TRBV24-1	TRBJ2-5
CATSPGLAGAYQETQYF	TRBV24-1	TRBJ2-5
CATSPGLAGGRQETQYF	TRBV24-1	TRBJ2-5
CASRSAQRGFTETQYF	TRBV28	TRBJ2-5
CASSSSTGTGRCLLPNNTEAFF	TRBV11-3	TRBJ1-1
CASSPVTGQGFYGYTF	TRBV6-5	TRBJ1-2
CASSEEPSGGAYEQYF	TRBV6-1	TRBJ2-7
CASRALAGGQVEQFF	TRBV6-5	TRBJ2-1
CASSSAHYGYTF	TRBV12-3	TRBJ1-2
CATSREGPNQPQHF	TRBV15	TRBJ1-5
CSAKILAGAGSEQYF	TRBV20-1	TRBJ2-7
CASSLAASVNPAYGQYF	TRBV5-1	TRBJ2-7
CAASREGPNQPQHF	TRBV15	TRBJ1-5
CASSLVASVNPAYGQYF	TRBV5-1	TRBJ2-7
CASSQVWGSGEKLFF	TRBV3-1	TRBJ1-4
CASRGLAGGLGELFF	TRBV6-5	TRBJ2-2
CASSIGGTGGIPQHF	TRBV19	TRBJ1-5
CAGSQVWGSDEKLFF	TRBV3-1	TRBJ1-4
CASSIGETGGIPQHF	TRBV19	TRBJ1-5
CATSSSWDLNQPQHF	TRBV15	TRBJ1-5
CASSYGGGEDYGYTF	TRBV13	TRBJ1-2
CASSLEGYTEAFF	TRBV27	TRBJ1-1
CASSPHQADTQYF	TRBV7-3	TRBJ2-3
CSVQRGGFETQYF	TRBV29-1	TRBJ2-5
CASSPHQAGTQYF	TRBV7-3	TRBJ2-3
CASSLTSGSPYNEQFF	TRBV27	TRBJ2-1
CASSPVAGAPHEQYF	TRBV27	TRBJ2-7
CASSPGTEETQYF	TRBV5-4	TRBJ2-5
CASSKQSGTGYYGYTF	TRBV6-5	TRBJ1-2
CASSQLGPSAYEQYF	TRBV16	TRBJ2-7
CSARDQRGLAGGIGDTQYF	TRBV20-1	TRBJ2-3
CASSLQTGAGGFGYTF	TRBV6-5	TRBJ1-2
CASSAVAGAPLEQYF	TRBV27	TRBJ2-7
CSTRDQRGLAGGIGDTQYF	TRBV20-1	TRBJ2-3
CSARDQRGLAGGIEDTQYF	TRBV20-1	TRBJ2-3
CAGSKQSGTGYYGYTF	TRBV6-5	TRBJ1-2
CASSFLQVTEAFF	TRBV11-1	TRBJ1-1
CATSDLKVHSGNYGYTF	TRBV24-1	TRBJ1-2
CASSSAFYGYTF	TRBV11-1	TRBJ1-2
CASSPKLQGAWAEKLFF	TRBV18	TRBJ1-4
CASSQDPFAVLNTEAFF	TRBV14	TRBJ1-1
CASSLQTGATFNYGYTF	TRBV6-5	TRBJ1-2
CASSPWTGTLNTEAFF	TRBV18	TRBJ1-1
CAPRVHTGELFF	TRBV19	TRBJ2-2
CASSLVGTGGSYEQYF	TRBV7-9	TRBJ2-7
CASSHSRDSYNEQFF	TRBV19	TRBJ2-1
CASSPYGQFYEQYF	TRBV18	TRBJ2-7
CASSSATYGYTF	TRBV19	TRBJ1-2
CASSPGNILYGYTF	TRBV18	TRBJ1-2
CASSLTGQETQYF	TRBV7-9	TRBJ2-5
CASSVGGPYTGELFF	TRBV9	TRBJ2-2
CASSSASYGYTF	TRBV19	TRBJ1-2
CASSQWSNEKLFF	TRBV4-1	TRBJ1-4
CASSLIGGRNGYTF	TRBV7-9	TRBJ1-2
CASSSVNGAFF	TRBV19	TRBJ1-1
CASSANLAGDYNEQFF	TRBV19	TRBJ2-1
CASSLDVDSYNEQFF	TRBV7-9	TRBJ2-1
CASSSLTGTGYNEQFF	TRBV19	TRBJ2-1
CASSSTTGYTF	TRBV19	TRBJ1-2
CASSVVGGRYGYTF	TRBV9	TRBJ1-2
CASSSVNEAFF	TRBV19	TRBJ1-1
CASSSVDEAFF	TRBV19	TRBJ1-1
CASSLSTAEAFF	TRBV7-9	TRBJ1-1
CASSFANYGYTF	TRBV19	TRBJ1-2
CASSSETELLYYGYTF	TRBV6-6	TRBJ1-2
CASSQQTGTIGGYTF	TRBV6-5	TRBJ1-2
CASSFQGFTEAFF	TRBV28	TRBJ1-1
CASSFTLGTGGVEQYF	TRBV27	TRBJ2-7
CSARGQDIYEQYF	TRBV20-1	TRBJ2-7
CASGLTGFMDEQYF	TRBV12-5	TRBJ2-7
CASSVDVAGGYNEQFF	TRBV7-3	TRBJ2-1
CASSQALPYEQYF	TRBV12-4	TRBJ2-7
CASSITLGTGGVEQYF	TRBV27	TRBJ2-7
CAISATGGDYGYTF	TRBV10-3	TRBJ1-2
CASSPGKLDSEETQYF	TRBV18	TRBJ2-5
CASSKDPPGTGGASGYTF	TRBV19	TRBJ1-2
CASSLGPNNYYGYTF	TRBV27	TRBJ1-2
CASSSSSWDRPQHF	TRBV27	TRBJ1-5
CASRIGGAPNNEQFF	TRBV27	TRBJ2-1
CASGLGSSPMFNEQFF	TRBV12-5	TRBJ2-1
CASRVGLAGNNEQFF	TRBV27	TRBJ2-1
CASRTGTGNLYEQYF	TRBV27	TRBJ2-7
CASSLGPASYEQYF	TRBV27	TRBJ2-7
CASSLSPGQKYEQYF	TRBV27	TRBJ2-7
CASSTQDLQGARSPLHF	TRBV7-9	TRBJ1-6
CASSVGPGNTIYF	TRBV27	TRBJ1-3
CASSLGAAGRELFF	TRBV27	TRBJ1-4
CASSIGTANNSPLHF	TRBV27	TRBJ1-6
CASRTGTGSYRQYF	TRBV27	TRBJ2-7
CASSFQGADYGYTF	TRBV5-6	TRBJ1-2
CASSPRDSQPYGYTF	TRBV18	TRBJ1-2
CASSKEDREKETQYF	TRBV19	TRBJ2-5
CASSLSVGVNTEAFF	TRBV27	TRBJ1-1
CASSLGSANTDTQYF	TRBV27	TRBJ2-3
CSGGALGQDFGGYTF	TRBV29-1	TRBJ1-2
CASDSGVFSYEQYF	TRBV6-6	TRBJ2-7
CASSLGPAGNTEAFF	TRBV27	TRBJ1-1
CASALGASGITQYF	TRBV27	TRBJ2-3
CASSLSYSTLSYEQYF	TRBV27	TRBJ2-7
CASSLEGTGANSPLHF	TRBV5-1	TRBJ1-6
CASTETSGSSYNEQFF	TRBV11-2	TRBJ2-1
CATAEGAGELFF	TRBV19	TRBJ2-2
CASSLSHSTGNYGYTF	TRBV27	TRBJ1-2
CASRLGLAGGINEQFF	TRBV27	TRBJ2-1
CASTLGSAGPQFNEQFF	TRBV27	TRBJ2-1
CASSLSPSTGRVEQYF	TRBV27	TRBJ2-7
CASSLGSTPYEQYF	TRBV27	TRBJ2-7
CASSSGQEAFF	TRBV27	TRBJ1-1
CSVEDLRNYGYTF	TRBV29-1	TRBJ1-2
CASSYSPPIPGQGIDEQYF	TRBV6-5	TRBJ2-7
CASSSQRESSDTQYF	TRBV7-2	TRBJ2-3
CASSQWERDPQYF	TRBV4-3	TRBJ2-3
CASSSPRLAGGPSGTGELFF	TRBV6-5	TRBJ2-2
CASSQVLRVLSYNEQFF	TRBV4-3	TRBJ2-1
CASSSTLAGGPYEQFF	TRBV12-3	TRBJ2-1
CATSSRDTSSDEQFF	TRBV15	TRBJ2-1
CASSQVLGVLSSYEQYF	TRBV4-3	TRBJ2-7
CATSLLVRDNEQFF	TRBV15	TRBJ2-1
CSAPDRDTEAFF	TRBV29-1	TRBJ1-1
CASSLLRDSPTDTQYF	TRBV6-2	TRBJ2-3
CASTSWGLQGPTGELFF	TRBV6-2	TRBJ2-2
CATSSPQGASDEQYF	TRBV15	TRBJ2-7
CASSPDRGLNNEQFF	TRBV18	TRBJ2-1
CASSEPSTANEQFF	TRBV25-1	TRBJ2-1
CASSLGQLYGYTF	TRBV5-6	TRBJ1-2
CASTRADTGELFF	TRBV18	TRBJ2-2
CATSSPMGSTDTQYF	TRBV15	TRBJ2-3
CATAQNRLQETQYF	TRBV15	TRBJ2-5
CASSPVGPWDEKLFF	TRBV7-2	TRBJ1-4
CSVEGLAGTGELFF	TRBV29-1	TRBJ2-2
CASSPGSWGSTDTQYF	TRBV27	TRBJ2-3
CATSRPTSGSDEQFF	TRBV15	TRBJ2-1
CSADIQGAIGETQYF	TRBV29-1	TRBJ2-5
CSAPGWDTEAFF	TRBV29-1	TRBJ1-1
CSVPTVNTEAFF	TRBV29-1	TRBJ1-1
CAISEPTSGRDTQYF	TRBV10-3	TRBJ2-3
CASMGLPGYEQFF	TRBV27	TRBJ2-1
CASSLEGDMDSEQYF	TRBV27	TRBJ2-7
CASSGGSSDTQYF	TRBV27	TRBJ2-3
CSVEPLWSPEAFF	TRBV29-1	TRBJ1-1
CSAEDTSGITDTQYF	TRBV29-1	TRBJ2-3
CAISEWDIHSSGNTIYF	TRBV10-3	TRBJ1-3
CASSPLFGREPDGETQYF	TRBV28	TRBJ2-5
CATSRPLDSTDTQYF	TRBV15	TRBJ2-3
CASSSPRESTDTQYF	TRBV27	TRBJ2-3
CAISEPGTSTDTQYF	TRBV10-3	TRBJ2-3
CSVGEGANYGYTF	TRBV29-1	TRBJ1-2
CSVGTGEDGEQYF	TRBV29-1	TRBJ2-7
CASSLFLAGGYEQYF	TRBV27	TRBJ2-7
CSGVVGRGAYNEQFF	TRBV29-1	TRBJ2-1
CASSPGLGAEAFF	TRBV7-8	TRBJ1-1
CSVWGETQYF	TRBV29-1	TRBJ2-5
CAISESGSPEQYF	TRBV10-3	TRBJ2-7
CAISGPGGPTGELFF	TRBV10-3	TRBJ2-2
CSVTGGTYEQYF	TRBV29-1	TRBJ2-7
CASSRLAGGTGELFF	TRBV7-3	TRBJ2-2
CASSRLAGSTDTQYF	TRBV7-3	TRBJ2-3
CSVEESGLAGNTGELFF	TRBV29-1	TRBJ2-2
CASSLWGALYEQYF	TRBV5-6	TRBJ2-7
CASSLEGFTDTQYF	TRBV12-3	TRBJ2-3
CASSLGVSEPQHF	TRBV18	TRBJ1-5
CASSSGTSGYEQYF	TRBV5-1	TRBJ2-7
CASSESEQGYTGELFF	TRBV6-1	TRBJ2-2
CASSLSRGAYEQYF	TRBV6-5	TRBJ2-7
CASSPGGQGGQPQHF	TRBV4-2	TRBJ1-5
CSVGRDRDHGYTF	TRBV29-1	TRBJ1-2
CASSYGPVETEAFF	TRBV6-6	TRBJ1-1
CSVDRHSYNEQFF	TRBV29-1	TRBJ2-1
CARNATGNYGYTF	TRBV27	TRBJ1-2
CASRRRESHAYEQYF	TRBV27	TRBJ2-7
CASSLGWEYNEQFF	TRBV5-5	TRBJ2-1
CSGWGGTRDHGYTF	TRBV29-1	TRBJ1-2
CASSSREVTGELFF	TRBV5-1	TRBJ2-2
CASKWTSGGPNTGELFF	TRBV10-1	TRBJ2-2
CASSLTQGLAGVEQYF	TRBV7-8	TRBJ2-7
CASSGGQGRTMNTEAFF	TRBV10-1	TRBJ1-1
CSVGQGATEQYF	TRBV29-1	TRBJ2-7
CASSVRQEPYNEQFF	TRBV7-8	TRBJ2-1
CASSLNGGLPETQYF	TRBV27	TRBJ2-5
CSARDNTVANYGYTF	TRBV20-1	TRBJ1-2
CAWVPGTGGTEAFF	TRBV30	TRBJ1-1
CASSYWDRITSGNTIYF	TRBV6-3	TRBJ1-3
CASSTVTSKGSDTQYF	TRBV19	TRBJ2-3
CASAIVGELFF	TRBV12-4	TRBJ2-2
CSARGGETSGGFSYEQYF	TRBV20-1	TRBJ2-7
CASSPGLPYEQYF	TRBV12-4	TRBJ2-7
CASSLRGGGDTQYF	TRBV7-3	TRBJ2-3
CSASNMERWVGQPQHF	TRBV20-1	TRBJ1-5
CASSRVPSEQFF	TRBV7-2	TRBJ2-1
CASSPADRTRNTEAFF	TRBV3-1	TRBJ1-1
CASSPLDSGGFYEQYF	TRBV5-6	TRBJ2-7
CATDAGQGLFYGYTF	TRBV6-5	TRBJ1-2
CASSALGGAGTGELFF	TRBV9	TRBJ2-2
CSVCFWFGSSYNEQFF	TRBV29-1	TRBJ2-1
CASSNHRDRDTDTQYF	TRBV19	TRBJ2-3
CASSFRTINNEQFF	TRBV7-2	TRBJ2-1
CASSYFLAGGSGANVLTF	TRBV6-5	TRBJ2-6
CASSGGTGWGTGELFF	TRBV7-2	TRBJ2-2
CASSPEYLQTDTQYF	TRBV7-2	TRBJ2-3
CASSLNAGESYNEQFF	TRBV7-8	TRBJ2-1
CASSSKTSGVINEQFF	TRBV11-2	TRBJ2-1
CAWSVTTSSYNSPLHF	TRBV30	TRBJ1-6
CASSVPSGGETQYF	TRBV9	TRBJ2-5
CASSIGLHYEQYF	TRBV28	TRBJ2-7
CSVGRAQNEQFF	TRBV29-1	TRBJ2-1
CASTLWSATNEKLFF	TRBV28	TRBJ1-4
CASSEESGRAAEQYF	TRBV6-1	TRBJ2-7
CASSGRWTAYNEQFF	TRBV28	TRBJ2-1
CASSVTPSSYNEQFF	TRBV6-4	TRBJ2-1
CATSRDLAEVNTEAFF	TRBV15	TRBJ1-1
CASSFIGGVDGYTF	TRBV12-4	TRBJ1-2
CATGRGGKIGEQYF	TRBV15	TRBJ2-7
CATGRGGMIGEQYF	TRBV15	TRBJ2-7
CSATDVTKGQLISGYTF	TRBV20-1	TRBJ1-2
CASSFAHLSYNEQFF	TRBV12-4	TRBJ2-1
CAWSISDLAKNIQYF	TRBV30	TRBJ2-4
CASSQEEGPGNQPQHF	TRBV4-1	TRBJ1-5
CASSYSWTGSNYGYTF	TRBV6-3	TRBJ1-2
CASSSDPSGGGYNEQFF	TRBV27	TRBJ2-1
CATEQGMHEQYF	TRBV25-1	TRBJ2-7
CASASANYGYTF	TRBV12-4	TRBJ1-2
CASSIQALLTF	TRBV12-4	TRBJ1-2
CASGEGGELFF	TRBV19	TRBJ2-2
CAVNGGSNYGYTF	TRBV28	TRBJ1-2
CASSGTDSNQPQHF	TRBV6-1	TRBJ1-5
CASSDDRVRYGYTF	TRBV13	TRBJ1-2
CASSQGLGREGASEQFF	TRBV4-1	TRBJ2-1
CASSVASGRAHEQYF	TRBV9	TRBJ2-7
CASSAQTGASYGYTF	TRBV6-5	TRBJ1-2
CASSPSTGVTFYGYTF	TRBV6-5	TRBJ1-2
CASSWKTGTGGTGYTF	TRBV6-5	TRBJ1-2
CASSYQTGTGVYGYTF	TRBV6-5	TRBJ1-2
CASSPITGTGAYGYTF	TRBV6-5	TRBJ1-2
CASSSSGRDYEQYF	TRBV2	TRBJ2-7
CATAITSTQYF	TRBV12-4	TRBJ2-3
CASSMTSGALYNEQFF	TRBV27	TRBJ2-1
CSARDRNTQGPETQYF	TRBV20-1	TRBJ2-5
CASSTRTGQETQYF	TRBV7-9	TRBJ2-5
CASSFPKDGSTYEQYF	TRBV7-9	TRBJ2-7
CASSYFDEKLFF	TRBV2	TRBJ1-4
CASSAGSGSGYNEQFF	TRBV9	TRBJ2-1
CASSDAENTEAFF	TRBV6-1	TRBJ1-1
CASSKGEVTEAFF	TRBV6-5	TRBJ1-1
CASGPLLLMTNEQFF	TRBV12-4	TRBJ2-1
CATSDRTSATEAFF	TRBV24-1	TRBJ1-1
CASSIVNEAFF	TRBV12-4	TRBJ1-1
CASSVVNEAFF	TRBV12-4	TRBJ1-1
CASSETSGRSPYEQYF	TRBV6-1	TRBJ2-7
CASGPGTSATDTQYF	TRBV6-5	TRBJ2-3
CASSVEGTSGRSYNEQFF	TRBV9	TRBJ2-1
CASSPGLASPYSYNEQFF	TRBV6-3	TRBJ2-1
CSARDGLAGHYEQYF	TRBV20-1	TRBJ2-7
CSARDGLTGHYEQYF	TRBV20-1	TRBJ2-7
CASSSVSGYTF	TRBV12-4	TRBJ1-2
CASSAGGGSYNEQFF	TRBV4-1	TRBJ2-1
CAWSVSDVANTEAFF	TRBV30	TRBJ1-1
CSAPPAGEYSNQPQHF	TRBV20-1	TRBJ1-5
CSARDPSGLAGGLAETQYF	TRBV20-1	TRBJ2-5
CASSLPPGRGYTEAFF	TRBV12-4	TRBJ1-1
CASSYTLASYEQYF	TRBV6-6	TRBJ2-7
CASSGEGAKTTNTEAFF	TRBV2	TRBJ1-1
CASSSTQGKVYEQYF	TRBV27	TRBJ2-7
CASSDHSVTGISSPLHF	TRBV7-9	TRBJ1-6
CASSYSGQGSAAGETQYF	TRBV6-6	TRBJ2-5
CASSPAGISYNSPLHF	TRBV7-9	TRBJ1-6
CASSRLAGASTDTQYF	TRBV7-3	TRBJ2-3
CASSRLSSNTDTQYF	TRBV7-3	TRBJ2-3
CASSRLAGNTDTQYF	TRBV7-3	TRBJ2-3
CASSRLAGGTDTQYF	TRBV7-3	TRBJ2-3
CASSRLAASTDTQYF	TRBV7-3	TRBJ2-3
CASSLRVNTEAFF	TRBV7-3	TRBJ1-1
CASSRLAANTDTQYF	TRBV7-3	TRBJ2-3
CASSYSTGTPGIYTF	TRBV6-5	TRBJ1-2
CASTPAGGAPGELFF	TRBV27	TRBJ2-2
CASSFSGGAPGELFF	TRBV27	TRBJ2-2
CASSYFGGNTEAFF	TRBV6-5	TRBJ1-1
CASSLAPGATSEKLFF	TRBV7-6	TRBJ1-4
CASSYQTGTIYGYTF	TRBV6-5	TRBJ1-2
CASSPQTGAIYGYTF	TRBV6-5	TRBJ1-2
CASSALGGGGTGELFF	TRBV9	TRBJ2-2
CASSPVQGAFYNSPLHF	TRBV6-5	TRBJ1-6
CSARDFDRTGELFF	TRBV20-1	TRBJ2-2
CSVDETGGGETQYF	TRBV29-1	TRBJ2-5
CASSYQTGAIYGYTF	TRBV6-5	TRBJ1-2
CASSSLYGDTGELFF	TRBV6-5	TRBJ2-2
CASSLVSGSPTGELFF	TRBV27	TRBJ2-2
CASSYATGIGNYGYTF	TRBV6-5	TRBJ1-2
CASSSVTEAFF	TRBV12-4	TRBJ1-1
CASSFGTGHTGELFF	TRBV27	TRBJ2-2
CANSYATGIGNYGYTF	TRBV6-5	TRBJ1-2
CASSYFGSQSEQYF	TRBV6-5	TRBJ2-7
CASNPSGGYTGELFF	TRBV27	TRBJ2-2
CASSLTTGTGSYGYTF	TRBV6-5	TRBJ1-2
CASSLQTGVRSYEQYF	TRBV6-5	TRBJ2-7
CASSFWREPTYEQYF	TRBV12-4	TRBJ2-7
CASSQADRAVYGYTF	TRBV4-1	TRBJ1-2
CASSLLIQGGENTEAFF	TRBV27	TRBJ1-1
CASSVQGYTEAFF	TRBV28	TRBJ1-1
CASSPGSINYGYTF	TRBV12-4	TRBJ1-2
CASSESMIQHF	TRBV10-2	TRBJ1-5
CASSPRQGGKQPQHF	TRBV18	TRBJ1-5
CASHYGGSSYEQYF	TRBV13	TRBJ2-7
CAWSVSDIMNTEAFF	TRBV30	TRBJ1-1
CASSTPWGGTSGATDTQYF	TRBV7-2	TRBJ2-3
CASSFFSKKYNNEQFF	TRBV12-4	TRBJ2-1
CASSLSPTSGLSYEQYF	TRBV7-8	TRBJ2-7
CASSLGGGGFYEQYF	TRBV7-8	TRBJ2-7
CASSWNEQFF	TRBV12-4	TRBJ2-1
CASSLVGGRYGYTF	TRBV12-4	TRBJ1-2
CATSRDLVAETQYF	TRBV15	TRBJ2-5
CSARDPLDYVRTDTQYF	TRBV20-1	TRBJ2-3
CASSWLMGTTYNEQFF	TRBV27	TRBJ2-1
CSVDRYGGDTYEQYF	TRBV29-1	TRBJ2-7
CSVGGTLDTQYF	TRBV29-1	TRBJ2-3
CASSEVGATNYGYTF	TRBV6-1	TRBJ1-2
CASSYFPLADTQYF	TRBV6-2	TRBJ2-3
CASSSLGGAGTGELFF	TRBV13	TRBJ2-2
CASSRPGQGGYEQYF	TRBV27	TRBJ2-7
CASSFAGGAAGELFF	TRBV27	TRBJ2-2
CASSPGTGHGELFF	TRBV27	TRBJ2-2
CASSFGLNQPQHF	TRBV28	TRBJ1-5
CASSFEEPQGGLGIYNEQFF	TRBV5-5	TRBJ2-1
CASSIDYYSNQPQHF	TRBV7-2	TRBJ1-5
CASSPRDRANTEAFF	TRBV14	TRBJ1-1
CASSYSIRRGVNEQFF	TRBV6-2	TRBJ2-1
CASSLDSTGGDGELFF	TRBV7-2	TRBJ2-2
CANTRGENTEAFF	TRBV2	TRBJ1-1
CASSPQAGGGETQYF	TRBV5-1	TRBJ2-5
CASSLRSNTGELFF	TRBV11-3	TRBJ2-2
CSVEGYGQGIGYNEQFF	TRBV29-1	TRBJ2-1
CSVSGTHYEQYF	TRBV29-1	TRBJ2-7
CANSIDYYSNQPQHF	TRBV7-2	TRBJ1-5
CASSPGTYGYTF	TRBV12-4	TRBJ1-2
CARGSERNTIYF	TRBV2	TRBJ1-3
CAGSEVGATNYGYTF	TRBV6-1	TRBJ1-2
CASSLARYGYTF	TRBV6-2	TRBJ1-2
CASSSTHYGYTF	TRBV12-4	TRBJ1-2
CASSYPFGGAWDEQFF	TRBV7-2	TRBJ2-1
CASSLFTDNRDGYTF	TRBV27	TRBJ1-2
CASSYATAYEQYF	TRBV6-2	TRBJ2-7
CSAQPGQENIQYF	TRBV20-1	TRBJ2-4
CASSLFTDRRDGYTF	TRBV27	TRBJ1-2
CASNGQGARDGYTF	TRBV6-6	TRBJ1-2
CASSVEAEGFGAPISPPEAFF	TRBV9	TRBJ1-1
CASGRTGSEAFF	TRBV6-2	TRBJ1-1
CASSQGLAEWDEQFF	TRBV4-3	TRBJ2-1
CASSLALDEAFF	TRBV12-3	TRBJ1-1
CASSLSWGGFYNEQFF	TRBV27	TRBJ2-1
CASSLARGFSDHTQYF	TRBV7-9	TRBJ2-3
CASSLIGVGLTDTQYF	TRBV7-9	TRBJ2-3
CASSSSWGYGYTF	TRBV7-9	TRBJ1-2
CASRPNLGGTTEAFF	TRBV27	TRBJ1-1
CASSIHSETGVGSPLHF	TRBV7-9	TRBJ1-6
CASSLSASTARYGYTF	TRBV27	TRBJ1-2
CASKQEWGNTEAFF	TRBV7-9	TRBJ1-1
CASSLIGAGGPDEQFF	TRBV7-9	TRBJ2-1
CASSSLPGGTEAFF	TRBV6-2	TRBJ1-1
CASSPTTGTGHYGYTF	TRBV6-5	TRBJ1-2
CASNPMGQGILFF	TRBV9	TRBJ2-2
CASSLDSIASGNTIYF	TRBV5-1	TRBJ1-3
CASSLVSGGWTEAFF	TRBV11-2	TRBJ1-1
CASSQETDLRSQPQHF	TRBV4-1	TRBJ1-5
CASKWGRDLWQPQHF	TRBV2	TRBJ1-5
CASSSRDRGPHGQYF	TRBV7-9	TRBJ2-7
CASSSRDLGEYEQYF	TRBV7-9	TRBJ2-7
CASSHDYRGRRSPLHF	TRBV7-9	TRBJ1-6
CASSLIGEGTGWHQYF	TRBV7-9	TRBJ2-7
CASSLVGVGLLLNEQYF	TRBV7-9	TRBJ2-7
CASSGVGGWDEQYF	TRBV10-1	TRBJ2-7
CASSPVTGTGHYGYTF	TRBV6-5	TRBJ1-2
CAWVPTGTGGTEAFF	TRBV30	TRBJ1-1
CASSSHDREGGSSPLHF	TRBV7-9	TRBJ1-6
CASSTHDIQGLGSPLHF	TRBV7-9	TRBJ1-6
CASSSHDYRGRRSPLHF	TRBV7-9	TRBJ1-6
CASSFRDYGNYEQYF	TRBV7-9	TRBJ2-7
CASSNRDRGDYEQYF	TRBV7-9	TRBJ2-7
CASSLRDRGSYEQYF	TRBV7-9	TRBJ2-7
CASSSRDRGSYEQYF	TRBV7-9	TRBJ2-7
CASSLRQGANTGELFF	TRBV7-9	TRBJ2-2
CASSLRQGANAGELFF	TRBV7-9	TRBJ2-2
CASSLRQGINTGELFF	TRBV7-9	TRBJ2-2
CASSSHDLAGVKSEQFF	TRBV7-9	TRBJ2-1
CASSPPLGSGSGDEKLFF	TRBV7-9	TRBJ1-4
CASSAGTGIYDEAFF	TRBV7-9	TRBJ1-1
CASSAGTGIYDGAFF	TRBV7-9	TRBJ1-1
CASSLRGENRDDYEQYF	TRBV7-9	TRBJ2-7
CASSLRGESLVNEQFF	TRBV7-9	TRBJ2-1
CASSLKGVGQSDEQYF	TRBV7-9	TRBJ2-7
CASSLISGRARNEQFF	TRBV7-9	TRBJ2-1
CASSFRGEGHPDTQYF	TRBV7-9	TRBJ2-3
CASSSHEDRGSSSPLHF	TRBV7-9	TRBJ1-6
CASSSHDKQGARSPLHF	TRBV7-9	TRBJ1-6
CASSSRDRGAYEQYF	TRBV7-9	TRBJ2-7
CASSRRGESSYNEQFF	TRBV7-9	TRBJ2-1
CASSLRGVSSYNEQFF	TRBV7-9	TRBJ2-1
CASSDQSQETQYF	TRBV6-1	TRBJ2-5
CASSYSTVNEQFF	TRBV6-1	TRBJ2-1
CASRVGGAGNSPLHF	TRBV27	TRBJ1-6
CASSLAWGGFYNEQFF	TRBV27	TRBJ2-1
CAGSLSWGGFYNEQFF	TRBV27	TRBJ2-1
CASRQGAGGNQPQHF	TRBV27	TRBJ1-5
CASRLGPGQPYEQYF	TRBV27	TRBJ2-7
CASSLGSSGTRQYF	TRBV27	TRBJ2-3
CASSLLGLQGSYNEQFF	TRBV27	TRBJ2-1
CASRLGPGQPYERYF	TRBV27	TRBJ2-7
CASRSGPGQPYEQYF	TRBV27	TRBJ2-7
CASSLGSSGNEQFF	TRBV27	TRBJ2-1
CASSLGAGNYGYTF	TRBV27	TRBJ1-2
CATSIGSSGNEQFF	TRBV15	TRBJ2-1
CASSLSTSSRNYGYTF	TRBV27	TRBJ1-2
CASRTGAANIYEQYF	TRBV27	TRBJ2-7
CASSLSPSTGNYGYTF	TRBV27	TRBJ1-2
CASSLGPGNYEQYF	TRBV27	TRBJ2-7
CASNTGGANTDTQYF	TRBV27	TRBJ2-3
CASSLGGSPNYGYTF	TRBV27	TRBJ1-2
CASRLGAAGSQPQHF	TRBV27	TRBJ1-5
CASPLIEETIPYEQYF	TRBV27	TRBJ2-7
CASSVAGSATGELFF	TRBV9	TRBJ2-2
CASSVGSEAYTYEQYF	TRBV9	TRBJ2-7
CASSPGTGREQFF	TRBV9	TRBJ2-1
CASSVGAGVFTDTQYF	TRBV9	TRBJ2-3
CASSGVGGTDTQYF	TRBV9	TRBJ2-3
CASFRGHEQFF	TRBV5-1	TRBJ2-1
CASSLGLAATYNEQFF	TRBV5-1	TRBJ2-1
CASSWAGGPRDEQYF	TRBV5-1	TRBJ2-7
CASSTSLLAGNNEQFF	TRBV5-1	TRBJ2-1
CASSLMGPGQPQHF	TRBV5-1	TRBJ1-5
CASSLRQGEGMGEQFF	TRBV5-1	TRBJ2-1
CASSLSLLAGNNEQFF	TRBV5-1	TRBJ2-1
CASSWAGEPRDEQYF	TRBV5-1	TRBJ2-7
CARSWAGGPRDEQYF	TRBV5-1	TRBJ2-7
CASSCAGGPRDEQYF	TRBV5-1	TRBJ2-7
CASSLAGRETEAFF	TRBV5-1	TRBJ1-1
CASMNDGATYEQYF	TRBV5-1	TRBJ2-7
CASVNDGATYEQYF	TRBV5-1	TRBJ2-7
CASRSGTYDNSPLHF	TRBV5-1	TRBJ1-6
CASRALRGDNEQFF	TRBV5-1	TRBJ2-1
CASSDPDRAVTEAFF	TRBV5-1	TRBJ1-1
CASSLDRDRGRPEAFF	TRBV7-9	TRBJ1-1
CASSLAERSYEQYF	TRBV7-9	TRBJ2-7
CASSFGQAWETQYF	TRBV7-9	TRBJ2-5
CASSFGQAWYEQYF	TRBV7-9	TRBJ2-7
CASSLVGTGGWDEQFF	TRBV7-9	TRBJ2-1
CASSLSDRGGDEQFF	TRBV12-3	TRBJ2-1
CASRLGLGYEQYF	TRBV12-3	TRBJ2-7
CASSFYSSGRNSYF	TRBV12-3	TRBJ2-3
CASSLRPLDMNTEAFF	TRBV12-3	TRBJ1-1
CASSLAPGDGYEQYF	TRBV12-3	TRBJ2-7
CASGLSDRGGDEQFF	TRBV12-5	TRBJ2-1
CASSLTSEQFF	TRBV12-3	TRBJ2-1
CASSPGTLKETQYF	TRBV12-3	TRBJ2-5
CASSVVNEQFF	TRBV12-3	TRBJ2-1
CASSLTNEQFF	TRBV12-3	TRBJ2-1
CASSPLTGTGHYGYTF	TRBV6-1	TRBJ1-2
CASREGEYYGYTF	TRBV6-1	TRBJ1-2
CASSYSTGIGGGYTF	TRBV6-1	TRBJ1-2
CASTPQTGTGTYGYTF	TRBV6-1	TRBJ1-2
CASRRQRTDTEAFF	TRBV28	TRBJ1-1
CASRRQRTDAEAFF	TRBV28	TRBJ1-1
CASRHQRTDTEAFF	TRBV28	TRBJ1-1
CASSQRLAGAHEQYF	TRBV28	TRBJ2-7
CSVIGGFGTGELFF	TRBV29-1	TRBJ2-2
CSVEERVRGGEQYF	TRBV29-1	TRBJ2-7
CSVEERVWGGEQYF	TRBV29-1	TRBJ2-7
CASSYVIYEQYF	TRBV12-3	TRBJ2-7
CASSHVIYEQYF	TRBV12-3	TRBJ2-7
CASSQKGLDTEAFF	TRBV3-1	TRBJ1-1
CASGQKGLDTEAFF	TRBV3-1	TRBJ1-1
CATSDDRDTGELFF	TRBV24-1	TRBJ2-2
CASSLWLNEQFF	TRBV7-2	TRBJ2-1
CASSPKTGASYGYTF	TRBV6-5	TRBJ1-2
CASSFVSFDEQFF	TRBV28	TRBJ2-1
CASSADSYGANVLTF	TRBV10-1	TRBJ2-6
CSVDPGHTGEKLFF	TRBV29-1	TRBJ1-4
CASSLVGGRHGYTF	TRBV12-4	TRBJ1-2
CASSHDPTWGPGNTIYF	TRBV3-1	TRBJ1-3
CASSFGQGSSPLHF	TRBV27	TRBJ1-6
CASSLETVNTEAFF	TRBV7-6	TRBJ1-1
CASSSFYDSNEKLFF	TRBV7-9	TRBJ1-4
CASSLASPGHFTGELFF	TRBV7-6	TRBJ2-2
CASRRQGTVYEQYF	TRBV28	TRBJ2-7
CASRIELPGAGELFF	TRBV7-8	TRBJ2-2
CASSLGFLGPAAGNTIYF	TRBV7-2	TRBJ1-3
CSARDHGGDYGYTF	TRBV20-1	TRBJ1-2
CASSLEVTGLNTEAFF	TRBV5-5	TRBJ1-1
CASSDSGEAGELFF	TRBV6-4	TRBJ2-2
CSGGQDYNEQFF	TRBV29-1	TRBJ2-1
CASSEDSGGYNEQFF	TRBV6-1	TRBJ2-1
CASSDSTSGGNEQFF	TRBV6-4	TRBJ2-1
CSARDMASGRNEQYF	TRBV20-1	TRBJ2-7
CASSPGGGMNTEAFF	TRBV5-5	TRBJ1-1
CASSFDPGSYGYTF	TRBV27	TRBJ1-2
CASSPASGSLFF	TRBV12-3	TRBJ2-1
CASSEGLGGALYGYTF	TRBV6-1	TRBJ1-2
CASSPDYDQETQYF	TRBV7-9	TRBJ2-5
CASTHGTSGEDTQYF	TRBV12-4	TRBJ2-3
CASLPTGTNTGELFF	TRBV12-4	TRBJ2-2
CASSLQGASGYTF	TRBV6-5	TRBJ1-2
CASTGGGALGTEAFF	TRBV14	TRBJ1-1
CASSIVAGGYNEQFF	TRBV19	TRBJ2-1
CASSRDRTGRANYGYTF	TRBV7-7	TRBJ1-2
CASSPRTSFETQYF	TRBV7-6	TRBJ2-5
CASSPGTFRYTF	TRBV12-4	TRBJ1-2
CASSPTDRGNTGELFF	TRBV5-4	TRBJ2-2
CASSGRGFLNYGYTF	TRBV5-6	TRBJ1-2
CASSLVGTGELFF	TRBV7-3	TRBJ2-2
CASSHGAAAGETEAFF	TRBV3-1	TRBJ1-1
CASGSGLAGNEQFF	TRBV12-5	TRBJ2-1
CASSQVAGGAGGPREYNEQFF	TRBV4-3	TRBJ2-1
CASSVGLGFTDTQYF	TRBV19	TRBJ2-3
CASSEARQGLDTEAFF	TRBV2	TRBJ1-1
CASSLFAGAETQYF	TRBV27	TRBJ2-5
CASRKLAGPTDTQYF	TRBV4-2	TRBJ2-3
CATSATGLRNQPQHF	TRBV24-1	TRBJ1-5
CASSLESWGRAYNEQFF	TRBV5-6	TRBJ2-1
CASLAGVRTDTQYF	TRBV12-3	TRBJ2-3
CASSNFLGQGDEKLFF	TRBV7-9	TRBJ1-4
CASSEPIGTGGNQPQHF	TRBV2	TRBJ1-5
CASRQENSGNTIYF	TRBV5-6	TRBJ1-3
CASSSQGWGRVYSEQFF	TRBV5-6	TRBJ2-1
CSATPSGYGYTF	TRBV20-1	TRBJ1-2
CASSVEVGTGDNEQFF	TRBV9	TRBJ2-1
CASSIQKAGYNEQFF	TRBV19	TRBJ2-1
CAAGTRTDTQYF	TRBV2	TRBJ2-3
CASSVDSGSTNEQFF	TRBV11-3	TRBJ2-1
CASSLSGVPHNNEQFF	TRBV27	TRBJ2-1
CASSQTRTSGRVDPDTQYF	TRBV3-1	TRBJ2-3
CASRRPGGDTEAFF	TRBV27	TRBJ1-1
CASSLNSGLYNEQFF	TRBV5-6	TRBJ2-1
CASSLNGRADTQYF	TRBV27	TRBJ2-3
CASSRQESYGYTF	TRBV5-6	TRBJ1-2
CAISEQEDQPQHF	TRBV10-3	TRBJ1-5
CASSVEGQGDTEAFF	TRBV9	TRBJ1-1
CASSPLRGVYYNEQFF	TRBV9	TRBJ2-1
CASTPYRRGPHLYGYTF	TRBV7-9	TRBJ1-2
CASSLVVMGTGFTDTQYF	TRBV12-3	TRBJ2-3
CASSLAQQGLAEAFF	TRBV7-6	TRBJ1-1
CASSPSTGTIYGYTF	TRBV6-5	TRBJ1-2
CAISESRSRVTDTQYF	TRBV10-3	TRBJ2-3
CASSPSDYGYTF	TRBV7-3	TRBJ1-2
CAISEYPPTGRKADTQYF	TRBV10-3	TRBJ2-3
CSAADRGLGETQYF	TRBV20-1	TRBJ2-5
CASRGTGGGSGQPQHF	TRBV4-1	TRBJ1-5
CASSYDRGPREGYTF	TRBV4-1	TRBJ1-2
CASSTRSTGELFF	TRBV19	TRBJ2-2
CASSLRGQGFYEQFF	TRBV5-4	TRBJ2-1
CSGDRSSDTQYF	TRBV29-1	TRBJ2-3
CASSPSWGEVNTEAFF	TRBV27	TRBJ1-1
CASSPGYGSSGNTIYF	TRBV4-3	TRBJ1-3
CASSPPGLPGYTF	TRBV18	TRBJ1-2
CASSPGQLQETQYF	TRBV14	TRBJ2-5
CASSSGLAGVETGELFF	TRBV5-1	TRBJ2-2
CASSLQVWNEQFF	TRBV27	TRBJ2-1
CASSLQGIGAKNIQYF	TRBV5-1	TRBJ2-4
CASSSGGLSEQYF	TRBV27	TRBJ2-7
CSARGADTQYF	TRBV20-1	TRBJ2-3
CASSLELAAWETQYF	TRBV5-1	TRBJ2-5
CSARDLRLLANTGELFF	TRBV20-1	TRBJ2-2
CASSTGSYGYTF	TRBV19	TRBJ1-2
CASSSGIYGYTF	TRBV19	TRBJ1-2
CASSLAGFTGELFF	TRBV27	TRBJ2-2
CASSPTLVTSGNTIYF	TRBV7-9	TRBJ1-3
CASSEGYIYEQYF	TRBV2	TRBJ2-7
CASSYASNQPQHF	TRBV6-2	TRBJ1-5
CAISVSGTRVYNEQFF	TRBV10-3	TRBJ2-1
CASSLKAGNQPQHF	TRBV4-1	TRBJ1-5
CASSVGTLYSGANVLTF	TRBV9	TRBJ2-6
CASSLLGGAGTGELFF	TRBV9	TRBJ2-2
CSVEGDTGELFF	TRBV29-1	TRBJ2-2
CASSQGLAGEVYTGELFF	TRBV5-1	TRBJ2-2
CASSLDRPSGMAAETQYF	TRBV5-1	TRBJ2-5
CASSINRDLLNGYTF	TRBV5-1	TRBJ1-2
CASSYWDRTTSGNTIYF	TRBV6-6	TRBJ1-3
CASSHTSGNGDTQYF	TRBV5-1	TRBJ2-3
CASSDSRANTGELFF	TRBV25-1	TRBJ2-2
CSARLPRDYSNQPQHF	TRBV20-1	TRBJ1-5
CASSLAEKANTGELFF	TRBV4-1	TRBJ2-2
CSILGSNAGPQETQYF	TRBV29-1	TRBJ2-5
CAIDRVGTGELFF	TRBV30	TRBJ2-2
CASTGSVSTDTQYF	TRBV6-6	TRBJ2-3
CASSRGHPLQFF	TRBV13	TRBJ2-1
CASSISAGVGVGQETQYF	TRBV19	TRBJ2-5
CASSLVGGPSVQFF	TRBV7-9	TRBJ2-1
CATSDSAGYNEQFF	TRBV24-1	TRBJ2-1
CASSVTGTEADEQFF	TRBV5-1	TRBJ2-1
CASSPPGTSGGRNEQFF	TRBV11-2	TRBJ2-1
CASSDRLENNEKLFF	TRBV6-1	TRBJ1-4
CASTRESTDTQYF	TRBV2	TRBJ2-3
CASSLGGTGWTEAFF	TRBV27	TRBJ1-1
CASSFKDTNTGELFF	TRBV27	TRBJ2-2
CASSLGAANYNEQFF	TRBV7-9	TRBJ2-1
CATSEGNEQFF	TRBV24-1	TRBJ2-1
CASSSRTGDQETQYF	TRBV5-4	TRBJ2-5
CASSSVNVAFF	TRBV12-4	TRBJ1-1
CASSDPGVDRNTEAFF	TRBV2	TRBJ1-1
CASSHGTGYNQPQHF	TRBV14	TRBJ1-5
CASSLEIQGSGAFF	TRBV5-1	TRBJ1-1
CASSDGIGQGASGYTF	TRBV6-4	TRBJ1-2
CASSARGGGNNEQFF	TRBV4-1	TRBJ2-1
CASSYSGTNQPQHF	TRBV6-2	TRBJ1-5
CASSYSGTGDYGYTF	TRBV12-3	TRBJ1-2
CASSPVGGDYGYTF	TRBV18	TRBJ1-2
CASSLDLYGYTF	TRBV5-6	TRBJ1-2
CSARDRGGENTGELFF	TRBV20-1	TRBJ2-2
CASSFQGIRVEAFF	TRBV28	TRBJ1-1
CASSPPGRGNTGELFF	TRBV28	TRBJ2-2
CASSFGQRDRGYWRNTEAFF	TRBV6-6	TRBJ1-1
CASGFTGGRNTEAFF	TRBV12-5	TRBJ1-1
CASSIVAGAGAGELFF	TRBV19	TRBJ2-2
CATSDLLAGGKTGELFF	TRBV24-1	TRBJ2-2
CASSATGSNTGELFF	TRBV9	TRBJ2-2
CASSMGTVYLNTEAFF	TRBV19	TRBJ1-1
CASSLLGVSYYNEQFF	TRBV7-9	TRBJ2-1
CASSTRGGGDAKNIQYF	TRBV9	TRBJ2-4
CAWVPGTGGRAAFF	TRBV30	TRBJ1-1
CASSVVGYLGYTF	TRBV9	TRBJ1-2
CASSRGQGPGQETQYF	TRBV4-1	TRBJ2-5
CASSQAPSMEPNEQFF	TRBV4-1	TRBJ2-1
CASSHQTGELFF	TRBV4-2	TRBJ2-2
CASSYNEQFF	TRBV12-4	TRBJ2-1
CASSIDAGSNYEQYF	TRBV19	TRBJ2-7
CASSYTVQPYNEQFF	TRBV6-2	TRBJ2-1
CATSDLRRTDTQYF	TRBV24-1	TRBJ2-3
CASSRDSNSNQPQHF	TRBV12-4	TRBJ1-5
CASSHERDRDTGELFF	TRBV3-1	TRBJ2-2
CASSLAYILGLGDEQFF	TRBV12-4	TRBJ2-1
CASSDALQETQYF	TRBV10-1	TRBJ2-5
CASSLASRVGSPLHF	TRBV7-9	TRBJ1-6
CASSLSAVHGYTF	TRBV27	TRBJ1-2
CASSLKIGEQFF	TRBV27	TRBJ2-1
CASSLAGDYEQYF	TRBV5-4	TRBJ2-7
CASSELAGGGDTQYF	TRBV19	TRBJ2-3
CASSQQETYEQYF	TRBV4-1	TRBJ2-7
CSVVDYGYTF	TRBV29-1	TRBJ1-2
CSVAGQGDDHTDTQYF	TRBV29-1	TRBJ2-3
CSAPFPGQGDYGYTF	TRBV20-1	TRBJ1-2
CASSPSREGYTF	TRBV18	TRBJ1-2
CASSSGTSGSGSYNEQFF	TRBV5-4	TRBJ2-1
CASSIVGGMNTEAFF	TRBV19	TRBJ1-1
CASFSPRVYEQYF	TRBV6-2	TRBJ2-7
CSVEEGSRAQYF	TRBV29-1	TRBJ2-5
CAGSQEQGPGNQPQHF	TRBV4-2	TRBJ1-5
CASSQEQGPGNQPQHF	TRBV4-2	TRBJ1-5
CASSLAGADTQYF	TRBV7-2	TRBJ2-3
CASSLSQLWETQYF	TRBV7-2	TRBJ2-5
CASSLSQLWETRYF	TRBV7-2	TRBJ2-5
CASSQDLWQGGYNEQFF	TRBV4-3	TRBJ2-1
CASSPGLELFF	TRBV6-3	TRBJ2-2
CAISEPTGTSGEGEQFF	TRBV10-3	TRBJ2-1
CACSSANYGYTF	TRBV12-4	TRBJ1-2
CAGSSAYYGYTF	TRBV12-4	TRBJ1-2
CANSSANYGYTF	TRBV12-4	TRBJ1-2
CASSLVVGTGNYGYTF	TRBV12-4	TRBJ1-2
CASSPGSIAYGYTF	TRBV12-4	TRBJ1-2
CASSSANDGYTF	TRBV12-4	TRBJ1-2
CASSPGTGNYNEQFF	TRBV5-5	TRBJ2-1
CASSPITGTGSYGYTF	TRBV6-5	TRBJ1-2
CASSPQTGVGYGYTF	TRBV6-5	TRBJ1-2
CASSPTTGTGWWGYTF	TRBV6-5	TRBJ1-2
CASSYQTGTIYGNTF	TRBV6-5	TRBJ1-2
CASRGLTGGLGELFF	TRBV6-5	TRBJ2-2
CASSYSAITGELFF	TRBV6-5	TRBJ2-2
CASSSQRESETQYF	TRBV5-6	TRBJ2-5
CASSSGGTGGYEQYF	TRBV5-6	TRBJ2-7
CASSSQGDSLGSDTQYF	TRBV7-6	TRBJ2-3
CASSLAPGSTNEKLFF	TRBV7-6	TRBJ1-4
CASSALGGGDTGELFF	TRBV9	TRBJ2-2
CATSRGDWTGGVTGELFF	TRBV15	TRBJ2-2
CATSSELQIGELFF	TRBV15	TRBJ2-2
CATSSSWDPNQPQHF	TRBV15	TRBJ1-5
CATSSSWDRNQPQHF	TRBV15	TRBJ1-5
CASSPRTNQHEQYF	TRBV19	TRBJ2-7
CASSPRTSQHEQYF	TRBV19	TRBJ2-7
CASSKTGGSPYNEQFF	TRBV27	TRBJ2-1
CASTLTSGSPYNEQFF	TRBV27	TRBJ2-1
CASTLTSGSPYTEQFF	TRBV27	TRBJ2-1
CASNPSGGYAGELFF	TRBV27	TRBJ2-2
CASNPSGGYTGGLFF	TRBV27	TRBJ2-2
CASSEVAGSPGELFF	TRBV27	TRBJ2-2
CASSLPGTFGEGGELFF	TRBV27	TRBJ2-2
CASSPGTGHTGELFF	TRBV27	TRBJ2-2
CASRPGQGGYEQYF	TRBV27	TRBJ2-7
CASSLTSGSPYNEQYF	TRBV27	TRBJ2-7
CASSPVAGAPYNEYF	TRBV27	TRBJ2-7
CASSFQEYTEAFF	TRBV28	TRBJ1-1
CASTGGLPYGYTF	TRBV28	TRBJ1-2
CASRGDRGSSPLHF	TRBV28	TRBJ1-6
CASSEPDGVFIAFF	TRBV6-1	TRBJ1-1
CSAAPGDGYGYTF	TRBV20-1	TRBJ1-2
CSARDEVRADYGYTF	TRBV20-1	TRBJ1-2
CSAESLDFRASTDTQYF	TRBV20-1	TRBJ2-3
CSAKILSGAGSEQYF	TRBV20-1	TRBJ2-7
CATSDLSGMDEQFF	TRBV24-1	TRBJ2-1
CATSDLSGMNEQFF	TRBV24-1	TRBJ2-1
CASSEYASHEAFF	TRBV25-1	TRBJ1-1
CSLKSSGNSSYEQYF	TRBV29-1	TRBJ2-7
CSASTTTGLAPVEQYF	TRBV20-1	TRBJ2-7
CASSIVQGSQPQHF	TRBV19	TRBJ1-5
CASSPLAGVGNEQFF	TRBV4-2	TRBJ2-1
CASSDPGTSSDTQYF	TRBV27	TRBJ2-3
CATSDPLAAAYEQYF	TRBV24-1	TRBJ2-7
CASSPFSGAPYEQYF	TRBV27	TRBJ2-7
CASTPFASTEAFF	TRBV6-5	TRBJ1-1
CASAPNPNTGELFF	TRBV12-4	TRBJ2-2
CSARATGQDSNTEAFF	TRBV20-1	TRBJ1-1
CASSVGSSATYNEQFF	TRBV9	TRBJ2-1
CASSSHDRHGIGSPLHF	TRBV7-9	TRBJ1-6
CASSDRTEGDYEQYF	TRBV7-9	TRBJ2-7
CASSNRDRGAYEQYF	TRBV7-9	TRBJ2-7
CAISLGTSGRESYNEQFF	TRBV10-3	TRBJ2-1
CASSLSLDSGANVLTF	TRBV5-5	TRBJ2-6
CASSHDERTGSYEQYF	TRBV7-8	TRBJ2-7
CASSLGLGTGHPNEKLFF	TRBV7-9	TRBJ1-4
CASSSHEVQGYNSPLHF	TRBV7-9	TRBJ1-6
CASSSRQGFTTGELFF	TRBV7-9	TRBJ2-2
CASSLGPAHYEQYF	TRBV27	TRBJ2-7
CASSQTRNREAFF	TRBV4-3	TRBJ1-1
CASSPYRNTEAFF	TRBV4-3	TRBJ1-1
CASGPGRGLSLGNQPQHF	TRBV2	TRBJ1-5
CASSFIGEGGSDEQYF	TRBV7-9	TRBJ2-7
CASSFRDRGNYEQYF	TRBV7-9	TRBJ2-7
CASSYDTGLTEQYF	TRBV7-9	TRBJ2-7
CASSLIGVSPYNEQFF	TRBV7-9	TRBJ2-1
CARGGRAKNTEAFF	TRBV2	TRBJ1-1
CASSQAGRGLGEKLFF	TRBV3-1	TRBJ1-4
CASSRFVPGQGGGTDTQYF	TRBV5-5	TRBJ2-3
CASSKPGTGLSGGGYTF	TRBV19	TRBJ1-2
CASSSHDRDGGHSPLHF	TRBV7-9	TRBJ1-6
CASGSQGRGDTEAFF	TRBV12-5	TRBJ1-1
CSARDFRDPKTTEAFF	TRBV20-1	TRBJ1-1
CASSFRTVSSYEQYF	TRBV7-8	TRBJ2-7
CASSFVAGSSYNEQFF	TRBV11-2	TRBJ2-1
CASSLVSGSSYNEQFF	TRBV11-2	TRBJ2-1
CASSPNRNTEAFF	TRBV4-3	TRBJ1-1
CASSLREGPYPETQYF	TRBV7-9	TRBJ2-5
CASSLIGVGERDTQYF	TRBV7-9	TRBJ2-3
CSVGAGGNTIYF	TRBV29-1	TRBJ1-3
CASSFHDREGVGSPLHF	TRBV7-9	TRBJ1-6
CASSLSLSTSSNEQFF	TRBV27	TRBJ2-1
CASSFIGVGKTDEQYF	TRBV7-9	TRBJ2-7
CASSLGSGARELFF	TRBV27	TRBJ2-2
CASSLGVSNYEQYF	TRBV27	TRBJ2-7
CASSLSPSTVNTGELFF	TRBV27	TRBJ2-2
CASSEGLEIRMRSSYEQYF	TRBV2	TRBJ2-7
CASSLGGEPGELFF	TRBV27	TRBJ2-2
CASSFRQGSNTGELFF	TRBV7-9	TRBJ2-2
CASSTHDLQGPSSPLHF	TRBV7-9	TRBJ1-6
CASTITGRGVDEQYF	TRBV7-9	TRBJ2-7
CASSPDSTGPQETQYF	TRBV5-1	TRBJ2-5
CASSFQDGYNEQFF	TRBV7-9	TRBJ2-1
CASSPPMGADTQYF	TRBV7-9	TRBJ2-3
CASSIMDRGPGELFF	TRBV7-9	TRBJ2-2
CASSLHDRSGARTEAFF	TRBV7-9	TRBJ1-1
CASSYSHGELFF	TRBV6-2	TRBJ2-2
CATSDLTTGANTGELFF	TRBV24-1	TRBJ2-2
CSASGSSVRSTYEQYF	TRBV20-1	TRBJ2-7
CAISDWRQGGATAYEQYF	TRBV10-3	TRBJ2-7
CASRTGSGSYNEQFF	TRBV27	TRBJ2-1
CASSFHDRTGVSSPLHF	TRBV7-9	TRBJ1-6
CASSIHHRGSSSPLHF	TRBV7-9	TRBJ1-6
CASSTHDRSGVGSPLHF	TRBV7-9	TRBJ1-6
CASSLVGSGQGDEQFF	TRBV7-9	TRBJ2-1
CASSSAEEAGYLYGYTF	TRBV5-1	TRBJ1-2
CASSPEGLWPQHF	TRBV5-5	TRBJ1-5
CASSPDSPGAEREQYF	TRBV7-9	TRBJ2-7
CASSLAGDRPGTEAFF	TRBV7-9	TRBJ1-1
CASSLSFGFRGFGTEAFF	TRBV27	TRBJ1-1
CASSYQDLQGIRSPLHF	TRBV7-9	TRBJ1-6
CASSRGTPNEQFF	TRBV12-3	TRBJ2-1
CASSYHDLGGAGSPLHF	TRBV7-9	TRBJ1-6
CASSLYGNTEAFF	TRBV5-1	TRBJ1-1
CASSYSIRTEAFF	TRBV6-2	TRBJ1-1
CASSFLQGPSSGNTIYF	TRBV7-9	TRBJ1-3
CASRIGGAGNSPLHF	TRBV27	TRBJ1-6
CASSTHDLGGVGSPLHF	TRBV7-9	TRBJ1-6
CASSLIGESVRNEQFF	TRBV7-9	TRBJ2-1
CASRLGPGGPPDTQYF	TRBV27	TRBJ2-3
CASSGWEGELFF	TRBV27	TRBJ2-2
CASSSHDETGVGSPLHF	TRBV7-9	TRBJ1-6
CASSRKFTGVMNTEAFF	TRBV3-1	TRBJ1-1
CASSLVGVGLSDEQFF	TRBV7-9	TRBJ2-1
CASSLVGQGLSDEQFF	TRBV7-9	TRBJ2-1
CASSLGAAVGELFF	TRBV27	TRBJ2-2
CASSLLMGARYEQYF	TRBV7-9	TRBJ2-7
CASSQEPSASYEQYF	TRBV3-1	TRBJ2-7
CSARDPGSTYEQYF	TRBV20-1	TRBJ2-7
CASSSSRDRGYNYGYTF	TRBV5-1	TRBJ1-2
CASSQGYTDTQYF	TRBV4-2	TRBJ2-3
CATSSPAESTDTQYF	TRBV15	TRBJ2-3
CASTTLTGELFF	TRBV6-2	TRBJ2-2
CASSFLGSPNTGELFF	TRBV5-1	TRBJ2-2
CASSPTKVNNEQFF	TRBV27	TRBJ2-1
CASSHPPADTQYF	TRBV16	TRBJ2-3
CASSDMTSASDTQYF	TRBV10-2	TRBJ2-3
CASNPTGDFYEQYF	TRBV2	TRBJ2-7
CASSRKGGGMWTEAFF	TRBV12-4	TRBJ1-1
CATIPIRESTDTQYF	TRBV7-2	TRBJ2-3
CASSLAIGNTEAFF	TRBV5-4	TRBJ1-1
CASSGVGGQDEQYF	TRBV9	TRBJ2-7
CASSFSGGALYNEQFF	TRBV27	TRBJ2-1
CSADPGQGLGYGYTF	TRBV20-1	TRBJ1-2
CSARAELAADFISSYNEQFF	TRBV20-1	TRBJ2-1
CASSFQTGTGTYGYTF	TRBV6-5	TRBJ1-2
CSARREFGTSGGSSYNEQFF	TRBV20-1	TRBJ2-1
CASSPGTYEAFF	TRBV12-4	TRBJ1-1
CSALILASSSDTQYF	TRBV20-1	TRBJ2-3
CASSLELAGGPHEQFF	TRBV12-4	TRBJ2-1
CATSSPRTSSDEQFF	TRBV15	TRBJ2-1
CASSLVIGGMSYEQYF	TRBV27	TRBJ2-7
CASSLVGEGLPRAREQYF	TRBV7-9	TRBJ2-7
CASSLIGVSGSNEQFF	TRBV7-9	TRBJ2-1
CASSLGSGIYNEQFF	TRBV7-9	TRBJ2-1
CASSLDRSTGELFF	TRBV27	TRBJ2-2
CASSSLPGAAEAFF	TRBV6-2	TRBJ1-1
CAWSVWQMSSGANVLTF	TRBV30	TRBJ2-6
CASSGHYEQYF	TRBV14	TRBJ2-7
CASSFLNGGGTEAFF	TRBV28	TRBJ1-1
CASSLSPSTSNYGYTF	TRBV27	TRBJ1-2
CASSQEGLARDEQFF	TRBV4-1	TRBJ2-1
CSARRTGGSYEQYF	TRBV20-1	TRBJ2-7
CASTALWAGGDEQFF	TRBV4-2	TRBJ2-1
CASSLLAGGLRNEQFF	TRBV7-3	TRBJ2-1
CAWSVIASGRFPDTQYF	TRBV30	TRBJ2-3
CASSLVLADNEQFF	TRBV27	TRBJ2-1
CAWSVLLAERNEQFF	TRBV30	TRBJ2-1
CASSPLEPYLMNTEAFF	TRBV18	TRBJ1-1
CASSQVISVLSYNEQFF	TRBV4-3	TRBJ2-1
CASSPLLAGGPYEQYF	TRBV12-4	TRBJ2-7
CASSLDGGSTPYNEQFF	TRBV7-2	TRBJ2-1
CASSLDQNIQYF	TRBV2	TRBJ2-4
CASSLTTGGMVNEQFF	TRBV28	TRBJ2-1
CASSPQTGTGTYGYTF	TRBV6-5	TRBJ1-2
CASSAQTGAAYGYTF	TRBV6-5	TRBJ1-2
CASSLEVTGELFF	TRBV7-3	TRBJ2-2
CASSLGGGGVTEAFF	TRBV13	TRBJ1-1
CATTYGRMNTEAFF	TRBV24-1	TRBJ1-1
CASSLLATGGNGYTF	TRBV27	TRBJ1-2
CASSRQTGSIYGYTF	TRBV6-5	TRBJ1-2
CASSLVSGATYNEQFF	TRBV27	TRBJ2-1
CASSLMFTGVPQDTQYF	TRBV7-8	TRBJ2-3
CASSPTTGTAYGYTF	TRBV6-5	TRBJ1-2
CASSLSAGAPGAEAFF	TRBV27	TRBJ1-1
CASSPGSLYYGYTF	TRBV12-4	TRBJ1-2
CASSPITGTGIYGYTF	TRBV6-5	TRBJ1-2
CASSSTNGYTF	TRBV12-4	TRBJ1-2
CASSYATGTAYGYTF	TRBV6-5	TRBJ1-2
CASSLDRVTGELFF	TRBV27	TRBJ2-2
CASSLVTGTGWGYTF	TRBV6-5	TRBJ1-2
CAGSLVTGTGWGYTF	TRBV6-5	TRBJ1-2
CASSSVGEWHF	TRBV12-4	TRBJ1-5
CASSLDGVTGELFF	TRBV27	TRBJ2-2
CASRLQTGTIYGYTF	TRBV6-5	TRBJ1-2
CASSFSTGTAGGYTF	TRBV6-5	TRBJ1-2
CASRPQTGTIYGYTF	TRBV6-5	TRBJ1-2
CASSFTGIAETQYF	TRBV12-3	TRBJ2-5
CASSLRGPGLYNEQFF	TRBV5-1	TRBJ2-1
CASRSPRAGETQYF	TRBV12-3	TRBJ2-5
CASSFRGDTEAFF	TRBV12-4	TRBJ1-1
CASSLETGSNEQFF	TRBV5-1	TRBJ2-1
CASSWDRRAPSYNEQFF	TRBV5-6	TRBJ2-1
CASSSGGGEQYF	TRBV5-1	TRBJ2-7
CASSQGTSGGLSTDTQYF	TRBV4-3	TRBJ2-3
CASSSGTGDKETQYF	TRBV5-1	TRBJ2-5
CASNKGRYSGANVLTF	TRBV6-1	TRBJ2-6
CASSRGFGLRAGQRNQPQHF	TRBV6-2	TRBJ1-5
CASSLGPGSEAFF	TRBV5-1	TRBJ1-1
CASSYGTGGQETQYF	TRBV6-3	TRBJ2-5
CASRGRTQETQYF	TRBV7-9	TRBJ2-5
CASSNTGTSGGYEQFF	TRBV13	TRBJ2-1
CASSSYLTAPTDTQYF	TRBV12-3	TRBJ2-3
CASSFAYGYTF	TRBV12-4	TRBJ1-2
CASLKGGGTEAFF	TRBV30	TRBJ1-1
CASSLGLNYEQYF	TRBV28	TRBJ2-7
CATHSGNTGELFF	TRBV24-1	TRBJ2-2
CASSLSTSGDNEQFF	TRBV27	TRBJ2-1
CASSDFRDRGHNEKLFF	TRBV6-1	TRBJ1-4
CATFDGNTGELFF	TRBV24-1	TRBJ2-2
CASSQVGPGRANTEAFF	TRBV4-3	TRBJ1-1
CASSAAGGTGSGELFF	TRBV2	TRBJ2-2
CASSRNWVDTEAFF	TRBV5-6	TRBJ1-1
CASSSLWPELFF	TRBV5-6	TRBJ2-2
CASSPGDRRYSPLHF	TRBV7-9	TRBJ1-6
CASSSEGSGVQGEQYF	TRBV10-2	TRBJ2-7
CATENRGYSYNEQFF	TRBV19	TRBJ2-1
CATFSGNTGELFF	TRBV24-1	TRBJ2-2
CASNYYNEQFF	TRBV25-1	TRBJ2-1
CASRREGRVNEKLFF	TRBV28	TRBJ1-4
CASSLGLNHEQYF	TRBV28	TRBJ2-7
CASSSRGLPYEQYF	TRBV28	TRBJ2-7
CASRDRGLGQPQHF	TRBV12-4	TRBJ1-5
CASSARTPRPGSSYNEQFF	TRBV9	TRBJ2-1
CASSPPGGSGNTIYF	TRBV28	TRBJ1-3
CASSFPTGGLWPSDGQYF	TRBV28	TRBJ2-7
CAWSVASTGLNYEQYF	TRBV30	TRBJ2-7
CASSLAPSTEQYF	TRBV5-4	TRBJ2-7
CASSARTLRPGSSYNEQFF	TRBV9	TRBJ2-1
CASSLGPHDSTNYGYTF	TRBV28	TRBJ1-2
CASSFGVNTEAFF	TRBV12-3	TRBJ1-1
CASRPKSPLHF	TRBV5-4	TRBJ1-6
CASSLARRVNPRTDTQYF	TRBV7-9	TRBJ2-3
CASSLQGRGNQPQHF	TRBV6-5	TRBJ1-5
CASSPTGTGEAFF	TRBV5-6	TRBJ1-1
CASSQDRELAFF	TRBV12-4	TRBJ1-1
CAISEDSLHNSPLHF	TRBV10-3	TRBJ1-6
CASRAVSTDTQYF	TRBV7-9	TRBJ2-3
CASSFLRRQTQYF	TRBV7-8	TRBJ2-5
CASSLAGFGNTIYF	TRBV7-9	TRBJ1-3
CASSLDLGASTDTQYF	TRBV11-1	TRBJ2-3
CASSLGSHDSTNYGYTF	TRBV28	TRBJ1-2
CASSLLPPGQGRNQPQHF	TRBV27	TRBJ1-5
CASSLWPKLRYEQYF	TRBV28	TRBJ2-7
CASSPPTLEDSGANVLTF	TRBV12-4	TRBJ2-6
CASSQDWAGGLEQFF	TRBV4-1	TRBJ2-1
CASSQFGRNYEQYF	TRBV4-1	TRBJ2-7
CASSQGSAGNQPQHF	TRBV6-2	TRBJ1-5
CASSQVLAGEGTDTQYF	TRBV4-3	TRBJ2-3
CATSGRTGELFF	TRBV15	TRBJ2-2
CATSPTANTEAFF	TRBV15	TRBJ1-1
CAWGRNTEAFF	TRBV30	TRBJ1-1
CAWTVGNTEAFF	TRBV30	TRBJ1-1
CASSLAVQSDEQYF	TRBV5-1	TRBJ2-7
CASSPSGYNEQFF	TRBV5-1	TRBJ2-1
CASSPSGGVGTGELFF	TRBV9	TRBJ2-2
CASSLTVQSDEQYF	TRBV5-1	TRBJ2-7
CASSGRDNYNEQFF	TRBV7-9	TRBJ2-1
CASSTRDRGSEQFF	TRBV18	TRBJ2-1
CASSSTGGGGTEAFF	TRBV7-2	TRBJ1-1
CAISDPGHRFGEAFF	TRBV10-3	TRBJ1-1
CSARFSGQGTEAFF	TRBV20-1	TRBJ1-1
CASSSNQGATQYF	TRBV7-2	TRBJ2-3
CASINRGTDPYEQYF	TRBV13	TRBJ2-7
CASTPRDRSNYEQYF	TRBV27	TRBJ2-7
CASSFTLSPETQYF	TRBV7-2	TRBJ2-5
CASSQGQGAQNQPQHF	TRBV4-1	TRBJ1-5
CAGTGIRSAGELFF	TRBV30	TRBJ2-2
CASKPRDSGDTQYF	TRBV28	TRBJ2-3
CSARNPGLYEQYF	TRBV20-1	TRBJ2-7
CASSSIQGAAGELFF	TRBV7-2	TRBJ2-2
CASSQVSTGETQYF	TRBV14	TRBJ2-5
CASRGQVSSQETQYF	TRBV2	TRBJ2-5
CAIKGTVSTQETQYF	TRBV2	TRBJ2-5
CASSSTGGGGAEAFF	TRBV7-2	TRBJ1-1
CASDRGGNTGELFF	TRBV6-1	TRBJ2-2
CASSLDTDTQYF	TRBV5-1	TRBJ2-3
CASSPDRGRGYTF	TRBV28	TRBJ1-2
CASSLSSTRTDTQYF	TRBV7-2	TRBJ2-3
CASSLNSVGTEAFF	TRBV28	TRBJ1-1
CASSSDNAIGGGSYGYTF	TRBV28	TRBJ1-2
CASSLGAGGPSDTQYF	TRBV5-1	TRBJ2-3
CASSLGGLAPSTDTQYF	TRBV7-2	TRBJ2-3
CASSPGDEQFF	TRBV25-1	TRBJ2-1
CASTPGDEQFF	TRBV25-1	TRBJ2-1
CASSAGDEQYF	TRBV25-1	TRBJ2-7
CASSPGDEQYF	TRBV25-1	TRBJ2-7
CASTHGDEQFF	TRBV25-1	TRBJ2-1
CASTPGDEQYF	TRBV25-1	TRBJ2-7
CASTQGDEQFF	TRBV25-1	TRBJ2-1
CASTSGDEQFF	TRBV25-1	TRBJ2-1
CASTTGDEQFF	TRBV25-1	TRBJ2-1
CATSPGDEQYF	TRBV15	TRBJ2-7
CASTLGDEQYF	TRBV25-1	TRBJ2-7
CAVTAGDEQFF	TRBV25-1	TRBJ2-1
CASSPISNEQFF	TRBV28	TRBJ2-1
CASSPVSNEQFF	TRBV28	TRBJ2-1
CASSPISNEQYF	TRBV28	TRBJ2-7
CASSPGTPRDEQFF	TRBV6-1	TRBJ2-1
CASSQGTPRDEQYF	TRBV6-1	TRBJ2-7
CASSSGQKNTEAFF	TRBV6-1	TRBJ1-1
CASSTGQKNTEAFF	TRBV6-1	TRBJ1-1
CASTPGQKNTEAFF	TRBV6-1	TRBJ1-1
CASTTGQKNTEAFF	TRBV6-1	TRBJ1-1
CATTSGQKNTEAFF	TRBV6-1	TRBJ1-1
CASQPGQKNTEAFF	TRBV6-1	TRBJ1-1
CASSSGLTNTEAFF	TRBV6-1	TRBJ1-1
CSAPDWNNEQFF	TRBV20-1	TRBJ2-1
CSAPDWGNEQFF	TRBV20-1	TRBJ2-1
CSAPNWFNEQFF	TRBV20-1	TRBJ2-1
CSAPTWDNEQFF	TRBV20-1	TRBJ2-1
CASSFPDTQYF	TRBV28	TRBJ2-3
CASTPWGAEAFF	TRBV28	TRBJ1-1
CATSRTGGETQYF	TRBV15	TRBJ2-5
CATSREGGETQYF	TRBV15	TRBJ2-5
CATSAEGGETQYF	TRBV15	TRBJ2-5
CATSGTAGETQYF	TRBV15	TRBJ2-5
CATSRDAGETQYF	TRBV15	TRBJ2-5
CATSRDGGETQYF	TRBV15	TRBJ2-5
CATSRVAGETQYF	TRBV15	TRBJ2-5
CATSVTGGETQYF	TRBV15	TRBJ2-5
CASSGGLEAFF	TRBV6-2	TRBJ1-1
CASSLGLEAFF	TRBV6-2	TRBJ1-1
CASSPGRNTEAFF	TRBV4-3	TRBJ1-1
CASSFRTVNSYEQYF	TRBV7-8	TRBJ2-7
CASSLRTVSSYEQYF	TRBV7-8	TRBJ2-7
CASSLKGVSSYNEQFF	TRBV7-9	TRBJ2-1
CASSFRQGVNTGELFF	TRBV7-9	TRBJ2-2
CASSFRSGINTGELFF	TRBV7-9	TRBJ2-2
CASSFRQGTPTGELFF	TRBV7-9	TRBJ2-2
CASSSRGTVNTEAFF	TRBV7-2	TRBJ1-1
CASSLHTQGARTEAFF	TRBV7-9	TRBJ1-1
CASSLHSRGARTEAFF	TRBV7-9	TRBJ1-1
CASSLGVDFNYGYTF	TRBV5-6	TRBJ1-2
CSVTGTSYEQYF	TRBV29-1	TRBJ2-7
CATSSPGLASDEQFF	TRBV15	TRBJ2-1
CASSSPLLSSDTQYF	TRBV7-2	TRBJ2-3
CASSLSGGLWSYEQYF	TRBV27	TRBJ2-7
CSVVGRYYEQYF	TRBV29-1	TRBJ2-7
CATSGPSASYEQYF	TRBV24-1	TRBJ2-7
CASSFNGPNTEAFF	TRBV5-1	TRBJ1-1
CAISEFGLAGSDEQFF	TRBV10-3	TRBJ2-1
CASSLFDGTGSTEAFF	TRBV27	TRBJ1-1
CASSQGGSYNEQFF	TRBV27	TRBJ2-1
CASSLTQGANTEAFF	TRBV19	TRBJ1-1
CASSLYEEVLLSYNEQFF	TRBV11-2	TRBJ2-1
CASSPTPGQRNGYTF	TRBV4-1	TRBJ1-2
CASSLKPGLSIDTQYF	TRBV7-8	TRBJ2-3
CATSVPSGRSYNEQFF	TRBV24-1	TRBJ2-1
CASSRAGAYNEQFF	TRBV12-3	TRBJ2-1
CASSGVEGITVNTEAFF	TRBV2	TRBJ1-1
CASSRLAGADTQYF	TRBV7-2	TRBJ2-3
CASSHTGAEAFF	TRBV6-2	TRBJ1-1
CASSPTTAYEQYF	TRBV6-2	TRBJ2-7
CASSPALDAQYF	TRBV12-3	TRBJ2-3
CASSPDLGSTEAFF	TRBV11-3	TRBJ1-1
CASSLDLGSTEAFF	TRBV11-3	TRBJ1-1
CASSSGGVYEQYF	TRBV27	TRBJ2-7
CASSLTGSEAFF	TRBV6-2	TRBJ1-1
CASSLALDEQFF	TRBV12-3	TRBJ2-1
CSVMRTDFDQYF	TRBV29-1	TRBJ2-7
CASSYTGSEAFF	TRBV6-2	TRBJ1-1
CSVMRTDFQYF	TRBV29-1	TRBJ2-7
CASSGTGTEAFF	TRBV6-2	TRBJ1-1
CSVMRGEHDEQYF	TRBV29-1	TRBJ2-7
CASSYSTAGELFF	TRBV6-2	TRBJ2-2
CASSPGTEQFF	TRBV6-2	TRBJ2-1
CASSKTGTEAFF	TRBV6-2	TRBJ1-1
CASSYSTGQLQHF	TRBV6-2	TRBJ1-5
CASSPTGGELFF	TRBV6-2	TRBJ2-2
CASSVDGTGGALGNTIYF	TRBV9	TRBJ1-3
CAWSWGDSTNSPLHF	TRBV30	TRBJ1-6
CASSLVGGTGSVSYQFF	TRBV11-2	TRBJ2-1
CASSLLMATNEKLFF	TRBV28	TRBJ1-4
CASSYRANYEQYF	TRBV7-9	TRBJ2-7
CASSQAVASGGGRSEQFF	TRBV3-1	TRBJ2-1
CASVTGSTDTQYF	TRBV2	TRBJ2-3
CASSDGTAYEQYF	TRBV2	TRBJ2-7
CASSLARNQPQHF	TRBV4-1	TRBJ1-5
CASGGADMKTEAFF	TRBV19	TRBJ1-1
CASSPGGGKETQYF	TRBV7-6	TRBJ2-5
CASSQTQLWETQYF	TRBV7-2	TRBJ2-5
CASSLDPGSSGANVLTF	TRBV28	TRBJ2-6
CASSYSRQWNTEAFF	TRBV6-5	TRBJ1-1
CSVEGLYEQYF	TRBV29-1	TRBJ2-7
CASSKGTANTEAFF	TRBV7-8	TRBJ1-1
CASSYSEGTEAFF	TRBV6-5	TRBJ1-1
CASSVADNPYNEQFF	TRBV9	TRBJ2-1
CASSSVAGGFFSYEQYF	TRBV27	TRBJ2-7
CASSESGTANEQFF	TRBV10-1	TRBJ2-1
CSVEDSYYEQYF	TRBV29-1	TRBJ2-7
CSVEGEGGSYNEQFF	TRBV29-1	TRBJ2-1
CASSYELRTGVFDTQYF	TRBV6-5	TRBJ2-3
CASSTRDSNTGELFF	TRBV27	TRBJ2-2
CASSFLGKSYEQYF	TRBV6-2	TRBJ2-7
CASSVSRAGTGELFF	TRBV9	TRBJ2-2
CASETEGVRGGYTF	TRBV6-2	TRBJ1-2
CASSQVIDQETQYF	TRBV3-1	TRBJ2-5
CSVAGTVNEQFF	TRBV29-1	TRBJ2-1
CASSRWGQGTRGYTF	TRBV13	TRBJ1-2
CASSSLGGKNYGYTF	TRBV7-9	TRBJ1-2
CSVGPPEAFF	TRBV29-1	TRBJ1-1
CASSPQTGVGNYGYTF	TRBV6-5	TRBJ1-2
CASSLGPAYEQYF	TRBV6-6	TRBJ2-7
CASSSGTGHTGELFF	TRBV27	TRBJ2-2
CAWSVSDLAKNIQYF	TRBV30	TRBJ2-4
CASSYGPEAHNEQFF	TRBV19	TRBJ2-1
CASSFGGNEAFF	TRBV27	TRBJ1-1
CSARVEFGTSGQLSSYNEQFF	TRBV20-1	TRBJ2-1
CASSPSLGGNQPQHF	TRBV7-6	TRBJ1-5
CSATPWVGLSFSNQPQHF	TRBV20-1	TRBJ1-5
CASSHLLDRGQETQYF	TRBV4-3	TRBJ2-5
CASSFFVGAGVGETQYF	TRBV7-2	TRBJ2-5
CASSIGGTGGLPQHF	TRBV19	TRBJ1-5
CSASFSDTQYF	TRBV20-1	TRBJ2-3
CASTPGELAGGGETQYF	TRBV2	TRBJ2-5
CASSFVGGIDGYTF	TRBV12-3	TRBJ1-2
CASLIVPWGTSGTTDTQYF	TRBV12-3	TRBJ2-3
CATRRGEGQEKKQPQHF	TRBV15	TRBJ1-5
CSAREAWRGRTEAFF	TRBV20-1	TRBJ1-1
CASSLSPGQGDTQYF	TRBV27	TRBJ2-3
CASSQEAGGEQYF	TRBV4-1	TRBJ2-7
CASNIAGDYGYTF	TRBV6-6	TRBJ1-2
CAPRPGPRSTDTQYF	TRBV7-9	TRBJ2-3
CASSLGTNANTGELFF	TRBV7-9	TRBJ2-2
CASRWTGFSEQFF	TRBV19	TRBJ2-1
CASSLSLPAGGRETQYF	TRBV27	TRBJ2-5
CASSWSGTSYGYTF	TRBV7-9	TRBJ1-2
CASREPSGRADEQFF	TRBV12-3	TRBJ2-1
CSVEGVRKTNTGELFF	TRBV29-1	TRBJ2-2
CSVEDYSTGIISGNTIYF	TRBV29-1	TRBJ1-3
CASSPTGDNTGELFF	TRBV18	TRBJ2-2
CASTLAGGTDTQYF	TRBV27	TRBJ2-3
CASSPSMSTEAFF	TRBV4-2	TRBJ1-1
CASSSDRGLTYNQPQHF	TRBV6-2	TRBJ1-5
CASSYSRTANEKLFF	TRBV6-2	TRBJ1-4
CASSVTAGGPFLLYNSPLHF	TRBV3-1	TRBJ1-6
CASSNLPGTGEAFF	TRBV6-2	TRBJ1-1
CASTTGLAVMEQYF	TRBV12-3	TRBJ2-7
CASSLWDTGEQYF	TRBV5-1	TRBJ2-7
CASSLVWSSGGQETQYF	TRBV7-8	TRBJ2-5
CASSSRDKPQETQYF	TRBV6-5	TRBJ2-5
CSGKRDTSWTDTQYF	TRBV29-1	TRBJ2-3
CSARDLGGTAKNIQYF	TRBV20-1	TRBJ2-4
CASSEDHTGFYEQYF	TRBV6-1	TRBJ2-7
CASSSGWGVGAFF	TRBV12-3	TRBJ1-1
CSVDPDTNYGYTF	TRBV29-1	TRBJ1-2
CASSLTEAHGYTF	TRBV5-5	TRBJ1-2
CASREGYEQFF	TRBV7-3	TRBJ2-1
CSARDNLQARYGYTF	TRBV20-1	TRBJ1-2
CASRKGGSSYNEQFF	TRBV2	TRBJ2-1
CSARLAGDTGELFF	TRBV20-1	TRBJ2-2
CASSQFVYTSTDTQYF	TRBV4-1	TRBJ2-3
CASSPTTGASYGYTF	TRBV6-5	TRBJ1-2
CASSPLGGAGEDTQYF	TRBV9	TRBJ2-3
CASSLEGETQYF	TRBV28	TRBJ2-5
CATSRTSGRPSTDTQYF	TRBV15	TRBJ2-3
CSVETGGYNEQFF	TRBV29-1	TRBJ2-1
CSATWEQSGNGETQYF	TRBV20-1	TRBJ2-5
CSAKRPSSYNEQFF	TRBV20-1	TRBJ2-1
CASGFGNTEAFF	TRBV12-5	TRBJ1-1
CASSSDGGLWDTEAFF	TRBV11-2	TRBJ1-1
CASSFTGRSPLHF	TRBV5-8	TRBJ1-6
CASSPDREGTDTQYF	TRBV18	TRBJ2-3
CASSFGSGAPGELFF	TRBV27	TRBJ2-2
CASSQERWAEAFF	TRBV4-1	TRBJ1-1
CASSQGRGEQFF	TRBV4-1	TRBJ2-1
CASSRLYGNTGELFF	TRBV6-5	TRBJ2-2
CSVEAGEETQYF	TRBV29-1	TRBJ2-5
CSARPVQGINYGYTF	TRBV20-1	TRBJ1-2
CATTTGTESSNQPQHF	TRBV12-5	TRBJ1-5
CATSDLHRGDEQFF	TRBV24-1	TRBJ2-1
CASSLVGGGMGWEQFF	TRBV7-8	TRBJ2-1
CASSKGQGAYGYTF	TRBV12-3	TRBJ1-2
CASRTGYTEAFF	TRBV19	TRBJ1-1
CSARDYFADTQYF	TRBV20-1	TRBJ2-3
CASSLWVENYGYTF	TRBV12-3	TRBJ1-2
CSAREQRGYNEQFF	TRBV20-1	TRBJ2-1
CSVRTGTRSFSGELFF	TRBV29-1	TRBJ2-2
CAWSVLTAESGELFF	TRBV30	TRBJ2-2
CASSFSLPYEQYF	TRBV12-3	TRBJ2-7
CASSWIPGGSEAFF	TRBV6-2	TRBJ1-1
CASSVGLHGQPTNEKLFF	TRBV9	TRBJ1-4
CSARDIMNTGELFF	TRBV20-1	TRBJ2-2
CASSQGQGLNGYTF	TRBV4-2	TRBJ1-2
CASSLGPNTGELFF	TRBV11-2	TRBJ2-2
CASSQTGNQPQHF	TRBV18	TRBJ1-5
CASSTEETQYF	TRBV19	TRBJ2-5
CSGAPPYNEQFF	TRBV29-1	TRBJ2-1
CASSHEGAGANVLTF	TRBV3-1	TRBJ2-6
CASSLRGRVRETQYF	TRBV12-3	TRBJ2-5
CAWSIERELDEQFF	TRBV30	TRBJ2-1
CASSPSPSGDDEKLFF	TRBV12-3	TRBJ1-4
CASSPFPSGFTDTQYF	TRBV7-9	TRBJ2-3
CATSRGDTGELFF	TRBV15	TRBJ2-2
CASSIFGGQNQPQHF	TRBV19	TRBJ1-5
CASSLAGTPTDTQYF	TRBV19	TRBJ2-3
CASGGGGAEAFF	TRBV27	TRBJ1-1
CATLKQGAMDWETQYF	TRBV25-1	TRBJ2-5
CASSRRGTGELFF	TRBV28	TRBJ2-2
CASSPRGNYGYTF	TRBV6-5	TRBJ1-2
CASSLVIGDRGHSEQYF	TRBV5-6	TRBJ2-7
CASSDSSGYSGANVLTF	TRBV9	TRBJ2-6
CASSLMDTDTQYF	TRBV12-3	TRBJ2-3
CASSYSIGALEAFF	TRBV6-5	TRBJ1-1
CASSPWLTSGYTDTQYF	TRBV5-5	TRBJ2-3
CAISESPDMLMGNEQFF	TRBV10-3	TRBJ2-1
CASTKGGGELFF	TRBV27	TRBJ2-2
CASSLEWDRNQPQHF	TRBV7-8	TRBJ1-5
CASSHQTGQGETQYF	TRBV5-1	TRBJ2-5
CASSLGPIDEQFF	TRBV7-7	TRBJ2-1
CASGTGGNYNEQFF	TRBV12-3	TRBJ2-1
CASAGLAGADEQFF	TRBV6-4	TRBJ2-1
CASSPQTGTLSYGYTF	TRBV6-5	TRBJ1-2
CASSQWGSGANVLTF	TRBV14	TRBJ2-6
CAWSVWRRESGANVLTF	TRBV30	TRBJ2-6
CASSDTGQGVDTQYF	TRBV6-4	TRBJ2-3
CASSLAGGSDTQYF	TRBV7-8	TRBJ2-3
CASSTGHTDTQYF	TRBV7-9	TRBJ2-3
CASTTGANVLTF	TRBV27	TRBJ2-6
CASSLQTGAGAYGYTF	TRBV6-5	TRBJ1-2
CASSALLAGGPHYEQYF	TRBV7-9	TRBJ2-7
CASSLEVGRPDTEAFF	TRBV5-1	TRBJ1-1
CASSLGLGVNTEAFF	TRBV13	TRBJ1-1
CASSLGPYNQPQHF	TRBV27	TRBJ1-5
CAGGDRDTGELFF	TRBV7-9	TRBJ2-2
CSARVIDYLRGNEQFF	TRBV20-1	TRBJ2-1
CASSQTGQSRTSGSTDTQYF	TRBV28	TRBJ2-3
CASSWGQMNTGELFF	TRBV7-2	TRBJ2-2
CSARNDRGDLQMSEKLFF	TRBV20-1	TRBJ1-4
CSVDKGGPEAFF	TRBV29-1	TRBJ1-1
CSVLRGPEGDTQYF	TRBV29-1	TRBJ2-3
CAWTLAYFTDTQYF	TRBV30	TRBJ2-3
CAWTRSETQYF	TRBV30	TRBJ2-5
CASSLGIGDRGLGYTF	TRBV7-9	TRBJ1-2
CASSELGGAGTGELFF	TRBV9	TRBJ2-2
CASSPGRPSYGYTF	TRBV18	TRBJ1-2
CASSQARRGFEDTIYF	TRBV4-1	TRBJ1-3
CATRKRRGHLNTEAFF	TRBV5-1	TRBJ1-1
CASSYSGRFREQFF	TRBV5-6	TRBJ2-1
CASSGKGPEEVSTQYF	TRBV6-4	TRBJ2-3
CASSSRDGNNEQFF	TRBV7-8	TRBJ2-1
CASNSPGLLTDTQYF	TRBV27	TRBJ2-3
CASSPPGQNYGYTF	TRBV4-3	TRBJ1-2
CAISALAGVDEQFF	TRBV10-3	TRBJ2-1
CASSIALYNEQFF	TRBV19	TRBJ2-1
CASSSYRGLVSPLHF	TRBV27	TRBJ1-6
CASSLTGMNTEAFF	TRBV7-3	TRBJ1-1
CASSEAHNYEQYF	TRBV2	TRBJ2-7
CASSQWSSTGELFF	TRBV4-3	TRBJ2-2
CSVGKGDSPNEKLFF	TRBV29-1	TRBJ1-4
CASSLGGQKNTEAFF	TRBV5-1	TRBJ1-1
CSSSYSRQWNTEAFF	TRBV20-1	TRBJ1-1
CASSYNTEAFF	TRBV12-3	TRBJ1-1
CATSIGQSNTEAFF	TRBV15	TRBJ1-1
CASSPSGTVYGYTF	TRBV27	TRBJ1-2
CAWNPANSGNTIYF	TRBV30	TRBJ1-3
CASSLAGQGATDTQYF	TRBV5-6	TRBJ2-3
CASSLERSEAFF	TRBV7-9	TRBJ1-1
CASSVGALSQETQYF	TRBV9	TRBJ2-5
CASSLLQGGLNTGELFF	TRBV13	TRBJ2-2
CSARDLAAYNSPLHF	TRBV20-1	TRBJ1-6
CSVAFGRRRPEAFF	TRBV29-1	TRBJ1-1
CSVEDYGRVETQYF	TRBV29-1	TRBJ2-5
CASSLLGITDTQYF	TRBV7-6	TRBJ2-3
CASRTGHNEQFF	TRBV27	TRBJ2-1
CASSPGPWNEKLFF	TRBV12-3	TRBJ1-4
CASSLSRQPQHF	TRBV13	TRBJ1-5
CASSGGPGDNEQFF	TRBV2	TRBJ2-1
CSVESLDRGETQYF	TRBV29-1	TRBJ2-5
CASSQDHGQGAEKLFF	TRBV4-2	TRBJ1-4
CASSQGTGEAGELFF	TRBV4-2	TRBJ2-2
CASSSDVLPEQYF	TRBV5-4	TRBJ2-7
CSVVGGSGYEQYF	TRBV29-1	TRBJ2-7
CSANSLSWPGEQFF	TRBV20-1	TRBJ2-1
CASSLGTGDTGELFF	TRBV28	TRBJ2-2
CASSFGGGTDTQYF	TRBV7-9	TRBJ2-3
CASSQVGLRIYNEQFF	TRBV14	TRBJ2-1
CSARDLGYGLYNEQFF	TRBV20-1	TRBJ2-1
CSVEGQEGGYTF	TRBV29-1	TRBJ1-2
CSVVRGAYEQYF	TRBV29-1	TRBJ2-7
CASSQAGTGGYGYTF	TRBV3-1	TRBJ1-2
CASFISGGADDTQYF	TRBV6-1	TRBJ2-3
CASSLRQGARGYTF	TRBV12-3	TRBJ1-2
CASSDSGQGWIEKLFF	TRBV2	TRBJ1-4
CAWDSSGTGELFF	TRBV30	TRBJ2-2
CASSLGGGQGEGELFF	TRBV7-2	TRBJ2-2
CASSLLAGGTDTQYF	TRBV7-7	TRBJ2-3
CASSPGGDPDTQYF	TRBV9	TRBJ2-3
CASSLSSRDTGELFF	TRBV7-3	TRBJ2-2
CASSLLYGGGFQTQYF	TRBV27	TRBJ2-5
CASSQFELAGEETQYF	TRBV16	TRBJ2-5
CASSLEFGQGASSYEQYF	TRBV7-9	TRBJ2-7
CATAGGTSEYRTDTQYF	TRBV15	TRBJ2-3
CASLRGAEAFF	TRBV27	TRBJ1-1
CSARGQGTGELFF	TRBV20-1	TRBJ2-2
CSVAGGANYGYTF	TRBV29-1	TRBJ1-2
CASYYQGGANTGELFF	TRBV4-2	TRBJ2-2
CASSEASGSGANVLTF	TRBV6-1	TRBJ2-6
CASRTGAYEQYF	TRBV27	TRBJ2-7
CASSYLGQSFHYGYTF	TRBV6-5	TRBJ1-2
CASSSTRTWDTEAFF	TRBV7-8	TRBJ1-1
CASSQGGGGAEEQFF	TRBV12-3	TRBJ2-1
CASSLIPGPEQFF	TRBV7-3	TRBJ2-1
CASSESTDEKLFF	TRBV10-1	TRBJ1-4
CSARYRAGASGELFF	TRBV20-1	TRBJ2-2
CSASYGAGESQPQHF	TRBV20-1	TRBJ1-5
CSARGWETMNTEAFF	TRBV20-1	TRBJ1-1
CASKTLGSTEAFF	TRBV6-1	TRBJ1-1
CATSDLLEQYF	TRBV24-1	TRBJ2-7
CASSNDRELYEQYF	TRBV19	TRBJ2-7
CASSWDREVGLNTEAFF	TRBV19	TRBJ1-1
CASSLIVAGGYNEQFF	TRBV7-3	TRBJ2-1
CASRGAQGSVIHIQYF	TRBV7-9	TRBJ2-4
CASSVGTGPNLQETQYF	TRBV9	TRBJ2-5
CASSLSWGQETQYF	TRBV27	TRBJ2-5
CSVAQYGTSGLNEQFF	TRBV29-1	TRBJ2-1
CSARDLGGLNTEAFF	TRBV20-1	TRBJ1-1
CSGSLGETQYF	TRBV20-1	TRBJ2-5
CASSFGGQPQHF	TRBV27	TRBJ1-5
CASRLFETQYF	TRBV11-2	TRBJ2-5
CASKDALGETQYF	TRBV12-3	TRBJ2-5
CASSPPTVTYTDTQYF	TRBV18	TRBJ2-3
CSATSPGTGIWEAFF	TRBV20-1	TRBJ1-1
CASSDQSLGPDTEAFF	TRBV27	TRBJ1-1
CSVDWRADRGETQYF	TRBV29-1	TRBJ2-5
CSVEKGATEAFF	TRBV29-1	TRBJ1-1
CSVEVGSNQPQHF	TRBV29-1	TRBJ1-5
CSVSGVSYEQYF	TRBV29-1	TRBJ2-7
CASSQDREVFNEQFF	TRBV4-1	TRBJ2-1
CASTPEKSLGPGTQYF	TRBV6-6	TRBJ2-5
CASSLGTSGGNEQFF	TRBV7-6	TRBJ2-1
CASSFGHSEAFF	TRBV7-9	TRBJ1-1
CASSSSLEAFF	TRBV7-9	TRBJ1-1
CASSYRRTNYGYTF	TRBV27	TRBJ1-2
CASTDTTYEQYF	TRBV28	TRBJ2-7
CSVAAGGRGYTF	TRBV29-1	TRBJ1-2
CASSDTYTDTQYF	TRBV4-1	TRBJ2-3
CASSDSAGQGDTGELFF	TRBV6-4	TRBJ2-2
CASSVGGGNYNEQFF	TRBV9	TRBJ2-1
CASSREYTDTQYF	TRBV18	TRBJ2-3
CASSYQTGELFF	TRBV7-2	TRBJ2-2
CSVAETYEQYF	TRBV29-1	TRBJ2-7
CASSARGGGITDTQYF	TRBV27	TRBJ2-3
CAISEEGGADEKLFF	TRBV10-3	TRBJ1-4
CATTPLIAGAHEQYF	TRBV27	TRBJ2-7
CASSLARGNNEQFF	TRBV7-9	TRBJ2-1
CATSDGRSGFLNTGELFF	TRBV24-1	TRBJ2-2
CSVGDGNTEAFF	TRBV29-1	TRBJ1-1
CSVGNEQFF	TRBV29-1	TRBJ2-1
CSVQRGQSYEQYF	TRBV29-1	TRBJ2-7
CASSDGYTGELFF	TRBV9	TRBJ2-2
CASSLTSGGHSSYNEQFF	TRBV14	TRBJ2-1
CSARDLAGWNSPLHF	TRBV20-1	TRBJ1-6
CASRPGQGDTQYF	TRBV6-6	TRBJ2-3
CSARTGFGGAEETQYF	TRBV20-1	TRBJ2-5
CASSEYGGPNSPLHF	TRBV25-1	TRBJ1-6
CATSRDYRDRGAWRWEKLFF	TRBV15	TRBJ1-4
CSAREGTDFYEQYF	TRBV20-1	TRBJ2-7
CSVDGSLAGRSYEQYF	TRBV29-1	TRBJ2-7
CSVDHLSRGVAEAFF	TRBV29-1	TRBJ1-1
CSVGDGNTGELFF	TRBV29-1	TRBJ2-2
CSVGLRQGNTEAFF	TRBV29-1	TRBJ1-1
CASANSVNEQFF	TRBV5-1	TRBJ2-1
CASSDGGGTTGELFF	TRBV6-4	TRBJ2-2
CAINAGDTGELFF	TRBV10-3	TRBJ2-2
CASSLERLAWDIQYF	TRBV11-2	TRBJ2-4
CASSATGTGELFF	TRBV9	TRBJ2-2
CATSSQRGLASYEQYF	TRBV15	TRBJ2-7
CASSYGQGLYGYTF	TRBV6-5	TRBJ1-2
CSVWRDNYNEQFF	TRBV29-1	TRBJ2-1
CASSIGSAMGDIQYF	TRBV9	TRBJ2-4
CASSLNYEQYF	TRBV11-2	TRBJ2-7
CSARDGTGNGYTF	TRBV20-1	TRBJ1-2
CASSQDAQGVLKRFF	TRBV4-1	TRBJ2-1
CASSSEQTFYGYTF	TRBV11-1	TRBJ1-2
CSATLTTTGWEKLFF	TRBV29-1	TRBJ1-4
CASSSGQGGDTQYF	TRBV5-1	TRBJ2-3
CASSVTGGFTDTQYF	TRBV5-1	TRBJ2-3
CASSTGTGGIGGNTIYF	TRBV5-4	TRBJ1-3
CASSYSEGTKAFF	TRBV6-5	TRBJ1-1
CASMSFSSGANVLTF	TRBV7-9	TRBJ2-6
CAISLKTSGETQYF	TRBV10-3	TRBJ2-5
CASSSGGDSNQPQHF	TRBV11-2	TRBJ1-5
CATSRDPGGAYEQYF	TRBV15	TRBJ2-7
CATSDFTAAEGYTF	TRBV24-1	TRBJ1-2
CASSKGGVVNTEAFF	TRBV25-1	TRBJ1-1
CSVEDLKGAEAFF	TRBV29-1	TRBJ1-1
CSVEHDTEAFF	TRBV29-1	TRBJ1-1
CSVLGVTSTDTQYF	TRBV29-1	TRBJ2-3
CSVPGISYYEQYF	TRBV29-1	TRBJ2-7
CSVTHRGGEQYF	TRBV29-1	TRBJ2-7
CAFDKSNEKLFF	TRBV30	TRBJ1-4
CASPGPYEKLFF	TRBV30	TRBJ1-4
CAWSEAWTRHTIYF	TRBV30	TRBJ1-3
CAWSVRGHNTGELFF	TRBV30	TRBJ2-2
CASSPRQDEQFF	TRBV4-1	TRBJ2-1
CASSQDLKETQYF	TRBV4-1	TRBJ2-5
CASSQAPGTGDGYTF	TRBV4-3	TRBJ1-2
CASSLERNEQFF	TRBV11-2	TRBJ2-1
CASNSGNTIYF	TRBV6-6	TRBJ1-3
CASSYSKGPSSGANVLTF	TRBV6-6	TRBJ2-6
CASSFYFTEAPYNEQFF	TRBV7-8	TRBJ2-1
CSARDVETKNTGELFF	TRBV20-1	TRBJ2-2
CSVGQTYEQYF	TRBV29-1	TRBJ2-7
CASSLEASGSSYNEQFF	TRBV5-1	TRBJ2-1
CASSPPGVRSLLQETQYF	TRBV5-1	TRBJ2-5
CASSGGSTDTQYF	TRBV9	TRBJ2-3
CASSAFPCREGRNNEQFF	TRBV6-1	TRBJ2-1
CASSFAQGTYEQYF	TRBV5-6	TRBJ2-7
CASSYLAGGTTDTQYF	TRBV6-5	TRBJ2-3
CASSSRTGWDSPLHF	TRBV9	TRBJ1-6
CASSQAGGAYGYTF	TRBV27	TRBJ1-2
CSARGTANTEAFF	TRBV20-1	TRBJ1-1
CAISESVQGLAKNIQYF	TRBV10-3	TRBJ2-4
CASRDRTSGYNEQFF	TRBV13	TRBJ2-1
CSARGAGIGNTIYF	TRBV20-1	TRBJ1-3
CASSQEPGLAAYEQYF	TRBV4-1	TRBJ2-7
CASSLNRGQFF	TRBV7-9	TRBJ2-1
CASSFLGHGRVGELFF	TRBV28	TRBJ2-2
CASSPGSHFYGYTF	TRBV12-3	TRBJ1-2
CASSLIGTGYTGELFF	TRBV27	TRBJ2-2
CSARTSGRVGEQFF	TRBV20-1	TRBJ2-1
CAISGLTGSPDTQYF	TRBV10-3	TRBJ2-3
CAREGGNYGYTF	TRBV2	TRBJ1-2
CASSLLVGSGANVLTF	TRBV27	TRBJ2-6
CASSKLGGAGTGELFF	TRBV9	TRBJ2-2
CASRLLAGGSSIQYF	TRBV27	TRBJ2-4
CASSRRTAGLNTEAFF	TRBV7-8	TRBJ1-1
CASSEGNRGETQYF	TRBV25-1	TRBJ2-5
CASRPGRLNEKLFF	TRBV6-5	TRBJ1-4
CASLQGRTEAFF	TRBV19	TRBJ1-1
CASSIEGAYSYEQYF	TRBV19	TRBJ2-7
CASTRTSGRRSGELFF	TRBV28	TRBJ2-2
CSVATGRGELFF	TRBV29-1	TRBJ2-2
CASSLEGGTEAFF	TRBV5-1	TRBJ1-1
CASSLAGGGTGELFF	TRBV7-7	TRBJ2-2
CASSFDPDRGLEGYTF	TRBV5-1	TRBJ1-2
CASSNEGGGRGGYTF	TRBV7-9	TRBJ1-2
CASSLAGEQYF	TRBV11-2	TRBJ2-7
CSAKGRAKNIQYF	TRBV20-1	TRBJ2-4
CSARDFEITGELFF	TRBV20-1	TRBJ2-2
CSVTGEERTGELFF	TRBV29-1	TRBJ2-2
CASSQDGNRYNEQFF	TRBV4-3	TRBJ2-1
CASRTLSGTLAGELFF	TRBV5-4	TRBJ2-2
CSASPKGAIYNEQFF	TRBV20-1	TRBJ2-1
CASSEPPRRGGPNEKLFF	TRBV27	TRBJ1-4
CANFRTGGLFF	TRBV6-4	TRBJ2-2
CASSLPGGKVSGANVLTF	TRBV12-3	TRBJ2-6
CASSSDSSYEQYF	TRBV7-3	TRBJ2-7
CASSVDISTDTQYF	TRBV9	TRBJ2-3
CASDTFAGELFF	TRBV30	TRBJ2-2
CSVGLAGVNEQFF	TRBV29-1	TRBJ2-1
CASSRLYGNTRELFF	TRBV6-5	TRBJ2-2
CASSFAPGTANTGELFF	TRBV28	TRBJ2-2
CASSLLAGANEQYF	TRBV27	TRBJ2-7
CASSHRTSSGYQETQYF	TRBV3-1	TRBJ2-5
CASSLGRVDEQYF	TRBV5-1	TRBJ2-7
CASRHDRGEQFF	TRBV6-5	TRBJ2-1
CASSQEPGYGYTF	TRBV14	TRBJ1-2
CASSGIGRSKETQYF	TRBV25-1	TRBJ2-5
CASSSGTSGGSTDTQYF	TRBV9	TRBJ2-3
CSARTGDLQYF	TRBV20-1	TRBJ2-4
CAWSLRDAGELFF	TRBV30	TRBJ2-2
CASSLNIYEQYF	TRBV28	TRBJ2-7
CASSVFLLGTGELFF	TRBV9	TRBJ2-2
CSARGTGTSYEQYF	TRBV20-1	TRBJ2-7
CASSSPVAEYNSPLHF	TRBV7-9	TRBJ1-6
CAWQTGVSTGELFF	TRBV30	TRBJ2-2
CASSLVGEYTGANVLTF	TRBV5-4	TRBJ2-6
CASSIDGGDGYTF	TRBV5-6	TRBJ1-2
CASSGTVNYGYTF	TRBV6-5	TRBJ1-2
CSASPGQNSFTEAFF	TRBV20-1	TRBJ1-1
CASRLLAGPSYEQYF	TRBV6-6	TRBJ2-7
CASSFDQGTGGFRETQYF	TRBV7-9	TRBJ2-5
CASSQDSRGSGNTIYF	TRBV4-3	TRBJ1-3
CASSLGTYEQYF	TRBV5-1	TRBJ2-7
CASSLERYEQYF	TRBV11-2	TRBJ2-7
CASSLTYGYEQYF	TRBV7-3	TRBJ2-7
CASSFAGLNYGYTF	TRBV12-3	TRBJ1-2
CAISAGAEAHEQYF	TRBV10-3	TRBJ2-7
CASSFSGDYEQYF	TRBV11-2	TRBJ2-7
CASSYLRGSPLHF	TRBV11-3	TRBJ1-6
CASSLNSLYGYTF	TRBV12-3	TRBJ1-2
CASSLSGTGGTDTQYF	TRBV12-3	TRBJ2-3
CATSLTSGGRNEQFF	TRBV15	TRBJ2-1
CATSRDRGGGTQETQYF	TRBV15	TRBJ2-5
CATSVPRGEQYF	TRBV15	TRBJ2-7
CASHDRGNQPQHF	TRBV2	TRBJ1-5
CASSSRDGTYEQYF	TRBV2	TRBJ2-7
CSAWDRRLNTEAFF	TRBV20-1	TRBJ1-1
CATSVRAGGQKVNEQFF	TRBV24-1	TRBJ2-1
CASSSTYPQSTDTQYF	TRBV27	TRBJ2-3
CSVDSGGYQETQYF	TRBV29-1	TRBJ2-5
CSVEELAGDTDTQYF	TRBV29-1	TRBJ2-3
CSVGGSGGADTQYF	TRBV29-1	TRBJ2-3
CAWSVRESDGYTF	TRBV30	TRBJ1-2
CASSQDGTGINIQYF	TRBV4-1	TRBJ2-4
CASSQEKGPGNQPQHF	TRBV4-1	TRBJ1-5
CASSQWVGTDLQETQYF	TRBV4-1	TRBJ2-5
CASCPLWEGGYTF	TRBV4-3	TRBJ1-2
CASSYLGEWNTEAFF	TRBV5-4	TRBJ1-1
CASSTAAYEQYF	TRBV6-2	TRBJ2-7
CASSLGPPYGYTF	TRBV6-5	TRBJ1-2
CASSTSNEQFF	TRBV6-5	TRBJ2-1
CASIHGPSRDTGELFF	TRBV6-6	TRBJ2-2
CASSYSGGEASPLHF	TRBV6-6	TRBJ1-6
CASIVPENYGYTF	TRBV7-2	TRBJ1-2
CASSSGPYNEQFF	TRBV7-6	TRBJ2-1
CASQDREGRGYTF	TRBV7-9	TRBJ1-2
CASSLDRGEQFF	TRBV7-9	TRBJ2-1
CSANTLAGYNEQFF	TRBV20-1	TRBJ2-1
CSDPSCRRKSGANVLTF	TRBV29-1	TRBJ2-6
CSASGTGSNYGYTF	TRBV20-1	TRBJ1-2
CSVLGTEKNTGELFF	TRBV29-1	TRBJ2-2
CASRPLGGSYNEQFF	TRBV5-6	TRBJ2-1
CSARGVAGGRYEQFF	TRBV20-1	TRBJ2-1
CSGGRASSNEQFF	TRBV29-1	TRBJ2-1
CASSLLFGNYNSPLHF	TRBV28	TRBJ1-6
CSAPTSGFYNEQFF	TRBV20-1	TRBJ2-1
CASSSKGMDDIQYF	TRBV27	TRBJ2-4
CSVDTDGLSGANVLTF	TRBV29-1	TRBJ2-6
CASSLAGGYEQYF	TRBV5-1	TRBJ2-7
CASSDRGKQYYEQYF	TRBV19	TRBJ2-7
CATSDLPGGRETQYF	TRBV24-1	TRBJ2-5
CAWSLWGSLNTEAFF	TRBV30	TRBJ1-1
CAWSPRDRFTDTQYF	TRBV30	TRBJ2-3
CASSGVGNEPYNEQFF	TRBV5-1	TRBJ2-1
CASFGEVQGAVEEQYF	TRBV2	TRBJ2-7
CASSLGSFYEQYF	TRBV27	TRBJ2-7
CASSQPSGKTQYF	TRBV4-1	TRBJ2-5
CASSSTGNYGYTF	TRBV12-3	TRBJ1-2
CASSFTGTQYF	TRBV28	TRBJ2-5
CASSQDLGGVMNTEAFF	TRBV4-3	TRBJ1-1
CASGRGYTGELFF	TRBV19	TRBJ2-2
CSARDLASSYNEQFF	TRBV20-1	TRBJ2-1
CSARQGGLAKNIQYF	TRBV20-1	TRBJ2-4
CSATPGGSGYTF	TRBV20-1	TRBJ1-2
CASSSQRTNFYGYTF	TRBV25-1	TRBJ1-2
CASSLGDDNSPLHF	TRBV28	TRBJ1-6
CSAPLTGNEQFF	TRBV29-1	TRBJ2-1
CSGTGGDDYGYTF	TRBV29-1	TRBJ1-2
CSSRTSGDNEQFF	TRBV29-1	TRBJ2-1
CSVERDTEAFF	TRBV29-1	TRBJ1-1
CSVLPGLVYNEQFF	TRBV29-1	TRBJ2-1
CASSQVQSSYNEQFF	TRBV4-1	TRBJ2-1
CASSFFPNTEAFF	TRBV5-1	TRBJ1-1
CASSFYRRELFF	TRBV7-9	TRBJ2-2
CSARGTIDRDPNSPLHF	TRBV20-1	TRBJ1-6
CASSLESAGHSNTEAFF	TRBV7-2	TRBJ1-1
CAIASGTVRGNTIYF	TRBV10-3	TRBJ1-3
CASSGGTGELFF	TRBV6-4	TRBJ2-2
CASSLSGELFF	TRBV7-6	TRBJ2-2
CASSLDYEQFF	TRBV5-1	TRBJ2-1
CASSLTYGYTF	TRBV11-2	TRBJ1-2
CASSQGSGSTDTQYF	TRBV14	TRBJ2-3
CATRQETNEKLFF	TRBV15	TRBJ1-4
CSAAGTSGRTDTQYF	TRBV20-1	TRBJ2-3
CSARNYRGGTGELFF	TRBV20-1	TRBJ2-2
CASSPGQGASETQYF	TRBV6-4	TRBJ2-5
CASSPEGNLYGYTF	TRBV12-3	TRBJ1-2
CATSGFPDTQYF	TRBV15	TRBJ2-3
CSAGTANYGYTF	TRBV20-1	TRBJ1-2
CASSVFGNPGAGANVLTF	TRBV9	TRBJ2-6
CSARGLSDSTHQPQHF	TRBV20-1	TRBJ1-5
CSARLLGSGDQETQYF	TRBV20-1	TRBJ2-5
CASSPGNRGETQYF	TRBV25-1	TRBJ2-5
CASSYRGLDNEQFF	TRBV5-1	TRBJ2-1
CASSLIGQGDPTDTQYF	TRBV7-9	TRBJ2-3
CSARKELGADTSPTYNEQFF	TRBV20-1	TRBJ2-1
CASSSGLAGVVGYEQFF	TRBV13	TRBJ2-1
CASSRDRVTDTQYF	TRBV4-3	TRBJ2-3
CASSPPRAENTIYF	TRBV28	TRBJ1-3
CASSLSGEQYF	TRBV25-1	TRBJ2-7
CASSEAARATGELFF	TRBV6-1	TRBJ2-2
CASTAGQGDYEQYF	TRBV7-9	TRBJ2-7
CSAIKYDTGELFF	TRBV20-1	TRBJ2-2
CSARDKRTGELFF	TRBV20-1	TRBJ2-2
CASSQAEKTGELFF	TRBV3-1	TRBJ2-2
CASSHGGGQNTEAFF	TRBV4-1	TRBJ1-1
CASSPRDGQETQYF	TRBV7-6	TRBJ2-5
CASGRGDGPQHF	TRBV9	TRBJ1-5
CATSRDRYNEQFF	TRBV15	TRBJ2-1
CASSTTVNTEAFF	TRBV19	TRBJ1-1
CASSPQGVGYNQPQHF	TRBV27	TRBJ1-5
CSFIPGHSYEQYF	TRBV29-1	TRBJ2-7
CASSQVLQGNTGELFF	TRBV4-3	TRBJ2-2
CASSLDRGEQYF	TRBV7-9	TRBJ2-7
CASQREGINTQYF	TRBV28	TRBJ2-3
CASSLSGRDYGYTF	TRBV5-1	TRBJ1-2
CASSLLVSSSYNEQFF	TRBV7-2	TRBJ2-1
CASSGINNEQFF	TRBV11-1	TRBJ2-1
CASSLPRFPYEQYF	TRBV11-2	TRBJ2-7
CASSLTYGQYF	TRBV11-2	TRBJ2-7
CSAPRLAGPYEQYF	TRBV20-1	TRBJ2-7
CSATQGWLTGELFF	TRBV20-1	TRBJ2-2
CASSYFLAQTGINTGELFF	TRBV6-5	TRBJ2-2
CASSKGQANTGELFF	TRBV2	TRBJ2-2
CASRSWTGEADTQYF	TRBV27	TRBJ2-3
CSVDLRYTGELFF	TRBV29-1	TRBJ2-2
CASSQVAREDEKLFF	TRBV4-1	TRBJ1-4
CASRYSDTQYF	TRBV6-2	TRBJ2-3
CSARDGIESNEQFF	TRBV20-1	TRBJ2-1
CASSSFLTYEQYF	TRBV27	TRBJ2-7
CASSFEGVGNTIYF	TRBV5-1	TRBJ1-3
CASSWTGTSVGPEETQYF	TRBV7-9	TRBJ2-5
CASSDPSGFVNEAFF	TRBV25-1	TRBJ1-1
CASEGLRYEQYF	TRBV6-2	TRBJ2-7
CSARPGQGIYEQYF	TRBV20-1	TRBJ2-7
CASSSRGGNNEQFF	TRBV4-1	TRBJ2-1
CAISPLGTQIFSGNTIYF	TRBV10-3	TRBJ1-3
CASSISGTEQFF	TRBV12-3	TRBJ2-1
CSAKDSFGPYEQYF	TRBV20-1	TRBJ2-7
CASSPGGNTQYF	TRBV3-1	TRBJ2-3
CASSSSRSSYEQYF	TRBV11-1	TRBJ2-7
CASSPGLNTGELFF	TRBV4-3	TRBJ2-2
CASSLESRGSGVTDTQYF	TRBV11-2	TRBJ2-3
CSAPFVTGRSGELFF	TRBV20-1	TRBJ2-2
CASSWGGQVAFF	TRBV27	TRBJ1-1
CSVTFETGHTQYF	TRBV29-1	TRBJ2-3
CASSFDYTGELFF	TRBV27	TRBJ2-2
CASTLAEGTDTQYF	TRBV28	TRBJ2-3
CASSLARVTGELFF	TRBV12-3	TRBJ2-2
CASSSQGGLNEQFF	TRBV12-3	TRBJ2-1
CASSPGRENTEAFF	TRBV9	TRBJ1-1
CASSPQTDTQYF	TRBV9	TRBJ2-3
CASSFIDLSGAGGYTF	TRBV28	TRBJ1-2
CASSYTWDEQYF	TRBV6-6	TRBJ2-7
CASSSPDVRTDTQYF	TRBV7-9	TRBJ2-3
CATRDLTAGELFF	TRBV10-3	TRBJ2-2
CSVEEGLSFGEQFF	TRBV29-1	TRBJ2-1
CASRLSGGAADTQYF	TRBV4-1	TRBJ2-3
CASSERTTSGEKLFF	TRBV6-1	TRBJ1-4
CASSLTTGLEKLFF	TRBV7-9	TRBJ1-4
CASSFRDPYYNEQFF	TRBV12-3	TRBJ2-1
CASSPHQHEQYF	TRBV11-2	TRBJ2-7
CASPPDLASTDTQYF	TRBV12-3	TRBJ2-3
CASSYSVAPEQFF	TRBV12-3	TRBJ2-1
CASRTGDNEQYF	TRBV27	TRBJ2-7
CASSHQAGEVNEQFF	TRBV4-2	TRBJ2-1
CASSVEQGAPTVETQYF	TRBV9	TRBJ2-5
CASSLAGGRDEQFF	TRBV9	TRBJ2-1
CASSPLATGAYGYTF	TRBV28	TRBJ1-2
CASTERVAKNIQYF	TRBV25-1	TRBJ2-4
CASSPDGSGANVLTF	TRBV5-1	TRBJ2-6
CASSPEPGLLNQPQHF	TRBV5-1	TRBJ1-5
CASSPDRGHGYTF	TRBV12-3	TRBJ1-2
CASSTGSGELFF	TRBV12-3	TRBJ2-2
CASTPSSGIGYNEQFF	TRBV12-3	TRBJ2-1
CSARLDLAFGQYF	TRBV20-1	TRBJ2-7
CASRTGGQPQHF	TRBV27	TRBJ1-5
CASSQEVSAGLREGYTF	TRBV4-2	TRBJ1-2
CASSLERGLDTQYF	TRBV5-1	TRBJ2-3
CASSSDGTSGLDEQFF	TRBV5-1	TRBJ2-1
CASSVRVTGELFF	TRBV10-2	TRBJ2-2
CAISVGTGYEQYF	TRBV10-3	TRBJ2-7
CSVEGVTGPANEQFF	TRBV29-1	TRBJ2-1
CSVTRQASTDTQYF	TRBV29-1	TRBJ2-3
CASSRTSGGATDTQYF	TRBV6-2	TRBJ2-3
CASTSGTGLSNQPQHF	TRBV7-2	TRBJ1-5
CASSHGGAYEQYF	TRBV7-9	TRBJ2-7
CASSSRDLEAFF	TRBV12-3	TRBJ1-1
CATSRSGQGYTLGQPQHF	TRBV15	TRBJ1-5
CSARDYKTGVDYGYTF	TRBV20-1	TRBJ1-2
CSGTDYYEQYF	TRBV20-1	TRBJ2-7
CATSDPRDRAFYGYTF	TRBV24-1	TRBJ1-2
CASRIQGYNEQFF	TRBV28	TRBJ2-1
CASSGQGSPEAFF	TRBV28	TRBJ1-1
CASSLFQGPSGNSGNTIYF	TRBV28	TRBJ1-3
CSGGFEYGYTF	TRBV29-1	TRBJ1-2
CSVDEGLAGGEQFF	TRBV29-1	TRBJ2-1
CASSLLSGGQEKLFF	TRBV5-6	TRBJ1-4
CASSYQTGAVYGYTF	TRBV6-5	TRBJ1-2
CASSLANLVEETQYF	TRBV7-2	TRBJ2-5
CASSPVRKARYEQYF	TRBV18	TRBJ2-7
CSARPRTSGPYNEQFF	TRBV20-1	TRBJ2-1
CASRGSVGLAKKLFF	TRBV27	TRBJ1-4
CASSLFQATSGGVDTQYF	TRBV28	TRBJ2-3
CASSRTPTAQQEETQYF	TRBV28	TRBJ2-5
CASRSGTGSPETQYF	TRBV6-6	TRBJ2-5
CSVERTSIYNEQFF	TRBV29-1	TRBJ2-1
CASSSGLAGRTSYYNEQFF	TRBV5-5	TRBJ2-1
CASSFEGIYEQYF	TRBV5-6	TRBJ2-7
CASRWRGEGYGYTF	TRBV13	TRBJ1-2
CASSQVGYYGYTF	TRBV14	TRBJ1-2
CSARGDRSYEQYF	TRBV20-1	TRBJ2-7
CASSPSGVSYNEQFF	TRBV27	TRBJ2-1
CASSLLLSGELFF	TRBV28	TRBJ2-2
CASSGTGWEETQYF	TRBV7-6	TRBJ2-5
CASSITGGAPLAGELFF	TRBV19	TRBJ2-2
CSACLNLCHF	TRBV20-1	TRBJ1-6
CSARDLIGAGANVLTF	TRBV20-1	TRBJ2-6
CSVTGPDYLGQYF	TRBV20-1	TRBJ2-7
CASSPLKNIQYF	TRBV14	TRBJ2-4
CATSREESGPYNEQFF	TRBV15	TRBJ2-1
CSAKTPNYGYTF	TRBV20-1	TRBJ1-2
CSAVEREVTDTQYF	TRBV20-1	TRBJ2-3
CASSPGTDMNTEAFF	TRBV28	TRBJ1-1
CSAGQENYGYTF	TRBV29-1	TRBJ1-2
CSVEGAPNTYNEQFF	TRBV29-1	TRBJ2-1
CSVETSGNREQFF	TRBV29-1	TRBJ2-1
CSVEVGVVSETQYF	TRBV29-1	TRBJ2-5
CSVGFNQPQHF	TRBV29-1	TRBJ1-5
CSVQGPSPEAFF	TRBV29-1	TRBJ1-1
CASSQGDSSYEQYF	TRBV3-1	TRBJ2-7
CASSGDGYEQYF	TRBV5-1	TRBJ2-7
CASSLRTRELFF	TRBV5-1	TRBJ2-2
CASSDGTGGSPLHF	TRBV6-4	TRBJ1-6
CASSVAGGGLNEQFF	TRBV6-4	TRBJ2-1
CASSYYSGGGSAFF	TRBV6-5	TRBJ1-1
CASSLGQALTDTQYF	TRBV5-1	TRBJ2-3
CASSIGTASYNEQFF	TRBV19	TRBJ2-1
CSAGGNHYEQYF	TRBV20-1	TRBJ2-7
CASTPWGVGNTIYF	TRBV6-6	TRBJ1-3
CASSPPSGSYEQYF	TRBV7-9	TRBJ2-7
CASSGGGLPLSSGNTIYF	TRBV9	TRBJ1-3
CASRDSLNEKLFF	TRBV12-3	TRBJ1-4
CASTSTGSGAKNIQYF	TRBV12-3	TRBJ2-4
CASSLGLYEQYF	TRBV13	TRBJ2-7
CASRADTEAFF	TRBV19	TRBJ1-1
CSAMGYEGTADLTDTQYF	TRBV20-1	TRBJ2-3
CSARTSGPPDTQYF	TRBV20-1	TRBJ2-3
CASSPLAGISSYEQYF	TRBV27	TRBJ2-7
CASSPTDTQYF	TRBV4-3	TRBJ2-3
CASSLIRENQPQHF	TRBV5-6	TRBJ1-5
CASSEDLRTEAFF	TRBV6-5	TRBJ1-1
CASSVAAGGPDEQFF	TRBV9	TRBJ2-1
CSAQTGGRAETQYF	TRBV20-1	TRBJ2-5
CASSLDTGMTEAFF	TRBV28	TRBJ1-1
CASSLLASGSSYNEQFF	TRBV5-1	TRBJ2-1
CASSEESGAAETQYF	TRBV6-1	TRBJ2-5
CASSQTGGLNQPQHF	TRBV9	TRBJ1-5
CASSQGTGMENTIYF	TRBV4-3	TRBJ1-3
CACFENYGYTF	TRBV30	TRBJ1-2
CASINPMRAYQETQYF	TRBV11-2	TRBJ2-5
CASSQVTGSKETQYF	TRBV4-3	TRBJ2-5
CASRQQGWGYTF	TRBV6-5	TRBJ1-2
CASSLLLGQGTNEKLFF	TRBV12-3	TRBJ1-4
CASIGERETQYF	TRBV2	TRBJ2-5
CATSEQGQGPSDTQYF	TRBV24-1	TRBJ2-3
CASSQGGVLRGETQYF	TRBV3-1	TRBJ2-5
CASSLVGEPIQETQYF	TRBV5-1	TRBJ2-5
CASSYSLGWQQKLFF	TRBV6-6	TRBJ1-4
CASSKGTGGLQETQYF	TRBV7-3	TRBJ2-5
CASKSQGFAEAFF	TRBV25-1	TRBJ1-1
CASSLRDWNEQFF	TRBV11-2	TRBJ2-1
CASSGGRVLTANTGELFF	TRBV19	TRBJ2-2
CASSIQLGDEKLFF	TRBV19	TRBJ1-4
CSALRNTQYF	TRBV20-1	TRBJ2-3
CSAMIGVGGTDTQYF	TRBV20-1	TRBJ2-3
CSARDHQGSSTSPLHF	TRBV20-1	TRBJ1-6
CASSFRQSNYNEQFF	TRBV27	TRBJ2-1
CASSSQRADTQYF	TRBV27	TRBJ2-3
CASSLSGGQYF	TRBV28	TRBJ2-7
CAWRQGFSTDTQYF	TRBV30	TRBJ2-3
CASRGSDNYYEQYF	TRBV5-1	TRBJ2-7
CASSLTELPYGYTF	TRBV5-1	TRBJ1-2
CARSCEIVQRYGGCEQFF	TRBV5-8	TRBJ2-1
CASGGSPQHEQYF	TRBV5-1	TRBJ2-7
CASSLDPGLPLYNEQFF	TRBV11-2	TRBJ2-1
CASSLVSLGLAGGPGNEQFF	TRBV12-3	TRBJ2-1
CASRTRGGMNTEAFF	TRBV13	TRBJ1-1
CASSFLEGTEAFF	TRBV14	TRBJ1-1
CASSPWTGTLGETQYF	TRBV14	TRBJ2-5
CATSRDPGSYEQYF	TRBV15	TRBJ2-7
CATSRGFAQQETQYF	TRBV15	TRBJ2-5
CASRPSDLQPQHF	TRBV19	TRBJ1-5
CSADMSLENEQFF	TRBV20-1	TRBJ2-1
CSAHLTPSYNEQFF	TRBV20-1	TRBJ2-1
CSARAARLAGTDTQYF	TRBV20-1	TRBJ2-3
CSARGLDRIYYNEQFF	TRBV20-1	TRBJ2-1
CSARSLPRATDTQYF	TRBV20-1	TRBJ2-3
CSASALDRTGATASGRERDLEAFF	TRBV20-1	TRBJ1-1
CSATTAGDYEQYF	TRBV20-1	TRBJ2-7
CASSEWGTGGNEQFF	TRBV25-1	TRBJ2-1
CASSQVDSFTDTQYF	TRBV27	TRBJ2-3
CSTQRGGTEAFF	TRBV29-1	TRBJ1-1
CSVGVKNTEAFF	TRBV29-1	TRBJ1-1
CSVPDVSSYNEQFF	TRBV29-1	TRBJ2-1
CSVRLDSSGQPQHF	TRBV29-1	TRBJ1-5
CSVSRDSLLLEGEQYF	TRBV29-1	TRBJ2-7
CSVVKPNTGELFF	TRBV29-1	TRBJ2-2
CSVVSNYGYTF	TRBV29-1	TRBJ1-2
CAREQTGNTIYF	TRBV30	TRBJ1-3
CAWNIGGHTEAFF	TRBV30	TRBJ1-1
CASRKAGTRIYNEQFF	TRBV3-1	TRBJ2-1
CASSPSRFLRGALETQYF	TRBV3-1	TRBJ2-5
CASSQDGTGSGPQHF	TRBV4-1	TRBJ1-5
CASSLASRVGTDTQYF	TRBV5-1	TRBJ2-3
CASSLSTQGATEAFF	TRBV5-1	TRBJ1-1
CASSTDRTYNEQFF	TRBV5-1	TRBJ2-1
CASSFRTGALAGYTF	TRBV5-4	TRBJ1-2
CASSLEGQGPLYYGYTF	TRBV5-6	TRBJ1-2
CASSSARQRNYGYTF	TRBV5-6	TRBJ1-2
CASSEAYWAGVNTEAFF	TRBV6-1	TRBJ1-1
CASSGRQTAVMSSYEQYF	TRBV6-1	TRBJ2-7
CASSASGGTDTQYF	TRBV6-4	TRBJ2-3
CASTRTGLAGGYHNEQFF	TRBV6-6	TRBJ2-1
CASSPGLVDRVVGETQYF	TRBV7-2	TRBJ2-5
CASSRRGGMETQYF	TRBV7-2	TRBJ2-5
CASSLASGGNTEAFF	TRBV7-9	TRBJ1-1
CASSPRGAYQPQHF	TRBV7-9	TRBJ1-5
CASSDIKGEQFF	TRBV9	TRBJ2-1
CASSPMVAGELFF	TRBV19	TRBJ2-2
CSARDGLAGGYEQYF	TRBV20-1	TRBJ2-7
CSARLPGGVGTEAFF	TRBV20-1	TRBJ1-1
CASSETGYGYTF	TRBV3-1	TRBJ1-2
CASSQEALTGAKNIQYF	TRBV4-3	TRBJ2-4
CASSQSGIKDTQYF	TRBV4-3	TRBJ2-3
CASSLDRGPLNEQFF	TRBV5-5	TRBJ2-1
CASSDSGTLNTEAFF	TRBV9	TRBJ1-1
CAVGRGATEAFF	TRBV27	TRBJ1-1
CASSLVGVNTEAFF	TRBV5-1	TRBJ1-1
CASSFQETQYF	TRBV5-6	TRBJ2-5
CASSYSRGLDTQYF	TRBV6-5	TRBJ2-3
CASSPEAQGAGHNEQFF	TRBV7-6	TRBJ2-1
CASSSGSKQNTGELFF	TRBV7-9	TRBJ2-2
CASTLGGSYEQYF	TRBV12-3	TRBJ2-7
CSFRTAMNTEAFF	TRBV29-1	TRBJ1-1
CASSQGPGGWTEAFF	TRBV3-1	TRBJ1-1
CASSVDEQGPYNEQFF	TRBV9	TRBJ2-1
CASSPVSGTGNYGYTF	TRBV6-5	TRBJ1-2
CANSFYFTGAPYNEQFF	TRBV7-8	TRBJ2-1
CASSFYFTRAPYNEQFF	TRBV7-8	TRBJ2-1
CASSKEPRVGAPEKLFF	TRBV7-9	TRBJ1-4
CASTGLAGTHSYNEQFF	TRBV12-3	TRBJ2-1
CSARDLNTEAFF	TRBV20-1	TRBJ1-1
CASSQLGTDTQYF	TRBV4-2	TRBJ2-3
CASSLVGAGGGLDTQYF	TRBV7-8	TRBJ2-3
CSARALAGDTYNEQFF	TRBV20-1	TRBJ2-1
CSARDWGEETQYF	TRBV20-1	TRBJ2-5
CASSLDVPDTQYF	TRBV7-6	TRBJ2-3
CASSGTSGGQGYTQYF	TRBV11-2	TRBJ2-3
CASATGGLYEQYF	TRBV19	TRBJ2-7
CASSSGTVNNEQFF	TRBV19	TRBJ2-1
CASNPQGSSYNEQFF	TRBV27	TRBJ2-1
CASSPPYRGSGTEAFF	TRBV28	TRBJ1-1
CASSQVVVSSSTNEKLFF	TRBV4-1	TRBJ1-4
CASSPAPGTANTEAFF	TRBV9	TRBJ1-1
CASSLDPSLFATDTQYF	TRBV12-3	TRBJ2-3
CASSPTGDQPQHF	TRBV12-3	TRBJ1-5
CSAISRDLLYEQYF	TRBV20-1	TRBJ2-7
CSARLAGRPADTQYF	TRBV20-1	TRBJ2-3
CASGQGGTEAFF	TRBV27	TRBJ1-1
CASSLSRGDYGYTF	TRBV28	TRBJ1-2
CASSLLAGVQTGELFF	TRBV5-1	TRBJ2-2
CASSFYGTDQETQYF	TRBV5-5	TRBJ2-5
CASSFSETQYF	TRBV5-6	TRBJ2-5
CASSQPGQPQETQYF	TRBV4-1	TRBJ2-5
CAISESWTDYYGYTF	TRBV10-3	TRBJ1-2
CSVEEGDYEQYF	TRBV29-1	TRBJ2-7
CACLTGATNEKLFF	TRBV30	TRBJ1-4
CASSLEWDRVYEQYF	TRBV5-1	TRBJ2-7
CASSLASKGDYEQYF	TRBV5-6	TRBJ2-7
CASSKEAGASGYAPETQYF	TRBV7-9	TRBJ2-5
CASSLDYWLYNEQFF	TRBV11-2	TRBJ2-1
CSVAGGSGTEAFF	TRBV29-1	TRBJ1-1
CASSTGQDYQPQHF	TRBV6-2	TRBJ1-5
CASSDGTASTDTQYF	TRBV6-4	TRBJ2-3
CASSLAPSTETQYF	TRBV11-2	TRBJ2-5
CSARATGDLAGFTYEQYF	TRBV20-1	TRBJ2-7
CASSLMGGTYSNQPQHF	TRBV28	TRBJ1-5
CAWTDNTGELFF	TRBV30	TRBJ2-2
CAWTPDSDYSYEQYF	TRBV30	TRBJ2-7
CASSPTGTGFVGNTEAFF	TRBV6-2	TRBJ1-1
CASSEADRNTGELFF	TRBV9	TRBJ2-2
CASSVEVGRDEQFF	TRBV9	TRBJ2-1
CASSESWDRNSPLHF	TRBV10-2	TRBJ1-6
CASSPEESSYNEQFF	TRBV5-1	TRBJ2-1
CSAKRDRGVSYEQYF	TRBV20-1	TRBJ2-7
CASSLGSKQNTGELFF	TRBV7-9	TRBJ2-2
CASSVDRGVTYEQYF	TRBV2	TRBJ2-7
CSASSSGVNIQYF	TRBV20-1	TRBJ2-4
CASSLEAGLDGYTF	TRBV5-1	TRBJ1-2
CASSSGTGGVGELFF	TRBV6-2	TRBJ2-2
CASSYSMGVDYGYTF	TRBV6-6	TRBJ1-2
CASSPRVQETQYF	TRBV19	TRBJ2-5
CASSLGDSYEQYF	TRBV27	TRBJ2-7
CATTGIGGKTQYF	TRBV5-4	TRBJ2-5
CASSTPPGTPYGEQFF	TRBV6-5	TRBJ2-1
CATARGGQETQYF	TRBV10-3	TRBJ2-5
CATSGRPGSSYEQYF	TRBV15	TRBJ2-7
CASSWRFGTSSSYEQYF	TRBV28	TRBJ2-7
CSVEGEGGSYEQYF	TRBV29-1	TRBJ2-7
CASSQDTSGGFYGYTF	TRBV4-1	TRBJ1-2
CASSLGGSETQYF	TRBV6-5	TRBJ2-5
CASSLTGVNTEAFF	TRBV7-3	TRBJ1-1
CASSAAGGGGHTDTQYF	TRBV9	TRBJ2-3
CASSVEGGSGELFF	TRBV9	TRBJ2-2
CASSFGENTEAFF	TRBV12-3	TRBJ1-1
CASSPGLGWPQHF	TRBV18	TRBJ1-5
CASSIFSEGVGTDTQYF	TRBV19	TRBJ2-3
CSAGDRGYEQYF	TRBV20-1	TRBJ2-7
CSASTTVGTTMSDEQYF	TRBV20-1	TRBJ2-7
CASRSRGAWETQYF	TRBV7-9	TRBJ2-5
CASSPDGSSYEQYF	TRBV7-9	TRBJ2-7
CASSLLGAYTGELFF	TRBV11-2	TRBJ2-2
CASSSGVGADTQYF	TRBV11-2	TRBJ2-3
CASVGGRSYNEQFF	TRBV12-3	TRBJ2-1
CSATGAPTIDEQYF	TRBV20-1	TRBJ2-7
CASRPGARQETQYF	TRBV28	TRBJ2-5
CASSQGRGGKNIQYF	TRBV4-1	TRBJ2-4
CASSFATGPFLEQYF	TRBV7-9	TRBJ2-7
CASSLGGQKETQYF	TRBV7-9	TRBJ2-5
CASSWGTGSGPQHF	TRBV7-9	TRBJ1-5
CATKTGTAEKLFF	TRBV15	TRBJ1-4
CASSSLPREGGDTQYF	TRBV12-3	TRBJ2-3
CASSPHAGGEETQYF	TRBV6-5	TRBJ2-5
CATSAGPSVEQYF	TRBV15	TRBJ2-7
CASSPRDDGGELFF	TRBV13	TRBJ2-2
CSARDLVRYEQYF	TRBV20-1	TRBJ2-7
CSARVGLAGDRNEQYF	TRBV20-1	TRBJ2-7
CSASRPAGTTPREAFF	TRBV20-1	TRBJ1-1
CSVEDFRAEAFF	TRBV29-1	TRBJ1-1
CASSSWTSGGSTDTQYF	TRBV5-1	TRBJ2-3
CASSLAAGGRDQPQHF	TRBV5-6	TRBJ1-5
CASSLDRDLYEQYF	TRBV5-6	TRBJ2-7
CASSRLAGGNNEQFF	TRBV6-2	TRBJ2-1
CATGHQPQHF	TRBV6-2	TRBJ1-5
CASSYSIVPQGAETQYF	TRBV6-6	TRBJ2-5
CASSADSPPYTGELFF	TRBV7-2	TRBJ2-2
CASSLALSHEQFF	TRBV7-9	TRBJ2-1
CAALAVDTQYF	TRBV10-3	TRBJ2-3
CASSPTGARGPNEKLFF	TRBV11-2	TRBJ1-4
CASSPHQETQYF	TRBV18	TRBJ2-5
CASSPSVSVQHRSYGYTF	TRBV18	TRBJ1-2
CSARDLTGPNYGYTF	TRBV20-1	TRBJ1-2
CASSLATEYEQYF	TRBV5-1	TRBJ2-7
CASSSTSSGANVLTF	TRBV6-2	TRBJ2-6
CASSYLSDLRYNEQFF	TRBV6-5	TRBJ2-1
CSARERPSSYNSPLHF	TRBV20-1	TRBJ1-6
CSARFEGGSRHTGELFF	TRBV20-1	TRBJ2-2
CASSFGLEMNEQFF	TRBV28	TRBJ2-1
CASSLGTGSAEPQHF	TRBV7-8	TRBJ1-5
CASSAGTGEETQYF	TRBV12-3	TRBJ2-5
CSAPSGSSYEQYF	TRBV20-1	TRBJ2-7
CASSRYSNQPQHF	TRBV9	TRBJ1-5
CASSEWLAGRDEQFF	TRBV10-2	TRBJ2-1
CAISGGAGGPGEQFF	TRBV10-3	TRBJ2-1
CASSRGQGNTEAFF	TRBV11-2	TRBJ1-1
CASSHGTGGSLVGDTQYF	TRBV19	TRBJ2-3
CSARNIVGYEQYF	TRBV20-1	TRBJ2-7
CASSLDLGARGYTF	TRBV5-1	TRBJ1-2
CASSLEQGDAEAFF	TRBV5-1	TRBJ1-1
CASSPAYEQYF	TRBV5-5	TRBJ2-7
CASTKTSGAPYEQYF	TRBV27	TRBJ2-7
CASSLERRIETQYF	TRBV12-3	TRBJ2-5
CATSRDIEFSLYGYTF	TRBV15	TRBJ1-2
CSARDGDRATNNSPLHF	TRBV20-1	TRBJ1-6
CASSVIPGELFF	TRBV25-1	TRBJ2-2
CASALAGGPGGELFF	TRBV28	TRBJ2-2
CSVDGQGNFNYGYTF	TRBV29-1	TRBJ1-2
CASSYVARVRTNEKLFF	TRBV6-2	TRBJ1-4
CASSLAGGHNSPLHF	TRBV7-6	TRBJ1-6
CASSLAGIGNPYGYTF	TRBV7-6	TRBJ1-2
CASSFVGGGEQFF	TRBV7-9	TRBJ2-1
CASSQDLGGTEAFF	TRBV14	TRBJ1-1
CASSRTTGLEQFF	TRBV25-1	TRBJ2-1
CASSGPGEYNEQFF	TRBV12-3	TRBJ2-1
CASSLSLGGAAFF	TRBV13	TRBJ1-1
CASSEGGRVADTQYF	TRBV2	TRBJ2-3
CASSEGGTGYIHEQFF	TRBV2	TRBJ2-1
CASSGGTGTSGRAVEQYF	TRBV2	TRBJ2-7
CSARGTLGGYNEQFF	TRBV20-1	TRBJ2-1
CASGKQENEAFF	TRBV27	TRBJ1-1
CASSEGFGGGTIYNEQFF	TRBV6-1	TRBJ2-1
CASSTTGANTEAFF	TRBV12-3	TRBJ1-1
CATSRGQGYEQYF	TRBV15	TRBJ2-7
CASSPQVLSSYNEQFF	TRBV18	TRBJ2-1
CASSIVLVPGLAGGISYEQYF	TRBV19	TRBJ2-7
CASSLDTGTALSYEQYF	TRBV27	TRBJ2-7
CASSLQGLGYTF	TRBV5-1	TRBJ1-2
CASSYSWDVVNYGYTF	TRBV6-5	TRBJ1-2
CASSLAGGGNTGELFF	TRBV7-6	TRBJ2-2
CASSLPTEQETQYF	TRBV7-9	TRBJ2-5
CASSFGQGAFF	TRBV13	TRBJ1-1
CASSPRSGEGVWSSYNEQFF	TRBV18	TRBJ2-1
CASYQGAMNTEAFF	TRBV19	TRBJ1-1
CSARGRGIGTGELFF	TRBV20-1	TRBJ2-2
CATRQGADSEQFF	TRBV24-1	TRBJ2-1
CASSGAKDYSGEKLFF	TRBV25-1	TRBJ1-4
CASRPRTGRGVYNEQFF	TRBV27	TRBJ2-1
CSVEDGAGGLWYTDTQYF	TRBV29-1	TRBJ2-3
CSVVLDSRYEQYF	TRBV29-1	TRBJ2-7
CASKTVRGELFF	TRBV5-1	TRBJ2-2
CASSDSRQGSYEQYF	TRBV6-4	TRBJ2-7
CASSPYGGNTDTQYF	TRBV6-4	TRBJ2-3
CATSSTGSEDTQYF	TRBV15	TRBJ2-3
CASSLNPGEQYF	TRBV27	TRBJ2-7
CASTGQGFYEQYF	TRBV28	TRBJ2-7
CSVEGQQTYEQYF	TRBV29-1	TRBJ2-7
CASSLSLQGDGYTF	TRBV5-1	TRBJ1-2
CASSSPSGGVEDEQFF	TRBV5-1	TRBJ2-1
CASSVGLAGSGYEQYF	TRBV5-1	TRBJ2-7
CASRTGVANEQFF	TRBV5-6	TRBJ2-1
CASSPRTGRDTEAFF	TRBV6-1	TRBJ1-1
CASSYSTSGGGYEQYF	TRBV6-2	TRBJ2-7
CASSYSVPSGRGEQFF	TRBV6-5	TRBJ2-1
CASSYGLAVTDTQYF	TRBV7-3	TRBJ2-3
CASSLDSSSFDEQFF	TRBV7-9	TRBJ2-1
CATSADRDRSYEQYF	TRBV15	TRBJ2-7
CSVPGQTNTEAFF	TRBV29-1	TRBJ1-1
CASSEYGNGYTF	TRBV6-1	TRBJ1-2
CASSPPPGTTYEQYF	TRBV9	TRBJ2-7
CASSSRDRPMGPQHF	TRBV12-3	TRBJ1-5
CASSHDPLEQYF	TRBV14	TRBJ2-7
CASSPGLLNEKLFF	TRBV16	TRBJ1-4
CSAMYGVNSPDTQYF	TRBV20-1	TRBJ2-3
CASSQRARAKNIQYF	TRBV4-2	TRBJ2-4
CASSLEASGSGETQYF	TRBV5-1	TRBJ2-5
CASSLTSGGNTDTQYF	TRBV5-4	TRBJ2-3
CASSPLAGADTQYF	TRBV6-5	TRBJ2-3
CASSPPASGELFF	TRBV7-9	TRBJ2-2
CASSFGVSNQPQHF	TRBV13	TRBJ1-5
CATSSLNQPQHF	TRBV15	TRBJ1-5
CASSGVGAYTDTQYF	TRBV2	TRBJ2-3
CSARDGGQGGSPLHF	TRBV20-1	TRBJ1-6
CSARDMAGFHEQYF	TRBV20-1	TRBJ2-7
CSARGADFSFF	TRBV20-1	TRBJ1-1
CATSDLNTGRTTNEKLFF	TRBV24-1	TRBJ1-4
CASSPGQGWFF	TRBV28	TRBJ2-1
CASSQEGGQVHIQYF	TRBV3-1	TRBJ2-4
CASSWGTGTGELFF	TRBV5-6	TRBJ2-2
CASSQGAGQPQHF	TRBV6-6	TRBJ1-5
CASSWDRGSAGELFF	TRBV7-9	TRBJ2-2
CATSRDRSGAGGGYNEQFF	TRBV15	TRBJ2-1
CSARGFQPYEQYF	TRBV20-1	TRBJ2-7
CASSLKSSTFTDTQYF	TRBV27	TRBJ2-3
CASSQVWDSTNYGYTF	TRBV4-1	TRBJ1-2
CASSPYSNQPQHF	TRBV7-2	TRBJ1-5
CASSGTAYEQYF	TRBV14	TRBJ2-7
CASSILAPPADYGYTF	TRBV19	TRBJ1-2
CSARDRGNEQYF	TRBV20-1	TRBJ2-7
CASSFPGAEAFF	TRBV27	TRBJ1-1
CASSLSPTPYEQYF	TRBV28	TRBJ2-7
CASSLVVGSGKYEQYF	TRBV5-5	TRBJ2-7
CASSDFREETQYF	TRBV6-1	TRBJ2-5
CASSPSTYTDTQYF	TRBV6-2	TRBJ2-3
CASSEPQEGPEAFF	TRBV6-6	TRBJ1-1
CASSGTGGADEQYF	TRBV7-6	TRBJ2-7
CASSPSTGGNTEAFF	TRBV7-9	TRBJ1-1
CASTISGNEQFF	TRBV7-9	TRBJ2-1
CATSRDRGHTDTQYF	TRBV15	TRBJ2-3
CASCPGPEGTDTQYF	TRBV19	TRBJ2-3
CASSEARDGETQYF	TRBV2	TRBJ2-5
CSAGDREPYEQYF	TRBV20-1	TRBJ2-7
CSATTGTGGYEQYF	TRBV20-1	TRBJ2-7
CASSRGGTEAFF	TRBV27	TRBJ1-1
CASSLWGQGWHEQFF	TRBV28	TRBJ2-1
CASSPDTTETQYF	TRBV5-1	TRBJ2-5
CASSEGQGTMNGELFF	TRBV6-1	TRBJ2-2
CASSSRQNSGNTIYF	TRBV7-3	TRBJ1-3
CASSPAGVSYEQYF	TRBV7-7	TRBJ2-7
CASSRGTGPFSYEQYF	TRBV7-8	TRBJ2-7
CASSAGQGGVSETQYF	TRBV9	TRBJ2-5
CASSDAQASLSNYGYTF	TRBV18	TRBJ1-2
CASSLASGITDTQYF	TRBV27	TRBJ2-3
CSVDPPEGSDTQYF	TRBV29-1	TRBJ2-3
CASSYAPGQGNTGELFF	TRBV6-5	TRBJ2-2
CASSSTLAGEKKPYNEQFF	TRBV7-9	TRBJ2-1
CASSESGSGGIYEQYF	TRBV10-1	TRBJ2-7
CASSLYQGSYEQYF	TRBV11-2	TRBJ2-7
CASSQEGWYEQYF	TRBV14	TRBJ2-7
CASRADGSAYNEQFF	TRBV19	TRBJ2-1
CSASTENTGELFF	TRBV20-1	TRBJ2-2
CSVATGLDYEQYF	TRBV29-1	TRBJ2-7
CSVEDRGISGANVLTF	TRBV29-1	TRBJ2-6
CASSQLLAGVTDTQYF	TRBV4-3	TRBJ2-3
CASSHRFNEQFF	TRBV5-6	TRBJ2-1
CASRLGQLYEQYF	TRBV6-5	TRBJ2-7
CASSLAGRETQYF	TRBV13	TRBJ2-5
CATKGTESNQPQHF	TRBV15	TRBJ1-5
CASTLTVAGWTEAFF	TRBV19	TRBJ1-1
CSARRLADTYEQYF	TRBV20-1	TRBJ2-7
CASSEQGAPYNEQFF	TRBV25-1	TRBJ2-1
CASSLVRETADTQYF	TRBV27	TRBJ2-3
CASSFGVMEVLGDEQFF	TRBV28	TRBJ2-1
CSVEAYATDYYGYTF	TRBV29-1	TRBJ1-2
CSVLTAASGAGVEQYF	TRBV29-1	TRBJ2-7
CSVRRQGNVWNEQFF	TRBV29-1	TRBJ2-1
CASSEDREVSEQYF	TRBV6-1	TRBJ2-7
CSVGQGNGYTF	TRBV29-1	TRBJ1-2
CASSWGVGQGFTGELFF	TRBV7-9	TRBJ2-2
CAWSEQGLGNEQFF	TRBV30	TRBJ2-1
CAWSVHEWQANYGYTF	TRBV30	TRBJ1-2
CASTEGHEQYF	TRBV10-2	TRBJ2-7
CASSDPWAGTDTQYF	TRBV2	TRBJ2-3
CSARQGDTGELFF	TRBV20-1	TRBJ2-2
CASSPGLIYNEQFF	TRBV7-2	TRBJ2-1
CSARIGVGNTIYF	TRBV20-1	TRBJ1-3
CASSSDWSKDNEQFF	TRBV11-2	TRBJ2-1
CASSRGAGELFF	TRBV12-3	TRBJ2-2
CATSRRQGADEKLFF	TRBV15	TRBJ1-4
CASRGRDEKLFF	TRBV2	TRBJ1-4
CSASEGNQPQHF	TRBV20-1	TRBJ1-5
CASGVGSAYEQYF	TRBV27	TRBJ2-7
CASSPETGIEAFF	TRBV27	TRBJ1-1
CASSLLTSGYEQYF	TRBV28	TRBJ2-7
CASSPGHIDTQYF	TRBV28	TRBJ2-3
CASSQVQDTNTGELFF	TRBV3-1	TRBJ2-2
CASSQDYFSAKNIQYF	TRBV4-1	TRBJ2-4
CASSQGPGMVPQYF	TRBV4-1	TRBJ2-4
CASSHPGGQPQHF	TRBV4-2	TRBJ1-5
CASSLTGDSGYEQYF	TRBV6-2	TRBJ2-7
CASSLAIGSDSYEQYF	TRBV7-9	TRBJ2-7
CASSRVIGAHTDTQYF	TRBV7-9	TRBJ2-3
CASSDSGELFF	TRBV9	TRBJ2-2
CASSSSWGATEAFF	TRBV9	TRBJ1-1
CAIRTGGGEAFF	TRBV10-3	TRBJ1-1
CASSPRTSGRANEQFF	TRBV14	TRBJ2-1
CASSQDGTTGNEQFF	TRBV14	TRBJ2-1
CASNGRVQYEQYF	TRBV28	TRBJ2-7
CASSLGTSPGAEAFF	TRBV7-6	TRBJ1-1
CASSGQGATEAFF	TRBV10-1	TRBJ1-1
CASSGPDGAWEKLFF	TRBV10-2	TRBJ1-4
CASSFDGPAGAGETQYF	TRBV12-3	TRBJ2-5
CASSPGQGAYTGELFF	TRBV12-3	TRBJ2-2
CASSPRGWNTGELFF	TRBV14	TRBJ2-2
CATSRGAGTSTDTQYF	TRBV15	TRBJ2-3
CATSRPVEGPYSYTF	TRBV15	TRBJ1-2
CASSIPPGYYNEQFF	TRBV19	TRBJ2-1
CASSIVPISYNEQFF	TRBV19	TRBJ2-1
CAHRENTEAFF	TRBV2	TRBJ1-1
CASSDPFHNEQFF	TRBV2	TRBJ2-1
CSAQDRDKEDTEAFF	TRBV20-1	TRBJ1-1
CSARDPGGRSSYEQYF	TRBV20-1	TRBJ2-7
CSARVGESSYNEQFF	TRBV20-1	TRBJ2-1
CSASTGADTGELFF	TRBV20-1	TRBJ2-2
CSPGRGQGSSYNEQFF	TRBV20-1	TRBJ2-1
CASSLSLGQAFNQPQHF	TRBV27	TRBJ1-5
CASSSGTSYNEQFF	TRBV27	TRBJ2-1
CATRFGNTIYF	TRBV27	TRBJ1-3
CSVADGGPYGYTF	TRBV29-1	TRBJ1-2
CSVEEGQGNGELFF	TRBV29-1	TRBJ2-2
CSVENSRSQETQYF	TRBV29-1	TRBJ2-5
CSVESPMSNTEAFF	TRBV29-1	TRBJ1-1
CSVEYPSGQPMDTQYF	TRBV29-1	TRBJ2-3
CSVVSLAEQETQYF	TRBV29-1	TRBJ2-5
CAWSVGDWETQYF	TRBV30	TRBJ2-5
CAWTTSPRGSDTQYF	TRBV30	TRBJ2-3
CASSPFGEGGANVLTF	TRBV3-1	TRBJ2-6
CASSQDKRPGGELFF	TRBV4-1	TRBJ2-2
CASSLEPNYGYTF	TRBV5-1	TRBJ1-2
CASSLWGQGAAGELFF	TRBV5-1	TRBJ2-2
CASSETSTDTQYF	TRBV6-4	TRBJ2-3
CASSFTSSRTDTQYF	TRBV7-2	TRBJ2-3
CASSVEGGYASGANVLTF	TRBV9	TRBJ2-6
CASASLTTVDGQYF	TRBV12-5	TRBJ2-7
CASSPRPGQGNFFF	TRBV19	TRBJ1-1
CASSLNRRQNGYTF	TRBV27	TRBJ1-2
CASNPLLGAGGTYNEQFF	TRBV28	TRBJ2-1
CSVENTFEAFF	TRBV29-1	TRBJ1-1
CASSPGAGEAFF	TRBV4-1	TRBJ1-1
CASSQVERGGVETQYF	TRBV4-1	TRBJ2-3
CASSSGTDEEQFF	TRBV5-1	TRBJ2-1
CASTSEGGGGTEAFF	TRBV5-4	TRBJ1-1
CASSPEAGWDAHNEQFF	TRBV6-2	TRBJ2-1
CASSYLGGAETQYF	TRBV6-2	TRBJ2-5
CASSWSGGSYEQYF	TRBV7-9	TRBJ2-7
CASSPLTLDRGLTYEQYF	TRBV27	TRBJ2-7
CASSGSGNTIYF	TRBV28	TRBJ1-3
CASSSPYDDQLGDTQYF	TRBV28	TRBJ2-3
CSVDRGSYEQYF	TRBV29-1	TRBJ2-7
CSVEDQLRETDTQYF	TRBV29-1	TRBJ2-3
CASSTNPDRSNIQYF	TRBV3-1	TRBJ2-4
CASKQGAEAFF	TRBV5-1	TRBJ1-1
CASSLWGGEKLFF	TRBV5-1	TRBJ1-4
CASSPPGEGSTDTQYF	TRBV7-8	TRBJ2-3
CASSYFGGLTEAFF	TRBV6-5	TRBJ1-1
CASSLVAGTGELFF	TRBV7-3	TRBJ2-2
CASSLGEDSQRVQYF	TRBV7-8	TRBJ2-7
CASSVAAGLRDEQFF	TRBV9	TRBJ2-1
CSSSTETGELFF	TRBV29-1	TRBJ2-2
CASSQLGQYTDTQYF	TRBV5-4	TRBJ2-3
CASGLGGETQYF	TRBV12-5	TRBJ2-5
CSARDDGQGQGARTYNSPLHF	TRBV20-1	TRBJ1-6
CASSLFPGADGYTF	TRBV27	TRBJ1-2
CASSTGTGVGNEQFF	TRBV28	TRBJ2-1
CAWSGANTDTQYF	TRBV30	TRBJ2-3
CASSQWSGVGGGTEAFF	TRBV4-3	TRBJ1-1
CASSSSGQPPQETQYF	TRBV5-1	TRBJ2-5
CASSPSAGVVEQYF	TRBV5-6	TRBJ2-7
CASSISGGYYNEQFF	TRBV7-9	TRBJ2-1
CASSQVGVHEQYF	TRBV4-3	TRBJ2-7
CASIPSSGEQYF	TRBV5-1	TRBJ2-7
CASSPGGTGDEKLFF	TRBV12-3	TRBJ1-4
CASSGRGLNTEAFF	TRBV19	TRBJ1-1
CSASLGNQPQHF	TRBV20-1	TRBJ1-5
CASSQGDRDTGELFF	TRBV28	TRBJ2-2
CASSHEGSGSYTF	TRBV4-2	TRBJ1-2
CASSQARGNYEQYF	TRBV4-2	TRBJ2-7
CASSMEASGSSYNEQFF	TRBV5-1	TRBJ2-1
CASSPTSGGADTQYF	TRBV6-5	TRBJ2-3
CASSSSGGGEDIQYF	TRBV6-5	TRBJ2-4
CASSLSGTSGNNEQFF	TRBV7-3	TRBJ2-1
CASSLFDLRGGTEAFF	TRBV7-6	TRBJ1-1
CASSFDGGEMGRNEQFF	TRBV7-9	TRBJ2-1
CASSLVSGGFTDTQYF	TRBV7-9	TRBJ2-3
CASSGGGSGETQYF	TRBV9	TRBJ2-5
CASSTRNYNEQFF	TRBV9	TRBJ2-1
CASSLAGAYNEQFF	TRBV12-3	TRBJ2-1
CASSPPGPLKADTQYF	TRBV18	TRBJ2-3
CSARSLFGPDGGSYEQYF	TRBV20-1	TRBJ2-7
CASSLKGANYGYTF	TRBV27	TRBJ1-2
CSVESGTDYNEQFF	TRBV29-1	TRBJ2-1
CAWSEVHEQFF	TRBV30	TRBJ2-1
CAWSGGGDGYTF	TRBV30	TRBJ1-2
CASSFEMATFF	TRBV5-5	TRBJ2-1
CASSKQQRSDYGYTF	TRBV5-6	TRBJ1-2
CASSLVEGLGTGGPRLAEQFF	TRBV5-6	TRBJ2-1
CASTQGQGNQPQHF	TRBV5-6	TRBJ1-5
CASSHPIDVSSYNEQFF	TRBV7-6	TRBJ2-1
CASSIAGSKTQYF	TRBV9	TRBJ2-5
CASSLGISYEQYF	TRBV27	TRBJ2-7
CASSPRTIYTYEQYF	TRBV27	TRBJ2-7
CSVRTYEKLFF	TRBV29-1	TRBJ1-4
CAWSETLNTEAFF	TRBV30	TRBJ1-1
CAWSVWDRGSGANVLTF	TRBV30	TRBJ2-6
CASNFYFTGAPYNEQFF	TRBV7-8	TRBJ2-1
CASSFYFTGTPYNEQFF	TRBV7-8	TRBJ2-1
CASSEWTYTGELFF	TRBV2	TRBJ2-2
CSARDERFANYGYTF	TRBV20-1	TRBJ1-2
CSARTGGPLEEQFF	TRBV20-1	TRBJ2-1
CATSGNVGTEAFF	TRBV24-1	TRBJ1-1
CAWSVERGIIANYGYTF	TRBV30	TRBJ1-2
CASSLKRLWQRYGYTF	TRBV5-1	TRBJ1-2
CASSSPGTGTYNEQFF	TRBV5-1	TRBJ2-1
CASSGDSGLSYNEQFF	TRBV5-6	TRBJ2-1
CASSSIRGAQMNTEAFF	TRBV7-2	TRBJ1-1
CASSSTTGVVTEAFF	TRBV7-9	TRBJ1-1
CSARGASSYEQYF	TRBV20-1	TRBJ2-7
CASSFRGSGELFF	TRBV27	TRBJ2-2
CASSPGGDTSYEQYF	TRBV9	TRBJ2-7
CASTRGGETQYF	TRBV12-3	TRBJ2-5
CSARPGQTYEQYF	TRBV20-1	TRBJ2-7
CASSGELGDTQYF	TRBV2	TRBJ2-3
CSGSGASTDTQYF	TRBV20-1	TRBJ2-3
CASSGTELQETQYF	TRBV25-1	TRBJ2-5
CAWSVGGAGNTIYF	TRBV30	TRBJ1-3
CASSQARGEQYF	TRBV4-1	TRBJ2-7
CASSQLEETNTEAFF	TRBV4-3	TRBJ1-1
CASSPVLDTEAFF	TRBV5-1	TRBJ1-1
CASSYGTSGMETQYF	TRBV6-2	TRBJ2-5
CASSSKEGNTEAFF	TRBV7-9	TRBJ1-1
CASSVQGATDTQYF	TRBV9	TRBJ2-3
CASSIGRTEAFF	TRBV19	TRBJ1-1
CSARDYLSDRLHEKLFF	TRBV20-1	TRBJ1-4
CATMEGHEQFF	TRBV24-1	TRBJ2-1
CASSLRGGTGDGYTF	TRBV28	TRBJ1-2
CSVQGGTYNEQFF	TRBV29-1	TRBJ2-1
CASSPQGLASNIQYF	TRBV4-2	TRBJ2-4
CASSDGTGYGYTF	TRBV6-1	TRBJ1-2
CASSEGLSGLRGNGFF	TRBV6-1	TRBJ2-1
CASKGVGYTF	TRBV6-2	TRBJ1-2
CASSEEGEGTDTQYF	TRBV6-4	TRBJ2-3
CASNPRRDTGYEQYF	TRBV6-6	TRBJ2-7
CASSQMTSGGVQFF	TRBV7-6	TRBJ2-1
CASSLSASGYNEQFF	TRBV7-9	TRBJ2-1
CASSLSGSWTEAFF	TRBV27	TRBJ1-1
CASSLGTGGLFGEQYF	TRBV5-6	TRBJ2-7
CAIRDVEETQYF	TRBV10-3	TRBJ2-5
CASSSMDGNYGYTF	TRBV11-1	TRBJ1-2
CASSMVLGDTEAFF	TRBV19	TRBJ1-1
CSARDKSLPTEAFF	TRBV20-1	TRBJ1-1
CSARDTREGLNEQFF	TRBV20-1	TRBJ2-1
CSARPWNSYNEQFF	TRBV20-1	TRBJ2-1
CASSLGSGSHPAEQYF	TRBV27	TRBJ2-7
CASSLWSSTGELFF	TRBV27	TRBJ2-2
CASSPHQAGGQTDTQYF	TRBV28	TRBJ2-3
CASSQDLIWSYEQYF	TRBV3-1	TRBJ2-7
CASGYQRGATYEQYF	TRBV4-1	TRBJ2-7
CASSQGRNTIYF	TRBV4-1	TRBJ1-3
CASSQDYQGNYGYTF	TRBV4-3	TRBJ1-2
CASSLSSGTGTYEQYF	TRBV5-1	TRBJ2-7
CASSSIDRDINEQFF	TRBV6-2	TRBJ2-1
CASSSLQETQYF	TRBV6-6	TRBJ2-5
CASSPVATSYNEQFF	TRBV7-2	TRBJ2-1
CASSLGQLGEQFF	TRBV7-6	TRBJ2-1
CASRPPRGGEKLFF	TRBV7-9	TRBJ1-4
CASSLSSGTRLAPLHF	TRBV7-9	TRBJ1-6
CASSPTTRLPETQYF	TRBV7-9	TRBJ2-5
CASRLGPEAFF	TRBV12-3	TRBJ1-1
CASSSWTSGRTSSANEQFF	TRBV12-3	TRBJ2-1
CASAETGQGAAGYTF	TRBV12-5	TRBJ1-2
CASSHGHLTEAFF	TRBV13	TRBJ1-1
CASSQGIGTGLLTDTQYF	TRBV14	TRBJ2-3
CSARDDYDLGGTEAFF	TRBV20-1	TRBJ1-1
CATSEGARTSGRYNEQFF	TRBV24-1	TRBJ2-1
CASTPGLAGAGNEQFF	TRBV25-1	TRBJ2-1
CASSTGTGQPQHF	TRBV27	TRBJ1-5
CASSFVGSAYEQYF	TRBV28	TRBJ2-7
CSVEGTGGAPLYGYTF	TRBV29-1	TRBJ1-2
CASSQRQGPEYPGELFF	TRBV4-3	TRBJ2-2
CASSPGGGGYQPQHF	TRBV5-1	TRBJ1-5
CASSPLLSTYNEQFF	TRBV5-5	TRBJ2-1
CASSPGGRSSYNEQFF	TRBV5-6	TRBJ2-1
CASSVDRLGYGYTF	TRBV9	TRBJ1-2
CASSPWTSGMDTGELFF	TRBV7-9	TRBJ2-2
CSATLGLAEYNEQFF	TRBV20-1	TRBJ2-1
CASSLAEARQYF	TRBV5-1	TRBJ2-7
CASSYSLRYTEAFF	TRBV6-2	TRBJ1-1
CASSLMLFGGYPMNTEAFF	TRBV5-4	TRBJ1-1
CASSPPDRANTGELFF	TRBV12-3	TRBJ2-2
CASSPSGQYYGYTF	TRBV6-1	TRBJ1-2
CASRNLGGGTNSPLHF	TRBV10-2	TRBJ1-6
CASSLDESLAGGNEQFF	TRBV11-2	TRBJ2-1
CASNADRDYPGELFF	TRBV12-3	TRBJ2-2
CASSIAAYYEQYF	TRBV19	TRBJ2-7
CASSIDWTSGGLFNEQFF	TRBV19	TRBJ2-1
CASSMLGEQFF	TRBV19	TRBJ2-1
CASTTGSGEQYF	TRBV19	TRBJ2-7
CSANPSGAYEQYF	TRBV20-1	TRBJ2-7
CSVGQALQETQYF	TRBV29-1	TRBJ2-5
CALGQDSYEQYF	TRBV30	TRBJ2-7
CASSQIGGLAGAHSYNEQFF	TRBV4-2	TRBJ2-1
CASSFSGTDTQYF	TRBV5-4	TRBJ2-3
CASSWTGGLDTQYF	TRBV7-8	TRBJ2-3
CASSLVRGDEQFF	TRBV7-9	TRBJ2-1
CAISQRTGGETQYF	TRBV10-3	TRBJ2-5
CASSLAQHEQYF	TRBV11-1	TRBJ2-7
CASGQGAGELFF	TRBV12-3	TRBJ2-2
CASSPDRGYYEQYF	TRBV12-3	TRBJ2-7
CASSESLGNTGELFF	TRBV2	TRBJ2-2
CSARDPGHLNTIYF	TRBV20-1	TRBJ1-3
CSARDVDSQETQYF	TRBV20-1	TRBJ2-5
CSARELGTANTEAFF	TRBV20-1	TRBJ1-1
CSARVARGYEQYF	TRBV20-1	TRBJ2-7
CSARVYGYTF	TRBV20-1	TRBJ1-2
CSASYGRGPYNEQFF	TRBV20-1	TRBJ2-1
CASNLGGGTGELFF	TRBV25-1	TRBJ2-2
CATRQYSGNTIYF	TRBV27	TRBJ1-3
CASSLNPRDIQYF	TRBV28	TRBJ2-4
CSARTGGTDTQYF	TRBV20-1	TRBJ2-3
CASSQYGGGSQETQYF	TRBV3-1	TRBJ2-5
CASSLGGGQAGYEQYF	TRBV5-1	TRBJ2-7
CASSYEEEEYNEQFF	TRBV6-2	TRBJ2-1
CAIPDIKEGGYTF	TRBV6-6	TRBJ1-2
CASRDGPSPYF	TRBV6-6	TRBJ2-7
CASSPSGVSYEQYF	TRBV7-7	TRBJ2-7
CASSLDPVGRNEQFF	TRBV7-8	TRBJ2-1
CASSSIRTGTFDYEQYF	TRBV7-9	TRBJ2-7
CASSVGAPGGDEQFF	TRBV9	TRBJ2-1
CASSSRTGYEQYF	TRBV28	TRBJ2-7
CASSSSRASKSYNEQFF	TRBV7-9	TRBJ2-1
CASSYTGDEQYF	TRBV7-9	TRBJ2-7
CASTPGTGALTDTQYF	TRBV9	TRBJ2-3
CASSFGGYNEQFF	TRBV12-3	TRBJ2-1
CASEQESSYNEQFF	TRBV12-5	TRBJ2-1
CASSLKGTGELFF	TRBV13	TRBJ2-2
CATSAGNTGELFF	TRBV24-1	TRBJ2-2
CASSLGWGRPNYEQYF	TRBV27	TRBJ2-7
CASSLEGSHLGAFF	TRBV28	TRBJ1-1
CAWSSQTGIYGYTF	TRBV30	TRBJ1-2
CAWSVVAGGEGQFF	TRBV30	TRBJ2-1
CASSQVVVGGRDPYEQYF	TRBV4-1	TRBJ2-7
CASSEQNSNQPQHF	TRBV5-6	TRBJ1-5
CSAADRAYNEQFF	TRBV20-1	TRBJ2-1
CASSPIGGMGTGELFF	TRBV10-2	TRBJ2-2
CAISDRDAYYEQYF	TRBV10-3	TRBJ2-7
CASSQVYVEVREHGELFF	TRBV4-3	TRBJ2-2
CASSLYNEQFF	TRBV5-1	TRBJ2-1
CASSMGQPKETQYF	TRBV12-3	TRBJ2-5
CASSAGDGTDTQYF	TRBV25-1	TRBJ2-3
CAWSGGVRDNEQFF	TRBV30	TRBJ2-1
CASSQDVSNQPQHF	TRBV4-3	TRBJ1-5
CASSEPTGTSYNEQFF	TRBV5-6	TRBJ2-1
CASSIIAGDVDEQFF	TRBV6-5	TRBJ2-1
CASSFLAGEGYEQYF	TRBV7-2	TRBJ2-7
CASSVDGMNQPQHF	TRBV9	TRBJ1-5
CASSPSGNEQFF	TRBV12-3	TRBJ2-1
CSARDQDISDTQYF	TRBV20-1	TRBJ2-3
CSADGLPISSYNEQFF	TRBV29-1	TRBJ2-1
CASSSTGGGLYEQFF	TRBV7-3	TRBJ2-1
CASSLGRGREAFF	TRBV11-2	TRBJ1-1
CASSLIPGAFF	TRBV11-2	TRBJ1-1
CASSPGWTNGAANYGYTF	TRBV11-2	TRBJ1-2
CASSPSEETNYGYTF	TRBV18	TRBJ1-2
CASGYSAGYNSPLHF	TRBV19	TRBJ1-6
CSALSGNQNYNEQFF	TRBV20-1	TRBJ2-1
CSARAIQREGFSYEQYF	TRBV20-1	TRBJ2-7
CSARDQDGSLIGEQFF	TRBV20-1	TRBJ2-1
CSARGTSYGGRGPEQYF	TRBV20-1	TRBJ2-7
CASSQDSSGGYNEQFF	TRBV4-2	TRBJ2-1
CASSQGGASGGDTQYF	TRBV5-4	TRBJ2-3
CASPGGRLAGNTIYF	TRBV6-1	TRBJ1-3
CASSLTGQGRNEQFF	TRBV7-9	TRBJ2-1
CASSVMLGETQYF	TRBV9	TRBJ2-5
CASSLEVAGGGYGYTF	TRBV12-3	TRBJ1-2
CASSFRGVNTGELFF	TRBV19	TRBJ2-2
CSARGLAGAYEQYF	TRBV20-1	TRBJ2-7
CASREGANGYTF	TRBV25-1	TRBJ1-2
CASSFRDSTGELFF	TRBV27	TRBJ2-2
CASRAGIETQYF	TRBV28	TRBJ2-5
CSVLIAEAFF	TRBV29-1	TRBJ1-1
CASSQTSGSSYEQYF	TRBV3-1	TRBJ2-7
CASSDRGGLYEQYF	TRBV6-1	TRBJ2-7
CASSFGLADYEQYF	TRBV7-2	TRBJ2-7
CAISDGSYWDEQYF	TRBV10-3	TRBJ2-7
CASSQTQPWETQYF	TRBV7-2	TRBJ2-5
CAISDGTGVSPLHF	TRBV10-3	TRBJ1-6
CAISDLTNEKLFF	TRBV10-3	TRBJ1-4
CASSSHMNTEAFF	TRBV11-3	TRBJ1-1
CASSFSGNTEAFF	TRBV12-3	TRBJ1-1
CASSQYDTFISPLHF	TRBV16	TRBJ1-6
CASSCGTDPYNEQFF	TRBV18	TRBJ2-1
CASSPRGGAIYNEQFF	TRBV18	TRBJ2-1
CASTDRRYGYTF	TRBV2	TRBJ1-2
CSADTGAPSYGYTF	TRBV20-1	TRBJ1-2
CASRDHRVPSDTQYF	TRBV27	TRBJ2-3
CASGASGSSEAFF	TRBV28	TRBJ1-1
CSVTFGTGGTEAFF	TRBV29-1	TRBJ1-1
CASSQAPTSGNEQFF	TRBV3-1	TRBJ2-1
CASSLVSGSLDIQYF	TRBV5-1	TRBJ2-4
CASSLVTGGPGEQYF	TRBV5-1	TRBJ2-7
CASSLRSSFVLGGREDGEQFF	TRBV5-4	TRBJ2-1
CASSYGTGGRYEQYF	TRBV7-8	TRBJ2-7
CASSPTSGRDRSGQFF	TRBV7-9	TRBJ2-1
CASSSSDTSYGYTF	TRBV9	TRBJ1-2
CASSVDWDRVSGNTIYF	TRBV9	TRBJ1-3
CAISLEDSSYNEQFF	TRBV10-3	TRBJ2-1
CASSPSTKYTGELFF	TRBV12-3	TRBJ2-2
CATSTYDNPTDTQYF	TRBV15	TRBJ2-3
CSAGDRGVYEQYF	TRBV20-1	TRBJ2-7
CATSDRLVPDTQYF	TRBV24-1	TRBJ2-3
CASSLLGDTEAFF	TRBV7-2	TRBJ1-1
CASSGGQGPSEAFF	TRBV12-3	TRBJ1-1
CASSPLLYEQFF	TRBV12-3	TRBJ2-1
CASSPTGWTAFF	TRBV14	TRBJ1-1
CATRLGGNNEQFF	TRBV15	TRBJ2-1
CSARDEGYEQYF	TRBV20-1	TRBJ2-7
CSARDQRTSLYNEQFF	TRBV20-1	TRBJ2-1
CSARGVGDSSYNEQFF	TRBV20-1	TRBJ2-1
CSVEGGWGTGELFF	TRBV29-1	TRBJ2-2
CASSLEEGPDEQFF	TRBV5-1	TRBJ2-1
CASSEVKGAIEAFF	TRBV6-1	TRBJ1-1
CASSPGTGLEKLFF	TRBV7-9	TRBJ1-4
CASSRGRLATGEQYF	TRBV7-9	TRBJ2-7
CAWSLAGGTEAFF	TRBV30	TRBJ1-1
CASSLRQGIRAFF	TRBV14	TRBJ1-1
CSARDLGTNTEAFF	TRBV20-1	TRBJ1-1
CSARTSGTPGWEQFF	TRBV20-1	TRBJ2-1
CSVEMQSSGPYEQYF	TRBV29-1	TRBJ2-7
CAWSESYNEQFF	TRBV30	TRBJ2-1
CAWSGDSFEQYF	TRBV30	TRBJ2-7
CAWSVPDTSSTDTQYF	TRBV30	TRBJ2-3
CASSPIAGRRDTQYF	TRBV3-1	TRBJ2-3
CASSQDPNYGTGHLMNTEAFF	TRBV3-1	TRBJ1-1
CASSQDSKGPTSYEQYF	TRBV4-3	TRBJ2-7
CASSPGQGVDEQYF	TRBV5-4	TRBJ2-7
CASSLVQGIEQYF	TRBV5-5	TRBJ2-7
CASSYQTGDTGELFF	TRBV6-5	TRBJ2-2
CASSDSVSFLNQPQHF	TRBV6-6	TRBJ1-5
CASSFGQGAYEQYF	TRBV12-3	TRBJ2-7
CATSREVETGELFF	TRBV15	TRBJ2-2
CSARDLGETFF	TRBV20-1	TRBJ1-1
CSASPGQGHNSPLHF	TRBV20-1	TRBJ1-6
CATSVGLNTEAFF	TRBV24-1	TRBJ1-1
CASSLFLGGANVLTF	TRBV27	TRBJ2-6
CASSSGGNEAFF	TRBV27	TRBJ1-1
CASGSDRGLVGEQFF	TRBV28	TRBJ2-1
CASSFVMGTDTQYF	TRBV28	TRBJ2-3
CSADPQAQFF	TRBV29-1	TRBJ2-1
CSADREAFF	TRBV29-1	TRBJ1-1
CSVMDSISYEQYF	TRBV29-1	TRBJ2-7
CASSLGQGSNQPQHF	TRBV3-1	TRBJ1-5
CASNLGGPNQPQHF	TRBV5-6	TRBJ1-5
CASSPGRGNYGYTF	TRBV6-1	TRBJ1-2
CASSPTGTGIETQYF	TRBV7-7	TRBJ2-5
CASSEEVLQETQYF	TRBV7-9	TRBJ2-5
CASSSRDRAVANYGYTF	TRBV7-9	TRBJ1-2
CASTPSTGQKFLGGTF	TRBV7-9	TRBJ1-2
CASSLRTARSYEQYF	TRBV14	TRBJ2-7
CASSLTQLWETQYF	TRBV7-2	TRBJ2-5
CASSIGTNTEAFF	TRBV19	TRBJ1-1
CASSLGPEAFF	TRBV12-3	TRBJ1-1
CASSSDNEQFF	TRBV5-6	TRBJ2-1
CAISERNYRERDGYTF	TRBV10-3	TRBJ1-2
CASSSWDRASGANVLTF	TRBV11-1	TRBJ2-6
CASSLNRPFTDTQYF	TRBV11-2	TRBJ2-3
CASSNRDRPYEQYF	TRBV11-3	TRBJ2-7
CASSATTSYNEQFF	TRBV12-3	TRBJ2-1
CASSLEFDQPQHF	TRBV12-3	TRBJ1-5
CASSLGGGTEAFF	TRBV12-3	TRBJ1-1
CASSLSSHTGELFF	TRBV12-3	TRBJ2-2
CASTEEGSPLHF	TRBV12-5	TRBJ1-6
CASSHLGPGGPSYEQYF	TRBV14	TRBJ2-7
CASSHPLNTEAFF	TRBV14	TRBJ1-1
CASSQDGGTYTQYF	TRBV14	TRBJ2-3
CATSRDQGDSNQPQHF	TRBV15	TRBJ1-5
CATSREGETYEQYF	TRBV15	TRBJ2-7
CASSPVSGYNEQFF	TRBV18	TRBJ2-1
CASSEDRGLADTQYF	TRBV19	TRBJ2-3
CASSGVEFYNEQFF	TRBV19	TRBJ2-1
CASSIVPTYEQYF	TRBV19	TRBJ2-7
CASSEAEWTSWGYNEQFF	TRBV2	TRBJ2-1
CASSGGSRGGSTGELFF	TRBV2	TRBJ2-2
CASSLQGSNSPLHF	TRBV2	TRBJ1-6
CSALHRDSGNTIYF	TRBV20-1	TRBJ1-3
CSARARAGGYEQYF	TRBV20-1	TRBJ2-7
CSARARDYSASQETQYF	TRBV20-1	TRBJ2-5
CSARGAREAFF	TRBV20-1	TRBJ1-1
CSARLGRSYEQYF	TRBV20-1	TRBJ2-7
CSARPRDRENNEQFF	TRBV20-1	TRBJ2-1
CSARTGGGDTEAFF	TRBV20-1	TRBJ1-1
CSARTGRFYEQYF	TRBV20-1	TRBJ2-7
CASKMEAGLSYEQYF	TRBV27	TRBJ2-7
CASSLGQGIYGYTF	TRBV27	TRBJ1-2
CASSLMGPDTQYF	TRBV27	TRBJ2-3
CASSLPGGYGYTF	TRBV27	TRBJ1-2
CASSLRGGMIHIQYF	TRBV27	TRBJ2-4
CASSPLAGENYNEQFF	TRBV27	TRBJ2-1
CSAPVGVTAGYTF	TRBV29-1	TRBJ1-2
CSGGQGEDTEAFF	TRBV29-1	TRBJ1-1
CSVDPDNDNEQFF	TRBV29-1	TRBJ2-1
CSVEDGSENTEAFF	TRBV29-1	TRBJ1-1
CSVETSGGVGEQFF	TRBV29-1	TRBJ2-1
CSVGGGGVDSYNEQFF	TRBV29-1	TRBJ2-1
CSVVGTSGGANEQFF	TRBV29-1	TRBJ2-1
CAWARDGTYEQYF	TRBV30	TRBJ2-7
CAWSGGTGNTGELFF	TRBV30	TRBJ2-2
CAWSTLGQVNYGYTF	TRBV30	TRBJ1-2
CASSPQQATNEKLFF	TRBV4-1	TRBJ1-4
CASSQAAGPYNEQFF	TRBV4-1	TRBJ2-1
CASSQEEGPWNQPQHF	TRBV4-1	TRBJ1-5
CASSQEETGDLSETQYF	TRBV4-1	TRBJ2-5
CASSQVEGPGNQPQHF	TRBV4-1	TRBJ1-5
CASSSRTGTGETQYF	TRBV4-1	TRBJ2-5
CSSSQEEGPGNQPQHF	TRBV20-1	TRBJ1-5
CASSQDGTSGADTQYF	TRBV4-2	TRBJ2-3
CASRTVNSYEQYF	TRBV5-1	TRBJ2-7
CASSPDGTDTQYF	TRBV5-1	TRBJ2-3
CASSYSRDKAEGFSYEQYF	TRBV5-1	TRBJ2-7
CASSFRGSYNEQFF	TRBV5-4	TRBJ2-1
CASSPTGGWADTQYF	TRBV5-4	TRBJ2-3
CASSPGGSLGGQDGYTF	TRBV5-8	TRBJ1-2
CASSEPTGGETQYF	TRBV6-1	TRBJ2-5
CASILGAGSLNTEAFF	TRBV6-5	TRBJ1-1
CASSYGMEETQYF	TRBV6-5	TRBJ2-5
CASSYSMGASYNEQFF	TRBV6-5	TRBJ2-1
CASSYSAGGSYNEQFF	TRBV6-6	TRBJ2-1
CASRQRPEAPNTEAFF	TRBV7-2	TRBJ1-1
CASRRGRNTGELFF	TRBV7-2	TRBJ2-2
CASSLWDRSSGANVLTF	TRBV7-8	TRBJ2-6
CASSYNRGPSQPQHF	TRBV7-8	TRBJ1-5
CSSSLWDRSSGANVLTF	TRBV20-1	TRBJ2-6
CASSFPGSGGLDEQFF	TRBV7-9	TRBJ2-1
CASSLAEGLYETQYF	TRBV7-9	TRBJ2-5
CASSPLTSTDTQYF	TRBV7-9	TRBJ2-3
CASSPPDGDQPQHF	TRBV7-9	TRBJ1-5
CASSYRDRATNEKLFF	TRBV7-9	TRBJ1-4
CASGPTGTDNSPLHF	TRBV9	TRBJ1-6
CASSLNRDEQYF	TRBV12-3	TRBJ2-7
CASSTRELGLAGVIPQETQYF	TRBV19	TRBJ2-5
CSAPARVSYEQYF	TRBV20-1	TRBJ2-7
CASSGHDRVYDTDTQYF	TRBV28	TRBJ2-3
CASSLRVKPYGYTF	TRBV28	TRBJ1-2
CSVEGLADLTSYNEQFF	TRBV29-1	TRBJ2-1
CAWRLNNEQFF	TRBV30	TRBJ2-1
CASSLEAGGPTEAFF	TRBV5-1	TRBJ1-1
CASSSPGQGAGETQYF	TRBV5-5	TRBJ2-5
CASSLTAGVDTQYF	TRBV5-6	TRBJ2-3
CASGDGSYYGYTF	TRBV6-5	TRBJ1-2
CASSSPTLSRETQYF	TRBV7-9	TRBJ2-5
CASSRDRGYEQYF	TRBV12-3	TRBJ2-7
CASTSGNEQFF	TRBV14	TRBJ2-1
CASSFPSAEQYF	TRBV5-1	TRBJ2-7
CASSVDGNEQFF	TRBV9	TRBJ2-1
CASSLGQSSGYEQYF	TRBV5-1	TRBJ2-7
CASSLAPGGSGQETQYF	TRBV7-6	TRBJ2-5
CASSYSTGVGSPLHF	TRBV6-5	TRBJ1-6
CASSVLDTQYF	TRBV19	TRBJ2-3
CSAALPYYGYTF	TRBV20-1	TRBJ1-2
CSARDVQGWNTEAFF	TRBV20-1	TRBJ1-1
CASSFGGSNQPQHF	TRBV7-2	TRBJ1-5
CASSLIAGGHTGELFF	TRBV7-2	TRBJ2-2
CASRATGSNEQFF	TRBV11-2	TRBJ2-1
CASSRGQAPGYTF	TRBV14	TRBJ1-2
CASSPPDPQETQYF	TRBV19	TRBJ2-5
CASSLEGGRFQPQHF	TRBV27	TRBJ1-5
CASSFLGAGTEAFF	TRBV28	TRBJ1-1
CAWNLNTEAFF	TRBV30	TRBJ1-1
CASSQDKAGNTEAFF	TRBV4-3	TRBJ1-1
CASSIHQGLAEAFF	TRBV5-1	TRBJ1-1
CASSLGVNEQFF	TRBV5-4	TRBJ2-1
CASSLSRNEQYF	TRBV5-8	TRBJ2-7
CASSPPVSTDTQYF	TRBV7-8	TRBJ2-3
CASSVRDWGSPLHF	TRBV9	TRBJ1-6
CASSQSDTNQPQHF	TRBV16	TRBJ1-5
CASQDDYSNQPQHF	TRBV19	TRBJ1-5
CASSDYRENSPLHF	TRBV2	TRBJ1-6
CASSEARNQPQHF	TRBV2	TRBJ1-5
CSAERTGGGTNEKLFF	TRBV20-1	TRBJ1-4
CSARPGLSDEQYF	TRBV20-1	TRBJ2-7
CSASPTSGASPNEQFF	TRBV20-1	TRBJ2-1
CTARRLASGSRDEQFF	TRBV7-2	TRBJ2-1
CASSQGYAGIWYF	TRBV25-1	TRBJ2-3
CASRTGAQPQHF	TRBV27	TRBJ1-5
CASSLVRGISTDTQYF	TRBV28	TRBJ2-3
CASSNGRVSGANVLTF	TRBV28	TRBJ2-6
CASSPLPSGGPDEQYF	TRBV28	TRBJ2-7
CSVVPRGTEAFF	TRBV29-1	TRBJ1-1
CASSQDRGSGGHEQFF	TRBV4-1	TRBJ2-1
CASSVGGPGELFF	TRBV5-1	TRBJ2-2
CASSLNIEQAVDEKLFF	TRBV5-6	TRBJ1-4
CASSKTGTNTDTQYF	TRBV6-5	TRBJ2-3
CASSVGQDYSNQPQHF	TRBV6-5	TRBJ1-5
CASSLVDLRAGETEAFF	TRBV7-6	TRBJ1-1
CASSVDWNAYEQYF	TRBV7-6	TRBJ2-7
CASSLYTAYEQYF	TRBV7-9	TRBJ2-7
CASSPRTFNEQFF	TRBV7-9	TRBJ2-1
CASVLSASGYNEQFF	TRBV7-9	TRBJ2-1
CASSLGTVYYEQYF	TRBV11-1	TRBJ2-7
CATSEGNLDQPQHF	TRBV24-1	TRBJ1-5
CASRAQGAYYGYTF	TRBV27	TRBJ1-2
CASSQDEGNEQFF	TRBV3-1	TRBJ2-1
CASSYLGLAALETQYF	TRBV6-6	TRBJ2-5
CASIPPGGTEAFF	TRBV9	TRBJ1-1
CASSLGPSTYNEQFF	TRBV11-2	TRBJ2-1
CASSAGQGVWQYF	TRBV12-3	TRBJ2-7
CASSLDGVLGLNSYNEQFF	TRBV12-3	TRBJ2-1
CASSLGVWGGEQFF	TRBV12-3	TRBJ2-1
CASSPFGTSGSYNEQFF	TRBV12-3	TRBJ2-1
CASSTGGSKNIQYF	TRBV2	TRBJ2-4
CSARLAGTYEQYF	TRBV20-1	TRBJ2-7
CASSLSEGWIYEQFF	TRBV27	TRBJ2-1
CASSTNSYSRHEQYF	TRBV27	TRBJ2-7
CASRPGELLLHF	TRBV28	TRBJ1-6
CSVESAGGYGYTF	TRBV29-1	TRBJ1-2
CSVNIAYNEQFF	TRBV29-1	TRBJ2-1
CASSQAQLTTSSYEQYF	TRBV3-1	TRBJ2-7
CASSLGQGDQPQHF	TRBV5-1	TRBJ1-5
CASSLVGQGAKSSYEQYF	TRBV5-1	TRBJ2-7
CASTQGSEAFF	TRBV5-5	TRBJ1-1
CASSLALAGITDTQYF	TRBV5-6	TRBJ2-3
CASSLRDRGYEQYF	TRBV5-8	TRBJ2-7
CASSEVPGVDTQYF	TRBV6-4	TRBJ2-3
CASSYAVSDTQYF	TRBV6-5	TRBJ2-3
CASSYGEGLSEQYF	TRBV6-5	TRBJ2-7
CASSYSRGSNYEQYF	TRBV6-5	TRBJ2-7
CASSLFLAGSYEQYF	TRBV7-2	TRBJ2-7
CASSLASSTEAFF	TRBV7-6	TRBJ1-1
CASSLELAGAQETQYF	TRBV7-6	TRBJ2-5
CASRPEGGSNYGYTF	TRBV7-8	TRBJ1-2
CASSSVPAPHQETQYF	TRBV7-8	TRBJ2-5
CASRVEYVETQYF	TRBV7-9	TRBJ2-5
CASSLEGGTYEQYF	TRBV7-9	TRBJ2-7
CASGGYNEQFF	TRBV9	TRBJ2-1
CASSENWDNTDTQYF	TRBV9	TRBJ2-3
CASSILFGQGGNQPQHF	TRBV19	TRBJ1-5
CASSPDRANEQFF	TRBV14	TRBJ2-1
CASSMTGGYIAEAFF	TRBV19	TRBJ1-1
CASSEGSYEQYF	TRBV2	TRBJ2-7
CSARNYQGANTEAFF	TRBV20-1	TRBJ1-1
CSARPFGTSGPSSYNEQFF	TRBV20-1	TRBJ2-1
CSASGGTSYNEQFF	TRBV20-1	TRBJ2-1
CASSDGTSAFPYEQYF	TRBV25-1	TRBJ2-7
CSAAQGAGELFF	TRBV29-1	TRBJ2-2
CASSATGLPYEQYF	TRBV5-1	TRBJ2-7
CASSLAQGTDTQYF	TRBV5-6	TRBJ2-3
CASSYGARGAEAFF	TRBV6-5	TRBJ1-1
CASSPQQSSYEQYF	TRBV7-6	TRBJ2-7
CASSFGNNEQFF	TRBV7-9	TRBJ2-1
CASSAEALGGYFSGYTF	TRBV9	TRBJ1-2
CASSGRRQGGNGYTF	TRBV9	TRBJ1-2
CASSPWTGAGDEQYF	TRBV9	TRBJ2-7
CASSSGTTSSYNEQFF	TRBV12-3	TRBJ2-1
CASTDRGTVNEKLFF	TRBV2	TRBJ1-4
CSASGVRNEQFF	TRBV20-1	TRBJ2-1
CASSKTSGGYNEQFF	TRBV5-1	TRBJ2-1
CASSLHRTMTGIDYGYTF	TRBV5-5	TRBJ1-2
CASSQTQYF	TRBV7-2	TRBJ2-5
CSARAKDVAGVDEQFF	TRBV20-1	TRBJ2-1
CASSYGLNYGYTF	TRBV6-2	TRBJ1-2
CASSLWGLAGQDTQYF	TRBV7-8	TRBJ2-3
CASSPVGGDNEQFF	TRBV9	TRBJ2-1
CATSDRGTGGSYEQYF	TRBV24-1	TRBJ2-7
CASGGGSEQFF	TRBV25-1	TRBJ2-1
CASSLRGQASGYTF	TRBV27	TRBJ1-2
CASSPGLAGEDEQFF	TRBV28	TRBJ2-1
CASSSLRTVNNEKLFF	TRBV28	TRBJ1-4
CAWSGDSLDTIYF	TRBV30	TRBJ1-3
CASSLGQGSNEQYF	TRBV5-1	TRBJ2-7
CASSLGQGAHNEQFF	TRBV7-2	TRBJ2-1
CASSLFPGPYNEQFF	TRBV7-7	TRBJ2-1
CAINTDRGGTEAFF	TRBV10-3	TRBJ1-1
CASSLNEPLHF	TRBV11-2	TRBJ1-6
CASSLRVGFDYGYTF	TRBV11-2	TRBJ1-2
CASSPTGGTGNEQFF	TRBV12-3	TRBJ2-1
CASSQDQSISYEQYF	TRBV14	TRBJ2-7
CATSRSLGGAYEQYF	TRBV15	TRBJ2-7
CANDRGAPNQPQHF	TRBV19	TRBJ1-5
CASRLAGGNYNEQFF	TRBV2	TRBJ2-1
CASSEEKGNNANTGELFF	TRBV2	TRBJ2-2
CSARALGLAGANTGELFF	TRBV20-1	TRBJ2-2
CSARETGRATNTGELFF	TRBV20-1	TRBJ2-2
CATTEGGGGGADEQFF	TRBV24-1	TRBJ2-1
CASTFGAYNSPLHF	TRBV27	TRBJ1-6
CATRTGAYEQYF	TRBV27	TRBJ2-7
CASMGLGNTIYF	TRBV28	TRBJ1-3
CASSISTGNEQFF	TRBV28	TRBJ2-1
CASSTPATGQLETQYF	TRBV28	TRBJ2-5
CASSQDPRASHRGAQYF	TRBV3-1	TRBJ2-5
CASSQPPQREQYF	TRBV3-1	TRBJ2-7
CASGTHFSPYNEQFF	TRBV4-1	TRBJ2-1
CASSQGVDTSASYNEQFF	TRBV4-1	TRBJ2-1
CASRRDSHNEQFF	TRBV5-4	TRBJ2-1
CASREDYNSPLHF	TRBV6-4	TRBJ1-6
CASKFTSSWSDTQYF	TRBV6-5	TRBJ2-3
CASREETQYF	TRBV6-5	TRBJ2-5
CASRPITGDLCPYEQYF	TRBV6-9	TRBJ2-7
CASGDGGAPNSYNEQFF	TRBV7-6	TRBJ2-1
CASSLGQGPSYEQYF	TRBV7-8	TRBJ2-7
CASSLDSTGYTF	TRBV7-9	TRBJ1-2
CASSNPGQGGPSYEQYF	TRBV7-9	TRBJ2-7
CASSSTAGLAKNIQYF	TRBV7-9	TRBJ2-4
CASSVGPLLRRLFF	TRBV9	TRBJ2-2
CSVVDPPGVNEQFF	TRBV29-1	TRBJ2-1
CASSYWDLNYGYTF	TRBV6-2	TRBJ1-2
CASSLWTGTFNEQFF	TRBV12-3	TRBJ2-1
CASSSTNSGGTDTQYF	TRBV13	TRBJ2-3
CASSIEGQGAYEQYF	TRBV19	TRBJ2-7
CASSLGLASAYEQYF	TRBV19	TRBJ2-7
CSLRDGRNNEQFF	TRBV29-1	TRBJ2-1
CAHSDSIGYTF	TRBV30	TRBJ1-2
CASSLTGENYEQYF	TRBV5-1	TRBJ2-7
CASSPGTAFEETQYF	TRBV5-1	TRBJ2-5
CASTLPGPEAFF	TRBV5-1	TRBJ1-1
CASSFDLAETQYF	TRBV5-4	TRBJ2-5
CASSLVYGGASDSYNEQFF	TRBV5-5	TRBJ2-1
CASSYAAGDNEQFF	TRBV6-2	TRBJ2-1
CSASGPKAGDFHYEQYF	TRBV20-1	TRBJ2-7
CASSFLWANQGATNTGELFF	TRBV5-1	TRBJ2-2
CASSIRGARNEKLFF	TRBV7-9	TRBJ1-4
CSVVGVDYTF	TRBV29-1	TRBJ1-2
CSVKDGYYEQYF	TRBV29-1	TRBJ2-7
CASSEDRGHWNEQFF	TRBV9	TRBJ2-1
CASTRWVAGGKGDEQFF	TRBV9	TRBJ2-1
CASSIGTGNEQFF	TRBV11-3	TRBJ2-1
CASGLGLYYEQYF	TRBV12-5	TRBJ2-7
CATSRPGWTGGTEAFF	TRBV15	TRBJ1-1
CASSIEGSSSYEQYF	TRBV19	TRBJ2-7
CSAIPDRAGADTQYF	TRBV20-1	TRBJ2-3
CAWSMGGSAGYTF	TRBV30	TRBJ1-2
CASSQDIGAGEQFF	TRBV4-2	TRBJ2-1
CASSQDGVGGSGTGELFF	TRBV4-3	TRBJ2-2
CASSQVGQGNYGYTF	TRBV4-3	TRBJ1-2
CASSPGTNDEKLFF	TRBV5-4	TRBJ1-4
CASSLAGGDTGELFF	TRBV5-5	TRBJ2-2
CASSESPGTAYEQYF	TRBV6-1	TRBJ2-7
CASSYTYEQFF	TRBV6-2	TRBJ2-1
CASSSPGQDYGYTF	TRBV5-1	TRBJ1-2
CAISYRGTTQETQYF	TRBV10-3	TRBJ2-5
CASSPNFGEAFF	TRBV11-2	TRBJ1-1
CASGYNTEAFF	TRBV12-3	TRBJ1-1
CASSLWARGYQETQYF	TRBV12-3	TRBJ2-5
CATQEGQLGNTIYF	TRBV15	TRBJ1-3
CATSRSTGGLNQPQHF	TRBV15	TRBJ1-5
CASSPVLSYNEQFF	TRBV18	TRBJ2-1
CASKSTGGTDTQYF	TRBV2	TRBJ2-3
CSANLGNQPQHF	TRBV20-1	TRBJ1-5
CSARTGEGSPLHF	TRBV20-1	TRBJ1-6
CSASSPDTDSYEQYF	TRBV20-1	TRBJ2-7
CSATSGAISSSYEQYF	TRBV20-1	TRBJ2-7
CASNQGPEAFF	TRBV25-1	TRBJ1-1
CASKLIRGVTEAFF	TRBV27	TRBJ1-1
CASSILGGNEQFF	TRBV27	TRBJ2-1
CASRDVSGTPGSGEQFF	TRBV28	TRBJ2-1
CASRKQGNTGELFF	TRBV28	TRBJ2-2
CSVETGIGYEQYF	TRBV29-1	TRBJ2-7
CSVYLLEAFF	TRBV29-1	TRBJ1-1
CASSLGWAGKTDTQYF	TRBV3-1	TRBJ2-3
CASSLGGQSGNYGYTF	TRBV5-1	TRBJ1-2
CASSPPLTGELFF	TRBV5-1	TRBJ2-2
CASSLEFIYGYTF	TRBV5-4	TRBJ1-2
CASSLGGWNTEAFF	TRBV7-2	TRBJ1-1
CASSPAGPQETQYF	TRBV7-6	TRBJ2-5
CASSGAGTIRGEEFF	TRBV9	TRBJ2-1
CASSHGGKDTQYF	TRBV9	TRBJ2-3
CASSTYTDTQYF	TRBV9	TRBJ2-3
CATSRTGAHEQYF	TRBV15	TRBJ2-7
CASSIDGGLYNEQFF	TRBV19	TRBJ2-1
CSAEDRDTGELFF	TRBV20-1	TRBJ2-2
CSARETSYEQYF	TRBV20-1	TRBJ2-7
CAWDVGTGPHEQYF	TRBV30	TRBJ2-7
CASSQEGIGRVEAFF	TRBV3-1	TRBJ1-1
CASSLESRTYNEQFF	TRBV5-1	TRBJ2-1
CASSPRLDGNTEAFF	TRBV6-5	TRBJ1-1
CASSYSRSQIYEQYF	TRBV6-5	TRBJ2-7
CASSLVANTQYF	TRBV7-8	TRBJ2-3
CATSPGLAGGWSDTQYF	TRBV24-1	TRBJ2-3
CAISEYGTGAFEQFF	TRBV10-3	TRBJ2-1
CASRGTGPETQYF	TRBV12-3	TRBJ2-5
CASSPERNPGWNTEAFF	TRBV18	TRBJ1-1
CASSMLGEGAGTEAFF	TRBV19	TRBJ1-1
CAILGFFSTGELFF	TRBV2	TRBJ2-2
CASSEGSTDTQYF	TRBV2	TRBJ2-3
CSARTQGDTGELFF	TRBV20-1	TRBJ2-2
CSATTQTLDRRIRTDTQYF	TRBV20-1	TRBJ2-3
CASSAGTDLISPLHF	TRBV27	TRBJ1-6
CASSFGQLAEAFF	TRBV27	TRBJ1-1
CASSLRQGEAFF	TRBV27	TRBJ1-1
CASSPGTATGELFF	TRBV27	TRBJ2-2
CASSPRRVGTDTQYF	TRBV27	TRBJ2-3
CASTNRDRGNSPLHF	TRBV27	TRBJ1-6
CASDSGEYQETQYF	TRBV28	TRBJ2-5
CATASLAEENIQYF	TRBV28	TRBJ2-4
CSAGQGSDYGYTF	TRBV29-1	TRBJ1-2
CSARGTEGEQYF	TRBV20-1	TRBJ2-7
CSVELLYNEQFF	TRBV29-1	TRBJ2-1
CSVENQGAYGYTF	TRBV29-1	TRBJ1-2
CSVGGGGQPQHF	TRBV29-1	TRBJ1-5
CSVYPSGDYNEQFF	TRBV29-1	TRBJ2-1
CASSQEGGGYNEQFF	TRBV4-1	TRBJ2-1
CASSQDATSGLSYNEQFF	TRBV4-2	TRBJ2-1
CASSQDRGFGNQPQHF	TRBV4-3	TRBJ1-5
CASSQEERGGTDTQYF	TRBV4-3	TRBJ2-3
CASSSGQGLDTQYF	TRBV5-1	TRBJ2-3
CASSARQRSYNEQFF	TRBV6-5	TRBJ2-1
CASSYGGYEQYF	TRBV6-6	TRBJ2-7
CASSPPGAANYGYTF	TRBV7-2	TRBJ1-2
CASSSDSYNEQFF	TRBV7-3	TRBJ2-1
CASSLAGQTHSGNTIYF	TRBV7-6	TRBJ1-3
CASRQLQGITDTQYF	TRBV7-9	TRBJ2-3
CASSLTSGSSYNEQFF	TRBV7-9	TRBJ2-1
CASSEGTASYGYTF	TRBV9	TRBJ1-2
CASSVDGSSYNEQFF	TRBV9	TRBJ2-1
CASSVTGHPNTEAFF	TRBV9	TRBJ1-1
CASSPGGYEQYF	TRBV10-1	TRBJ2-7
CASVLGDHRNQPQHF	TRBV19	TRBJ1-5
CASSYELQTGVFDTQYF	TRBV6-5	TRBJ2-3
CASSLNPSSYEQYF	TRBV12-3	TRBJ2-7
CASSPGLAGLTDTQYF	TRBV4-3	TRBJ2-3
CASSEPGQGYEQYF	TRBV19	TRBJ2-7
CASSRQGDEQYF	TRBV2	TRBJ2-7
CSAPALGAMETQYF	TRBV20-1	TRBJ2-5
CAWSGFGSPGETYEQYF	TRBV30	TRBJ2-7
CAWSVLHSYEQYF	TRBV30	TRBJ2-7
CASSQVSAELYGYTF	TRBV3-1	TRBJ1-2
CASSLAATSGPYEQYF	TRBV5-1	TRBJ2-7
CASSLDLYNEQFF	TRBV5-4	TRBJ2-1
CASSMEGVPLHF	TRBV5-4	TRBJ1-6
CASSPVEDEQFF	TRBV5-5	TRBJ2-1
CASSPTTGTESYEQYF	TRBV5-6	TRBJ2-7
CASRDSGEQYF	TRBV6-6	TRBJ2-7
CASSLLPDPTFFDEQFF	TRBV7-2	TRBJ2-1
CASSPVGTEQYF	TRBV7-6	TRBJ2-7
CASSVDGDTYTDTQYF	TRBV9	TRBJ2-3
CASSQKVGFSYEQYF	TRBV4-3	TRBJ2-7
CATTRGEWSNEQFF	TRBV24-1	TRBJ2-1
CASSSLGWGVTDTQYF	TRBV28	TRBJ2-3
CASSPILGGTDTQYF	TRBV7-2	TRBJ2-3
CAIGGGLADTQYF	TRBV10-3	TRBJ2-3
CAIREPHKGGNYEQYF	TRBV10-3	TRBJ2-7
CAISADSPAAQYF	TRBV10-3	TRBJ2-3
CASSYILAGGPPSDTGELFF	TRBV11-2	TRBJ2-2
CASSQVGSAPLDEQFF	TRBV14	TRBJ2-1
CATSPRTGGDEQYF	TRBV15	TRBJ2-7
CASSALSGSWGQPQHF	TRBV19	TRBJ1-5
CSAFWDRPYEQYF	TRBV20-1	TRBJ2-7
CSAIDSLSNEKLFF	TRBV20-1	TRBJ1-4
CSAREPNTEAFF	TRBV20-1	TRBJ1-1
CSASGFGLGYTF	TRBV20-1	TRBJ1-2
CSATGLLTYNEQFF	TRBV20-1	TRBJ2-1
CSAVAVYNEQFF	TRBV20-1	TRBJ2-1
CATSDLWFRNNEQFF	TRBV24-1	TRBJ2-1
CASSPNGGLHEKLFF	TRBV27	TRBJ1-4
CSVDPGTGDGEQYF	TRBV29-1	TRBJ2-7
CSVTGTTYEQYF	TRBV29-1	TRBJ2-7
CSVVPEGGSYEQYF	TRBV29-1	TRBJ2-7
CAWAGPGGLREQFF	TRBV30	TRBJ2-1
CAWSSGRENYGYTF	TRBV30	TRBJ1-2
CAWSTGGTQPQHF	TRBV30	TRBJ1-5
CAWSVRQTTNEKLFF	TRBV30	TRBJ1-4
CASSQPAGESLRETQYF	TRBV4-3	TRBJ2-5
CASSQVILGFGNEQFF	TRBV4-3	TRBJ2-1
CASKRDNSYEQYF	TRBV5-4	TRBJ2-7
CASSFPGASTYEQYF	TRBV6-6	TRBJ2-7
CASSLVAGASTDTQYF	TRBV7-2	TRBJ2-3
CASSLELAGLDNEQFF	TRBV7-8	TRBJ2-1
CASSVVGNEQFF	TRBV9	TRBJ2-1
CASSFPTSGETQYF	TRBV11-2	TRBJ2-5
CASVPRPGDSTDTQYF	TRBV12-3	TRBJ2-3
CASSPREPMRLAGAPSTDTQYF	TRBV18	TRBJ2-3
CSARPMTSGPYNEQFF	TRBV20-1	TRBJ2-1
CASSLDHTNEQFF	TRBV5-4	TRBJ2-1
CASSLVLMETQYF	TRBV12-3	TRBJ2-5
CASSPWPEPNTEAFF	TRBV18	TRBJ1-1
CSAREEAGGPLTGELFF	TRBV20-1	TRBJ2-2
CSATPRDSNYEQYF	TRBV20-1	TRBJ2-7
CASSESVSSYNEQFF	TRBV10-2	TRBJ2-1
CAIGDSSSYNEQFF	TRBV10-3	TRBJ2-1
CASSNHTRFTDTQYF	TRBV19	TRBJ2-3
CASTRGTSGQETQYF	TRBV19	TRBJ2-5
CASSAYPSGPEQFF	TRBV27	TRBJ2-1
CASSSMGGDEQYF	TRBV28	TRBJ2-7
CASTFRDSRREQYF	TRBV28	TRBJ2-7
CAWSLVGLSYEQYF	TRBV30	TRBJ2-7
CASSQDYSSYEQYF	TRBV4-3	TRBJ2-7
CASSVGQDGYTF	TRBV5-6	TRBJ1-2
CASSSSLDYDTGELFF	TRBV6-2	TRBJ2-2
CASSLEGGQGIPEAFF	TRBV7-9	TRBJ1-1
CASSLGRGLGAAFF	TRBV11-2	TRBJ1-1
CASTLVAGEGNEQFF	TRBV11-2	TRBJ2-1
CASSLGASGDETQYF	TRBV12-3	TRBJ2-5
CASSLGTGGVTDTQYF	TRBV12-3	TRBJ2-3
CASSPTGGSYGYTF	TRBV12-3	TRBJ1-2
CATSRDRARAVNSLIGELFF	TRBV15	TRBJ2-2
CASSEAGLGHEQFF	TRBV2	TRBJ2-1
CSALPGLAGSNEQFF	TRBV20-1	TRBJ2-1
CSARDHGQEYNEQFF	TRBV20-1	TRBJ2-1
CSARDLDRADNTGELFF	TRBV20-1	TRBJ2-2
CSARGLGLAGVLEYF	TRBV20-1	TRBJ2-3
CSARGRAAGTDTQYF	TRBV20-1	TRBJ2-3
CSARVSGTDFYEQYF	TRBV20-1	TRBJ2-7
CSATLGNQPQHF	TRBV20-1	TRBJ1-5
CATSDLGGLSYNEQFF	TRBV24-1	TRBJ2-1
CASRDGGQINETQYF	TRBV25-1	TRBJ2-5
CASSEYPGGPGETQYF	TRBV25-1	TRBJ2-5
CASSGGHVEQYF	TRBV25-1	TRBJ2-7
CASRPFSGSPYEQYF	TRBV27	TRBJ2-7
CASSSVSGFHEQYF	TRBV28	TRBJ2-7
CASSQGTMADTQYF	TRBV3-1	TRBJ2-3
CASSQNPGTTNEKLFF	TRBV4-1	TRBJ1-4
CASSADFGGGEKLFF	TRBV5-1	TRBJ1-4
CASSLEGAGGPFDIQYF	TRBV5-1	TRBJ2-4
CASNVKIGELFF	TRBV5-6	TRBJ2-2
CASSYPQAGQGEQYF	TRBV6-5	TRBJ2-7
CASSPDVGGSDGYTF	TRBV7-2	TRBJ1-2
CASSLTTSPGEQYF	TRBV7-9	TRBJ2-7
CASANPVAVSTGELFF	TRBV9	TRBJ2-2
CASSADGTAWNEQFF	TRBV9	TRBJ2-1
CASSTRRTDTQYF	TRBV9	TRBJ2-3
CASSLWANTGELFF	TRBV11-2	TRBJ2-2
CSAPKSWTGDETQYF	TRBV20-1	TRBJ2-5
CSARDREEANYGYTF	TRBV20-1	TRBJ1-2
CSASGGVSYNEQFF	TRBV20-1	TRBJ2-1
CSGKQDTSWTDTQYF	TRBV29-1	TRBJ2-3
CASSFFVGAGVGGTQYF	TRBV7-2	TRBJ2-5
CASSYWDRGSGANVLTF	TRBV6-6	TRBJ2-6
CATSDPQREVNTDTQYF	TRBV24-1	TRBJ2-3
CASSNEFATNEKLFF	TRBV7-2	TRBJ1-4
CASSLGTGSPYEQYF	TRBV7-8	TRBJ2-7
CASSFLLAEETQYF	TRBV11-2	TRBJ2-5
CASSPGTASTDTQYF	TRBV12-3	TRBJ2-3
CASSLLFWTGNGSYNEQFF	TRBV27	TRBJ2-1
CASSTNLGHKEQYF	TRBV27	TRBJ2-7
CATSQGAWYEQYF	TRBV15	TRBJ2-7
CAWSPPGPEQFF	TRBV30	TRBJ2-1
CASSHSSGFNYNEQFF	TRBV3-1	TRBJ2-1
CASSQDMGGLSYEQYF	TRBV4-3	TRBJ2-7
CASSFENSYEQYF	TRBV5-1	TRBJ2-7
CASSGTTGTGPYGYTF	TRBV5-5	TRBJ1-2
CASSDPETYEQYF	TRBV6-1	TRBJ2-7
CASSRTLTGLDNEQFF	TRBV6-1	TRBJ2-1
CASSLGGAGDYNEQFF	TRBV7-6	TRBJ2-1
CASSFVGDGDEQFF	TRBV7-9	TRBJ2-1
CASSLNRDEKLFF	TRBV7-9	TRBJ1-4
CASSYDGRGPYQETQYF	TRBV7-9	TRBJ2-5
CAISETLLDFSYEQYF	TRBV10-3	TRBJ2-7
CASSVYHNNEQFF	TRBV19	TRBJ2-1
CASSLSIAGTNTGELFF	TRBV28	TRBJ2-2
CASSLASGGQETQYF	TRBV12-3	TRBJ2-5
CASSPDGSQETQYF	TRBV12-3	TRBJ2-5
CASSPFNEKLFF	TRBV12-3	TRBJ1-4
CASSSVDEQFF	TRBV12-3	TRBJ2-1
CASSPDFGSYNEQFF	TRBV18	TRBJ2-1
CASSWTSGGSDTQYF	TRBV18	TRBJ2-3
CASSMWVNQPQHF	TRBV19	TRBJ1-5
CSATPWVGLSFSKQPQHF	TRBV20-1	TRBJ1-5
CSVRQANTGELFF	TRBV20-1	TRBJ2-2
CASPPRHKYLPGETQYF	TRBV27	TRBJ2-5
CASRQGPGELFF	TRBV27	TRBJ2-2
CASSILAGYTSTDTQYF	TRBV28	TRBJ2-3
CASTMEDGGQGDTQYF	TRBV28	TRBJ2-3
CASSQASHQPQHF	TRBV4-1	TRBJ1-5
CASSQEGWTSDETQYF	TRBV4-1	TRBJ2-5
CASSQEGPNQETQYF	TRBV4-2	TRBJ2-5
CASSQEPPTASGANVLTF	TRBV4-2	TRBJ2-6
CASSLIGGTAGANVLTF	TRBV4-3	TRBJ2-6
CASSHRGTSGSTDTQYF	TRBV5-1	TRBJ2-3
CASSLGSGGPNEQFF	TRBV5-1	TRBJ2-1
CASSLFVTEAFF	TRBV5-5	TRBJ1-1
CASSIWGQPQHF	TRBV6-2	TRBJ1-5
CASSYGGGTYEQYF	TRBV6-5	TRBJ2-7
CASSYSGGETQYF	TRBV6-5	TRBJ2-5
CAVLGGLEDNSPLHF	TRBV6-6	TRBJ1-6
CASSSSLASTDTQYF	TRBV7-6	TRBJ2-3
CASMDKGERFDGYTF	TRBV7-8	TRBJ1-2
CASRFYFTGAPYNEQFF	TRBV7-8	TRBJ2-1
CASSFYFAGAPYNEQFF	TRBV7-8	TRBJ2-1
CASSFYFTGALYNEQFF	TRBV7-8	TRBJ2-1
CASSFYFTGAPHNEQFF	TRBV7-8	TRBJ2-1
CASSFYFTGAPYDEQFF	TRBV7-8	TRBJ2-1
CASSFYFTGAPYNDQFF	TRBV7-8	TRBJ2-1
CASSFYFTGAPYYEQFF	TRBV7-8	TRBJ2-1
CASSFYFTVAPYNEQFF	TRBV7-8	TRBJ2-1
CASSFYFYNEQFF	TRBV7-8	TRBJ2-1
CASSFYITGAPYNEQFF	TRBV7-8	TRBJ2-1
CASSFYNEQFF	TRBV7-8	TRBJ2-1
CASSIRLAGPYNEQFF	TRBV7-8	TRBJ2-1
CASSLYFTGAPYNEQFF	TRBV7-8	TRBJ2-1
CTSSFYFTGAPYNEQFF	TRBV7-2	TRBJ2-1
CASSFYFTGAPYNEQFF	TRBV7-8	TRBJ2-1
CASSKNRDSVAKNIQYF	TRBV7-9	TRBJ2-4
CASSLSLVGPHQPQHF	TRBV7-9	TRBJ1-5
CASTLIGDSGMVNEQFF	TRBV7-9	TRBJ2-1
CASKGGSSGTDTQYF	TRBV13	TRBJ2-3
CASRKTGNTEAFF	TRBV19	TRBJ1-1
CASSTLAEAFF	TRBV19	TRBJ1-1
CASRGGQGAYNEQFF	TRBV27	TRBJ2-1
CASSLSMGEKLFF	TRBV27	TRBJ1-4
CAWSVRQGGNTIYF	TRBV30	TRBJ1-3
CASSLDAGSGYEQYF	TRBV5-1	TRBJ2-7
CASSLDEGALFTEAFF	TRBV5-1	TRBJ1-1
CASSLGLEGWDEAFF	TRBV5-1	TRBJ1-1
CASSSIPRPEAFF	TRBV5-5	TRBJ1-1
CASSLYSSSYNEQFF	TRBV5-6	TRBJ2-1
CASTISAEQYF	TRBV7-9	TRBJ2-7
CASSLDGDWRAQPQHF	TRBV11-2	TRBJ1-5
CASSLNWEQYF	TRBV11-2	TRBJ2-7
CASSLPGISYEQYF	TRBV11-2	TRBJ2-7
CASSLGTEYGYTF	TRBV12-3	TRBJ1-2
CASSLTGLEAFF	TRBV12-3	TRBJ1-1
CASRSGSYNEQFF	TRBV13	TRBJ2-1
CASGEARNQPQHF	TRBV2	TRBJ1-5
CASRAEGRTDTQYF	TRBV2	TRBJ2-3
CSAGTGDSTDTQYF	TRBV20-1	TRBJ2-3
CSAQEGRGDTGELFF	TRBV20-1	TRBJ2-2
CSARDTASAYNEQFF	TRBV20-1	TRBJ2-1
CATSEALYEQYF	TRBV24-1	TRBJ2-7
CASSDPLRKGADEQYF	TRBV25-1	TRBJ2-7
CASRIYHEQFF	TRBV27	TRBJ2-1
CASRSGGAGGEQYF	TRBV27	TRBJ2-7
CASSLRGLLGYTF	TRBV27	TRBJ1-2
CASSPTGQGETQYF	TRBV27	TRBJ2-5
CASSLGASGIRNEQFF	TRBV28	TRBJ2-1
CSAPTPTRGGYTF	TRBV29-1	TRBJ1-2
CSVEGGRGDTQYF	TRBV29-1	TRBJ2-3
CSVESETGGLNEQFF	TRBV29-1	TRBJ2-1
CSVQTTRNTQYF	TRBV29-1	TRBJ2-5
CASSHRTDYGYTF	TRBV3-1	TRBJ1-2
CASSQESRDYGYTF	TRBV4-1	TRBJ1-2
CASSHEGLGGYTF	TRBV4-2	TRBJ1-2
CASSQDLLTGEQYF	TRBV4-2	TRBJ2-7
CASRWTGEYEQYF	TRBV5-1	TRBJ2-7
CASSLGSGGEQYF	TRBV5-1	TRBJ2-7
CASSLQASGSSYNEQFF	TRBV5-1	TRBJ2-1
CASSWYRGLDYEQYF	TRBV5-1	TRBJ2-7
CASSYDRGTGELFF	TRBV5-5	TRBJ2-2
CASSLTSNTEAFF	TRBV5-8	TRBJ1-1
CASSPSPPATDTQYF	TRBV6-5	TRBJ2-3
CASSSWGTANTEAFF	TRBV6-5	TRBJ1-1
CASSLEVAGGLTDTQYF	TRBV7-6	TRBJ2-3
CASSPDRGRTNEQFF	TRBV7-7	TRBJ2-1
CASSLATGISYEQYF	TRBV7-8	TRBJ2-7
CASRPGTSGSDEQFF	TRBV7-9	TRBJ2-1
CASRREDTDTQYF	TRBV7-9	TRBJ2-3
CASSFDRAVYEQYF	TRBV7-9	TRBJ2-7
CASSNRTSGASTDTQYF	TRBV7-9	TRBJ2-3
CASSETGGTEAFF	TRBV9	TRBJ1-1
CASSPPLQGSTTYEQYF	TRBV9	TRBJ2-7
CSALTWGLAGYEQYF	TRBV20-1	TRBJ2-7
CASSPVVRAEAFF	TRBV25-1	TRBJ1-1
CASSQGAGNSPLHF	TRBV4-1	TRBJ1-6
CASSKDRGADTQYF	TRBV7-6	TRBJ2-3
CAIKYRPRTGENYGYTF	TRBV10-3	TRBJ1-2
CAISEGAGGQETQYF	TRBV10-3	TRBJ2-5
CAISGLAGVDTQYF	TRBV10-3	TRBJ2-3
CASCFMNTEAFF	TRBV12-3	TRBJ1-1
CASSPEETGELFF	TRBV12-3	TRBJ2-2
CASSILAGGPDEQFF	TRBV19	TRBJ2-1
CSADSAGGNTGELFF	TRBV20-1	TRBJ2-2
CSAIAPSQGADSIQYF	TRBV20-1	TRBJ2-4
CSAKDGISGELFF	TRBV20-1	TRBJ2-2
CSARDRNHGARVLNTEAFF	TRBV20-1	TRBJ1-1
CSAREVDAPGTQYF	TRBV20-1	TRBJ2-5
CSARGRTSAEREQYF	TRBV20-1	TRBJ2-7
CSARRGEYNEQFF	TRBV20-1	TRBJ2-1
CSARSAAGINYGYTF	TRBV20-1	TRBJ1-2
CSASRGEVGELFF	TRBV20-1	TRBJ2-2
CSAYDREQETQYF	TRBV20-1	TRBJ2-5
CASSFNFYEQYF	TRBV25-1	TRBJ2-7
CASRWDSSYNSPLHF	TRBV27	TRBJ1-6
CASSSGSYYEQYF	TRBV28	TRBJ2-7
CSVAGQPSGANVLTF	TRBV29-1	TRBJ2-6
CSVHTGHEQFF	TRBV29-1	TRBJ2-1
CASSHPTGVFYGYTF	TRBV4-1	TRBJ1-2
CASSLQVLGGETQYF	TRBV4-1	TRBJ2-5
CASSQGPRTEAFF	TRBV4-1	TRBJ1-1
CASSQGTFPAGYTF	TRBV4-1	TRBJ1-2
CASSQVQGWTEAFF	TRBV4-1	TRBJ1-1
CASRDSRGTEAFF	TRBV4-2	TRBJ1-1
CASSHGTSGYTF	TRBV4-2	TRBJ1-2
CASSLAGTDYTGELFF	TRBV5-1	TRBJ2-2
CASSLDSPRTDTQYF	TRBV5-1	TRBJ2-3
CASSLVHKNNEQFF	TRBV5-1	TRBJ2-1
CASSSWEADTQYF	TRBV5-4	TRBJ2-3
CASSVEGARFGYTF	TRBV5-4	TRBJ1-2
CASTKDRIKTQYF	TRBV5-8	TRBJ2-5
CASSYMGGVGTDTQYF	TRBV6-5	TRBJ2-3
CASSSAGVLNQPQHF	TRBV6-6	TRBJ1-5
CASSTDSGTDTQYF	TRBV7-3	TRBJ2-3
CASSFAGVNEQYF	TRBV7-6	TRBJ2-7
CASSLVGAWPQHF	TRBV7-8	TRBJ1-5
CASSLVLGIRETQYF	TRBV7-8	TRBJ2-5
CASSSRHNEKLFF	TRBV7-8	TRBJ1-4
CASSLPDGEAFF	TRBV7-9	TRBJ1-1
CASSRLATGQITDTQYF	TRBV7-9	TRBJ2-3
CASSSQGGEELFF	TRBV9	TRBJ2-2
CASSFRLAGGTDTQYF	TRBV12-3	TRBJ2-3
CASSLAGSNYGYTF	TRBV12-3	TRBJ1-2
CASGLDHGYEQYF	TRBV12-5	TRBJ2-7
CSAAASGRSYEQYF	TRBV20-1	TRBJ2-7
CSARDSGAGTDTQYF	TRBV20-1	TRBJ2-3
CATSDRPGGEQYF	TRBV24-1	TRBJ2-7
CASSPWDRQTSYEQYF	TRBV28	TRBJ2-7
CASSSSDSPLADTQYF	TRBV28	TRBJ2-3
CAWSGDSYEQYF	TRBV30	TRBJ2-7
CASSQFLGAYEQYF	TRBV4-1	TRBJ2-7
CASSFTGAYEQYF	TRBV5-1	TRBJ2-7
CASSTGTGYEQYF	TRBV5-1	TRBJ2-7
CASSYSGATSGRNEQFF	TRBV6-2	TRBJ2-1
CASSSDRDVGKLFF	TRBV7-9	TRBJ1-4
CASSPDRTGPWEEQYF	TRBV9	TRBJ2-7
CASSPEGLLGAFF	TRBV9	TRBJ1-1
CASSYSGPYEQYF	TRBV10-1	TRBJ2-7
CASTGTGNYEQYF	TRBV5-1	TRBJ2-7
CASSQTQLWEIQYF	TRBV7-2	TRBJ2-5
CASRTEGAGWTEAFF	TRBV12-3	TRBJ1-1
CATSREGGAPVSNQPQHF	TRBV15	TRBJ1-5
CASSMGRNYGYTF	TRBV19	TRBJ1-2
CASSLGGGAGNEQFF	TRBV5-6	TRBJ2-1
CASSQPGSYEQYF	TRBV14	TRBJ2-7
CATLSTRVTGELFF	TRBV15	TRBJ2-2
CATSRPGGNEQFF	TRBV15	TRBJ2-1
CASSAIRDSFYEQYF	TRBV19	TRBJ2-7
CASSIQGSSYEQYF	TRBV19	TRBJ2-7
CASSIYGLAGANNEQFF	TRBV19	TRBJ2-1
CASSSGLAGEQFF	TRBV19	TRBJ2-1
CASSLWEGTDEQFF	TRBV27	TRBJ2-1
CAWSVDGLNPLGYTF	TRBV30	TRBJ1-2
CASSQRESYNEQFF	TRBV3-1	TRBJ2-1
CASSQDLGGTYRGNEQFF	TRBV4-3	TRBJ2-1
CASRSLGGVAEAFF	TRBV5-1	TRBJ1-1
CASSLGNSSGQPQHF	TRBV5-4	TRBJ1-5
CASSQGLYEQYF	TRBV6-2	TRBJ2-7
CASSHLGTGFWGELFF	TRBV7-2	TRBJ2-2
CASSLSVGLVETQYF	TRBV7-6	TRBJ2-5
CASSLLADEQYF	TRBV7-9	TRBJ2-7
CASSVGQGSQPQHF	TRBV9	TRBJ1-5
CASSLDKDTQYF	TRBV4-1	TRBJ2-3
CAISPSSEQYF	TRBV10-3	TRBJ2-7
CASNLKGLAGGPGTQYF	TRBV12-3	TRBJ2-5
CASSFRDRSQPQHF	TRBV12-3	TRBJ1-5
CASSLVWGSGGTDTQYF	TRBV12-3	TRBJ2-3
CASSRDSSSTDTQYF	TRBV14	TRBJ2-3
CASSLSEMSSYEQYF	TRBV18	TRBJ2-7
CASTAGLVPNEQFF	TRBV19	TRBJ2-1
CASKGALEGYTF	TRBV2	TRBJ1-2
CASRSTGLAGYNEQFF	TRBV2	TRBJ2-1
CASSERVSGLNEQYF	TRBV2	TRBJ2-7
CASSFRDRGLNEQFF	TRBV2	TRBJ2-1
CSARDFRGPSYEQYF	TRBV20-1	TRBJ2-7
CSARDGRSKDEQYF	TRBV20-1	TRBJ2-7
CSARDTALVNIQYF	TRBV20-1	TRBJ2-4
CSARGDISTEAFF	TRBV20-1	TRBJ1-1
CSARGGGDLYEQYF	TRBV20-1	TRBJ2-7
CSARGGQVDTEAFF	TRBV20-1	TRBJ1-1
CSARGMATSGGPTDTQYF	TRBV20-1	TRBJ2-3
CSARRLEQYF	TRBV20-1	TRBJ2-7
CSASGSYSYEQYF	TRBV20-1	TRBJ2-7
CSASTPGEQPQHF	TRBV20-1	TRBJ1-5
CSSRGGYEQYF	TRBV20-1	TRBJ2-7
CATSDLWRQGGPDTQYF	TRBV24-1	TRBJ2-3
CATSLTTDTGELFF	TRBV24-1	TRBJ2-2
CASSNNGRFTEAFF	TRBV25-1	TRBJ1-1
CASTPGGLTEAFF	TRBV25-1	TRBJ1-1
CASRMGGKNTEAFF	TRBV27	TRBJ1-1
CASSFGGRGNYGYTF	TRBV27	TRBJ1-2
CASSFSGEQYF	TRBV28	TRBJ2-7
CASSFVGPTNSPLHF	TRBV28	TRBJ1-6
CSVGSLGGVGKNIQYF	TRBV29-1	TRBJ2-4
CASSQGGVRQGAADTQYF	TRBV3-1	TRBJ2-3
CASSQLTGEEQYF	TRBV4-1	TRBJ2-7
CTSSPRDRGNTGELFF	TRBV7-2	TRBJ2-2
CASSRERVGETQYF	TRBV4-2	TRBJ2-5
CASSGRDSHEQYF	TRBV5-1	TRBJ2-7
CASSPDRGPPLHF	TRBV5-1	TRBJ1-6
CASSFSFRMNSPLHF	TRBV5-5	TRBJ1-6
CASSLAARNTEAFF	TRBV5-5	TRBJ1-1
CASSLAGDHQPQHF	TRBV5-5	TRBJ1-5
CASNHRDRGRGADEQYF	TRBV6-1	TRBJ2-7
CASSWRDRGHGNTIYF	TRBV6-5	TRBJ1-3
CASSYDRPSFNQPQHF	TRBV6-5	TRBJ1-5
CASSYRGQVSYEQYF	TRBV6-5	TRBJ2-7
CASSYSPGGSLSYNEQFF	TRBV6-5	TRBJ2-1
CASSMGLDRGANNYEQYF	TRBV6-6	TRBJ2-7
CASSFGPRAGTTGELFF	TRBV7-3	TRBJ2-2
CASSLYTGFTNEKLFF	TRBV7-6	TRBJ1-4
CASSPTGLVDEQFF	TRBV7-6	TRBJ2-1
CASSVLTSGAGDEQFF	TRBV7-6	TRBJ2-1
CASSLAQGTDSYEQYF	TRBV7-9	TRBJ2-7
CASSLASGTDSYEQYF	TRBV7-9	TRBJ2-7
CASSYFLAGHTGELFF	TRBV7-9	TRBJ2-2
CASSFGHSQETQYF	TRBV27	TRBJ2-5
CAWDLEGGTEAFF	TRBV30	TRBJ1-1
CAWSWAAATSYEQYF	TRBV30	TRBJ2-7
CASSTGQHYEQYF	TRBV5-1	TRBJ2-7
CASSLDRTDYGYTF	TRBV5-5	TRBJ1-2
CASSYQANTGELFF	TRBV6-5	TRBJ2-2
CASSYSGQGTDTQYF	TRBV6-5	TRBJ2-3
CASSARDRVVDEQFF	TRBV7-9	TRBJ2-1
CASSARDSRYNEQFF	TRBV9	TRBJ2-1
CASSVTAGDSEQYF	TRBV9	TRBJ2-7
CASRKGVTTEAFF	TRBV11-2	TRBJ1-1
CASSFGGDEAFF	TRBV12-3	TRBJ1-1
CASSLWDRGRYEQYF	TRBV12-3	TRBJ2-7
CASSQTQALEKLFF	TRBV14	TRBJ1-4
CSANWQGGQYF	TRBV20-1	TRBJ2-7
CASSSGGEQYF	TRBV7-9	TRBJ2-7
CASSMGTGINEQFF	TRBV19	TRBJ2-1
CSAYTSGGDEQYF	TRBV20-1	TRBJ2-7
CASSHDLNSYEQYF	TRBV27	TRBJ2-7
CSVDQGANSYEQYF	TRBV29-1	TRBJ2-7
CSVNRWGNEKLFF	TRBV29-1	TRBJ1-4
CAWSRGGWGHNEQFF	TRBV30	TRBJ2-1
CAWSVGTGAYEQYF	TRBV30	TRBJ2-7
CASSQGYGSTEAFF	TRBV4-3	TRBJ1-1
CASSQGGGAADTQYF	TRBV7-6	TRBJ2-3
CASSPDRYQETQYF	TRBV7-9	TRBJ2-5
CASSVAGRGQETQYF	TRBV9	TRBJ2-5
CASSMGPGEWPQHF	TRBV19	TRBJ1-5
CASSSARATEAFF	TRBV27	TRBJ1-1
CANSLAPGATNEKLFF	TRBV7-6	TRBJ1-4
CSARDPGLAAYNEQFF	TRBV20-1	TRBJ2-1
CASSLFQGSSPLHF	TRBV27	TRBJ1-6
CASSHTLGGKQYF	TRBV4-1	TRBJ2-7
CASSQGTESYEQYF	TRBV4-1	TRBJ2-7
CASSPPRDRDPSSWFF	TRBV9	TRBJ2-1
CASRGLAGVSYEQYF	TRBV28	TRBJ2-7
CASPNPWLTRIEAFF	TRBV6-5	TRBJ1-1
CASSVDGGEQFF	TRBV9	TRBJ2-1
CASSIGSPSGRANEQFF	TRBV19	TRBJ2-1
CSAGILTSGSSYEQYF	TRBV20-1	TRBJ2-7
CSANTGAVMNTEAFF	TRBV20-1	TRBJ1-1
CATSGTVPGRTEAFF	TRBV24-1	TRBJ1-1
CACTPEIGNTIYF	TRBV30	TRBJ1-3
CAWSEGTGLYEQYF	TRBV30	TRBJ2-7
CASSQFVLGDQDLNEQFF	TRBV4-1	TRBJ2-1
CASSLEGRGYYEQYF	TRBV5-1	TRBJ2-7
CASSRDLDYEQYF	TRBV5-4	TRBJ2-7
CASSLLGYEQYF	TRBV7-2	TRBJ2-7
CASSPAGGTYEQYF	TRBV7-2	TRBJ2-7
CASSFLRDGLYNEQFF	TRBV7-6	TRBJ2-1
CAISEGASGYTF	TRBV10-3	TRBJ1-2
CASSFPGYSYEQYF	TRBV11-2	TRBJ2-7
CASSPGGLTDTQYF	TRBV12-3	TRBJ2-3
CASSYQRGAGETQYF	TRBV12-3	TRBJ2-5
CASSQEKGITGELFF	TRBV14	TRBJ2-2
CATSFRGVQFF	TRBV15	TRBJ2-1
CASRGGSKPFNEQFF	TRBV19	TRBJ2-1
CASCIAPGVQETQYF	TRBV2	TRBJ2-5
CASSDRGAYDTQYF	TRBV2	TRBJ2-3
CASSRTGRTDTQYF	TRBV2	TRBJ2-3
CSAGLAGVAISTDTQYF	TRBV20-1	TRBJ2-3
CSARAGQAGSPLHF	TRBV20-1	TRBJ1-6
CSARDERVIPNTGELFF	TRBV20-1	TRBJ2-2
CSARDFSGREKSQYF	TRBV20-1	TRBJ2-3
CSARVVSGGAPYEQYF	TRBV20-1	TRBJ2-7
CASGFGGNEAFF	TRBV27	TRBJ1-1
CASNHRGLGYEQYF	TRBV27	TRBJ2-7
CASSFAGNQPQHF	TRBV28	TRBJ1-5
CASSPQGVSSGNTIYF	TRBV28	TRBJ1-3
CASSPTYGTGGGQPQHF	TRBV3-1	TRBJ1-5
CASSQVTSTGTSETYTQYF	TRBV3-1	TRBJ2-3
CASSHEGSGGFTF	TRBV4-2	TRBJ1-2
CASSHEGSSGYTF	TRBV4-2	TRBJ1-2
CASSPGTGDNQPQHF	TRBV4-2	TRBJ1-5
CASSQEQAEPYEQYF	TRBV4-2	TRBJ2-7
CASSLGPDLNTEAFF	TRBV5-1	TRBJ1-1
CASWLNTEAFF	TRBV5-4	TRBJ1-1
CASSPQGTSGFTGELFF	TRBV5-6	TRBJ2-2
CASSGGGAIHNEQFF	TRBV6-5	TRBJ2-1
CASSEDSFNQPQHF	TRBV7-2	TRBJ1-5
CASSLTGGLRYTEAFF	TRBV7-2	TRBJ1-1
CASSFTVGGANVLTF	TRBV7-3	TRBJ2-6
CASSLVQRPGNTEAFF	TRBV7-8	TRBJ1-1
CASSPTNGRSAGGTRGYTF	TRBV7-8	TRBJ1-2
CASRLDSLNYGYTF	TRBV7-9	TRBJ1-2
CASSLRDRAPNEQFF	TRBV7-9	TRBJ2-1
CASSLSRGQTSYEQYF	TRBV7-9	TRBJ2-7
CASSVETSGRLNEQFF	TRBV9	TRBJ2-1
CASSVGLAGGGEQFF	TRBV9	TRBJ2-1
CAISDLKNYGYTF	TRBV10-3	TRBJ1-2
CAISDRGGPTYEQYF	TRBV10-3	TRBJ2-7
CAISELAGVHEQYF	TRBV10-3	TRBJ2-7
CASSQSYEQYF	TRBV11-2	TRBJ2-7
CASSSGTGAEYQETQYF	TRBV11-3	TRBJ2-5
CASSHSGGEQYF	TRBV12-3	TRBJ2-7
CASSLGSGELFF	TRBV12-3	TRBJ2-2
CASSSRTGWASAFF	TRBV12-3	TRBJ1-1
CASSYRKSTDGQGLFF	TRBV12-3	TRBJ2-1
CATHPWGAGGYTF	TRBV12-3	TRBJ1-2
CASSLPVGDYTGELFF	TRBV13	TRBJ2-2
CATSRDRANYGYTF	TRBV15	TRBJ1-2
CATSRVQQENEKLFF	TRBV15	TRBJ1-4
CASSPNRQGHGHGYTF	TRBV16	TRBJ1-2
CASSPPQDNREETQYF	TRBV18	TRBJ2-5
CASSPSSAIYEQYF	TRBV18	TRBJ2-7
CASSLGSGSEQYF	TRBV19	TRBJ2-7
CASSPDIGGYQPQHF	TRBV19	TRBJ1-5
CASSVRTTGSTDTQYF	TRBV19	TRBJ2-3
CASRELSQYF	TRBV2	TRBJ2-7
CASSEGQVSPGELFF	TRBV2	TRBJ2-2
CASSPTLRPPIAKNIQYF	TRBV2	TRBJ2-4
CSARDLLAGVYNEQFF	TRBV20-1	TRBJ2-1
CSARGLSGGDYEQYF	TRBV20-1	TRBJ2-7
CSARSPLTEGSSGNTIYF	TRBV20-1	TRBJ1-3
CSASSSELHKSYNEQFF	TRBV20-1	TRBJ2-1
CASSVLNNEQFF	TRBV25-1	TRBJ2-1
CASSFSGKLFSGANVLTF	TRBV27	TRBJ2-6
CASSLALSRIYNEQFF	TRBV27	TRBJ2-1
CASSPGAAGTEAFF	TRBV27	TRBJ1-1
CASSPGGAQETQYF	TRBV27	TRBJ2-5
CASSSRLTGELFF	TRBV27	TRBJ2-2
CASSYLTGSTEAFF	TRBV27	TRBJ1-1
CASSFPSDGSSYNEQFF	TRBV28	TRBJ2-1
CASSLLKRFWETQYF	TRBV28	TRBJ2-5
CASSLPERKYNEQFF	TRBV28	TRBJ2-1
CASSNVEGTGETQYF	TRBV28	TRBJ2-5
CSALRTDYYEQYF	TRBV29-1	TRBJ2-7
CSGYTGTEAFF	TRBV29-1	TRBJ1-1
CSVGPGTLANTEAFF	TRBV29-1	TRBJ1-1
CSVVDTNTGELFF	TRBV29-1	TRBJ2-2
CASSLQGLVDTGELFF	TRBV3-1	TRBJ2-2
CASSQTAGAQGYYGYTF	TRBV3-1	TRBJ1-2
CASSVTARGPFLLYNSPLHF	TRBV3-1	TRBJ1-6
CASSLGTNGYNEQFF	TRBV4-1	TRBJ2-1
CASSQDSYGGLGNTIYF	TRBV4-2	TRBJ1-3
CASSPWTSANEQFF	TRBV4-3	TRBJ2-1
CASSQDIRQNTGELFF	TRBV4-3	TRBJ2-2
CASSQPWVAGGQNEQFF	TRBV4-3	TRBJ2-1
CASSEGTSVPLAELFF	TRBV5-1	TRBJ2-2
CASSGRTEGDYGYTF	TRBV5-1	TRBJ1-2
CASSLGEFTGTDTQYF	TRBV5-1	TRBJ2-3
CASSWGGNTQYF	TRBV5-4	TRBJ2-3
CASSSGLISFYEQYF	TRBV5-5	TRBJ2-7
CASSDASTEAFF	TRBV6-1	TRBJ1-1
CASSEAGGRGTDTQYF	TRBV6-1	TRBJ2-3
CASSEWTGYQPQHF	TRBV6-1	TRBJ1-5
CASETEGVLGGYTF	TRBV6-2	TRBJ1-2
CASSSRLAGKGNEQFF	TRBV6-2	TRBJ2-1
CASSYRDTGELFF	TRBV6-2	TRBJ2-2
CASSDLAGAGYNEQFF	TRBV6-4	TRBJ2-1
CASSDRASTDTQYF	TRBV6-4	TRBJ2-3
CASSYSIRDELNTEAFF	TRBV6-6	TRBJ1-1
CASSSQPAETQYF	TRBV7-3	TRBJ2-5
CASSLGGGNTEAFF	TRBV7-6	TRBJ1-1
CASSSPWTDSYNEQFF	TRBV7-8	TRBJ2-1
CASSIQREGGTDTQYF	TRBV7-9	TRBJ2-3
CASSLGAEEQYF	TRBV7-9	TRBJ2-7
CASSPDRGDPYEQYF	TRBV7-9	TRBJ2-7
CASSPSGFTDTQYF	TRBV7-9	TRBJ2-3
CASSAGGLAGDEQYF	TRBV9	TRBJ2-7
CASSGGGGTEAFF	TRBV9	TRBJ1-1
CASSNTGTGYNEQFF	TRBV9	TRBJ2-1
CASSPATGNTEAFF	TRBV9	TRBJ1-1
CASSPTASTDTQYF	TRBV9	TRBJ2-3
CASSQSGGGPYEQYF	TRBV9	TRBJ2-7
CASSVYGANNEQFF	TRBV9	TRBJ2-1
CASSQEETGLSEKLFF	TRBV3-1	TRBJ1-4
CAITEGGAHNYEQYF	TRBV10-3	TRBJ2-7
CASSEGTDTQYF	TRBV19	TRBJ2-3
CASSIAGSGELFF	TRBV19	TRBJ2-2
CSAPSGTSTDTQYF	TRBV20-1	TRBJ2-3
CSAREQGVYTEAFF	TRBV20-1	TRBJ1-1
CSARGTSGMGYEQYF	TRBV20-1	TRBJ2-7
CSARSAPGTALGTPSTAGTDTQYF	TRBV20-1	TRBJ2-3
CSAVSDSSYNEQFF	TRBV20-1	TRBJ2-1
CASSLVGSSYEQYF	TRBV27	TRBJ2-7
CASSLPTSGSSTDTQYF	TRBV28	TRBJ2-3
CASSPRLAGEINNEQFF	TRBV28	TRBJ2-1
CAWSVGAGNTEAFF	TRBV30	TRBJ1-1
CASSQVYGAPDQPQHF	TRBV4-1	TRBJ1-5
CASSSAGGGRDRDYEQYF	TRBV7-9	TRBJ2-7
CASSVSSDTDTQYF	TRBV9	TRBJ2-3
CASSPSGRIHEQFF	TRBV27	TRBJ2-1
CASSLEATRYNEQFF	TRBV5-1	TRBJ2-1
CASSEFEGVNTEAFF	TRBV25-1	TRBJ1-1
CSVDWTGDSGNTIYF	TRBV29-1	TRBJ1-3
CASSQDLGGSKTQYF	TRBV4-1	TRBJ2-5
CAISESRTGAYEQYF	TRBV10-3	TRBJ2-7
CASSPGGGNQPQHF	TRBV12-3	TRBJ1-5
CASSEGGPYEQYF	TRBV19	TRBJ2-7
CASSPYTGNEQFF	TRBV19	TRBJ2-1
CASSEGQGHQPQHF	TRBV2	TRBJ1-5
CSAIRTGGHNSPLHF	TRBV20-1	TRBJ1-6
CSAREGGAYEQYF	TRBV20-1	TRBJ2-7
CSAREGQDKSYNSPLHF	TRBV20-1	TRBJ1-6
CSVTSRGGTREQYF	TRBV20-1	TRBJ2-7
CASSLWGNQPQHF	TRBV27	TRBJ1-5
CASSLLQGGEQYF	TRBV28	TRBJ2-7
CSVEWVHEQYF	TRBV29-1	TRBJ2-7
CAWSEDNEQFF	TRBV30	TRBJ2-1
CASSQDRAGGYGYTF	TRBV4-3	TRBJ1-2
CASSLVPGINSYEQYF	TRBV5-4	TRBJ2-7
CASSSREGSGRERNTEAFF	TRBV5-4	TRBJ1-1
CASSSVDRGRFDEQYF	TRBV5-5	TRBJ2-7
CASSYSPSGKEQFF	TRBV6-5	TRBJ2-1
CASSLEEGYEQYF	TRBV7-7	TRBJ2-7
CASSLVLTGINYGYTF	TRBV7-9	TRBJ1-2
CASTQLEGTQYF	TRBV7-9	TRBJ2-5
CASSPVMNTEAFF	TRBV19	TRBJ1-1
CASSTRTGNPYGYTF	TRBV5-1	TRBJ1-2
CASSFRATSENTGELFF	TRBV11-2	TRBJ2-2
CASRPRTGTEAFF	TRBV12-3	TRBJ1-1
CASSRSGRDSYNEQFF	TRBV12-3	TRBJ2-1
CASSLPGQGDEQYF	TRBV13	TRBJ2-7
CASSGTGGFYEQFF	TRBV14	TRBJ2-1
CASSLAGVSYEQYF	TRBV14	TRBJ2-7
CASSQVGYRTYEQYF	TRBV14	TRBJ2-7
CATSIDTSPLHF	TRBV15	TRBJ1-6
CASSPGPKETQYF	TRBV18	TRBJ2-5
CASSPWASGQQETQYF	TRBV18	TRBJ2-5
CASSIPATPTDTQYF	TRBV19	TRBJ2-3
CASKTGQGSTDTQYF	TRBV2	TRBJ2-3
CASSLPGQGENTEAFF	TRBV2	TRBJ1-1
CSAPRTGSNEQFF	TRBV20-1	TRBJ2-1
CSARDPQTGTDFYQPQHF	TRBV20-1	TRBJ1-5
CSARDPRRKAHEQYF	TRBV20-1	TRBJ2-7
CSARRLNTEAFF	TRBV20-1	TRBJ1-1
CSASFESRSYNEQFF	TRBV20-1	TRBJ2-1
CATSGTGDNEQFF	TRBV24-1	TRBJ2-1
CASLTRLAGGLYEQYF	TRBV27	TRBJ2-7
CASSPGTGDADEQYF	TRBV27	TRBJ2-7
CASSWGTVYEQYF	TRBV27	TRBJ2-7
CASSPTGQGAYNEQFF	TRBV28	TRBJ2-1
CASSTRDSLLETQYF	TRBV28	TRBJ2-5
CASSQSQALAGDEQYF	TRBV3-1	TRBJ2-7
CATTTEANTGELFF	TRBV3-1	TRBJ2-2
CASSLTRAGGGYTF	TRBV4-1	TRBJ1-2
CASSQDLVAEAFF	TRBV4-2	TRBJ1-1
CASSQGNRVENTEAFF	TRBV4-2	TRBJ1-1
CASRLAGAADTQYF	TRBV5-1	TRBJ2-3
CASSLAGTDIYEQYF	TRBV5-1	TRBJ2-7
CASSLAQGLTYEQYF	TRBV5-1	TRBJ2-7
CASSLDASGSSYNEQFF	TRBV5-1	TRBJ2-1
CASSLGGNEQFF	TRBV5-1	TRBJ2-1
CASSLGTGEGTYNEQFF	TRBV5-1	TRBJ2-1
CASSLKTGFDEQFF	TRBV5-1	TRBJ2-1
CASSLVAGQIITDTQYF	TRBV5-6	TRBJ2-3
CASSGTGGSTEAFF	TRBV6-1	TRBJ1-1
CASSYGRETGELFF	TRBV6-5	TRBJ2-2
CASSLATGRHNEQFF	TRBV7-2	TRBJ2-1
CASSLIGRGTYEQYF	TRBV7-2	TRBJ2-7
CASSLRPLTPGQGFYEQYF	TRBV7-7	TRBJ2-7
CASSLEQGYEQYF	TRBV7-8	TRBJ2-7
CASSLSGMLNQPQHF	TRBV7-8	TRBJ1-5
CASSSFGFTEAFF	TRBV7-8	TRBJ1-1
CASSLAIGQGNYEQYF	TRBV7-9	TRBJ2-7
CASSLARGQYSYEQYF	TRBV7-9	TRBJ2-7
CASSLARGTGSYEQYF	TRBV7-9	TRBJ2-7
CASSLDGGTAYEQYF	TRBV7-9	TRBJ2-7
CASSLGGEGSGYTF	TRBV7-9	TRBJ1-2
CASSPGTVNTDTQYF	TRBV7-9	TRBJ2-3
CASSQRTSGNTDTQYF	TRBV7-9	TRBJ2-3
CASSGDIGGTEAFF	TRBV9	TRBJ1-1
CASSMYDSNQPQHF	TRBV19	TRBJ1-5
CAWSEDRNTEAFF	TRBV30	TRBJ1-1
CAWSVYTSGGDTQYF	TRBV30	TRBJ2-3
CASSFPLGGTYEQYF	TRBV5-6	TRBJ2-7
CASSLGQTPYEQYF	TRBV5-6	TRBJ2-7
CASSLGSGGSYEQYF	TRBV5-6	TRBJ2-7
CASSSPLAPGIDEQFF	TRBV7-2	TRBJ2-1
CASSDPPSGGNTDTQYF	TRBV7-3	TRBJ2-3
CASSLGLTAYNEQFF	TRBV7-6	TRBJ2-1
CASSRPGHPYEQYF	TRBV7-6	TRBJ2-7
CASSLPGTGHGNEQFF	TRBV7-9	TRBJ2-1
CASSIGTGFHTEAFF	TRBV19	TRBJ1-1
CASSLPPGATNEKLFF	TRBV7-6	TRBJ1-4
CASSQDGLAGAHTDTQYF	TRBV4-1	TRBJ2-3
CASSVVGGTDEQYF	TRBV9	TRBJ2-7
CASSQVIGNSPLHF	TRBV14	TRBJ1-6
CAISEGGGVTEAFF	TRBV10-3	TRBJ1-1
CAISEGTNTGELFF	TRBV10-3	TRBJ2-2
CASSEIGWGEQYF	TRBV11-2	TRBJ2-7
CASSLAQGWTEAFF	TRBV11-2	TRBJ1-1
CASSLGREGQDTQYF	TRBV11-2	TRBJ2-3
CASRLLGVNEQYF	TRBV12-3	TRBJ2-7
CASSPSGPSNQPQHF	TRBV12-3	TRBJ1-5
CASSQGTGGFYEQYF	TRBV13	TRBJ2-7
CATSRVSWTDEQYF	TRBV15	TRBJ2-7
CASSSISGSYNEQFF	TRBV19	TRBJ2-1
CATSDFLNTGELFF	TRBV24-1	TRBJ2-2
CASSIRTGQTGELFF	TRBV28	TRBJ2-2
CAWSGGLNTEAFF	TRBV30	TRBJ1-1
CASSQDGGVRQYF	TRBV3-1	TRBJ2-7
CASSLEQGNNEQFF	TRBV5-1	TRBJ2-1
CASSLDRGSSYEQYF	TRBV5-6	TRBJ2-7
CASSLQRELGNEQFF	TRBV5-6	TRBJ2-1
CASSLAGGRDEQYF	TRBV9	TRBJ2-7
CASSSTRGVGQPQHF	TRBV5-6	TRBJ1-5
CASSEGVMVTEAFF	TRBV10-2	TRBJ1-1
CASTKGFSGGASLYEQYF	TRBV10-2	TRBJ2-7
CASSLERDEQFF	TRBV11-2	TRBJ2-1
CASSLSHEGRNTEAFF	TRBV11-3	TRBJ1-1
CASSAGTGFLFF	TRBV12-3	TRBJ2-1
CASSFEGQLAYEQYF	TRBV12-3	TRBJ2-7
CASSLATGMTEAFF	TRBV12-3	TRBJ1-1
CASSLQVGMNTEAFF	TRBV12-3	TRBJ1-1
CASSPGDRGIGGAQYF	TRBV12-3	TRBJ2-3
CASSPGQSLIYEQYF	TRBV12-3	TRBJ2-7
CASSPLGQNTEAFF	TRBV12-3	TRBJ1-1
CASSFGARGRNYEQYF	TRBV13	TRBJ2-7
CASRYQGGEQFF	TRBV14	TRBJ2-1
CATSKDPSTGSDEQYF	TRBV15	TRBJ2-7
CATSLSGGGSDTQYF	TRBV15	TRBJ2-3
CASSQGLAGDTDTQYF	TRBV16	TRBJ2-3
CASSRDPSSGANVLTF	TRBV19	TRBJ2-6
CASHPPGLGDNEQFF	TRBV2	TRBJ2-1
CASSEARSLQETQYF	TRBV2	TRBJ2-5
CSARDRASAEQYF	TRBV20-1	TRBJ2-7
CSARGLAQQETQYF	TRBV20-1	TRBJ2-5
CSASSGALSISYEQYF	TRBV20-1	TRBJ2-7
CSPRPLSSYNSPLHF	TRBV20-1	TRBJ1-6
CASNRGAEPQHF	TRBV25-1	TRBJ1-5
CASRDGGRIDETQYF	TRBV25-1	TRBJ2-5
CAFF	TRBV27	TRBJ1-1
CASSFIGTNNNEQFF	TRBV27	TRBJ2-1
CASSLGGEAFF	TRBV27	TRBJ1-1
CASSLLDSHSYEQYF	TRBV27	TRBJ2-7
CASSWGTSGSNEQFF	TRBV27	TRBJ2-1
CASSYSGRSYEQYF	TRBV27	TRBJ2-7
CASVGVDTSYGYTF	TRBV27	TRBJ1-2
CASSFTSGGVTDTQYF	TRBV28	TRBJ2-3
CASSRLLGQRQETQYF	TRBV28	TRBJ2-5
CASTAGASGTDTQYF	TRBV28	TRBJ2-3
CASSHESSGGYTF	TRBV4-2	TRBJ1-2
CASSREGSGGYTF	TRBV4-2	TRBJ1-2
CTSSHEGSGGYTF	TRBV7-2	TRBJ1-2
CASSSVPTGENTEAFF	TRBV5-1	TRBJ1-1
CASRGDSYNEQFF	TRBV5-4	TRBJ2-1
CATRRGDEQYF	TRBV5-4	TRBJ2-7
CASSFRDRPYEQYF	TRBV5-5	TRBJ2-7
CASSPQTGLYGYTF	TRBV6-9	TRBJ1-2
CASSLGGSTDTQYF	TRBV7-3	TRBJ2-3
CASSPDVAGNSYNEQFF	TRBV7-3	TRBJ2-1
CASSTGPRGVNQPQHF	TRBV7-6	TRBJ1-5
CASSWDPAGTYNEQFF	TRBV7-6	TRBJ2-1
CASSSGTSGNGATDTQYF	TRBV7-9	TRBJ2-3
CASSPITGTNEKLFF	TRBV6-5	TRBJ1-4
CAIRDRDRNYEQYF	TRBV10-3	TRBJ2-7
CAIRKTENTEAFF	TRBV10-3	TRBJ1-1
CAITPLGLPYEQYF	TRBV10-3	TRBJ2-7
CASSLSSQSYEQYF	TRBV11-2	TRBJ2-7
CASSPPGTGGPGELFF	TRBV11-2	TRBJ2-2
CASRGTSGGPNTGELFF	TRBV12-3	TRBJ2-2
CASRSGTGGYEQYF	TRBV12-3	TRBJ2-7
CASSATDAYEQYF	TRBV12-3	TRBJ2-7
CASSFSGQPKAFF	TRBV12-3	TRBJ1-1
CASSHRENTEAFF	TRBV12-3	TRBJ1-1
CASSLAANTGELFF	TRBV12-3	TRBJ2-2
CASSLWGRSNYGYTF	TRBV12-3	TRBJ1-2
CASSQGSGELFF	TRBV12-3	TRBJ2-2
CASRGRTGTNEKLFF	TRBV13	TRBJ1-4
CASSLGTMNTEAFF	TRBV13	TRBJ1-1
CASSPRTSGSSTDTQYF	TRBV18	TRBJ2-3
CASIKGLMNTEAFF	TRBV19	TRBJ1-1
CASKERRENHNEQFF	TRBV19	TRBJ2-1
CASLPRGGPGANVLTF	TRBV19	TRBJ2-6
CASNWADYSNQPQHF	TRBV19	TRBJ1-5
CASSIAAGASNYGYTF	TRBV19	TRBJ1-2
CASSIFSGVSYNEQFF	TRBV19	TRBJ2-1
CASSILPPPAGLNNEQFF	TRBV19	TRBJ2-1
CASGDLNEQFF	TRBV2	TRBJ2-1
CASSRMVVAGVGTDTQYF	TRBV2	TRBJ2-3
CSALAGGPDEQYF	TRBV20-1	TRBJ2-7
CSAPGGGLTDTQYF	TRBV20-1	TRBJ2-3
CSAQLQLGNEQFF	TRBV20-1	TRBJ2-1
CSARDGLAGFSYEQYF	TRBV20-1	TRBJ2-7
CSARDHCGVSVGETQYF	TRBV20-1	TRBJ2-5
CSARDLKATLSYEQYF	TRBV20-1	TRBJ2-7
CSARDLRGQGDNSPLHF	TRBV20-1	TRBJ1-6
CSARDLSSNQPQHF	TRBV20-1	TRBJ1-5
CSARGHTRSGTEAFF	TRBV20-1	TRBJ1-1
CSARGLAGGPVETQYF	TRBV20-1	TRBJ2-5
CSARRLAGGSYNEQFF	TRBV20-1	TRBJ2-1
CSARVSSASGTYEQYF	TRBV20-1	TRBJ2-7
CSATIEGEYYGYTF	TRBV20-1	TRBJ1-2
CSATLLGLWGDEQFF	TRBV20-1	TRBJ2-1
CSAVLDRGTGESYEQYF	TRBV20-1	TRBJ2-7
CATSDGLAGDYEETQYF	TRBV24-1	TRBJ2-5
CASNGLGPHTDTQYF	TRBV25-1	TRBJ2-3
CASKVSLSETQYF	TRBV27	TRBJ2-5
CASRYRGPVGEQYF	TRBV27	TRBJ2-7
CASSGRDRAYNEQFF	TRBV27	TRBJ2-1
CASSLDGAYNEQFF	TRBV27	TRBJ2-1
CASSLEGPRSGSIWELFF	TRBV27	TRBJ2-2
CASSLVDSIGEQFF	TRBV27	TRBJ2-1
CASSPTSTLNTEAFF	TRBV27	TRBJ1-1
CASSYGKGGELFF	TRBV27	TRBJ2-2
CASSYGNPNTGELFF	TRBV27	TRBJ2-2
CASSYGYGEKLFF	TRBV27	TRBJ1-4
CASTYQAGFYNEQFF	TRBV27	TRBJ2-1
CASRTQGEVGELFF	TRBV28	TRBJ2-2
CASRTSGTLLYEQYF	TRBV28	TRBJ2-7
CASSDLYGNEQFF	TRBV28	TRBJ2-1
CASSDPGDYGYTF	TRBV28	TRBJ1-2
CASSLSGDTGELFF	TRBV28	TRBJ2-2
CASSSLNGAVNTGELFF	TRBV28	TRBJ2-2
CSGIVLAGADNEQFF	TRBV29-1	TRBJ2-1
CSGLALGGEEQYF	TRBV29-1	TRBJ2-7
CSGTPGQGVGTETQYF	TRBV29-1	TRBJ2-5
CSVDSGRAGYEQYF	TRBV29-1	TRBJ2-7
CSVEGWDRSSTDTQYF	TRBV29-1	TRBJ2-3
CSVEVNTEAFF	TRBV29-1	TRBJ1-1
CSVYPGQNNEQFF	TRBV29-1	TRBJ2-1
CAWSGEGDPTDTQYF	TRBV30	TRBJ2-3
CAWSQGTSGGTDTQYF	TRBV30	TRBJ2-3
CASSQDLRQGDQPQHF	TRBV3-1	TRBJ1-5
CASSQQMVSSASGTALSGNTIYF	TRBV3-1	TRBJ1-3
CASSQDEGELKLFF	TRBV4-1	TRBJ1-4
CASSQDWGSSYEQYF	TRBV4-1	TRBJ2-7
CASSQLLADPPDEQFF	TRBV4-1	TRBJ2-1
CASSLNPQQPQHF	TRBV4-3	TRBJ1-5
CASSQGSGVGEQFF	TRBV4-3	TRBJ2-1
CASSQLLAGGSGNIQYF	TRBV4-3	TRBJ2-4
CASSFQERTDTQYF	TRBV5-1	TRBJ2-3
CASSLGVYEQYF	TRBV5-1	TRBJ2-7
CASSLPGTFLGGCGNQPQHF	TRBV5-1	TRBJ1-5
CASSPWTEAFF	TRBV5-1	TRBJ1-1
CASSLATGGTDSPLHF	TRBV5-4	TRBJ1-6
CASSLNPWGTDTQYF	TRBV5-6	TRBJ2-3
CASSLRQYEQYF	TRBV5-6	TRBJ2-7
CASSEPIVTLGFCEQYF	TRBV6-2	TRBJ2-7
CASSSRGFTYEQYF	TRBV6-2	TRBJ2-7
CASSTGVMTGALGNQPQHF	TRBV6-2	TRBJ1-5
CASSWTGDNEQFF	TRBV6-2	TRBJ2-1
CASSYWGALGDTQYF	TRBV6-2	TRBJ2-3
CASSDAGGTGNEQFF	TRBV6-4	TRBJ2-1
CASSDKPGLAGPDTQYF	TRBV6-4	TRBJ2-3
CASSYGTGFEAFF	TRBV6-5	TRBJ1-1
CASSYSSGGLQETQYF	TRBV6-6	TRBJ2-5
CASKFAGGPYEQYF	TRBV7-2	TRBJ2-7
CASSGTSGGYNEQFF	TRBV7-2	TRBJ2-1
CASSLIPVSGELFF	TRBV7-3	TRBJ2-2
CASSLKILTVGRYNEQFF	TRBV7-3	TRBJ2-1
CASSLRQGLINEQFF	TRBV7-3	TRBJ2-1
CASSLYGANEQFF	TRBV7-3	TRBJ2-1
CASSRTGTSEQYF	TRBV7-6	TRBJ2-7
CASSLEAGAYEQYF	TRBV7-8	TRBJ2-7
CASSLIASHYSEQFF	TRBV7-8	TRBJ2-1
CASSLIPRTGNINQPQHF	TRBV7-8	TRBJ1-5
CASSLLGDTGRTEAFF	TRBV7-8	TRBJ1-1
CASSPAYQETQYF	TRBV7-8	TRBJ2-5
CASSSQGSNSYNEQFF	TRBV7-8	TRBJ2-1
CASTPGVGGRSRYNEQFF	TRBV7-8	TRBJ2-1
CASSKEVAGYEQFF	TRBV7-9	TRBJ2-1
CASSLGQGITEAFF	TRBV7-9	TRBJ1-1
CASSAQLAPSYNEQFF	TRBV9	TRBJ2-1
CASSESGTEHEQYF	TRBV9	TRBJ2-7
CASSVASGGFSDTQYF	TRBV9	TRBJ2-3
CASSVSGDFTYNEQFF	TRBV9	TRBJ2-1
CASSWTDENMNTEAFF	TRBV11-2	TRBJ1-1
CASTSMSKGRPYEQYF	TRBV12-3	TRBJ2-7
CSARPPDASGYTF	TRBV20-1	TRBJ1-2
CASSLGLDTQYF	TRBV28	TRBJ2-3
CATEDSYNSPLHF	TRBV30	TRBJ1-6
CAWSIIQGAPMYGYTF	TRBV30	TRBJ1-2
CAWSLTINTEAFF	TRBV30	TRBJ1-1
CAWSVGNRGNEQYF	TRBV30	TRBJ2-7
CASSLVASGGPPYEQYF	TRBV5-1	TRBJ2-7
CASSAPSGVEQYF	TRBV5-6	TRBJ2-7
CASTNLGTSQFYEQYF	TRBV6-2	TRBJ2-7
CASSEGNTGELFF	TRBV6-4	TRBJ2-2
CASSYYAAGLGTGELFF	TRBV6-5	TRBJ2-2
CASSSTGTGGRAYNEQFF	TRBV7-9	TRBJ2-1
CASSVASGQGYEQYF	TRBV9	TRBJ2-7
CASRPTANYGYTF	TRBV14	TRBJ1-2
CASSPAFSPKNQPQHF	TRBV18	TRBJ1-5
CASRPTTSSYNEQFF	TRBV28	TRBJ2-1
CASSGGGQGYNEQFF	TRBV9	TRBJ2-1
CASSLAPRATNEKLFF	TRBV7-6	TRBJ1-4
CASSFPSQNTGELFF	TRBV28	TRBJ2-2
CAIRDGRHSYEQYF	TRBV10-3	TRBJ2-7
CSDAGPLGTDTQYF	TRBV20-1	TRBJ2-3
CASSRQTGTSYGYTF	TRBV6-5	TRBJ1-2
CASSQDPGPNSNQPQHF	TRBV4-3	TRBJ1-5
CATSTWDRGSGANVLTF	TRBV15	TRBJ2-6
CASSFSGGAVSPLHF	TRBV27	TRBJ1-6
CASSFRLQRESDTEAFF	TRBV11-2	TRBJ1-1
CASSPGQGAEAFF	TRBV11-2	TRBJ1-1
CASSSRTSGRFYEQYF	TRBV12-3	TRBJ2-7
CASSQGSDEPNTGELFF	TRBV14	TRBJ2-2
CATGDRNTDTQYF	TRBV15	TRBJ2-3
CASSGDRGTEAFF	TRBV18	TRBJ1-1
CASSATSTGELFF	TRBV19	TRBJ2-2
CSAPPGLAVYNEQFF	TRBV20-1	TRBJ2-1
CSARGPGAISYEQYF	TRBV20-1	TRBJ2-7
CATSDPGTSGSYEQYF	TRBV24-1	TRBJ2-7
CASRDAGGTEAFF	TRBV27	TRBJ1-1
CASRETGVYNEQFF	TRBV27	TRBJ2-1
CASRLRDGLYTEAFF	TRBV5-1	TRBJ1-1
CASSSAGVVHEQYF	TRBV5-4	TRBJ2-7
CASSLGQGVFYEQYF	TRBV5-6	TRBJ2-7
CASSFTGSPLHF	TRBV7-3	TRBJ1-6
CASSQGLTSEQFF	TRBV7-6	TRBJ2-1
CASSSGTSGGETQYF	TRBV10-2	TRBJ2-5
CATSDLPVDSYTDTQYF	TRBV24-1	TRBJ2-3
CAGSQTQLWETQYF	TRBV7-2	TRBJ2-5
CASSIFGGQIYEQYF	TRBV19	TRBJ2-7
CASNPQGSNQPQHF	TRBV27	TRBJ1-5
CASSAWLPLNYEQYF	TRBV2	TRBJ2-7
CASSDLGAGDQPQHF	TRBV2	TRBJ1-5
CSARDLKGSSYNEQFF	TRBV20-1	TRBJ2-1
CASRPGVMNTEAFF	TRBV27	TRBJ1-1
CASSPFRTGIGNEQFF	TRBV27	TRBJ2-1
CSGGLAGGPDPYNEQFF	TRBV29-1	TRBJ2-1
CSVEDDRYQETQYF	TRBV29-1	TRBJ2-5
CASSQDLAGHTGELFF	TRBV3-1	TRBJ2-2
CASSHADRVFTGELFF	TRBV4-1	TRBJ2-2
CASSPRAGEGTEAFF	TRBV4-1	TRBJ1-1
CASSQEGGILAEQFF	TRBV4-1	TRBJ2-1
CASSLEVSGDDEQFF	TRBV5-4	TRBJ2-1
CASSRGLAGGYNEQFF	TRBV6-2	TRBJ2-1
CASSYRPIFWEQYF	TRBV6-5	TRBJ2-7
CASSYSNEQYF	TRBV6-5	TRBJ2-7
CASSRTQLWETQYF	TRBV7-2	TRBJ2-5
CASSLRGSHETQYF	TRBV7-6	TRBJ2-5
CASSFWRYEQYF	TRBV7-7	TRBJ2-7
CASSKSPTGTHSTDTQYF	TRBV7-9	TRBJ2-3
CASSLGQGGIDGSRHEQFF	TRBV7-9	TRBJ2-1
CASSSEGDTEAFF	TRBV9	TRBJ1-1
CASSVVAEDTDTQYF	TRBV9	TRBJ2-3
CASSYLGRGEETQYF	TRBV11-2	TRBJ2-5
CASSPPGLEWGYTF	TRBV12-3	TRBJ1-2
CATSREWASGTYEQYF	TRBV15	TRBJ2-7
CASSDYLYEQYF	TRBV2	TRBJ2-7
CSARGLADFVDTQYF	TRBV20-1	TRBJ2-3
CASSQGPIKNIPYNEQFF	TRBV5-6	TRBJ2-1
CASSYPGLANEQFF	TRBV6-6	TRBJ2-1
CAISGWRQGSYEQYF	TRBV10-3	TRBJ2-7
CASSLGGTGAAGQPQHF	TRBV11-2	TRBJ1-5
CASSLGTIQGANYGYTF	TRBV13	TRBJ1-2
CASSIAYEGLRTEAFF	TRBV19	TRBJ1-1
CASSPQGDGEKLFF	TRBV19	TRBJ1-4
CSARDPTSYEQYF	TRBV20-1	TRBJ2-7
CAAGAGLSYEQYF	TRBV27	TRBJ2-7
CASSQEQGGDEQFF	TRBV3-1	TRBJ2-1
CASSQDRVVNEQFF	TRBV4-1	TRBJ2-1
CASSLGGTTEAFF	TRBV5-6	TRBJ1-1
CASSFEGNEQFF	TRBV7-9	TRBJ2-1
CASSPGGSEQYF	TRBV7-9	TRBJ2-7
CASSPRDRESPEQYF	TRBV7-9	TRBJ2-7
CASSVGGVSTDTQYF	TRBV9	TRBJ2-3
CASSLDGALVTDTQYF	TRBV11-2	TRBJ2-3
CASAPQGENQPQHF	TRBV12-3	TRBJ1-5
CASSYTLTGLNTEAFF	TRBV12-3	TRBJ1-1
CASSLEGDPFYEQYF	TRBV13	TRBJ2-7
CASSQVGTYGYTF	TRBV14	TRBJ1-2
CATSPTGVNTDTQYF	TRBV15	TRBJ2-3
CATSRIPGGVTDTQYF	TRBV15	TRBJ2-3
CASCAGGQGSDTQYF	TRBV19	TRBJ2-3
CASKVTGDVNEQFF	TRBV19	TRBJ2-1
CASSPRGGRTGELFF	TRBV19	TRBJ2-2
CASSTTRSTLNEQFF	TRBV19	TRBJ2-1
CASYTAGLNAEAFF	TRBV19	TRBJ1-1
CASSPGQGVNTEAFF	TRBV2	TRBJ1-1
CSARDSSGSRLTLAETQYF	TRBV20-1	TRBJ2-5
CSARVADSHYEQYF	TRBV20-1	TRBJ2-7
CSASRRGVQMNTEAFF	TRBV20-1	TRBJ1-1
CATSDYSGSVNEQYF	TRBV24-1	TRBJ2-7
CASMGGNIQYF	TRBV25-1	TRBJ2-4
CASRDGGQIDESQYF	TRBV25-1	TRBJ2-5
CASRPPGVYEQYF	TRBV27	TRBJ2-7
CASSLGGQNSPLHF	TRBV27	TRBJ1-6
CASSPGTSGAFAVNEQFF	TRBV27	TRBJ2-1
CASSSGGGPQHF	TRBV27	TRBJ1-5
CASSSYNSPLHF	TRBV27	TRBJ1-6
CASSFWWGSTDTQYF	TRBV28	TRBJ2-3
CASSHLQGSHGYTF	TRBV28	TRBJ1-2
CASSLSLAHEQYF	TRBV28	TRBJ2-7
CSVDRENTGELFF	TRBV29-1	TRBJ2-2
CSVELRNEQFF	TRBV29-1	TRBJ2-1
CSVRGPKGATNYGYTF	TRBV29-1	TRBJ1-2
CASSHVGRTDTQYF	TRBV3-1	TRBJ2-3
CASSPSGRYNEQFF	TRBV3-1	TRBJ2-1
CASSQDGTNPYNEQFF	TRBV3-1	TRBJ2-1
CASSQASGRSHEQYF	TRBV4-1	TRBJ2-7
CAGSHEGSGGYTF	TRBV4-2	TRBJ1-2
CASSFYGAGGEQYF	TRBV5-1	TRBJ2-7
CASSLEVGSTEAFF	TRBV5-1	TRBJ1-1
CASSLRGSSYEQYF	TRBV5-1	TRBJ2-7
CASWGLSYNEQFF	TRBV5-1	TRBJ2-1
CASSLEPGGSSYNEQFF	TRBV5-5	TRBJ2-1
CASSGDRPRYEQYF	TRBV6-1	TRBJ2-7
CASSYFRGYEQYF	TRBV6-5	TRBJ2-7
CASSLGGRAVDEQFF	TRBV6-6	TRBJ2-1
CASSSGESGNTIYF	TRBV6-6	TRBJ1-3
CASSLGDRRALFF	TRBV7-6	TRBJ1-4
CASSQLGTAYGYTF	TRBV7-8	TRBJ1-2
CASSRDRSSYNEQFF	TRBV7-8	TRBJ2-1
CASTPWVAGGGELFF	TRBV7-8	TRBJ2-2
CASRPRQGRGSYNEQFF	TRBV7-9	TRBJ2-1
CASSGDRGYHEQYF	TRBV7-9	TRBJ2-7
CASSLGDEYNEQFF	TRBV7-9	TRBJ2-1
CASGGRNYNEQFF	TRBV9	TRBJ2-1
CASRGGGELFF	TRBV9	TRBJ2-2
CASSLSTGQGGEAFF	TRBV9	TRBJ1-1
CASSVGASGGFNEQFF	TRBV9	TRBJ2-1
CASSVGRTGQGWGNEQFF	TRBV9	TRBJ2-1
CASSVSLAVSYNEQFF	TRBV9	TRBJ2-1
CSASRQGYYNEQFF	TRBV20-1	TRBJ2-1
CASSVLLLAGTYEQYF	TRBV6-1	TRBJ2-7
CASSVAMGLDYTF	TRBV9	TRBJ1-2
CASSLWRHLNQPQHF	TRBV4-3	TRBJ1-5
CASSSSWYGYTF	TRBV12-3	TRBJ1-2
CASSQAMNTEAFF	TRBV3-1	TRBJ1-1
CASGRGLAGEFYNEQFF	TRBV4-3	TRBJ2-1
CATSSWDRSSGANVLTF	TRBV15	TRBJ2-6
CASSLLVAGVYEQYF	TRBV27	TRBJ2-7
CALPSTDTQYF	TRBV3-1	TRBJ2-3
CASSLGSTNRNTIYF	TRBV11-2	TRBJ1-3
CASSGSGGLDGYTF	TRBV12-3	TRBJ1-2
CASSPGQGYEQYF	TRBV14	TRBJ2-7
CASSPGTSGVNEQYF	TRBV27	TRBJ2-7
CASCRPPDRVDNEQFF	TRBV28	TRBJ2-1
CASSHTQGNTEAFF	TRBV28	TRBJ1-1
CAWSWGQGVRELFF	TRBV30	TRBJ2-2
CASSQGTHDNQPQHF	TRBV4-1	TRBJ1-5
CASSTRTSGSYNEQFF	TRBV4-3	TRBJ2-1
CASSLDRASLDEQYF	TRBV5-1	TRBJ2-7
CASSSPGQTYEQYF	TRBV5-5	TRBJ2-7
CASSSTTGDGYTF	TRBV6-5	TRBJ1-2
CASSLTSGRVDEQFF	TRBV7-6	TRBJ2-1
CASSPRTSGMSYNEQFF	TRBV7-9	TRBJ2-1
CASSVGGDPYNEQFF	TRBV9	TRBJ2-1
CANSQTQLWETQYF	TRBV7-2	TRBJ2-5
CASSYSEVYGYTF	TRBV6-5	TRBJ1-2
CSASEWAGATYEQYF	TRBV20-1	TRBJ2-7
CAWSVLFGANSYEQYF	TRBV30	TRBJ2-7
CASSQAEGGRRLDTQYF	TRBV3-1	TRBJ2-3
CASSSAFDNYEQYF	TRBV5-4	TRBJ2-7
CASSSAYYDYTF	TRBV12-3	TRBJ1-2
CASSPVRGSTDTQYF	TRBV6-6	TRBJ2-3
CSARGYSAKNIQYF	TRBV20-1	TRBJ2-4
CASSQDGGGGLETQYF	TRBV4-2	TRBJ2-5
CASSRDRVENEQFF	TRBV10-1	TRBJ2-1
CASSYGLSYEQYF	TRBV11-2	TRBJ2-7
CASRASYEQYF	TRBV2	TRBJ2-7
CASRGGGDNEQFF	TRBV2	TRBJ2-1
CSARGITGGTGETQYF	TRBV20-1	TRBJ2-5
CASRLRESSYEQYF	TRBV28	TRBJ2-7
CSVTNPGGVLGYEQYF	TRBV29-1	TRBJ2-7
CAWSLLAGAYNEQFF	TRBV30	TRBJ2-1
CASSQGSGQGTEAFF	TRBV4-1	TRBJ1-1
CASSQTENTGELFF	TRBV4-1	TRBJ2-2
CASSYSGTDTQYF	TRBV5-1	TRBJ2-3
CASSRGASRETQYF	TRBV5-6	TRBJ2-5
CASSLDTGTGLEEQYF	TRBV5-8	TRBJ2-7
CASSLVTGGRYEQYF	TRBV27	TRBJ2-7
CASSLAPGATNKKLFF	TRBV7-6	TRBJ1-4
CASSFSGGAANEQFF	TRBV11-2	TRBJ2-1
CASSLDGNYSNQPQHF	TRBV11-2	TRBJ1-5
CASSLERHEQFF	TRBV11-2	TRBJ2-1
CASSQGLAETQYF	TRBV11-2	TRBJ2-5
CASRTTYGYTF	TRBV12-3	TRBJ1-2
CASSLRVNLAGGHETQYF	TRBV12-3	TRBJ2-5
CASSLGTSGIYEQYF	TRBV14	TRBJ2-7
CASSQVGYDGYTF	TRBV14	TRBJ1-2
CATSKDRVSEQYF	TRBV15	TRBJ2-7
CATSRDFTNYGYTF	TRBV15	TRBJ1-2
CATSRDGTSGANVLTF	TRBV15	TRBJ2-6
CATSRDLGGADTQYF	TRBV15	TRBJ2-3
CASSPYREPLYEQYF	TRBV18	TRBJ2-7
CASSQLSGRVNEQFF	TRBV18	TRBJ2-1
CASISSGGWQETQYF	TRBV2	TRBJ2-5
CASSGQTGESQPQHF	TRBV2	TRBJ1-5
CSAADGFSYEQYF	TRBV20-1	TRBJ2-7
CSANPSSGQYNEQFF	TRBV20-1	TRBJ2-1
CSAQAGTSETGELFF	TRBV20-1	TRBJ2-2
CSARNNQGEAQPQHF	TRBV20-1	TRBJ1-5
CSARQGSGNTIYF	TRBV20-1	TRBJ1-3
CSARVGPQETQYF	TRBV20-1	TRBJ2-5
CATSIDIEQFF	TRBV24-1	TRBJ2-1
CASSRGGDNEQFF	TRBV25-1	TRBJ2-1
CASRMGFSNQPQHF	TRBV27	TRBJ1-5
CASSGLQGTDTQYF	TRBV27	TRBJ2-3
CASSLSNDFRGEQYF	TRBV27	TRBJ2-7
CASSLSVGGIEQFF	TRBV27	TRBJ2-1
CASSLYSEVSGDEQYF	TRBV27	TRBJ2-7
CASSSGGREAFF	TRBV27	TRBJ1-1
CASSSLRGEGLSYEQYF	TRBV27	TRBJ2-7
CASSFPGALNIQYF	TRBV28	TRBJ2-4
CASSPWTTLHPYESSYEQYF	TRBV28	TRBJ2-7
CSARTDRGGQSEAFF	TRBV20-1	TRBJ1-1
CSGTGTQDREQYF	TRBV29-1	TRBJ2-7
CSVEDRVAMNTEAFF	TRBV29-1	TRBJ1-1
CASSHEGSGGYTF	TRBV3-1	TRBJ1-2
CASSHQGLAASYEQYF	TRBV3-1	TRBJ2-7
CASSLLGDQPQHF	TRBV3-1	TRBJ1-5
CASSLPRVGELFF	TRBV4-1	TRBJ2-2
CASSHEDSGGYTF	TRBV4-2	TRBJ1-2
CASSHGGSGGYTF	TRBV4-2	TRBJ1-2
CASSHKGSGGYTF	TRBV4-2	TRBJ1-2
CASSQSLRGFYEQYF	TRBV4-3	TRBJ2-7
CASSRGQGRETHEQYF	TRBV5-1	TRBJ2-7
CASSYRQVSETQYF	TRBV5-1	TRBJ2-5
CASSPGRGTINEKLFF	TRBV5-4	TRBJ1-4
CASSASGRNSYEQYF	TRBV5-5	TRBJ2-7
CASSLEVGLRNQPQHF	TRBV5-5	TRBJ1-5
CASSFTDRVYEQYF	TRBV5-6	TRBJ2-7
CASRGTGGYYEQYF	TRBV5-8	TRBJ2-7
CASSLEGWGSSYEQYF	TRBV5-8	TRBJ2-7
CASNGLTNTEAFF	TRBV6-1	TRBJ1-1
CASSDPGNQPQHF	TRBV6-1	TRBJ1-5
CASSRGQLEQYF	TRBV6-2	TRBJ2-7
CASSDGQGGQDTQYF	TRBV6-4	TRBJ2-3
CASSGTGDTGELFF	TRBV6-4	TRBJ2-2
CASSSGETDTQYF	TRBV6-5	TRBJ2-3
CASSSSLGQGASRYGYTF	TRBV6-5	TRBJ1-2
CASSYMGLPNSPLHF	TRBV6-5	TRBJ1-6
CASSYSSNPGELNSPLHF	TRBV6-5	TRBJ1-6
CASSPALLAGVHYEQYF	TRBV6-6	TRBJ2-7
CASSLDRVANTEAFF	TRBV7-6	TRBJ1-1
CASSHGTGGYEQYF	TRBV7-8	TRBJ2-7
CASSPASRTGARGYTF	TRBV7-8	TRBJ1-2
CASSQRQGPYNEQFF	TRBV7-8	TRBJ2-1
CASSIDVGELFF	TRBV7-9	TRBJ2-2
CASSLGGNRYEQYF	TRBV7-9	TRBJ2-7
CASSGAGTKVNEQFF	TRBV9	TRBJ2-1
CASSVSWGSGETQYF	TRBV9	TRBJ2-5
CASSLAPGVTNEKLFF	TRBV7-6	TRBJ1-4
CTSSLAPGATNEKLFF	TRBV7-2	TRBJ1-4
CASSPTGANVLTF	TRBV18	TRBJ2-6
CASSESLTSGGSTGELFF	TRBV10-1	TRBJ2-2
CASSESNSVYEQYF	TRBV10-2	TRBJ2-7
CAIRDSFSYNEQFF	TRBV10-3	TRBJ2-1
CAISGLAGVNEQFF	TRBV10-3	TRBJ2-1
CAMGPGQVYSGNTIYF	TRBV10-3	TRBJ1-3
CASNLGGPVDEQFF	TRBV11-2	TRBJ2-1
CASSLGSGGYTDTQYF	TRBV11-2	TRBJ2-3
CASSSFPGTGLSGNTIYF	TRBV11-2	TRBJ1-3
CASSTDPAYEQYF	TRBV11-2	TRBJ2-7
CASSGGSVNNEQFF	TRBV11-3	TRBJ2-1
CASGGAVAFF	TRBV12-3	TRBJ1-1
CASRGGVWNTEAFF	TRBV12-3	TRBJ1-1
CASRVLPRLAETPLSTDTQYF	TRBV12-3	TRBJ2-3
CASSIGRTYEQYF	TRBV12-3	TRBJ2-7
CASSKEQGAYGYTF	TRBV12-3	TRBJ1-2
CASSLEGLNTEAFF	TRBV12-3	TRBJ1-1
CASSPRGMRADGTDTQYF	TRBV12-3	TRBJ2-3
CASSPWASGVIQETQYF	TRBV12-3	TRBJ2-5
CASSRWDTTYEQYF	TRBV12-3	TRBJ2-7
CASSSGPAFEAFF	TRBV12-3	TRBJ1-1
CASSSNDALAGGYEQFF	TRBV12-3	TRBJ2-1
CASSGEDRVVYGYTF	TRBV13	TRBJ1-2
CASSLAGLAGRTYEQYF	TRBV13	TRBJ2-7
CASSLGLAGIQETQYF	TRBV13	TRBJ2-5
CASSQGPGQGDYEQYF	TRBV14	TRBJ2-7
CASSQLINRDRGLNEQFF	TRBV14	TRBJ2-1
CASSWGGDNEQFF	TRBV14	TRBJ2-1
CATSRAQGQTQYF	TRBV15	TRBJ2-5
CATSRERGVTTGELFF	TRBV15	TRBJ2-2
CATSRGKGDNEQFF	TRBV15	TRBJ2-1
CASSQYTGANTEAFF	TRBV16	TRBJ1-1
CASSPGIGLADYEQYF	TRBV18	TRBJ2-7
CASSPPGLSQSYGYTF	TRBV18	TRBJ1-2
CASRTSGQGNQPQHF	TRBV19	TRBJ1-5
CASSGQLRTPRGEQYF	TRBV19	TRBJ2-7
CASSIATGSEQFF	TRBV19	TRBJ2-1
CASSIGKSWELFF	TRBV19	TRBJ2-2
CASSPAGDYEQYF	TRBV19	TRBJ2-7
CASSSEDYEQYF	TRBV19	TRBJ2-7
CASSSGSPSFEQYF	TRBV19	TRBJ2-7
CASSTDPRGYNEQFF	TRBV19	TRBJ2-1
CASSTKETQYF	TRBV19	TRBJ2-5
CASSWTGTDHYEQYF	TRBV19	TRBJ2-7
CASTRDSYQPQHF	TRBV19	TRBJ1-5
CASTSGPALYNEQFF	TRBV19	TRBJ2-1
CATRPGANTGELFF	TRBV19	TRBJ2-2
CACLGTGTYEQYF	TRBV2	TRBJ2-7
CARLAGDTDTQYF	TRBV2	TRBJ2-3
CASSDPPAEFNEKLFF	TRBV2	TRBJ1-4
CASSPTGGNQPQHF	TRBV2	TRBJ1-5
CASTGGGLFGYTF	TRBV2	TRBJ1-2
CATLNTDGVRETQYF	TRBV2	TRBJ2-5
CSAGRTDTEAFF	TRBV20-1	TRBJ1-1
CSAGTGDTYIQYF	TRBV20-1	TRBJ2-4
CSAIEYSGPEGQIYEQYF	TRBV20-1	TRBJ2-7
CSAMGWDSSYEQYF	TRBV20-1	TRBJ2-7
CSAPASGREADTQYF	TRBV20-1	TRBJ2-3
CSAPETAEAYNEQFF	TRBV20-1	TRBJ2-1
CSAPGTGLRDEQFF	TRBV20-1	TRBJ2-1
CSARAAGGQDTQYF	TRBV20-1	TRBJ2-3
CSARDFGSPYNEQFF	TRBV20-1	TRBJ2-1
CSARDLEGTAKNIQYF	TRBV20-1	TRBJ2-4
CSARDPSGTSNEQFF	TRBV20-1	TRBJ2-1
CSARDRLAGDTDTQYF	TRBV20-1	TRBJ2-3
CSARDVAGGSLKQYF	TRBV20-1	TRBJ2-7
CSARDWASGGTDISYEQYF	TRBV20-1	TRBJ2-7
CSARELAGPGNEQFF	TRBV20-1	TRBJ2-1
CSARGGGSFYEQYF	TRBV20-1	TRBJ2-7
CSARGTGTGSEQYF	TRBV20-1	TRBJ2-7
CSARLADNEQFF	TRBV20-1	TRBJ2-1
CSARTRTGLPNYGYTF	TRBV20-1	TRBJ1-2
CSASPGAESSYEQYF	TRBV20-1	TRBJ2-7
CSASSGAPVVGTDTQYF	TRBV20-1	TRBJ2-3
CSATDRGLSYEQYF	TRBV20-1	TRBJ2-7
CSAWTSGNNEQFF	TRBV20-1	TRBJ2-1
CATSDFVGGTEAFF	TRBV24-1	TRBJ1-1
CATSETETTIYNEQFF	TRBV24-1	TRBJ2-1
CASSEVNEQFF	TRBV25-1	TRBJ2-1
CASSEWVAFSYEQYF	TRBV25-1	TRBJ2-7
CASSGWRGDLFEQYF	TRBV25-1	TRBJ2-7
CASKLGQGYGYTF	TRBV27	TRBJ1-2
CASSFLGAGVADTQYF	TRBV27	TRBJ2-3
CASSFYNEKLFF	TRBV27	TRBJ1-4
CASSLLTSGGTYEQYF	TRBV27	TRBJ2-7
CASSLTGPTTTETQYF	TRBV27	TRBJ2-5
CASSLTKGGDEQFF	TRBV27	TRBJ2-1
CASSPGLVRYEQYF	TRBV27	TRBJ2-7
CASSPNLAGVKNIQYF	TRBV27	TRBJ2-4
CASSPQGYNSPLHF	TRBV27	TRBJ1-6
CASSPRPGLADNEQFF	TRBV27	TRBJ2-1
CASSSGPEQYF	TRBV27	TRBJ2-7
CASSSSRTSEPYEQYF	TRBV27	TRBJ2-7
CASSYGGGDEQYF	TRBV27	TRBJ2-7
CASSYGMFAEAFF	TRBV27	TRBJ1-1
CASSYGQGGEQYF	TRBV27	TRBJ2-7
CASSYMGPNTDTQYF	TRBV27	TRBJ2-3
CASSYMTGDQPQHF	TRBV27	TRBJ1-5
CATIPSVGQETGELFF	TRBV27	TRBJ2-2
CASRDRGVNEQYF	TRBV28	TRBJ2-7
CASRLGTGADTQYF	TRBV28	TRBJ2-3
CASSFIRGRDSPLHF	TRBV28	TRBJ1-6
CASSFRDANTEAFF	TRBV28	TRBJ1-1
CASSLAPRRDRNYEQYF	TRBV28	TRBJ2-7
CASSLGGPYEQYF	TRBV28	TRBJ2-7
CASSLYRGQGGQPQHF	TRBV28	TRBJ1-5
CASSSGQGESWTYNEQFF	TRBV28	TRBJ2-1
CASSSPREREITDTQYF	TRBV28	TRBJ2-3
CSAWQGGTDTQYF	TRBV29-1	TRBJ2-3
CSFKREGPFANTGELFF	TRBV29-1	TRBJ2-2
CSVEGDGTYEQYF	TRBV29-1	TRBJ2-7
CSVEGSSEQYF	TRBV29-1	TRBJ2-7
CSVETRSSYEQYF	TRBV29-1	TRBJ2-7
CSVGVDYPYEQYF	TRBV29-1	TRBJ2-7
CSVTTGAGGYEQYF	TRBV29-1	TRBJ2-7
CAGYFNYGYTF	TRBV30	TRBJ1-2
CAWGIGTGELFF	TRBV30	TRBJ2-2
CAWNTVGTSSEAFF	TRBV30	TRBJ1-1
CAWSEGTGGLAEAFF	TRBV30	TRBJ1-1
CAWSEPNRVLREKLFF	TRBV30	TRBJ1-4
CAWSLMAGGELFF	TRBV30	TRBJ2-2
CAWSPPAVSGANVLTF	TRBV30	TRBJ2-6
CAWTEAENTEAFF	TRBV30	TRBJ1-1
CAWTSGRGAEQYF	TRBV30	TRBJ2-7
CANSQVIDQETQYF	TRBV3-1	TRBJ2-5
CASSLMGTSGFTGELFF	TRBV3-1	TRBJ2-2
CASSPGPGTLNLTGWYNEQFF	TRBV3-1	TRBJ2-1
CASSPLGTLYGYTF	TRBV3-1	TRBJ1-2
CASSQCPPSYEQYF	TRBV3-1	TRBJ2-7
CASSQETGLSNYGYTF	TRBV3-1	TRBJ1-2
CASSVTAGRPFLLYNSPLHF	TRBV3-1	TRBJ1-6
CASSHGGQAGREETQYF	TRBV4-1	TRBJ2-5
CASSQALGSGANVLTF	TRBV4-1	TRBJ2-6
CASSQDLSGGQETQYF	TRBV4-1	TRBJ2-5
CASSQDSIGFTGELFF	TRBV4-1	TRBJ2-2
CASSQDVGVFYEQYF	TRBV4-1	TRBJ2-7
CASSQGFNPGGGYTF	TRBV4-1	TRBJ1-2
CASSQTSGGYNEQFF	TRBV4-1	TRBJ2-1
CASSQVRGASTEAFF	TRBV4-1	TRBJ1-1
CASSREGGNSPLHF	TRBV4-1	TRBJ1-6
CTSSQAPFWASNQPQHF	TRBV7-2	TRBJ1-5
CASRGTSNHEQFF	TRBV4-2	TRBJ2-1
CASSPEGSAGSGANVLTF	TRBV4-2	TRBJ2-6
CASSQDLGTLQPQHF	TRBV4-2	TRBJ1-5
CASHQGQFTDTQYF	TRBV4-3	TRBJ2-3
CASPSQLRPQETQYF	TRBV4-3	TRBJ2-5
CASSHQLAGSTDTQYF	TRBV4-3	TRBJ2-3
CASSNRETDTQYF	TRBV4-3	TRBJ2-3
CASSQDRVSANNEQFF	TRBV4-3	TRBJ2-1
CASSQNTGEDEQYF	TRBV4-3	TRBJ2-7
CASNFTSDIQYF	TRBV5-1	TRBJ2-4
CASSFGGTEFF	TRBV5-1	TRBJ2-1
CASSLDSTSGGGYNEQFF	TRBV5-1	TRBJ2-1
CASSLWDTREQYF	TRBV5-1	TRBJ2-7
CASSQGTGLDGNEQFF	TRBV5-1	TRBJ2-1
CASSRAVRDDEKLFF	TRBV5-1	TRBJ1-4
CASTDGLAGELFF	TRBV5-4	TRBJ2-2
CASSLQGFAEQYF	TRBV5-5	TRBJ2-7
CASSLYDGGTSTDTQYF	TRBV5-5	TRBJ2-3
CASSFKTGDQGYTF	TRBV5-6	TRBJ1-2
CASSLTATSGFYNEQFF	TRBV5-6	TRBJ2-1
CASSWSSYEQYF	TRBV5-6	TRBJ2-7
CASTRSADTQYF	TRBV5-6	TRBJ2-3
CASSFDRGSAGNTIYF	TRBV5-8	TRBJ1-3
CASSLGGALDIQYF	TRBV5-8	TRBJ2-4
CASTRSWDSNSPLHF	TRBV5-8	TRBJ1-6
CASSDHSLAVFENEQFF	TRBV6-1	TRBJ2-1
CASSEGGTGYTDTQYF	TRBV6-1	TRBJ2-3
CASSEGPARVDTQYF	TRBV6-1	TRBJ2-3
CASSELAGSYNEQFF	TRBV6-1	TRBJ2-1
CASTAVPYQETQYF	TRBV6-1	TRBJ2-5
CASETERVRGGYTF	TRBV6-2	TRBJ1-2
CASSFEENSNQPQHF	TRBV6-2	TRBJ1-5
CASSRVIAGSDEQYF	TRBV6-2	TRBJ2-7
CATGKTSGLTGAGELFF	TRBV6-2	TRBJ2-2
CASSEKAGQGAEEQFF	TRBV6-4	TRBJ2-1
CASSTRGESTDTQYF	TRBV6-4	TRBJ2-3
CASNYLSDLRYNEQFF	TRBV6-5	TRBJ2-1
CASQLRESGNTIYF	TRBV6-5	TRBJ1-3
CASRPGWASHYNEQFF	TRBV6-5	TRBJ2-1
CASSHEQGRNYGYTF	TRBV6-5	TRBJ1-2
CASSLGTLEETQYF	TRBV6-5	TRBJ2-5
CASSPHAPGYEQYF	TRBV6-5	TRBJ2-7
CASSSGLAGGRDTDTQYF	TRBV6-5	TRBJ2-3
CASSYDGTTSPLDTQYF	TRBV6-5	TRBJ2-3
CASSYLGTGTGNTIYF	TRBV6-5	TRBJ1-3
CASSYQAVLSGLSTDTQYF	TRBV6-5	TRBJ2-3
CASSYSSTASGANVLTF	TRBV6-5	TRBJ2-6
CASSYSYPGTGFYEQYF	TRBV6-5	TRBJ2-7
CASTMGLAGGGGTDTQYF	TRBV6-6	TRBJ2-3
CASSLGPLEQYF	TRBV7-2	TRBJ2-7
CASSPWGGQHYEQYF	TRBV7-2	TRBJ2-7
CANSSLSGPYEQYF	TRBV10-1	TRBJ2-7
CASGSGTLNEQFF	TRBV7-3	TRBJ2-1
CASSFRQGAFGDTQYF	TRBV7-3	TRBJ2-3
CASSLMGQGLSSYNSPLHF	TRBV7-3	TRBJ1-6
CASSLRVVGTVYNEQFF	TRBV7-3	TRBJ2-1
CASSLTLAGGPGTYNEQFF	TRBV7-3	TRBJ2-1
CASSLASGELYNEQFF	TRBV7-6	TRBJ2-1
CASSLATGTGWDQPQHF	TRBV7-6	TRBJ1-5
CASSLVPSGPGELFF	TRBV7-6	TRBJ2-2
CASSSPDRQREETQYF	TRBV7-6	TRBJ2-5
CASSLDLGREPRETQYF	TRBV7-8	TRBJ2-5
CASSLVDLLAGDSNEQFF	TRBV7-8	TRBJ2-1
CASSLVVREQFF	TRBV7-8	TRBJ2-1
CASSSLSGPYEQYF	TRBV7-8	TRBJ2-7
CASSTSSSEQYF	TRBV7-8	TRBJ2-7
CASRLLGQETQYF	TRBV7-9	TRBJ2-5
CASSGQEPGVLLGEETQYF	TRBV7-9	TRBJ2-5
CASSKAERPGYGRLTESYNSPLHF	TRBV7-9	TRBJ1-6
CASSLFDRDDSPLHF	TRBV7-9	TRBJ1-6
CASSLFSTVPIIVRTEGNTEAFF	TRBV7-9	TRBJ1-1
CASSLLPYEQYF	TRBV7-9	TRBJ2-7
CASSLPGLFEQFF	TRBV7-9	TRBJ2-1
CASSLRPTEAFF	TRBV7-9	TRBJ1-1
CASSLTSGDRGRWNIQYF	TRBV7-9	TRBJ2-4
CASSPPGSSDNSPLHF	TRBV7-9	TRBJ1-6
CASSPRYNTYNEQFF	TRBV7-9	TRBJ2-1
CASSAMDRDEQYF	TRBV9	TRBJ2-7
CASSESGSGNEQYF	TRBV9	TRBJ2-7
CASSVEDRANTEAFF	TRBV9	TRBJ1-1
CASSVGDTSYEQYF	TRBV9	TRBJ2-7
CASSVGTTPYEQYF	TRBV9	TRBJ2-7
CASSVSAGIGYEQYF	TRBV9	TRBJ2-7
CASSVVPQQPQHF	TRBV9	TRBJ1-5
CASTRNRGLNTEAFF	TRBV9	TRBJ1-1
CASSFLGGITGELFF	TRBV12-3	TRBJ2-2
CSARDASGGAGTGELFF	TRBV20-1	TRBJ2-2
CASSFLAGLGDEQFF	TRBV5-1	TRBJ2-1
CASSLAPGAINEKLFF	TRBV7-6	TRBJ1-4
CASSSVGEAFF	TRBV12-3	TRBJ1-1
CTNPGDPCYNEQFF	TRBV7-2	TRBJ2-1
CASQIALQGEAFF	TRBV12-3	TRBJ1-1
CASSLTPGATNEKLFF	TRBV7-6	TRBJ1-4
CASSLGDTWYGYTF	TRBV5-6	TRBJ1-2
CASNQVTGTEAYGYTF	TRBV6-5	TRBJ1-2
CASNQTQLWETQYF	TRBV7-2	TRBJ2-5
CASSEGRTRAKLFF	TRBV2	TRBJ1-4
CSARDLRLAEETQYF	TRBV20-1	TRBJ2-5
CASSFPGTGEETQYF	TRBV7-9	TRBJ2-5
CASSFKGQSNFYEQYF	TRBV11-2	TRBJ2-7
CASSLARYEQYF	TRBV12-3	TRBJ2-7
CASSTVGEKLFF	TRBV12-3	TRBJ1-4
CASGGDRVVWTEAFF	TRBV2	TRBJ1-1
CASSELTGGGNEQFF	TRBV2	TRBJ2-1
CASSYTSGAEQYF	TRBV2	TRBJ2-7
CASSPNRAGNYGYTF	TRBV27	TRBJ1-2
CASSPRGLYEQYF	TRBV27	TRBJ2-7
CASSSGLAGGPITGELFF	TRBV27	TRBJ2-2
CASSLLYQGGNEQYF	TRBV28	TRBJ2-7
CAWSVGPGYTEAFF	TRBV30	TRBJ1-1
CASRGLTSGSSTDTQYF	TRBV4-2	TRBJ2-3
CASSQAGSSYNEQFF	TRBV4-3	TRBJ2-1
CASSSTFEGLADTQYF	TRBV4-3	TRBJ2-3
CASSLGGAIDEQYF	TRBV5-5	TRBJ2-7
CASSFGTGGQPQHF	TRBV5-6	TRBJ1-5
CASSLGTEAFF	TRBV5-6	TRBJ1-1
CASTFLTSGYNEQFF	TRBV5-6	TRBJ2-1
CASSSSGGAYNEQFF	TRBV7-3	TRBJ2-1
CASSEGAGNQPQHF	TRBV7-6	TRBJ1-5
CASSQYPPENTEAFF	TRBV7-6	TRBJ1-1
CASSQPDRARGETQYF	TRBV7-8	TRBJ2-5
CSVEDTSTQYF	TRBV29-1	TRBJ2-3
CANSQAGMAEQFF	TRBV3-1	TRBJ2-1
CASSAMGGAGVSDTQYF	TRBV9	TRBJ2-3
CASSLDRGPWGNTEAFF	TRBV18	TRBJ1-1
CASSLPPFASTSTDTQYF	TRBV12-3	TRBJ2-3
CATSRDRAYF	TRBV15	TRBJ2-3
CSARDPGGSYNEQFF	TRBV20-1	TRBJ2-1
CATSRESGTGGPIQYF	TRBV15	TRBJ2-4
CASSQQGYTEAFF	TRBV28	TRBJ1-1
CASSLALLGGSGNFF	TRBV12-3	TRBJ2-1
CSVEDGDERGRYIQYF	TRBV29-1	TRBJ2-4
CASSSPPGGASDTQYF	TRBV11-2	TRBJ2-3
CASSLRQMNTEAFF	TRBV12-3	TRBJ1-1
CASSPPSAGPGEQYF	TRBV18	TRBJ2-7
CASSSGTGGGDTQYF	TRBV5-1	TRBJ2-3
CATSAAGRSEQFF	TRBV24-1	TRBJ2-1
CASSLGLAGVNGELFF	TRBV27	TRBJ2-2
CASNQVTGTGAYGYTF	TRBV3-1	TRBJ1-2
CASSLYGLVEAFF	TRBV5-4	TRBJ1-1
CASNLAPGATNEKLFF	TRBV7-6	TRBJ1-4
CASSMIGGDTEAFF	TRBV19	TRBJ1-1
CASSTYSGTEAFF	TRBV19	TRBJ1-1
CASSRGQETGELFF	TRBV7-8	TRBJ2-2
CAMGGEQFF	TRBV7-9	TRBJ2-1
CASSFGVGETQYF	TRBV12-3	TRBJ2-5
CASSPAQGQGQFF	TRBV2	TRBJ2-1
CSASPDRGNTGELFF	TRBV20-1	TRBJ2-2
CATSDSVNRGTPYEQYF	TRBV24-1	TRBJ2-7
CASSDPASGIDYEQYF	TRBV10-2	TRBJ2-7
CASSFTSGGGYEQFF	TRBV19	TRBJ2-1
CASLGQGNEQYF	TRBV2	TRBJ2-7
CASRMDRGTYEQYF	TRBV2	TRBJ2-7
CASSLLGLAGDYEQYF	TRBV27	TRBJ2-7
CASEMSGSVDEQYF	TRBV28	TRBJ2-7
CASRLAGVGEQYF	TRBV28	TRBJ2-7
CASSQLDTQYEQYF	TRBV3-1	TRBJ2-7
CASSRLPTGSQTDTQYF	TRBV4-1	TRBJ2-3
CASSQEDRSYEQYF	TRBV4-3	TRBJ2-7
CASSQTGGGEQYF	TRBV5-1	TRBJ2-7
CASRDEGLAEYEQYF	TRBV5-4	TRBJ2-7
CASSMDSSYEQYF	TRBV5-6	TRBJ2-7
CASSLVSSTEAFF	TRBV5-8	TRBJ1-1
CASSYRAGGELFF	TRBV6-5	TRBJ2-2
CASSYSSGEPQHF	TRBV6-6	TRBJ1-5
CASSPSGGYNEQFF	TRBV9	TRBJ2-1
CASGVGPQETQYF	TRBV12-3	TRBJ2-5
CASHPGAGPSYNEQFF	TRBV19	TRBJ2-1
CASSYFGANTEAFF	TRBV6-5	TRBJ1-1
CASSLAAGLGDTQYF	TRBV11-2	TRBJ2-3
CASSYLYGTGGIEQYF	TRBV2	TRBJ2-7
CSVVRDNGNEQFF	TRBV29-1	TRBJ2-1
CASSHDTPRCLNTEAFF	TRBV5-1	TRBJ1-1
CTSSEDHTGFYEQYF	TRBV7-2	TRBJ2-7
CASSLERFTEAFF	TRBV27	TRBJ1-1
CSVGRGYEGYTF	TRBV29-1	TRBJ1-2
CASSVTGADTEAFF	TRBV11-3	TRBJ1-1
CATSRGRDNEQFF	TRBV15	TRBJ2-1
CASSILDVSWTGSNQPQHF	TRBV27	TRBJ1-5
CSVEGGTDYENTEAFF	TRBV29-1	TRBJ1-1
CAGSLAPGATNEKLFF	TRBV7-6	TRBJ1-4
CASSPTRGAEQYF	TRBV19	TRBJ2-7
CSARPPALESQYF	TRBV20-1	TRBJ2-4
CSASDGGGFNEQFF	TRBV20-1	TRBJ2-1
CASTPLGAGPVNEQFF	TRBV27	TRBJ2-1
CASSQARMAEQFF	TRBV3-1	TRBJ2-1
CASSQDGTGTLRQQYF	TRBV3-1	TRBJ2-7
CASSLDRLEQYF	TRBV7-8	TRBJ2-7
CAISDSETNTGELFF	TRBV10-3	TRBJ2-2
CAISKSKGYEQYF	TRBV10-3	TRBJ2-7
CASSLYGRRETQYF	TRBV11-1	TRBJ2-5
CASSGGTGLIPYGYTF	TRBV11-2	TRBJ1-2
CASSLEPGEQFF	TRBV11-2	TRBJ2-1
CASSLVPRAYEQYF	TRBV11-2	TRBJ2-7
CASSLGKAGLSNTEAFF	TRBV11-3	TRBJ1-1
CAILPVFRNNEQFF	TRBV12-3	TRBJ2-1
CASNLAGAREEQYF	TRBV12-3	TRBJ2-7
CASNLAGARETQYF	TRBV12-3	TRBJ2-5
CASRGLAVNEQFF	TRBV12-3	TRBJ2-1
CASSGMSSYEQYF	TRBV12-3	TRBJ2-7
CASSLAATYNEQFF	TRBV12-3	TRBJ2-1
CASSLRGPNVLTF	TRBV12-3	TRBJ2-6
CASSSPSGALSGELFF	TRBV12-3	TRBJ2-2
CASGLGDRVVDEQFF	TRBV12-5	TRBJ2-1
CASGLYGNGPGADTQYF	TRBV12-5	TRBJ2-3
CASSFNSEGYEQYF	TRBV13	TRBJ2-7
CASSLRQGRLETQYF	TRBV13	TRBJ2-5
CASSLTGANVLTF	TRBV13	TRBJ2-6
CASSQTGTDTEAFF	TRBV13	TRBJ1-1
CASSSVTGTPLEAFF	TRBV13	TRBJ1-1
CASSQDGGLGTDTQYF	TRBV14	TRBJ2-3
CASSQVGHHGYTF	TRBV14	TRBJ1-2
CASSQVGHYGYTF	TRBV14	TRBJ1-2
CASSQVGIHGYTF	TRBV14	TRBJ1-2
CATSTDGISNQPQHF	TRBV15	TRBJ1-5
CATSTTGTSGGLLGELFF	TRBV15	TRBJ2-2
CASSQSNRANEQFF	TRBV16	TRBJ2-1
CARPQETQYF	TRBV18	TRBJ2-5
CASSPGGRGNTEAFF	TRBV18	TRBJ1-1
CASRGLAVPTGEQFF	TRBV19	TRBJ2-1
CASSERGGAGYGYTF	TRBV19	TRBJ1-2
CASSGWTKNIQYF	TRBV19	TRBJ2-4
CASSIAVTGELFF	TRBV19	TRBJ2-2
CASSMGRTQYF	TRBV19	TRBJ2-3
CASSRGQSFSYEQYF	TRBV19	TRBJ2-7
CASSTPGRSFEAFF	TRBV19	TRBJ1-1
CASSTRTSGINEQFF	TRBV19	TRBJ2-1
CASSYGTSRYNEQFF	TRBV19	TRBJ2-1
CASMGRLAGIYEQYF	TRBV2	TRBJ2-7
CASRGTHTDTQYF	TRBV2	TRBJ2-3
CASRTSVDTDTQYF	TRBV2	TRBJ2-3
CASSDGRAWELFF	TRBV2	TRBJ2-2
CASSELGTVPGNTIYF	TRBV2	TRBJ1-3
CASSEQGPTTYYEQYF	TRBV2	TRBJ2-7
CASSGEQGFYEQYF	TRBV2	TRBJ2-7
CASSGTVPTFNSPLHF	TRBV2	TRBJ1-6
CASSGVLGWVADGTDTQYF	TRBV2	TRBJ2-3
CASSVSGTGELFF	TRBV2	TRBJ2-2
CSAERTGTSGSNEQFF	TRBV20-1	TRBJ2-1
CSALPLTNPPHGANVLTF	TRBV20-1	TRBJ2-6
CSAPDHRESADTQYF	TRBV20-1	TRBJ2-3
CSARASPHTYGYTF	TRBV20-1	TRBJ1-2
CSARDGEPYEQYF	TRBV20-1	TRBJ2-7
CSARDGTRDYEQYF	TRBV20-1	TRBJ2-7
CSARDGVTSGIYNEQFF	TRBV20-1	TRBJ2-1
CSARDIEIAYEQYF	TRBV20-1	TRBJ2-7
CSARDLETSGGLETQYF	TRBV20-1	TRBJ2-5
CSARDLPSGGPQQETQYF	TRBV20-1	TRBJ2-5
CSARDPDRLYGYTF	TRBV20-1	TRBJ1-2
CSARGPSGELETQYF	TRBV20-1	TRBJ2-5
CSASGETLGYEQYF	TRBV20-1	TRBJ2-7
CSASPPASSGQPQHF	TRBV20-1	TRBJ1-5
CSAVPGLALGEQYF	TRBV20-1	TRBJ2-7
CSGRGSGDNEQFF	TRBV20-1	TRBJ2-1
CATSDDDYNEQFF	TRBV24-1	TRBJ2-1
CATSDFGDGGYEQFF	TRBV24-1	TRBJ2-1
CATSEGRGLGYTF	TRBV24-1	TRBJ1-2
CATSEHDSTGELFF	TRBV24-1	TRBJ2-2
CATSEVGTPNEQFF	TRBV24-1	TRBJ2-1
CASRDGGQIDKTQYF	TRBV25-1	TRBJ2-5
CASSDNYGYTF	TRBV25-1	TRBJ1-2
CASSERGPNYGYTF	TRBV25-1	TRBJ1-2
CASSPTGNTEAFF	TRBV25-1	TRBJ1-1
CASSRGTSGRGNEQFF	TRBV25-1	TRBJ2-1
CASKQGSNDEQFF	TRBV27	TRBJ2-1
CASRAGHGSPGDTQYF	TRBV27	TRBJ2-3
CASSEGGGGNTIYF	TRBV27	TRBJ1-3
CASSFESYNEQFF	TRBV27	TRBJ2-1
CASSFSANEQFF	TRBV27	TRBJ2-1
CASSFTTGATNYGYTF	TRBV27	TRBJ1-2
CASSFVNQPQHF	TRBV27	TRBJ1-5
CASSLGQLHTWGNEQYF	TRBV27	TRBJ2-7
CASSLGVSYNSPLHF	TRBV27	TRBJ1-6
CASSLLKGGGTDTQYF	TRBV27	TRBJ2-3
CASSLMDSKTYEQYF	TRBV27	TRBJ2-7
CASSLSGTGFYGYTF	TRBV27	TRBJ1-2
CASSLTSGSSYEQYF	TRBV27	TRBJ2-7
CASSLVGRLHEQYF	TRBV27	TRBJ2-7
CASSPRATTNEKLFF	TRBV27	TRBJ1-4
CASSTTGTNSPLHF	TRBV27	TRBJ1-6
CASSWNPSLYGYTF	TRBV27	TRBJ1-2
CATSTGGTEAFF	TRBV15	TRBJ1-1
CAIRDNSYNEQFF	TRBV28	TRBJ2-1
CASRPPQGVNEQYF	TRBV28	TRBJ2-7
CASRPPQGVREQYF	TRBV28	TRBJ2-7
CASRRFGTEAFF	TRBV28	TRBJ1-1
CASSFPGALNEQYF	TRBV28	TRBJ2-7
CASSFSGTQYF	TRBV28	TRBJ2-3
CASSLKPGTGPYNEQFF	TRBV28	TRBJ2-1
CASSLSIRAGELFF	TRBV28	TRBJ2-2
CASSSQAGAGDTYNEQFF	TRBV28	TRBJ2-1
CASSVRGGGTDTQYF	TRBV28	TRBJ2-3
CSVGGSYEQYF	TRBV29-1	TRBJ2-7
CSVLSMGKLFF	TRBV29-1	TRBJ1-4
CASSETEGFYEQYF	TRBV3-1	TRBJ2-7
CASSQDVNPRASLGYEQYF	TRBV3-1	TRBJ2-7
CASSQEGYQPQHF	TRBV3-1	TRBJ1-5
CASSLPGGGTNTGELFF	TRBV4-1	TRBJ2-2
CASNHEGSGGYTF	TRBV4-2	TRBJ1-2
CASSHEGSGCYTF	TRBV4-2	TRBJ1-2
CASSLEGSGGYTF	TRBV4-2	TRBJ1-2
CASSQVGDNGDGYTF	TRBV4-2	TRBJ1-2
CASRDNPPYEQYF	TRBV5-1	TRBJ2-7
CASSLDLRTGRTGELFF	TRBV5-1	TRBJ2-2
CASSLDSLNTIYF	TRBV5-1	TRBJ1-3
CASSLGGRQGVISYEQYF	TRBV5-1	TRBJ2-7
CASSLSSGGNYEQYF	TRBV5-1	TRBJ2-7
CASTTDRGYGYTF	TRBV5-1	TRBJ1-2
CASGTDRGTPYEQYF	TRBV5-4	TRBJ2-7
CASRQGDSYNSPLHF	TRBV5-4	TRBJ1-6
CASSLAGGAAEKLFF	TRBV5-4	TRBJ1-4
CASSLGGSTEAFF	TRBV5-4	TRBJ1-1
CASSLPSGAYGYTF	TRBV5-4	TRBJ1-2
CASSLELGNPQYF	TRBV5-5	TRBJ2-3
CASSPGLIRITGELFF	TRBV5-5	TRBJ2-2
CASSLMGDPQPQHF	TRBV5-6	TRBJ1-5
CASSLPLSDSPTHTQYF	TRBV5-6	TRBJ2-3
CASSWGTGGSTDTQYF	TRBV5-6	TRBJ2-3
CASGLQGARDTEAFF	TRBV12-5	TRBJ1-1
CASILMGQSLGTQYF	TRBV5-8	TRBJ2-5
CASSLLSNTEAFF	TRBV5-8	TRBJ1-1
CASSEGQGADTQYF	TRBV6-1	TRBJ2-3
CASSESGTGGYEQYF	TRBV6-1	TRBJ2-7
CASSEVPGISNQPQHF	TRBV6-1	TRBJ1-5
CASSGDNYEQYF	TRBV6-1	TRBJ2-7
CASSRAGQGHGHLDGSGNTIYF	TRBV6-1	TRBJ1-3
CASSQGFLLGAMETEAFF	TRBV6-2	TRBJ1-1
CASSDTGVYNEQFF	TRBV6-5	TRBJ2-1
CASSLQGLESSSTDTQYF	TRBV6-5	TRBJ2-3
CASSYDSGSSYEQYF	TRBV6-5	TRBJ2-7
CASSYIPSYEQYF	TRBV6-5	TRBJ2-7
CASSYSAVNTEAFF	TRBV6-5	TRBJ1-1
CALGVDRTEAFF	TRBV6-6	TRBJ1-1
CASSYGGRNTEAFF	TRBV6-6	TRBJ1-1
CASSYSRAGANEQFF	TRBV6-6	TRBJ2-1
CASSLDPIITGLAGSYEQYF	TRBV7-2	TRBJ2-7
CASSPQRERYNEQFF	TRBV7-2	TRBJ2-1
CASSLDTGGRLNEQFF	TRBV7-3	TRBJ2-1
CASSLSPLAGGISSYNEQFF	TRBV7-3	TRBJ2-1
CASSYGTGKDFEQFF	TRBV7-3	TRBJ2-1
CASSLAGPNNEQFF	TRBV7-6	TRBJ2-1
CASSLAGVGELFF	TRBV7-6	TRBJ2-2
CASSLTTGGKTGELFF	TRBV7-6	TRBJ2-2
CASSPRGPYNEQFF	TRBV7-6	TRBJ2-1
CASSFRDNEQFF	TRBV7-8	TRBJ2-1
CASSFRQGARSNQPQHF	TRBV7-8	TRBJ1-5
CASSLGSSGATNTGELFF	TRBV7-8	TRBJ2-2
CASSLLQQGGIDTQYF	TRBV7-8	TRBJ2-3
CASSLLRLAGGETQYF	TRBV7-8	TRBJ2-5
CASSLNRDIQYF	TRBV7-8	TRBJ2-5
CASSLQTSGRHEQYF	TRBV7-8	TRBJ2-7
CASGTSWCGANVLTF	TRBV7-9	TRBJ2-6
CASLVVGFYNEQFF	TRBV7-9	TRBJ2-1
CASSDPGGTGELFF	TRBV7-9	TRBJ2-2
CASSFMGPAGKLNTGELFF	TRBV7-9	TRBJ2-2
CASSGQPYEQYF	TRBV7-9	TRBJ2-7
CASSKYDSPLECEQYF	TRBV7-9	TRBJ2-7
CASSLDRHRRQGSWETQYF	TRBV7-9	TRBJ2-5
CASSLEVTMNTEAFF	TRBV7-9	TRBJ1-1
CASSPWEGGGELFF	TRBV7-9	TRBJ2-2
CASSPWSGGVVTEAFF	TRBV7-9	TRBJ1-1
CASSQGLAEASSYEQYF	TRBV7-9	TRBJ2-7
CASSRVIDAHTDTQYF	TRBV7-9	TRBJ2-3
CASSSQQESIFTGELFF	TRBV7-9	TRBJ2-2
CASSSSGTDLYGYTF	TRBV7-9	TRBJ1-2
CASSSSPDEQQYF	TRBV7-9	TRBJ2-7
CASSDLAEETQYF	TRBV9	TRBJ2-5
CASSPRPLSGNTIYF	TRBV9	TRBJ1-3
CASSVEAGAGVQQYF	TRBV9	TRBJ2-7
CASSVGSPDTQYF	TRBV9	TRBJ2-3
CASSVGTSGTYEQYF	TRBV9	TRBJ2-7
CASTLGGESNQPQHF	TRBV9	TRBJ1-5
CASSLFGTGGLEAFF	TRBV12-3	TRBJ1-1
CASSRTGKAYNEQFF	TRBV12-3	TRBJ2-1
CSARTSQETQYF	TRBV20-1	TRBJ2-5
CAWSSNRPLLSYNEQFF	TRBV30	TRBJ2-1
CASSQDAGSSYNEQFF	TRBV4-3	TRBJ2-1
CASSQDLTGVQPQHF	TRBV4-3	TRBJ1-5
CASSLRGSTDTQYF	TRBV6-5	TRBJ2-3
CASSILNVSWTGSNQPQHF	TRBV19	TRBJ1-5
CASSIVGGAYNEQFF	TRBV19	TRBJ2-1
CASSLTSGGANEQFF	TRBV19	TRBJ2-1
CASSMRAAETQYF	TRBV19	TRBJ2-5
CASSLAGGAGTEAFF	TRBV28	TRBJ1-1
CASRDTPYGYTF	TRBV6-1	TRBJ1-2
CASSLAPEATNEKLFF	TRBV7-6	TRBJ1-4
CASSDGSGALETQYF	TRBV10-2	TRBJ2-5
CATSRAGQGGGYTF	TRBV15	TRBJ1-2
CASSILGSGEQFF	TRBV19	TRBJ2-1
CSARVEHGLAGSYNEQFF	TRBV20-1	TRBJ2-1
CASSPFGGELFF	TRBV3-1	TRBJ2-2
CASSQAGMAKQFF	TRBV3-1	TRBJ2-1
CASSQVFRSAGPQPQHF	TRBV4-1	TRBJ1-5
CASSLSRGPYNEQFF	TRBV5-1	TRBJ2-1
CASSLVASGSLRGSQYF	TRBV5-1	TRBJ2-3
CASMGQGPYEQYF	TRBV6-1	TRBJ2-7
CASSYSPEAYEQYF	TRBV6-5	TRBJ2-7
CASLRGRPTDTQYF	TRBV7-9	TRBJ2-3
CASSLWRGSYNEQFF	TRBV28	TRBJ2-1
CAWSVLFGGRSYEQYF	TRBV30	TRBJ2-7
CASSDGDEQFF	TRBV10-2	TRBJ2-1
CASSPTGEVPFF	TRBV12-3	TRBJ1-1
CATSPLFSYSDEQYF	TRBV15	TRBJ2-7
CASSLLDGQGARYGYTF	TRBV27	TRBJ1-2
CASSLSGGALNEQFF	TRBV4-1	TRBJ2-1
CASSQGLGTSGPYEQYF	TRBV4-3	TRBJ2-7
CASTVETGELFF	TRBV5-4	TRBJ2-2
CASRAGELDTDTQYF	TRBV5-5	TRBJ2-3
CASSYNRAYEQYF	TRBV6-5	TRBJ2-7
CASSLSGNSPLHF	TRBV7-6	TRBJ1-6
CASSPEGNTGELFF	TRBV7-6	TRBJ2-2
CASSFRTADTEAFF	TRBV7-8	TRBJ1-1
CASMPIQDTTWTDTQYF	TRBV7-9	TRBJ2-3
CASSPPNSYEQYF	TRBV7-9	TRBJ2-7
CASSSILAGDADEQFF	TRBV7-9	TRBJ2-1
CASSVGGQGDWYEQYF	TRBV9	TRBJ2-7
CASSLAPGATNGKLFF	TRBV7-6	TRBJ1-4
CASSLDAVGFYGYTF	TRBV7-2	TRBJ1-2
CASSPTTGAPAYGYTF	TRBV6-5	TRBJ1-2
CASSYSTGAGETQYF	TRBV6-5	TRBJ2-5
CAISGTGSYNEQFF	TRBV10-3	TRBJ2-1
CATSEGSWSREKLFF	TRBV15	TRBJ1-4
CASSPWIDYSNQPQHF	TRBV18	TRBJ1-5
CTSSPGGRTDSPHTDTQYF	TRBV7-2	TRBJ2-3
CSARSQRETNEQFF	TRBV20-1	TRBJ2-1
CASSPFGAGPYNEQFF	TRBV27	TRBJ2-1
CASSSRGSSYEQYF	TRBV28	TRBJ2-7
CSVVGTINVQFF	TRBV29-1	TRBJ2-1
CASGYYSGGGSAFF	TRBV6-5	TRBJ1-1
CASSYSTGAPSYEQYF	TRBV6-5	TRBJ2-7
CASSQTQFWETQYF	TRBV7-2	TRBJ2-5
CTSSQTQLWETQYF	TRBV7-2	TRBJ2-5
CASRPPTGGEKLFF	TRBV7-9	TRBJ1-4
CASSPILGQESSYEQYF	TRBV7-9	TRBJ2-7
CASSSPAESRVGEQYF	TRBV7-9	TRBJ2-7
CASSDGGGGTAELFF	TRBV9	TRBJ2-2
CASSQASGGYTGELFF	TRBV14	TRBJ2-2
CSVPTGKTYNEQFF	TRBV29-1	TRBJ2-1
CASSQDGPPKPEEQETQYF	TRBV4-3	TRBJ2-5
CAPMWAPLHF	TRBV6-5	TRBJ1-6
CASSYSTDTQYF	TRBV6-6	TRBJ2-3
CASRSSYVGLADLPETQYF	TRBV11-2	TRBJ2-5
CASSSYRENTGELFF	TRBV11-3	TRBJ2-2
CASFSGTSYTGELFF	TRBV12-3	TRBJ2-2
CASSTPSGGSGDTQYF	TRBV12-3	TRBJ2-3
CASASAGGPYNEQFF	TRBV12-5	TRBJ2-1
CASGLPQGRGEQFF	TRBV12-5	TRBJ2-1
CASSSGGWGEQYF	TRBV13	TRBJ2-7
CATSNWGMGSKDTEAFF	TRBV15	TRBJ1-1
CATSRVSGFGTEAFF	TRBV15	TRBJ1-1
CASSPPGTSFNEFF	TRBV18	TRBJ2-1
CAISSRSSYEQYF	TRBV10-3	TRBJ2-7
CASSTRSSTEAFF	TRBV19	TRBJ1-1
CASSRSGTIDEQYF	TRBV2	TRBJ2-7
CASTNSESSYNEQFF	TRBV2	TRBJ2-1
CSAKTDRLAYEQYF	TRBV20-1	TRBJ2-7
CASSLGWGSDAGYTF	TRBV27	TRBJ1-2
CASSLGTLSGQPQHF	TRBV28	TRBJ1-5
CSVWVAGENTEAFF	TRBV29-1	TRBJ1-1
CASSQDQVTQYF	TRBV4-2	TRBJ2-5
CASSPGTGGDNEQFF	TRBV5-1	TRBJ2-1
CASSLPGLAYNEQFF	TRBV5-4	TRBJ2-1
CASSEVWGREVSLPSTDTQYF	TRBV6-1	TRBJ2-3
CASSYSMRGTSTDTQYF	TRBV6-2	TRBJ2-3
CARSQTQLWETQYF	TRBV7-2	TRBJ2-5
CASSQAQLWETQYF	TRBV7-2	TRBJ2-5
CASSQTQLWEAQYF	TRBV7-2	TRBJ2-5
CASSLGASGSAGELFF	TRBV7-6	TRBJ2-2
CASSPRQGSYNEQFF	TRBV7-6	TRBJ2-1
CASSSGDTNTGELFF	TRBV7-9	TRBJ2-2
CASSETRSGTWDEQFF	TRBV9	TRBJ2-1
CASSVGGVSYNEQFF	TRBV9	TRBJ2-1
CASSLGVWDSALSQALHF	TRBV11-2	TRBJ1-6
CASSLSLGWETQYF	TRBV27	TRBJ2-5
CASSLGGQGYEQYF	TRBV28	TRBJ2-7
CASSQVFQGASGELFF	TRBV4-2	TRBJ2-2
CASSWETNTEAFF	TRBV5-4	TRBJ1-1
CASRSGQGNQPQHF	TRBV5-5	TRBJ1-5
CASNPPTDTQYF	TRBV6-2	TRBJ2-3
CARSLAPGATNEKLFF	TRBV7-6	TRBJ1-4
CASSLAPGAANEKLFF	TRBV7-6	TRBJ1-4
CASSLAPGATNQKLFF	TRBV7-6	TRBJ1-4
CSSSLAPGATNEKLFF	TRBV20-1	TRBJ1-4
CASSLEEEGTNEKLFF	TRBV7-9	TRBJ1-4
CASSEAYYEQYF	TRBV10-1	TRBJ2-7
CASSLGVNTEAFF	TRBV12-3	TRBJ1-1
CASGLVPTTGELFF	TRBV12-5	TRBJ2-2
CASSLDRAYEQYF	TRBV14	TRBJ2-7
CASRWTGFSGQFF	TRBV19	TRBJ2-1
CASNGQVAFYNEQFF	TRBV2	TRBJ2-1
CSAREEAGTSGRRASYEQYF	TRBV20-1	TRBJ2-7
CASSFAGQGSTEAFF	TRBV27	TRBJ1-1
CASSPVARAPHEQYF	TRBV27	TRBJ2-7
CASTWTGVGYNEQFF	TRBV27	TRBJ2-1
CTSSPVAGAPHEQYF	TRBV7-2	TRBJ2-7
CASSLVAWPGTDTQYF	TRBV28	TRBJ2-3
CSVEAQGGTFNEQFF	TRBV29-1	TRBJ2-1
CSVVGTINEQFF	TRBV29-1	TRBJ2-1
CAGSQAGMAEQFF	TRBV3-1	TRBJ2-1
CASSHRDTGRNEQFF	TRBV4-1	TRBJ2-1
CASSLIGGGMGWEQFF	TRBV7-8	TRBJ2-1
CATSARDRGISPLHF	TRBV15	TRBJ1-6
CASRKGERTLEAFF	TRBV12-3	TRBJ1-1
CASSLFRGPEAFF	TRBV13	TRBJ1-1
CATSRDKGGATTGELFF	TRBV15	TRBJ2-2
CATSRVPSGSYEQYF	TRBV15	TRBJ2-7
CSARDGFYGYTF	TRBV20-1	TRBJ1-2
CSARDPSGRLWDTQYF	TRBV20-1	TRBJ2-3
CSPLGRKGVNTEAFF	TRBV20-1	TRBJ1-1
CASSVFGTSGEETQYF	TRBV27	TRBJ2-5
CSVQTGVSGANVLTF	TRBV29-1	TRBJ2-6
CASSLTYTDRTFQETQYF	TRBV4-3	TRBJ2-5
CASSLAPQETQYF	TRBV5-1	TRBJ2-5
CASSLGGLGGRYGYTF	TRBV5-6	TRBJ1-2
CASSLIRSGEQYF	TRBV5-6	TRBJ2-7
CASSLRVTEAFF	TRBV5-6	TRBJ1-1
CASSFAARSTGSANEKLFF	TRBV7-8	TRBJ1-4
CASSLEIAGGNYNEQFF	TRBV7-8	TRBJ2-1
CASSLRGPGYEQYF	TRBV7-9	TRBJ2-7
CASSSVNKQFF	TRBV12-3	TRBJ2-1
CASSWETGGTGYTF	TRBV12-3	TRBJ1-2
CATSSVRSGADTQYF	TRBV15	TRBJ2-3
CATSTSQDLNQPQHF	TRBV15	TRBJ1-5
CASSPEQGIYEQYF	TRBV18	TRBJ2-7
CASSRLGTGELFF	TRBV19	TRBJ2-2
CASRKENQPQHF	TRBV27	TRBJ1-5
CASSLGTGPYEQYF	TRBV27	TRBJ2-7
CASSLGVHYEQYF	TRBV28	TRBJ2-7
CASSLVTGPGTDTQYF	TRBV28	TRBJ2-3
CSVDPRLPGLTNNEQFF	TRBV29-1	TRBJ2-1
CSVQGPEYEQYF	TRBV29-1	TRBJ2-7
CASSQEPGDEQFF	TRBV3-1	TRBJ2-1
CASSQFDGVNEKLFF	TRBV3-1	TRBJ1-4
CASSWTKSAGEQYF	TRBV4-2	TRBJ2-7
CASSEGTGGGSTDTQYF	TRBV6-1	TRBJ2-3
CASSLGSQIYGYTF	TRBV7-9	TRBJ1-2
CASSDIQANTEAFF	TRBV10-2	TRBJ1-1
CASSSACYGYTF	TRBV12-3	TRBJ1-2
CASSSAYCGYTF	TRBV12-3	TRBJ1-2
CASGWGVQGESKSYGYTF	TRBV12-5	TRBJ1-2
CATSRDRAFF	TRBV15	TRBJ1-1
CASSGEKVRENIQYF	TRBV2	TRBJ2-4
CSALPQGAVNEQFF	TRBV20-1	TRBJ2-1
CASKPSGGQETQYF	TRBV28	TRBJ2-5
CASSQALGPPVPAFF	TRBV4-3	TRBJ1-1
CASRRTGGRETQYF	TRBV5-1	TRBJ2-5
CASRDRVEEQYF	TRBV7-6	TRBJ2-7
CASSLEGYGSTYEQYF	TRBV7-8	TRBJ2-7
CAIGLAAADTQYF	TRBV10-2	TRBJ2-3
CASSDAGSYEQYF	TRBV10-2	TRBJ2-7
CASSPPDSSYEQYF	TRBV11-2	TRBJ2-7
CASSPWEAGGAYEQYF	TRBV11-2	TRBJ2-7
CASSLSGVSSYNEQFF	TRBV11-3	TRBJ2-1
CASSPPLGGELFF	TRBV11-3	TRBJ2-2
CATSGDISSYNEQFF	TRBV15	TRBJ2-1
CATSRDLGGGAEDTQYF	TRBV15	TRBJ2-3
CATSRDWASGRSGELFF	TRBV15	TRBJ2-2
CATSRGRDYSNQPQHF	TRBV15	TRBJ1-5
CASSGVESSTDTQYF	TRBV18	TRBJ2-3
CASSPREGANAYEQYF	TRBV18	TRBJ2-7
CASSGGDWIEQYF	TRBV19	TRBJ2-7
CASSIDAGLFSYEQYF	TRBV19	TRBJ2-7
CASSRGGAYNEQFF	TRBV19	TRBJ2-1
CASSRLAGIGYEQYF	TRBV19	TRBJ2-7
CASSDLGREQFF	TRBV2	TRBJ2-1
CASTPTRGLYEQYF	TRBV2	TRBJ2-7
CSARAGDTDNSPLHF	TRBV20-1	TRBJ1-6
CSARDRTNYGYTF	TRBV20-1	TRBJ1-2
CSARVDGVLSYEQYF	TRBV20-1	TRBJ2-7
CSASLSESSYEQYF	TRBV20-1	TRBJ2-7
CSASRTDYVYTF	TRBV20-1	TRBJ1-2
CATSDGQGGYNEQFF	TRBV24-1	TRBJ2-1
CATSDPGLAGPGEQYF	TRBV24-1	TRBJ2-7
CATSDSRGYEQYF	TRBV24-1	TRBJ2-7
CASSEPLAAADEQFF	TRBV25-1	TRBJ2-1
CASSFGLNTGELFF	TRBV27	TRBJ2-2
CASSLFAGTYEQYF	TRBV27	TRBJ2-7
CASSLSGTMNTEAFF	TRBV27	TRBJ1-1
CASSSLSGLGYNEQFF	TRBV27	TRBJ2-1
CASSTGPEQFF	TRBV27	TRBJ2-1
CASSFEGMSYEQYF	TRBV28	TRBJ2-7
CASSFPGRLAGQVSSYNEQFF	TRBV28	TRBJ2-1
CSVDSAGGNYEQYF	TRBV29-1	TRBJ2-7
CSVEWVHGQYF	TRBV29-1	TRBJ2-7
CAWSGQLHYGYTF	TRBV30	TRBJ1-2
CAWSWGTPENIQYF	TRBV30	TRBJ2-4
CASSGGTDPSWDGYTF	TRBV3-1	TRBJ1-2
CASSQGRGSGNTIYF	TRBV4-1	TRBJ1-3
CASSLLVGWNTEAFF	TRBV4-3	TRBJ1-1
CASSLNVPRSGYEQYF	TRBV4-3	TRBJ2-7
CASSQDGASLLYEQYF	TRBV4-3	TRBJ2-7
CASRGETQYF	TRBV5-1	TRBJ2-5
CASSFDGSYNEQFF	TRBV5-4	TRBJ2-1
CASSVLAGSSYEQYF	TRBV5-4	TRBJ2-7
CASRPGTVNTEAFF	TRBV5-5	TRBJ1-1
CASSARGQGRPGELFF	TRBV5-6	TRBJ2-2
CASSLAAGNEQFF	TRBV5-6	TRBJ2-1
CASSLGENTGELFF	TRBV5-6	TRBJ2-2
CASSTRPGLKSSYNEQFF	TRBV5-6	TRBJ2-1
CASRNRDTVRTEAFF	TRBV5-8	TRBJ1-1
CASIALAETGELFF	TRBV6-2	TRBJ2-2
CASIPGTGQNTEAFF	TRBV6-2	TRBJ1-1
CASRKEASLYEQYF	TRBV6-2	TRBJ2-7
CASRSSGGFWNEQFF	TRBV6-2	TRBJ2-1
CASSSQGYEQYF	TRBV6-2	TRBJ2-7
CASSVDSNEQFF	TRBV6-2	TRBJ2-1
CASSYGGNEQFF	TRBV6-2	TRBJ2-1
CASSYGLADHSGANVLTF	TRBV6-2	TRBJ2-6
CASSYLAGVYNEQFF	TRBV6-2	TRBJ2-1
CASSYSDTDTQYF	TRBV6-2	TRBJ2-3
CASSYSIAGHEQFF	TRBV6-2	TRBJ2-1
CASSVYPPGQGRNEQFF	TRBV6-4	TRBJ2-1
CASSTNRASNQPQHF	TRBV6-5	TRBJ1-5
CASSYGLADYEQYF	TRBV6-5	TRBJ2-7
CASTRTISVSDTQYF	TRBV6-5	TRBJ2-3
CASSPWTGDEQYF	TRBV6-6	TRBJ2-7
CASSLVYEQYF	TRBV7-2	TRBJ2-7
CASTWPGEFDEQYF	TRBV7-2	TRBJ2-7
CASSFAAGGRNEQFF	TRBV7-8	TRBJ2-1
CASSPWLTSGRENEQFF	TRBV7-8	TRBJ2-1
CASIGIFNEQFF	TRBV7-9	TRBJ2-1
CASSFGQGGGYTF	TRBV7-9	TRBJ1-2
CASSLEDSTDTQYF	TRBV7-9	TRBJ2-3
CASSVDRSSGNTIYF	TRBV9	TRBJ1-3
CASSFGQGLSNEQFF	TRBV11-2	TRBJ2-1
CASSSINEQFF	TRBV12-3	TRBJ2-1
CASSPGGRTDGPHTDTQYF	TRBV18	TRBJ2-3
CASSDLWPNSYEQYF	TRBV2	TRBJ2-7
CSARDLWGVNYGYTF	TRBV20-1	TRBJ1-2
CSATDFPNSYEQYF	TRBV20-1	TRBJ2-7
CASSFPSLNTGELFF	TRBV28	TRBJ2-2
CASSFWTGGTEAFF	TRBV28	TRBJ1-1
CSVATGYYGYTF	TRBV29-1	TRBJ1-2
CASSQAGIAEQFF	TRBV3-1	TRBJ2-1
CASSQDRGSGSPYNEQFF	TRBV3-1	TRBJ2-1
CASSPRGRTGFITEAFF	TRBV4-1	TRBJ1-1
CASSDGTGGDSTQYF	TRBV6-1	TRBJ2-3
CASSKTQLWETQYF	TRBV7-2	TRBJ2-5
CASFFRRDGDNQPQHF	TRBV7-4	TRBJ1-5
CAISELSGGEVYF	TRBV10-3	TRBJ2-3
CASSWGGGAHNEQFF	TRBV12-3	TRBJ2-1
CASSRTAQGDTEAFF	TRBV25-1	TRBJ1-1
CASSLELGQQNTEAFF	TRBV28	TRBJ1-1
CSVDLLDRYNEQFF	TRBV29-1	TRBJ2-1
CSVVDSKNTEAFF	TRBV29-1	TRBJ1-1
CASSHHGSGNTIYF	TRBV3-1	TRBJ1-3
CASSQGDGGELFF	TRBV4-2	TRBJ2-2
CASSQNRGEFEKLFF	TRBV4-3	TRBJ1-4
CASSSIGQYNSPLHF	TRBV5-4	TRBJ1-6
CASSSSPGGVLTF	TRBV5-6	TRBJ2-6
CASSHRDSDLYGYTF	TRBV6-2	TRBJ1-2
CASSYGPWDEQFF	TRBV6-2	TRBJ2-1
CASSYSGTNEQFF	TRBV6-2	TRBJ2-1
CASSLWWGIGNTIYF	TRBV7-2	TRBJ1-3
CASSLDRAEQYF	TRBV7-6	TRBJ2-7
CASRDWEGYEQFF	TRBV7-8	TRBJ2-1
CASSLTTESGEQYF	TRBV7-9	TRBJ2-7
CASSLWDQPQHF	TRBV7-9	TRBJ1-5
CASSFGQGNTGELFF	TRBV12-3	TRBJ2-2
CASSYGGSYTF	TRBV12-3	TRBJ1-2
CASSQGVRTASYEQYF	TRBV14	TRBJ2-7
CASSPGGRTDNPHTDTQYF	TRBV18	TRBJ2-3
CASRWTEFSEQFF	TRBV19	TRBJ2-1
CASSTNTGTEAFF	TRBV19	TRBJ1-1
CSARVEFGTSRQLSSYNEQFF	TRBV20-1	TRBJ2-1
CASSPVAGTPHEQYF	TRBV27	TRBJ2-7
CASSKIWGQGVDTEAFF	TRBV28	TRBJ1-1
CSVVGTINERFF	TRBV29-1	TRBJ2-1
CASSQGRLNYGYTF	TRBV3-1	TRBJ1-2
CASSQIAGGPYEQYF	TRBV3-1	TRBJ2-7
CASSLEGAPTDTQYF	TRBV5-6	TRBJ2-3
CASSTNFKNTEAFF	TRBV5-8	TRBJ1-1
CASSAGGAYEQFF	TRBV6-5	TRBJ2-1
CASSLRTGAGAYGYTF	TRBV6-5	TRBJ1-2
CASSQTQLWGTQYF	TRBV7-2	TRBJ2-5
CASSQTQLWKTQYF	TRBV7-2	TRBJ2-5
CASSLEARSNKETQYF	TRBV7-6	TRBJ2-5
CASSFGRSNEQFF	TRBV7-8	TRBJ2-1
CASSTPPNTEAFF	TRBV9	TRBJ1-1
CASSVEGAPPDTQYF	TRBV9	TRBJ2-3
CASSEGTISTGELFF	TRBV10-2	TRBJ2-2
CASSLTGGVSGNGELFF	TRBV11-2	TRBJ2-2
CASSEHPYPGGEQFF	TRBV14	TRBJ2-1
CASSETGVVNEQFF	TRBV18	TRBJ2-1
CASRLMNTGELFF	TRBV19	TRBJ2-2
CASSIRAAETRYF	TRBV19	TRBJ2-5
CASSIRAAGTQYF	TRBV19	TRBJ2-5
CASSIRAGNEQFF	TRBV19	TRBJ2-1
CASSIRTAETQYF	TRBV19	TRBJ2-5
CASSIVHTYGSPLHF	TRBV19	TRBJ1-6
CASSMIGGGTQAFF	TRBV19	TRBJ1-1
CASSMYGIGNQPQHF	TRBV19	TRBJ1-5
CASSPFGGHGELFF	TRBV19	TRBJ2-2
CASRPGRTHLNTEAFF	TRBV2	TRBJ1-1
CASSDGTGLNEKLFF	TRBV2	TRBJ1-4
CSARQGDTEAFF	TRBV20-1	TRBJ1-1
CSARSLDTQYF	TRBV20-1	TRBJ2-3
CSASGHHYGYTF	TRBV20-1	TRBJ1-2
CSASNPGTGDSGELFF	TRBV20-1	TRBJ2-2
CSAVGRSYNEQFF	TRBV20-1	TRBJ2-1
CASSESLEGVNEKLFF	TRBV25-1	TRBJ1-4
CASSETDSNYEQYF	TRBV25-1	TRBJ2-7
CASSLGGYTF	TRBV27	TRBJ1-2
CASSSMLDRHAAQYF	TRBV27	TRBJ2-5
CASSSDRGGSPLHF	TRBV28	TRBJ1-6
CSVLRDNNNEQFF	TRBV29-1	TRBJ2-1
CAWSISDIMNTEAFF	TRBV30	TRBJ1-1
CAWSVGSYEQYF	TRBV30	TRBJ2-7
CAWSYTDEAFF	TRBV30	TRBJ1-1
CASSPLGGNEQFF	TRBV4-1	TRBJ2-1
CASSQEAGLGNHPQHF	TRBV4-2	TRBJ1-5
CASSFSRNSPLHF	TRBV5-1	TRBJ1-6
CASSFRGPPYEQYF	TRBV5-5	TRBJ2-7
CASSLETQYF	TRBV5-5	TRBJ2-5
CASSPGEARGEQFF	TRBV5-6	TRBJ2-1
CASSLGGSSWDADTQYF	TRBV5-8	TRBJ2-3
CASSGWEAAYGYTF	TRBV6-1	TRBJ1-2
CASTASGGDTGELFF	TRBV6-1	TRBJ2-2
CASNPSLGFSYEQYF	TRBV6-2	TRBJ2-7
CASSYGQGVGYGYTF	TRBV6-5	TRBJ1-2
CASSYSGNSGYTF	TRBV6-5	TRBJ1-2
CASSLSRDSYEQYF	TRBV7-7	TRBJ2-7
CASSLFPHTEAFF	TRBV7-8	TRBJ1-1
CASSLGDQPQHF	TRBV7-9	TRBJ1-5
CASSPGDLYGYTF	TRBV7-9	TRBJ1-2
CAISEGVGGLEQYF	TRBV10-3	TRBJ2-7
CAISEPTEWAGELFF	TRBV10-3	TRBJ2-2
CAISESGELNQPQHF	TRBV10-3	TRBJ1-5
CASSETGSSRNSPLHF	TRBV11-2	TRBJ1-6
CASASPGASGGAGQNTGELFF	TRBV12-3	TRBJ2-2
CASSFFPSFEGISMGTGELFF	TRBV12-3	TRBJ2-2
CASSLGFPGTFFYEQYF	TRBV12-3	TRBJ2-7
CASSSAYYSYTF	TRBV12-3	TRBJ1-2
CASSQISGLAEETQYF	TRBV14	TRBJ2-5
CATSRDKGTDTQYF	TRBV15	TRBJ2-3
CATSRENGGGTDTQYF	TRBV15	TRBJ2-3
CATSRGTSGGSDTQYF	TRBV15	TRBJ2-3
CATSRVPTGADNEQFF	TRBV15	TRBJ2-1
CATILYEILLGKATLYAVLVSALVLMATNEKLFF	TRBV15	TRBJ1-4
CASSMTGGPNQPQHF	TRBV19	TRBJ1-5
CASEWGSNSNQPQHF	TRBV2	TRBJ1-5
CASKEGGGVYGYTF	TRBV2	TRBJ1-2
CSARAGGDGETQYF	TRBV20-1	TRBJ2-5
CSARASTSGDSNEQFF	TRBV20-1	TRBJ2-1
CSARGAGTPGDPQHF	TRBV20-1	TRBJ1-5
CASSEYFVGQGASYGYTF	TRBV25-1	TRBJ1-2
CASSFGGEQFF	TRBV27	TRBJ2-1
CASSFGGNTEAFF	TRBV27	TRBJ1-1
CASSLGETTEAFF	TRBV27	TRBJ1-1
CASSPGTGFYSEAFF	TRBV27	TRBJ1-1
CASTPLGGTSYEQYF	TRBV28	TRBJ2-7
CSVGQPANYGYTF	TRBV29-1	TRBJ1-2
CSVVESYEQYF	TRBV29-1	TRBJ2-7
CAWARITEAFF	TRBV30	TRBJ1-1
CAWSGGLAGGFSYNEQFF	TRBV30	TRBJ2-1
CAWSVPDIMNTEAFF	TRBV30	TRBJ1-1
CASSPQATSYNSPLHF	TRBV3-1	TRBJ1-6
CASSQAYSGGLGTDTQYF	TRBV3-1	TRBJ2-3
CASSQDPSGRGNTIYF	TRBV3-1	TRBJ1-3
CASDRGASTDTQYF	TRBV4-2	TRBJ2-3
CASSQGRRSTDTQYF	TRBV4-2	TRBJ2-3
CASSQEGWETQYF	TRBV4-3	TRBJ2-5
CASSQNAGDNTEAFF	TRBV4-3	TRBJ1-1
CASKAAGFREQYF	TRBV5-1	TRBJ2-7
CASSLGQGTGELFF	TRBV5-1	TRBJ2-2
CASSLGRVRSPLHF	TRBV5-8	TRBJ1-6
CASSEEWLQGNSYEQYF	TRBV6-1	TRBJ2-7
CASSSTWDGSYNEQFF	TRBV6-1	TRBJ2-1
CASSYIAGAYNEQFF	TRBV6-2	TRBJ2-1
CASSSQGSTDTQYF	TRBV6-4	TRBJ2-3
CASSVNMEGTYGYTF	TRBV7-2	TRBJ1-2
CASGLAPGATNEKLFF	TRBV12-5	TRBJ1-4
CASILAPGATNEKLFF	TRBV7-6	TRBJ1-4
CASSLAPGGATNEKLFF	TRBV7-6	TRBJ1-4
CASSLPPEATNEKLFF	TRBV7-6	TRBJ1-4
CASSFPGTDTQYF	TRBV7-8	TRBJ2-3
CASIPSRQGAGDTQYF	TRBV7-8	TRBJ2-3
CASSLEYREADTQYF	TRBV7-8	TRBJ2-3
CASSLTGMWETQYF	TRBV7-8	TRBJ2-5
CASSSGSIETSGGPEQYF	TRBV7-8	TRBJ2-7
CASSKPKGHHPIPPFNTGELFF	TRBV7-9	TRBJ2-2
CASSSVRAGATYNEQFF	TRBV7-9	TRBJ2-1
CAISDLAGVRPDTQYF	TRBV10-3	TRBJ2-3
CASSLWGFDRTDTQYF	TRBV11-2	TRBJ2-3
CASSSESYNEQFF	TRBV11-2	TRBJ2-1
CASSVGQGAFQETQYF	TRBV11-2	TRBJ2-5
CANSSVNEQFF	TRBV12-3	TRBJ2-1
CASGGVYSGGAVEQYF	TRBV12-3	TRBJ2-7
CASSFSLPYKQYF	TRBV12-3	TRBJ2-7
CASSLVNEQFF	TRBV12-3	TRBJ2-1
CASSSVNGQFF	TRBV12-3	TRBJ2-1
CTSSSVNEQFF	TRBV7-2	TRBJ2-1
CATSRDRGTGTEAFF	TRBV15	TRBJ1-1
CATSRPLLVGGRYTQYF	TRBV15	TRBJ2-3
CASSRAGQLNTEAFF	TRBV16	TRBJ1-1
CASSPEGRTDSPHTDTQYF	TRBV18	TRBJ2-3
CASSPGDRTDSPHTDTQYF	TRBV18	TRBJ2-3
CASRDRGYNQPQHF	TRBV2	TRBJ1-5
CASSDKARGGYTF	TRBV2	TRBJ1-2
CSARDGGTGVGWVDTQYF	TRBV20-1	TRBJ2-3
CSARESPLARSYEQYF	TRBV20-1	TRBJ2-7
CSARPPGTPPYEQYF	TRBV20-1	TRBJ2-7
CANSPVAGAPHEQYF	TRBV27	TRBJ2-7
CASSALAGARYEQYF	TRBV27	TRBJ2-7
CASSFEGGGSLGEQYF	TRBV27	TRBJ2-7
CASSPVAGAPHKQYF	TRBV27	TRBJ2-7
CASSPVTGAPHEQYF	TRBV27	TRBJ2-7
CASSFVGATNEKLFF	TRBV28	TRBJ1-4
CASSLVAGPGTDTQYF	TRBV28	TRBJ2-3
CSDSGGDNTDTQYF	TRBV29-1	TRBJ2-3
CSVEDLSGRELNNEQFF	TRBV29-1	TRBJ2-1
CSVMGTINEQFF	TRBV29-1	TRBJ2-1
CAWSAERELFF	TRBV30	TRBJ2-2
CASSQAEMAEQFF	TRBV3-1	TRBJ2-1
CASSQAGMTEQFF	TRBV3-1	TRBJ2-1
CASSQAGVAEQFF	TRBV3-1	TRBJ2-1
CASSPIGTAAELIHNEKLFF	TRBV4-2	TRBJ1-4
CASSLGVTNGETQYF	TRBV5-1	TRBJ2-5
CASSSWSVNTEAFF	TRBV5-1	TRBJ1-1
CASSLEPKAPYEQYF	TRBV5-4	TRBJ2-7
CASSPTGGYADTQYF	TRBV5-4	TRBJ2-3
CASSFGGNAYNEQFF	TRBV5-6	TRBJ2-1
CASSEDHTEFYEQYF	TRBV6-1	TRBJ2-7
CASNQVTATGAYGYTF	TRBV6-5	TRBJ1-2
CASNQVTETGAYDYTF	TRBV6-5	TRBJ1-2
CASNQVTETGAYGYTF	TRBV6-5	TRBJ1-2
CASNQVTGTGAYSYTF	TRBV6-5	TRBJ1-2
CASNQVTGTRAYGYTF	TRBV6-5	TRBJ1-2
CASNSDRDDLLNTEAFF	TRBV6-6	TRBJ1-1
CAISQTQLWETQYF	TRBV10-3	TRBJ2-5
CASSQTQLWETRYF	TRBV7-2	TRBJ2-5
CASSHSAKCTAYEQYF	TRBV7-4	TRBJ2-7
CASSLAPTGGPYNEQFF	TRBV7-6	TRBJ2-1
CASSWTTGTGGFYNEQFF	TRBV7-6	TRBJ2-1
CASSARSKNIQYF	TRBV7-7	TRBJ2-4
CASSLDRGETQYF	TRBV7-7	TRBJ2-5
CASRGGGRTSYEQYF	TRBV7-9	TRBJ2-7
CASSLNTDTQYF	TRBV7-9	TRBJ2-3
CASSLVHYNSPLHF	TRBV7-9	TRBJ1-6
CASSPPVGEQTQYF	TRBV7-9	TRBJ2-5
CASSFPGGSDTQYF	TRBV9	TRBJ2-3
CASSVAEGGEAFF	TRBV9	TRBJ1-1
CASSLFGGGTEAFF	TRBV12-3	TRBJ1-1
CASSLGGGSYEQYF	TRBV13	TRBJ2-7
CSGGTGELFF	TRBV29-1	TRBJ2-2
CASRDQTAYYGYTF	TRBV10-1	TRBJ1-2
CASSQDRDTQYF	TRBV14	TRBJ2-3
CASSPVTGGIYGYTF	TRBV6-5	TRBJ1-2
CASSLEGGYYNEQFF	TRBV5-1	TRBJ2-1
CASSANPGDSSNEKLFF	TRBV9	TRBJ1-4
CASSKGAAITVGLETQYF	TRBV2	TRBJ2-5
CSARDLKAGSWVEQYF	TRBV20-1	TRBJ2-7
CASSQGLAGGPRTDTQYF	TRBV4-1	TRBJ2-3
CAISEGDLNTEAFF	TRBV10-3	TRBJ1-1
CASSPQSDQNQGTQYF	TRBV5-1	TRBJ2-5
CASSGDPEHGYNYGYTF	TRBV5-1	TRBJ1-2
CASSLASDGPQETQYF	TRBV5-1	TRBJ2-5
CSGIDKPVTDTQYF	TRBV29-1	TRBJ2-3
CSASLASTSNYGYTF	TRBV20-1	TRBJ1-2
CASSEGIGYNSPLHF	TRBV27	TRBJ1-6
CASSWAPNTGELFF	TRBV12-3	TRBJ2-2
CSATPARASNTEAFF	TRBV20-1	TRBJ1-1
CSARDPQGVTEAFF	TRBV20-1	TRBJ1-1
CSARDSSGGAKNIQYF	TRBV20-1	TRBJ2-4
