CASSPGMGPYEQYF	TRBV19	TRBJ2-7
CASSPVDFQNTDTQYF	TRBV7-9	TRBJ2-3
CASSPSAGVVEQYF	TRBV5-6	TRBJ2-7
CASSLKPRSGGASETQYF	TRBV7-3	TRBJ2-5
CASGSLQGFNEQFF	TRBV12-5	TRBJ2-1
CASSSETELLYYGYTF	TRBV6-6	TRBJ1-2
CASSQDGTGINIQYF	TRBV4-1	TRBJ2-4
CASSLGTGGVTDTQYF	TRBV12-3	TRBJ2-3
CSSRTSGDNEQFF	TRBV29-1	TRBJ2-1
CASSDSALRLEFF	TRBV6-4	TRBJ2-1
CASSSHDETGVGSPLHF	TRBV7-9	TRBJ1-6
CASSSTGYGNQPQHF	TRBV19	TRBJ1-5
CASSLGGGTGELFF	TRBV7-9	TRBJ2-2
CASSGASGMGGSYNEQFF	TRBV10-2	TRBJ2-1
CASSPRTGNSGANVLTF	TRBV7-8	TRBJ2-6
CASSPPGRASYEQYF	TRBV19	TRBJ2-7
CASRLAGGQLNEQFF	TRBV2	TRBJ2-1
CASSSIGAYEQYF	TRBV5-1	TRBJ2-7
CASSLPPGYNEQFF	TRBV5-1	TRBJ2-1
CASSMWVNQPQHF	TRBV19	TRBJ1-5
CASSTRDSSTGELFF	TRBV11-3	TRBJ2-2
CASSLTQLWETQYF	TRBV7-2	TRBJ2-5
CASSYGTEGTDTQYF	TRBV5-4	TRBJ2-3
CASSSGLSYEQYF	TRBV7-9	TRBJ2-7
CSARDQLAGSTEAFF	TRBV20-1	TRBJ1-1
CASSSLGQILSYEQYF	TRBV28	TRBJ2-7
CASSQGLAGVLADTQYF	TRBV3-1	TRBJ2-3
CASSVDWDRVSGNTIYF	TRBV9	TRBJ1-3
CASSRGTGRIGNQPQHF	TRBV6-3	TRBJ1-5
CASSPTGPEQFF	TRBV9	TRBJ2-1
CASSIEGGSTDTQYF	TRBV12-3	TRBJ2-3
CASSLTGTEAFF	TRBV7-9	TRBJ1-1
CAWSVLVQGYTGELFF	TRBV30	TRBJ2-2
CSGRQGGRNEQFF	TRBV29-1	TRBJ2-1
CASSWLMGTTYNEQFF	TRBV27	TRBJ2-1
CATPLLQDYGYTF	TRBV24-1	TRBJ1-2
CATGKTSGLTGAGELFF	TRBV6-2	TRBJ2-2
CSVLPRPHRGSEYEQFF	TRBV20-1	TRBJ2-1
CASSPGTGTNTGELFF	TRBV19	TRBJ2-2
CASSYSAGGPYEQYF	TRBV7-3	TRBJ2-7
CASRRLAGVEQETQYF	TRBV7-6	TRBJ2-5
CAISESLTGNYEQYF	TRBV10-3	TRBJ2-7
CSVETSGGVGEQFF	TRBV29-1	TRBJ2-1
CASTTGVNTIYF	TRBV6-6	TRBJ1-3
CASSLGRGFADTQYF	TRBV28	TRBJ2-3
CASSQDGNRGRDEQYF	TRBV4-1	TRBJ2-7
CASSEAYMNTGELFF	TRBV6-1	TRBJ2-2
CSTPGTNTEAFF	TRBV29-1	TRBJ1-1
CASSGWEAAYGYTF	TRBV6-1	TRBJ1-2
CASSPGTATYEQYF	TRBV7-2	TRBJ2-7
CASSLSGGALNEQFF	TRBV4-1	TRBJ2-1
CASSYVAGGQETQYF	TRBV6-5	TRBJ2-5
CASRTGLDGYTF	TRBV5-1	TRBJ1-2
CSARFSGQGTEAFF	TRBV20-1	TRBJ1-1
CASSLTADKHF	TRBV6-6	TRBJ1-5
CAIKSAGRSYEQYF	TRBV28	TRBJ2-7
CSATDSYEQYF	TRBV20-1	TRBJ2-7
CASSQLGQYTDTQYF	TRBV5-4	TRBJ2-3
CSASGGALSSYNEQFF	TRBV20-1	TRBJ2-1
CASRLTGGSNYGYTF	TRBV6-5	TRBJ1-2
CASSPGTSGSDEQFF	TRBV13	TRBJ2-1
CASRQQCWSGQGRCTEAFF	TRBV27	TRBJ1-1
CSAQLEAKNIQYF	TRBV20-1	TRBJ2-4
CASSVEVLAGLILTQSNEQFF	TRBV9	TRBJ2-1
CASSLKETQYF	TRBV7-8	TRBJ2-5
CASSGRQGRGYTF	TRBV11-3	TRBJ1-2
CASSYQPSTKTGYSPLHF	TRBV12-4	TRBJ1-6
CASSYSHGELFF	TRBV6-2	TRBJ2-2
CASGGAIDTEAFF	TRBV7-9	TRBJ1-1
CASSATGTGRGSPLHF	TRBV7-9	TRBJ1-6
CASSQSNRANEQFF	TRBV16	TRBJ2-1
CASEASGLAGLGTQYF	TRBV7-6	TRBJ2-5
CASSSERDAFDNEQFF	TRBV11-3	TRBJ2-1
CSASGGAGETQYF	TRBV20-1	TRBJ2-5
CASSPDVAGNSYNEQFF	TRBV7-3	TRBJ2-1
CASSMFTGQSYGYTF	TRBV19	TRBJ1-2
CASSLGPQNTGELFF	TRBV7-9	TRBJ2-2
CASTSGTGGAESYEQYF	TRBV5-4	TRBJ2-7
CSATRRDRILTGYNSPLHF	TRBV20-1	TRBJ1-6
CATSRDLGTGNTIYF	TRBV15	TRBJ1-3
CASSAAGGTGSGELFF	TRBV2	TRBJ2-2
CSASGGMGYNEQFF	TRBV20-1	TRBJ2-1
CSAGTGDTYIQYF	TRBV20-1	TRBJ2-4
CASSEGAQGAGYYGYTF	TRBV9	TRBJ1-2
CASSLPGGALNTEAFF	TRBV5-1	TRBJ1-1
CASSPPPDNEQFF	TRBV11-2	TRBJ2-1
CSARDFDGYTF	TRBV20-1	TRBJ1-2
CASSVEGARFGYTF	TRBV5-4	TRBJ1-2
CASSLTAAEWTQYF	TRBV11-1	TRBJ2-3
CASSFRNREGEQFF	TRBV19	TRBJ2-1
CASSLPTGGQNSPLHF	TRBV27	TRBJ1-6
CASSIGQHYEQYF	TRBV19	TRBJ2-7
CASSKLADYQETQYF	TRBV12-3	TRBJ2-5
CASSQEWLAGGPGTQYF	TRBV4-2	TRBJ2-5
CASSYIPGQAYGYTF	TRBV6-5	TRBJ1-2
CASSRGLAGVATGELFF	TRBV3-1	TRBJ2-2
CASSPIGTAAELIHNEKLFF	TRBV4-2	TRBJ1-4
CASSLPPPLHF	TRBV7-9	TRBJ1-6
CASSLGRYTEAFF	TRBV7-6	TRBJ1-1
CASSLYSATGELFF	TRBV28	TRBJ2-2
CASSQVGGRATDTQYF	TRBV4-3	TRBJ2-3
CASRFRDHTDTQYF	TRBV2	TRBJ2-3
CASSPRAGTNTEAFF	TRBV7-8	TRBJ1-1
CASSLAYGTPEAFF	TRBV7-9	TRBJ1-1
CASSGGQGLFYEQYF	TRBV5-1	TRBJ2-7
CASSQDASGGAGELFF	TRBV4-2	TRBJ2-2
CASSLRTGQLNNYGYTF	TRBV11-3	TRBJ1-2
CASSELNGMDTQYF	TRBV25-1	TRBJ2-3
CASSPWAGQETQYF	TRBV12-3	TRBJ2-5
CASSQVGTGGMNTEAFF	TRBV4-3	TRBJ1-1
CASSLYGRKNSPLHF	TRBV28	TRBJ1-6
CASSPGTAHEQYF	TRBV5-6	TRBJ2-7
CASSQDGGIAYNEQFF	TRBV3-1	TRBJ2-1
CSASPKGAIYNEQFF	TRBV20-1	TRBJ2-1
CASSPPRGKGNGYTF	TRBV7-9	TRBJ1-2
CASSAPGGTSYNEQFF	TRBV9	TRBJ2-1
CASRPTLSSYNEQFF	TRBV6-1	TRBJ2-1
CAWMGTGTLYYEQYF	TRBV30	TRBJ2-7
CASSYQGAGTEAFF	TRBV19	TRBJ1-1
CASNADRDYPGELFF	TRBV12-3	TRBJ2-2
CASSLNRDTATNTGELFF	TRBV7-2	TRBJ2-2
CASSLGQESSTDTQYF	TRBV12-3	TRBJ2-3
CATSDLVANQPQHF	TRBV24-1	TRBJ1-5
CASSTIPGRGNEQFF	TRBV19	TRBJ2-1
CASSVLGEGGNEQFF	TRBV2	TRBJ2-1
CASSQGLAGANQETQYF	TRBV3-1	TRBJ2-5
CASSEDSGGAYNEQFF	TRBV11-1	TRBJ2-1
CATSDSGGSSYNEQFF	TRBV24-1	TRBJ2-1
CAISESWGGAEAFF	TRBV10-3	TRBJ1-1
CATSDLSDTQYF	TRBV24-1	TRBJ2-3
CASSWSNQPQHF	TRBV25-1	TRBJ1-5
CASSYRAGGLTFF	TRBV6-3	TRBJ1-1
CASSSGDRTNEKLFF	TRBV11-2	TRBJ1-4
CASSLYAPGTGVYNEQFF	TRBV7-6	TRBJ2-1
CASNSGNTIYF	TRBV6-6	TRBJ1-3
CASSSQAGLTYNEQFF	TRBV5-4	TRBJ2-1
CASSEFRGGASEAFF	TRBV6-1	TRBJ1-1
CASSVDPRQGSDYGYTF	TRBV9	TRBJ1-2
CAISESNKGTPGYTF	TRBV10-3	TRBJ1-2
CATSSYYQGTMNTEAFF	TRBV15	TRBJ1-1
CASSLGDRTQYF	TRBV13	TRBJ2-5
CASSLARTTWPGELFF	TRBV7-6	TRBJ2-2
CASRPPGVYEQYF	TRBV27	TRBJ2-7
CASSFSSGGAISDTQYF	TRBV27	TRBJ2-3
CASRQGPGELFF	TRBV27	TRBJ2-2
CASTTLRVSQFF	TRBV6-1	TRBJ2-1
CASSSTGELFF	TRBV5-6	TRBJ2-2
CASSVAMGLDYTF	TRBV9	TRBJ1-2
CASSSPDRHNEKLFF	TRBV7-9	TRBJ1-4
CATSPGGGRDLYEQYF	TRBV15	TRBJ2-7
CASSQTSGGLNEQFF	TRBV10-1	TRBJ2-1
CASSFIGVGKTDEQYF	TRBV7-9	TRBJ2-7
CASSVVNEAFF	TRBV12-4	TRBJ1-1
CASSNEGGGRGGYTF	TRBV7-9	TRBJ1-2
CASSEPQDTEAFF	TRBV2	TRBJ1-1
CASSLGLGVNTEAFF	TRBV13	TRBJ1-1
CASRPGQGDTQYF	TRBV6-6	TRBJ2-3
CASGRLSYNEQFF	TRBV12-4	TRBJ2-1
CASSPRSQETQYF	TRBV4-1	TRBJ2-5
CASTPRRLGLFPSSGNTIYF	TRBV6-6	TRBJ1-3
CASSSELTGTVYGYTF	TRBV7-8	TRBJ1-2
CASSQDRQGISIGYTF	TRBV4-3	TRBJ1-2
CASSYSWTSGGVYNEQFF	TRBV6-3	TRBJ2-1
CASFWTSGGSSTDTQYF	TRBV6-6	TRBJ2-3
CASSAGAAGELFF	TRBV19	TRBJ2-2
CASSQEYGGSTEAFF	TRBV4-3	TRBJ1-1
CSARDLSSNQPQHF	TRBV20-1	TRBJ1-5
CAISDLVGQGNEQFF	TRBV10-3	TRBJ2-1
CASIDRVSVAEAFF	TRBV19	TRBJ1-1
CASSRPGLADNEQFF	TRBV11-2	TRBJ2-1
CASSPGTSGGETQYF	TRBV5-1	TRBJ2-5
CASSIGGHTYNEQFF	TRBV19	TRBJ2-1
CASSPEGRTDSPHTDTQYF	TRBV18	TRBJ2-3
CASSLTGGKGNEQFF	TRBV6-5	TRBJ2-1
CASSPMGGLAEAFF	TRBV12-4	TRBJ1-1
CASSQDFAGVNEQFF	TRBV4-3	TRBJ2-1
CASSQGGPLSNQPQHF	TRBV4-2	TRBJ1-5
CASRKTGGYEQYF	TRBV6-5	TRBJ2-7
CASSPLAGGQDEQFF	TRBV14	TRBJ2-1
CASILARGGTEAFF	TRBV6-1	TRBJ1-1
CSARDFTNTGELFF	TRBV20-1	TRBJ2-2
CASSSKEGNTEAFF	TRBV7-9	TRBJ1-1
CASSVEDRANTEAFF	TRBV9	TRBJ1-1
CASSRGTGVDAFF	TRBV4-3	TRBJ1-1
CASSRTEGVETQYF	TRBV7-9	TRBJ2-5
CATSIGTEIGYPEAFF	TRBV15	TRBJ1-1
CASTQGDEQFF	TRBV25-1	TRBJ2-1
CASSTNRASNQPQHF	TRBV6-5	TRBJ1-5
CASSFRDANTEAFF	TRBV28	TRBJ1-1
CASSDHSLAVFENEQFF	TRBV6-1	TRBJ2-1
CASMGLPSYEQYF	TRBV2	TRBJ2-7
CATSRDRAFF	TRBV15	TRBJ1-1
CASSHPQGTSYEQYF	TRBV4-1	TRBJ2-7
CASSQDMGSSKTQYF	TRBV4-1	TRBJ2-3
CASTATGFYEQYF	TRBV12-4	TRBJ2-7
CASSFAPGGGYTGELFF	TRBV7-9	TRBJ2-2
CASSLVSGATYNEQFF	TRBV27	TRBJ2-1
CASSQGSRPQETQYF	TRBV4-3	TRBJ2-5
CASRFGQGNHPQHF	TRBV6-5	TRBJ1-5
CASSFPGLADRQYF	TRBV5-6	TRBJ2-5
CASSETEGFYEQYF	TRBV3-1	TRBJ2-7
CASTSGVNTGELFF	TRBV27	TRBJ2-2
CASRAQGAYYGYTF	TRBV27	TRBJ1-2
CASSSTGTGGRAYNEQFF	TRBV7-9	TRBJ2-1
CASSATGGDSEAFF	TRBV5-1	TRBJ1-1
CASSFTGAGNEQFF	TRBV27	TRBJ2-1
CASSPGGDRGADTQYF	TRBV6-4	TRBJ2-3
CASSPLGGGQNSYEQYF	TRBV4-2	TRBJ2-7
CASSVGGPPPDTQYF	TRBV28	TRBJ2-3
CASSGRDRVWNNYGYTF	TRBV25-1	TRBJ1-2
CASSPLAPTGELFF	TRBV7-9	TRBJ2-2
CASNRGGPIETQYF	TRBV9	TRBJ2-5
CAGSQVWGSDEKLFF	TRBV3-1	TRBJ1-4
CASSRQGANTEAFF	TRBV27	TRBJ1-1
CASTPRRTLEQFF	TRBV27	TRBJ2-1
CASSVNPGLRGGTDTQYF	TRBV9	TRBJ2-3
CASSQPGQDGINYGYTF	TRBV4-1	TRBJ1-2
CSARDYKTGVDYGYTF	TRBV20-1	TRBJ1-2
CASSLGLNTYEQYF	TRBV14	TRBJ2-7
CASSVVSSAYNEQFF	TRBV9	TRBJ2-1
CASSLTAGAAETQYF	TRBV19	TRBJ2-5
CASSQDMPDKGSLAKNIQYF	TRBV4-2	TRBJ2-4
CASSPGLVRYEQYF	TRBV27	TRBJ2-7
CASSLFQGSGTEAFF	TRBV11-2	TRBJ1-1
CSARDDGQGQGARTYNSPLHF	TRBV20-1	TRBJ1-6
CASSIGARGSNQPQHF	TRBV19	TRBJ1-5
CSVPGTVYGYTF	TRBV29-1	TRBJ1-2
CASGGTETYEQYF	TRBV7-9	TRBJ2-7
CASSSEGGGEQFF	TRBV7-9	TRBJ2-1
CASWSGDRESLTYEQYF	TRBV27	TRBJ2-7
CASSYSAPTSKSPLHF	TRBV6-5	TRBJ1-6
CASSSSDKYEQYF	TRBV7-9	TRBJ2-7
CASTGSVSTDTQYF	TRBV6-6	TRBJ2-3
CASSPTKGGSGNTIYF	TRBV4-1	TRBJ1-3
CASSLERFTEAFF	TRBV27	TRBJ1-1
CASSVLRGGLNTGELFF	TRBV9	TRBJ2-2
CATSAVDRGKNIQYF	TRBV24-1	TRBJ2-4
CASSGVLGSDGYTF	TRBV13	TRBJ1-2
CATSTDGISNQPQHF	TRBV15	TRBJ1-5
CATSDLSDADTQYF	TRBV24-1	TRBJ2-3
CASSLATAYYGYTF	TRBV12-4	TRBJ1-2
CASSETNYNEQFF	TRBV10-1	TRBJ2-1
CSAPFVTGRSGELFF	TRBV20-1	TRBJ2-2
CASSPQPGILSYEQYF	TRBV4-1	TRBJ2-7
CSAPGGLETQYF	TRBV20-1	TRBJ2-5
CSVANTPFPADTQYF	TRBV20-1	TRBJ2-3
CASSMDMWTEAFF	TRBV19	TRBJ1-1
CSARAARLAGTDTQYF	TRBV20-1	TRBJ2-3
CASSLAASYEQYF	TRBV12-3	TRBJ2-7
CASSQDWGGETQYF	TRBV3-1	TRBJ2-5
CASSLVASVNPAYGQYF	TRBV5-1	TRBJ2-7
CSARPLVSAGELFF	TRBV20-1	TRBJ2-2
CAWSVLTAESGELFF	TRBV30	TRBJ2-2
CASSTVTSKGSDTQYF	TRBV19	TRBJ2-3
CASSSGTGEPNTEAFF	TRBV11-2	TRBJ1-1
CASRGGQSLGYTF	TRBV6-3	TRBJ1-2
CASSVGTSGGELFF	TRBV6-5	TRBJ2-2
CAISEPDIFGQTSYGYTF	TRBV10-3	TRBJ1-2
CASSPFGLSGKDTGELFF	TRBV18	TRBJ2-2
CSAGQGTGELFF	TRBV20-1	TRBJ2-2
CATSSDRDQPQHF	TRBV15	TRBJ1-5
CASSYTGYSSPLHF	TRBV27	TRBJ1-6
CSASGDREVSGEKLFF	TRBV20-1	TRBJ1-4
CASSFGNNEQFF	TRBV7-9	TRBJ2-1
CASCRPPDRVDNEQFF	TRBV28	TRBJ2-1
CSARVEFGTSRQLSSYNEQFF	TRBV20-1	TRBJ2-1
CASSLGSGSEQYF	TRBV19	TRBJ2-7
CASSFGGWTDTQYF	TRBV28	TRBJ2-3
CSASEWAGATYEQYF	TRBV20-1	TRBJ2-7
CASSSTSGSLLLTDTQYF	TRBV27	TRBJ2-3
CATSIGSSGNEQFF	TRBV15	TRBJ2-1
CATSRQGATEAFF	TRBV15	TRBJ1-1
CSVQGGAYNEQFF	TRBV29-1	TRBJ2-1
CASGLGVQDLNQPQHF	TRBV12-5	TRBJ1-5
CSVSGVRETQYF	TRBV29-1	TRBJ2-5
CASSYPITSGGYNEQFF	TRBV6-5	TRBJ2-1
CASSRWDGMNTEAFF	TRBV6-6	TRBJ1-1
CSARDHTFQTASYGYTF	TRBV20-1	TRBJ1-2
CSAQDRDKEDTEAFF	TRBV20-1	TRBJ1-1
CASSLTYGYEQYF	TRBV7-3	TRBJ2-7
CASSPLDPTDTQYF	TRBV18	TRBJ2-3
CSARDLIGAGANVLTF	TRBV20-1	TRBJ2-6
CASSYSWGFQETQYF	TRBV6-5	TRBJ2-5
CASETGPDTQYF	TRBV5-4	TRBJ2-3
CSGLAGEPYEQYF	TRBV20-1	TRBJ2-7
CASTLVAGEGNEQFF	TRBV11-2	TRBJ2-1
CASSFGQGSSPLHF	TRBV27	TRBJ1-6
CASSLAGPGLAGQETQYF	TRBV7-6	TRBJ2-5
CASPGGRLAGNTIYF	TRBV6-1	TRBJ1-3
CATSRDLANQETQYF	TRBV15	TRBJ2-5
CASSDLEPQETQYF	TRBV10-1	TRBJ2-5
CSVEEGGLGLFF	TRBV29-1	TRBJ2-1
CASSRDSSSTDTQYF	TRBV14	TRBJ2-3
CASSEDGAFPWGYTF	TRBV6-6	TRBJ1-2
CASSIIAGDVDEQFF	TRBV6-5	TRBJ2-1
CAWSAERELFF	TRBV30	TRBJ2-2
CASSRGAGGGSPLHF	TRBV18	TRBJ1-6
CASSPVAGAPYNEYF	TRBV27	TRBJ2-7
CASSFGQGLSNEQFF	TRBV11-2	TRBJ2-1
CASSSGQGGYGYTF	TRBV9	TRBJ1-2
CASRPITGGGYTEAFF	TRBV7-8	TRBJ1-1
CASTMGLAGGGGTDTQYF	TRBV6-6	TRBJ2-3
CASSISGTEQFF	TRBV12-3	TRBJ2-1
CASSFLGLNEQFF	TRBV6-1	TRBJ2-1
CASSYPHEQFF	TRBV7-9	TRBJ2-1
CASLGTPMNTEAFF	TRBV7-9	TRBJ1-1
CASSIGQGLNQPQHF	TRBV19	TRBJ1-5
CASRLGAAGSQPQHF	TRBV27	TRBJ1-5
CASIFGELFF	TRBV19	TRBJ2-2
CASSLVPTNSPLHF	TRBV7-9	TRBJ1-6
CASSLAGGGLPEETQYF	TRBV5-6	TRBJ2-5
CASSQTPNQPQHF	TRBV4-1	TRBJ1-5
CASSLRGAYNEQFF	TRBV11-1	TRBJ2-1
CASRRGPVGDTQYF	TRBV5-1	TRBJ2-3
CASSHRENTEAFF	TRBV12-3	TRBJ1-1
CASSLGDSYEQYF	TRBV27	TRBJ2-7
CASSPGSLYYGYTF	TRBV12-4	TRBJ1-2
CASSLTGGGETQYF	TRBV27	TRBJ2-5
CSASAGTGGAGGTYEQYF	TRBV29-1	TRBJ2-7
CASSLLGQGRNQPQHF	TRBV12-3	TRBJ1-5
CSVEWVHGQYF	TRBV29-1	TRBJ2-7
CASSSRHEAFF	TRBV7-8	TRBJ1-1
CASSLGTSGGVTYEQYF	TRBV12-4	TRBJ2-7
CSAREDERGVLYEQYF	TRBV20-1	TRBJ2-7
CASSQYPPENTEAFF	TRBV7-6	TRBJ1-1
CASSRTSGHQETQYF	TRBV11-3	TRBJ2-5
CSVGTGTGVETQYF	TRBV29-1	TRBJ2-5
CASSLEGEYAQPQHF	TRBV5-5	TRBJ1-5
CASSLGGGLGNEQFF	TRBV11-2	TRBJ2-1
CASSLGSGGYTDTQYF	TRBV11-2	TRBJ2-3
CSVGQTYEQYF	TRBV29-1	TRBJ2-7
CASSFTGSSYNEQFF	TRBV12-3	TRBJ2-1
CASSKVAGALNEQFF	TRBV19	TRBJ2-1
CASSLVRESEKLFF	TRBV7-9	TRBJ1-4
CASSLTDNQPQHF	TRBV7-9	TRBJ1-5
CSVDKGGPEAFF	TRBV29-1	TRBJ1-1
CATSDPRTSGSVRRWETQYF	TRBV24-1	TRBJ2-5
CASSIDPSGPPSTDTQYF	TRBV19	TRBJ2-3
CASSPTDAMNTEAFF	TRBV7-9	TRBJ1-1
CATSDRDNHLGYGYTF	TRBV24-1	TRBJ1-2
CASSGRDSHEQYF	TRBV5-1	TRBJ2-7
CAISESGTGSVFDGYTF	TRBV10-3	TRBJ1-2
CASTVSGSGADTQYF	TRBV11-1	TRBJ2-3
CASSPPGLPGYTF	TRBV18	TRBJ1-2
CASSIYLKGTEAFF	TRBV19	TRBJ1-1
CASSLGLAGANTDTQYF	TRBV7-2	TRBJ2-3
CASSIDRETSTDTQYF	TRBV19	TRBJ2-3
CASSFVGSYEQYF	TRBV5-6	TRBJ2-7
CASSARDRAYYEQYF	TRBV27	TRBJ2-7
CASSFSGANVLTF	TRBV27	TRBJ2-6
CASSSSFATEAFF	TRBV11-1	TRBJ1-1
CASRERELGWFEQFF	TRBV2	TRBJ2-1
CASSLRGGYTGELFF	TRBV7-9	TRBJ2-2
CASSSSRAASNQPQHF	TRBV7-8	TRBJ1-5
CASSWGTGSGPQHF	TRBV7-9	TRBJ1-5
CASSPGTGREQFF	TRBV9	TRBJ2-1
CASSLLRGAKGGRPSYNEQFF	TRBV28	TRBJ2-1
CASSPFNEKLFF	TRBV12-3	TRBJ1-4
CASTKGGGELFF	TRBV27	TRBJ2-2
CASSTPPGTPYGEQFF	TRBV6-5	TRBJ2-1
CASSYSIGALEAFF	TRBV6-5	TRBJ1-1
CASSDLGQGHEQYF	TRBV6-1	TRBJ2-7
CASSSGGAPDTQYF	TRBV11-2	TRBJ2-3
CASSPPTGVGYGYTF	TRBV28	TRBJ1-2
CASSWRFGTSSSYEQYF	TRBV28	TRBJ2-7
CASSSHDRAGINSPLHF	TRBV7-9	TRBJ1-6
CASRDREYGLNTEAFF	TRBV4-1	TRBJ1-1
CASSIDEGGNQPQHF	TRBV19	TRBJ1-5
CASGLEGQGAGEQFF	TRBV12-5	TRBJ2-1
CASSPSPRQGGKGGYTF	TRBV7-8	TRBJ1-2
CASSPGQGRGTEAFF	TRBV7-8	TRBJ1-1
CASSESVLGDRGQGEQFF	TRBV10-1	TRBJ2-1
CASSLVGTGRTDTQYF	TRBV13	TRBJ2-3
CASSVSVNTEAFF	TRBV2	TRBJ1-1
CASSLPGLFEQFF	TRBV7-9	TRBJ2-1
CASSQTLWTSVYNEQFF	TRBV27	TRBJ2-1
CASSHGWLAGGEDTQYF	TRBV27	TRBJ2-3
CASREGSGGAYNEQFF	TRBV2	TRBJ2-1
CASSGGANSGNTIYF	TRBV2	TRBJ1-3
CASSQVAGGAGGPREYNEQFF	TRBV4-3	TRBJ2-1
CASSIVLVPGLAGGISYEQYF	TRBV19	TRBJ2-7
CSARGATSGNEQFF	TRBV20-1	TRBJ2-1
CASSGDPEHGYNYGYTF	TRBV5-1	TRBJ1-2
CASSLSSGGMDYGYTF	TRBV7-3	TRBJ1-2
CASPPTGALGGYTF	TRBV13	TRBJ1-2
CASSYSSGGLQETQYF	TRBV6-6	TRBJ2-5
CSAPPAGEYSNQPQHF	TRBV20-1	TRBJ1-5
CASKSGRGLQDTQYF	TRBV19	TRBJ2-3
CASKGVVYEQYF	TRBV6-1	TRBJ2-7
CATSRGTSGGSDTQYF	TRBV15	TRBJ2-3
CASQPVGGDTQYF	TRBV7-9	TRBJ2-3
CASSFAGLNYGYTF	TRBV12-3	TRBJ1-2
CATGTSGTDNEQFF	TRBV10-2	TRBJ2-1
CAWSATGDYGYTF	TRBV30	TRBJ1-2
CASRPGARQETQYF	TRBV28	TRBJ2-5
CSNIEMNTEAFF	TRBV29-1	TRBJ1-1
CASSLGTSGRETQYF	TRBV7-9	TRBJ2-5
CASSIQGSSYEQYF	TRBV19	TRBJ2-7
CASSSQGARNQPQHF	TRBV5-5	TRBJ1-5
CSARDPSGTSNEQFF	TRBV20-1	TRBJ2-1
CASSVEQGGYTEAFF	TRBV9	TRBJ1-1
CASSQIPGLAGVGDTQYF	TRBV27	TRBJ2-3
CASSALAGGYNEQFF	TRBV19	TRBJ2-1
CASSLLSGGQEKLFF	TRBV5-6	TRBJ1-4
CAWSVGAGNTEAFF	TRBV30	TRBJ1-1
CASSLKPGLSIDTQYF	TRBV7-8	TRBJ2-3
CASSLFGGRYNEQFF	TRBV5-6	TRBJ2-1
CAIGLAGANEQFF	TRBV6-5	TRBJ2-1
CSVEEWGRLGYGYTF	TRBV29-1	TRBJ1-2
CSAIVGRPYFTDTQYF	TRBV20-1	TRBJ2-3
CASSAREQLVPSISGANVLTF	TRBV9	TRBJ2-6
CSVTFGTGGTEAFF	TRBV29-1	TRBJ1-1
CASSFTNNEQFF	TRBV27	TRBJ2-1
CASSGKGPEEVSTQYF	TRBV6-4	TRBJ2-3
CASSQDTGLGVGAYEQYF	TRBV4-3	TRBJ2-7
CASSGLVDNGYTF	TRBV27	TRBJ1-2
CATSRTSGLDTQYF	TRBV15	TRBJ2-3
CASSSGTGFPHNTEAFF	TRBV7-6	TRBJ1-1
CASSLNIVVGPSDTQYF	TRBV7-2	TRBJ2-3
CSAREEAGGPLTGELFF	TRBV20-1	TRBJ2-2
CASSIGGGNTEAFF	TRBV19	TRBJ1-1
CASRYTMDSSGNTIYF	TRBV2	TRBJ1-3
CSARDVETKNTGELFF	TRBV20-1	TRBJ2-2
CASSSDHRGGYTF	TRBV7-2	TRBJ1-2
CASTPWADYNSGANVLTF	TRBV6-5	TRBJ2-6
CASSKIEAAGELFF	TRBV12-4	TRBJ2-2
CASSDSGTLNTEAFF	TRBV9	TRBJ1-1
CASRYRLGLCQPQHF	TRBV3-1	TRBJ1-5
CASTSRWGTEAFF	TRBV27	TRBJ1-1
CASSLIFPGDLPHQETQYF	TRBV11-2	TRBJ2-5
CASSFGQNTEAFF	TRBV11-2	TRBJ1-1
CSARDLETSGGLETQYF	TRBV20-1	TRBJ2-5
CASTELTGTGHTDTQYF	TRBV28	TRBJ2-3
CASSFGAGANQETQYF	TRBV12-3	TRBJ2-5
CASNPAGEMYEQYF	TRBV27	TRBJ2-7
CASSEGNYNEQFF	TRBV6-1	TRBJ2-1
CASSRGGGGLEAFF	TRBV27	TRBJ1-1
CSASGETLGYEQYF	TRBV20-1	TRBJ2-7
CSARDGRREYEQYF	TRBV20-1	TRBJ2-7
CASSDALQETQYF	TRBV10-1	TRBJ2-5
CASSVRPGGAGNEQFF	TRBV9	TRBJ2-1
CASSYPRQGHPYEQYF	TRBV28	TRBJ2-7
CASSQDTPDSNYGYTF	TRBV4-2	TRBJ1-2
CASSPGTGENTGELFF	TRBV6-5	TRBJ2-2
CASSAYWAGKYEQYF	TRBV9	TRBJ2-7
CASSFDRAVYEQYF	TRBV7-9	TRBJ2-7
CASSEILQETQYF	TRBV10-2	TRBJ2-5
CASSSSGTDLYGYTF	TRBV7-9	TRBJ1-2
CASSDTVDEQFF	TRBV7-6	TRBJ2-1
CASSLQKSEQFF	TRBV28	TRBJ2-1
CASSQGQTGADGSPLHF	TRBV7-9	TRBJ1-6
CASSQWSSTGELFF	TRBV4-3	TRBJ2-2
CASSSIAEQFF	TRBV7-9	TRBJ2-1
CAISETSGSYNEQFF	TRBV10-3	TRBJ2-1
CASSPRVLSYNSPLHF	TRBV28	TRBJ1-6
CASSARLAGSYNEQFF	TRBV5-4	TRBJ2-1
CASGLEGRWQETQYF	TRBV12-5	TRBJ2-5
CASSVLPADTQYF	TRBV2	TRBJ2-3
CASTFPGPGYF	TRBV6-3	TRBJ1-3
CASSQVPGQGWARTDTQYF	TRBV3-1	TRBJ2-3
CASGTSWCGANVLTF	TRBV7-9	TRBJ2-6
CSETSGTGFYEQFF	TRBV29-1	TRBJ2-1
CAWSVYRGYEQYF	TRBV30	TRBJ2-7
CASSRGALPVDEQYF	TRBV6-1	TRBJ2-7
CAWVPGTGGTEAFF	TRBV30	TRBJ1-1
CASLTRDRGFDEQYF	TRBV7-9	TRBJ2-7
CAVPLGNTIYF	TRBV12-3	TRBJ1-3
CASSEGGTGYTDTQYF	TRBV6-1	TRBJ2-3
CASSSQTLLGQGAYEQYF	TRBV7-2	TRBJ2-7
CASSSGGPFYEQYF	TRBV11-2	TRBJ2-7
CASSHSRDSYNEQFF	TRBV19	TRBJ2-1
CASSFTSGGVTDTQYF	TRBV28	TRBJ2-3
CAISEGTEAFF	TRBV10-3	TRBJ1-1
CASREGEYYGYTF	TRBV6-1	TRBJ1-2
CSAGRTDTEAFF	TRBV20-1	TRBJ1-1
CSARRTGGSYEQYF	TRBV20-1	TRBJ2-7
CASSPTGQGAYNEQFF	TRBV28	TRBJ2-1
CASSLIPGPEQFF	TRBV7-3	TRBJ2-1
CASSAIGGEEKLFF	TRBV12-4	TRBJ1-4
CASSLTYGQYF	TRBV11-2	TRBJ2-7
CSAPGGGLTDTQYF	TRBV20-1	TRBJ2-3
CASSLGGTVEAFF	TRBV7-9	TRBJ1-1
CASSLGPGNNEQFF	TRBV7-2	TRBJ2-1
CASSQGRETQYF	TRBV14	TRBJ2-5
CASSFYFTGALYNEQFF	TRBV7-8	TRBJ2-1
CASSPTGLDIQYF	TRBV12-4	TRBJ2-4
CASSSTTGVVTEAFF	TRBV7-9	TRBJ1-1
CASSPDPDRNTEAFF	TRBV4-1	TRBJ1-1
CASSQGGGLTEAFF	TRBV4-1	TRBJ1-1
CASSVLRGNPYNEQFF	TRBV27	TRBJ2-1
CASSIVSGDTEAFF	TRBV19	TRBJ1-1
CASSLHTNNQPQHF	TRBV27	TRBJ1-5
CASSDEGGLTITGELFF	TRBV2	TRBJ2-2
CASIERGSYNEQFF	TRBV25-1	TRBJ2-1
CASSIGWETQYF	TRBV19	TRBJ2-5
CASSPPGELFF	TRBV4-2	TRBJ2-2
CASSPTVSPFAGELFF	TRBV9	TRBJ2-2
CASSKTEAGSPLHF	TRBV2	TRBJ1-6
CASSPLPSGGPDEQYF	TRBV28	TRBJ2-7
CASSFGGTGELFF	TRBV5-6	TRBJ2-2
CASSFTVGGANVLTF	TRBV7-3	TRBJ2-6
CASSLGAGTNEQFF	TRBV27	TRBJ2-1
CASSQTGVGYTF	TRBV9	TRBJ1-2
CASSLAGWKLFF	TRBV12-3	TRBJ1-4
CANSIDYYSNQPQHF	TRBV7-2	TRBJ1-5
CASSQDLNRGALEAFF	TRBV4-3	TRBJ1-1
CASSLSAHAGDTQYF	TRBV27	TRBJ2-3
CASSVVVETGSNYGYTF	TRBV9	TRBJ1-2
CASSSSRDSLLPEQFF	TRBV5-1	TRBJ2-1
CASSPPRDRGTGELFF	TRBV7-9	TRBJ2-2
CASSPPIPRRWDEQFF	TRBV18	TRBJ2-1
CATRPGANTGELFF	TRBV19	TRBJ2-2
CSARATGQDSNTEAFF	TRBV20-1	TRBJ1-1
CASSQVFGDRGQETQYF	TRBV18	TRBJ2-5
CATSRDSGHPDRQYF	TRBV15	TRBJ2-7
CSVTTGVNTEAFF	TRBV29-1	TRBJ1-1
CASRSGTYDNSPLHF	TRBV5-1	TRBJ1-6
CASSVGTGSYNEQFF	TRBV12-3	TRBJ2-1
CASSQTQLWEAQYF	TRBV7-2	TRBJ2-5
CASSLVGTSGRTQETQYF	TRBV7-6	TRBJ2-5
CASSQLTGEEQYF	TRBV4-1	TRBJ2-7
CSVKDGYYEQYF	TRBV29-1	TRBJ2-7
CATSDRPGGEQYF	TRBV24-1	TRBJ2-7
CASSQAYSGGLGTDTQYF	TRBV3-1	TRBJ2-3
CASSPGLIYNEQFF	TRBV7-2	TRBJ2-1
CASSPNRQGHGHGYTF	TRBV16	TRBJ1-2
CASSLGFGEDGYTF	TRBV13	TRBJ1-2
CAISEPTGGHTEAFF	TRBV10-3	TRBJ1-1
CASSPGLAGGPLEQFF	TRBV18	TRBJ2-1
CASSQQGATEAFF	TRBV4-1	TRBJ1-1
CASSLVSGRKWSTGELFF	TRBV5-1	TRBJ2-2
CASSSPLREGYTF	TRBV11-3	TRBJ1-2
CASSSRTGWDSPLHF	TRBV9	TRBJ1-6
CASSQDEGFDTEAFF	TRBV3-1	TRBJ1-1
CASSVEDSSYNEQFF	TRBV9	TRBJ2-1
CSARDLKGTLYGYTF	TRBV20-1	TRBJ1-2
CSARNPGLYEQYF	TRBV20-1	TRBJ2-7
CASSYPTGLANNEQFF	TRBV6-3	TRBJ2-1
CASSRRARGTPFGGYTF	TRBV19	TRBJ1-2
CASSKGGGEYGTQYF	TRBV19	TRBJ2-5
CASSPDRAEEQFF	TRBV5-1	TRBJ2-1
CASSIDEGFWISNQPQHF	TRBV19	TRBJ1-5
CASSRTGTGDTEAFF	TRBV16	TRBJ1-1
CASSQDPGAAGYGTF	TRBV14	TRBJ1-2
CASSLAVGGYTF	TRBV5-4	TRBJ1-2
CASSILGARAGEKLFF	TRBV19	TRBJ1-4
CASSYGEAQETQYF	TRBV6-5	TRBJ2-5
CASGMTGLTSEQYF	TRBV6-3	TRBJ2-7
CSVLTTGNTGELFF	TRBV29-1	TRBJ2-2
CASSQEVVLSTDTQYF	TRBV4-2	TRBJ2-3
CASSSAFYGYTF	TRBV11-1	TRBJ1-2
CSARVPGELVTEAFF	TRBV20-1	TRBJ1-1
CASLLGTGELFF	TRBV7-2	TRBJ2-2
CAISGQAGRNTEAFF	TRBV10-3	TRBJ1-1
CASSHYAVEAFF	TRBV6-6	TRBJ1-1
CASSGELGDTQYF	TRBV2	TRBJ2-3
CASSPIGGRDTEAFF	TRBV9	TRBJ1-1
CASSQEMREYPYNEQFF	TRBV4-1	TRBJ2-1
CSGVVGRGAYNEQFF	TRBV29-1	TRBJ2-1
CASSLERHEQFF	TRBV11-2	TRBJ2-1
CASSLGGGRPQHF	TRBV7-8	TRBJ1-5
CASTVAAYNEQFF	TRBV28	TRBJ2-1
CASSPPEGETQYF	TRBV12-3	TRBJ2-5
CASSLNHLSSYNEQFF	TRBV6-5	TRBJ2-1
CAWSVLFGANSYEQYF	TRBV30	TRBJ2-7
CSARGISTDTQYF	TRBV20-1	TRBJ2-3
CASSYSTGVPGELFF	TRBV6-5	TRBJ2-2
CASTTLTGELFF	TRBV6-2	TRBJ2-2
CSVADRGETQYF	TRBV20-1	TRBJ2-5
CASSLALTGGDRYF	TRBV11-2	TRBJ2-4
CSARLGRSYEQYF	TRBV20-1	TRBJ2-7
CASSLPGYEQYF	TRBV7-2	TRBJ2-7
CASSQLEETNTEAFF	TRBV4-3	TRBJ1-1
CASSSDRGLTYNQPQHF	TRBV6-2	TRBJ1-5
CAWSVQLSTDTQYF	TRBV30	TRBJ2-3
CSARGTANTEAFF	TRBV20-1	TRBJ1-1
CASSLIAGGPYNEQFF	TRBV27	TRBJ2-1
CAWKNLFPRTDTQYF	TRBV30	TRBJ2-3
CASSIGIPRWPQHF	TRBV19	TRBJ1-5
CASSLFQATSGGVDTQYF	TRBV28	TRBJ2-3
CASRRGRNTGELFF	TRBV7-2	TRBJ2-2
CASSFSSGGDYEQYF	TRBV11-2	TRBJ2-7
CASNGQVAFYNEQFF	TRBV2	TRBJ2-1
CASRRDSHNEQFF	TRBV5-4	TRBJ2-1
CSVEYRDNEQFF	TRBV29-1	TRBJ2-1
CASSPTGGNQPQHF	TRBV2	TRBJ1-5
CAISDQASYGYTF	TRBV10-3	TRBJ1-2
CASSQDRGGVPSYNEQFF	TRBV3-1	TRBJ2-1
CASSEGFLDGNEKLFF	TRBV6-1	TRBJ1-4
CASSQRTRGGETQYF	TRBV3-1	TRBJ2-5
CASSLEGDSNQPQHF	TRBV28	TRBJ1-5
CASSLGGQGYEQYF	TRBV28	TRBJ2-7
CASSLAAGATDTQYF	TRBV7-2	TRBJ2-3
CASGWVAGGLDEQFF	TRBV3-1	TRBJ2-1
CSVVGTGELFF	TRBV29-1	TRBJ2-2
CSARDGMDLAPETQYF	TRBV20-1	TRBJ2-5
CASSFRGEGHPDTQYF	TRBV7-9	TRBJ2-3
CASSLQGASGYTF	TRBV6-5	TRBJ1-2
CASSYLRGSPLHF	TRBV11-3	TRBJ1-6
CAGGQGADYTDTQYF	TRBV6-6	TRBJ2-3
CASSSTTGDGYTF	TRBV6-5	TRBJ1-2
CASSATDAYEQYF	TRBV12-3	TRBJ2-7
CSTNSASGDYEQYF	TRBV20-1	TRBJ2-7
CASSRGGPLVDNEQFF	TRBV9	TRBJ2-1
CASSSGLADQDLYEQYF	TRBV7-8	TRBJ2-7
CASSYPFGYTF	TRBV6-3	TRBJ1-2
CASSQRESYNEQFF	TRBV3-1	TRBJ2-1
CASSLGPPNNQPQHF	TRBV7-8	TRBJ1-5
CSVEEGVLYEQYF	TRBV29-1	TRBJ2-7
CASSLATGEYPTNYGYTF	TRBV7-8	TRBJ1-2
CASSPYVFGEMTYGYTF	TRBV7-8	TRBJ1-2
CASAPDGFFYGYTF	TRBV12-5	TRBJ1-2
CASSLWTVNANTGELFF	TRBV11-3	TRBJ2-2
CASSYGGRNTEAFF	TRBV6-6	TRBJ1-1
CASSLERFYEQYF	TRBV7-9	TRBJ2-7
CATSRDDPGTAPGELFF	TRBV15	TRBJ2-2
CSVSDGYSGNTIYF	TRBV29-1	TRBJ1-3
CATGGPWADTQYF	TRBV19	TRBJ2-3
CARRQGSYGYTF	TRBV2	TRBJ1-2
CASSEEPGGETQYF	TRBV6-1	TRBJ2-5
CASSLPRTPGRNTEAFF	TRBV7-2	TRBJ1-1
CASSLEYFYEQYF	TRBV7-9	TRBJ2-7
CASSEVDRPFNEQFF	TRBV6-1	TRBJ2-1
CATSGFPDTQYF	TRBV15	TRBJ2-3
CATSEGNEQFF	TRBV24-1	TRBJ2-1
CASSGRGWETQYF	TRBV7-9	TRBJ2-5
CATSNNRGPGELFF	TRBV15	TRBJ2-2
CASSLLSGDTYSYNEQFF	TRBV5-1	TRBJ2-1
CASSIVGGGYNEQFF	TRBV6-5	TRBJ2-1
CASSVVTGPMNTEAFF	TRBV9	TRBJ1-1
CASSVDGDTYTDTQYF	TRBV9	TRBJ2-3
CASSLRQTYEQYF	TRBV27	TRBJ2-7
CASSIGPDTQYF	TRBV6-3	TRBJ2-3
CASSLKDRQYEQYF	TRBV7-4	TRBJ2-7
CASSPGDRGIGGAQYF	TRBV12-3	TRBJ2-3
CASSVVQGYGYTF	TRBV9	TRBJ1-2
CASSFGGAGNTIYF	TRBV27	TRBJ1-3
CASSWGDRGRSEKLFF	TRBV7-9	TRBJ1-4
CASSFTDRVYEQYF	TRBV5-6	TRBJ2-7
CASSYSRFPYEQYF	TRBV6-5	TRBJ2-7
CASSESISYEQYF	TRBV10-1	TRBJ2-7
CASSRASRQGSTDTQYF	TRBV4-1	TRBJ2-3
CATSDGAGRASNQPQHF	TRBV24-1	TRBJ1-5
CASTPNNRNTGELFF	TRBV27	TRBJ2-2
CASLGSWGETQYF	TRBV2	TRBJ2-5
CASSFSGTQYF	TRBV28	TRBJ2-3
CAWTSGLGNEQFF	TRBV30	TRBJ2-1
CASSITEGEDSVSTDTQYF	TRBV6-1	TRBJ2-3
CASSLGGQKNTEAFF	TRBV5-1	TRBJ1-1
CASSLTGMSEREDYTF	TRBV3-1	TRBJ1-2
CASSETTGTGLYNEQFF	TRBV9	TRBJ2-1
CASREVGGLDTDTQYF	TRBV4-1	TRBJ2-3
CASGRGLAGEFYNEQFF	TRBV4-3	TRBJ2-1
CASSGKYSNQPQHF	TRBV10-2	TRBJ1-5
CASSPGGAETQYF	TRBV4-1	TRBJ2-5
CASSLLPDPTFFDEQFF	TRBV7-2	TRBJ2-1
CASSIGSNTEAFF	TRBV19	TRBJ1-1
CATSRDQAPGEQYF	TRBV15	TRBJ2-7
CASSITLAGGHLYNEQFF	TRBV19	TRBJ2-1
CATLGDRQASGNTIYF	TRBV6-1	TRBJ1-3
CASSYSGTNNEQFF	TRBV6-3	TRBJ2-1
CASSDRDYEQYF	TRBV9	TRBJ2-7
CASSYGLPYGYTF	TRBV6-5	TRBJ1-2
CASSPGTAAYEQYF	TRBV11-2	TRBJ2-7
CASSLDSLNTIYF	TRBV5-1	TRBJ1-3
CASSIGRTYEQYF	TRBV12-3	TRBJ2-7
CSVEGGRGYTF	TRBV29-1	TRBJ1-2
CASSPRGGVEKTQYF	TRBV13	TRBJ2-5
CASSKYDSPLECEQYF	TRBV7-9	TRBJ2-7
CASSVVGGADVDTQYF	TRBV9	TRBJ2-3
CASSILTAYNEQFF	TRBV5-1	TRBJ2-1
CASSLSGTGADQPQHF	TRBV5-1	TRBJ1-5
CATSDIGTAETYNEQFF	TRBV24-1	TRBJ2-1
CASSLTGAFYGYTF	TRBV7-6	TRBJ1-2
CASSDGDNTGELFF	TRBV6-4	TRBJ2-2
CASRPSDLPREKLFF	TRBV19	TRBJ1-4
CASSLFSTVPIIVRTEGNTEAFF	TRBV7-9	TRBJ1-1
CASSLLPGSPDNEQFF	TRBV27	TRBJ2-1
CASSPGYIGGNQPQHF	TRBV27	TRBJ1-5
CASSLAVIRGRRNEQFF	TRBV5-4	TRBJ2-1
CSARDLDSLSYEQYF	TRBV20-1	TRBJ2-7
CASSPPGYTEAFF	TRBV7-6	TRBJ1-1
CSARAHYGDEQFF	TRBV20-1	TRBJ2-1
CASRGGDSHNEQFF	TRBV6-4	TRBJ2-1
CASSPGVSYEQYF	TRBV19	TRBJ2-7
CASSLGSGGTDTQYF	TRBV4-3	TRBJ2-3
CASTAGTSDQETQYF	TRBV19	TRBJ2-5
CASSPRDGFNQPQHF	TRBV4-1	TRBJ1-5
CASSPIPTGSIGNQPQHF	TRBV4-1	TRBJ1-5
CASSIGGWPGELFF	TRBV19	TRBJ2-2
CSASTSGGSSYNEQFF	TRBV20-1	TRBJ2-1
CASIRDGQGGTEAFF	TRBV19	TRBJ1-1
CASRLGTGADTQYF	TRBV28	TRBJ2-3
CASSGGRVLTANTGELFF	TRBV19	TRBJ2-2
CASSEPTGGETQYF	TRBV6-1	TRBJ2-5
CATRVRGVEKLFF	TRBV5-4	TRBJ1-4
CASSLGTSGTETQYF	TRBV11-2	TRBJ2-5
CASSPPPLSGGYTEQFF	TRBV3-1	TRBJ2-1
CASSHGQGNYGYTF	TRBV4-2	TRBJ1-2
CSARDFEITGELFF	TRBV20-1	TRBJ2-2
CASSPPSSYEQYF	TRBV18	TRBJ2-7
CASSQDPGSSYGYTF	TRBV4-3	TRBJ1-2
CASLISGTDTQYF	TRBV11-2	TRBJ2-3
CASSHGQFSLYEQYF	TRBV16	TRBJ2-7
CASSSTLIHYEQYF	TRBV7-9	TRBJ2-7
CASSRPGTIYTDTQYF	TRBV3-1	TRBJ2-3
CSARVINLGAGGLKETQYF	TRBV20-1	TRBJ2-5
CASRNRDTVRTEAFF	TRBV5-8	TRBJ1-1
CASSGGGGTEAFF	TRBV9	TRBJ1-1
CASRISWAGEVESEQFF	TRBV12-3	TRBJ2-1
CASSPGTISNQPQHF	TRBV7-9	TRBJ1-5
CASSQGQVGDGYTF	TRBV4-1	TRBJ1-2
CSASPRGYTEAFF	TRBV20-1	TRBJ1-1
CASSGDINPYEQYF	TRBV5-1	TRBJ2-7
CASSPTDLRIVQETQYF	TRBV7-8	TRBJ2-5
CASSRNRDNSPLHF	TRBV28	TRBJ1-6
CASSLSTEAFF	TRBV11-2	TRBJ1-1
CASSQGLTSEQFF	TRBV7-6	TRBJ2-1
CASSWTGLGTEAFF	TRBV19	TRBJ1-1
CASSSTLFNVEEKLFF	TRBV7-8	TRBJ1-4
CASSLEAGGDQAFF	TRBV7-9	TRBJ1-1
CASSPPLFRDTEAFF	TRBV14	TRBJ1-1
CASSLSLAGREQFF	TRBV7-3	TRBJ2-1
CASSPNRAGNYGYTF	TRBV27	TRBJ1-2
CASSLVTSGLNIQYF	TRBV5-8	TRBJ2-4
CASSYGTGSYEQFF	TRBV6-3	TRBJ2-1
CASSLGANRFYEQYF	TRBV7-2	TRBJ2-7
CASSFGLNTGELFF	TRBV27	TRBJ2-2
CASSQVNPAEAFF	TRBV4-1	TRBJ1-1
CASSIVRGGVYNEQFF	TRBV19	TRBJ2-1
CASSLGLGGQEEETQYF	TRBV13	TRBJ2-5
CASSHGGKDTQYF	TRBV9	TRBJ2-3
CASSPALGGVPEAFF	TRBV7-6	TRBJ1-1
CASSRQGDEQYF	TRBV2	TRBJ2-7
CASSGPRQGNEKLFF	TRBV4-1	TRBJ1-4
CASGLGWNEQYF	TRBV12-5	TRBJ2-7
CASSFIDRFTDTQYF	TRBV27	TRBJ2-3
CASGVGPQETQYF	TRBV12-3	TRBJ2-5
CASSLVAGGQNEQFF	TRBV11-2	TRBJ2-1
CASSPIADHTQYF	TRBV7-9	TRBJ2-3
CATGGDGYGETQYF	TRBV19	TRBJ2-5
CASSSESYNEQFF	TRBV11-2	TRBJ2-1
CASRETYNEQFF	TRBV6-3	TRBJ2-1
CASTLGSAGPQFNEQFF	TRBV27	TRBJ2-1
CASSLEGGSVYGYTF	TRBV5-1	TRBJ1-2
CASSLGVNQPQHF	TRBV27	TRBJ1-5
CAITGLAMNTGELFF	TRBV10-3	TRBJ2-2
CASSLERFPDRVNEKLFF	TRBV5-6	TRBJ1-4
CASSYGQGYTEAFF	TRBV6-3	TRBJ1-1
CASSLGLAGLNEQFF	TRBV5-4	TRBJ2-1
CASSQRSRGRVETQYF	TRBV4-3	TRBJ2-5
CASSYSTSGSMHEQFF	TRBV6-5	TRBJ2-1
CASSYWPGGGTEAFF	TRBV6-5	TRBJ1-1
CASSSLDSNGDTQYF	TRBV5-8	TRBJ2-3
CASSVDGGEQFF	TRBV9	TRBJ2-1
CASSFRDSYEQYF	TRBV7-9	TRBJ2-7
CASSLLVGDTQYF	TRBV7-3	TRBJ2-3
CASSLVGQGPTEAFF	TRBV7-9	TRBJ1-1
CASSQDRGGGTDTQYF	TRBV4-2	TRBJ2-3
CATSDFLNTGELFF	TRBV24-1	TRBJ2-2
CASSPDLVHEQFF	TRBV3-1	TRBJ2-1
CASSYSGQGSQPQHF	TRBV6-5	TRBJ1-5
CALGVDRTEAFF	TRBV6-6	TRBJ1-1
CASSQHTGSSYNEQFF	TRBV4-2	TRBJ2-1
CASSLGATGEYNEQFF	TRBV7-9	TRBJ2-1
CASSLPGGGTNTGELFF	TRBV4-1	TRBJ2-2
CASSQDLRSSYEQYF	TRBV3-1	TRBJ2-7
CASSLAAGRNNEQFF	TRBV7-9	TRBJ2-1
CASSKDRLEGTF	TRBV12-3	TRBJ1-2
CASSYPSGANKPTDTQYF	TRBV7-9	TRBJ2-3
CASSPPSRGRVNTEAFF	TRBV18	TRBJ1-1
CASSLGTTGDGYTF	TRBV12-4	TRBJ1-2
CASRTTGGDGYTF	TRBV19	TRBJ1-2
CASSVMLGETQYF	TRBV9	TRBJ2-5
CASSVNTATDTQYF	TRBV9	TRBJ2-3
CASSMVGHQPQHF	TRBV19	TRBJ1-5
CSVEDSSTDTQYF	TRBV29-1	TRBJ2-3
CAWRTQSWELFF	TRBV30	TRBJ2-2
CSVTEDEKLFF	TRBV29-1	TRBJ1-4
CASSPPYRGSGTEAFF	TRBV28	TRBJ1-1
CASSPLVSLSGRWGSAKNIQYF	TRBV27	TRBJ2-4
CASRYGTPGTEAFF	TRBV12-3	TRBJ1-1
CASSDSRTATEAFF	TRBV6-4	TRBJ1-1
CASSGREDNTGELFF	TRBV12-4	TRBJ2-2
CSVDPDNDNEQFF	TRBV29-1	TRBJ2-1
CASSWTSYEQYF	TRBV7-8	TRBJ2-7
CASSYSGGLDEQFF	TRBV6-3	TRBJ2-1
CASSYAPNQPQHF	TRBV6-5	TRBJ1-5
CASSDSAGGYNEQFF	TRBV6-4	TRBJ2-1
CSAPQGAGNTIYF	TRBV20-1	TRBJ1-3
CSASSRVAYEQYF	TRBV20-1	TRBJ2-7
CASSAQPGTYGYTF	TRBV27	TRBJ1-2
CASSQQGPEQFF	TRBV19	TRBJ2-1
CASSSPELVGSYNEQFF	TRBV6-3	TRBJ2-1
CASRLGLAGGINEQFF	TRBV27	TRBJ2-1
CSASRQGYYNEQFF	TRBV20-1	TRBJ2-1
CASSPSSYEQYF	TRBV7-2	TRBJ2-7
CASSIFSEGVGTDTQYF	TRBV19	TRBJ2-3
CASSQDHGQGAEKLFF	TRBV4-2	TRBJ1-4
CAISEWAGRHTEAFF	TRBV10-3	TRBJ1-1
CASSLTRTPSSYNEQFF	TRBV11-2	TRBJ2-1
CASSFKGPGAKNIQYF	TRBV5-1	TRBJ2-4
CASKERRENHNEQFF	TRBV19	TRBJ2-1
CASQTWGAQGEKLFF	TRBV5-1	TRBJ1-4
CASSFGAGELFF	TRBV27	TRBJ2-2
CAWSWSGGGTGELFF	TRBV30	TRBJ2-2
CASRPTTSSYNEQFF	TRBV28	TRBJ2-1
CSVAQNDYGYTF	TRBV29-1	TRBJ1-2
CASSARSWGSYNSPLHF	TRBV9	TRBJ1-6
CASRSGQMNTEAFF	TRBV27	TRBJ1-1
CASSLAANYGYTF	TRBV27	TRBJ1-2
CASSGETYEQYF	TRBV5-4	TRBJ2-7
CASSRGGAYNEQFF	TRBV19	TRBJ2-1
CASGLSDRENTEAFF	TRBV12-5	TRBJ1-1
CASSQFLGAYEQYF	TRBV4-1	TRBJ2-7
CSVETQGFTNEKLFF	TRBV29-1	TRBJ1-4
CASSPLTLDRGLTYEQYF	TRBV27	TRBJ2-7
CSARDGLAGGYEQYF	TRBV20-1	TRBJ2-7
CASSPTDSPYGQFF	TRBV5-1	TRBJ2-1
CASSLFTDRRDGYTF	TRBV27	TRBJ1-2
CASSERIPNQPQHF	TRBV2	TRBJ1-5
CASSFATGPFLEQYF	TRBV7-9	TRBJ2-7
CATRAGVRGGASYNEQFF	TRBV11-2	TRBJ2-1
CASSESGTGGYEQYF	TRBV6-1	TRBJ2-7
CASSFSGEYQPQHF	TRBV5-6	TRBJ1-5
CASSTSSSEQYF	TRBV7-8	TRBJ2-7
CASSYSDSPTDTQYF	TRBV6-5	TRBJ2-3
CASSQGGQYNEKLFF	TRBV4-2	TRBJ1-4
CASKPDGSKNEQYF	TRBV19	TRBJ2-7
CASSYSGATSGRNEQFF	TRBV6-2	TRBJ2-1
CASNLGSYNEQFF	TRBV5-6	TRBJ2-1
CASSLTTGGRNEQFF	TRBV13	TRBJ2-1
CASSPRLEAYEQYF	TRBV4-1	TRBJ2-7
CASSYSEGANTEAFF	TRBV6-5	TRBJ1-1
CASSLGGAIDEQYF	TRBV5-5	TRBJ2-7
CASSFLIGGNQPQHF	TRBV18	TRBJ1-5
CASSETGFGNQPQHF	TRBV25-1	TRBJ1-5
CASSLVRGANIQYF	TRBV7-9	TRBJ2-4
CASSRLGRTSGYNEQFF	TRBV9	TRBJ2-1
CASRRRDRGFNYGYTF	TRBV12-4	TRBJ1-2
CASSHFPPPYEQYF	TRBV27	TRBJ2-7
CASSLWGQGWHEQFF	TRBV28	TRBJ2-1
CSVLPGLVYNEQFF	TRBV29-1	TRBJ2-1
CASSLFSYNRDGNEKLFF	TRBV5-1	TRBJ1-4
CASSQDGTGSGPQHF	TRBV4-1	TRBJ1-5
CASTWTDTEAFF	TRBV7-9	TRBJ1-1
CAGARVDTQYF	TRBV7-9	TRBJ2-3
CASRRAGDWETQYF	TRBV7-9	TRBJ2-5
CAISESVRGGRDEQFF	TRBV10-3	TRBJ2-1
CASSEAHAVYEQYF	TRBV6-1	TRBJ2-7
CASSLGRAYGYTF	TRBV19	TRBJ1-2
CSVVGTINERFF	TRBV29-1	TRBJ2-1
CAIGGGLADTQYF	TRBV10-3	TRBJ2-3
CASSPQGAYLDTQYF	TRBV14	TRBJ2-3
CASSLLGSNQPQHF	TRBV27	TRBJ1-5
CASSLGDDNSPLHF	TRBV28	TRBJ1-6
CATSDSVNRGTPYEQYF	TRBV24-1	TRBJ2-7
CASGPGTGVYEQYF	TRBV7-8	TRBJ2-7
CASNIEGSSYNEQFF	TRBV6-3	TRBJ2-1
CASIPTAMNTEAFF	TRBV12-3	TRBJ1-1
CASSQGQVGSGNYGYTF	TRBV14	TRBJ1-2
CASSSTGWGQPQHF	TRBV12-4	TRBJ1-5
CASSVDRGYNTEAFF	TRBV19	TRBJ1-1
CASSQGGTGEKRDTQYF	TRBV4-1	TRBJ2-3
CSGGERLEGNEQFF	TRBV20-1	TRBJ2-1
CASRGSNNEQFF	TRBV6-3	TRBJ2-1
CASSLGREGQDTQYF	TRBV11-2	TRBJ2-3
CASSQHVRDWQFF	TRBV7-2	TRBJ2-1
CASSIGLHYEQYF	TRBV28	TRBJ2-7
CASSDNTGFYGYTF	TRBV2	TRBJ1-2
CSVRVGNEQFF	TRBV29-1	TRBJ2-1
CASSYRTGGTEAFF	TRBV12-3	TRBJ1-1
CASSQAALSGSGLDEQYF	TRBV3-1	TRBJ2-7
CSALPPLAGGHTDTQYF	TRBV20-1	TRBJ2-3
CASTKDPGREAFF	TRBV2	TRBJ1-1
CASSQDRGGTQYF	TRBV4-1	TRBJ2-7
CSASTLVQGGGSPLHF	TRBV20-1	TRBJ1-6
CASTPAGGAPGELFF	TRBV27	TRBJ2-2
CASSQGGGGAEEQFF	TRBV12-3	TRBJ2-1
CASNWQGPYNEQFF	TRBV14	TRBJ2-1
CASSLAAGNTEAFF	TRBV7-9	TRBJ1-1
CSAGDRGVYEQYF	TRBV20-1	TRBJ2-7
CASSFWGSGRDTQYF	TRBV7-2	TRBJ2-3
CASRKTSGGVSTDTQYF	TRBV11-2	TRBJ2-3
CASSNTGTSGGYEQFF	TRBV13	TRBJ2-1
CSARTSGGDSNEQFF	TRBV20-1	TRBJ2-1
CASSDSAYDYNEQFF	TRBV9	TRBJ2-1
CASSWGTNTDTQYF	TRBV7-3	TRBJ2-3
CAISEFGLAGSDEQFF	TRBV10-3	TRBJ2-1
CASSQVSTGETQYF	TRBV14	TRBJ2-5
CASSHDPLEQYF	TRBV14	TRBJ2-7
CASVGMLARTEANYGYTF	TRBV12-4	TRBJ1-2
CASSLGGGQGEGELFF	TRBV7-2	TRBJ2-2
CASSLASRGAEQYF	TRBV7-6	TRBJ2-7
CASSLDLYNEQFF	TRBV5-4	TRBJ2-1
CASTKAEYKTGELFF	TRBV19	TRBJ2-2
CASSTYEGREEETQYF	TRBV19	TRBJ2-5
CAWSVPDIMNTEAFF	TRBV30	TRBJ1-1
CSARAYSSYEQYF	TRBV20-1	TRBJ2-7
CASSSAGSGGPTDTQYF	TRBV7-9	TRBJ2-3
CASSTLSGANYGYTF	TRBV5-1	TRBJ1-2
CASSQGPGGYEQYF	TRBV3-1	TRBJ2-7
CSVETGIGYEQYF	TRBV29-1	TRBJ2-7
CASSQNTGEDEQYF	TRBV4-3	TRBJ2-7
CASSESKGYTF	TRBV25-1	TRBJ1-2
CASSQVQSSYNEQFF	TRBV4-1	TRBJ2-1
CASSSPPTPYEQYF	TRBV7-9	TRBJ2-7
CSVAQYGTSGLNEQFF	TRBV29-1	TRBJ2-1
CASSEGIEGWGYTF	TRBV2	TRBJ1-2
CASSGTGELFF	TRBV19	TRBJ2-2
CASSLKGVGQSDEQYF	TRBV7-9	TRBJ2-7
CASSPAPGQGEDSAQYF	TRBV7-9	TRBJ2-5
CSAREEAGTSGRRASYEQYF	TRBV20-1	TRBJ2-7
CASSYRQTGEDYGYTF	TRBV6-3	TRBJ1-2
CASSPKGQGFEQYF	TRBV9	TRBJ2-7
CASSDETGGSDTQYF	TRBV10-1	TRBJ2-3
CASSEMGESQHF	TRBV7-9	TRBJ1-5
CASSTVVGGTEAFF	TRBV7-3	TRBJ1-1
CSARVDGVLSYEQYF	TRBV20-1	TRBJ2-7
CASSGPTGTGGYGYTF	TRBV27	TRBJ1-2
CASSYPGASYEQYF	TRBV6-3	TRBJ2-7
CASSLGAEETQYF	TRBV5-5	TRBJ2-5
CSAPRTGSNEQFF	TRBV20-1	TRBJ2-1
CASSLVGDRDGYTF	TRBV7-2	TRBJ1-2
CATRSTGTLITDSPLHF	TRBV15	TRBJ1-6
CATSDLGRRDGYTF	TRBV24-1	TRBJ1-2
CASSDPTVSDVNEQFF	TRBV2	TRBJ2-1
CASSRTGGWETQYF	TRBV6-1	TRBJ2-5
CASSYGTGGQETQYF	TRBV6-3	TRBJ2-5
CASALRDGSYEQYF	TRBV7-9	TRBJ2-7
CASSLQGNTEAFF	TRBV27	TRBJ1-1
CASSPGQGIHGYTF	TRBV18	TRBJ1-2
CASSPENQGELFF	TRBV6-4	TRBJ2-2
CASRKTEFSYNSPLHF	TRBV27	TRBJ1-6
CASSVEPSGYNEQFF	TRBV9	TRBJ2-1
CASSSTPYEQYF	TRBV19	TRBJ2-7
CASSLYDYGYTF	TRBV12-4	TRBJ1-2
CASSFPGTDTQYF	TRBV7-8	TRBJ2-3
CASSDRTYGYTF	TRBV2	TRBJ1-2
CASSVAAGGPDEQFF	TRBV9	TRBJ2-1
CASSERETGYDTQYF	TRBV6-1	TRBJ2-3
CATSSATPPGLAIPDTQYF	TRBV15	TRBJ2-3
CASSRTEETQYF	TRBV6-5	TRBJ2-5
CASSLDRVTGELFF	TRBV27	TRBJ2-2
CAWSPRVAGGRVWETQYF	TRBV30	TRBJ2-5
CASSALSGDSTSTDTQYF	TRBV13	TRBJ2-3
CASSQGRWWDTQYF	TRBV19	TRBJ2-3
CSARGIFDNSDTQYF	TRBV20-1	TRBJ2-3
CASSYATGIGNYGYTF	TRBV6-5	TRBJ1-2
CASSTTGGVGGYTF	TRBV13	TRBJ1-2
CASSESTGTAYGYTF	TRBV13	TRBJ1-2
CASSFVGGFMATEAFF	TRBV27	TRBJ1-1
CASSIQALLTF	TRBV12-4	TRBJ1-2
CASSQDFGGTSTDTQYF	TRBV3-1	TRBJ2-3
CASSPTSGIPATEAFF	TRBV5-5	TRBJ1-1
CASSLLGGTGELFF	TRBV27	TRBJ2-2
CASREKGHRRDNEQFF	TRBV27	TRBJ2-1
CASKDSGFSYEQYF	TRBV10-2	TRBJ2-7
CASSEGGRVADTQYF	TRBV2	TRBJ2-3
CASSAPGQGRQPTQFF	TRBV13	TRBJ2-1
CASTSTGGYGYTF	TRBV2	TRBJ1-2
CAWSVGVGQLDGYTF	TRBV30	TRBJ1-2
CASRTTYGYTF	TRBV12-3	TRBJ1-2
CASSIQGGYTEAFF	TRBV19	TRBJ1-1
CASSGTSGYNEQFF	TRBV12-4	TRBJ2-1
CASSIAGWNTEAFF	TRBV19	TRBJ1-1
CASSKVRQGMTGELFF	TRBV19	TRBJ2-2
CASSFGLLAGGNEQFF	TRBV27	TRBJ2-1
CSASLGRGYEQYF	TRBV20-1	TRBJ2-7
CASRDLHYEQYF	TRBV28	TRBJ2-7
CASSSPGGFGYNSPLHF	TRBV7-9	TRBJ1-6
CASGFSGTEQYF	TRBV12-5	TRBJ2-7
CASSPPRGWVANEKLFF	TRBV7-9	TRBJ1-4
CASSRYRQYNQPQHF	TRBV4-1	TRBJ1-5
CASSSRTDRGKRFSGANVLTF	TRBV27	TRBJ2-6
CASSYRDRATNEKLFF	TRBV7-9	TRBJ1-4
CASSPGGSYNEQFF	TRBV18	TRBJ2-1
CASSPRGTVNAEAFF	TRBV9	TRBJ1-1
CASSDYRGDFAGELFF	TRBV7-6	TRBJ2-2
CASSPRVSYNEQFF	TRBV5-1	TRBJ2-1
CASSSNRRGGEQFF	TRBV13	TRBJ2-1
CASSIDVGELFF	TRBV7-9	TRBJ2-2
CASSAAGSTDTQYF	TRBV9	TRBJ2-3
CASRADGSAYNEQFF	TRBV19	TRBJ2-1
CASSFPGGSDTQYF	TRBV9	TRBJ2-3
CAISETLLDFSYEQYF	TRBV10-3	TRBJ2-7
CASNPSGGYTGGLFF	TRBV27	TRBJ2-2
CSARVARDPAYEQYF	TRBV20-1	TRBJ2-7
CASSSPLAPGIDEQFF	TRBV7-2	TRBJ2-1
CASSLESRTYNEQFF	TRBV5-1	TRBJ2-1
CASSGTGDTGELFF	TRBV6-4	TRBJ2-2
CASSAPDRGNTEAFF	TRBV7-9	TRBJ1-1
CASSQGGSGSLGEQFF	TRBV4-1	TRBJ2-1
CSATGLAGGEFTDTQYF	TRBV20-1	TRBJ2-3
CSASDVGLNQPQHF	TRBV20-1	TRBJ1-5
CASSQSLTDTQYF	TRBV7-9	TRBJ2-3
CASSQESASAETQYF	TRBV3-1	TRBJ2-5
CASSATGTGVGYTF	TRBV19	TRBJ1-2
CASSHPSGGQNTGELFF	TRBV4-1	TRBJ2-2
CASSQESALASTDTQYF	TRBV14	TRBJ2-3
CASSSRQNSGNTIYF	TRBV7-3	TRBJ1-3
CASSNPRLDATGELFF	TRBV6-3	TRBJ2-2
CAIRVGGPFSNQPQHF	TRBV10-3	TRBJ1-5
CASSPGGGGYQPQHF	TRBV5-1	TRBJ1-5
CASSLWTGGHNEQFF	TRBV5-6	TRBJ2-1
CASAETGQGAAGYTF	TRBV12-5	TRBJ1-2
CASSTQGLAESKYF	TRBV9	TRBJ2-3
CASSASGGSRNTEAFF	TRBV9	TRBJ1-1
CASSLIGTGGETQYF	TRBV5-6	TRBJ2-5
CASSELAPNTGELFF	TRBV6-1	TRBJ2-2
CASSLGGTEAFF	TRBV5-4	TRBJ1-1
CASSLYMQGQQITDTQYF	TRBV5-1	TRBJ2-3
CASSLATGGYSPLHF	TRBV7-8	TRBJ1-6
CASSLKGQGPINEQFF	TRBV7-9	TRBJ2-1
CASSLAGGNNEQFF	TRBV12-4	TRBJ2-1
CSARDPQTGTDFYQPQHF	TRBV20-1	TRBJ1-5
CASSSAGGGRDRDYEQYF	TRBV7-9	TRBJ2-7
CASSWTDENMNTEAFF	TRBV11-2	TRBJ1-1
CASSQVISVLSYNEQFF	TRBV4-3	TRBJ2-1
CASTTWDFNQPQHF	TRBV19	TRBJ1-5
CASSSGTGHTGELFF	TRBV27	TRBJ2-2
CASSPNLDTGELFF	TRBV14	TRBJ2-2
CASSIEGAYSYEQYF	TRBV19	TRBJ2-7
CASSQGRVLPSRTDTQYF	TRBV4-1	TRBJ2-3
CASSELDGDRDTQYF	TRBV6-1	TRBJ2-3
CASSLRGDEQFF	TRBV5-1	TRBJ2-1
CASSATSGSYVETQYF	TRBV9	TRBJ2-5
CASSFTSGTTDTQYF	TRBV7-9	TRBJ2-3
CASSSTFEGLADTQYF	TRBV4-3	TRBJ2-3
CASTPRPGLLPPNYGYTF	TRBV19	TRBJ1-2
CASSRFAAERVPYEQYF	TRBV3-1	TRBJ2-7
CASSSTGGGLYEQFF	TRBV7-3	TRBJ2-1
CSADRDSSYEQYF	TRBV20-1	TRBJ2-7
CASRGNHGDNQETQYF	TRBV7-9	TRBJ2-5
CASSPQTGVGNYGYTF	TRBV6-5	TRBJ1-2
CASSYPGERNEKLFF	TRBV5-4	TRBJ1-4
CAWTSGRGAEQYF	TRBV30	TRBJ2-7
CASSWGAARGNQPQHF	TRBV5-5	TRBJ1-5
CASSRAGAYNEQFF	TRBV12-3	TRBJ2-1
CASSLGTSPGAEAFF	TRBV7-6	TRBJ1-1
CASSQVWDSTNYGYTF	TRBV4-1	TRBJ1-2
CATSDRLVPDTQYF	TRBV24-1	TRBJ2-3
CASSLALKGPSSYEQYF	TRBV7-8	TRBJ2-7
CATSDGQTLETQYF	TRBV24-1	TRBJ2-5
CASRDGGQINETQYF	TRBV25-1	TRBJ2-5
CAISEGAGGQETQYF	TRBV10-3	TRBJ2-5
CASSLAANTGELFF	TRBV12-3	TRBJ2-2
CASSLGHLEQYF	TRBV5-5	TRBJ2-7
CSAGTGGPNTEAFF	TRBV29-1	TRBJ1-1
CASSTTGGPYGYTF	TRBV19	TRBJ1-2
CSASGYGTLKVTDTQYF	TRBV20-1	TRBJ2-3
CASRSWDPDTQYF	TRBV27	TRBJ2-3
CASSSNDRGPADTQYF	TRBV7-8	TRBJ2-3
CASSPGLEKTQYF	TRBV14	TRBJ2-5
CASSLGRDSSTSNEKLFF	TRBV5-6	TRBJ1-4
CASQDRGNGNQPQHF	TRBV27	TRBJ1-5
CASSLAGLAAWDGELFF	TRBV7-2	TRBJ2-2
CARRKRGAGEKLFF	TRBV7-7	TRBJ1-4
CASSIAGQGYSNQPQHF	TRBV19	TRBJ1-5
CASSSRGIYEQYF	TRBV7-9	TRBJ2-7
CASSDAPGTGASTDTQYF	TRBV19	TRBJ2-3
CASATPEGETQYF	TRBV12-3	TRBJ2-5
CASSQVGSYKGYTF	TRBV4-2	TRBJ1-2
CSARQGYQFF	TRBV20-1	TRBJ2-1
CASSYFGQRNSPLHF	TRBV6-3	TRBJ1-6
CASSLRTSGLQETQYF	TRBV13	TRBJ2-5
CASSQDIRTGNNEQFF	TRBV4-2	TRBJ2-1
CASSSSGGELFF	TRBV12-3	TRBJ2-2
CASSSRQGPRTDTQYF	TRBV6-3	TRBJ2-3
CATSPTETDTQYF	TRBV24-1	TRBJ2-3
CASSSLAGSFKDTQYF	TRBV6-5	TRBJ2-3
CASSLARNQPQHF	TRBV4-1	TRBJ1-5
CSARDEIRHTEAFF	TRBV20-1	TRBJ1-1
CSARVGESSYNEQFF	TRBV20-1	TRBJ2-1
CAWSVLETGGNTEAFF	TRBV30	TRBJ1-1
CASSPTSGNTEAFF	TRBV7-9	TRBJ1-1
CASSLEAGAYEQYF	TRBV7-8	TRBJ2-7
CASREGYEQFF	TRBV7-3	TRBJ2-1
CASSWDRGSAGELFF	TRBV7-9	TRBJ2-2
CASSQAFSPGLAGASYNEQFF	TRBV7-6	TRBJ2-1
CASSKRQSMNTEAFF	TRBV11-3	TRBJ1-1
CASSPGQVNTEAFF	TRBV10-1	TRBJ1-1
CATGPGNEQFF	TRBV6-5	TRBJ2-1
CASSQDRVSYEQYF	TRBV4-1	TRBJ2-7
CASSLAGGYEQYF	TRBV5-1	TRBJ2-7
CASRHRAGRDWMDEKLFF	TRBV19	TRBJ1-4
CSAGDRDYNEQFF	TRBV20-1	TRBJ2-1
CASSLGGYTF	TRBV27	TRBJ1-2
CASSRDASSYEQYF	TRBV10-1	TRBJ2-7
CASPARPGSNTQYF	TRBV9	TRBJ2-3
CASSGLGLAVFNEQFF	TRBV5-5	TRBJ2-1
CASSSARTQHF	TRBV19	TRBJ1-5
CASGWTGGNSPLHF	TRBV27	TRBJ1-6
CASCSLGGAEAFF	TRBV27	TRBJ1-1
CASSAEALGGYFSGYTF	TRBV9	TRBJ1-2
CASSSAGVVHEQYF	TRBV5-4	TRBJ2-7
CASSIAGYVEAFF	TRBV19	TRBJ1-1
CASSADFGGGEKLFF	TRBV5-1	TRBJ1-4
CASSSGGPNLDTEAFF	TRBV6-3	TRBJ1-1
CAISDLTNEKLFF	TRBV10-3	TRBJ1-4
CASSDIKGEQFF	TRBV9	TRBJ2-1
CSVGGGVNTEAFF	TRBV29-1	TRBJ1-1
CASSVDGTGGALGNTIYF	TRBV9	TRBJ1-3
CASSVAEGGEAFF	TRBV9	TRBJ1-1
CASSLVRQGRKYGYTF	TRBV5-6	TRBJ1-2
CASSLGTANTGELFF	TRBV27	TRBJ2-2
CASARGTDTQYF	TRBV27	TRBJ2-3
CASSFQGYTEAFF	TRBV28	TRBJ1-1
CASSYSPDYNSPLHF	TRBV6-3	TRBJ1-6
CASSGTEREGLTYEQYF	TRBV2	TRBJ2-7
CASSLGRSTYEQYF	TRBV13	TRBJ2-7
CAISESPGPEKNTEAFF	TRBV10-3	TRBJ1-1
CASSDAGFRTQYF	TRBV10-1	TRBJ2-5
CASSQTQPWETQYF	TRBV7-2	TRBJ2-5
CASRKLAGPTDTQYF	TRBV4-2	TRBJ2-3
CSVVGVDYTF	TRBV29-1	TRBJ1-2
CSVEGWDRSSTDTQYF	TRBV29-1	TRBJ2-3
CASSPRDRVLEQYF	TRBV18	TRBJ2-7
CASRTAGGPTGELFF	TRBV6-5	TRBJ2-2
CASSYFGNPVQFF	TRBV27	TRBJ2-1
CSARDQGTQYF	TRBV20-1	TRBJ2-5
CASSRDRVENEQFF	TRBV10-1	TRBJ2-1
CASARASMNTEAFF	TRBV4-3	TRBJ1-1
CASSQGGTGLGEQYF	TRBV4-1	TRBJ2-7
CASTPSAGWDQPQHF	TRBV7-8	TRBJ1-5
CASGAANQPQHF	TRBV27	TRBJ1-5
CASSLGGYEQFF	TRBV13	TRBJ2-1
CASSHEGSGCYTF	TRBV4-2	TRBJ1-2
CASSRGTGGHTEAFF	TRBV3-1	TRBJ1-1
CASQDDYSNQPQHF	TRBV19	TRBJ1-5
CASSPGRRETQYF	TRBV7-8	TRBJ2-5
CASSLVWGLSTDTQYF	TRBV7-9	TRBJ2-3
CASSLSRGPYNEQFF	TRBV5-1	TRBJ2-1
CSADGLPISSYNEQFF	TRBV29-1	TRBJ2-1
CASKVGASDTQYF	TRBV19	TRBJ2-3
CASSRPLEKLFF	TRBV7-9	TRBJ1-4
CASSPAYEQYF	TRBV5-5	TRBJ2-7
CASSPEGQGASAQYF	TRBV5-1	TRBJ2-5
CASSLGQNYGYTF	TRBV27	TRBJ1-2
CASSEGQGNTEAFF	TRBV9	TRBJ1-1
CSVEVIGRGHGYTF	TRBV29-1	TRBJ1-2
CATRRGEGQEKKQPQHF	TRBV15	TRBJ1-5
CSAADSNLSYNEQFF	TRBV20-1	TRBJ2-1
CASSLGASGSAGELFF	TRBV7-6	TRBJ2-2
CASSEIAGGTDTQYF	TRBV6-1	TRBJ2-3
CASSERGEVYNEQFF	TRBV6-4	TRBJ2-1
CASSDLAEETQYF	TRBV9	TRBJ2-5
CASSQLGTGYQPQHF	TRBV4-1	TRBJ1-5
CASSLNRRQNGYTF	TRBV27	TRBJ1-2
CASSERAGVMDTQYF	TRBV2	TRBJ2-3
CASSPRQLLNYGYTF	TRBV11-3	TRBJ1-2
CASSYDTANLANYGYTF	TRBV6-5	TRBJ1-2
CASSSTGGYEQYF	TRBV12-4	TRBJ2-7
CASSYSGGQGLRYTF	TRBV6-6	TRBJ1-2
CASSIVQGPYNEQFF	TRBV19	TRBJ2-1
CSVDGSLAGRSYEQYF	TRBV29-1	TRBJ2-7
CASTPGGSTDTQYF	TRBV12-4	TRBJ2-3
CASSSGWGGVQPQHF	TRBV7-9	TRBJ1-5
CSAEWLGEQFF	TRBV20-1	TRBJ2-1
CASSSSPDEQQYF	TRBV7-9	TRBJ2-7
CASCPGPEGTDTQYF	TRBV19	TRBJ2-3
CASSYMMGQGGETQYF	TRBV6-5	TRBJ2-5
CSARGITGGTGETQYF	TRBV20-1	TRBJ2-5
CATSDPRVRYEQYF	TRBV15	TRBJ2-7
CSLGGDGNEQFF	TRBV29-1	TRBJ2-1
CASSPAVEDEQFF	TRBV18	TRBJ2-1
CASSLNYNQPQHF	TRBV7-9	TRBJ1-5
CASSEGTVNYGYTF	TRBV9	TRBJ1-2
CASSLSWSGGDYGYTF	TRBV27	TRBJ1-2
CASSQRRGRHNEQFF	TRBV4-1	TRBJ2-1
CASSQDPGQGFNETQYF	TRBV3-1	TRBJ2-5
CSARGGETSGGFSYEQYF	TRBV20-1	TRBJ2-7
CSVEPGLAGAPQETQYF	TRBV29-1	TRBJ2-5
CASSMTGPAEAFF	TRBV7-9	TRBJ1-1
CASSSGGREAFF	TRBV27	TRBJ1-1
CASSLAWTGSFYGYTF	TRBV5-5	TRBJ1-2
CASSLGLNYEQYF	TRBV28	TRBJ2-7
CASSQAIAGGSYEQYF	TRBV4-1	TRBJ2-7
CASSSGTSGGETQYF	TRBV10-2	TRBJ2-5
CASSLTPGQGIYGYTF	TRBV27	TRBJ1-2
CASGSSGGLAKNIQYF	TRBV12-5	TRBJ2-4
CASSYFSPLAVNTGELFF	TRBV6-5	TRBJ2-2
CSGRSKGAVNEKLFF	TRBV29-1	TRBJ1-4
CASSLGESIAKNIQYF	TRBV7-9	TRBJ2-4
CASSLRSTGGDTQYF	TRBV11-3	TRBJ2-3
CASSEAGGRETQYF	TRBV9	TRBJ2-5
CSASNLGAGFYNEQFF	TRBV20-1	TRBJ2-1
CASSQDRGLSTEAFF	TRBV4-3	TRBJ1-1
CASSQDGGLGTDTQYF	TRBV14	TRBJ2-3
CASSLISSTEAFF	TRBV5-6	TRBJ1-1
CASSLGSHDSTNYGYTF	TRBV28	TRBJ1-2
CAIAGGGAQYF	TRBV3-1	TRBJ2-5
CASSPQTDTQYF	TRBV9	TRBJ2-3
CASSVPKEDSANTGELFF	TRBV9	TRBJ2-2
CATSETGGVDEQFF	TRBV24-1	TRBJ2-1
CASNLAPGATNEKLFF	TRBV7-6	TRBJ1-4
CASKGALEGYTF	TRBV2	TRBJ1-2
CASSLGGTGAAGQPQHF	TRBV11-2	TRBJ1-5
CASTPWGVGNTIYF	TRBV6-6	TRBJ1-3
CASSIFGGQNQPQHF	TRBV19	TRBJ1-5
CASSTQGGNQPQHF	TRBV6-5	TRBJ1-5
CASSSAGVLNQPQHF	TRBV6-6	TRBJ1-5
CASSYASGRGGTQYF	TRBV12-4	TRBJ2-5
CASSQDAGSSYNEQFF	TRBV4-3	TRBJ2-1
CATARDRSEQYF	TRBV7-9	TRBJ2-7
CASSLVGSGGEQYF	TRBV5-1	TRBJ2-7
CASSLVGTDYGYTF	TRBV11-1	TRBJ1-2
CASSELPGGYTF	TRBV7-2	TRBJ1-2
CASSESYGYTF	TRBV2	TRBJ1-2
CATSDFSSGDYNEQFF	TRBV24-1	TRBJ2-1
CASSPDYDQETQYF	TRBV7-9	TRBJ2-5
CASSEGDPQETQYF	TRBV6-1	TRBJ2-5
CASSVGTGNYEQYF	TRBV9	TRBJ2-7
CASSVEVGRDEQFF	TRBV9	TRBJ2-1
CASIPDGYNEQFF	TRBV25-1	TRBJ2-1
CASRQTTSTDTQYF	TRBV6-6	TRBJ2-3
CSVFGGRLYEQYF	TRBV29-1	TRBJ2-7
CATSDSRGYEQYF	TRBV24-1	TRBJ2-7
CASRAQGATNEKLFF	TRBV9	TRBJ1-4
CASSGTGGSTEAFF	TRBV6-1	TRBJ1-1
CASSLMFTGVPQDTQYF	TRBV7-8	TRBJ2-3
CASSLRLALLETQYF	TRBV7-8	TRBJ2-5
CASSGLGEQYF	TRBV5-1	TRBJ2-7
CASSLSLGWETQYF	TRBV27	TRBJ2-5
CSARTGDTEAFF	TRBV20-1	TRBJ1-1
CASSLLGLQGSYNEQFF	TRBV27	TRBJ2-1
CSARAVRVSVEQYF	TRBV20-1	TRBJ2-7
CASSYSGGENTEAFF	TRBV6-5	TRBJ1-1
CASSPGPQGQYF	TRBV7-9	TRBJ2-7
CASSLSSGTYEQYF	TRBV9	TRBJ2-7
CASSAGTDDYYEQYF	TRBV9	TRBJ2-7
CASSDGIQGAWANVLTF	TRBV6-4	TRBJ2-6
CASSGTSPLHF	TRBV2	TRBJ1-6
CASSPTTGTGWWGYTF	TRBV6-5	TRBJ1-2
CASSMGPEGAFF	TRBV19	TRBJ1-1
CASSLMWLAGAADTQYF	TRBV7-8	TRBJ2-3
CAYLSGANVLTF	TRBV6-6	TRBJ2-6
CASSQEVSAGLREGYTF	TRBV4-2	TRBJ1-2
CAVLGGLEDNSPLHF	TRBV6-6	TRBJ1-6
CASSPRTGNYEQYF	TRBV19	TRBJ2-7
CASSYSMGGAGETQYF	TRBV6-6	TRBJ2-5
CASSRLGFGSKNIQYF	TRBV9	TRBJ2-4
CASSQSTGRAGELFF	TRBV11-3	TRBJ2-2
CASSPGTPFYYEQYF	TRBV27	TRBJ2-7
CASSPHRNTEAFF	TRBV4-3	TRBJ1-1
CASSLTGPNYGYTF	TRBV7-2	TRBJ1-2
CASSIGLVNEQFF	TRBV19	TRBJ2-1
CASSPGLAVHNEQFF	TRBV9	TRBJ2-1
CASSIGNTEAFF	TRBV19	TRBJ1-1
CASSSPGKSSYNEQFF	TRBV7-8	TRBJ2-1
CASSDLLDGKETQYF	TRBV10-2	TRBJ2-5
CASSRYSGGFGDTQYF	TRBV5-1	TRBJ2-3
CASSQLVAGALGETQYF	TRBV4-1	TRBJ2-5
CASSLDPVNEQFF	TRBV5-1	TRBJ2-1
CATGSGNEQYF	TRBV12-3	TRBJ2-7
CASSDQSLGPDTEAFF	TRBV27	TRBJ1-1
CASSLKTGAVYGYTF	TRBV6-5	TRBJ1-2
CATSDLWFRNNEQFF	TRBV24-1	TRBJ2-1
CASSFIGEGGSDEQYF	TRBV7-9	TRBJ2-7
CASSPTQGKYYEQYF	TRBV27	TRBJ2-7
CASSPSMGGELFF	TRBV7-9	TRBJ2-2
CASRPQGARGELFF	TRBV6-5	TRBJ2-2
CASSPTHRYNEQFF	TRBV5-1	TRBJ2-1
CATSGPTSREGDNEQFF	TRBV24-1	TRBJ2-1
CASSPSGLAGSYNEQFF	TRBV4-3	TRBJ2-1
CASSLGVRLGDTF	TRBV12-4	TRBJ1-2
CASSLTRDSSPQHF	TRBV6-5	TRBJ1-5
CASSARDRGSEAFF	TRBV5-6	TRBJ1-1
CASSLAGGATEAFF	TRBV5-5	TRBJ1-1
CASSLGGALDIQYF	TRBV5-8	TRBJ2-4
CASGDGSYYGYTF	TRBV6-5	TRBJ1-2
CASSLGSSNYGYTF	TRBV5-6	TRBJ1-2
CASSYFDEKLFF	TRBV2	TRBJ1-4
CASSGAGTGPYEQYF	TRBV12-4	TRBJ2-7
CASSPTDRGNTGELFF	TRBV5-4	TRBJ2-2
CASSLEGQVADTQYF	TRBV11-1	TRBJ2-3
CASSLAPGGSNSPLHF	TRBV12-4	TRBJ1-6
CASSYSGAGNMFGEQFF	TRBV19	TRBJ2-1
CASRPSGRLDTQYF	TRBV6-3	TRBJ2-3
CASSLEREDYEQYF	TRBV7-6	TRBJ2-7
CASSGTEAHSYTEAFF	TRBV19	TRBJ1-1
CSATQGPGELFF	TRBV20-1	TRBJ2-2
CASSLGAAGRELFF	TRBV27	TRBJ1-4
CASTQGTYYNEQFF	TRBV12-3	TRBJ2-1
CASSGQTAFPSLRSEQYF	TRBV7-9	TRBJ2-7
CASSQAHGTMGNTIYF	TRBV4-3	TRBJ1-3
CAHRENTEAFF	TRBV2	TRBJ1-1
CASSLYTISGANVLTF	TRBV7-8	TRBJ2-6
CASSMTGVGSYNEQFF	TRBV19	TRBJ2-1
CASSRMVVAGVGTDTQYF	TRBV2	TRBJ2-3
CASSLSHSTGNYGYTF	TRBV27	TRBJ1-2
CASSQDALAGTTDTQYF	TRBV4-1	TRBJ2-3
CASSYFFQGPLYEQFF	TRBV6-3	TRBJ2-1
CATSEKQDRPTTGQYF	TRBV24-1	TRBJ2-3
CAISESTSPYGYTF	TRBV10-3	TRBJ1-2
CASSARLADTQYF	TRBV4-1	TRBJ2-3
CASRDSAYRNEKLFF	TRBV27	TRBJ1-4
CASRNLINSPLHF	TRBV7-2	TRBJ1-6
CASSVGALSQETQYF	TRBV9	TRBJ2-5
CASRDDRPAGSYEQYF	TRBV2	TRBJ2-7
CASFFPYEQYF	TRBV6-6	TRBJ2-7
CASSEDHTEFYEQYF	TRBV6-1	TRBJ2-7
CATGAGSNTGELFF	TRBV24-1	TRBJ2-2
CASSDQTSSAPSTDTQYF	TRBV25-1	TRBJ2-3
CASSSAEQAGVYNEQFF	TRBV28	TRBJ2-1
CSARVAHEQFF	TRBV20-1	TRBJ2-1
CASSLVARYTNTEAFF	TRBV5-8	TRBJ1-1
CASSPPGGRWEQYF	TRBV9	TRBJ2-7
CASGRTDNSNQPQHF	TRBV12-5	TRBJ1-5
CSASAGEQFF	TRBV20-1	TRBJ2-1
CASSPRQGEYYTDTQYF	TRBV27	TRBJ2-3
CASSPPGAGEKLFF	TRBV7-2	TRBJ1-4
CAWSAGQGFTEAFF	TRBV30	TRBJ1-1
CASSEPGTNSPLHF	TRBV6-6	TRBJ1-6
CASSPPIRGRARYEQYF	TRBV18	TRBJ2-7
CSASTPGEQPQHF	TRBV20-1	TRBJ1-5
CASSYSSNPGELNSPLHF	TRBV6-5	TRBJ1-6
CASGFGSGSGDEQFF	TRBV12-5	TRBJ2-1
CASSSFLAGAKTQYF	TRBV12-4	TRBJ2-5
CASSLGYGLAGTTGELFF	TRBV7-3	TRBJ2-2
CASSLRVVGTVYNEQFF	TRBV7-3	TRBJ2-1
CASRGLAGGSTDTQYF	TRBV19	TRBJ2-3
CASSLDGMGRDTQYF	TRBV7-9	TRBJ2-3
CASSGPGRTTNEKLFF	TRBV11-3	TRBJ1-4
CASSQEGGILAEQFF	TRBV4-1	TRBJ2-1
CATSDSGSNSPLHF	TRBV24-1	TRBJ1-6
CASSQGAGTGFTYEQYF	TRBV4-1	TRBJ2-7
CASSLAGSSGNEQFF	TRBV18	TRBJ2-1
CASSFLGGITGELFF	TRBV12-3	TRBJ2-2
CSVVRADGYTF	TRBV29-1	TRBJ1-2
CASSLGARAQETQYF	TRBV5-1	TRBJ2-5
CASSVDGTMNTEAFF	TRBV9	TRBJ1-1
CASSLGARLAGYNEQFF	TRBV7-9	TRBJ2-1
CASSAGGDIQYF	TRBV12-4	TRBJ2-4
CAISGLAGVNEQFF	TRBV10-3	TRBJ2-1
CASSIVGVPQTYEQYF	TRBV19	TRBJ2-7
CASSVLAGSSYNEQFF	TRBV9	TRBJ2-1
CASSYSGANVLTF	TRBV6-5	TRBJ2-6
CASSFLERGAHNEQFF	TRBV7-8	TRBJ2-1
CAWSLAYNEQFF	TRBV30	TRBJ2-1
CASSQDRGQGRSGELFF	TRBV4-3	TRBJ2-2
CASRIGTGGEEQFF	TRBV6-5	TRBJ2-1
CAWSGDSYEQYF	TRBV30	TRBJ2-7
CASRRSGANVLTF	TRBV6-3	TRBJ2-6
CASSRQGPYNEQFF	TRBV19	TRBJ2-1
CASLKRGGSYNEQFF	TRBV27	TRBJ2-1
CATSIEAGGGNEQFF	TRBV15	TRBJ2-1
CSVASVGNTEAFF	TRBV29-1	TRBJ1-1
CASSKGLAGLDEQFF	TRBV28	TRBJ2-1
CASSQDGTGIGGKLFF	TRBV4-2	TRBJ1-4
CASSSSSETVIYGYTF	TRBV7-9	TRBJ1-2
CATSLSGGGSDTQYF	TRBV15	TRBJ2-3
CASSPPSGSYNEQFF	TRBV27	TRBJ2-1
CASSLTGVGGANGYTF	TRBV7-3	TRBJ1-2
CSARSGVEHNEQFF	TRBV20-1	TRBJ2-1
CASSLAGPNTEAFF	TRBV5-6	TRBJ1-1
CAWSVTGNTEAFF	TRBV30	TRBJ1-1
CASSVAGTGGPGPSYEQYF	TRBV9	TRBJ2-7
CASSARDRVLYEQYF	TRBV6-1	TRBJ2-7
CASSGTESYEQYF	TRBV5-1	TRBJ2-7
CASSPVAGGAYNEQFF	TRBV6-4	TRBJ2-1
CSVEEGHYGYTF	TRBV29-1	TRBJ1-2
CATSDLAFPNTGELFF	TRBV24-1	TRBJ2-2
CASSPKIGTGANVLTF	TRBV6-1	TRBJ2-6
CASRDGYTEAFF	TRBV19	TRBJ1-1
CASSSGGEQYF	TRBV7-9	TRBJ2-7
CASSYGAGEQPQHF	TRBV6-3	TRBJ1-5
CASSQGGTGLAGGPSYNEQFF	TRBV4-1	TRBJ2-1
CASKGRSGVGETQYF	TRBV10-2	TRBJ2-5
CASSLEQANTEAFF	TRBV11-3	TRBJ1-1
CASSSQRNTGELFF	TRBV4-1	TRBJ2-2
CASSILGRTDTQYF	TRBV19	TRBJ2-3
CASSPGQSLIYEQYF	TRBV12-3	TRBJ2-7
CASSKLRTGYTGELFF	TRBV5-5	TRBJ2-2
CASRGGVWNTEAFF	TRBV12-3	TRBJ1-1
CASSLYLQGRGEQFF	TRBV27	TRBJ2-1
CASSLDPGSSGANVLTF	TRBV28	TRBJ2-6
CASSNLRTAEKAFF	TRBV6-3	TRBJ1-1
CATSRVGEHGYTF	TRBV15	TRBJ1-2
CASSPVSQGANSGNTIYF	TRBV18	TRBJ1-3
CASSIDGPGGISDTQYF	TRBV19	TRBJ2-3
CASSVTGADTEAFF	TRBV11-3	TRBJ1-1
CATSDTQKLDTYNEQFF	TRBV24-1	TRBJ2-1
CASSFGQGAFF	TRBV13	TRBJ1-1
CASSPRTREQYF	TRBV27	TRBJ2-7
CASSQKLGQMNTEAFF	TRBV7-6	TRBJ1-1
CAWSLVEGTGELFF	TRBV30	TRBJ2-2
CASSPGTGFYSEAFF	TRBV27	TRBJ1-1
CASSQVIGREQYF	TRBV4-1	TRBJ2-7
CASSLAGGAGTEAFF	TRBV28	TRBJ1-1
CASTKSLGPNTGELFF	TRBV19	TRBJ2-2
CASSFQAAGGTEAFF	TRBV5-1	TRBJ1-1
CSAGDRYSNQPQHF	TRBV20-1	TRBJ1-5
CASTPGGEKLFF	TRBV12-4	TRBJ1-4
CASTPGVGGRSRYNEQFF	TRBV7-8	TRBJ2-1
CATSDMTGSPSGYTF	TRBV24-1	TRBJ1-2
CASSLDGAYNEQFF	TRBV27	TRBJ2-1
CASSPRDRERGEQYF	TRBV7-2	TRBJ2-7
CASSTLTIATLDNEQFF	TRBV12-4	TRBJ2-1
CASSETSGPPYEQYF	TRBV5-1	TRBJ2-7
CATGQTDNEQFF	TRBV27	TRBJ2-1
CASSSSLGWEAFF	TRBV7-9	TRBJ1-1
CASSPQRNTEAFF	TRBV4-3	TRBJ1-1
CASSQPTEMNTEAFF	TRBV4-1	TRBJ1-1
CASSLNRPFTDTQYF	TRBV11-2	TRBJ2-3
CASSLDRERYGYTF	TRBV13	TRBJ1-2
CASSIEGQGAYEQYF	TRBV19	TRBJ2-7
CASSLDLGQGKTQYF	TRBV11-3	TRBJ2-5
CASSLYDSYGYTF	TRBV27	TRBJ1-2
CASSQRTSGNTDTQYF	TRBV7-9	TRBJ2-3
CASSESPVNQPQHF	TRBV25-1	TRBJ1-5
CAWSLGYGEDEKLFF	TRBV30	TRBJ1-4
CATSDSRTGRSGELFF	TRBV24-1	TRBJ2-2
CASSEGVQPQHF	TRBV10-1	TRBJ1-5
CASSLYGANEQFF	TRBV7-3	TRBJ2-1
CASSLVQADNEQFF	TRBV5-1	TRBJ2-1
CASSLAQASDGYTF	TRBV5-1	TRBJ1-2
CASSLVLYNEQFF	TRBV27	TRBJ2-1
CSARAAGRQTSTYEQYF	TRBV20-1	TRBJ2-7
CASNIGNTEAFF	TRBV19	TRBJ1-1
CASSIGDYEQYF	TRBV19	TRBJ2-7
CASSSRRGYSNQPQHF	TRBV7-8	TRBJ1-5
CSAPGTGLRDEQFF	TRBV20-1	TRBJ2-1
CASSLGGARNTEAFF	TRBV7-2	TRBJ1-1
CASSQEGTGGRETQYF	TRBV4-1	TRBJ2-5
CSVGDGNTEAFF	TRBV29-1	TRBJ1-1
CASSVFREPYEQYF	TRBV2	TRBJ2-7
CASSQAYSGNKNIQYF	TRBV14	TRBJ2-4
CASSHGLAGVEQYF	TRBV6-3	TRBJ2-7
CASSSAGADYEQYF	TRBV9	TRBJ2-7
CASSPGPMDEQYF	TRBV11-2	TRBJ2-7
CASSGRGGGPAETQYF	TRBV11-1	TRBJ2-5
CASSQDHFQGTGGELFF	TRBV4-3	TRBJ2-2
CSSGGTYGYTF	TRBV29-1	TRBJ1-2
CSASEGAGEVYGYTF	TRBV20-1	TRBJ1-2
CASSGQGAGYNEQFF	TRBV27	TRBJ2-1
CASSSGLGGPETQYF	TRBV7-8	TRBJ2-5
CASSMTPLGEDTQYF	TRBV19	TRBJ2-3
CASSMKGFGNQPQHF	TRBV19	TRBJ1-5
CASSFTAMENTF	TRBV7-9	TRBJ1-2
CSVPGISYYEQYF	TRBV29-1	TRBJ2-7
CASSYGLAESYEQYF	TRBV13	TRBJ2-7
CSANWDTNIYEQYF	TRBV20-1	TRBJ2-7
CASSSFPGTGLSGNTIYF	TRBV11-2	TRBJ1-3
CASSFISGGRLAPYYGYTF	TRBV12-3	TRBJ1-2
CASSLEEEGTNEKLFF	TRBV7-9	TRBJ1-4
CASSPDSNGYTF	TRBV12-4	TRBJ1-2
CAWSGEGDPTDTQYF	TRBV30	TRBJ2-3
CSARTSGRVGEQFF	TRBV20-1	TRBJ2-1
CASSLAGQLYGYTF	TRBV7-9	TRBJ1-2
CASRRTGQSYNSPLHF	TRBV27	TRBJ1-6
CASAGRTGELFF	TRBV7-6	TRBJ2-2
CASSRQNTGELFF	TRBV19	TRBJ2-2
CASSSGTGVTEAFF	TRBV19	TRBJ1-1
CASSPPWAAPRTQYF	TRBV11-2	TRBJ2-3
CASSLFQGPSGNSGNTIYF	TRBV28	TRBJ1-3
CASSFLSATEAFF	TRBV12-4	TRBJ1-1
CASSLSLLAERNEQFF	TRBV27	TRBJ2-1
CSARDPEYGETQYF	TRBV20-1	TRBJ2-5
CASSPGAAGTEAFF	TRBV27	TRBJ1-1
CASSVTSVPYNEQFF	TRBV9	TRBJ2-1
CASSPEGLLGAFF	TRBV9	TRBJ1-1
CASSQDLAGHTGELFF	TRBV3-1	TRBJ2-2
CASSPTSTDTQYF	TRBV18	TRBJ2-3
CSARVRTGRGPQSSNTQYF	TRBV20-1	TRBJ2-3
CASILRASDTQYF	TRBV12-3	TRBJ2-3
CASSLQNSPLHF	TRBV27	TRBJ1-6
CASSLSMEGKETQYF	TRBV27	TRBJ2-5
CASSLVDLRAGETEAFF	TRBV7-6	TRBJ1-1
CASSQDPSGRGNTIYF	TRBV3-1	TRBJ1-3
CASSSQAGGRENEQFF	TRBV11-2	TRBJ2-1
CASKNRDSLSGEQYF	TRBV7-8	TRBJ2-7
CSVLGTEKNTGELFF	TRBV29-1	TRBJ2-2
CASSLGASGIRNEQFF	TRBV28	TRBJ2-1
CASSRDRGVEQYF	TRBV16	TRBJ2-7
CASSLLGTQGGGDEQFF	TRBV27	TRBJ2-1
CATSRVGDSHNYGYTF	TRBV15	TRBJ1-2
CASTWTGVGYNEQFF	TRBV27	TRBJ2-1
CSVGGSYEQYF	TRBV29-1	TRBJ2-7
CASGPGGSTEAFF	TRBV12-3	TRBJ1-1
CASSVDGTYGETQYF	TRBV27	TRBJ2-5
CASSEGQGAGYEQYF	TRBV5-1	TRBJ2-7
CASSVTWGLALDTQYF	TRBV9	TRBJ2-3
CASSLTTDWAEAFF	TRBV3-1	TRBJ1-1
CASSSPPGTGEVLFF	TRBV7-2	TRBJ1-4
CATSEFDRDGETQYF	TRBV24-1	TRBJ2-5
CASSLGDRQETQYF	TRBV12-4	TRBJ2-5
CASSTGHYGYTF	TRBV19	TRBJ1-2
CASSPGNLPEAFF	TRBV5-4	TRBJ1-1
CATSRDRIAGWDLLAKNIQYF	TRBV15	TRBJ2-4
CASTTRRFGKGATDTQYF	TRBV27	TRBJ2-3
CASSPGQVTGANVLTF	TRBV10-2	TRBJ2-6
CASSPNPGTNTGELFF	TRBV4-2	TRBJ2-2
CASSLSRYRETQYF	TRBV27	TRBJ2-5
CASSPAGPQETQYF	TRBV7-6	TRBJ2-5
CASKRDNSYEQYF	TRBV5-4	TRBJ2-7
CASRSGSYNEQFF	TRBV13	TRBJ2-1
CASRVEDRLNTEAFF	TRBV28	TRBJ1-1
CASRLGPEAFF	TRBV12-3	TRBJ1-1
CASSGGTGGTSGSLREQFF	TRBV13	TRBJ2-1
CASSERRVPFGDSPLHF	TRBV6-1	TRBJ1-6
CASSLGAGELFF	TRBV5-1	TRBJ2-2
CASSSQSADNSPLHF	TRBV7-9	TRBJ1-6
CASSYGVNQETQYF	TRBV6-3	TRBJ2-5
CASSLSQGALNTEAFF	TRBV9	TRBJ1-1
CASSISATGEQFF	TRBV19	TRBJ2-1
CASRPPQGVREQYF	TRBV28	TRBJ2-7
CASSPRTPYNEQFF	TRBV18	TRBJ2-1
CASSFFGGYTEAFF	TRBV12-4	TRBJ1-1
CASSPAGGTDTQYF	TRBV6-6	TRBJ2-3
CASKWGRDLWQPQHF	TRBV2	TRBJ1-5
CSARPGIRGYTF	TRBV20-1	TRBJ1-2
CASSLPTVGGGGETQYF	TRBV6-6	TRBJ2-5
CASNVKIGELFF	TRBV5-6	TRBJ2-2
CASSVSRAGTGELFF	TRBV9	TRBJ2-2
CAWSLSGGGEAFF	TRBV30	TRBJ1-1
CASSVNWGDKSTDTQYF	TRBV9	TRBJ2-3
CASRSDSSYNSPLHF	TRBV12-4	TRBJ1-6
CASSIAGGGYGYTF	TRBV19	TRBJ1-2
CASSLGASGGRYNEQFF	TRBV5-4	TRBJ2-1
CASSYFGGLTEAFF	TRBV6-5	TRBJ1-1
CAWSPGNYGYTF	TRBV30	TRBJ1-2
CASSRERVGETQYF	TRBV4-2	TRBJ2-5
CASSLPGQGAGELFF	TRBV3-1	TRBJ2-2
CASSVGESYEQYF	TRBV9	TRBJ2-7
CASSQSLYGYEQYF	TRBV4-3	TRBJ2-7
CASSFHDREGVGSPLHF	TRBV7-9	TRBJ1-6
CASRNIWATPAATDTQYF	TRBV6-3	TRBJ2-3
CASSTKPVWSSYNEQFF	TRBV19	TRBJ2-1
CASSQFPLGEGTDTQYF	TRBV4-1	TRBJ2-3
CATLSTRVTGELFF	TRBV15	TRBJ2-2
CASSLPYPGVGAFF	TRBV28	TRBJ1-1
CASSLETVNTEAFF	TRBV7-6	TRBJ1-1
CAISLEDSSYNEQFF	TRBV10-3	TRBJ2-1
CASSLSLSGRGVEQFF	TRBV7-9	TRBJ2-1
CASSLGSGWEAFF	TRBV5-1	TRBJ1-1
CASSPPGRSSYEQYF	TRBV28	TRBJ2-7
CASSSQTSGGSYEQYF	TRBV7-9	TRBJ2-7
CASSFSVEQYF	TRBV5-1	TRBJ2-7
CASSQGSGELFF	TRBV12-3	TRBJ2-2
CASSHTTGSPFYGYTF	TRBV3-1	TRBJ1-2
CASSLASRGGAYNEQFF	TRBV7-9	TRBJ2-1
CASSPGSRREETQYF	TRBV9	TRBJ2-5
CSARDKLGIPEAFF	TRBV20-1	TRBJ1-1
CASTERVAKNIQYF	TRBV25-1	TRBJ2-4
CSARERWEGATNEKLFF	TRBV20-1	TRBJ1-4
CASSYTYEQFF	TRBV6-2	TRBJ2-1
CASSGGGLPLSSGNTIYF	TRBV9	TRBJ1-3
CSVAAGEHYEQYF	TRBV29-1	TRBJ2-7
CATQLGSFTDTQYF	TRBV7-2	TRBJ2-3
CATSLNVVRASNEKLFF	TRBV15	TRBJ1-4
CASSLVGYEQFF	TRBV5-1	TRBJ2-1
CASSPVSGSYEQYF	TRBV9	TRBJ2-7
CASSLTSDGYYEQYF	TRBV7-3	TRBJ2-7
CASRDRSQYEQYF	TRBV6-1	TRBJ2-7
CASSQDRGGPEGLNYGYTF	TRBV3-1	TRBJ1-2
CSARDPGGRSSYEQYF	TRBV20-1	TRBJ2-7
CASSQLAGVVTQYF	TRBV7-9	TRBJ2-3
CAISGDREGQYF	TRBV10-3	TRBJ2-7
CASGPYDRADTEAFF	TRBV12-3	TRBJ1-1
CASSLPAQSSGRFFYEQFF	TRBV19	TRBJ2-1
CASSFRTADTEAFF	TRBV7-8	TRBJ1-1
CASSLGHDTLHF	TRBV7-9	TRBJ1-6
CASSERGTGIIWEKLFF	TRBV6-1	TRBJ1-4
CASSSQRESETQYF	TRBV5-6	TRBJ2-5
CASGSGLAGNEQFF	TRBV12-5	TRBJ2-1
CASSISPNQPQHF	TRBV19	TRBJ1-5
CASSLAGWAYNEQFF	TRBV28	TRBJ2-1
CATSDFLTGTTDTQYF	TRBV24-1	TRBJ2-3
CASSESRLDGYTF	TRBV10-1	TRBJ1-2
CASSPETPGGESGGTDTQYF	TRBV7-9	TRBJ2-3
CASKSPGQGRSGANVLTF	TRBV6-5	TRBJ2-6
CSAREWDRRYEQYF	TRBV20-1	TRBJ2-7
CSVSGTHYEQYF	TRBV29-1	TRBJ2-7
CASRDTSGTAYEQYF	TRBV6-5	TRBJ2-7
CASSPSPAGASTNEQFF	TRBV9	TRBJ2-1
CAQGENEQFF	TRBV30	TRBJ2-1
CASSPIGSGANVLTF	TRBV7-6	TRBJ2-6
CSVPYTPGTEAFF	TRBV29-1	TRBJ1-1
CASSMYVNQPQHF	TRBV19	TRBJ1-5
CASSSIWTSGREETQYF	TRBV7-8	TRBJ2-5
CASSYILAGGPPSDTGELFF	TRBV11-2	TRBJ2-2
CASSSGLVNSGTQYF	TRBV7-2	TRBJ2-3
CASSSGTGNLDTQYF	TRBV6-5	TRBJ2-3
CASSDPDRAVTEAFF	TRBV5-1	TRBJ1-1
CASTRGDSYEQYF	TRBV5-4	TRBJ2-7
CASSLDARTSYEQYF	TRBV7-9	TRBJ2-7
CASSYPNNEQFF	TRBV7-3	TRBJ2-1
CAIKYRPRTGENYGYTF	TRBV10-3	TRBJ1-2
CAISLGLAGGLGELFF	TRBV10-3	TRBJ2-2
CSARAGDTDNSPLHF	TRBV20-1	TRBJ1-6
CASSWGPNTGELFF	TRBV19	TRBJ2-2
CASSEALHGGYRSYEQYF	TRBV6-1	TRBJ2-7
CASSLAGPNNEQFF	TRBV7-6	TRBJ2-1
CASSLVAVADNEQFF	TRBV11-3	TRBJ2-1
CASSSIPRPEAFF	TRBV5-5	TRBJ1-1
CSARDPHTDTQYF	TRBV20-1	TRBJ2-3
CAWSDDRGYNEQFF	TRBV30	TRBJ2-1
CASSIDARDSGANVLTF	TRBV19	TRBJ2-6
CASSYQTGAIYGYTF	TRBV6-5	TRBJ1-2
CSEGSPQETQYF	TRBV29-1	TRBJ2-5
CASSQGGDGYTF	TRBV4-1	TRBJ1-2
CASSPSLAASSYYNEQFF	TRBV7-3	TRBJ2-1
CASSPLTGTGGGYTF	TRBV27	TRBJ1-2
CASSQDTSGGFYGYTF	TRBV4-1	TRBJ1-2
CASSYGTGDSNQPQHF	TRBV28	TRBJ1-5
CAISGQNTEAFF	TRBV10-3	TRBJ1-1
CATSEGTSGSGYNEQFF	TRBV24-1	TRBJ2-1
CASSSPGQMNTEAFF	TRBV13	TRBJ1-1
CATSDRPGGANVLTF	TRBV24-1	TRBJ2-6
CASSFFRSGGSLNYGYTF	TRBV9	TRBJ1-2
CASSQGQGAIRPQHF	TRBV3-1	TRBJ1-5
CAISGGQIVPNGYTF	TRBV10-3	TRBJ1-2
CASSSVTEAFF	TRBV12-4	TRBJ1-1
CASRPTGTPQETQYF	TRBV2	TRBJ2-5
CAPRPGPRSTDTQYF	TRBV7-9	TRBJ2-3
CASSAGLILGDTEAFF	TRBV19	TRBJ1-1
CASSFSQATEAFF	TRBV27	TRBJ1-1
CASSLPPPGGGAFF	TRBV5-5	TRBJ1-1
CAALAVDTQYF	TRBV10-3	TRBJ2-3
CASSVIGSSNEQFF	TRBV9	TRBJ2-1
CASSDLTFNEQFF	TRBV2	TRBJ2-1
CASSPAPTETQYF	TRBV4-3	TRBJ2-5
CASSQDPGYSNQPQHF	TRBV4-1	TRBJ1-5
CASIGDSYPGNEQFF	TRBV7-9	TRBJ2-1
CAWSRGTGETQYF	TRBV30	TRBJ2-5
CASAGGTGYTDTQYF	TRBV6-5	TRBJ2-3
CAWRGSTGQGWGYGYTF	TRBV30	TRBJ1-2
CASRSLDEAFF	TRBV11-2	TRBJ1-1
CASSAGRQGSNEQFF	TRBV5-5	TRBJ2-1
CASSWGAPNTGELFF	TRBV7-9	TRBJ2-2
CASSFNGGGTDTQYF	TRBV5-4	TRBJ2-3
CASSSTNGYTF	TRBV12-4	TRBJ1-2
CASSLAVGAKNIQYF	TRBV7-9	TRBJ2-4
CASSPGGGKETQYF	TRBV7-6	TRBJ2-5
CASSFDPDRGLEGYTF	TRBV5-1	TRBJ1-2
CATSDLQGGGPFNEQFF	TRBV24-1	TRBJ2-1
CSARESRGYTEAFF	TRBV20-1	TRBJ1-1
CASSRDNYGYTF	TRBV6-3	TRBJ1-2
CASSLDLYGYTF	TRBV5-6	TRBJ1-2
CASSLGSGGSYEQYF	TRBV5-6	TRBJ2-7
CATSDSQLTSGGETGELFF	TRBV24-1	TRBJ2-2
CASSYRDRGYGYTF	TRBV28	TRBJ1-2
CASSLTVQSDEQYF	TRBV5-1	TRBJ2-7
CASSQGHIGAVSMNTEAFF	TRBV4-1	TRBJ1-1
CAWSVLGGAVETQYF	TRBV30	TRBJ2-5
CASSPERGRAEAFF	TRBV7-9	TRBJ1-1
CASSLGPGGNTEAFF	TRBV27	TRBJ1-1
CSAQPGQENIQYF	TRBV20-1	TRBJ2-4
CASRMGGKNTEAFF	TRBV27	TRBJ1-1
CASSHGGAYEQYF	TRBV7-9	TRBJ2-7
CASSQTGGELFF	TRBV6-3	TRBJ2-2
CAWSVSDLAKNIQYF	TRBV30	TRBJ2-4
CASSFGQGENYGYTF	TRBV5-1	TRBJ1-2
CASSPGGLAGADTQYF	TRBV5-1	TRBJ2-3
CSAFPEERQGPFMEEQYF	TRBV20-1	TRBJ2-7
CASSLNLNEQFF	TRBV7-6	TRBJ2-1
CASSYPPRTGYGTDTQYF	TRBV6-3	TRBJ2-3
CASSLTSGGANEQFF	TRBV19	TRBJ2-1
CSASPDRGNTGELFF	TRBV20-1	TRBJ2-2
CASSLNGGLLVRTDTQYF	TRBV7-8	TRBJ2-3
CASTLLGGAGYNEQFF	TRBV13	TRBJ2-1
CASSLELAGAQETQYF	TRBV7-6	TRBJ2-5
CASRLAGSTGELFF	TRBV27	TRBJ2-2
CASSSLSERGRETQYF	TRBV5-1	TRBJ2-5
CSVWSGDSYNEQFF	TRBV20-1	TRBJ2-1
CSVETGGYNEQFF	TRBV29-1	TRBJ2-1
CASSDSYEQYF	TRBV25-1	TRBJ2-7
CANSSVNEQFF	TRBV12-3	TRBJ2-1
CASFYRDTQYF	TRBV5-1	TRBJ2-3
CASTQGGSNTEAFF	TRBV19	TRBJ1-1
CASSLGQINEQFF	TRBV7-9	TRBJ2-1
CAWRISSEAFF	TRBV30	TRBJ1-1
CASSVLASGSHEQFF	TRBV9	TRBJ2-1
CASSVELAGGPQTQYF	TRBV9	TRBJ2-5
CSVDVDTGELFF	TRBV29-1	TRBJ2-2
CASSLDAVGFYGYTF	TRBV7-2	TRBJ1-2
CSVGGDSVTNYGYTF	TRBV29-1	TRBJ1-2
CASSSHDTGGYNSPLHF	TRBV6-4	TRBJ1-6
CASKEGNQPQHF	TRBV19	TRBJ1-5
CASSQNRGEFEKLFF	TRBV4-3	TRBJ1-4
CASSQGMNTEAFF	TRBV4-1	TRBJ1-1
CSAGPISDDNYGYTF	TRBV20-1	TRBJ1-2
CATSRRQGADEKLFF	TRBV15	TRBJ1-4
CAITGGNSPLHF	TRBV10-3	TRBJ1-6
CASKVVTESTDTQYF	TRBV4-1	TRBJ2-3
CASSSPRTSWETQYF	TRBV6-5	TRBJ2-5
CASSSLTNTEAFF	TRBV7-3	TRBJ1-1
CASSLDKATEQYF	TRBV27	TRBJ2-7
CAIGNSWRTNTGELFF	TRBV10-3	TRBJ2-2
CASSGLATDTDTQYF	TRBV12-3	TRBJ2-3
CALGQDSYEQYF	TRBV30	TRBJ2-7
CATSRTGGETQYF	TRBV15	TRBJ2-5
CASSSDFYEQYF	TRBV5-5	TRBJ2-7
CASSVGNDYTF	TRBV9	TRBJ1-2
CASSFIGGVDGYTF	TRBV12-4	TRBJ1-2
CASSQRIILGEVYGYTF	TRBV27	TRBJ1-2
CSVVKPNTGELFF	TRBV29-1	TRBJ2-2
CASSYAGPSEKLFF	TRBV6-5	TRBJ1-4
CSVQGAPGANVLTF	TRBV29-1	TRBJ2-6
CASRTRGRDQPQHF	TRBV6-5	TRBJ1-5
CASSPQVLSSYNEQFF	TRBV18	TRBJ2-1
CASSHGTGGYEQYF	TRBV7-8	TRBJ2-7
CASSVYRDSHETQYF	TRBV6-1	TRBJ2-5
CASSPGGGPGALHF	TRBV9	TRBJ1-6
CASSPPGPVVTDTQYF	TRBV27	TRBJ2-3
CSAWDRLNTEAFF	TRBV20-1	TRBJ1-1
CASSLGGGYGYTF	TRBV12-3	TRBJ1-2
CASGQGAGELFF	TRBV12-3	TRBJ2-2
CASSLSTSEQFF	TRBV7-8	TRBJ2-1
CASGTSVYNEQFF	TRBV13	TRBJ2-1
CASRVGPEAFF	TRBV6-1	TRBJ1-1
CASSPWSIWVAGSSYEQYF	TRBV7-3	TRBJ2-7
CASTAVGIGSNEQFF	TRBV12-4	TRBJ2-1
CASSLIGEGVDDEQYF	TRBV7-9	TRBJ2-7
CSAIEYSGPEGQIYEQYF	TRBV20-1	TRBJ2-7
CASSLLRDSPTDTQYF	TRBV6-2	TRBJ2-3
CASSLRAGLNTEAFF	TRBV7-2	TRBJ1-1
CASSLVGKGVDTQYF	TRBV5-6	TRBJ2-3
CASSKEKGSSQETQYF	TRBV19	TRBJ2-5
CASSFDRAIGGTEAFF	TRBV6-5	TRBJ1-1
CASSSRPTGPYEQYF	TRBV5-6	TRBJ2-7
CASYPGTENNSPLHF	TRBV27	TRBJ1-6
CASTEEGSPLHF	TRBV12-5	TRBJ1-6
CASSYAGGTDTQYF	TRBV6-6	TRBJ2-3
CASTGSGRELIGELFF	TRBV5-1	TRBJ2-2
CSVVLEGGVYGYTF	TRBV29-1	TRBJ1-2
CASRLGGASTDTQYF	TRBV9	TRBJ2-3
CASSLGHDLADTQYF	TRBV11-2	TRBJ2-3
CASSFWTGPTYEQYF	TRBV7-9	TRBJ2-7
CASGLVQLSNEQFF	TRBV12-5	TRBJ2-1
CASSRTTGLEQFF	TRBV25-1	TRBJ2-1
CASSRDRGEDTQYF	TRBV5-6	TRBJ2-3
CASSQDRDRELFF	TRBV4-1	TRBJ2-2
CASSLARTSGTLTYNEQFF	TRBV11-2	TRBJ2-1
CASSEGGQGYYGYTF	TRBV6-1	TRBJ1-2
CASSLSDSLYNEQFF	TRBV7-9	TRBJ2-1
CATEGPGTDSYEQYF	TRBV15	TRBJ2-7
CASTAVPYQETQYF	TRBV6-1	TRBJ2-5
CSARDRIGGRLTDTQYF	TRBV20-1	TRBJ2-3
CASSPGRGTFAGELFF	TRBV4-1	TRBJ2-2
CASSPSDNEQFF	TRBV27	TRBJ2-1
CASSQGTSNNEQFF	TRBV4-1	TRBJ2-1
CASSVGQDYSNQPQHF	TRBV6-5	TRBJ1-5
CASSQAEDTGELFF	TRBV3-1	TRBJ2-2
CASSVFGEDNEQFF	TRBV9	TRBJ2-1
CASIFARGEAFF	TRBV10-2	TRBJ1-1
CASTRQGAEAQHF	TRBV12-3	TRBJ1-5
CASSLDKNRGLTEAFF	TRBV11-1	TRBJ1-1
CASSVGNTIYF	TRBV9	TRBJ1-3
CASSLAGDPGEQFF	TRBV5-4	TRBJ2-1
CAGSLAGTYNEQFF	TRBV27	TRBJ2-1
CASSLEASGSGETQYF	TRBV5-1	TRBJ2-5
CASTGQGATDTQYF	TRBV4-1	TRBJ2-3
CASSQEGSSTGELFF	TRBV3-1	TRBJ2-2
CASKPSGGQETQYF	TRBV28	TRBJ2-5
CSVEGSSEQYF	TRBV29-1	TRBJ2-7
CASSQDHASGGALDTQYF	TRBV4-3	TRBJ2-3
CASSQPGVNIQYF	TRBV4-1	TRBJ2-4
CASSGTTGTGPYGYTF	TRBV5-5	TRBJ1-2
CSATSGGAPHNEQFF	TRBV20-1	TRBJ2-1
CASSLRGVDEQFF	TRBV7-9	TRBJ2-1
CASSVAYEQYF	TRBV6-3	TRBJ2-7
CASSGGGWNEQFF	TRBV19	TRBJ2-1
CASSQDPGPNSNQPQHF	TRBV4-3	TRBJ1-5
CASSLLTGPNYGYTF	TRBV4-1	TRBJ1-2
CASSDLGREQFF	TRBV2	TRBJ2-1
CSVEGPRLEFSYNEQFF	TRBV29-1	TRBJ2-1
CASMGQLSEAFF	TRBV7-9	TRBJ1-1
CASSVAGGRGNNEQFF	TRBV9	TRBJ2-1
CASSYSYRGKETQYF	TRBV6-5	TRBJ2-5
CASSSIDRDINEQFF	TRBV6-2	TRBJ2-1
CASSPGREGYNEQFF	TRBV12-3	TRBJ2-1
CASSQGTGGFYEQYF	TRBV13	TRBJ2-7
CSVNQILGQPNEKLFF	TRBV20-1	TRBJ1-4
CASSLAGGSDTQYF	TRBV7-8	TRBJ2-3
CASSEDREVSEQYF	TRBV6-1	TRBJ2-7
CASSLERLEAFF	TRBV7-9	TRBJ1-1
CASSLDGALVTDTQYF	TRBV11-2	TRBJ2-3
CASSLRPLTPGQGFYEQYF	TRBV7-7	TRBJ2-7
CAWTLAYFTDTQYF	TRBV30	TRBJ2-3
CASSPRYDRDEQYF	TRBV9	TRBJ2-7
CASSIVAILGTDTQYF	TRBV19	TRBJ2-3
CASSQDLGASLYNEQFF	TRBV3-1	TRBJ2-1
CASSPRLAGGKGSTDTQYF	TRBV11-3	TRBJ2-3
CSARVGPQETQYF	TRBV20-1	TRBJ2-5
CASSLGWSTEAFF	TRBV11-2	TRBJ1-1
CASREGLSNEQFF	TRBV7-9	TRBJ2-1
CASSLQGLGYTF	TRBV5-1	TRBJ1-2
CASSQDDRGSFTEAFF	TRBV4-1	TRBJ1-1
CASSPPGIYGYTF	TRBV9	TRBJ1-2
CASSDGQGPNEQYF	TRBV10-2	TRBJ2-7
CSAREPGTGWGNTEAFF	TRBV20-1	TRBJ1-1
CASSSDYYEQYF	TRBV7-9	TRBJ2-7
CASSPRSGPSYNEQFF	TRBV18	TRBJ2-1
CASSLGTAAYNEQFF	TRBV7-3	TRBJ2-1
CASSYTGVVETQYF	TRBV6-5	TRBJ2-5
CATSSTDDYKHYNEQFF	TRBV24-1	TRBJ2-1
CASSFRGGEAIHTDTQYF	TRBV12-4	TRBJ2-3
CASSPGGGKTYEQYF	TRBV9	TRBJ2-7
CSARGTGTGSEQYF	TRBV20-1	TRBJ2-7
CASSFFGGDEKLFF	TRBV27	TRBJ1-4
CASSQEYRGSDTQYF	TRBV3-1	TRBJ2-3
CASESGVELFF	TRBV6-3	TRBJ1-4
CASSPPGAPNYGYTF	TRBV18	TRBJ1-2
CASSRGADEQFF	TRBV19	TRBJ2-1
CASSDRGQPQHF	TRBV27	TRBJ1-5
CSARQGGLAKNIQYF	TRBV20-1	TRBJ2-4
CASYYQGGANTGELFF	TRBV4-2	TRBJ2-2
CAWSVGGAGNTIYF	TRBV30	TRBJ1-3
CASSRPSGMNTEAFF	TRBV9	TRBJ1-1
CASSQEARKGRVTEAFF	TRBV4-2	TRBJ1-1
CATSRVGVRGLDTEAFF	TRBV15	TRBJ1-1
CSARRTGSTYNEQFF	TRBV20-1	TRBJ2-1
CSAVALGRDSGNTIYF	TRBV20-1	TRBJ1-3
CASSQSGIKDTQYF	TRBV4-3	TRBJ2-3
CASSSGEKLFF	TRBV27	TRBJ1-4
CASSRMGARDGYTF	TRBV7-2	TRBJ1-2
CASSYRTSGSNIQYF	TRBV5-1	TRBJ2-4
CASSLTYRGLGYGYTF	TRBV27	TRBJ1-2
CASSYGRQETQYF	TRBV6-5	TRBJ2-5
CASSLGDRIYTF	TRBV11-2	TRBJ1-2
CASSYGGYNEQFF	TRBV6-5	TRBJ2-1
CASSQDFQLGGELFF	TRBV4-1	TRBJ2-2
CASSLYTSGGTGELFF	TRBV5-8	TRBJ2-2
CASSPPDSYEQYF	TRBV4-1	TRBJ2-7
CTSSEDHTGFYEQYF	TRBV7-2	TRBJ2-7
CASSLDGTGGSGYTF	TRBV27	TRBJ1-2
CASRGLPGTMENEQFF	TRBV7-9	TRBJ2-1
CASTRSGRTDTQYF	TRBV12-3	TRBJ2-3
CASSAVGTGDYEQYF	TRBV5-6	TRBJ2-7
CASSSRDKPQETQYF	TRBV6-5	TRBJ2-5
CASRDRVEEQYF	TRBV7-6	TRBJ2-7
CASSYSTANTEAFF	TRBV6-3	TRBJ1-1
CASSLGSSGATNTGELFF	TRBV7-8	TRBJ2-2
CASSARVWPGELFF	TRBV7-9	TRBJ2-2
CASSQTGGLNQPQHF	TRBV9	TRBJ1-5
CASSPGRRSYEQYF	TRBV28	TRBJ2-7
CASSSSGTGDEQYF	TRBV6-5	TRBJ2-7
CASSIRLAGPYNEQFF	TRBV7-8	TRBJ2-1
CASSPTSGGVYEQYF	TRBV7-2	TRBJ2-7
CASSQLGQGNTGELFF	TRBV4-1	TRBJ2-2
CASSLGGPGGGNTEAFF	TRBV5-5	TRBJ1-1
CSARPVQGINYGYTF	TRBV20-1	TRBJ1-2
CASSLPRGRVNSPLHF	TRBV27	TRBJ1-6
CARGSERNTIYF	TRBV2	TRBJ1-3
CSAPGQGGYEQYF	TRBV20-1	TRBJ2-7
CASSSAAGRINEKLFF	TRBV7-8	TRBJ1-4
CASSQDRVKGLYNSPLHF	TRBV3-1	TRBJ1-6
CSAGSGTRGETQYF	TRBV20-1	TRBJ2-5
CASSPATGGHQPQHF	TRBV6-5	TRBJ1-5
CASTPQLAGGSGSNEQFF	TRBV2	TRBJ2-1
CASSEDRGSPLHF	TRBV7-7	TRBJ1-6
CASSYLGRGEETQYF	TRBV11-2	TRBJ2-5
CASSLGGYTDTQYF	TRBV5-4	TRBJ2-3
CASSYLTGIGTEAFF	TRBV6-5	TRBJ1-1
CATSPNRAYEQYF	TRBV15	TRBJ2-7
CATSRELRDADGYTF	TRBV15	TRBJ1-2
CATSTRDRGRNEQFF	TRBV15	TRBJ2-1
CASSARGGGNNEQFF	TRBV4-1	TRBJ2-1
CASSFSGGAANEQFF	TRBV11-2	TRBJ2-1
CATSRGTSNQPQHF	TRBV15	TRBJ1-5
CSANSVSYNEQFF	TRBV20-1	TRBJ2-1
CASSLGKAGLSNTEAFF	TRBV11-3	TRBJ1-1
CASSDWGQGGYEQYF	TRBV2	TRBJ2-7
CASTTIWEGTLENTQYF	TRBV19	TRBJ2-3
CASSYGGITGELFF	TRBV5-4	TRBJ2-2
CASSSPRDRGRRTDTQYF	TRBV28	TRBJ2-3
CASSPRATVVDEQFF	TRBV9	TRBJ2-1
CASSLSPSTGYYSQETQYF	TRBV13	TRBJ2-5
CASSPQGYNSPLHF	TRBV27	TRBJ1-6
CASRKGAPGINEQFF	TRBV27	TRBJ2-1
CASSLGTGGLFGEQYF	TRBV5-6	TRBJ2-7
CASSLNRGQFF	TRBV7-9	TRBJ2-1
CASSLDGSSYNEQFF	TRBV19	TRBJ2-1
CASSPRLGTETQYF	TRBV7-9	TRBJ2-5
CASSGTGFGYTF	TRBV7-9	TRBJ1-2
CASSFQGADYGYTF	TRBV5-6	TRBJ1-2
CACPPEEGGHYGYTF	TRBV30	TRBJ1-2
CASRYGGPSDEQYF	TRBV7-8	TRBJ2-7
CASSSKTGGDQPQHF	TRBV12-3	TRBJ1-5
CAISKIWGLGSSPLHF	TRBV10-3	TRBJ1-6
CASSGGPRLAGNEQFF	TRBV7-9	TRBJ2-1
CASSLVLAGGEQYF	TRBV11-2	TRBJ2-7
CASSFRGVNTGELFF	TRBV19	TRBJ2-2
CASSSGQGGDTQYF	TRBV5-1	TRBJ2-3
CASSPLIGANVLTF	TRBV3-1	TRBJ2-6
CASSWGEQGLRGYTF	TRBV5-1	TRBJ1-2
CASSFSQNEQFF	TRBV7-3	TRBJ2-1
CASRLGGYTEAFF	TRBV12-4	TRBJ1-1
CASSKNRQGSSYNSPLHF	TRBV19	TRBJ1-6
CSVVVTEAFF	TRBV29-1	TRBJ1-1
CASSAWLPLNYEQYF	TRBV2	TRBJ2-7
CASSPQAFF	TRBV12-3	TRBJ1-1
CASSFLWANQGATNTGELFF	TRBV5-1	TRBJ2-2
CASSESGFDSETQYF	TRBV2	TRBJ2-5
CATSDYSGSVNEQYF	TRBV24-1	TRBJ2-7
CASSLQGHSTDTQYF	TRBV27	TRBJ2-3
CATRHLNTEAFF	TRBV19	TRBJ1-1
CASSIDQGGRVYEAFF	TRBV19	TRBJ1-1
CASSDSLGSPLHF	TRBV6-4	TRBJ1-6
CASSVGGGGAYEQYF	TRBV9	TRBJ2-7
CASSKTGSGSYEQYF	TRBV4-1	TRBJ2-7
CASRDAGGTEAFF	TRBV27	TRBJ1-1
CATSDLGEGEQFF	TRBV24-1	TRBJ2-1
CSADRDRGTDTQYF	TRBV20-1	TRBJ2-3
CASSFGEGVPYEQYF	TRBV5-1	TRBJ2-7
CASSIYGGGNTDTQYF	TRBV19	TRBJ2-3
CASTGLAGQETQYF	TRBV3-1	TRBJ2-5
CASSRLYGNTGELFF	TRBV6-5	TRBJ2-2
CASSPPLWQIYEQYF	TRBV7-9	TRBJ2-7
CASTRQGRTEAFF	TRBV6-1	TRBJ1-1
CASGVGSAYEQYF	TRBV27	TRBJ2-7
CASSTYRVRVSESNEQFF	TRBV6-1	TRBJ2-1
CASSQAHPTGKDGYTF	TRBV4-3	TRBJ1-2
CSVDWTGDSGNTIYF	TRBV29-1	TRBJ1-3
CASSSPPLDTQYF	TRBV7-9	TRBJ2-3
CSAPTSGFYNEQFF	TRBV20-1	TRBJ2-1
CASSPNLAGVKNIQYF	TRBV27	TRBJ2-4
CASSDIRGGGTHLDTQYF	TRBV2	TRBJ2-3
CASSQDPQVVGYTF	TRBV14	TRBJ1-2
CASSPPLGSAENQPQHF	TRBV12-4	TRBJ1-5
CSARPMTSGPYNEQFF	TRBV20-1	TRBJ2-1
CASSYSRDLENTGELFF	TRBV6-3	TRBJ2-2
CSGEGAGANVLTF	TRBV20-1	TRBJ2-6
CASSLVYSSSYNEQFF	TRBV7-2	TRBJ2-1
CSARGLAGGYEQFF	TRBV20-1	TRBJ2-1
CASSFGQPQHF	TRBV28	TRBJ1-5
CASSLAVGEDGSPLHF	TRBV7-6	TRBJ1-6
CSVEEGDYEQYF	TRBV29-1	TRBJ2-7
CASSFIRGRDSPLHF	TRBV28	TRBJ1-6
CATEQGMHEQYF	TRBV25-1	TRBJ2-7
CASSLLSTDTQYF	TRBV7-3	TRBJ2-3
CASSTGTTLYNEQFF	TRBV10-2	TRBJ2-1
CASSEEGEGTDTQYF	TRBV6-4	TRBJ2-3
CASSSSLEQFF	TRBV12-4	TRBJ2-1
CASSSGTSGSYEQYF	TRBV27	TRBJ2-7
CASSQYRGSYEQYF	TRBV4-1	TRBJ2-7
CATASLAEENIQYF	TRBV28	TRBJ2-4
CASSFGGGTGELFF	TRBV27	TRBJ2-2
CASSVASGRAHEQYF	TRBV9	TRBJ2-7
CAETGEVRTYEQYF	TRBV10-3	TRBJ2-7
CASGTAPYEQYF	TRBV6-6	TRBJ2-7
CASSDGGGGYYNEQFF	TRBV10-2	TRBJ2-1
CASNPGTGTDTQYF	TRBV10-1	TRBJ2-3
CASSLSNDFRGEQYF	TRBV27	TRBJ2-7
CASSLNPWGTDTQYF	TRBV5-6	TRBJ2-3
CASSLYLGVGETQYF	TRBV28	TRBJ2-5
CASSFGGENSPLHF	TRBV27	TRBJ1-6
CASSQAQLTTSSYEQYF	TRBV3-1	TRBJ2-7
CASSSGTTSSYNEQFF	TRBV12-3	TRBJ2-1
CASSLEGQGATTDTQYF	TRBV5-5	TRBJ2-3
CASSQQGGQPQHF	TRBV12-4	TRBJ1-5
CASTSPKTGVYNEQFF	TRBV27	TRBJ2-1
CASSRPERTNYGYTF	TRBV9	TRBJ1-2
CASSVRSSMNTEAFF	TRBV9	TRBJ1-1
CASSQDTGLGIYEQYF	TRBV4-3	TRBJ2-7
CASSLSRGHNTDTQYF	TRBV11-2	TRBJ2-3
CASSLAGYTGELFF	TRBV11-2	TRBJ2-2
CASSLSLDIDTQYF	TRBV27	TRBJ2-3
CASSPMGDNYNEQFF	TRBV6-6	TRBJ2-1
CASSFPGTGEETQYF	TRBV7-9	TRBJ2-5
CASNRDSLAYNEQFF	TRBV19	TRBJ2-1
CASKLGQGYGYTF	TRBV27	TRBJ1-2
CASSNAGTYTEAFF	TRBV12-4	TRBJ1-1
CACRPRALYGYTF	TRBV30	TRBJ1-2
CSARDIMNTGELFF	TRBV20-1	TRBJ2-2
CASSQAGGDTQYF	TRBV4-1	TRBJ2-3
CASSPGKLDSEETQYF	TRBV18	TRBJ2-5
CASSLESRGSGVTDTQYF	TRBV11-2	TRBJ2-3
CASSDLAGTPDTQYF	TRBV25-1	TRBJ2-3
CSAFRRGMNTEAFF	TRBV20-1	TRBJ1-1
CATKSGGASYNEQFF	TRBV2	TRBJ2-1
CASSLGGVLGETQYF	TRBV7-6	TRBJ2-5
CASSPGWTNGAANYGYTF	TRBV11-2	TRBJ1-2
CSATPRWGGYTF	TRBV20-1	TRBJ1-2
CASSRPGQENTEAFF	TRBV4-1	TRBJ1-1
CASKTGSYGYTF	TRBV27	TRBJ1-2
CASSIDAGSNYEQYF	TRBV19	TRBJ2-7
CATSEGQGASQPQHF	TRBV24-1	TRBJ1-5
CASSSMTGLAGGSYNEQFF	TRBV19	TRBJ2-1
CASSSRVDEQFF	TRBV7-2	TRBJ2-1
CSARVDSSYEQYF	TRBV20-1	TRBJ2-7
CASSESAGARETQYF	TRBV6-4	TRBJ2-5
CATSGGGPYNEQFF	TRBV24-1	TRBJ2-1
CASSFVRTVFYSTDTQYF	TRBV12-3	TRBJ2-3
CASSEPDGVFIAFF	TRBV6-1	TRBJ1-1
CASSESRPDVDVSGYTF	TRBV7-6	TRBJ1-2
CASSQARRGFEDTIYF	TRBV4-1	TRBJ1-3
CASSLRQGRLETQYF	TRBV13	TRBJ2-5
CASSILSNQPQHF	TRBV19	TRBJ1-5
CASSTGDRQVYYGYTF	TRBV5-1	TRBJ1-2
CASGSGTLNEQFF	TRBV7-3	TRBJ2-1
CASSIDSYYNEQFF	TRBV19	TRBJ2-1
CASSQEWDPRETQYF	TRBV14	TRBJ2-5
CASSMTSGRYNEQFF	TRBV27	TRBJ2-1
CATSGQGAPEQFF	TRBV24-1	TRBJ2-1
CASSVDSSHQPQHF	TRBV5-5	TRBJ1-5
CASRDIAGGPGTGELFF	TRBV6-1	TRBJ2-2
CASSLGTGSAEPQHF	TRBV7-8	TRBJ1-5
CASSRQESYGYTF	TRBV5-6	TRBJ1-2
CASSSRQSSTDTQYF	TRBV5-5	TRBJ2-3
CASSSNRGFQPQHF	TRBV7-9	TRBJ1-5
CASSLAGGAAEKLFF	TRBV5-4	TRBJ1-4
CASNRGAEPQHF	TRBV25-1	TRBJ1-5
CATRGPSEKLFF	TRBV24-1	TRBJ1-4
CASSYIPSYEQYF	TRBV6-5	TRBJ2-7
CASSETGGNQPQHF	TRBV7-3	TRBJ1-5
CASSQSDNDDYTQYF	TRBV12-4	TRBJ2-3
CASSPDFGSYNEQFF	TRBV18	TRBJ2-1
CASSLVVTEQFF	TRBV7-9	TRBJ2-1
CASSYNHRVHEQFF	TRBV6-3	TRBJ2-1
CASSLTSLGSGSTDTQYF	TRBV3-1	TRBJ2-3
CASSSGPSSYNEQFF	TRBV9	TRBJ2-1
CSARDVGEETQYF	TRBV20-1	TRBJ2-5
CAISAAGTSGGYTGELFF	TRBV10-3	TRBJ2-2
CASSQEFGGRGLEETQYF	TRBV4-3	TRBJ2-5
CASSSVGGVTNEQFF	TRBV13	TRBJ2-1
CSATNPSGSLDTEAFF	TRBV20-1	TRBJ1-1
CASSDPGNTQYF	TRBV6-1	TRBJ2-3
CASSSTGSPGELFF	TRBV7-9	TRBJ2-2
CASSRPINNSPLHF	TRBV7-9	TRBJ1-6
CASSSDRRQETQYF	TRBV7-9	TRBJ2-5
CASSLWPSGTNEQFF	TRBV7-8	TRBJ2-1
CASSDDRVRYGYTF	TRBV13	TRBJ1-2
CASSLEASGPYNEQFF	TRBV5-1	TRBJ2-1
CASSNGDFSNQPQHF	TRBV7-2	TRBJ1-5
CASRTRQGVLDTQYF	TRBV27	TRBJ2-3
CASSFRGDTQYF	TRBV5-1	TRBJ2-3
CASSYSIRTEAFF	TRBV6-2	TRBJ1-1
CASSEEGGRGADTQYF	TRBV6-1	TRBJ2-3
CASSPQGLAVYNEQFF	TRBV5-5	TRBJ2-1
CASSFEENSNQPQHF	TRBV6-2	TRBJ1-5
CASSQERNSPLHF	TRBV14	TRBJ1-6
CASSQDRVTWGGIAKNIQYF	TRBV4-2	TRBJ2-4
CASRGSGTSSVYEQYF	TRBV6-5	TRBJ2-7
CASSMPGLVFPGELFF	TRBV19	TRBJ2-2
CATSFTLSYEQYF	TRBV15	TRBJ2-7
CASSIQPNSNQPQHF	TRBV6-5	TRBJ1-5
CASSLKGTGELFF	TRBV13	TRBJ2-2
CASSQDVSNQPQHF	TRBV4-3	TRBJ1-5
CSARDPDRLYGYTF	TRBV20-1	TRBJ1-2
CSAFDREGVDGYTF	TRBV20-1	TRBJ1-2
CASSRGSYNSPLHF	TRBV6-3	TRBJ1-6
CAWGSGLGYGYTF	TRBV30	TRBJ1-2
CASSSACYGYTF	TRBV12-3	TRBJ1-2
CASSFVGSAYEQYF	TRBV28	TRBJ2-7
CASSLYGTGNLYEQYF	TRBV5-1	TRBJ2-7
CASSYEEEEYNEQFF	TRBV6-2	TRBJ2-1
CSARGDSRNEQFF	TRBV20-1	TRBJ2-1
CASSYGTEAFF	TRBV6-3	TRBJ1-1
CSASWLAGFNEQFF	TRBV20-1	TRBJ2-1
CASSEQGPTTYYEQYF	TRBV2	TRBJ2-7
CASSMDRDYNSPLHF	TRBV12-4	TRBJ1-6
CAISEGNSYEQYF	TRBV10-3	TRBJ2-7
CATSDFRGRDTGELFF	TRBV24-1	TRBJ2-2
CASRSSGGAYNEQFF	TRBV2	TRBJ2-1
CASSIDRGILNTEAFF	TRBV19	TRBJ1-1
CATSDTGTGMETQYF	TRBV24-1	TRBJ2-5
CASSLSLTGGTDTQYF	TRBV7-7	TRBJ2-3
CASSFYFTGAPYNEQFF	TRBV7-8	TRBJ2-1
CSAGDREPYEQYF	TRBV20-1	TRBJ2-7
CASSPSEVAFF	TRBV7-2	TRBJ1-1
CASSLEGFTDTQYF	TRBV12-3	TRBJ2-3
CASNQVTETGAYDYTF	TRBV6-5	TRBJ1-2
CAWRLNNEQFF	TRBV30	TRBJ2-1
CASSPITGTGSYGYTF	TRBV6-5	TRBJ1-2
CASSLAGQTHSGNTIYF	TRBV7-6	TRBJ1-3
CASSYEGGTEAFF	TRBV5-1	TRBJ1-1
CASRASMSSYNEQFF	TRBV6-3	TRBJ2-1
CASSEREWDEQFF	TRBV6-4	TRBJ2-1
CASSLDWASSYNSPLHF	TRBV11-2	TRBJ1-6
CASSLDTSVYNEQFF	TRBV19	TRBJ2-1
CASSQGGVLRGETQYF	TRBV3-1	TRBJ2-5
CSASEQPYLQTGYTF	TRBV20-1	TRBJ1-2
CASSQCPPSYEQYF	TRBV3-1	TRBJ2-7
CATSDGLNTGELFF	TRBV24-1	TRBJ2-2
CSVEEGSRAQYF	TRBV29-1	TRBJ2-5
CASSLARYGYTF	TRBV6-2	TRBJ1-2
CASSVGLAGVSYNEQFF	TRBV7-9	TRBJ2-1
CSARDLDSYGYTF	TRBV20-1	TRBJ1-2
CASSFGSYNSPLHF	TRBV12-4	TRBJ1-6
CSATARGGTSGGKSYEQYF	TRBV20-1	TRBJ2-7
CSARDIGVEQFF	TRBV20-1	TRBJ2-1
CASSDVLRGRDNEQFF	TRBV6-1	TRBJ2-1
CASSIGLAGYNEQFF	TRBV19	TRBJ2-1
CASSQDRRRAWNEQFF	TRBV4-1	TRBJ2-1
CSARTGGTDTQYF	TRBV20-1	TRBJ2-3
CASSRTLTGLDNEQFF	TRBV6-1	TRBJ2-1
CATSDRGQGFNQPQHF	TRBV24-1	TRBJ1-5
CASSLGVGRSSYNEQFF	TRBV7-8	TRBJ2-1
CSAPSGSSYEQYF	TRBV20-1	TRBJ2-7
CASSHGTGGNTEAFF	TRBV4-1	TRBJ1-1
CSVVGGSGYEQYF	TRBV29-1	TRBJ2-7
CASSLAGAPNEKLFF	TRBV7-9	TRBJ1-4
CASSYAPGQGNTGELFF	TRBV6-5	TRBJ2-2
CASSSGQGGTEAFF	TRBV27	TRBJ1-1
CASSPPANPNEKLFF	TRBV28	TRBJ1-4
CASSLGTWELFF	TRBV12-4	TRBJ2-2
CASSPGTGGYQPQHF	TRBV10-2	TRBJ1-5
CASTPGGGTDTQYF	TRBV27	TRBJ2-3
CATSDPQREVNTDTQYF	TRBV24-1	TRBJ2-3
CASSPQTGPNQETQYF	TRBV7-9	TRBJ2-5
CASSFSPTEAFF	TRBV5-6	TRBJ1-1
CASTSGLAAIYEQYF	TRBV3-1	TRBJ2-7
CATSDRVLAGGADTQYF	TRBV24-1	TRBJ2-3
CASSLGTDTQYF	TRBV7-9	TRBJ2-3
CASSDPGQGDSGELFF	TRBV5-4	TRBJ2-2
CASSQETHRAYEQYF	TRBV4-2	TRBJ2-7
CASSPQSGKYNEQFF	TRBV4-2	TRBJ2-1
CASSQYPTSGTSEHEQYF	TRBV4-1	TRBJ2-7
CASSPLTSRETQYF	TRBV18	TRBJ2-5
CASSLCCSPNTGELFF	TRBV7-9	TRBJ2-2
CSASSQGKAVNTEAFF	TRBV20-1	TRBJ1-1
CASSFEDMGGEQFF	TRBV11-3	TRBJ2-1
CASSSVDEAFF	TRBV19	TRBJ1-1
CAISESYEQYF	TRBV10-3	TRBJ2-7
CASSIGGAGEQFF	TRBV19	TRBJ2-1
CASSLGGTTEAFF	TRBV5-6	TRBJ1-1
CASSNDRELYEQYF	TRBV19	TRBJ2-7
CASSVLPGQGDETQYF	TRBV12-4	TRBJ2-5
CAISLSGLYNSPLHF	TRBV10-3	TRBJ1-6
CSVEGAGQGQLLYGYTF	TRBV29-1	TRBJ1-2
CASSANLTSGRFGTDTQYF	TRBV9	TRBJ2-3
CASSSTDNTGELFF	TRBV7-3	TRBJ2-2
CASSLGPWGVKNIQYF	TRBV7-8	TRBJ2-4
CASSPEAQGAGHNEQFF	TRBV7-6	TRBJ2-1
CASSGDIQYF	TRBV11-3	TRBJ2-4
CASSSGTGDYNEQFF	TRBV5-1	TRBJ2-1
CASSQAGEQYNEQFF	TRBV4-1	TRBJ2-1
CAISESRGSLSDTQYF	TRBV10-3	TRBJ2-3
CASSRGQGSTDTQYF	TRBV10-1	TRBJ2-3
CASSPVVDTQYF	TRBV12-4	TRBJ2-3
CASSGGSGGLWDEQFF	TRBV6-1	TRBJ2-1
CSGRGSGDNEQFF	TRBV20-1	TRBJ2-1
CASSKTGTEAFF	TRBV6-2	TRBJ1-1
CASSEGTDGYTF	TRBV4-1	TRBJ1-2
CASSTEDGNYGYTF	TRBV7-8	TRBJ1-2
CASSFGLADYEQYF	TRBV7-2	TRBJ2-7
CASSPAGYEQYF	TRBV27	TRBJ2-7
CASSLLGGGNEQFF	TRBV11-3	TRBJ2-1
CASTGWEMNTEAFF	TRBV19	TRBJ1-1
CASSLWVGGKVEAFF	TRBV27	TRBJ1-1
CASSSRMNTEAFF	TRBV4-1	TRBJ1-1
CASRRTSGNTDTQYF	TRBV7-3	TRBJ2-3
CASSVIKNYGYTF	TRBV2	TRBJ1-2
CASSLEGGNQPQHF	TRBV7-6	TRBJ1-5
CASSLGIGDRGLGYTF	TRBV7-9	TRBJ1-2
CSVGTGEDGEQYF	TRBV29-1	TRBJ2-7
CASSLSGAGANVLTF	TRBV7-9	TRBJ2-6
CASGGSPQHEQYF	TRBV5-1	TRBJ2-7
CASSETGKNTEAFF	TRBV10-1	TRBJ1-1
CASSLVQGLNTEAFF	TRBV7-9	TRBJ1-1
CASGDRGYNEQFF	TRBV10-2	TRBJ2-1
CASSPGTGSYEQYF	TRBV5-1	TRBJ2-7
CASSLASSAGELFF	TRBV7-6	TRBJ2-2
CASSFTGSDTGELFF	TRBV2	TRBJ2-2
CASSGGTGGQPQHF	TRBV9	TRBJ1-5
CATAITSTQYF	TRBV12-4	TRBJ2-3
CASSYGGPLADTQYF	TRBV6-5	TRBJ2-3
CASSLARWQFF	TRBV12-4	TRBJ2-1
CASSGGTGPYEQYF	TRBV2	TRBJ2-7
CSVGDRAYGYTF	TRBV29-1	TRBJ1-2
CASSGHYEQYF	TRBV14	TRBJ2-7
CASSTLGTEAFF	TRBV19	TRBJ1-1
CASSQGLAASYEQYF	TRBV3-1	TRBJ2-7
CASSPGDEQFF	TRBV25-1	TRBJ2-1
CASSAGTGTYEQYF	TRBV19	TRBJ2-7
CASSYTNADTQYF	TRBV6-3	TRBJ2-3
CASSLTGSGDSPLHF	TRBV5-4	TRBJ1-6
CASSQDPGSGNTIYF	TRBV4-2	TRBJ1-3
CASSVFGGYEQYF	TRBV2	TRBJ2-7
CASSEEPSGGAYEQYF	TRBV6-1	TRBJ2-7
CASSLGTSGIGNEQFF	TRBV13	TRBJ2-1
CASSQDLRSNQPQHF	TRBV4-3	TRBJ1-5
CASSPGQGYNEQFF	TRBV11-2	TRBJ2-1
CASRRTGGLNEQFF	TRBV27	TRBJ2-1
CASSKWGGGSTDTQYF	TRBV7-9	TRBJ2-3
CASSAGTGNEQYF	TRBV19	TRBJ2-7
CATSDYGTENQETQYF	TRBV24-1	TRBJ2-5
CASSLDRHRRQGSWETQYF	TRBV7-9	TRBJ2-5
CASSGQGALVSGANVLTF	TRBV13	TRBJ2-6
CSGTGTSGRASNEQFF	TRBV29-1	TRBJ2-1
CASSYSYEQYF	TRBV6-3	TRBJ2-7
CASSYSGTGDYGYTF	TRBV12-3	TRBJ1-2
CASSQVDRVTDTQYF	TRBV4-1	TRBJ2-3
CASSFRQGAFGDTQYF	TRBV7-3	TRBJ2-3
CASSLSSGQGNTEAFF	TRBV7-6	TRBJ1-1
CASSSGGWGEQYF	TRBV13	TRBJ2-7
CSVAGTVNEQFF	TRBV29-1	TRBJ2-1
CASSSGDSFFTGELFF	TRBV7-9	TRBJ2-2
CASSLAIGSDSYEQYF	TRBV7-9	TRBJ2-7
CASSIVSGDSYNSPLHF	TRBV19	TRBJ1-6
CASFSGTSYTGELFF	TRBV12-3	TRBJ2-2
CASSFYRGGNTIYF	TRBV28	TRBJ1-3
CASSRGRLATGEQYF	TRBV7-9	TRBJ2-7
CASSLGFYNEQFF	TRBV9	TRBJ2-1
CASSGGLVNTEAFF	TRBV4-1	TRBJ1-1
CATSRDRAYF	TRBV15	TRBJ2-3
CASSPTGGTGNEQFF	TRBV12-3	TRBJ2-1
CASSFSPSGPYEQYF	TRBV27	TRBJ2-7
CASSEVTGAVNSPLHF	TRBV2	TRBJ1-6
CASSIFGNTGELFF	TRBV19	TRBJ2-2
CASSQALGSGANVLTF	TRBV4-1	TRBJ2-6
CASSPGTGDAYGYTF	TRBV4-3	TRBJ1-2
CASSPEGTGSYEQYF	TRBV18	TRBJ2-7
CASSPQRMGDEQYF	TRBV7-6	TRBJ2-7
CASSQDSQHYGYTF	TRBV3-1	TRBJ1-2
CSAHTPAFGRTSSYNEQFF	TRBV20-1	TRBJ2-1
CASSLDTVGPTGGEETQYF	TRBV12-4	TRBJ2-5
CASSIDSGRTYNEQFF	TRBV19	TRBJ2-1
CASEQESSYNEQFF	TRBV12-5	TRBJ2-1
CASSLVYGTGNTPLHF	TRBV5-6	TRBJ1-6
CASSILTSGSGEQFF	TRBV19	TRBJ2-1
CASSLEAGRPTSGNTIYF	TRBV13	TRBJ1-3
CSARIGVGNTIYF	TRBV20-1	TRBJ1-3
CASRTQGVGNTIYF	TRBV6-5	TRBJ1-3
CASSLSESGSTEAFF	TRBV7-9	TRBJ1-1
CASTETSGGTKETQYF	TRBV4-2	TRBJ2-5
CASSLGGTGELFF	TRBV27	TRBJ2-2
CASGDGQGYSGELFF	TRBV12-5	TRBJ2-2
CASHRGYPNEQYF	TRBV6-1	TRBJ2-7
CASSASFYGSGMEEQFF	TRBV9	TRBJ2-1
CATSDNQGSLSTQYF	TRBV24-1	TRBJ2-5
CASSSVNGQFF	TRBV12-3	TRBJ2-1
CASSFYFTRAPYNEQFF	TRBV7-8	TRBJ2-1
CASGAGSGANVLTF	TRBV12-5	TRBJ2-6
CSAVGRSYNEQFF	TRBV20-1	TRBJ2-1
CASSADPSQGDGNYGYTF	TRBV9	TRBJ1-2
CASSVGQGPYEQYF	TRBV6-5	TRBJ2-7
CASSFGGSGRLYNEQFF	TRBV12-4	TRBJ2-1
CASSESLGNTGELFF	TRBV2	TRBJ2-2
CASSPPGQLSYEQYF	TRBV11-2	TRBJ2-7
CASSHGGQAGREETQYF	TRBV4-1	TRBJ2-5
CASSLSSHPGDTQYF	TRBV27	TRBJ2-3
CASSFSRGLGTEAFF	TRBV27	TRBJ1-1
CASSQDTSGLYNEQFF	TRBV3-1	TRBJ2-1
CSARDLAGNEQFF	TRBV20-1	TRBJ2-1
CASSQVGTGSINEQFF	TRBV4-3	TRBJ2-1
CASSDSQGSYNSPLHF	TRBV6-4	TRBJ1-6
CASRGTSNHEQFF	TRBV4-2	TRBJ2-1
CATSRVSWTDEQYF	TRBV15	TRBJ2-7
CATSRDRLAGSSYEQYF	TRBV15	TRBJ2-7
CASSFTEPGTEAFF	TRBV27	TRBJ1-1
CASSPRTGDTGELFF	TRBV3-1	TRBJ2-2
CASGQQETQYF	TRBV12-5	TRBJ2-5
CASSSAFDNYEQYF	TRBV5-4	TRBJ2-7
CSALPQGAVNEQFF	TRBV20-1	TRBJ2-1
CSVEGLYEQYF	TRBV29-1	TRBJ2-7
CASSPSWGNSNQPQHF	TRBV27	TRBJ1-5
CASSSRGGLAGDSTDTQYF	TRBV4-2	TRBJ2-3
CASSQDMEPQHF	TRBV3-1	TRBJ1-5
CASSSGTGGTEAFF	TRBV5-5	TRBJ1-1
CATIDWGGEDTQYF	TRBV6-1	TRBJ2-3
CATSRPLLVGGRYTQYF	TRBV15	TRBJ2-3
CATYRPGLEDEQYF	TRBV27	TRBJ2-7
CASSNRVDYEQYF	TRBV6-5	TRBJ2-7
CASSSGGGPQHF	TRBV27	TRBJ1-5
CASSTSRSGGIDTQYF	TRBV7-9	TRBJ2-3
CSGGQDYNEQFF	TRBV29-1	TRBJ2-1
CASSPYTDRDTATNEKLFF	TRBV18	TRBJ1-4
CAWSQGTSGGTDTQYF	TRBV30	TRBJ2-3
CASRRGWPGNEQYF	TRBV27	TRBJ2-7
CASSSRQGFTTGELFF	TRBV7-9	TRBJ2-2
CASSLFSADTQYF	TRBV27	TRBJ2-3
CASSPQGVGYNQPQHF	TRBV27	TRBJ1-5
CSVAGQPSGANVLTF	TRBV29-1	TRBJ2-6
CSAREESQSTYNEQFF	TRBV20-1	TRBJ2-1
CASSPEGERNNEQFF	TRBV5-4	TRBJ2-1
CASSIRDRAFGEQYF	TRBV11-1	TRBJ2-7
CSARDDYDLGGTEAFF	TRBV20-1	TRBJ1-1
CASSQDLSLAGYNEQFF	TRBV4-1	TRBJ2-1
CASRYWTTSYNEQFF	TRBV6-5	TRBJ2-1
CATSDPDREYKDNEQFF	TRBV24-1	TRBJ2-1
CASTGLIEAFF	TRBV2	TRBJ1-1
CASSLRVTNPQGKGTEAFF	TRBV7-8	TRBJ1-1
CASSDGGGTTGELFF	TRBV6-4	TRBJ2-2
CSARDFQGLAYNEQFF	TRBV20-1	TRBJ2-1
CASSQDFLQTFNQPQHF	TRBV4-1	TRBJ1-5
CASRGTLAGWPPETQYF	TRBV12-4	TRBJ2-5
CASSPRVGRGREELFF	TRBV11-3	TRBJ2-2
CASSSGTALNEQFF	TRBV7-9	TRBJ2-1
CASSRGGSGNTGELFF	TRBV4-2	TRBJ2-2
CASSYSGPYEQYF	TRBV10-1	TRBJ2-7
CAISGESHEQFF	TRBV10-3	TRBJ2-1
CSARLQGNEQYF	TRBV20-1	TRBJ2-7
CASSLGTAYEQYF	TRBV27	TRBJ2-7
CASSYSIPGQGKDTQYF	TRBV6-5	TRBJ2-3
CASSQGQGGEQYF	TRBV4-1	TRBJ2-7
CSAPDWNNEQFF	TRBV20-1	TRBJ2-1
CASSPVSGTGNYGYTF	TRBV6-5	TRBJ1-2
CASSRTGRTDTQYF	TRBV2	TRBJ2-3
CASSPGLATYEQYF	TRBV12-4	TRBJ2-7
CASTALWAGGDEQFF	TRBV4-2	TRBJ2-1
CASSFLQGNQPQHF	TRBV7-2	TRBJ1-5
CASSIDGGVAYEQYF	TRBV19	TRBJ2-7
CASSFVGGSYEQYF	TRBV11-1	TRBJ2-7
CAIQRGIGGYTF	TRBV19	TRBJ1-2
CASSLDHGGGNTEAFF	TRBV11-3	TRBJ1-1
CASSPQQATNEKLFF	TRBV4-1	TRBJ1-4
CASSLYDGGTSTDTQYF	TRBV5-5	TRBJ2-3
CASSDSWGSSYEQYF	TRBV6-1	TRBJ2-7
CASSSGWTEAFF	TRBV7-9	TRBJ1-1
CASSYPMDRSGELFF	TRBV11-2	TRBJ2-2
CASSLVGGTEAFF	TRBV7-8	TRBJ1-1
CASSLAPSGNYGYTF	TRBV27	TRBJ1-2
CATHERGNTEAFF	TRBV10-2	TRBJ1-1
CASSFKSSGNTIYF	TRBV27	TRBJ1-3
CASSFSSLNTGELFF	TRBV28	TRBJ2-2
CATARGGQETQYF	TRBV10-3	TRBJ2-5
CASSLASRGGALNEQFF	TRBV7-9	TRBJ2-1
CASSQVSAELYGYTF	TRBV3-1	TRBJ1-2
CASSVGSPDTQYF	TRBV9	TRBJ2-3
CASRSGPVNQPQHF	TRBV6-5	TRBJ1-5
CASSYSEGLADGYTF	TRBV6-6	TRBJ1-2
CASSRDLDYEQYF	TRBV5-4	TRBJ2-7
CASSPGQGSAPETQYF	TRBV4-1	TRBJ2-5
CSASRGSVELFF	TRBV20-1	TRBJ2-2
CASSLQAGANEQFF	TRBV7-3	TRBJ2-1
CSVRPGGSYNEQFF	TRBV29-1	TRBJ2-1
CASRDGTEAFF	TRBV12-3	TRBJ1-1
CSVGSLGGVGKNIQYF	TRBV29-1	TRBJ2-4
CASSLVTLTNTEAFF	TRBV7-2	TRBJ1-1
CASSYRVFGSGANVLTF	TRBV6-5	TRBJ2-6
CASSRDYYSNQPQHF	TRBV7-2	TRBJ1-5
CASSLASGGFETQYF	TRBV11-2	TRBJ2-5
CASRLLAGPSYEQYF	TRBV6-6	TRBJ2-7
CASRGSRGSYGYTF	TRBV9	TRBJ1-2
CASSFSGGAFQETQYF	TRBV27	TRBJ2-5
CASSAGTEAGNTIYF	TRBV5-1	TRBJ1-3
CASGGDRVVWTEAFF	TRBV2	TRBJ1-1
CASSPPGTSGGRNEQFF	TRBV11-2	TRBJ2-1
CASSLDASLNEQFF	TRBV5-4	TRBJ2-1
CSARGLEDRATTNEKLFF	TRBV20-1	TRBJ1-4
CASSLRGGMIHIQYF	TRBV27	TRBJ2-4
CASSPRTSGIHNEQFF	TRBV11-3	TRBJ2-1
CSGWGASTDTQYF	TRBV20-1	TRBJ2-3
CASSLVVVEDEQFF	TRBV5-1	TRBJ2-1
CSASFESRSYNEQFF	TRBV20-1	TRBJ2-1
CASSLSEDNYGYTF	TRBV7-9	TRBJ1-2
CASSLVIGGMSYEQYF	TRBV27	TRBJ2-7
CAWSVSEQFF	TRBV30	TRBJ2-1
CASSPRLGLWEQYF	TRBV7-2	TRBJ2-7
CASSRKFTGVMNTEAFF	TRBV3-1	TRBJ1-1
CASSYINTGELFF	TRBV6-3	TRBJ2-2
CASSLLAGGLGEQFF	TRBV7-9	TRBJ2-1
CASSPWTGLLSEQYF	TRBV5-6	TRBJ2-7
CATSSVRSGADTQYF	TRBV15	TRBJ2-3
CASGLVLKGQEIYGYTF	TRBV12-5	TRBJ1-2
CAAGAGLSYEQYF	TRBV27	TRBJ2-7
CASRGTGGLSYEQYF	TRBV27	TRBJ2-7
CASSLGGLWTEYDSGANVLTF	TRBV7-8	TRBJ2-6
CAWSVGSYEQYF	TRBV30	TRBJ2-7
CASSSVSGFHEQYF	TRBV28	TRBJ2-7
CASSEAGTNYYNEQFF	TRBV6-1	TRBJ2-1
CSVLRGTEAFF	TRBV29-1	TRBJ1-1
CASSPTSGETSTYNEQFF	TRBV28	TRBJ2-1
CASSLSGQGNTEAFF	TRBV27	TRBJ1-1
CASSQGGSDTQYF	TRBV4-2	TRBJ2-3
CASSQGTDTQYF	TRBV4-1	TRBJ2-3
CASRLQGAMGYEQYF	TRBV13	TRBJ2-7
CASSYELQTGVFDTQYF	TRBV6-5	TRBJ2-3
CASSLGGRAVDEQFF	TRBV6-6	TRBJ2-1
CASSRTGTGGGNEQFF	TRBV7-9	TRBJ2-1
CASSSNKLAGGPSGELFF	TRBV11-3	TRBJ2-2
CASSKGLTGNYEQYF	TRBV11-3	TRBJ2-7
CASSDTGVLNSPLHF	TRBV6-4	TRBJ1-6
CASSGWGQRNNEQFF	TRBV11-3	TRBJ2-1
CASKWTSGGPNTGELFF	TRBV10-1	TRBJ2-2
CASSPLRGVYYNEQFF	TRBV9	TRBJ2-1
CASSSLGTGGGDTQYF	TRBV6-6	TRBJ2-3
CASSDSIGGNEQFF	TRBV6-4	TRBJ2-1
CASSAALAKNIQYF	TRBV12-4	TRBJ2-4
CASSDGLNEQFF	TRBV6-4	TRBJ2-1
CASSEFIGSNEKLFF	TRBV6-1	TRBJ1-4
CAIGGQGSYEQYF	TRBV10-3	TRBJ2-7
CASSQGFGVSRLNTEAFF	TRBV14	TRBJ1-1
CASSLVSGGNGYTF	TRBV5-1	TRBJ1-2
CASTSGRSNEQFF	TRBV12-4	TRBJ2-1
CATSSVTGELFF	TRBV24-1	TRBJ2-2
CASSLRSLYNSPLHF	TRBV28	TRBJ1-6
CASSYQTGDTGELFF	TRBV6-5	TRBJ2-2
CASSLEGEGGTEYF	TRBV7-9	TRBJ2-7
CASSEALVPTWYTEAFF	TRBV2	TRBJ1-1
CASSYQTGTGVYGYTF	TRBV6-5	TRBJ1-2
CASSGERGVSEEQYF	TRBV9	TRBJ2-7
CASSSDDAFYGYTF	TRBV7-9	TRBJ1-2
CASSLSGTWGEKLFF	TRBV27	TRBJ1-4
CASGPTGTDNSPLHF	TRBV9	TRBJ1-6
CASSLGLAGVFRNEQFF	TRBV12-4	TRBJ2-1
CASRPPQGVNEQYF	TRBV28	TRBJ2-7
CASSPLAGEGTDTQYF	TRBV11-2	TRBJ2-3
CASSLAPGQGGFLVTGELFF	TRBV12-3	TRBJ2-2
CSVEESGLAGNTGELFF	TRBV29-1	TRBJ2-2
CASSFLWTGGYEQYF	TRBV5-4	TRBJ2-7
CASSFESGLGYGYTF	TRBV12-3	TRBJ1-2
CASSQTTRQSNTEAFF	TRBV4-2	TRBJ1-1
CASSLAGAGNEQFF	TRBV7-3	TRBJ2-1
CASSMFLDTDTQYF	TRBV19	TRBJ2-3
CAINPLGSSSKKGTQYF	TRBV10-3	TRBJ2-3
CSARDLGTGQTETQYF	TRBV20-1	TRBJ2-5
CASSARAAATNEKLFF	TRBV2	TRBJ1-4
CASSLSASSYNEQFF	TRBV27	TRBJ2-1
CATSETSRGSQHF	TRBV24-1	TRBJ1-5
CASSTGTGGIGGNTIYF	TRBV5-4	TRBJ1-3
CASSLDPDRVFREQYF	TRBV5-5	TRBJ2-7
CASSLFHEQYF	TRBV5-6	TRBJ2-7
CASSLAPPDTQYF	TRBV7-6	TRBJ2-3
CASTGTEVYNEQFF	TRBV5-6	TRBJ2-1
CASSVRQEPYNEQFF	TRBV7-8	TRBJ2-1
CASSEAGGPYNEQFF	TRBV9	TRBJ2-1
CAWSVGQGTDGELFF	TRBV30	TRBJ2-2
CASSLVIAGLQETQYF	TRBV7-8	TRBJ2-5
CASSFDGPAGAGETQYF	TRBV12-3	TRBJ2-5
CSVVDPPGVNEQFF	TRBV29-1	TRBJ2-1
CASTTRGGGTQETQYF	TRBV6-1	TRBJ2-5
CASRRFGTEAFF	TRBV28	TRBJ1-1
CASKWGTGQNNEKLFF	TRBV6-5	TRBJ1-4
CASSQEIRGSGNTIYF	TRBV4-1	TRBJ1-3
CASSGGSTDTQYF	TRBV9	TRBJ2-3
CASSQGIVSYEQYF	TRBV4-1	TRBJ2-7
CASSTGGSKNIQYF	TRBV2	TRBJ2-4
CAISTAGDQPQHF	TRBV10-3	TRBJ1-5
CASSAGTGDIQYF	TRBV12-4	TRBJ2-4
CASRRLASDTGELFF	TRBV19	TRBJ2-2
CASSLRRVEQFF	TRBV7-8	TRBJ2-1
CSTTGDERNIQYF	TRBV20-1	TRBJ2-4
CASSGTGGKNTEAFF	TRBV9	TRBJ1-1
CASSRPGQEPGELFF	TRBV7-9	TRBJ2-2
CSVVAGGADTQYF	TRBV29-1	TRBJ2-3
CASSLRGSHETQYF	TRBV7-6	TRBJ2-5
CASNPSLGFSYEQYF	TRBV6-2	TRBJ2-7
CASGDRGHSSPLHF	TRBV27	TRBJ1-6
CASSQDSGGGDEQFF	TRBV4-1	TRBJ2-1
CASSWGHHYEQYF	TRBV11-2	TRBJ2-7
CSASILGLAGYNEQFF	TRBV20-1	TRBJ2-1
CASSQEGPNQETQYF	TRBV4-2	TRBJ2-5
CASSPTGTSLSFF	TRBV18	TRBJ1-1
CASNFTSDIQYF	TRBV5-1	TRBJ2-4
CSARNREGWGEQYF	TRBV20-1	TRBJ2-7
CASCFMNTEAFF	TRBV12-3	TRBJ1-1
CSASPPGQTIYEQYF	TRBV20-1	TRBJ2-7
CASSIDRGGGLGNQPQHF	TRBV19	TRBJ1-5
CASKAAGFREQYF	TRBV5-1	TRBJ2-7
CATSDWLAGDADTQYF	TRBV24-1	TRBJ2-3
CASSNRTGVPTGELFF	TRBV7-9	TRBJ2-2
CASKLSFNYGYTF	TRBV5-1	TRBJ1-2
CASTSGHEQYF	TRBV6-5	TRBJ2-7
CSARAAGGQIYEQYF	TRBV20-1	TRBJ2-7
CASSPPLGAQQFF	TRBV7-9	TRBJ2-1
CASWRVGTDTQYF	TRBV19	TRBJ2-3
CSASRARYNEQFF	TRBV20-1	TRBJ2-1
CASVPTRSGTQETQYF	TRBV7-9	TRBJ2-5
CASDPGTDNQPQHF	TRBV19	TRBJ1-5
CASSLTTADEKLFF	TRBV5-1	TRBJ1-4
CASSFEGQLAYEQYF	TRBV12-3	TRBJ2-7
CASRSGQGNQPQHF	TRBV5-5	TRBJ1-5
CASSLQSGTGELVNTEAFF	TRBV11-3	TRBJ1-1
CSVDLRYTGELFF	TRBV29-1	TRBJ2-2
CASSPRASGNTIYF	TRBV13	TRBJ1-3
CASSPPNSPFELFF	TRBV5-1	TRBJ2-2
CATSPTANTEAFF	TRBV15	TRBJ1-1
CASASGGFDEQFF	TRBV6-5	TRBJ2-1
CATSGTGLNTEAFF	TRBV24-1	TRBJ1-1
CASSLGQGKVNTF	TRBV9	TRBJ1-2
CASSLDTPWGFNTDTQYF	TRBV11-2	TRBJ2-3
CASRWDSYNQPQHF	TRBV12-4	TRBJ1-5
CASSLDLWGRNTEAFF	TRBV11-2	TRBJ1-1
CATSRGDWTGGVTGELFF	TRBV15	TRBJ2-2
CAWSVPSYYGYTF	TRBV30	TRBJ1-2
CASSLWAGTVNTEAFF	TRBV11-1	TRBJ1-1
CASSQVQDTNTGELFF	TRBV3-1	TRBJ2-2
CASSSTALSYNEQFF	TRBV12-4	TRBJ2-1
CSFRIGGTEAFF	TRBV29-1	TRBJ1-1
CSASLASGRDEQFF	TRBV20-1	TRBJ2-1
CASSSRGSSGNTIYF	TRBV5-4	TRBJ1-3
CASSDRGGGPNYNEQFF	TRBV2	TRBJ2-1
CASSGLGQTYEQYF	TRBV9	TRBJ2-7
CASSEVGLAEDTQYF	TRBV10-1	TRBJ2-3
CASSLGQGADTQYF	TRBV5-1	TRBJ2-3
CASTFGTVYGYTF	TRBV19	TRBJ1-2
CASSLGYNEQFF	TRBV12-4	TRBJ2-1
CATSIDTSPLHF	TRBV15	TRBJ1-6
CASSFSSETQYF	TRBV28	TRBJ2-5
CASSLESRGRETQYF	TRBV11-2	TRBJ2-5
CASSGAKDYSGEKLFF	TRBV25-1	TRBJ1-4
CASSPQGKAFF	TRBV12-4	TRBJ1-1
CSARGFQPYEQYF	TRBV20-1	TRBJ2-7
CASSTPPNTEAFF	TRBV9	TRBJ1-1
CASSVGSNPSSYNSPLHF	TRBV9	TRBJ1-6
CASSFGGARTGELFF	TRBV5-8	TRBJ2-2
CASREETQYF	TRBV6-5	TRBJ2-5
CASSQASGRSHEQYF	TRBV4-1	TRBJ2-7
CATSPRTGGDEQYF	TRBV15	TRBJ2-7
CASKRQGTAFF	TRBV10-2	TRBJ1-1
CSARPRVFRALETQYF	TRBV20-1	TRBJ2-5
CASSPTGTGTEAFF	TRBV11-2	TRBJ1-1
CSALGQGNRIHANTGELFF	TRBV20-1	TRBJ2-2
CASSQVLVGRDSYNEQFF	TRBV4-3	TRBJ2-1
CASSQTGRGDNSPLHF	TRBV6-5	TRBJ1-6
CASSFAPRRLPQPQHF	TRBV7-8	TRBJ1-5
CASSLRGVSSYNEQFF	TRBV7-9	TRBJ2-1
CASSATSTGELFF	TRBV19	TRBJ2-2
CASSWGTNTEAFF	TRBV5-4	TRBJ1-1
CSVWTPRSQTYEQYF	TRBV29-1	TRBJ2-7
CASSLSGPNSPLHF	TRBV5-6	TRBJ1-6
CASSPSMSTEAFF	TRBV4-2	TRBJ1-1
CSAGRGTSSFYNEQFF	TRBV20-1	TRBJ2-1
CASRDEGLAEYEQYF	TRBV5-4	TRBJ2-7
CASSHGLAGEETQYF	TRBV4-1	TRBJ2-5
CASSHQTGELFF	TRBV4-2	TRBJ2-2
CASSKQGATEAFF	TRBV6-3	TRBJ1-1
CASSQGFLAGAPEQFF	TRBV4-3	TRBJ2-1
CASSHSGGEQYF	TRBV12-3	TRBJ2-7
CASSLIGVSGSNEQFF	TRBV7-9	TRBJ2-1
CASSLRLAEISGANVLTF	TRBV13	TRBJ2-6
CASSHTQGARTEAFF	TRBV27	TRBJ1-1
CASSQVSEQETQYF	TRBV3-1	TRBJ2-5
CASSLIVGADEQYF	TRBV7-8	TRBJ2-7
CASSPGDEQYF	TRBV25-1	TRBJ2-7
CASSEGTSVPLAELFF	TRBV5-1	TRBJ2-2
CASSTTGTGTQYF	TRBV6-5	TRBJ2-5
CASSMEASGSSYNEQFF	TRBV5-1	TRBJ2-1
CASSFGDRSLSYEQYF	TRBV5-8	TRBJ2-7
CASGLVMLAGAGELFF	TRBV12-5	TRBJ2-2
CASSVLVSDMNTEAFF	TRBV9	TRBJ1-1
CSARDRQSSYNEQFF	TRBV20-1	TRBJ2-1
CSARDFSGGTDTQYF	TRBV20-1	TRBJ2-3
CSARVHRYNYGYTF	TRBV20-1	TRBJ1-2
CASSLSAGGHFYEQYF	TRBV27	TRBJ2-7
CASSQWRSGGGAGKETQYF	TRBV4-1	TRBJ2-5
CASSELAGANEQFF	TRBV6-1	TRBJ2-1
CASSPTGGYADTQYF	TRBV5-4	TRBJ2-3
CSVTRQASTDTQYF	TRBV29-1	TRBJ2-3
CASSHGAAAGETEAFF	TRBV3-1	TRBJ1-1
CASSDGGGGSEAFF	TRBV9	TRBJ1-1
CAISTGARPGNTIYF	TRBV10-3	TRBJ1-3
CASSESWDRNSPLHF	TRBV10-2	TRBJ1-6
CASSAGTGFFSGELFF	TRBV9	TRBJ2-2
CASSPIFGGNTEAFF	TRBV5-6	TRBJ1-1
CASSLDVGRAASYEQYF	TRBV5-1	TRBJ2-7
CASSFREKYEQYF	TRBV7-9	TRBJ2-7
CASSDSGERGEQFF	TRBV19	TRBJ2-1
CASSLDNYGYTF	TRBV12-4	TRBJ1-2
CSADHGNYGYTF	TRBV29-1	TRBJ1-2
CASSLGWEYNEQFF	TRBV5-5	TRBJ2-1
CASSGVSTYNEQFF	TRBV9	TRBJ2-1
CASSDRSAKNIQYF	TRBV2	TRBJ2-4
CASGSTGSGTGELFF	TRBV27	TRBJ2-2
CASSLEIQGSGAFF	TRBV5-1	TRBJ1-1
CASPDSLGARDNTEAFF	TRBV2	TRBJ1-1
CASSLPAGDIQYF	TRBV7-9	TRBJ2-4
CASSMEGVPLHF	TRBV5-4	TRBJ1-6
CASSLLAGSDEQFF	TRBV19	TRBJ2-1
CASSYDRVNYGYTF	TRBV27	TRBJ1-2
CSARDINGGVTQYF	TRBV20-1	TRBJ2-3
CASSSTKTAYTTGELFF	TRBV6-3	TRBJ2-2
CASREGLGNNQPQHF	TRBV7-2	TRBJ1-5
CAWIITSTDTQYF	TRBV30	TRBJ2-3
CASSLASRVGTDTQYF	TRBV5-1	TRBJ2-3
CASSQDRQAGYNSPLHF	TRBV14	TRBJ1-6
CASSSSSQENTEAFF	TRBV12-4	TRBJ1-1
CASSGVGNEPYNEQFF	TRBV5-1	TRBJ2-1
CSVEWVHEQYF	TRBV29-1	TRBJ2-7
CSARDLTGRIYEQYF	TRBV20-1	TRBJ2-7
CASSPSPYNEQFF	TRBV7-2	TRBJ2-1
CSVEDAGGTYEQYF	TRBV29-1	TRBJ2-7
CASSSDGYEQYF	TRBV12-4	TRBJ2-7
CASSYFGANTEAFF	TRBV6-5	TRBJ1-1
CASTSDDTQYF	TRBV7-9	TRBJ2-3
CASSSRGFTYEQYF	TRBV6-2	TRBJ2-7
CASSHQTSSYNEQFF	TRBV4-1	TRBJ2-1
CASSPLNTGELFF	TRBV2	TRBJ2-2
CASSFGGYNEQFF	TRBV12-3	TRBJ2-1
CASSFFGWYQETQYF	TRBV5-1	TRBJ2-5
CASSLAGGGYEKLFF	TRBV12-4	TRBJ1-4
CASSQGGVGNTIYF	TRBV3-1	TRBJ1-3
CATSRVAGETQYF	TRBV15	TRBJ2-5
CASSLRAEYLETQYF	TRBV7-8	TRBJ2-5
CASSEGGGLPSYEQYF	TRBV6-1	TRBJ2-7
CSARDQRTSLYNEQFF	TRBV20-1	TRBJ2-1
CATSDSRLTSGRTDTQYF	TRBV24-1	TRBJ2-3
CASSVSGTGLETQYF	TRBV9	TRBJ2-5
CASTDSGDTQYF	TRBV27	TRBJ2-3
CASSLGTGVSGANVLTF	TRBV12-4	TRBJ2-6
CASSLNGNYGYTF	TRBV5-4	TRBJ1-2
CASSQVGGAKDTQYF	TRBV4-1	TRBJ2-3
CASSRGQGRETHEQYF	TRBV5-1	TRBJ2-7
CASSNRLAGITYNEQFF	TRBV6-3	TRBJ2-1
CASSPSQGLTEAFF	TRBV4-2	TRBJ1-1
CASSTGITPHEQYF	TRBV6-6	TRBJ2-7
CAWSWGSGGEQYF	TRBV30	TRBJ2-7
CSARSEGRYTF	TRBV20-1	TRBJ1-2
CASSVVAGPYNEQFF	TRBV19	TRBJ2-1
CASSVPRDRDYLETQYF	TRBV12-4	TRBJ2-5
CASGWGGAYNEQFF	TRBV19	TRBJ2-1
CASSQSGGQRDEQFF	TRBV7-3	TRBJ2-1
CASSLGTGNGYTF	TRBV7-8	TRBJ1-2
CSVTDSSYNEQFF	TRBV29-1	TRBJ2-1
CASSRGAGELFF	TRBV12-3	TRBJ2-2
CASTQGAGIGNTIYF	TRBV9	TRBJ1-3
CSARAYGDTSKHSNQPQHF	TRBV20-1	TRBJ1-5
CASSLPRGGSYF	TRBV28	TRBJ2-4
CASSQDGPGVGANYGYTF	TRBV4-3	TRBJ1-2
CASSHVRENTEAFF	TRBV4-1	TRBJ1-1
CAISESVRVVSDTQYF	TRBV10-3	TRBJ2-3
CAITGVGTGELFF	TRBV6-6	TRBJ2-2
CASSPVNGRDTEAFF	TRBV11-3	TRBJ1-1
CASSRRQEGNTIYF	TRBV19	TRBJ1-3
CASQFEEGGVDEQFF	TRBV25-1	TRBJ2-1
CASSTGPRGVNQPQHF	TRBV7-6	TRBJ1-5
CSARDSGLYQPQHF	TRBV20-1	TRBJ1-5
CASSQDRGWYNEQFF	TRBV7-9	TRBJ2-1
CASSFYNEQFF	TRBV7-8	TRBJ2-1
CASSSWGGQDNEKLFF	TRBV9	TRBJ1-4
CASSYLDGNTEAFF	TRBV6-5	TRBJ1-1
CASSPPQDNREETQYF	TRBV18	TRBJ2-5
CSAGEASGVFQETQYF	TRBV20-1	TRBJ2-5
CASSLGYGGGQPQHF	TRBV11-3	TRBJ1-5
CASSSRDGNNEQFF	TRBV7-8	TRBJ2-1
CASSFSPGATEAFF	TRBV7-2	TRBJ1-1
CASGGSDEKLFF	TRBV5-1	TRBJ1-4
CASLRDGELFF	TRBV6-6	TRBJ2-2
CASSIVGQGWSQHF	TRBV19	TRBJ1-5
CSAGTGGLLSYGYTF	TRBV20-1	TRBJ1-2
CASSLGGEGSGYTF	TRBV7-9	TRBJ1-2
CASSASGVGYEQYF	TRBV9	TRBJ2-7
CASGGADEQFF	TRBV27	TRBJ2-1
CASTPGGLTEAFF	TRBV25-1	TRBJ1-1
CASSQDRSGTSTETQYF	TRBV4-3	TRBJ2-5
CASSLVSGGFTDTQYF	TRBV7-9	TRBJ2-3
CASSTGTGYGYTF	TRBV19	TRBJ1-2
CASNGLGPHTDTQYF	TRBV25-1	TRBJ2-3
CASTTGDEQFF	TRBV25-1	TRBJ2-1
CASSQVFRGPPGELFF	TRBV3-1	TRBJ2-2
CASASTGLAGGRLNTGELFF	TRBV12-4	TRBJ2-2
CASRPDGRETQYF	TRBV12-3	TRBJ2-5
CASSLPWTGAKDNEQFF	TRBV27	TRBJ2-1
CASRHEAGEGPETQYF	TRBV5-1	TRBJ2-5
CASSIGQGPYEQYF	TRBV19	TRBJ2-7
CASSRPNEQYF	TRBV3-1	TRBJ2-7
CASSQGTGGDEQYF	TRBV4-2	TRBJ2-7
CASSLMGQLNTEAFF	TRBV7-8	TRBJ1-1
CASSLDSIASGNTIYF	TRBV5-1	TRBJ1-3
CASSYGTGGNEQFF	TRBV6-3	TRBJ2-1
CATSGDISSYNEQFF	TRBV15	TRBJ2-1
CASPGGGHYNEQFF	TRBV5-4	TRBJ2-1
CSARDLSIASGTSSTDTQYF	TRBV20-1	TRBJ2-3
CATSRTSASSYEQYF	TRBV15	TRBJ2-7
CASRQGFDFSGANVLTF	TRBV5-1	TRBJ2-6
CASSQLLAGYNEQFF	TRBV5-6	TRBJ2-1
CASSLDATHYGYTF	TRBV7-9	TRBJ1-2
CASSEDSFNQPQHF	TRBV7-2	TRBJ1-5
CASSPTTSGQPEAFF	TRBV5-1	TRBJ1-1
CSVETIWGAAEAFF	TRBV29-1	TRBJ1-1
CASSFRQAVSEQYF	TRBV5-4	TRBJ2-7
CASSQAGSTGELFF	TRBV4-3	TRBJ2-2
CANQEGTGGSEQYF	TRBV2	TRBJ2-7
CASSPTGRVVPLPNTEAFF	TRBV28	TRBJ1-1
CASSHGQGRGNTEAFF	TRBV4-3	TRBJ1-1
CASSPSGSYNEQFF	TRBV6-6	TRBJ2-1
CASSLLPVNYGYTF	TRBV27	TRBJ1-2
CSVEGREKLFF	TRBV29-1	TRBJ1-4
CASGPSAQETQYF	TRBV6-5	TRBJ2-5
CASGLTPPSRDRGTYEQYF	TRBV12-5	TRBJ2-7
CASRTSGVSGELFF	TRBV27	TRBJ2-2
CSAREWGQRGEQYF	TRBV20-1	TRBJ2-7
CASSHGGTGRIDNEQFF	TRBV4-3	TRBJ2-1
CASSPENRGAEAFF	TRBV4-1	TRBJ1-1
CASSQDAGPLGDEAFF	TRBV4-3	TRBJ1-1
CASSPRDRGMEPQHF	TRBV19	TRBJ1-5
CASRPPGREEDTQYF	TRBV2	TRBJ2-3
CASSFYEAPDTQYF	TRBV7-9	TRBJ2-3
CASSYSLPTSGEPSTDTQYF	TRBV6-3	TRBJ2-3
CASSFIAGNYNEQFF	TRBV7-2	TRBJ2-1
CASSLWLAGGYNEQFF	TRBV5-1	TRBJ2-1
CASRTSGQGNQPQHF	TRBV19	TRBJ1-5
CASTRDSYQPQHF	TRBV19	TRBJ1-5
CASSYGAGGDGYTF	TRBV11-1	TRBJ1-2
CAIRVPTTESGGNTIYF	TRBV10-3	TRBJ1-3
CASSLDQGAQIRNEQFF	TRBV7-9	TRBJ2-1
CSADGLNTEAFF	TRBV29-1	TRBJ1-1
CASSLGQGTSGGGINTGELFF	TRBV12-4	TRBJ2-2
CASSKLAGGLKNEQFF	TRBV4-1	TRBJ2-1
CASSFVEATSGSSAQYF	TRBV7-6	TRBJ2-3
CAWSEPQNLPSLYGYTF	TRBV30	TRBJ1-2
CASSEDRATSGNTIYF	TRBV5-1	TRBJ1-3
CASSSSLGPYGYTF	TRBV7-2	TRBJ1-2
CASSLGQAYGYTF	TRBV7-8	TRBJ1-2
CASSHNSEYTEAFF	TRBV18	TRBJ1-1
CASSLANQGYQPQHF	TRBV5-5	TRBJ1-5
CASSYPGGGALNTGELFF	TRBV6-5	TRBJ2-2
CASSLVNEQFF	TRBV12-3	TRBJ2-1
CSARDGSYRTSGLNEQFF	TRBV20-1	TRBJ2-1
CASSQDPRPDTQYF	TRBV4-1	TRBJ2-3
CASSQVSSYTEAFF	TRBV14	TRBJ1-1
CASSLGRVDEQYF	TRBV5-1	TRBJ2-7
CASSYGLNYGYTF	TRBV6-2	TRBJ1-2
CASSVGGENTEAFF	TRBV9	TRBJ1-1
CASSLEPGGRNTEAFF	TRBV7-9	TRBJ1-1
CASSFGHSEAFF	TRBV7-9	TRBJ1-1
CASKTGGALNTEAFF	TRBV19	TRBJ1-1
CASSPVQGAFYNSPLHF	TRBV6-5	TRBJ1-6
CSASPHATQYF	TRBV20-1	TRBJ2-3
CASSIGGTGGIPQHF	TRBV19	TRBJ1-5
CASSQPWTGGSSYNEQFF	TRBV11-2	TRBJ2-1
CASSIQREGGTDTQYF	TRBV7-9	TRBJ2-3
CASSQVVYNEQFF	TRBV3-1	TRBJ2-1
CASSLGLVTFF	TRBV11-2	TRBJ2-1
CASSLGIDIQYF	TRBV7-2	TRBJ2-4
CASSLLQGARTEAFF	TRBV7-9	TRBJ1-1
CASSFLAGGLSYEQYF	TRBV27	TRBJ2-7
CASSLGGYGYTF	TRBV9	TRBJ1-2
CASSFPDVFDGYTF	TRBV11-3	TRBJ1-2
CASSEGPARVDTQYF	TRBV6-1	TRBJ2-3
CASSFNELAGGSSTDTQYF	TRBV5-1	TRBJ2-3
CASSRLGDSYGYTF	TRBV6-6	TRBJ1-2
CSVGSGDHGEQFF	TRBV29-1	TRBJ2-1
CASSQVQLSGANVLTF	TRBV4-1	TRBJ2-6
CASSFGVMEVLGDEQFF	TRBV28	TRBJ2-1
CASSLGTANGYTF	TRBV7-8	TRBJ1-2
CASSQAGMAKQFF	TRBV3-1	TRBJ2-1
CASSQVNTGELFF	TRBV4-1	TRBJ2-2
CASSPGAVYEQYF	TRBV7-2	TRBJ2-7
CASSPGTGTIDTQYF	TRBV6-4	TRBJ2-3
CSAPEQGDYSPLHF	TRBV20-1	TRBJ1-6
CASSAWTGANNEQFF	TRBV5-1	TRBJ2-1
CASSLRGPGLYNEQFF	TRBV5-1	TRBJ2-1
CASSLGGPGLYNEQFF	TRBV12-4	TRBJ2-1
CASSLWGQGAAGELFF	TRBV5-1	TRBJ2-2
CASSEAPWNSGGAVGAQETQYF	TRBV6-1	TRBJ2-5
CASSEYYSTGELFF	TRBV6-1	TRBJ2-2
CASSLSGPGYGYTF	TRBV5-1	TRBJ1-2
CASSSPIRWFTGNTIYF	TRBV19	TRBJ1-3
CASSVGLAGGGEQFF	TRBV9	TRBJ2-1
CASSFSGQGLTNEKLFF	TRBV27	TRBJ1-4
CAWSWAAATSYEQYF	TRBV30	TRBJ2-7
CASSPEYLQTDTQYF	TRBV7-2	TRBJ2-3
CASSLDRLEQYF	TRBV7-8	TRBJ2-7
CASSGGQAAWGSVGSGELFF	TRBV19	TRBJ2-2
CASSPLGGSMNTEAFF	TRBV19	TRBJ1-1
CASSQDWQAKGAGYTF	TRBV4-3	TRBJ1-2
CASSWGQGGYEQYF	TRBV12-4	TRBJ2-7
CASSLMDTDTQYF	TRBV12-3	TRBJ2-3
CASSIVVGPYNEQFF	TRBV19	TRBJ2-1
CSVGVSGGYGYTF	TRBV29-1	TRBJ1-2
CASSPAYQETQYF	TRBV7-8	TRBJ2-5
CASSQWGTGQPQHF	TRBV3-1	TRBJ1-5
CATSRENGGGTDTQYF	TRBV15	TRBJ2-3
CASSGGTSGVDTQYF	TRBV9	TRBJ2-3
CASSFVESNEKLFF	TRBV12-3	TRBJ1-4
CAWSVIASGRFPDTQYF	TRBV30	TRBJ2-3
CATSDWSASGLDDNEQFF	TRBV24-1	TRBJ2-1
CASSPIQDTEAFF	TRBV7-9	TRBJ1-1
CASSLPGLAGGYNEQFF	TRBV27	TRBJ2-1
CASSVAGGGTGELFF	TRBV9	TRBJ2-2
CASSSPSYTGGKNIQYF	TRBV6-3	TRBJ2-4
CASSEGQGTMNGELFF	TRBV6-1	TRBJ2-2
CASSLDRSYEQYF	TRBV5-4	TRBJ2-7
CASSLLYQGGNEQYF	TRBV28	TRBJ2-7
CASSLFDNEQFF	TRBV7-9	TRBJ2-1
CASSRGDTHTDTQYF	TRBV28	TRBJ2-3
CASASPGASGGAGQNTGELFF	TRBV12-3	TRBJ2-2
CASSHPPRLAGGYQETQYF	TRBV4-1	TRBJ2-5
CATTRGEWSNEQFF	TRBV24-1	TRBJ2-1
CASSLSGVSSYNEQFF	TRBV11-3	TRBJ2-1
CASAPHGGPINTGELFF	TRBV12-4	TRBJ2-2
CASSEVTALTLHF	TRBV6-1	TRBJ1-6
CASSEIRKTKPSFF	TRBV2	TRBJ2-1
CASTFVYGVDSPLHF	TRBV11-2	TRBJ1-6
CASSQDVNPRASLGYEQYF	TRBV3-1	TRBJ2-7
CATSEGSWSREKLFF	TRBV15	TRBJ1-4
CASSPLGPPYEQYF	TRBV18	TRBJ2-7
CASSQVGWNQPQHF	TRBV4-1	TRBJ1-5
CASSDGDREIPEAFF	TRBV6-1	TRBJ1-1
CASSEDSNTEAFF	TRBV10-2	TRBJ1-1
CAWSVWRRESGANVLTF	TRBV30	TRBJ2-6
CASRPGGHEGEKLFF	TRBV27	TRBJ1-4
CASSSGTSGGSTDTQYF	TRBV9	TRBJ2-3
CASSPFNVGAGNTIYF	TRBV11-2	TRBJ1-3
CASSFRDRGNYEQYF	TRBV7-9	TRBJ2-7
CASSHLTEFNEKLFF	TRBV27	TRBJ1-4
CSARVAKGYNEQFF	TRBV20-1	TRBJ2-1
CASSPTGQQTQYF	TRBV12-3	TRBJ2-5
CASSSRGTENTGELFF	TRBV7-8	TRBJ2-2
CASSYQTIGGSETQYF	TRBV6-3	TRBJ2-5
CASTGLPGTQYF	TRBV27	TRBJ2-3
CASSSGTSGGPQTQYF	TRBV5-5	TRBJ2-5
CASSSPQSGNTEAFF	TRBV7-9	TRBJ1-1
CSAPDHRESADTQYF	TRBV20-1	TRBJ2-3
CASSLGISYEQYF	TRBV27	TRBJ2-7
CASRPKSPLHF	TRBV5-4	TRBJ1-6
CATRQGADSEQFF	TRBV24-1	TRBJ2-1
CASSSGQGGKLFF	TRBV9	TRBJ1-4
CASKPRLSSYNEQFF	TRBV11-3	TRBJ2-1
CASSEFGDRGLSYNSPLHF	TRBV25-1	TRBJ1-6
CASSPGLGYEKLFF	TRBV2	TRBJ1-4
CASSSQGWGRVYSEQFF	TRBV5-6	TRBJ2-1
CASSLEEGGAFF	TRBV12-3	TRBJ1-1
CASSMGGFNEKLFF	TRBV19	TRBJ1-4
CASSTGQGSNQPQHF	TRBV5-6	TRBJ1-5
CASVGGGGTEAFF	TRBV27	TRBJ1-1
CASSFQGQPQHF	TRBV7-3	TRBJ1-5
CASREGQGAGYEQYF	TRBV6-5	TRBJ2-7
CSARDQRGLAGGIGDTQYF	TRBV20-1	TRBJ2-3
CSARQIGASEAGDTIYF	TRBV20-1	TRBJ1-3
CATSRDPGGAYEQYF	TRBV15	TRBJ2-7
CASSVDRGKLQETQYF	TRBV9	TRBJ2-5
CASSLFSGLADEQFF	TRBV27	TRBJ2-1
CASSQDRPQLAGEKTQYF	TRBV4-1	TRBJ2-5
CASSQVGHYGYTF	TRBV14	TRBJ1-2
CSAEFPGAVYNEQFF	TRBV20-1	TRBJ2-1
CASSEAARATGELFF	TRBV6-1	TRBJ2-2
CASSQGGYQGRNSPLHF	TRBV4-2	TRBJ1-6
CASSTGQGKNQPQHF	TRBV7-9	TRBJ1-5
CASSFTGRSPLHF	TRBV5-8	TRBJ1-6
CATSGGNSGANVLTF	TRBV24-1	TRBJ2-6
CASSPSGVSYNEQFF	TRBV27	TRBJ2-1
CASSTRDSNTGELFF	TRBV27	TRBJ2-2
CASSLMWTPPGGELFF	TRBV5-6	TRBJ2-2
CASSQGTVYGYTF	TRBV4-2	TRBJ1-2
CASSYPNTGELFF	TRBV6-5	TRBJ2-2
CASSLGLGGGRPQHF	TRBV5-6	TRBJ1-5
CSVGWTESGELFF	TRBV20-1	TRBJ2-2
CASSYGTRSGYTF	TRBV6-5	TRBJ1-2
CATSRDRGGGTQETQYF	TRBV15	TRBJ2-5
CASSPQTGTIYGYTF	TRBV6-5	TRBJ1-2
CASRTGAANIYEQYF	TRBV27	TRBJ2-7
CASSAIGGTDTQYF	TRBV6-5	TRBJ2-3
CASSGRQTAVMSSYEQYF	TRBV6-1	TRBJ2-7
CATSLTTDTGELFF	TRBV24-1	TRBJ2-2
CASSIGIGGNYGYTF	TRBV19	TRBJ1-2
CASSPGTGRNGELFF	TRBV7-8	TRBJ2-2
CASGTNSYNEQFF	TRBV5-4	TRBJ2-1
CASRYRGPVGEQYF	TRBV27	TRBJ2-7
CASSVGPSTDTQYF	TRBV6-5	TRBJ2-3
CASSLSLPSGYTF	TRBV12-3	TRBJ1-2
CASSLARAGGFNTQYF	TRBV5-6	TRBJ2-3
CASSQIAGVGSVPGTDTQYF	TRBV4-2	TRBJ2-3
CASSSMGGGTDTQYF	TRBV14	TRBJ2-3
CASSYSPYQETQYF	TRBV6-5	TRBJ2-5
CSVDPGHTGEKLFF	TRBV29-1	TRBJ1-4
CATSDFSGSYNEQFF	TRBV24-1	TRBJ2-1
CASSEEVLQETQYF	TRBV7-9	TRBJ2-5
CASSFGTGSRNEQFF	TRBV12-3	TRBJ2-1
CASSYSILDTGELFF	TRBV6-3	TRBJ2-2
CASSLVGRSDNEQFF	TRBV7-8	TRBJ2-1
CAISIASYNEQFF	TRBV10-3	TRBJ2-1
CASSWIDTQYF	TRBV9	TRBJ2-3
CASSLGDPGTEAFF	TRBV28	TRBJ1-1
CASSQEETGLSEKLFF	TRBV3-1	TRBJ1-4
CASSLAGGPSYNEQFF	TRBV11-2	TRBJ2-1
CASSQDYPRLAGTDTQYF	TRBV4-2	TRBJ2-3
CASSYYGRTVNQPQHF	TRBV7-9	TRBJ1-5
CASSLEPGSAHEQYF	TRBV6-5	TRBJ2-7
CASSSSPGQWAYEQYF	TRBV27	TRBJ2-7
CASSPSGFTDTQYF	TRBV7-9	TRBJ2-3
CASSLRLGNTGELFF	TRBV27	TRBJ2-2
CASSLLAPPPHNEQFF	TRBV12-4	TRBJ2-1
CASSFQGWELFF	TRBV5-4	TRBJ2-2
CASSFVNQETQYF	TRBV7-9	TRBJ2-5
CSVDGQGNFNYGYTF	TRBV29-1	TRBJ1-2
CASSYELRTGVFDTQYF	TRBV6-5	TRBJ2-3
CASSLSSTRTDTQYF	TRBV7-2	TRBJ2-3
CSARERYEMGEQYF	TRBV20-1	TRBJ2-7
CASSLSGGGQSTDTQYF	TRBV11-2	TRBJ2-3
CAISLKTSGETQYF	TRBV10-3	TRBJ2-5
CASRSGTGGYEQYF	TRBV12-3	TRBJ2-7
CASSPGQIYNEQFF	TRBV27	TRBJ2-1
CASSLHGGGQPQHF	TRBV27	TRBJ1-5
CASSWGGLRTEAFF	TRBV19	TRBJ1-1
CASSSGTSGAYEQYF	TRBV27	TRBJ2-7
CASSLSGGYQPQHF	TRBV27	TRBJ1-5
CASSLGDYGPDTQYF	TRBV7-9	TRBJ2-3
CATHRGGVNTEAFF	TRBV19	TRBJ1-1
CASQGRAPEAFF	TRBV19	TRBJ1-1
CASRQGRKETQYF	TRBV7-6	TRBJ2-5
CASSLGVGDGQETQYF	TRBV11-2	TRBJ2-5
CSAPGQGYNYGYTF	TRBV20-1	TRBJ1-2
CASSQGLGRETQYF	TRBV13	TRBJ2-5
CASSELAGGPETQYF	TRBV6-1	TRBJ2-5
CASSQDRYSNQPQHF	TRBV4-3	TRBJ1-5
CASSPLSPGENSNQPQHF	TRBV18	TRBJ1-5
CASSLSWGQETQYF	TRBV27	TRBJ2-5
CASSLVATGLSYEQYF	TRBV7-8	TRBJ2-7
CATSGPEDTGELFF	TRBV24-1	TRBJ2-2
CSGDRSSDTQYF	TRBV29-1	TRBJ2-3
CATGGGLAGVHPYNEQFF	TRBV15	TRBJ2-1
CASSLAWGGNTEAFF	TRBV5-5	TRBJ1-1
CASSPSGGGVDEQYF	TRBV7-3	TRBJ2-7
CASSLVSGSSYNEQFF	TRBV11-2	TRBJ2-1
CASSLMTEGTQYF	TRBV5-4	TRBJ2-3
CASSYDRVKNIQYF	TRBV5-4	TRBJ2-4
CASSLIPDQNTEAFF	TRBV19	TRBJ1-1
CASSYSSFGAAGNTIYF	TRBV6-5	TRBJ1-3
CATSRTGGRYGYTF	TRBV15	TRBJ1-2
CASRQGGTDTQYF	TRBV19	TRBJ2-3
CASSLAGRNEQFF	TRBV7-7	TRBJ2-1
CASGDLGGYGYTF	TRBV10-2	TRBJ1-2
CASSQVIRTSTDTQYF	TRBV4-1	TRBJ2-3
CASSDGGGSYNEQFF	TRBV9	TRBJ2-1
CASSLELDEAFF	TRBV7-9	TRBJ1-1
CASSYGSGNEQFF	TRBV6-3	TRBJ2-1
CASRGLPNQETQYF	TRBV6-1	TRBJ2-5
CSARDPASRTDTQYF	TRBV20-1	TRBJ2-3
CASSPPRDRDPSSWFF	TRBV9	TRBJ2-1
CASSYSRTGGLNTEAFF	TRBV6-5	TRBJ1-1
CSGTGGDDYGYTF	TRBV29-1	TRBJ1-2
CASSQGGYGYTF	TRBV4-1	TRBJ1-2
CASSFMLNDRGAEAFF	TRBV5-1	TRBJ1-1
CASSLSLGGTQPQHF	TRBV4-3	TRBJ1-5
CSVVESYEQYF	TRBV29-1	TRBJ2-7
CASNFGQQNTEAFF	TRBV19	TRBJ1-1
CASSYFGSQSEQYF	TRBV6-5	TRBJ2-7
CASSHVIYEQYF	TRBV12-3	TRBJ2-7
CASSMATGLSGNTIYF	TRBV19	TRBJ1-3
CASSLGQGLAYEQYF	TRBV7-6	TRBJ2-7
CASSLVGGGMGWEQFF	TRBV7-8	TRBJ2-1
CASSYASNSPLHF	TRBV5-5	TRBJ1-6
CASSPETGGNTGELFF	TRBV16	TRBJ2-2
CSVEERVRGGEQYF	TRBV29-1	TRBJ2-7
CASSSLGGTSGGDEQFF	TRBV13	TRBJ2-1
CASSLPRFPYEQYF	TRBV11-2	TRBJ2-7
CSAGGNHYEQYF	TRBV20-1	TRBJ2-7
CASSARLDTQYF	TRBV9	TRBJ2-3
CASSQGKDTQYF	TRBV4-2	TRBJ2-3
CASSFTDRGRDEQYF	TRBV5-5	TRBJ2-7
CASSVGTSPYEQYF	TRBV9	TRBJ2-7
CAIASGTVRGNTIYF	TRBV10-3	TRBJ1-3
CASSQGTPRDEQYF	TRBV6-1	TRBJ2-7
CASSDELDRGRALAKNIQYF	TRBV2	TRBJ2-4
CASSLIENTEAFF	TRBV27	TRBJ1-1
CASSLIQESEQYF	TRBV7-3	TRBJ2-7
CASIGTSPRYEQYF	TRBV7-9	TRBJ2-7
CASSPRDRSSYEQYF	TRBV4-1	TRBJ2-7
CASGSGQGAWGYTF	TRBV9	TRBJ1-2
CASSFPGYSYEQYF	TRBV11-2	TRBJ2-7
CASSYLGGGDPFSTDTQYF	TRBV6-5	TRBJ2-3
CASSASDAYEQYF	TRBV6-6	TRBJ2-7
CASSANRDTEDTGELFF	TRBV9	TRBJ2-2
CASTTGSGEQYF	TRBV19	TRBJ2-7
CASSEGLAGKYQETQYF	TRBV2	TRBJ2-5
CAGSLSWGGFYNEQFF	TRBV27	TRBJ2-1
CASSLSGWTYEQYF	TRBV27	TRBJ2-7
CASSGGGNTEAFF	TRBV9	TRBJ1-1
CSVVGTNTEAFF	TRBV29-1	TRBJ1-1
CASSLGIMTASTNEKLFF	TRBV5-1	TRBJ1-4
CASGEGAANEKLFF	TRBV7-9	TRBJ1-4
CASSSLGGAGTGELFF	TRBV13	TRBJ2-2
CATSVVITEAFF	TRBV24-1	TRBJ1-1
CASSGGTGTSGRAVEQYF	TRBV2	TRBJ2-7
CASSQTKYTEAFF	TRBV4-1	TRBJ1-1
CSARSAPGTALGTPSTAGTDTQYF	TRBV20-1	TRBJ2-3
CASSGLGYRGARADTQYF	TRBV2	TRBJ2-3
CASSWGYEQYF	TRBV12-3	TRBJ2-7
CASSKGRDLNEQYF	TRBV19	TRBJ2-7
CASSTSDRGNTEAFF	TRBV19	TRBJ1-1
CASSYTAGELFF	TRBV7-9	TRBJ2-2
CASRLLGGRTLETQYF	TRBV12-3	TRBJ2-5
CASSPVATSYNEQFF	TRBV7-2	TRBJ2-1
CASSLDSSSFDEQFF	TRBV7-9	TRBJ2-1
CASSKDPPGTGGASGYTF	TRBV19	TRBJ1-2
CASSYYSSNYGYTF	TRBV6-5	TRBJ1-2
CASSIMHPDTQYF	TRBV19	TRBJ2-3
CASSLMGTSGFTGELFF	TRBV3-1	TRBJ2-2
CASSLTNEQFF	TRBV12-3	TRBJ2-1
CASSIDRGGNTEAFF	TRBV19	TRBJ1-1
CASSSIGQYNSPLHF	TRBV5-4	TRBJ1-6
CASSLGRGLGAAFF	TRBV11-2	TRBJ1-1
CASSNDRDSNQPQHF	TRBV4-1	TRBJ1-5
CASSLELGQGRYNEQFF	TRBV13	TRBJ2-1
CSAGQGPNTGELFF	TRBV20-1	TRBJ2-2
CASSARADSYNEQFF	TRBV2	TRBJ2-1
CATTTGDNSGANVLTF	TRBV24-1	TRBJ2-6
CSAKRPSSYNEQFF	TRBV20-1	TRBJ2-1
CASSLISGHHLMNTEAFF	TRBV3-1	TRBJ1-1
CASSYGLAGGPNGGEETQYF	TRBV6-5	TRBJ2-5
CASSSSYSHEKLFF	TRBV7-9	TRBJ1-4
CASSIALSSNQPQHF	TRBV19	TRBJ1-5
CASSEFGARTDTQYF	TRBV9	TRBJ2-3
CASSFFRNYGYTF	TRBV27	TRBJ1-2
CASSFNFYEQYF	TRBV25-1	TRBJ2-7
CASGLVEGDSKNIQYF	TRBV12-5	TRBJ2-4
CASSFTLSPETQYF	TRBV7-2	TRBJ2-5
CASTEGATESSYEQYF	TRBV13	TRBJ2-7
CASSYTPERALPNQPQHF	TRBV6-3	TRBJ1-5
CASWGLSYNEQFF	TRBV5-1	TRBJ2-1
CSVDPGTGDGEQYF	TRBV29-1	TRBJ2-7
CASSIAGSTDTQYF	TRBV12-4	TRBJ2-3
CASSASGGSYEQYF	TRBV9	TRBJ2-7
CASSLAGQNTEAFF	TRBV7-9	TRBJ1-1
CASSLSPWEQYF	TRBV12-4	TRBJ2-7
CATSAGVTEAFF	TRBV24-1	TRBJ1-1
CASSWVGRVLFF	TRBV19	TRBJ1-4
CASSPRGPYNEQFF	TRBV7-6	TRBJ2-1
CSAPPSSGRSYNEQFF	TRBV20-1	TRBJ2-1
CSVEERVWGGEQYF	TRBV29-1	TRBJ2-7
CASRPPRGGEKLFF	TRBV7-9	TRBJ1-4
CASANPVRIPDTDTQYF	TRBV7-2	TRBJ2-3
CASSQGPGPGGYTF	TRBV4-1	TRBJ1-2
CASSLTGEKLFF	TRBV5-6	TRBJ1-4
CASSGNDDEQYF	TRBV12-4	TRBJ2-7
CASSDGTSGVTDTQYF	TRBV5-8	TRBJ2-3
CAISELSGGEVYF	TRBV10-3	TRBJ2-3
CATSDHQTGPAETQYF	TRBV24-1	TRBJ2-5
CASSMGRNYGYTF	TRBV19	TRBJ1-2
CASSQTGGGEQYF	TRBV5-1	TRBJ2-7
CASRDRVSDSDTQYF	TRBV19	TRBJ2-3
CASSYLTGGWNEQFF	TRBV12-4	TRBJ2-1
CASSYQDGQPQHF	TRBV27	TRBJ1-5
CAISESRTGAYEQYF	TRBV10-3	TRBJ2-7
CASSPTGTGELFF	TRBV9	TRBJ2-2
CASSYGSPIQPQHF	TRBV6-3	TRBJ1-5
CSAERTGGGTNEKLFF	TRBV20-1	TRBJ1-4
CASSSRDSQNQPQHF	TRBV5-6	TRBJ1-5
CASSPTTGTESYEQYF	TRBV5-6	TRBJ2-7
CASSRRGSSYNEQFF	TRBV27	TRBJ2-1
CASSSGGTEAFF	TRBV5-6	TRBJ1-1
CASSLTSVYNEQFF	TRBV19	TRBJ2-1
CASNPMGQGILFF	TRBV9	TRBJ2-2
CSARDRGAGAQYF	TRBV20-1	TRBJ2-5
CASSEQYTEAFF	TRBV6-1	TRBJ1-1
CASSLPGSYEQYF	TRBV5-1	TRBJ2-7
CSVVLDSRYEQYF	TRBV29-1	TRBJ2-7
CASSQEYSGTWTEAFF	TRBV4-1	TRBJ1-1
CASSPQATSYNSPLHF	TRBV3-1	TRBJ1-6
CASSVAWNYNEQFF	TRBV9	TRBJ2-1
CASTWPGEFDEQYF	TRBV7-2	TRBJ2-7
CASSLLGDSYNEQFF	TRBV7-7	TRBJ2-1
CASPEGPYQAEQFF	TRBV6-1	TRBJ2-1
CASSQRTRGKVTQYF	TRBV14	TRBJ2-5
CASSYMQGKGYEQYF	TRBV6-6	TRBJ2-7
CASSFHADYNEQFF	TRBV12-3	TRBJ2-1
CASSRQGSWLETQYF	TRBV6-5	TRBJ2-5
CASSLWDTGEQYF	TRBV5-1	TRBJ2-7
CASSAHRGGQGNEQFF	TRBV9	TRBJ2-1
CASSESEGAGPTDHEQFF	TRBV10-2	TRBJ2-1
CASSIGVATEAFF	TRBV19	TRBJ1-1
CASSYGTGTYEQYF	TRBV11-2	TRBJ2-7
CASRNHVGQDYSYEQYF	TRBV5-4	TRBJ2-7
CASSLVPPGQGAFFTEAFF	TRBV7-2	TRBJ1-1
CASSWGTDTQYF	TRBV12-3	TRBJ2-3
CASSSTGGGNQPQHF	TRBV6-5	TRBJ1-5
CASSLYSRTLFYGYTF	TRBV27	TRBJ1-2
CASIPSRQGAGDTQYF	TRBV7-8	TRBJ2-3
CASHRGTGLRTEAFF	TRBV11-3	TRBJ1-1
CASSVGGGTEAFF	TRBV9	TRBJ1-1
CASSPHAGGEETQYF	TRBV6-5	TRBJ2-5
CATLISGNNYGYTF	TRBV6-5	TRBJ1-2
CSARDSYSGTYNEQFF	TRBV20-1	TRBJ2-1
CASRPSGGAETQYF	TRBV12-4	TRBJ2-5
CASSLSGTWGETQYF	TRBV27	TRBJ2-5
CASSRDGNQPQHF	TRBV19	TRBJ1-5
CASSFVAGGDEQFF	TRBV12-3	TRBJ2-1
CASSLAEYQETQYF	TRBV7-9	TRBJ2-5
CASSFGVSGGTDTQYF	TRBV12-3	TRBJ2-3
CASSGVGAYTDTQYF	TRBV2	TRBJ2-3
CASSPPLIWDAGELFF	TRBV14	TRBJ2-2
CASSNRDRPYEQYF	TRBV11-3	TRBJ2-7
CASSSGESGNTIYF	TRBV6-6	TRBJ1-3
CASSITLADGYTF	TRBV19	TRBJ1-2
CASSFAGSGYEQYF	TRBV11-2	TRBJ2-7
CASSSGTHNEKLFF	TRBV5-1	TRBJ1-4
CASSSTGGGEKDQPQHF	TRBV5-6	TRBJ1-5
CATSRRPGDSTNTGELFF	TRBV15	TRBJ2-2
CASRIKGAWNSPLHF	TRBV13	TRBJ1-6
CASSYLRGSYNEQFF	TRBV6-3	TRBJ2-1
CASSSGQGRFDEQFF	TRBV5-4	TRBJ2-1
CASSLGSFTDTQYF	TRBV19	TRBJ2-3
CASSLERKAGELFF	TRBV7-9	TRBJ2-2
CASSSKGMDDIQYF	TRBV27	TRBJ2-4
CATFSGNTGELFF	TRBV24-1	TRBJ2-2
CASSLGQGGVETQYF	TRBV7-3	TRBJ2-5
CASSTDRAAQPQHF	TRBV28	TRBJ1-5
CAISEPGMTSGVGEQFF	TRBV10-3	TRBJ2-1
CSARDPLTSGHYNEQFF	TRBV20-1	TRBJ2-1
CASSLLPYNALVSGTDTQYF	TRBV3-1	TRBJ2-3
CASSLGPPYGYTF	TRBV6-5	TRBJ1-2
CASSPGQGPYEQYF	TRBV5-6	TRBJ2-7
CASSLGTEWAAGELFF	TRBV27	TRBJ2-2
CASTLGGSYEQYF	TRBV12-3	TRBJ2-7
CASSLSGTMNTEAFF	TRBV27	TRBJ1-1
CASSWAGSQPQHF	TRBV27	TRBJ1-5
CASSRRGGMETQYF	TRBV7-2	TRBJ2-5
CASSWGDTQYF	TRBV5-4	TRBJ2-3
CATSRTSGRPSTDTQYF	TRBV15	TRBJ2-3
CSVERDMGPDTEAFF	TRBV29-1	TRBJ1-1
CATSGGRTDTQYF	TRBV24-1	TRBJ2-3
CASSVRPRTPENTEAFF	TRBV9	TRBJ1-1
CSARGSGLERSSYNEQFF	TRBV20-1	TRBJ2-1
CASSEVDRVAEKQYF	TRBV6-1	TRBJ2-7
CAWSEGTGLYEQYF	TRBV30	TRBJ2-7
CASSEGTSGFTGELFF	TRBV2	TRBJ2-2
CASSYGLAVTDTQYF	TRBV7-3	TRBJ2-3
CSVVGTGNTEAFF	TRBV29-1	TRBJ1-1
CASSYSQINNEQFF	TRBV6-3	TRBJ2-1
CASSQGQGTLPLHF	TRBV3-1	TRBJ1-6
CASNQVTGTGAYGYTF	TRBV3-1	TRBJ1-2
CSARDFNSGGSNYNEQFF	TRBV20-1	TRBJ2-1
CASSSGHYSNQPQHF	TRBV7-9	TRBJ1-5
CASSQGTVLNTEAFF	TRBV4-3	TRBJ1-1
CASSHATGRMNTEAFF	TRBV6-5	TRBJ1-1
CASSVGSGRDQPQHF	TRBV9	TRBJ1-5
CASSVGGTGVYEQYF	TRBV9	TRBJ2-7
CASQTGLTEAFF	TRBV25-1	TRBJ1-1
CASSPTQGGTKEKLFF	TRBV4-1	TRBJ1-4
CASSQGGGQETQYF	TRBV4-1	TRBJ2-5
CASSVGGPYTGELFF	TRBV9	TRBJ2-2
CASSLTGQREGTHNEQFF	TRBV12-4	TRBJ2-1
CASSFGSEAFF	TRBV7-9	TRBJ1-1
CASSSKSGTSLGYNEQFF	TRBV7-2	TRBJ2-1
CATRGLSNEKLFF	TRBV7-9	TRBJ1-4
CASSIRGARNEKLFF	TRBV7-9	TRBJ1-4
CASSPKTGASYGYTF	TRBV6-5	TRBJ1-2
CASREGLRGWEQYF	TRBV10-2	TRBJ2-7
CASSYPQGWEKRMGNEQFF	TRBV6-3	TRBJ2-1
CSVAGGGMDTQYF	TRBV29-1	TRBJ2-3
CASSLGGPGEPQHF	TRBV7-2	TRBJ1-5
CASSPRQSNQPQHF	TRBV28	TRBJ1-5
CASSQKRTGVNEKLFF	TRBV4-3	TRBJ1-4
CSVEDRGGGETQYF	TRBV29-1	TRBJ2-5
CASSELLAGMNTGELFF	TRBV25-1	TRBJ2-2
CASSESGSGGIYEQYF	TRBV10-1	TRBJ2-7
CASSERGSYNEQFF	TRBV6-4	TRBJ2-1
CASSFLGHGRVGELFF	TRBV28	TRBJ2-2
CASSSGSGSPEMGDEQFF	TRBV7-8	TRBJ2-1
CASKDPSGDPFYNEQFF	TRBV5-1	TRBJ2-1
CASSQDDLGSTPIYTGELFF	TRBV4-1	TRBJ2-2
CASSPKALQLNSNQPQHF	TRBV6-3	TRBJ1-5
CASSMGQPKETQYF	TRBV12-3	TRBJ2-5
CASSYSTEGLRGAQYF	TRBV6-3	TRBJ2-3
CASSYGSGELFF	TRBV12-4	TRBJ2-2
CASSLDESLAGGNEQFF	TRBV11-2	TRBJ2-1
CASSAGTSEGTQYF	TRBV9	TRBJ2-5
CATSRDLGPGELFF	TRBV15	TRBJ2-2
CASSEMTGVDEQFF	TRBV2	TRBJ2-1
CASSLGDNTEAFF	TRBV7-9	TRBJ1-1
CASSLATGVNEQYF	TRBV27	TRBJ2-7
CASSKQGALTEAFF	TRBV6-5	TRBJ1-1
CSARDLWGGPGNEQFF	TRBV20-1	TRBJ2-1
CASSYHHRGDGYTF	TRBV6-5	TRBJ1-2
CASSLIGEGTGWHQYF	TRBV7-9	TRBJ2-7
CSVRTGGLGANVLTF	TRBV29-1	TRBJ2-6
CASSFRDPYYNEQFF	TRBV12-3	TRBJ2-1
CASSLGSLAGLNEQFF	TRBV7-2	TRBJ2-1
CASSLEPKAPYEQYF	TRBV5-4	TRBJ2-7
CASREPVGRNEQFF	TRBV6-5	TRBJ2-1
CASKNLADSTDTQYF	TRBV6-1	TRBJ2-3
CASSRHLQSNFNYGYTF	TRBV6-5	TRBJ1-2
CSARTQGDTGELFF	TRBV20-1	TRBJ2-2
CSANPSGAYEQYF	TRBV20-1	TRBJ2-7
CASSTGLYEQYF	TRBV11-2	TRBJ2-7
CASSWGVNPEAFF	TRBV7-9	TRBJ1-1
CASSYSILAGDNEQFF	TRBV6-5	TRBJ2-1
CASSLRRLTRFAGGSTDTQYF	TRBV3-1	TRBJ2-3
CASSQNAGDNTEAFF	TRBV4-3	TRBJ1-1
CSSSLAPGATNEKLFF	TRBV20-1	TRBJ1-4
CASRGSDNYYEQYF	TRBV5-1	TRBJ2-7
CASSHESSGGYTF	TRBV4-2	TRBJ1-2
CSAPPPTRTALHEQYF	TRBV20-1	TRBJ2-7
CATSDVGSWGRDEQFF	TRBV24-1	TRBJ2-1
CASSPAGQGDYQPQHF	TRBV19	TRBJ1-5
CASSEVEGHGYTF	TRBV6-1	TRBJ1-2
CATRISSYNEQFF	TRBV15	TRBJ2-1
CASRGQGTTEAFF	TRBV27	TRBJ1-1
CASSYGLSYEQYF	TRBV11-2	TRBJ2-7
CASSFLGAGELFF	TRBV28	TRBJ2-2
CASSPYGTSYTDTQYF	TRBV5-1	TRBJ2-3
CASSYQGDTQYF	TRBV6-6	TRBJ2-3
CSGWEGLYGYTF	TRBV29-1	TRBJ1-2
CASSPWRENYNEQFF	TRBV11-2	TRBJ2-1
CASSPTGLVDEQFF	TRBV7-6	TRBJ2-1
CASSPGGYEQYF	TRBV10-1	TRBJ2-7
CASSQEGEGFQPQHF	TRBV4-2	TRBJ1-5
CASSIGTVYQPQHF	TRBV19	TRBJ1-5
CASSWTTGTGGFYNEQFF	TRBV7-6	TRBJ2-1
CASSLGLAGSYNEQFF	TRBV5-4	TRBJ2-1
CASSLALIPYGYTF	TRBV11-2	TRBJ1-2
CASSLLAGTHEQYF	TRBV11-1	TRBJ2-7
CASSYLDGAGPEAFF	TRBV7-9	TRBJ1-1
CASSLGVAGTNTGELFF	TRBV11-2	TRBJ2-2
CASSWGTSGGRSTDTQYF	TRBV5-1	TRBJ2-3
CASSLLSTGAAGELFF	TRBV7-2	TRBJ2-2
CASSQDEVREQFF	TRBV4-3	TRBJ2-1
CAWNKGIAGYTF	TRBV30	TRBJ1-2
CASSSTGGGGTEAFF	TRBV7-2	TRBJ1-1
CASSLGLAGGNSYNEQFF	TRBV7-8	TRBJ2-1
CASSQQSHLAGVWHTQYF	TRBV7-3	TRBJ2-3
CASSRGQGADTQYF	TRBV5-1	TRBJ2-3
CASLGGGPYNEQFF	TRBV13	TRBJ2-1
CASSLLGGQETQYF	TRBV12-3	TRBJ2-5
CASSSETAVSGELFF	TRBV7-3	TRBJ2-2
CASSFRAQYF	TRBV27	TRBJ2-5
CASSFGRSNEQFF	TRBV7-8	TRBJ2-1
CASSLISPYEQYF	TRBV5-6	TRBJ2-7
CSVGGGGVDSYNEQFF	TRBV29-1	TRBJ2-1
CASSSPLDRAGSAFF	TRBV7-6	TRBJ1-1
CASSLLWEGPDEQFF	TRBV5-1	TRBJ2-1
CASRGRTTNYGYTF	TRBV3-1	TRBJ1-2
CASPPEEGLLAEAFF	TRBV14	TRBJ1-1
CATSFTGTHYNEQFF	TRBV15	TRBJ2-1
CASSLLMATNEKLFF	TRBV28	TRBJ1-4
CSARDIAGGTYNEQFF	TRBV20-1	TRBJ2-1
CASSVDTSGGAGTDTQYF	TRBV9	TRBJ2-3
CASSPLTSGGAEETQYF	TRBV3-1	TRBJ2-5
CASSLELGLAEAFF	TRBV11-3	TRBJ1-1
CSVDEGLAGGEQFF	TRBV29-1	TRBJ2-1
CASSLGVRVIQETQYF	TRBV7-9	TRBJ2-5
CASSQTEFATNEKLFF	TRBV27	TRBJ1-4
CASSQDQSDAILAKNIQYF	TRBV4-1	TRBJ2-4
CASSLSLSTGSTGELFF	TRBV11-2	TRBJ2-2
CATSDGRSGFLNTGELFF	TRBV24-1	TRBJ2-2
CASSMDRGSADTQYF	TRBV19	TRBJ2-3
CASSPMGTGDGEQFF	TRBV7-6	TRBJ2-1
CSGYTGTEAFF	TRBV29-1	TRBJ1-1
CSARGPGRGEQYF	TRBV20-1	TRBJ2-7
CASSTHEGGVGYTF	TRBV27	TRBJ1-2
CASSDSGEGANVLTF	TRBV6-4	TRBJ2-6
CASTVGTGEAFF	TRBV12-3	TRBJ1-1
CASSLQGGLNQPQHF	TRBV13	TRBJ1-5
CASSFVGGGEQFF	TRBV7-9	TRBJ2-1
CASSPPDRANTGELFF	TRBV12-3	TRBJ2-2
CSARESPPPIEETQYF	TRBV20-1	TRBJ2-5
CSARPTSSNEQFF	TRBV20-1	TRBJ2-1
CASSLAGTDIYEQYF	TRBV5-1	TRBJ2-7
CASSLDSSYEQYF	TRBV19	TRBJ2-7
CASSLDGAFTEAFF	TRBV13	TRBJ1-1
CASSLSIGGAYGYTF	TRBV27	TRBJ1-2
CASSLGTFSYNEQFF	TRBV7-9	TRBJ2-1
CASSVSSDTDTQYF	TRBV9	TRBJ2-3
CSARLADNEQFF	TRBV20-1	TRBJ2-1
CSVWRDNYNEQFF	TRBV29-1	TRBJ2-1
CASSGTGGADEQYF	TRBV7-6	TRBJ2-7
CASSPPGLSQSYGYTF	TRBV18	TRBJ1-2
CASSLAIGQGNYEQYF	TRBV7-9	TRBJ2-7
CASRAGVNTEAFF	TRBV6-6	TRBJ1-1
CASSEGGGGNTIYF	TRBV27	TRBJ1-3
CASSKVRRGRADEQFF	TRBV19	TRBJ2-1
CASSPILGQESSYEQYF	TRBV7-9	TRBJ2-7
CASSQEEQGTGELFF	TRBV3-1	TRBJ2-2
CASSQDPSRTYEQYF	TRBV7-9	TRBJ2-7
CASSIGLLTDTQYF	TRBV27	TRBJ2-3
CASSIDLGVAYEQYF	TRBV19	TRBJ2-7
CASSPGTGGFTDTQYF	TRBV6-5	TRBJ2-3
CASTTPADGLSGTSGSSYEQYF	TRBV6-6	TRBJ2-7
CAWSGWNRDLAGANVLTF	TRBV30	TRBJ2-6
CASSLDRGTGGYTF	TRBV5-1	TRBJ1-2
CASSLDTSGSPYEQYF	TRBV11-2	TRBJ2-7
CASSSGGTYGYTF	TRBV9	TRBJ1-2
CSARASTSGDSNEQFF	TRBV20-1	TRBJ2-1
CATSDRGTGGSYEQYF	TRBV24-1	TRBJ2-7
CASSDPETYEQYF	TRBV6-1	TRBJ2-7
CASSLQGTGELFF	TRBV7-8	TRBJ2-2
CASSLRQGVPNEKLFF	TRBV7-9	TRBJ1-4
CASSPTGGNTEAFF	TRBV9	TRBJ1-1
CATSRIPGGVTDTQYF	TRBV15	TRBJ2-3
CASSDDRSYNSPLHF	TRBV6-4	TRBJ1-6
CASSLVLGNEQFF	TRBV7-6	TRBJ2-1
CASSIPNENEQFF	TRBV19	TRBJ2-1
CASRTQGQGNEQYF	TRBV27	TRBJ2-7
CASRPSDRATEAFF	TRBV4-1	TRBJ1-1
CASSSGQGNSPLHF	TRBV27	TRBJ1-6
CSADSGELSYEQYF	TRBV20-1	TRBJ2-7
CASSQWLRGLTDTQYF	TRBV3-1	TRBJ2-3
CASSYSTGAGETQYF	TRBV6-5	TRBJ2-5
CASSYSVAPEQFF	TRBV12-3	TRBJ2-1
CASSCGTDPYNEQFF	TRBV18	TRBJ2-1
CSAPPAGGRQGYTF	TRBV20-1	TRBJ1-2
CASSTTGQGGDKTQYF	TRBV27	TRBJ2-5
CASSFGTGGYEQYF	TRBV11-2	TRBJ2-7
CASSRNWVDTEAFF	TRBV5-6	TRBJ1-1
CSVTPSGEQTQYF	TRBV29-1	TRBJ2-5
CASSPLGYGYTF	TRBV7-7	TRBJ1-2
CASSESPNTEAFF	TRBV10-1	TRBJ1-1
CAISGGRAGEYAYEQYF	TRBV10-3	TRBJ2-7
CASSPTGDQPQHF	TRBV12-3	TRBJ1-5
CASSPRDRANTEAFF	TRBV14	TRBJ1-1
CASSLRDRAPNEQFF	TRBV7-9	TRBJ2-1
CASMRTGNTEAFF	TRBV19	TRBJ1-1
CASSLGTGVKETQYF	TRBV5-1	TRBJ2-5
CASSLASTPNEKLFF	TRBV28	TRBJ1-4
CASSLEVLEEREGDGELFF	TRBV12-4	TRBJ2-2
CASSLEGGKAFF	TRBV5-5	TRBJ1-1
CASSSPGESSYNEQFF	TRBV7-9	TRBJ2-1
CASSLYKGSGSPYEQYF	TRBV5-1	TRBJ2-7
CASRSTGGYGYTF	TRBV14	TRBJ1-2
CASSITSGPYNEQFF	TRBV19	TRBJ2-1
CASSEGRGIGTEAFF	TRBV2	TRBJ1-1
CASSPTLGQMNTEAFF	TRBV3-1	TRBJ1-1
CASSRTGTSYEQYF	TRBV13	TRBJ2-7
CASSQPMGGESYNEQFF	TRBV7-8	TRBJ2-1
CASSLLSGVTEAFF	TRBV27	TRBJ1-1
CASSPSGGNEQFF	TRBV10-2	TRBJ2-1
CASSLPPDGTDTQYF	TRBV4-2	TRBJ2-3
CASNSPGLLTDTQYF	TRBV27	TRBJ2-3
CASSYTADQPQHF	TRBV6-3	TRBJ1-5
CASSLHTQGARTEAFF	TRBV7-9	TRBJ1-1
CASSLDIWTWDRSVYNEQFF	TRBV11-2	TRBJ2-1
CASSLEGGYYNEQFF	TRBV5-1	TRBJ2-1
CASSLSLVGPHQPQHF	TRBV7-9	TRBJ1-5
CASSPPARQETQYF	TRBV18	TRBJ2-5
CASSPGTGKAGELFF	TRBV7-8	TRBJ2-2
CASSYTNTGELFF	TRBV28	TRBJ2-2
CASRRASPDGQPQHF	TRBV6-3	TRBJ1-5
CASSLGGAGAWGYEQFF	TRBV12-4	TRBJ2-1
CASKGDRGAYEQYF	TRBV6-3	TRBJ2-7
CASQVDTFTDGGELFF	TRBV28	TRBJ2-2
CASTQGAGVPYNEQFF	TRBV27	TRBJ2-1
CASSPRASGTSTDTQYF	TRBV18	TRBJ2-3
CASSPWSGGVVTEAFF	TRBV7-9	TRBJ1-1
CASSTRDRGSYEQYF	TRBV12-4	TRBJ2-7
CAWSIVTGGEAFF	TRBV30	TRBJ1-1
CASSSISGKQETQYF	TRBV11-3	TRBJ2-5
CSVIGGFGTGELFF	TRBV29-1	TRBJ2-2
CASRIRTSVADTQYF	TRBV2	TRBJ2-3
CASSSPDRGLDEQYF	TRBV12-4	TRBJ2-7
CASSEWTGDYNEQFF	TRBV6-1	TRBJ2-1
CASSSPGGESPLHF	TRBV27	TRBJ1-6
CASSFVGELFF	TRBV5-1	TRBJ2-2
CASGQGYEQYF	TRBV12-4	TRBJ2-7
CASSYSKGTYNEQFF	TRBV6-3	TRBJ2-1
CASRQGDSYNSPLHF	TRBV5-4	TRBJ1-6
CASSLGGNEETQYF	TRBV7-7	TRBJ2-5
CASSQGPSNNEQFF	TRBV4-1	TRBJ2-1
CASRRQGRTDTQYF	TRBV6-3	TRBJ2-3
CASGYQRGATYEQYF	TRBV4-1	TRBJ2-7
CASSLFDQPQHF	TRBV5-6	TRBJ1-5
CASTLFGEQFF	TRBV12-3	TRBJ2-1
CASSAGTSGGASEQFF	TRBV3-1	TRBJ2-1
CASSAGTGGAASITEAFF	TRBV9	TRBJ1-1
CASSQERGDAGELFF	TRBV4-2	TRBJ2-2
CASSLPRDRVRETQYF	TRBV5-1	TRBJ2-5
CATSRTGAHEQYF	TRBV15	TRBJ2-7
CASSYYRDRVYEQYF	TRBV6-6	TRBJ2-7
CASSPVGTEQYF	TRBV7-6	TRBJ2-7
CASSESVSSYNEQFF	TRBV10-2	TRBJ2-1
CASSLEGNEQYF	TRBV5-5	TRBJ2-7
CASSPHRLAQFF	TRBV28	TRBJ2-1
CASSLDRGHEQYF	TRBV5-1	TRBJ2-7
CSVMRGEHDEQYF	TRBV29-1	TRBJ2-7
CASSFLGAGTEAFF	TRBV28	TRBJ1-1
CASSFTVLGDEQYF	TRBV6-5	TRBJ2-7
CASRSGPQDTQYF	TRBV12-3	TRBJ2-3
CASSLELAAWETQYF	TRBV5-1	TRBJ2-5
CASSLSSRASNQPQHF	TRBV7-8	TRBJ1-5
CASSLSARVWDTEAFF	TRBV27	TRBJ1-1
CASSERFSGNTIYF	TRBV12-4	TRBJ1-3
CASSTGLTHNEQFF	TRBV6-5	TRBJ2-1
CASSLDPNTDTQYF	TRBV11-2	TRBJ2-3
CASSDTGTSNTGELFF	TRBV27	TRBJ2-2
CASSHTLGGKQYF	TRBV4-1	TRBJ2-7
CASSQRPFPAGGDSYNEQFF	TRBV14	TRBJ2-1
CASSLSEKLEAFF	TRBV7-9	TRBJ1-1
CASSHGNSPLHF	TRBV4-3	TRBJ1-6
CATREDINQETQYF	TRBV15	TRBJ2-5
CASSLHPREAQHF	TRBV5-4	TRBJ1-5
CASSSVSEAFF	TRBV11-1	TRBJ1-1
CASSYLGQGDAYGYTF	TRBV6-3	TRBJ1-2
CASSSSQEDNEQFF	TRBV13	TRBJ2-1
CASSYPQGTGTEAFF	TRBV6-6	TRBJ1-1
CASSLDQEIIGNEQFF	TRBV13	TRBJ2-1
CASSQESGTSYEQYF	TRBV4-1	TRBJ2-7
CSALGTGGFVTDTQYF	TRBV20-1	TRBJ2-3
CASSYEEITMNTEAFF	TRBV6-3	TRBJ1-1
CASNSWTGDQPQHF	TRBV19	TRBJ1-5
CASIGVPGANVLTF	TRBV11-3	TRBJ2-6
CSARDLLAAGYGYTF	TRBV20-1	TRBJ1-2
CASSSLTGPHQPQHF	TRBV12-4	TRBJ1-5
CASSTPRLGGVGETQYF	TRBV28	TRBJ2-5
CASSLGGWGAFF	TRBV12-4	TRBJ1-1
CASSPTTAYEQYF	TRBV6-2	TRBJ2-7
CASRHQRTDTEAFF	TRBV28	TRBJ1-1
CASSLWGLAGQDTQYF	TRBV7-8	TRBJ2-3
CASRLQGLDQPQHF	TRBV10-2	TRBJ1-5
CASSAPAGIGNGYTF	TRBV9	TRBJ1-2
CASSPVGPWDEKLFF	TRBV7-2	TRBJ1-4
CASSLVGVGLLLNEQYF	TRBV7-9	TRBJ2-7
CASSRVPGLAGGPPYNEQFF	TRBV4-1	TRBJ2-1
CASSQNRDRGIYGYTF	TRBV4-1	TRBJ1-2
CASSPNGPGAEAFF	TRBV19	TRBJ1-1
CAWSVLSDFNYGYTF	TRBV30	TRBJ1-2
CSASGASESYEQYF	TRBV20-1	TRBJ2-7
CASQYGTSNEQFF	TRBV19	TRBJ2-1
CASSLPAGRFSGANVLTF	TRBV7-2	TRBJ2-6
CASSMGLISTGDGYTF	TRBV19	TRBJ1-2
CASSPRGRTGFITEAFF	TRBV4-1	TRBJ1-1
CASSASVGGYTEAFF	TRBV9	TRBJ1-1
CASRKEASLYEQYF	TRBV6-2	TRBJ2-7
CSAGPEWGKDGYTF	TRBV20-1	TRBJ1-2
CASSLSGNIQYF	TRBV5-1	TRBJ2-4
CSSFDRVANTGELFF	TRBV29-1	TRBJ2-2
CASRMIDRDYGYTF	TRBV12-4	TRBJ1-2
CSARDMDISGELFF	TRBV20-1	TRBJ2-2
CASSPGPPHFTSGRAGYNEQFF	TRBV7-6	TRBJ2-1
CASSLEVGSTEAFF	TRBV5-1	TRBJ1-1
CASRWTGGDTEAFF	TRBV27	TRBJ1-1
CASKGLGADTGELFF	TRBV19	TRBJ2-2
CASSYATAYEQYF	TRBV6-2	TRBJ2-7
CASSEGLAGGYEQFF	TRBV6-1	TRBJ2-1
CASSPGPTHEQYF	TRBV11-2	TRBJ2-7
CASSQDIVASSGTDTQYF	TRBV4-1	TRBJ2-3
CASSLTGTRGRAGELFF	TRBV5-4	TRBJ2-2
CASSLAAGWSNEQFF	TRBV27	TRBJ2-1
CASSPRGSGAYNEQFF	TRBV4-3	TRBJ2-1
CSACLNLCHF	TRBV20-1	TRBJ1-6
CASSSGTSGSIEQFF	TRBV7-8	TRBJ2-1
CASSSPYRIQETQYF	TRBV28	TRBJ2-5
CASSPGGHQPQHF	TRBV6-3	TRBJ1-5
CASSSTNDRHSGNTIYF	TRBV9	TRBJ1-3
CASSQAEMAEQFF	TRBV3-1	TRBJ2-1
CTSSQAPFWASNQPQHF	TRBV7-2	TRBJ1-5
CASSDHRWGNTGELFF	TRBV7-9	TRBJ2-2
CASSQSDTNQPQHF	TRBV16	TRBJ1-5
CAGTPREGQGLREQYF	TRBV2	TRBJ2-7
CASSFQGFTEAFF	TRBV28	TRBJ1-1
CSVESAASSGELFF	TRBV29-1	TRBJ2-2
CASRLGPGQPYERYF	TRBV27	TRBJ2-7
CSVETHNEQFF	TRBV29-1	TRBJ2-1
CASSQARSGRHTQYF	TRBV4-3	TRBJ2-3
CASSSPSGALSGELFF	TRBV12-3	TRBJ2-2
CASSWARVTSTDTQYF	TRBV5-1	TRBJ2-3
CASSEPIGTGGNQPQHF	TRBV2	TRBJ1-5
CASSLAATRGALGDTQYF	TRBV7-9	TRBJ2-3
CASSFFSKKYNNEQFF	TRBV12-4	TRBJ2-1
CASSSGSYYEQYF	TRBV28	TRBJ2-7
CASSPQGSGANVLTF	TRBV27	TRBJ2-6
CASSSDPRYGYTF	TRBV12-4	TRBJ1-2
CASSFEVGGSTDTQYF	TRBV7-9	TRBJ2-3
CASSQGLSYEQYF	TRBV4-1	TRBJ2-7
CASTIIPGLAGPREETQYF	TRBV19	TRBJ2-5
CATSGNVGTEAFF	TRBV24-1	TRBJ1-1
CASSESGTNTGELFF	TRBV9	TRBJ2-2
CASSIGRVADQFF	TRBV19	TRBJ2-1
CASSSATGAYEQYF	TRBV7-8	TRBJ2-7
CASSEGLGTEAFF	TRBV7-9	TRBJ1-1
CASSQARGADTQYF	TRBV3-1	TRBJ2-3
CASREGQFQETQYF	TRBV6-5	TRBJ2-5
CASSYRDIDNEQFF	TRBV6-6	TRBJ2-1
CASSPRAGTGNSPLHF	TRBV9	TRBJ1-6
CASSYDTGLTEQYF	TRBV7-9	TRBJ2-7
CASSYGGGDEQYF	TRBV27	TRBJ2-7
CASRSLLGEEQFF	TRBV7-9	TRBJ2-1
CASAQESGANVLTF	TRBV4-1	TRBJ2-6
CASSPGDRRYSPLHF	TRBV7-9	TRBJ1-6
CASSLGAGALNEKLFF	TRBV5-4	TRBJ1-4
CASSLLIREAYTF	TRBV5-6	TRBJ1-2
CASSQLGWETQYF	TRBV4-1	TRBJ2-5
CASSQADSSYNEQFF	TRBV4-3	TRBJ2-1
CASSPWTSGRRDTGELFF	TRBV7-9	TRBJ2-2
CATSRDLGGADTQYF	TRBV15	TRBJ2-3
CSVEKRSNIAKNIQYF	TRBV29-1	TRBJ2-4
CASSQAEGGNTEAFF	TRBV4-2	TRBJ1-1
CASRLTVNSGNTIYF	TRBV12-4	TRBJ1-3
CASSPGQAPYEQYF	TRBV5-6	TRBJ2-7
CASSQTGQVGDEQFF	TRBV7-9	TRBJ2-1
CASSLSVGGIEQFF	TRBV27	TRBJ2-1
CASTGSGTGELFF	TRBV6-5	TRBJ2-2
CSARGDGAIINEQFF	TRBV20-1	TRBJ2-1
CASSDRDRGHEQFF	TRBV25-1	TRBJ2-1
CASSQDSRTGAVYEQYF	TRBV4-1	TRBJ2-7
CASSRTLNTEAFF	TRBV27	TRBJ1-1
CASSQEWTSGSNEQFF	TRBV4-3	TRBJ2-1
CASSRGGGRVNTEAFF	TRBV19	TRBJ1-1
CASSARDRPIYGYTF	TRBV9	TRBJ1-2
CASSQDRVTDTQYF	TRBV4-1	TRBJ2-3
CASSFRLAGGTDTQYF	TRBV12-3	TRBJ2-3
CASSFDAAYEQYF	TRBV5-4	TRBJ2-7
CASSAGGAVYNEQFF	TRBV9	TRBJ2-1
CASSLELAGPDTQYF	TRBV7-9	TRBJ2-3
CASSLGLGKSVDTEAFF	TRBV5-4	TRBJ1-1
CASSELGTVPGNTIYF	TRBV2	TRBJ1-3
CASSFGQGNTGELFF	TRBV12-3	TRBJ2-2
CASSPEGLLTEQFF	TRBV6-5	TRBJ2-1
CASSPLGTLYGYTF	TRBV3-1	TRBJ1-2
CASSLVGAWPQHF	TRBV7-8	TRBJ1-5
CASSQEGLGQGGPDTQYF	TRBV4-1	TRBJ2-3
CASSLAKTANTGELFF	TRBV7-9	TRBJ2-2
CASSPGGAWNGYTF	TRBV2	TRBJ1-2
CASSLPGTPANTEAFF	TRBV7-8	TRBJ1-1
CSVATDRGYTGELFF	TRBV29-1	TRBJ2-2
CASSQELSHPNYEQYF	TRBV4-1	TRBJ2-7
CASSDPTTEQFF	TRBV10-1	TRBJ2-1
CASSLGLGGDTQYF	TRBV28	TRBJ2-3
CASAQGGNTEAFF	TRBV19	TRBJ1-1
CSASRTSGLTDTQYF	TRBV20-1	TRBJ2-3
CATSSLAGDWNEQFF	TRBV15	TRBJ2-1
CASSERSGGDTDTQYF	TRBV2	TRBJ2-3
CASSFWGATYNEQFF	TRBV27	TRBJ2-1
CASSYAHRGDMGEQYF	TRBV6-5	TRBJ2-7
CASSKIWGQGVDTEAFF	TRBV28	TRBJ1-1
CATSRGQGLTEAFF	TRBV15	TRBJ1-1
CASSMSGPGTEAFF	TRBV19	TRBJ1-1
CSARDNYGYTF	TRBV20-1	TRBJ1-2
CASSLPPGRGYTEAFF	TRBV12-4	TRBJ1-1
CASSPGTSGRAWNNEQFF	TRBV12-3	TRBJ2-1
CSARSEGAGQFF	TRBV20-1	TRBJ2-1
CASSLASGGGAAFF	TRBV5-6	TRBJ1-1
CASSLEVDNEKLFF	TRBV12-4	TRBJ1-4
CASSLFPGPYNEQFF	TRBV7-7	TRBJ2-1
CASSSRNLATNEKLFF	TRBV6-5	TRBJ1-4
CSVDGLLTGEGGNTIYF	TRBV29-1	TRBJ1-3
CASSQAPTSGNEQFF	TRBV3-1	TRBJ2-1
CASGGEAFF	TRBV5-5	TRBJ1-1
CASSIAGSKTQYF	TRBV9	TRBJ2-5
CASSLSNPDTQYF	TRBV27	TRBJ2-3
CASSFSGTDTQYF	TRBV5-4	TRBJ2-3
CASSQARGKLFF	TRBV4-3	TRBJ1-4
CASSQEGYQPQHF	TRBV3-1	TRBJ1-5
CASVSSELTSGANVLTF	TRBV18	TRBJ2-6
CSADIQGAIGETQYF	TRBV29-1	TRBJ2-5
CASNYYNEQFF	TRBV25-1	TRBJ2-1
CASSHPGGQPQHF	TRBV4-2	TRBJ1-5
CASSSQGSNSYNEQFF	TRBV7-8	TRBJ2-1
CSARDSRGTRQETQYF	TRBV20-1	TRBJ2-5
CSVTNPGGVLGYEQYF	TRBV29-1	TRBJ2-7
CSARQGDTGELFF	TRBV20-1	TRBJ2-2
CASILGAGSLNTEAFF	TRBV6-5	TRBJ1-1
CASSQLGQGHTEAFF	TRBV7-2	TRBJ1-1
CASSEWGTADTQYF	TRBV25-1	TRBJ2-3
CASSSGTGQVMNTEAFF	TRBV4-1	TRBJ1-1
CASSYRTGDRYGYTF	TRBV7-2	TRBJ1-2
CASSSRTGPDTQYF	TRBV19	TRBJ2-3
CASSRDRASFTGELFF	TRBV28	TRBJ2-2
CASSQGHYNEQFF	TRBV7-7	TRBJ2-1
CASSYSTGQLQHF	TRBV6-2	TRBJ1-5
CASTRTSGGAWETQYF	TRBV6-3	TRBJ2-5
CASSLMGGRTDTQYF	TRBV12-3	TRBJ2-3
CASSEYASHEAFF	TRBV25-1	TRBJ1-1
CATGTANSPLHF	TRBV19	TRBJ1-6
CASSKQSGTGYYGYTF	TRBV6-5	TRBJ1-2
CASSIPGLAGQETQYF	TRBV11-2	TRBJ2-5
CASSDDAGWNNEQFF	TRBV6-1	TRBJ2-1
CASSLGTQPQHF	TRBV7-9	TRBJ1-5
CASSQGGQGALETQYF	TRBV14	TRBJ2-5
CASSLESTSGSPDTQYF	TRBV7-6	TRBJ2-3
CASSLAIIGQGYGDEQFF	TRBV7-9	TRBJ2-1
CASSTGTLGYNEQFF	TRBV27	TRBJ2-1
CTARRLASGSRDEQFF	TRBV7-2	TRBJ2-1
CASSPTGQGETQYF	TRBV27	TRBJ2-5
CASTTYTGELFF	TRBV19	TRBJ2-2
CASSPQGLASNIQYF	TRBV4-2	TRBJ2-4
CASSLGVWGGEQFF	TRBV12-3	TRBJ2-1
CASSILSTHTEAFF	TRBV19	TRBJ1-1
CASSPLGGTQYF	TRBV5-6	TRBJ2-3
CASRTPSGYTGELFF	TRBV7-9	TRBJ2-2
CASRTGAQPQHF	TRBV27	TRBJ1-5
CASSLSLGGAAFF	TRBV13	TRBJ1-1
CASSVVRGEAGNTIYF	TRBV5-5	TRBJ1-3
CASSQGTWKTSTDTQYF	TRBV4-1	TRBJ2-3
CASSSGQGLRAQYF	TRBV6-3	TRBJ2-5
CASSFLSGDTGNEKLFF	TRBV5-6	TRBJ1-4
CASSPLGASEAFF	TRBV5-8	TRBJ1-1
CASSGTVPTFNSPLHF	TRBV2	TRBJ1-6
CASSEWRERTKNIQYF	TRBV7-8	TRBJ2-4
CASSLGRASNTDTQYF	TRBV7-9	TRBJ2-3
CASSYQTGTIYGNTF	TRBV6-5	TRBJ1-2
CASSFPGGYGYTF	TRBV7-9	TRBJ1-2
CSVAGQGDDHTDTQYF	TRBV29-1	TRBJ2-3
CASSLVANTEAFF	TRBV5-4	TRBJ1-1
CASSLVPRAYEQYF	TRBV11-2	TRBJ2-7
CASSQDLTGVQPQHF	TRBV4-3	TRBJ1-5
CASSPWALTYNYGYTF	TRBV5-6	TRBJ1-2
CATSDPKGDQETQYF	TRBV24-1	TRBJ2-5
CASSPTGYYGYTF	TRBV12-4	TRBJ1-2
CASSQDKVSWTGVSGGMNTEAFF	TRBV4-1	TRBJ1-1
CSVEGEGGETQYF	TRBV29-1	TRBJ2-5
CASSVVAEDTDTQYF	TRBV9	TRBJ2-3
CASSAMTGADTGELFF	TRBV9	TRBJ2-2
CASSQDHRMGGHEKLFF	TRBV4-3	TRBJ1-4
CASSLSHSYNEQFF	TRBV5-6	TRBJ2-1
CASSEGYIYEQYF	TRBV2	TRBJ2-7
CASSLGLAGVNGELFF	TRBV27	TRBJ2-2
CASSLRWGGGYTF	TRBV12-4	TRBJ1-2
CASSLYLGQGANEQFF	TRBV19	TRBJ2-1
CSARVESLYNEQFF	TRBV20-1	TRBJ2-1
CASSLDTENTDTQYF	TRBV11-2	TRBJ2-3
CASSLGYEQFF	TRBV7-8	TRBJ2-1
CSVPWGFTEAFF	TRBV29-1	TRBJ1-1
CASSLEGLAGADGELFF	TRBV7-8	TRBJ2-2
CASSFWQGQETQYF	TRBV11-2	TRBJ2-5
CASSPRATTNEKLFF	TRBV27	TRBJ1-4
CASSQHDRGFSTEAFF	TRBV7-9	TRBJ1-1
CAISQSVNTEAFF	TRBV10-3	TRBJ1-1
CSVEETGQQETQYF	TRBV29-1	TRBJ2-5
CASSPTGGLYNEQFF	TRBV14	TRBJ2-1
CASSSVGEQFF	TRBV13	TRBJ2-1
CASMLAGSEETQYF	TRBV5-6	TRBJ2-5
CASSQDKTRSRGSYNEQFF	TRBV4-3	TRBJ2-1
CARNSTGDQPQHF	TRBV27	TRBJ1-5
CASTPTGARETQYF	TRBV12-4	TRBJ2-5
CASSPETGIEAFF	TRBV27	TRBJ1-1
CASSVASGRDEQFF	TRBV9	TRBJ2-1
CASSLRQGVGNSPLHF	TRBV27	TRBJ1-6
CASSPSYGTQYF	TRBV7-3	TRBJ2-3
CASSPRLAGGPQETQYF	TRBV27	TRBJ2-5
CASSQDLGGVMNTEAFF	TRBV4-3	TRBJ1-1
CASTLSLDPQETQYF	TRBV5-1	TRBJ2-5
CASRRVNNEQFF	TRBV5-8	TRBJ2-1
CASSLGQGFQPQHF	TRBV12-4	TRBJ1-5
CATSDSIAGGPSTGELFF	TRBV24-1	TRBJ2-2
CASRQGNEKLFF	TRBV10-1	TRBJ1-4
CSARDHFAGGQANYGYTF	TRBV20-1	TRBJ1-2
CATSRPREAYNEQFF	TRBV15	TRBJ2-1
CSARELADYEQYF	TRBV20-1	TRBJ2-7
CASSFSVRDRTTDTQYF	TRBV5-1	TRBJ2-3
CASSLIGSNYGYTF	TRBV7-9	TRBJ1-2
CASSVFGGGETQYF	TRBV7-3	TRBJ2-5
CASSLAGNRQGARSQPQHF	TRBV7-8	TRBJ1-5
CASSLPRGTEDYEQYF	TRBV7-9	TRBJ2-7
CASTPVGQGAKNIQYF	TRBV19	TRBJ2-4
CASSPTGTAYGYTF	TRBV27	TRBJ1-2
CSAPQGAHNEQYF	TRBV20-1	TRBJ2-7
CASSLGGNLYEQYF	TRBV6-4	TRBJ2-7
CASSLVGTGPPGNTIYF	TRBV7-2	TRBJ1-3
CATSKGTGSLGGYTF	TRBV15	TRBJ1-2
CATLGQGEVEPQHF	TRBV7-8	TRBJ1-5
CASSLGPNTEAFF	TRBV12-3	TRBJ1-1
CATSSLRQGTYEQYF	TRBV15	TRBJ2-7
CSANSGTSPNEQFF	TRBV20-1	TRBJ2-1
CASTPRGSAGYTF	TRBV10-2	TRBJ1-2
CASGITEAFF	TRBV6-5	TRBJ1-1
CASSQGPGTVHEKLFF	TRBV14	TRBJ1-4
CASSLAGQGATDTQYF	TRBV5-6	TRBJ2-3
CASSLSGEQFF	TRBV7-3	TRBJ2-1
CASRPRPGQASTDTQYF	TRBV6-5	TRBJ2-3
CASRMDRGTYEQYF	TRBV2	TRBJ2-7
CASSPPDGDQPQHF	TRBV7-9	TRBJ1-5
CASSPGASYNEQFF	TRBV7-6	TRBJ2-1
CASSSTGTGTNTEAFF	TRBV5-1	TRBJ1-1
CAISESNSNTGELFF	TRBV10-3	TRBJ2-2
CASGSGRLAEQYF	TRBV27	TRBJ2-7
CASSLGLAGPYNEQFF	TRBV7-9	TRBJ2-1
CASSSGQPEAFF	TRBV6-5	TRBJ1-1
CASSSDWTGGAYYGYTF	TRBV7-2	TRBJ1-2
CASSIAGNTEAFF	TRBV19	TRBJ1-1
CASSEAGGEAYNEQFF	TRBV6-4	TRBJ2-1
CASSQVSGTPTYEQYF	TRBV14	TRBJ2-7
CASSIWAGTEAFF	TRBV19	TRBJ1-1
CSARVVLSRGYGYTF	TRBV20-1	TRBJ1-2
CASSSGQMNTEAFF	TRBV7-6	TRBJ1-1
CASSPLTGTGVYGYTF	TRBV6-6	TRBJ1-2
CALMTRLAGSYYNEQFF	TRBV6-1	TRBJ2-1
CAWTQESGRGNEQFF	TRBV30	TRBJ2-1
CASSIGGNPADTQYF	TRBV19	TRBJ2-3
CASSSPERGRGTDTQYF	TRBV13	TRBJ2-3
CASSLAMARKAQYF	TRBV4-1	TRBJ2-5
CASSNGTGNEQFF	TRBV6-5	TRBJ2-1
CASSPKTGKGEQYF	TRBV4-1	TRBJ2-7
CASSIMDTYEQYF	TRBV19	TRBJ2-7
CASSTQTGSNTGELFF	TRBV27	TRBJ2-2
CASSSIIQVSGNTIYF	TRBV28	TRBJ1-3
CASSLHRGYLNEQFF	TRBV7-8	TRBJ2-1
CSARDPGGRETQYF	TRBV20-1	TRBJ2-5
CSARDWDSRTETSYEQYF	TRBV20-1	TRBJ2-7
CASSLSGLGDNEQFF	TRBV7-3	TRBJ2-1
CSARDLKGSSYNEQFF	TRBV20-1	TRBJ2-1
CASSYEGTLNYYIEQFF	TRBV6-3	TRBJ2-1
CASSLIGVSPYNEQFF	TRBV7-9	TRBJ2-1
CASSIFSGVSYNEQFF	TRBV19	TRBJ2-1
CASSGTDSNQPQHF	TRBV6-1	TRBJ1-5
CASSAYRDEKLFF	TRBV6-1	TRBJ1-4
CASRTDGFSGNTIYF	TRBV5-1	TRBJ1-3
CASSYSMMRNTEAFF	TRBV6-5	TRBJ1-1
CSAYLQGSSYEQYF	TRBV20-1	TRBJ2-7
CASSLGPTGGSPLHF	TRBV28	TRBJ1-6
CASSSLGADEQYF	TRBV6-5	TRBJ2-7
CASGGNEQFF	TRBV12-4	TRBJ2-1
CASSPPDRLYGYTF	TRBV18	TRBJ1-2
CSASGLAAYNEQFF	TRBV20-1	TRBJ2-1
CASRGGGDNEQFF	TRBV2	TRBJ2-1
CSVDLEANYGYTF	TRBV29-1	TRBJ1-2
CSATGTGYNSPLHF	TRBV20-1	TRBJ1-6
CSDRPSGITNEQFF	TRBV29-1	TRBJ2-1
CATSGRTGELFF	TRBV15	TRBJ2-2
CASSFWGPLRPQHF	TRBV5-6	TRBJ1-5
CASSPDGTGPGDTQYF	TRBV4-2	TRBJ2-3
CASSQGQGNTEAFF	TRBV4-3	TRBJ1-1
CASSWRTLPYEQYF	TRBV27	TRBJ2-7
CSATQGWLTGELFF	TRBV20-1	TRBJ2-2
CASSLEVSGDDEQFF	TRBV5-4	TRBJ2-1
CASSFEGETGELFF	TRBV7-9	TRBJ2-2
CASSWTSGYNEQFF	TRBV12-4	TRBJ2-1
CASSFDGINSPLHF	TRBV5-5	TRBJ1-6
CASSFIGSTDTQYF	TRBV11-2	TRBJ2-3
CASSSGSKQNTGELFF	TRBV7-9	TRBJ2-2
CASSMGSFSYEQYF	TRBV19	TRBJ2-7
CASSLATGRHNEQFF	TRBV7-2	TRBJ2-1
CASSVRQTYNEQFF	TRBV14	TRBJ2-1
CASSPDNWDSDTQYF	TRBV6-5	TRBJ2-3
CSAKPPGPQSYNEQFF	TRBV29-1	TRBJ2-1
CASSSGTVTDTQYF	TRBV13	TRBJ2-3
CASSETGGTEAFF	TRBV9	TRBJ1-1
CASGLVRGQGNGYTF	TRBV12-5	TRBJ1-2
CASSDRNAGTQYF	TRBV9	TRBJ2-5
CASSWNDRLQSYEQYF	TRBV6-5	TRBJ2-7
CSARPSGKVGNQPQHF	TRBV20-1	TRBJ1-5
CATSFGGATNEKLFF	TRBV15	TRBJ1-4
CASSVGTSGGNEQFF	TRBV5-1	TRBJ2-1
CASSYTGVPEKLFF	TRBV6-5	TRBJ1-4
CASSFNGLAGENEQFF	TRBV6-5	TRBJ2-1
CASSLMGNTEAFF	TRBV7-3	TRBJ1-1
CASSRWDTTYEQYF	TRBV12-3	TRBJ2-7
CATSDNNVWFSEQFF	TRBV24-1	TRBJ2-1
CASRLSEGETQYF	TRBV11-2	TRBJ2-5
CASTHQSGTGSPLHF	TRBV27	TRBJ1-6
CSADGGPTTPNEQYF	TRBV20-1	TRBJ2-7
CASVTRDRGPNTEAFF	TRBV6-6	TRBJ1-1
CASSPWPGNTIYF	TRBV5-6	TRBJ1-3
CASSFRTVSSYEQYF	TRBV7-8	TRBJ2-7
CASSQAGTGVSYGYTF	TRBV4-1	TRBJ1-2
CASSPDLGTYEQYF	TRBV4-2	TRBJ2-7
CASSLAGQFDMNTEAFF	TRBV5-6	TRBJ1-1
CASSGTGTEAFF	TRBV6-2	TRBJ1-1
CASSPTVNTEAFF	TRBV5-4	TRBJ1-1
CASSWGGGSHYGYTF	TRBV11-2	TRBJ1-2
CASSQGYAGIWYF	TRBV25-1	TRBJ2-3
CASSLAPGEAYNEQFF	TRBV5-6	TRBJ2-1
CSARDFDLTGELFF	TRBV20-1	TRBJ2-2
CASSRQPSGNTIYF	TRBV3-1	TRBJ1-3
CASSEGNRGETQYF	TRBV25-1	TRBJ2-5
CASSLMGQGLSSYNSPLHF	TRBV7-3	TRBJ1-6
CASSPDWDTQYF	TRBV27	TRBJ2-3
CSARQPSGRSSLSTDTQYF	TRBV20-1	TRBJ2-3
CAWAGPGGLREQFF	TRBV30	TRBJ2-1
CSVDTYNEQFF	TRBV29-1	TRBJ2-1
CASSFPTGGLWPSDGQYF	TRBV28	TRBJ2-7
CASSYRPIFWEQYF	TRBV6-5	TRBJ2-7
CASSGAGTIRGEEFF	TRBV9	TRBJ2-1
CASSHLGQPSEAFF	TRBV4-1	TRBJ1-1
CASSQDKGGNYGYTF	TRBV4-1	TRBJ1-2
CASSVLAGYTDTQYF	TRBV13	TRBJ2-3
CASSLVAGYEQFF	TRBV5-1	TRBJ2-1
CASSQETGWGTEAFF	TRBV4-3	TRBJ1-1
CASSMGQASYEQYF	TRBV7-9	TRBJ2-7
CASRGTGYEAFF	TRBV4-3	TRBJ1-1
CATSDLPGAYNEQFF	TRBV24-1	TRBJ2-1
CSARATGDLAGFTYEQYF	TRBV20-1	TRBJ2-7
CASSLKPGTGPYNEQFF	TRBV28	TRBJ2-1
CASSQDTFGPGQGNEQYF	TRBV14	TRBJ2-7
CASSLRDGSYEQYF	TRBV7-9	TRBJ2-7
CASSSDRGGSPLHF	TRBV28	TRBJ1-6
CASSWGGRNTEAFF	TRBV11-2	TRBJ1-1
CASTSGPALYNEQFF	TRBV19	TRBJ2-1
CASSYASNQPQHF	TRBV6-2	TRBJ1-5
CSAPGIGLTEAFF	TRBV20-1	TRBJ1-1
CASSYAVGNQPQHF	TRBV6-3	TRBJ1-5
CASSSPGPSNQPQHF	TRBV2	TRBJ1-5
CASSQTTPLTYNYEQYF	TRBV19	TRBJ2-7
CASSLTSGGAYDEQFF	TRBV7-9	TRBJ2-1
CASSPVARAPHEQYF	TRBV27	TRBJ2-7
CASSLMGIGSYNEQFF	TRBV27	TRBJ2-1
CASSPRTGLNTEAFF	TRBV4-2	TRBJ1-1
CASSITLGTGGVEQYF	TRBV27	TRBJ2-7
CASSSGAEAFF	TRBV7-9	TRBJ1-1
CATKEASSYEQYF	TRBV15	TRBJ2-7
CASSLGVREAGSLNQPQHF	TRBV27	TRBJ1-5
CSVDTVWGHGYTF	TRBV29-1	TRBJ1-2
CASRSLQTFF	TRBV25-1	TRBJ2-1
CASSIGSGVRSNQPQHF	TRBV19	TRBJ1-5
CASSSPVGTHHSYEQYF	TRBV27	TRBJ2-7
CASSFWREPTYEQYF	TRBV12-4	TRBJ2-7
CASSYRGEAGELFF	TRBV6-6	TRBJ2-2
CASALGARGRAYEQYF	TRBV13	TRBJ2-7
CASSHRVADTQYF	TRBV7-9	TRBJ2-3
CASSHEVSYEQYF	TRBV6-5	TRBJ2-7
CASSPTRDSALNTQYF	TRBV6-1	TRBJ2-3
CSAPRGGKYEQYF	TRBV20-1	TRBJ2-7
CASSLSGGRDNEQFF	TRBV27	TRBJ2-1
CASSHSSGFNYNEQFF	TRBV3-1	TRBJ2-1
CASSQGTESYEQYF	TRBV4-1	TRBJ2-7
CASSYSKGGPYQPQHF	TRBV6-3	TRBJ1-5
CASSLRLADFFEQFF	TRBV7-7	TRBJ2-1
CASSLAPWSGDTEAFF	TRBV5-5	TRBJ1-1
CASSQGENEQYF	TRBV4-1	TRBJ2-7
CSVRRGDEGYTF	TRBV29-1	TRBJ1-2
CASSPETGRETQYF	TRBV5-6	TRBJ2-5
CASSPSRDREFLYIQYF	TRBV7-9	TRBJ2-4
CASSSPLRSGTNTGELFF	TRBV5-4	TRBJ2-2
CASSLGPTSGRETQYF	TRBV5-6	TRBJ2-5
CASSQDKGRDSPLHF	TRBV4-1	TRBJ1-6
CASSLVEGGGEKLFF	TRBV5-6	TRBJ1-4
CASSFGEGLDTQYF	TRBV27	TRBJ2-3
CASSLSLSTSSNEQFF	TRBV27	TRBJ2-1
CATSDLNTGRTTNEKLFF	TRBV24-1	TRBJ1-4
CASTPPLASGRYYEQYF	TRBV7-9	TRBJ2-7
CASSGDSLNYGYTF	TRBV5-5	TRBJ1-2
CASSHPPTGAYEQYF	TRBV7-8	TRBJ2-7
CASSKAETFPSSGANVLTF	TRBV19	TRBJ2-6
CASSASGGTDTQYF	TRBV6-4	TRBJ2-3
CASSFIQGRDEKLFF	TRBV12-4	TRBJ1-4
CSARDSGAGTDTQYF	TRBV20-1	TRBJ2-3
CASSSPVTDPQNEKLFF	TRBV19	TRBJ1-4
CSARPRTSGPYNEQFF	TRBV20-1	TRBJ2-1
CASSEQGASNQPQHF	TRBV6-1	TRBJ1-5
CASSVFLRGANTEAFF	TRBV6-1	TRBJ1-1
CASSKYGGNEQFF	TRBV19	TRBJ2-1
CSARSPLTEGSSGNTIYF	TRBV20-1	TRBJ1-3
CATSELGGGLTDEQFF	TRBV24-1	TRBJ2-1
CASSSTLQDRANYGYTF	TRBV6-5	TRBJ1-2
CSVMRTDFDQYF	TRBV29-1	TRBJ2-7
CASSQVTGLSDGELFF	TRBV4-3	TRBJ2-2
CASSFKTGDQGYTF	TRBV5-6	TRBJ1-2
CASSQTGGFSSEQYF	TRBV27	TRBJ2-7
CASSLEPGGSSYNEQFF	TRBV5-5	TRBJ2-1
CASSLSGSPYEQYF	TRBV27	TRBJ2-7
CASSGAPTDNNEKLFF	TRBV9	TRBJ1-4
CASGFRTDTQYF	TRBV12-5	TRBJ2-3
CASSESLGVNTEAFF	TRBV2	TRBJ1-1
CASSTGTSGGELFF	TRBV19	TRBJ2-2
CASSESSEKLFF	TRBV25-1	TRBJ1-4
CASSWLGRVWGNQPQHF	TRBV6-1	TRBJ1-5
CASSLSTAPNEKLFF	TRBV28	TRBJ1-4
CASSLREDEQFF	TRBV27	TRBJ2-1
CAISDVSGEPTDTQYF	TRBV10-3	TRBJ2-3
CASSSSGRDYEQYF	TRBV2	TRBJ2-7
CASSYGQGWLGQETQYF	TRBV5-4	TRBJ2-5
CASSEVGTGGLIGSPLHF	TRBV6-1	TRBJ1-6
CASSDLYGNEQFF	TRBV28	TRBJ2-1
CASSDRTEGDYEQYF	TRBV7-9	TRBJ2-7
CASSLNPGLATYNEQFF	TRBV12-4	TRBJ2-1
CASSFIPAELRYEQYF	TRBV5-1	TRBJ2-7
CSAIDSLSNEKLFF	TRBV20-1	TRBJ1-4
CASSQEQGLAYIQYF	TRBV4-3	TRBJ2-4
CASSSQRADTQYF	TRBV27	TRBJ2-3
CASSFTGAYEQYF	TRBV5-1	TRBJ2-7
CASFRGHEQFF	TRBV5-1	TRBJ2-1
CASSRSGTGSYEQYF	TRBV4-1	TRBJ2-7
CASSLVVGRAYFAGELFF	TRBV7-9	TRBJ2-2
CSVEQMNTEAFF	TRBV29-1	TRBJ1-1
CASSRSGRDSYNEQFF	TRBV12-3	TRBJ2-1
CSATIAGAVEQYF	TRBV20-1	TRBJ2-7
CASHDRGNQPQHF	TRBV2	TRBJ1-5
CASSSLGTASPLHF	TRBV11-2	TRBJ1-6
CASSGTVNYGYTF	TRBV6-5	TRBJ1-2
CASSLADGTEAFF	TRBV11-3	TRBJ1-1
CATSLGLNSEAFF	TRBV15	TRBJ1-1
CSVEPSGGSNEQFF	TRBV29-1	TRBJ2-1
CSARVSPEGGPENYGYTF	TRBV20-1	TRBJ1-2
CSASAGGTSVGYEQYF	TRBV20-1	TRBJ2-7
CASSLVSGQGVHEQFF	TRBV27	TRBJ2-1
CASTLAGGTDTQYF	TRBV27	TRBJ2-3
CAISGWDRQETQYF	TRBV10-3	TRBJ2-5
CATSRGLGAYTDTQYF	TRBV15	TRBJ2-3
CASSPQGTGLYEQYF	TRBV9	TRBJ2-7
CASSPEDIGTDTQYF	TRBV18	TRBJ2-3
CASSQLEDGHSYEQYF	TRBV13	TRBJ2-7
CASSGEDRVVYGYTF	TRBV13	TRBJ1-2
CSARAELAADFISSYNEQFF	TRBV20-1	TRBJ2-1
CASSLAGTSGRDEQFF	TRBV4-1	TRBJ2-1
CASSLFDGTGSTEAFF	TRBV27	TRBJ1-1
CASSPETGGSYEQYF	TRBV7-2	TRBJ2-7
CASSPLTGSTDTQYF	TRBV9	TRBJ2-3
CASSDRDRVEQYF	TRBV6-1	TRBJ2-7
CASISSGGWQETQYF	TRBV2	TRBJ2-5
CASTGTGGEHEQYF	TRBV27	TRBJ2-7
CASSLFRGGSYNEQFF	TRBV7-6	TRBJ2-1
CATSAGLNTEAFF	TRBV24-1	TRBJ1-1
CASSSAEGLNTEAFF	TRBV13	TRBJ1-1
CASSLTPPGQGFYEQYF	TRBV27	TRBJ2-7
CASSQDNWSDYNEQFF	TRBV4-3	TRBJ2-1
CASSLRGVWTDTQYF	TRBV12-4	TRBJ2-3
CASSLHGQGVRSPLHF	TRBV7-9	TRBJ1-6
CASSQTQLWETQYF	TRBV7-2	TRBJ2-5
CASSMQPVGANVLTF	TRBV19	TRBJ2-6
CASSLLAGVGGELFF	TRBV7-9	TRBJ2-2
CASSPGTLKETQYF	TRBV12-3	TRBJ2-5
CASSQAGTGGYGYTF	TRBV3-1	TRBJ1-2
CASSLSGEQYF	TRBV25-1	TRBJ2-7
CSSSQEEGPGNQPQHF	TRBV20-1	TRBJ1-5
CASSLIGELFF	TRBV5-6	TRBJ2-2
CAISDGGRTDTYEQYF	TRBV10-3	TRBJ2-7
CASRDQMNTEAFF	TRBV6-3	TRBJ1-1
CASTLTSGSPYTEQFF	TRBV27	TRBJ2-1
CASSEARETATSNYGYTF	TRBV2	TRBJ1-2
CASSYSGGETQYF	TRBV6-5	TRBJ2-5
CASSYGLAQQETQYF	TRBV5-4	TRBJ2-5
CASSQELEVYNEQFF	TRBV3-1	TRBJ2-1
CASSVDPWDTSGYTF	TRBV9	TRBJ1-2
CASSLVGGEQFF	TRBV5-6	TRBJ2-1
CATSSGWTSGGDTQYF	TRBV15	TRBJ2-3
CASRGHTGELFF	TRBV7-2	TRBJ2-2
CASSFRATSENTGELFF	TRBV11-2	TRBJ2-2
CATSRVPTGADNEQFF	TRBV15	TRBJ2-1
CASSPPAGGQNSPLHF	TRBV18	TRBJ1-6
CASGGGGAEAFF	TRBV27	TRBJ1-1
CASSSTLSGANVLTF	TRBV7-9	TRBJ2-6
CASSQGPEQFF	TRBV4-1	TRBJ2-1
CASSLGDRGQSSYNSPLHF	TRBV5-5	TRBJ1-6
CASSKSPTGTHSTDTQYF	TRBV7-9	TRBJ2-3
CAWRLAAGELFF	TRBV30	TRBJ2-2
CASGGATNEKLFF	TRBV27	TRBJ1-4
CASSQDVARGNQPQHF	TRBV4-1	TRBJ1-5
CASSLDGTPGETQYF	TRBV27	TRBJ2-5
CASSFGVGGVGSAFF	TRBV5-6	TRBJ1-1
CASRYSDTQYF	TRBV6-2	TRBJ2-3
CATSVGLNTEAFF	TRBV24-1	TRBJ1-1
CASSLDLAGGSNEQFF	TRBV5-6	TRBJ2-1
CASSLTSSADTQYF	TRBV6-4	TRBJ2-3
CASSEEEGGWEQFF	TRBV9	TRBJ2-1
CSASPPASSGQPQHF	TRBV20-1	TRBJ1-5
CASRIQGYNEQFF	TRBV28	TRBJ2-1
CASKIGGKNTEAFF	TRBV6-5	TRBJ1-1
CASSYGENTEAFF	TRBV6-5	TRBJ1-1
CASSSPPGGASDTQYF	TRBV11-2	TRBJ2-3
CASSYSLGLDFYNEQFF	TRBV6-3	TRBJ2-1
CASRAGDTDTQYF	TRBV6-5	TRBJ2-3
CASSLAGGRTGDYGYTF	TRBV5-1	TRBJ1-2
CASSYGTDYGYTF	TRBV27	TRBJ1-2
CASSLSGMLNQPQHF	TRBV7-8	TRBJ1-5
CASRGSMNTEAFF	TRBV6-3	TRBJ1-1
CATRGGLDTDTQYF	TRBV24-1	TRBJ2-3
CASSLRPPGGLGATNEKLFF	TRBV19	TRBJ1-4
CASSPPTSYEQYF	TRBV9	TRBJ2-7
CASSQWDGYEQYF	TRBV3-1	TRBJ2-7
CATSSGYEAGDNYEQYF	TRBV24-1	TRBJ2-7
CASSSLIRGAVGEQYF	TRBV27	TRBJ2-7
CASSFWRGYTDTQYF	TRBV5-6	TRBJ2-3
CASTLREGLNTEAFF	TRBV5-4	TRBJ1-1
CASSHGGISYNEQFF	TRBV6-1	TRBJ2-1
CASSQIHRDHYGYTF	TRBV16	TRBJ1-2
CASSVGGDGEQYF	TRBV9	TRBJ2-7
CASSDSYSGNTIYF	TRBV19	TRBJ1-3
CASSLTGNTEAFF	TRBV12-4	TRBJ1-1
CASTGGGAGVVGELFF	TRBV27	TRBJ2-2
CASRADSYNEQFF	TRBV5-4	TRBJ2-1
CASSFSVEETANYGYTF	TRBV5-1	TRBJ1-2
CASSLGGPALDQPQHF	TRBV27	TRBJ1-5
CASSQVSGTYNEQFF	TRBV4-1	TRBJ2-1
CASSLWTGNQYF	TRBV11-1	TRBJ2-7
CASSSARQRNYGYTF	TRBV5-6	TRBJ1-2
CATSAGLSSPLHF	TRBV24-1	TRBJ1-6
CASSVMGSPYEQYF	TRBV9	TRBJ2-7
CSVPGGANTEAFF	TRBV29-1	TRBJ1-1
CASSLVDLVHGYTF	TRBV7-8	TRBJ1-2
CASSSVDRGRFDEQYF	TRBV5-5	TRBJ2-7
CSARDPTSYEQYF	TRBV20-1	TRBJ2-7
CATSDFEWGYTF	TRBV24-1	TRBJ1-2
CATGHQPQHF	TRBV6-2	TRBJ1-5
CASSPARGRVEQYF	TRBV27	TRBJ2-7
CASSRGLAGGYNEQFF	TRBV6-2	TRBJ2-1
CASTPWVAGGGELFF	TRBV7-8	TRBJ2-2
CASGLAVNTEAFF	TRBV12-5	TRBJ1-1
CASRQENSGNTIYF	TRBV5-6	TRBJ1-3
CASSSEDSGDQPQHF	TRBV12-3	TRBJ1-5
CASSPDRGYYEQYF	TRBV12-3	TRBJ2-7
CASSPTTGTGHYGYTF	TRBV6-5	TRBJ1-2
CASRQGSGTGELFF	TRBV6-4	TRBJ2-2
CASSPGTPRDEQFF	TRBV6-1	TRBJ2-1
CAWSWGTPENIQYF	TRBV30	TRBJ2-4
CSVDLANGYTF	TRBV29-1	TRBJ1-2
CASSQSKGQGNEKLFF	TRBV4-1	TRBJ1-4
CASSNRDRGDYEQYF	TRBV7-9	TRBJ2-7
CASSPGRENTEAFF	TRBV9	TRBJ1-1
CASSAGGGATNEKLFF	TRBV9	TRBJ1-4
CASSVGQGLSYNEQFF	TRBV9	TRBJ2-1
CSARVFYTFFRGGFKSAEAFF	TRBV20-1	TRBJ1-1
CASRTAGTGELFF	TRBV11-2	TRBJ2-2
CASSPPGSSDNSPLHF	TRBV7-9	TRBJ1-6
CSVRRGYYGYTF	TRBV20-1	TRBJ1-2
CASTPWGGAGGELFF	TRBV12-4	TRBJ2-2
CASSVADNPYNEQFF	TRBV9	TRBJ2-1
CASSYGAAGGDKTQYF	TRBV6-5	TRBJ2-5
CASSLGGSPLHF	TRBV5-4	TRBJ1-6
CASSQEAADNEKLFF	TRBV14	TRBJ1-4
CATWDRGAEAFF	TRBV27	TRBJ1-1
CASSFLSEDRVNEQFF	TRBV6-5	TRBJ2-1
CSVETTGLNYGYTF	TRBV29-1	TRBJ1-2
CASSPRYNTYNEQFF	TRBV7-9	TRBJ2-1
CASKPGADYEQYF	TRBV28	TRBJ2-7
CASSQVLDRGFYEQYF	TRBV4-1	TRBJ2-7
CASSLSASTARYGYTF	TRBV27	TRBJ1-2
CASTPGGGSGANVLTF	TRBV2	TRBJ2-6
CASKGVSTDTQYF	TRBV2	TRBJ2-3
CASSQPLLRTSANYGYTF	TRBV6-3	TRBJ1-2
CASSHTPPNTGELFF	TRBV9	TRBJ2-2
CASSQGYRLGTEAFF	TRBV4-3	TRBJ1-1
CASSLNYEQYF	TRBV11-2	TRBJ2-7
CASSEAVDRGNEQFF	TRBV6-1	TRBJ2-1
CASSLNGGLPETQYF	TRBV27	TRBJ2-5
CASRSSWGGATEAFF	TRBV27	TRBJ1-1
CASSYFRDRVGDQPQHF	TRBV7-6	TRBJ1-5
CAGSQGMRSPLHF	TRBV6-3	TRBJ1-6
CASSYQTGTGTYGYTF	TRBV6-5	TRBJ1-2
CASSLTGVNTEAFF	TRBV7-3	TRBJ1-1
CASRRQGTVYEQYF	TRBV28	TRBJ2-7
CASSLGFPGTFFYEQYF	TRBV12-3	TRBJ2-7
CASSSEALGRGSYNEQFF	TRBV12-4	TRBJ2-1
CASSVEKERASDYGYTF	TRBV9	TRBJ1-2
CARVSGLGMYNEQFF	TRBV2	TRBJ2-1
CASSPNIGDSLRETQYF	TRBV7-8	TRBJ2-5
CATEGLAEWGQQETQYF	TRBV6-6	TRBJ2-5
CSAREVNTNEQFF	TRBV20-1	TRBJ2-1
CASSDLAGSGTDTQYF	TRBV6-4	TRBJ2-3
CASSSPAESRVGEQYF	TRBV7-9	TRBJ2-7
CASSYGERLHTGELFF	TRBV6-5	TRBJ2-2
CASSLLDSHSYEQYF	TRBV27	TRBJ2-7
CASSITPLNTEAFF	TRBV19	TRBJ1-1
CSVENQGAYGYTF	TRBV29-1	TRBJ1-2
CASSLGGSETQYF	TRBV6-5	TRBJ2-5
CASSQNTRTDGYTF	TRBV4-1	TRBJ1-2
CASSLLADEQYF	TRBV7-9	TRBJ2-7
CASSQDRELAFF	TRBV12-4	TRBJ1-1
CASSLGGGQETQYF	TRBV5-5	TRBJ2-5
CSVEYGLAGSTDTQYF	TRBV29-1	TRBJ2-3
CSASPGQVEAFF	TRBV20-1	TRBJ1-1
CAWSVGQAPEKLFF	TRBV30	TRBJ1-4
CASSSGTGDVYEQYF	TRBV19	TRBJ2-7
CASSRVDTQYF	TRBV4-1	TRBJ2-3
CASSQVQGAYEQYF	TRBV4-1	TRBJ2-7
CASRKGERTLEAFF	TRBV12-3	TRBJ1-1
CSARATGGYEQYF	TRBV20-1	TRBJ2-7
CASSEGLAGGQGEQYF	TRBV9	TRBJ2-7
CASRPRTGTEAFF	TRBV12-3	TRBJ1-1
CASNSDRDDLLNTEAFF	TRBV6-6	TRBJ1-1
CASSLVASGQETQYF	TRBV7-3	TRBJ2-5
CARSLAPGATNEKLFF	TRBV7-6	TRBJ1-4
CASSPFGEGGANVLTF	TRBV3-1	TRBJ2-6
CASSSHDRQGASSPLHF	TRBV6-4	TRBJ1-6
CATSEGARTSGRYNEQFF	TRBV24-1	TRBJ2-1
CASSIVPTYEQYF	TRBV19	TRBJ2-7
CSVETGLGYEQYF	TRBV29-1	TRBJ2-7
CASSSNQGLAGLHEQFF	TRBV2	TRBJ2-1
CASTGGPNYGYTF	TRBV19	TRBJ1-2
CASSHLGGDRYMNEQFF	TRBV3-1	TRBJ2-1
CASSMTGGYIAEAFF	TRBV19	TRBJ1-1
CSAGGNTEAFF	TRBV29-1	TRBJ1-1
CASSLVTGGRYEQYF	TRBV27	TRBJ2-7
CASSLPLAVTF	TRBV4-2	TRBJ1-2
CASSEAMSAYEQFF	TRBV2	TRBJ2-1
CASSGWRGDLFEQYF	TRBV25-1	TRBJ2-7
CASSEYSLTDTQYF	TRBV25-1	TRBJ2-3
CASRPGTSSYEQYF	TRBV28	TRBJ2-7
CASSLDSTGGIGELFF	TRBV7-6	TRBJ2-2
CASSSPASYEQYF	TRBV27	TRBJ2-7
CSARDRASAEQYF	TRBV20-1	TRBJ2-7
CASSFSVWDRPNTEAFF	TRBV12-3	TRBJ1-1
CASSGHDRVYDTDTQYF	TRBV28	TRBJ2-3
CASSLAAGGRDQPQHF	TRBV5-6	TRBJ1-5
CASRDGGQIDKTQYF	TRBV25-1	TRBJ2-5
CASSYKWGQPQHF	TRBV6-5	TRBJ1-5
CASSTMGLAGGLTDTQYF	TRBV2	TRBJ2-3
CASSQKGLAAGELFF	TRBV4-3	TRBJ2-2
CASSLPASGGATDNEQFF	TRBV12-4	TRBJ2-1
CASSLLGQAVMNTEAFF	TRBV5-1	TRBJ1-1
CASMGLGNTIYF	TRBV28	TRBJ1-3
CASSLGSGRYQETQYF	TRBV12-4	TRBJ2-5
CASSQAWGGNTDTQYF	TRBV4-1	TRBJ2-3
CASSFSRNSPLHF	TRBV5-1	TRBJ1-6
CASSLARTDTQYF	TRBV5-1	TRBJ2-3
CASRDVSGTPGSGEQFF	TRBV28	TRBJ2-1
CASSPGQGPYTGELFF	TRBV13	TRBJ2-2
CASSLGPIDEQFF	TRBV7-7	TRBJ2-1
CASSLQGSGTGELFF	TRBV12-4	TRBJ2-2
CASSSRTGTGETQYF	TRBV4-1	TRBJ2-5
CASSGRTGWNEQYF	TRBV6-5	TRBJ2-7
CASRTLAGGSSEQFF	TRBV19	TRBJ2-1
CASSFSVNTEAFF	TRBV5-5	TRBJ1-1
CASSWKDPDLSGYTF	TRBV5-1	TRBJ1-2
CASSPRGLYEQYF	TRBV27	TRBJ2-7
CASSYFRGYEQYF	TRBV6-5	TRBJ2-7
CASSPGQLLTF	TRBV4-1	TRBJ1-2
CASSLQGAPTYNEQFF	TRBV18	TRBJ2-1
CASSYWDRTTSGNTIYF	TRBV6-6	TRBJ1-3
CASSFAGNQPQHF	TRBV28	TRBJ1-5
CASSSGVGPQHF	TRBV5-4	TRBJ1-5
CASSYERGGPPNTGELFF	TRBV6-6	TRBJ2-2
CASNGRGIQETQYF	TRBV6-3	TRBJ2-5
CAWSGQLHYGYTF	TRBV30	TRBJ1-2
CASSFYFTGAPYYEQFF	TRBV7-8	TRBJ2-1
CASSSTSSGANVLTF	TRBV6-2	TRBJ2-6
CASSLEWGGETQYF	TRBV5-1	TRBJ2-5
CASSLFGAVGELFF	TRBV27	TRBJ2-2
CASSLDTFGTSGRGEQFF	TRBV11-2	TRBJ2-1
CASSVPSGGETQYF	TRBV9	TRBJ2-5
CASSTDSAENIQYF	TRBV5-4	TRBJ2-4
CASSLAGYNEQFF	TRBV5-1	TRBJ2-1
CASSVARLNSPLHF	TRBV6-1	TRBJ1-6
CAISEGASGYTF	TRBV10-3	TRBJ1-2
CASSVYRGLGANVLTF	TRBV5-1	TRBJ2-6
CSVEVNTEAFF	TRBV29-1	TRBJ1-1
CASSPGPKETQYF	TRBV18	TRBJ2-5
CASSFTGTETQYF	TRBV7-6	TRBJ2-5
CASSLVVGVQVIQYF	TRBV7-9	TRBJ2-5
CATSPPGTGANTEAFF	TRBV15	TRBJ1-1
CASSYSEGTEAFF	TRBV6-5	TRBJ1-1
CASSTRGGTLHTEAFF	TRBV13	TRBJ1-1
CSVDSGRAGYEQYF	TRBV29-1	TRBJ2-7
CASGQDVEAFF	TRBV13	TRBJ1-1
CASSLRVTEAFF	TRBV5-6	TRBJ1-1
CAAGGGGTEKLFF	TRBV10-3	TRBJ1-4
CASSQRARAKNIQYF	TRBV4-2	TRBJ2-4
CASSLGRVEGGTEAFF	TRBV7-9	TRBJ1-1
CASSFSGGAVSPLHF	TRBV27	TRBJ1-6
CASRDQTAYYGYTF	TRBV10-1	TRBJ1-2
CASSLELGNPQYF	TRBV5-5	TRBJ2-3
CASSFAGYEQYF	TRBV14	TRBJ2-7
CASSTRGGGDAKNIQYF	TRBV9	TRBJ2-4
CASSLVPSGSTDTQYF	TRBV5-1	TRBJ2-3
CASFGDRADGEAFF	TRBV19	TRBJ1-1
CASSLQALAGGGEQFF	TRBV27	TRBJ2-1
CASSLAVGDSPLHF	TRBV7-6	TRBJ1-6
CASGFQGINQPQHF	TRBV12-5	TRBJ1-5
CASEAGEGYEQYF	TRBV7-6	TRBJ2-7
CSARIGPSSYNSPLHF	TRBV20-1	TRBJ1-6
CASRVEYVETQYF	TRBV7-9	TRBJ2-5
CASSYKYRENTEAFF	TRBV6-5	TRBJ1-1
CASSLGRDSPLHF	TRBV4-1	TRBJ1-6
CASRERGWVEQFF	TRBV5-6	TRBJ2-1
CASRPLGGSYNEQFF	TRBV5-6	TRBJ2-1
CASSQEGRWNTEAFF	TRBV19	TRBJ1-1
CASSLDQGGTEAFF	TRBV7-6	TRBJ1-1
CASILPQGTQYF	TRBV7-2	TRBJ2-5
CASGTGGTRTMNTEAFF	TRBV5-1	TRBJ1-1
CASSSEYSSTDTQYF	TRBV6-5	TRBJ2-3
CASSDLTSGSHTQYF	TRBV6-4	TRBJ2-3
CASRPITGDLCPYEQYF	TRBV6-9	TRBJ2-7
CASTEDRTGIVNTEAFF	TRBV28	TRBJ1-1
CASSFGTGGTDTQYF	TRBV19	TRBJ2-3
CASSFFYNTGELFF	TRBV5-1	TRBJ2-2
CASSQAVAGYYGYTF	TRBV4-2	TRBJ1-2
CASSAGGLAGPGELFF	TRBV11-3	TRBJ2-2
CASSQVPTSGNEQFF	TRBV4-1	TRBJ2-1
CASSLGRGRTEAFF	TRBV5-1	TRBJ1-1
CASSLGNSSGQPQHF	TRBV5-4	TRBJ1-5
CASSIPQKAFF	TRBV19	TRBJ1-1
CASSSRLAGGLSDTQYF	TRBV7-9	TRBJ2-3
CASSLGGARPQHF	TRBV7-6	TRBJ1-5
CASSSPREREITDTQYF	TRBV28	TRBJ2-3
CASSQELGQMRNTEAFF	TRBV3-1	TRBJ1-1
CASRYTGATGELFF	TRBV6-5	TRBJ2-2
CASGEWTKANYGYTF	TRBV12-3	TRBJ1-2
CASSRGRGSSYNEQFF	TRBV12-4	TRBJ2-1
CASREGGGGTEAFF	TRBV7-9	TRBJ1-1
CASLPTGTNTGELFF	TRBV12-4	TRBJ2-2
CASSPDYLAGGHFNTGELFF	TRBV7-9	TRBJ2-2
CSVDRGSYEQYF	TRBV29-1	TRBJ2-7
CATSDFVGPALGSYNEQFF	TRBV24-1	TRBJ2-1
CASSEEGGGYTF	TRBV2	TRBJ1-2
CASSEYLSGSSYEQYF	TRBV6-1	TRBJ2-7
CASRARGQGPTGELFF	TRBV7-9	TRBJ2-2
CASSGSYEQYF	TRBV7-9	TRBJ2-7
CASSLGDTLNNFYSNQPQHF	TRBV7-2	TRBJ1-5
CASRRLTQETQYF	TRBV7-9	TRBJ2-5
CASSIDSGTSSPQHF	TRBV19	TRBJ1-5
CASRSSGIPNEQFF	TRBV2	TRBJ2-1
CASSFNIKGLNYGYTF	TRBV12-4	TRBJ1-2
CASSVDGEPYEQYF	TRBV9	TRBJ2-7
CASSYQANTGELFF	TRBV6-5	TRBJ2-2
CASSPTGGAGELFF	TRBV11-2	TRBJ2-2
CASSSGLAGVNEQFF	TRBV7-9	TRBJ2-1
CASIQGTNEKLFF	TRBV6-6	TRBJ1-4
CASSGYWGLGYGYTF	TRBV4-3	TRBJ1-2
CSALGGVGVRENTEAFF	TRBV20-1	TRBJ1-1
CASSPDGTDTQYF	TRBV5-1	TRBJ2-3
CASSFIRAYQPQHF	TRBV28	TRBJ1-5
CASSLGDVSYNEQFF	TRBV27	TRBJ2-1
CSAPPIRAGSYNEQFF	TRBV20-1	TRBJ2-1
CASSQVLFAYEQYF	TRBV14	TRBJ2-7
CASSEGGGTEAFF	TRBV5-1	TRBJ1-1
CASSLRGSMNTEAFF	TRBV13	TRBJ1-1
CASSHRAGALHF	TRBV5-6	TRBJ1-6
CASSLAAQVYGYTF	TRBV7-9	TRBJ1-2
CASSSTGPGTEAFF	TRBV5-4	TRBJ1-1
CASSSGTGDKETQYF	TRBV5-1	TRBJ2-5
CASSPPFEREDNEQFF	TRBV18	TRBJ2-1
CASSLALGSAGYTF	TRBV5-4	TRBJ1-2
CASRDRATSNTGELFF	TRBV11-3	TRBJ2-2
CASSLVFTGGAGNEQFF	TRBV11-2	TRBJ2-1
CASSYMGGVGTDTQYF	TRBV6-5	TRBJ2-3
CASSESTRRGRVGEQFF	TRBV10-1	TRBJ2-1
CASSSPGGGLNTEAFF	TRBV7-6	TRBJ1-1
CASSYRQVSETQYF	TRBV5-1	TRBJ2-5
CASSEGTSGQETQYF	TRBV2	TRBJ2-5
CASSLGLDIQYF	TRBV7-9	TRBJ2-4
CASPRLDRDTDTQYF	TRBV5-5	TRBJ2-3
CASSIGAGAQETQYF	TRBV19	TRBJ2-5
CASSPSGTWGEKLFF	TRBV27	TRBJ1-4
CASSAPGQMNTEAFF	TRBV11-2	TRBJ1-1
CASSLEGDQPQHF	TRBV5-1	TRBJ1-5
CSVGFNQPQHF	TRBV29-1	TRBJ1-5
CASSYGRETGELFF	TRBV6-5	TRBJ2-2
CASSHSQGATGELFF	TRBV4-1	TRBJ2-2
CASSDKWGGSGNTIYF	TRBV6-1	TRBJ1-3
CSATLNWGFF	TRBV20-1	TRBJ1-4
CAWSVTRGYEQFF	TRBV30	TRBJ2-1
CASSLDTGKTEAFF	TRBV7-6	TRBJ1-1
CASSYPTSGSYNEQFF	TRBV13	TRBJ2-1
CASSFVGGIDGYTF	TRBV12-3	TRBJ1-2
CASSLTREQYF	TRBV5-6	TRBJ2-7
CASRYLIVDQETQYF	TRBV5-1	TRBJ2-5
CASSLNPSSYEQYF	TRBV12-3	TRBJ2-7
CASRSTGLAGYNEQFF	TRBV2	TRBJ2-1
CAIRDVSSTDTQYF	TRBV10-3	TRBJ2-3
CASSQQTGTIGGYTF	TRBV6-5	TRBJ1-2
CASSLSPSTSNYGYTF	TRBV27	TRBJ1-2
CASSLNSGLYNEQFF	TRBV5-6	TRBJ2-1
CASSLGEQGTF	TRBV12-4	TRBJ1-2
CASSQDEGTARGYTF	TRBV4-2	TRBJ1-2
CATSRILGSPLHF	TRBV15	TRBJ1-6
CASSLSIDSTDTQYF	TRBV27	TRBJ2-3
CASSPSGGTNYGYTF	TRBV19	TRBJ1-2
CASSDTASGDTDTQYF	TRBV9	TRBJ2-3
CASSLATGTEAFF	TRBV7-9	TRBJ1-1
CASSLLGDNEQFF	TRBV7-6	TRBJ2-1
CASSYYEDRVSEAFF	TRBV9	TRBJ1-1
CAWSGGGDGYTF	TRBV30	TRBJ1-2
CASSYGGGTEAFF	TRBV6-3	TRBJ1-1
CSARDERFANYGYTF	TRBV20-1	TRBJ1-2
CASSTLDSPTDTQYF	TRBV6-5	TRBJ2-3
CSANWQGGQYF	TRBV20-1	TRBJ2-7
CASSLGYEANPARGYGYTF	TRBV5-1	TRBJ1-2
CASSLVGGRHGYTF	TRBV12-4	TRBJ1-2
CASSPSDYGYTF	TRBV7-3	TRBJ1-2
CASSHTGGPTLAKNIQYF	TRBV3-1	TRBJ2-4
CASSLSWTVPEQFF	TRBV5-1	TRBJ2-1
CATSDLPGGRETQYF	TRBV24-1	TRBJ2-5
CATSRDRGTGSYEQYF	TRBV15	TRBJ2-7
CSVQRGGFETQYF	TRBV29-1	TRBJ2-5
CASSPLSGGTEAFF	TRBV18	TRBJ1-1
CASSALGTSLADTQYF	TRBV7-9	TRBJ2-3
CSVAGTGNTEAFF	TRBV29-1	TRBJ1-1
CASSPTGLEAFF	TRBV6-6	TRBJ1-1
CASSRGDNQPQHF	TRBV27	TRBJ1-5
CSARDLRGQGDNSPLHF	TRBV20-1	TRBJ1-6
CASSPRTSGGAQTQYF	TRBV7-9	TRBJ2-5
CSARDLGLAGGLTVDTQYF	TRBV20-1	TRBJ2-3
CASSLAPEATNEKLFF	TRBV7-6	TRBJ1-4
CASSQGSGTYF	TRBV3-1	TRBJ2-5
CASSGRQGAGRGAQYF	TRBV11-2	TRBJ2-5
CASSLGGRNNEQFF	TRBV27	TRBJ2-1
CASSQAVASGGGRSEQFF	TRBV3-1	TRBJ2-1
CAISALGGVIGELFF	TRBV10-3	TRBJ2-2
CASSVLYLNEQFF	TRBV7-6	TRBJ2-1
CSARDLRGPYNEQFF	TRBV20-1	TRBJ2-1
CATGQLNTEAFF	TRBV24-1	TRBJ1-1
CASSVGDAQYEQYF	TRBV9	TRBJ2-7
CASSQDRGSDSYGYTF	TRBV4-3	TRBJ1-2
CASSYWGSDGYTF	TRBV6-5	TRBJ1-2
CASGLLWGQEQFF	TRBV12-5	TRBJ2-1
CASSGVAGLTDTQYF	TRBV9	TRBJ2-3
CASSPQGDGEKLFF	TRBV19	TRBJ1-4
CASRPRDRGLSTEAFF	TRBV27	TRBJ1-1
CASRVEDRHSYNEQFF	TRBV28	TRBJ2-1
CASSLQDRAYEQYF	TRBV5-1	TRBJ2-7
CASSRWTIYF	TRBV19	TRBJ1-3
CASSASGGAGNIQYF	TRBV9	TRBJ2-4
CASSFRSGDGYTF	TRBV7-9	TRBJ1-2
CACLGTGTYEQYF	TRBV2	TRBJ2-7
CASSLPDGTDLSGANVLTF	TRBV28	TRBJ2-6
CAISERNYRERDGYTF	TRBV10-3	TRBJ1-2
CASNEQFSHSPLHF	TRBV5-6	TRBJ1-6
CAISDGSYWDEQYF	TRBV10-3	TRBJ2-7
CASSQDSGVAYEQFF	TRBV4-3	TRBJ2-1
CASSEGQGMAYEQYF	TRBV6-1	TRBJ2-7
CASSLDPSEAFF	TRBV5-6	TRBJ1-1
CASSLGQGNQPQHF	TRBV2	TRBJ1-5
CASSPGTSGGATDTQYF	TRBV5-1	TRBJ2-3
CASSTGLSGNTIYF	TRBV10-2	TRBJ1-3
CASSLLVGSGANVLTF	TRBV27	TRBJ2-6
CSASGPKAGDFHYEQYF	TRBV20-1	TRBJ2-7
CASSLGFLAYNEQFF	TRBV5-8	TRBJ2-1
CASSIVTGEETQYF	TRBV19	TRBJ2-5
CASSGLAGGPDTQYF	TRBV6-1	TRBJ2-3
CASSIEGSSSYEQYF	TRBV19	TRBJ2-7
CASSLASSYWAEQETQYF	TRBV7-2	TRBJ2-5
CASSASPGLAISLDTGELFF	TRBV12-4	TRBJ2-2
CASSPLTLLGNTEAFF	TRBV7-9	TRBJ1-1
CASSIGGNTEAFF	TRBV19	TRBJ1-1
CASSLVFWADNEQYF	TRBV7-9	TRBJ2-7
CASSSEGGGETQYF	TRBV13	TRBJ2-5
CASSDPASGIDYEQYF	TRBV10-2	TRBJ2-7
CASSLQGDTIYF	TRBV5-1	TRBJ1-3
CASSLEGYGSTYEQYF	TRBV7-8	TRBJ2-7
CASSLVAGELFF	TRBV7-6	TRBJ2-2
CASAPNPNTGELFF	TRBV12-4	TRBJ2-2
CASSIGGAGYTF	TRBV19	TRBJ1-2
CASSPPQGLITGELFF	TRBV12-4	TRBJ2-2
CASSPGQGMSGELFF	TRBV7-9	TRBJ2-2
CASRSGMSTDTQYF	TRBV19	TRBJ2-3
CASRGLAITDTQYF	TRBV13	TRBJ2-3
CASRSGETGIIQYF	TRBV27	TRBJ2-4
CASSFYFTVAPYNEQFF	TRBV7-8	TRBJ2-1
CSAQAERSYEQYF	TRBV20-1	TRBJ2-7
CASSQAGRHTDTQYF	TRBV3-1	TRBJ2-3
CASSQTGTDTEAFF	TRBV13	TRBJ1-1
CATAQGMGQPQHF	TRBV24-1	TRBJ1-5
CASRTSGETQYF	TRBV27	TRBJ2-5
CSARTGQINGYTF	TRBV20-1	TRBJ1-2
CASKKLAGDSYEQYF	TRBV6-5	TRBJ2-7
CSVAHVGNYGYTF	TRBV29-1	TRBJ1-2
CASSNRGWGDTQYF	TRBV6-1	TRBJ2-3
CASSQGVWNYGYTF	TRBV4-1	TRBJ1-2
CASSFPRTKNTEAFF	TRBV11-2	TRBJ1-1
CASSGGSRGGSTGELFF	TRBV2	TRBJ2-2
CASSDGTGGYNEQFF	TRBV6-4	TRBJ2-1
CASSFGGGGANEQYF	TRBV5-6	TRBJ2-7
CASSYGTSSTDTQYF	TRBV6-3	TRBJ2-3
CASSILAGGPDEQFF	TRBV19	TRBJ2-1
CSFKREGPFANTGELFF	TRBV29-1	TRBJ2-2
CASGDSPNEQYF	TRBV5-1	TRBJ2-7
CASSQETGLSNYGYTF	TRBV3-1	TRBJ1-2
CASSSQAGAGDTYNEQFF	TRBV28	TRBJ2-1
CASSEPLQDYQETQYF	TRBV2	TRBJ2-5
CASSQGVDTSASYNEQFF	TRBV4-1	TRBJ2-1
CASSLVTGTGASYNEQFF	TRBV7-6	TRBJ2-1
CASSYPLAGGGSYNEQFF	TRBV6-6	TRBJ2-1
CSASLGGGPDMNTEAFF	TRBV20-1	TRBJ1-1
CSADMSLENEQFF	TRBV20-1	TRBJ2-1
CASRDHRVPSDTQYF	TRBV27	TRBJ2-3
CASSSISTDQPQHF	TRBV12-4	TRBJ1-5
CASSKGQASTEAFF	TRBV5-1	TRBJ1-1
CASSLIPGAFF	TRBV11-2	TRBJ1-1
CANSRGGSDNEQFF	TRBV6-4	TRBJ2-1
CASSNLGTGNFF	TRBV5-4	TRBJ2-1
CASSRGQLEQYF	TRBV6-2	TRBJ2-7
CASSLGDGGNTGELFF	TRBV5-1	TRBJ2-2
CASSFQTGASYGYTF	TRBV6-5	TRBJ1-2
CASSPMVDYSNQPQHF	TRBV5-8	TRBJ1-5
CSASKPGPGTYEQYF	TRBV20-1	TRBJ2-7
CASSQLGNGYTF	TRBV3-1	TRBJ1-2
CSARDQVRANYGYTF	TRBV20-1	TRBJ1-2
CASIGHMNTEAFF	TRBV2	TRBJ1-1
CASSQGFWTFGNTIYF	TRBV4-3	TRBJ1-3
CASSQDLAGGPDTQYF	TRBV4-2	TRBJ2-3
CASDTRQADTQYF	TRBV12-5	TRBJ2-3
CASSSGLAGVVGYEQFF	TRBV13	TRBJ2-1
CASSPPGSDEQFF	TRBV18	TRBJ2-1
CASSYSGTDTFYSNQPQHF	TRBV6-3	TRBJ1-5
CASSPPSGSYEQYF	TRBV7-9	TRBJ2-7
CASSMSVWGTANNEQFF	TRBV19	TRBJ2-1
CASRQTKTNTEAFF	TRBV2	TRBJ1-1
CASTTQGDSGQGLSAVGSYNEQFF	TRBV27	TRBJ2-1
CAISESVQGLAKNIQYF	TRBV10-3	TRBJ2-4
CASSLTQGWYNEQFF	TRBV7-9	TRBJ2-1
CASSSQQESIFTGELFF	TRBV7-9	TRBJ2-2
CASGPGTSATDTQYF	TRBV6-5	TRBJ2-3
CASSIYNEQFF	TRBV5-1	TRBJ2-1
CASSPPGGSGNTIYF	TRBV28	TRBJ1-3
CASSVEASGERWLFF	TRBV9	TRBJ2-1
CAPRGGTNTGELFF	TRBV4-2	TRBJ2-2
CASSPGQGGNQPQHF	TRBV10-2	TRBJ1-5
CASSPHPMNTEAFF	TRBV4-1	TRBJ1-1
CASSLAGGGTGELFF	TRBV7-7	TRBJ2-2
CASSDSGQGWIEKLFF	TRBV2	TRBJ1-4
CASSPRQGSYNEQFF	TRBV7-6	TRBJ2-1
CASSQSYEQYF	TRBV11-2	TRBJ2-7
CASSGWTKNIQYF	TRBV19	TRBJ2-4
CASSLSPGVIFSYNSPLHF	TRBV27	TRBJ1-6
CASGLSDRGGDEQFF	TRBV12-5	TRBJ2-1
CASSLERGAAGNTIYF	TRBV7-8	TRBJ1-3
CASSLQGVAYNEQFF	TRBV13	TRBJ2-1
CASSRLAGESDTQYF	TRBV5-4	TRBJ2-3
CASSEGQGGGQPQHF	TRBV13	TRBJ1-5
CASTLTVTDTQYF	TRBV7-2	TRBJ2-3
CAINPGTGSGNTIYF	TRBV10-3	TRBJ1-3
CASNHRGLGYEQYF	TRBV27	TRBJ2-7
CASSQVEDSGELFF	TRBV4-3	TRBJ2-2
CASSLMGPDTQYF	TRBV27	TRBJ2-3
CATSRGLTGELFF	TRBV24-1	TRBJ2-2
CASSQVPGRGGNTEAFF	TRBV4-1	TRBJ1-1
CASSLGGLGGRYGYTF	TRBV5-6	TRBJ1-2
CASSLGRSQNEQYF	TRBV5-1	TRBJ2-7
CATSDEDRGFTGELFF	TRBV24-1	TRBJ2-2
CASSIHHRGSSSPLHF	TRBV7-9	TRBJ1-6
CASSSRTSGAYEQYF	TRBV19	TRBJ2-7
CASSLSGGDEQYF	TRBV5-4	TRBJ2-7
CASSSTWEGGGDTQYF	TRBV7-3	TRBJ2-3
CASSAEDGATDTQYF	TRBV9	TRBJ2-3
CSGIAGNYNEQFF	TRBV29-1	TRBJ2-1
CASSFGGREIGSYNEQFF	TRBV12-3	TRBJ2-1
CASSSRAEQFF	TRBV5-4	TRBJ2-1
CSAPTATTSSVFTEAFF	TRBV20-1	TRBJ1-1
CASRSPRAGETQYF	TRBV12-3	TRBJ2-5
CASSQLINRDRGLNEQFF	TRBV14	TRBJ2-1
CASSPPNQPQHF	TRBV18	TRBJ1-5
CASSLDRGSSYEQYF	TRBV5-6	TRBJ2-7
CASTNLGTSQFYEQYF	TRBV6-2	TRBJ2-7
CASSLISGRARNEQFF	TRBV7-9	TRBJ2-1
CASSLDLRTVNYGYTF	TRBV7-9	TRBJ1-2
CSATPTPGQFYEQYF	TRBV20-1	TRBJ2-7
CSARTGTAVYEQYF	TRBV20-1	TRBJ2-7
CASSRKWRTDSYGYTF	TRBV14	TRBJ1-2
CASSQEHRANTEAFF	TRBV4-1	TRBJ1-1
CASSPGASNEKLFF	TRBV4-1	TRBJ1-4
CASGYWKLAGGPQETQYF	TRBV7-2	TRBJ2-5
CASSLAGLSDEQFF	TRBV7-9	TRBJ2-1
CASSDPGNQPQHF	TRBV6-1	TRBJ1-5
CASLQGRTEAFF	TRBV19	TRBJ1-1
CASSLPANTGELFF	TRBV7-8	TRBJ2-2
CASSVRQYTEAFF	TRBV19	TRBJ1-1
CASSQAAGPYNEQFF	TRBV4-1	TRBJ2-1
CAWNWAGGSDTQYF	TRBV30	TRBJ2-3
CASSSRDNQETQYF	TRBV14	TRBJ2-5
CSARDPREVNSPLHF	TRBV20-1	TRBJ1-6
CSARETGYNGYTF	TRBV20-1	TRBJ1-2
CASSIGLAYGYTF	TRBV13	TRBJ1-2
CASSMLPRSGPSTDTQYF	TRBV9	TRBJ2-3
CSVIGTGGRENIQYF	TRBV29-1	TRBJ2-4
CASSLGNTEAFF	TRBV5-1	TRBJ1-1
CSASERGFEGPYNEQFF	TRBV20-1	TRBJ2-1
CASSKSIIETGSNTEAFF	TRBV10-1	TRBJ1-1
CAWGGNNEQFF	TRBV30	TRBJ2-1
CASSLTGMNTEAFF	TRBV7-3	TRBJ1-1
CAISESLAGRTYNEQFF	TRBV10-3	TRBJ2-1
CASSIVGRTGFSYNEQFF	TRBV19	TRBJ2-1
CASSPPPSGAKEGVRAGNTIYF	TRBV3-1	TRBJ1-3
CASSIGKSWELFF	TRBV19	TRBJ2-2
CASSPQEGETQYF	TRBV12-3	TRBJ2-5
CASSLRVGFDYGYTF	TRBV11-2	TRBJ1-2
CASSPWTGDYEQYF	TRBV5-5	TRBJ2-7
CASSLVQEVGANVLTF	TRBV7-9	TRBJ2-6
CAASREGPNQPQHF	TRBV15	TRBJ1-5
CASSLQLGENTEAFF	TRBV4-1	TRBJ1-1
CATSGPGLDNEQFF	TRBV24-1	TRBJ2-1
CASSLSSGGAWETQYF	TRBV11-2	TRBJ2-5
CASSEGGDPYEKLFF	TRBV9	TRBJ1-4
CATSRDRGHGDTIYF	TRBV15	TRBJ1-3
CASSLAGNTEAFF	TRBV19	TRBJ1-1
CASSPWTEAFF	TRBV5-1	TRBJ1-1
CASSPLTGDTGELFF	TRBV27	TRBJ2-2
CSVYLLEAFF	TRBV29-1	TRBJ1-1
CASSPFQREETQYF	TRBV18	TRBJ2-5
CASSEGSTYGYTF	TRBV10-2	TRBJ1-2
CATRGGLENEQFF	TRBV10-1	TRBJ2-1
CAISSGGNNQPQHF	TRBV10-3	TRBJ1-5
CSADGGGGYTF	TRBV29-1	TRBJ1-2
CASSPVAGAPHEQYF	TRBV27	TRBJ2-7
CASVPRPGDSTDTQYF	TRBV12-3	TRBJ2-3
CASRKDATNEKLFF	TRBV27	TRBJ1-4
CSARDTLAGGVQETQYF	TRBV20-1	TRBJ2-5
CASSGGLAGGSGYEQYF	TRBV12-4	TRBJ2-7
CSARDQRLAGGRVGNEQFF	TRBV20-1	TRBJ2-1
CASSLVTGSEQFF	TRBV7-2	TRBJ2-1
CASSISGGYYNEQFF	TRBV7-9	TRBJ2-1
CASSQLTGVYEQYF	TRBV4-1	TRBJ2-7
CSARDSNWLGYTF	TRBV20-1	TRBJ1-2
CASSLAGGSETQYF	TRBV5-8	TRBJ2-5
CASSLETGYTEAFF	TRBV11-1	TRBJ1-1
CASGGGAGSGNTIYF	TRBV6-5	TRBJ1-3
CASSQVGQAIYGYTF	TRBV4-1	TRBJ1-2
CASSLSGTGELFF	TRBV12-4	TRBJ2-2
CSTQRGGTEAFF	TRBV29-1	TRBJ1-1
CSVTHRGGEQYF	TRBV29-1	TRBJ2-7
CASSLPDGEAFF	TRBV7-9	TRBJ1-1
CASSRLTGVVFNEQFF	TRBV4-1	TRBJ2-1
CASSFGLEMNEQFF	TRBV28	TRBJ2-1
CASSLGSTNEKLFF	TRBV18	TRBJ1-4
CASSSRTGDSEQYF	TRBV5-4	TRBJ2-7
CASSPGLAGDEQFF	TRBV4-3	TRBJ2-1
CATLLGVDYTF	TRBV6-3	TRBJ1-2
CASSLYTSTDTQYF	TRBV4-1	TRBJ2-3
CASSLQGTGLYEQYF	TRBV6-5	TRBJ2-7
CASSWSGGGASATQYF	TRBV7-9	TRBJ2-3
CASSFGELDSRGYTF	TRBV7-3	TRBJ1-2
CASSGVSDTQYF	TRBV9	TRBJ2-3
CSVPARAGYGYTF	TRBV29-1	TRBJ1-2
CASSGTDFNTGELFF	TRBV5-1	TRBJ2-2
CASSAGGTGSETQYF	TRBV9	TRBJ2-5
CASTRFPAEAFF	TRBV6-1	TRBJ1-1
CASSAGVAQGEQYF	TRBV27	TRBJ2-7
CASSQDDGGYNEQFF	TRBV4-3	TRBJ2-1
CASSAPSGSHYNEQFF	TRBV7-8	TRBJ2-1
CAWSIIQGAPMYGYTF	TRBV30	TRBJ1-2
CAWSVASTGLNYEQYF	TRBV30	TRBJ2-7
CASSPPSPGSYNEQFF	TRBV18	TRBJ2-1
CAWTGDGANVLTF	TRBV30	TRBJ2-6
CASSQGTSGFWQFF	TRBV3-1	TRBJ2-1
CASSQGPIKNIPYNEQFF	TRBV5-6	TRBJ2-1
CASSLIGQGGPDTQYF	TRBV7-9	TRBJ2-3
CASSLKKQTGGSNYGYTF	TRBV5-1	TRBJ1-2
CASSLGGAGDYNEQFF	TRBV7-6	TRBJ2-1
CASSSRLAGSTDTQYF	TRBV9	TRBJ2-3
CANSYATGIGNYGYTF	TRBV6-5	TRBJ1-2
CASSIVGGVNEQYF	TRBV19	TRBJ2-7
CSVPGLAGIGDEQFF	TRBV29-1	TRBJ2-1
CASSHSREGDTEAFF	TRBV4-1	TRBJ1-1
CASSPTGDNTGELFF	TRBV18	TRBJ2-2
CASSEPQTSNEQYF	TRBV10-2	TRBJ2-7
CASSRDTSTDTQYF	TRBV10-1	TRBJ2-3
CSASRRDIISGYTF	TRBV20-1	TRBJ1-2
CASSLVSGIWLAGELFF	TRBV7-7	TRBJ2-2
CASSFSGSSYEQYF	TRBV27	TRBJ2-7
CASSLIGVSVRNEQFF	TRBV7-9	TRBJ2-1
CASNAQGISDTQYF	TRBV12-4	TRBJ2-3
CASSQWGSGANVLTF	TRBV14	TRBJ2-6
CASSVQQGPNEKLFF	TRBV9	TRBJ1-4
CASSWGTRTGESYEQYF	TRBV13	TRBJ2-7
CASSQASHQTRNTIYF	TRBV14	TRBJ1-3
CASSQDQGLGNEQFF	TRBV4-1	TRBJ2-1
CATRQETNEKLFF	TRBV15	TRBJ1-4
CASSLGGGGELFF	TRBV5-8	TRBJ2-2
CASSLGSSQPQHF	TRBV27	TRBJ1-5
CASSFRETPSGNTIYF	TRBV6-5	TRBJ1-3
CASSRDPNTEAFF	TRBV10-1	TRBJ1-1
CASSLQTGLNTEAFF	TRBV7-9	TRBJ1-1
CASSLATGMTEAFF	TRBV12-3	TRBJ1-1
CAWRGVTFSNYGYTF	TRBV30	TRBJ1-2
CATSRDHEQFF	TRBV24-1	TRBJ2-1
CASSFFRDTIGNQPQHF	TRBV28	TRBJ1-5
CASSKYKKPSYNEQFF	TRBV19	TRBJ2-1
CASSSPPMGGELFF	TRBV5-5	TRBJ2-2
CASSVKTGTGATEAFF	TRBV6-3	TRBJ1-1
CASKGSRDSFNQPQHF	TRBV19	TRBJ1-5
CASMTSGKDTQYF	TRBV27	TRBJ2-3
CSPGRGQGSSYNEQFF	TRBV20-1	TRBJ2-1
CSVGPPEAFF	TRBV29-1	TRBJ1-1
CASSQENRDYGYTF	TRBV4-1	TRBJ1-2
CASSIAGFGNTIYF	TRBV19	TRBJ1-3
CASSLAPGVTNEKLFF	TRBV7-6	TRBJ1-4
CASSLSGVPYEQYF	TRBV5-6	TRBJ2-7
CASSDDRYEQYF	TRBV9	TRBJ2-7
CASSLGGQGWTEAFF	TRBV6-3	TRBJ1-1
CASSADSIRNTIYF	TRBV7-6	TRBJ1-3
CASSAGTSGDNEQFF	TRBV9	TRBJ2-1
CASSRFGQGLVGTEAFF	TRBV7-8	TRBJ1-1
CASSFGASGRKETQYF	TRBV19	TRBJ2-5
CATSGLSASGGYTF	TRBV24-1	TRBJ1-2
CSARDWGEETQYF	TRBV20-1	TRBJ2-5
CASSRGTPNEQFF	TRBV12-3	TRBJ2-1
CASSFPSYGYTF	TRBV12-3	TRBJ1-2
CASSEIPGGGDTQYF	TRBV7-2	TRBJ2-3
CATPDMHAETQYF	TRBV2	TRBJ2-5
CASSLPPGATNEKLFF	TRBV7-6	TRBJ1-4
CASSPGQGSEQYF	TRBV4-1	TRBJ2-7
CASRKENQPQHF	TRBV27	TRBJ1-5
CATSEGTGGYNEQFF	TRBV24-1	TRBJ2-1
CASSATFTNTEAFF	TRBV5-1	TRBJ1-1
CASKQEWGNTEAFF	TRBV7-9	TRBJ1-1
CASSVEGRMAAEAFF	TRBV9	TRBJ1-1
CASSLVRTSGGAISDTQYF	TRBV11-2	TRBJ2-3
CASSQGRTGYNEQFF	TRBV3-1	TRBJ2-1
CAWSEILNTEAFF	TRBV30	TRBJ1-1
CASSPEQGIYEQYF	TRBV18	TRBJ2-7
CASSRGFGLRAGQRNQPQHF	TRBV6-2	TRBJ1-5
CASSLTSPGNTIYF	TRBV19	TRBJ1-3
CASSQVPSSYNEQFF	TRBV14	TRBJ2-1
CASSALGGGGTGELFF	TRBV9	TRBJ2-2
CASSIQGVNTEAFF	TRBV19	TRBJ1-1
CASSVVVQPSTDTQYF	TRBV9	TRBJ2-3
CASSLAGYSNQPQHF	TRBV7-9	TRBJ1-5
CASSLRAGMNTEAFF	TRBV5-1	TRBJ1-1
CASSLYPAMNTEAFF	TRBV27	TRBJ1-1
CASSAGQAGFSPLHF	TRBV7-9	TRBJ1-6
CASSIRTAETQYF	TRBV19	TRBJ2-5
CASISDRGRGWTEAFF	TRBV6-5	TRBJ1-1
CAWATGTGGSGYEQFF	TRBV30	TRBJ2-1
CSAIHPRQSGSPLHF	TRBV20-1	TRBJ1-6
CASSFEGPSYEQYF	TRBV27	TRBJ2-7
CASSPTSGSGDTQYF	TRBV9	TRBJ2-3
CASTQGGGTGSFYEQYF	TRBV6-5	TRBJ2-7
CASSFYEAFF	TRBV12-3	TRBJ1-1
CASSQGVGQGNQPQHF	TRBV3-1	TRBJ1-5
CASSLTDAEEQFF	TRBV12-4	TRBJ2-1
CATSMGTVNSPLHF	TRBV15	TRBJ1-6
CASSQGTGAGETQYF	TRBV6-6	TRBJ2-5
CASSFYRDGDHQPQHF	TRBV5-6	TRBJ1-5
CASSRAPNTEAFF	TRBV6-5	TRBJ1-1
CSARDFSGSTDTQYF	TRBV20-1	TRBJ2-3
CASSLTGETQYF	TRBV11-2	TRBJ2-5
CASSAVLFGTEGDTQYF	TRBV5-4	TRBJ2-3
CASTRGYNEQFF	TRBV7-2	TRBJ2-1
CASALAGGTDTQYF	TRBV6-3	TRBJ2-3
CATSLGNEQFF	TRBV24-1	TRBJ2-1
CSASPLSGSTYNEQFF	TRBV20-1	TRBJ2-1
CASRGGGNTIYF	TRBV12-4	TRBJ1-3
CASSVTGTEAFF	TRBV7-8	TRBJ1-1
CASSLMDSKTYEQYF	TRBV27	TRBJ2-7
CASSSTLAGEKKPYNEQFF	TRBV7-9	TRBJ2-1
CASSVHRGSGGELFF	TRBV11-3	TRBJ2-2
CASGLDRMNTEAFF	TRBV12-5	TRBJ1-1
CASRLDGTSSHEQYF	TRBV7-8	TRBJ2-7
CASSYIAGAYNEQFF	TRBV6-2	TRBJ2-1
CASTGLAYNEQFF	TRBV19	TRBJ2-1
CASSPPVGEQTQYF	TRBV7-9	TRBJ2-5
CASSADLGNTEAFF	TRBV5-1	TRBJ1-1
CASSQVQGWTEAFF	TRBV4-1	TRBJ1-1
CASSVVGSTDTQYF	TRBV9	TRBJ2-3
CASSLDVGDTEAFF	TRBV7-9	TRBJ1-1
CASSDTGPQETQYF	TRBV3-1	TRBJ2-5
CASSLPVGDYTGELFF	TRBV13	TRBJ2-2
CSARQASQSEREKLFF	TRBV20-1	TRBJ1-4
CASSLVGGNEQFF	TRBV7-3	TRBJ2-1
CASSLARRVNPRTDTQYF	TRBV7-9	TRBJ2-3
CASSESGTGRSNEKLFF	TRBV10-2	TRBJ1-4
CASSQEAGTASPITDTQYF	TRBV4-3	TRBJ2-3
CASRGLLSNEQYF	TRBV5-1	TRBJ2-7
CASSSLAGPANEQFF	TRBV6-3	TRBJ2-1
CASSQGPGMVPQYF	TRBV4-1	TRBJ2-4
CASSIAGSHEQYF	TRBV19	TRBJ2-7
CASSSTGWGGSSPLHF	TRBV19	TRBJ1-6
CASSYLGEGQPQHF	TRBV6-5	TRBJ1-5
CASSLFGSGGPSSYNEQFF	TRBV5-1	TRBJ2-1
CASSSPGQTYEQYF	TRBV5-5	TRBJ2-7
CASSTGQHYEQYF	TRBV5-1	TRBJ2-7
CASSGSGISYEQYF	TRBV10-2	TRBJ2-7
CASSLSAVHGYTF	TRBV27	TRBJ1-2
CASSSPKNEQYF	TRBV5-1	TRBJ2-7
CSARTSGTPGWEQFF	TRBV20-1	TRBJ2-1
CASSQDGEPYGYTF	TRBV4-3	TRBJ1-2
CASSEMTSGGNYNEQFF	TRBV5-6	TRBJ2-1
CSAREGTDFYEQYF	TRBV20-1	TRBJ2-7
CASSPQEGGMNEKLFF	TRBV12-3	TRBJ1-4
CSASSPDTDSYEQYF	TRBV20-1	TRBJ2-7
CASSLQVWNEQFF	TRBV27	TRBJ2-1
CASSFIAPPSDTQYF	TRBV12-4	TRBJ2-3
CSARKELGADTSPTYNEQFF	TRBV20-1	TRBJ2-1
CSARDLKAGSWVEQYF	TRBV20-1	TRBJ2-7
CATSPDREYQETQYF	TRBV15	TRBJ2-5
CAWGGLDGEQFF	TRBV30	TRBJ2-1
CSVGEGANYGYTF	TRBV29-1	TRBJ1-2
CASSSNRAGYTF	TRBV6-3	TRBJ1-2
CASSGPTGIQETQYF	TRBV5-4	TRBJ2-5
CASSLGGMEGTEAFF	TRBV5-4	TRBJ1-1
CASSLVEGGSQGAEPTYNEQFF	TRBV13	TRBJ2-1
CASSLVGTGELFF	TRBV7-3	TRBJ2-2
CATSDRTSGSFNEQFF	TRBV24-1	TRBJ2-1
CASSLGGQSGNYGYTF	TRBV5-1	TRBJ1-2
CASSQEDSSYNEQFF	TRBV4-1	TRBJ2-1
CASSQGSGQGTEAFF	TRBV4-1	TRBJ1-1
CASSRDHSYEQYF	TRBV12-4	TRBJ2-7
CASSFSPGSTGELFF	TRBV27	TRBJ2-2
CASSFSAHDEQYF	TRBV27	TRBJ2-7
CASSLLGGGITDTQYF	TRBV12-3	TRBJ2-3
CASSPPVWEMTDTQYF	TRBV7-2	TRBJ2-3
CASSQGLAYGYTF	TRBV4-1	TRBJ1-2
CASSLYPLETTDTQYF	TRBV12-4	TRBJ2-3
CASSDGENYGYTF	TRBV6-4	TRBJ1-2
CASSLTGTLTKVGSDTQYF	TRBV11-2	TRBJ2-3
CASSPPNSYEQYF	TRBV7-9	TRBJ2-7
CASSPKGSGRWSYNEQFF	TRBV18	TRBJ2-1
CATDTRDSNQPQHF	TRBV19	TRBJ1-5
CASSLGLSGANVLTF	TRBV13	TRBJ2-6
CASSLLGKTGELFF	TRBV5-6	TRBJ2-2
CASSERGGAGYGYTF	TRBV19	TRBJ1-2
CASSFTEMIGELFF	TRBV27	TRBJ2-2
CATSTGTSGSAETQYF	TRBV15	TRBJ2-5
CASSGEKVRENIQYF	TRBV2	TRBJ2-4
CASSQEEQGFIAEAFF	TRBV4-2	TRBJ1-1
CASSLILTSRELFF	TRBV6-3	TRBJ2-2
CASSLVQGYTF	TRBV7-8	TRBJ1-2
CASRSSGQGAAMNTEAFF	TRBV6-6	TRBJ1-1
CASSLGPMNTGELFF	TRBV27	TRBJ2-2
CSARVMVGGTEAFF	TRBV20-1	TRBJ1-1
CASSRVSGQYF	TRBV7-9	TRBJ2-7
CASSQDWGGSYNEQFF	TRBV4-1	TRBJ2-1
CASSLAVQSDEQYF	TRBV5-1	TRBJ2-7
CASSEWGQGRIDTQYF	TRBV6-1	TRBJ2-3
CASSFPTSGRGLAETQYF	TRBV7-9	TRBJ2-5
CASSEAPDGNQPQHF	TRBV6-1	TRBJ1-5
CASSYTQGLAGNTIYF	TRBV7-2	TRBJ1-3
CASRSRDTAYNEQFF	TRBV12-4	TRBJ2-1
CASSSATLGGRIYGYTF	TRBV7-6	TRBJ1-2
CASSLGLVDEQFF	TRBV7-7	TRBJ2-1
CASRFRQGANEQFF	TRBV2	TRBJ2-1
CASSYPSNPGGTEAFF	TRBV7-8	TRBJ1-1
CASSITGYSEQYF	TRBV19	TRBJ2-7
CASSYSKGPSSGANVLTF	TRBV6-6	TRBJ2-6
CASSEGRGYTF	TRBV6-4	TRBJ1-2
CATRGGAGNEQFF	TRBV24-1	TRBJ2-1
CASGAKQPQHF	TRBV12-5	TRBJ1-5
CASSVLNNEQFF	TRBV25-1	TRBJ2-1
CSVERTSIYNEQFF	TRBV29-1	TRBJ2-1
CASSVGGRGNEQFF	TRBV7-2	TRBJ2-1
CASSQGDYRTDTQYF	TRBV11-2	TRBJ2-3
CASSLYGTVESNYGYTF	TRBV5-1	TRBJ1-2
CASSRTSGGATDTQYF	TRBV6-2	TRBJ2-3
CASSEEEQFF	TRBV10-2	TRBJ2-1
CASSLIAGGGDTQYF	TRBV27	TRBJ2-3
CASSSVKGTDTQYF	TRBV19	TRBJ2-3
CASSQDEGRQQETQYF	TRBV4-1	TRBJ2-5
CSAETGVGQPQHF	TRBV20-1	TRBJ1-5
CASSWGDGNYGYTF	TRBV7-2	TRBJ1-2
CATSDFGTGGGLAELTDTQYF	TRBV24-1	TRBJ2-3
CASSSSGSGEGYTF	TRBV12-3	TRBJ1-2
CAWSVSDIMNTEAFF	TRBV30	TRBJ1-1
CASSILGQTIINTGELFF	TRBV19	TRBJ2-2
CASSFEGNEQFF	TRBV7-9	TRBJ2-1
CASSPGDQSTDTQYF	TRBV5-1	TRBJ2-3
CASSLTGYWEKLFF	TRBV12-4	TRBJ1-4
CASKGGGETQYF	TRBV13	TRBJ2-5
CASSLSEGVDTQYF	TRBV7-6	TRBJ2-3
CASTPRDASSGANVLTF	TRBV19	TRBJ2-6
CASSLLASGSTDTQYF	TRBV7-6	TRBJ2-3
CSARGAGIGNTIYF	TRBV20-1	TRBJ1-3
CASSANSGGLYEQYF	TRBV9	TRBJ2-7
CASSESPRSATGELFF	TRBV25-1	TRBJ2-2
CSAQLQLGNEQFF	TRBV20-1	TRBJ2-1
CASSLSHPHGYTF	TRBV5-6	TRBJ1-2
CASSLGETEAFF	TRBV5-4	TRBJ1-1
CASSLVLPGQGIGYGYTF	TRBV7-2	TRBJ1-2
CASSLQEAFF	TRBV12-4	TRBJ1-1
CASSQGPRTEAFF	TRBV4-1	TRBJ1-1
CASSSGMEHYGYTF	TRBV11-2	TRBJ1-2
CASSTDSFSYEQYF	TRBV27	TRBJ2-7
CASSQAGIAEQFF	TRBV3-1	TRBJ2-1
CASSYGKGGELFF	TRBV27	TRBJ2-2
CASSVGQGSYEQYF	TRBV9	TRBJ2-7
CASSNGLAGTGELFF	TRBV13	TRBJ2-2
CSVLDRGSEKLFF	TRBV29-1	TRBJ1-4
CSAYDREQETQYF	TRBV20-1	TRBJ2-5
CSARDSDYGYTF	TRBV20-1	TRBJ1-2
CASSAIGTGVQPQHF	TRBV2	TRBJ1-5
CASSQDGRRDVWTGELFF	TRBV4-3	TRBJ2-2
CASSTEYSGANVLTF	TRBV27	TRBJ2-6
CASSPPGRGVVQETQYF	TRBV9	TRBJ2-5
CASSPGSWGSTDTQYF	TRBV27	TRBJ2-3
CASSQDNGGMVAEAFF	TRBV4-3	TRBJ1-1
CASRPHRGQSAGELFF	TRBV7-9	TRBJ2-2
CSARDFRGPSYEQYF	TRBV20-1	TRBJ2-7
CASSLGVSYNSPLHF	TRBV27	TRBJ1-6
CASSGINNEQFF	TRBV11-1	TRBJ2-1
CASSQTGLVLGGQETQYF	TRBV11-3	TRBJ2-5
CASSQTSGGRETQYF	TRBV4-1	TRBJ2-5
CSARYREFEKLFF	TRBV20-1	TRBJ1-4
CASSGVSQRETQYF	TRBV7-6	TRBJ2-5
CASSELRAGQDGYTF	TRBV10-2	TRBJ1-2
CASSLGDEQYF	TRBV11-3	TRBJ2-7
CASSQAEGNFQPQHF	TRBV4-1	TRBJ1-5
CASSFQPDERGDETQYF	TRBV11-2	TRBJ2-5
CASSLRQGEAFF	TRBV27	TRBJ1-1
CSAPWGPNEKLFF	TRBV20-1	TRBJ1-4
CSARDLAKYEQYF	TRBV20-1	TRBJ2-7
CASSYGMEETQYF	TRBV6-5	TRBJ2-5
CASSQTQLWETRYF	TRBV7-2	TRBJ2-5
CSAGQGDTEAFF	TRBV20-1	TRBJ1-1
CASSSHMNTEAFF	TRBV11-3	TRBJ1-1
CASRDSLNEKLFF	TRBV12-3	TRBJ1-4
CASSQDFSGAIMNTEAFF	TRBV4-1	TRBJ1-1
CASRAEGRTDTQYF	TRBV2	TRBJ2-3
CASSLGVINTGELFF	TRBV27	TRBJ2-2
CATSDNRRGIFQETQYF	TRBV24-1	TRBJ2-5
CASSLFSGSGYTGELFF	TRBV7-6	TRBJ2-2
CASSWDRHKPQHF	TRBV27	TRBJ1-5
CASSLDWARGDYGYTF	TRBV5-4	TRBJ1-2
CASSLALNQPQHF	TRBV13	TRBJ1-5
CASSLARVTGELFF	TRBV12-3	TRBJ2-2
CASSHPIDVSSYNEQFF	TRBV7-6	TRBJ2-1
CASSPGGGYGYTF	TRBV9	TRBJ1-2
CASSSPGQGAGETQYF	TRBV5-5	TRBJ2-5
CATTGIGGKTQYF	TRBV5-4	TRBJ2-5
CASSLSGWSYEQYF	TRBV7-6	TRBJ2-7
CASSFTSGGGYEQFF	TRBV19	TRBJ2-1
CASSQDGRGGYGYTF	TRBV4-1	TRBJ1-2
CASSEWARGRGRYTGELFF	TRBV25-1	TRBJ2-2
CASSQGSSGNTIYF	TRBV4-1	TRBJ1-3
CSAPGQGVYNEQFF	TRBV20-1	TRBJ2-1
CASSADRTTDYGYTF	TRBV9	TRBJ1-2
CASSLLAGVEETQYF	TRBV5-8	TRBJ2-5
CASSPGLPAHTEAFF	TRBV4-1	TRBJ1-1
CSARDSSGSRLTLAETQYF	TRBV20-1	TRBJ2-5
CAWSIKQGEETQYF	TRBV30	TRBJ2-5
CASASAGGPYNEQFF	TRBV12-5	TRBJ2-1
CASSLHVLNEQFF	TRBV11-2	TRBJ2-1
CASRSSGPTDTQYF	TRBV5-1	TRBJ2-3
CASSSYRTDLNTEAFF	TRBV27	TRBJ1-1
CASSLGSFYEQYF	TRBV27	TRBJ2-7
CASTPTRGLYEQYF	TRBV2	TRBJ2-7
CASSPVLDTEAFF	TRBV5-1	TRBJ1-1
CASSYSGTAGSPLHF	TRBV6-3	TRBJ1-6
CASSLVGQGAKSSYEQYF	TRBV5-1	TRBJ2-7
CASSLVAAQLHTEENSPLHF	TRBV7-8	TRBJ1-6
CASKGTSYEQYF	TRBV19	TRBJ2-7
CASSLGPSNQPQHF	TRBV7-9	TRBJ1-5
CASSIKGPFRTEAFF	TRBV19	TRBJ1-1
CASSLERTSARETQYF	TRBV5-1	TRBJ2-5
CATTSGSSYNEQFF	TRBV24-1	TRBJ2-1
CASSLALTAEIHGYTF	TRBV7-9	TRBJ1-2
CASNLGGPNQPQHF	TRBV5-6	TRBJ1-5
CASSPRGAWFDEQFF	TRBV7-6	TRBJ2-1
CASSPVAGLPGEQYF	TRBV12-4	TRBJ2-7
CASSLPTANYGYTF	TRBV28	TRBJ1-2
CASSYRVGDTGELFF	TRBV3-1	TRBJ2-2
CASSPDNPLALPYNEQFF	TRBV14	TRBJ2-1
CASSQEWLAVSTDTQYF	TRBV4-3	TRBJ2-3
CASSLRDTTPAQYF	TRBV5-8	TRBJ2-5
CASSLFGGTYEQYF	TRBV27	TRBJ2-7
CASSDSGGHYGYTF	TRBV7-9	TRBJ1-2
CASSELVGLYGYTF	TRBV25-1	TRBJ1-2
CASSVSDGGYNEQFF	TRBV9	TRBJ2-1
CASSFTWTSGGTTDTQYF	TRBV11-2	TRBJ2-3
CASSYSWDGMNTEAFF	TRBV6-5	TRBJ1-1
CASQPESGGEETQYF	TRBV6-6	TRBJ2-5
CATSEHDSTGELFF	TRBV24-1	TRBJ2-2
CASRGGWEADTQYF	TRBV6-3	TRBJ2-3
CASSAMDRGADGYTF	TRBV9	TRBJ1-2
CARSCEIVQRYGGCEQFF	TRBV5-8	TRBJ2-1
CASSPGQGAEAFF	TRBV11-2	TRBJ1-1
CASTRGLPQETQYF	TRBV11-2	TRBJ2-5
CASSLVLAGGNEQFF	TRBV11-2	TRBJ2-1
CASSTLAEAFF	TRBV19	TRBJ1-1
CASSLVWGGAYGYTF	TRBV11-2	TRBJ1-2
CASSLSSHTGELFF	TRBV12-3	TRBJ2-2
CASSLAADYEQYF	TRBV5-1	TRBJ2-7
CSASYYRDRGLYEQFF	TRBV20-1	TRBJ2-1
CASSSGMGTDTQYF	TRBV5-1	TRBJ2-3
CASSALGGGDTGELFF	TRBV9	TRBJ2-2
CASSPTNGRSAGGTRGYTF	TRBV7-8	TRBJ1-2
CASSSRDRGYEQYF	TRBV7-9	TRBJ2-7
CASGPGRGLSLGNQPQHF	TRBV2	TRBJ1-5
CATSGPSASYEQYF	TRBV24-1	TRBJ2-7
CASSLVLGQPNYGYTF	TRBV7-9	TRBJ1-2
CASSPRQGGSYNEQFF	TRBV5-5	TRBJ2-1
CASIPSSGEQYF	TRBV5-1	TRBJ2-7
CASSLAGQGYGYTF	TRBV7-9	TRBJ1-2
CASSPGQGWYGYTF	TRBV2	TRBJ1-2
CASSLAFGDSPLHF	TRBV7-9	TRBJ1-6
CASSPDPGRGSGNTIYF	TRBV5-1	TRBJ1-3
CASSWGLAGGVQETQYF	TRBV28	TRBJ2-5
CASSISGQVEAFF	TRBV19	TRBJ1-1
CSASRDRQNSPLHF	TRBV20-1	TRBJ1-6
CASSVLDTQYF	TRBV19	TRBJ2-3
CASSLLGQGLDQPQHF	TRBV27	TRBJ1-5
CSARDHGQEYNEQFF	TRBV20-1	TRBJ2-1
CASSLERRIETQYF	TRBV12-3	TRBJ2-5
CASSDLPEAFF	TRBV6-1	TRBJ1-1
CATSDDRDTGELFF	TRBV24-1	TRBJ2-2
CASSQGQVAYEQYF	TRBV4-2	TRBJ2-7
CASSRGGTEAFF	TRBV27	TRBJ1-1
CASSLSQNSNQPQHF	TRBV27	TRBJ1-5
CASSLPQEDTQYF	TRBV7-9	TRBJ2-3
CASSLALGGHQPQHF	TRBV7-2	TRBJ1-5
CSVLGVTSTDTQYF	TRBV29-1	TRBJ2-3
CASSYSGRAHEQYF	TRBV6-5	TRBJ2-7
CASSGTAYEQYF	TRBV14	TRBJ2-7
CASSPVTGGGSGANVLTF	TRBV7-9	TRBJ2-6
CASSFRGETYEQYF	TRBV28	TRBJ2-7
CASSFLNTGELFF	TRBV12-4	TRBJ2-2
CASSSSQLAGLPTDTQYF	TRBV5-1	TRBJ2-3
CASRTKQGATEAFF	TRBV5-1	TRBJ1-1
CASGFAGDEKLFF	TRBV12-5	TRBJ1-4
CASSVGQGKTYEQYF	TRBV9	TRBJ2-7
CASSLSGYEAFF	TRBV12-3	TRBJ1-1
CASSLGTLGGGTEAFF	TRBV7-3	TRBJ1-1
CASSLFGRDLGGYTF	TRBV12-3	TRBJ1-2
CASSLHPRGGLTPISYEQYF	TRBV7-8	TRBJ2-7
CASSPAGTSMADTQYF	TRBV14	TRBJ2-3
CASSLRQGANAGELFF	TRBV7-9	TRBJ2-2
CASSFWSGTQETQYF	TRBV11-2	TRBJ2-5
CASSPRGAYQPQHF	TRBV7-9	TRBJ1-5
CASSTSSYEQYF	TRBV19	TRBJ2-7
CSVEGLSALGKGYGYTF	TRBV29-1	TRBJ1-2
CSASRSGQETQYF	TRBV20-1	TRBJ2-5
CASSLDLGRGTEAFF	TRBV5-5	TRBJ1-1
CASSLWEADTGELFF	TRBV12-4	TRBJ2-2
CASSLYAGASEKLFF	TRBV27	TRBJ1-4
CASSLEGSTDTQYF	TRBV7-9	TRBJ2-3
CASSPTGGNTGELFF	TRBV7-3	TRBJ2-2
CASSYLGPRDEQFF	TRBV6-6	TRBJ2-1
CASSPNAGTGETYEQYF	TRBV11-2	TRBJ2-7
CASSQQETYEQYF	TRBV4-1	TRBJ2-7
CAWSRVGGTDTQYF	TRBV30	TRBJ2-3
CASSLGGQKETQYF	TRBV7-9	TRBJ2-5
CATLGGQGADQPQHF	TRBV10-3	TRBJ1-5
CASSDSKAGIMGTDTQYF	TRBV6-4	TRBJ2-3
CATRTGSEDTQYF	TRBV24-1	TRBJ2-3
CASSLWEDGYTF	TRBV7-9	TRBJ1-2
CASSELTDTQYF	TRBV2	TRBJ2-3
CASSLTTGGKTGELFF	TRBV7-6	TRBJ2-2
CASSLGSGSLPGELFF	TRBV7-8	TRBJ2-2
CASSYGPWDEQFF	TRBV6-2	TRBJ2-1
CSARGGGSFYEQYF	TRBV20-1	TRBJ2-7
CASSPRGMRADGTDTQYF	TRBV12-3	TRBJ2-3
CASSSDSYEQYF	TRBV7-9	TRBJ2-7
CASSLLQGAKETQYF	TRBV7-9	TRBJ2-5
CSARELLREQFF	TRBV20-1	TRBJ2-1
CASSAPSGVEQYF	TRBV5-6	TRBJ2-7
CSVVAWSGELFF	TRBV29-1	TRBJ2-2
CASSQGRGRNTEAFF	TRBV4-3	TRBJ1-1
CASSLTVLYGYTF	TRBV19	TRBJ1-2
CASSQVSETQYF	TRBV14	TRBJ2-5
CASSIRYTGELFF	TRBV27	TRBJ2-2
CASIGRGGTDLGYTF	TRBV6-1	TRBJ1-2
CASSAGTSGGETQYF	TRBV5-1	TRBJ2-5
CASSPGGGMNTEAFF	TRBV5-5	TRBJ1-1
CASSPRPTQLEKLFF	TRBV28	TRBJ1-4
CASTRTGLAGGYHNEQFF	TRBV6-6	TRBJ2-1
CASSPSSSYEQYF	TRBV12-4	TRBJ2-7
CASSNGGGNTEAFF	TRBV11-3	TRBJ1-1
CATGYNNPAMTEAFF	TRBV19	TRBJ1-1
CASSPSPASDTDTQYF	TRBV4-3	TRBJ2-3
CASSLIGGTAGANVLTF	TRBV4-3	TRBJ2-6
CASSQGVHEQFF	TRBV4-1	TRBJ2-1
CAWSIERELDEQFF	TRBV30	TRBJ2-1
CASSGQTGESQPQHF	TRBV2	TRBJ1-5
CASSGNSGVPGNEQFF	TRBV7-2	TRBJ2-1
CASSIGLYGYTF	TRBV19	TRBJ1-2
CASSRNEQFF	TRBV7-9	TRBJ2-1
CATSSPGLASDEQFF	TRBV15	TRBJ2-1
CASSPGASGYTF	TRBV7-6	TRBJ1-2
CASSEVRWSASSETQYF	TRBV2	TRBJ2-5
CASSLVAGGMADTQYF	TRBV5-6	TRBJ2-3
CSARAKRGLFNEQFF	TRBV20-1	TRBJ2-1
CATSRVVGVDQPQHF	TRBV15	TRBJ1-5
CASSEITSGVYNEQFF	TRBV5-6	TRBJ2-1
CSGTDYYEQYF	TRBV20-1	TRBJ2-7
CASSQVSNGEQFF	TRBV3-1	TRBJ2-1
CASSEMDGRTDTQYF	TRBV6-1	TRBJ2-3
CASSDSYSPNTEAFF	TRBV6-4	TRBJ1-1
CSVEGDWRQGASGYTF	TRBV29-1	TRBJ1-2
CASSLRQGARGYTF	TRBV12-3	TRBJ1-2
CASSLEAGGPTEAFF	TRBV5-1	TRBJ1-1
CASSSGESGANVLTF	TRBV7-9	TRBJ2-6
CASSKRTGQNTEAFF	TRBV7-8	TRBJ1-1
CASSYLARRVGYTF	TRBV5-1	TRBJ1-2
CASSGWTSGTSTDTQYF	TRBV5-1	TRBJ2-3
CASSFAGGITPEAFF	TRBV6-6	TRBJ1-1
CASSTNSYSRHEQYF	TRBV27	TRBJ2-7
CASLGRRGGLFF	TRBV12-4	TRBJ2-2
CAEEGDRAGYTF	TRBV30	TRBJ1-2
CAWSVFQRESYNEQFF	TRBV30	TRBJ2-1
CASSVRTTGSTDTQYF	TRBV19	TRBJ2-3
CASSETHRGEQYF	TRBV5-4	TRBJ2-7
CAISEYGAKDTDTQYF	TRBV10-3	TRBJ2-3
CASSQEGTGNYGYTF	TRBV4-2	TRBJ1-2
CSARVENTGELFF	TRBV20-1	TRBJ2-2
CASSLVHKNNEQFF	TRBV5-1	TRBJ2-1
CASPSQLRPQETQYF	TRBV4-3	TRBJ2-5
CASSVEPNTGELFF	TRBV9	TRBJ2-2
CASSLEGHGNTEAFF	TRBV5-8	TRBJ1-1
CASSSETAPNEKLFF	TRBV28	TRBJ1-4
CASSLRGTGGGNQPQHF	TRBV7-2	TRBJ1-5
CASSPPGALNTGELFF	TRBV13	TRBJ2-2
CASSLEAGGGYTF	TRBV7-8	TRBJ1-2
CASSPTYGTGGGQPQHF	TRBV3-1	TRBJ1-5
CASSENPGQNYGYTF	TRBV6-4	TRBJ1-2
CASSLERFGANVLTF	TRBV12-4	TRBJ2-6
CASSPGLEEKLFF	TRBV7-9	TRBJ1-4
CASSSGAGGTDTQYF	TRBV19	TRBJ2-3
CASSQGGRGYNEQFF	TRBV4-1	TRBJ2-1
CASSHTISGTSGTGELFF	TRBV4-2	TRBJ2-2
CASMDKGERFDGYTF	TRBV7-8	TRBJ1-2
CSARDRGNEQYF	TRBV20-1	TRBJ2-7
CASSLVLIGQGYTEAFF	TRBV7-2	TRBJ1-1
CASSKGEVTEAFF	TRBV6-5	TRBJ1-1
CASSSPGQGTEAFF	TRBV2	TRBJ1-1
CASIERGLAGGSTGELFF	TRBV19	TRBJ2-2
CASSNSLPSGVSYNEQFF	TRBV7-9	TRBJ2-1
CATSRGLAGAYEQYF	TRBV15	TRBJ2-7
CASSFPDGNTEAFF	TRBV7-8	TRBJ1-1
CASSQAPRGWDEQFF	TRBV4-1	TRBJ2-1
CASSSSTGTGRCLLPNNTEAFF	TRBV11-3	TRBJ1-1
CASSLLGQDNSPLHF	TRBV7-9	TRBJ1-6
CAIKDRGGLSYEQYF	TRBV10-3	TRBJ2-7
CASSQHGLAGDNEQFF	TRBV4-3	TRBJ2-1
CASSYGGGADEQFF	TRBV19	TRBJ2-1
CASSVVGDEQYF	TRBV9	TRBJ2-7
CASSSAGGTPSYEQYF	TRBV7-2	TRBJ2-7
CAWRTGPVGNTIYF	TRBV30	TRBJ1-3
CASSLGREGRMDTQYF	TRBV7-2	TRBJ2-3
CASSVGTGLGDYGYTF	TRBV9	TRBJ1-2
CASKPPGSSSYEQYF	TRBV6-3	TRBJ2-7
CSAKTGGYGYTF	TRBV20-1	TRBJ1-2
CASSFVMFHTGELFF	TRBV7-2	TRBJ2-2
CASSEAYWAGVNTEAFF	TRBV6-1	TRBJ1-1
CASSPQGARLDEQFF	TRBV6-5	TRBJ2-1
CASSQASAGGPADTQYF	TRBV4-3	TRBJ2-3
CASSVVKPQTGGYTEAFF	TRBV9	TRBJ1-1
CASSSTYPQSTDTQYF	TRBV27	TRBJ2-3
CASTDWGSTEAFF	TRBV7-9	TRBJ1-1
CSVWGETQYF	TRBV29-1	TRBJ2-5
CASSLGARNLAKNIQYF	TRBV7-6	TRBJ2-4
CASSEHQPQHF	TRBV6-1	TRBJ1-5
CASRAGEHFYEQYF	TRBV5-5	TRBJ2-7
CASSQVGTGHGYTF	TRBV4-3	TRBJ1-2
CASSDHSVTGISSPLHF	TRBV7-9	TRBJ1-6
CSAPNWFNEQFF	TRBV20-1	TRBJ2-1
CATGQGGEKLFF	TRBV6-5	TRBJ1-4
CASREQGNTEAFF	TRBV6-1	TRBJ1-1
CASEGLRYEQYF	TRBV6-2	TRBJ2-7
CASSPTSGSFTGELFF	TRBV6-5	TRBJ2-2
CASSSPEIGRSTDTQYF	TRBV7-8	TRBJ2-3
CASSIASNTGELFF	TRBV19	TRBJ2-2
CASTFGPEAFF	TRBV27	TRBJ1-1
CASSLPGRAYNEQFF	TRBV19	TRBJ2-1
CASSLFAGERSPLHF	TRBV5-4	TRBJ1-6
CASSPSIGGQVIRGYTF	TRBV7-9	TRBJ1-2
CSVEDFRAEAFF	TRBV29-1	TRBJ1-1
CASSPPQGGFTGELFF	TRBV27	TRBJ2-2
CAISEDSDIQYF	TRBV10-3	TRBJ2-4
CASRSSGGFWNEQFF	TRBV6-2	TRBJ2-1
CASRDSLDYGYTF	TRBV19	TRBJ1-2
CASSESGTANEQFF	TRBV10-1	TRBJ2-1
CASRLSSRGMNTEAFF	TRBV19	TRBJ1-1
CASSVEQGAPTVETQYF	TRBV9	TRBJ2-5
CASSVEAGWDEQFF	TRBV9	TRBJ2-1
CASSQEGEGAYTF	TRBV4-2	TRBJ1-2
CASSFNGAPDHGYTF	TRBV7-9	TRBJ1-2
CASRAGGSYEQYF	TRBV5-1	TRBJ2-7
CASSLGTSGSTLFDEQFF	TRBV7-2	TRBJ2-1
CASSVGQGEGYTEAFF	TRBV6-1	TRBJ1-1
CASSDSGTSGGGADTQYF	TRBV6-4	TRBJ2-3
CASSLVDRANYGYTF	TRBV12-4	TRBJ1-2
CASSLVAGELNEQFF	TRBV5-6	TRBJ2-1
CASSWDPAGTYNEQFF	TRBV7-6	TRBJ2-1
CASSQDPHNEQFF	TRBV14	TRBJ2-1
CASSIGTAYNEQFF	TRBV19	TRBJ2-1
CASSLIGQKNTEAFF	TRBV5-8	TRBJ1-1
CASSASGISNYGYTF	TRBV9	TRBJ1-2
CASSPSTGIGYEQYF	TRBV4-3	TRBJ2-7
CASSLVGQSYNEQFF	TRBV7-2	TRBJ2-1
CASSLVGVSKDNEQFF	TRBV7-9	TRBJ2-1
CASLEPEGELFF	TRBV6-5	TRBJ2-2
CASSSTGGMDEQYF	TRBV6-5	TRBJ2-7
CASSYPQAGQGEQYF	TRBV6-5	TRBJ2-7
CSVNKRGAGGMNTEAFF	TRBV29-1	TRBJ1-1
CASSRRQLTNTEAFF	TRBV6-3	TRBJ1-1
CASSHEGTGVGQETQYF	TRBV14	TRBJ2-5
CSVEGSGGHEQFF	TRBV29-1	TRBJ2-1
CASSPGNGANYGYTF	TRBV27	TRBJ1-2
CASSQGLAETQYF	TRBV11-2	TRBJ2-5
CASSMGNTEAFF	TRBV5-6	TRBJ1-1
CASSLIGVGLTDTQYF	TRBV7-9	TRBJ2-3
CASSIKTSGDPDTQYF	TRBV19	TRBJ2-3
CASSPRVGDLTQYF	TRBV4-1	TRBJ2-3
CASSEGAGNQPQHF	TRBV7-6	TRBJ1-5
CASGLAGNNEQFF	TRBV12-5	TRBJ2-1
CASSLANLVEETQYF	TRBV7-2	TRBJ2-5
CASSSDREPGNTIYF	TRBV10-2	TRBJ1-3
CATILYEILLGKATLYAVLVSALVLMATNEKLFF	TRBV15	TRBJ1-4
CSARDKSLPTEAFF	TRBV20-1	TRBJ1-1
CAISEGEGVSYNSPLHF	TRBV10-3	TRBJ1-6
CSVRGGVGYTEAFF	TRBV29-1	TRBJ1-1
CAGTGIRSAGELFF	TRBV30	TRBJ2-2
CASSSGTGAYEQYF	TRBV7-9	TRBJ2-7
CASSEPLVNEQFF	TRBV14	TRBJ2-1
CASSYGGSTEAFF	TRBV6-5	TRBJ1-1
CASSFGGNEAFF	TRBV27	TRBJ1-1
CASIMSWPVEQYF	TRBV5-8	TRBJ2-7
CASSIEPGRTEAFF	TRBV19	TRBJ1-1
CASSLRGRGADTQYF	TRBV7-3	TRBJ2-3
CASRGLAVNEQFF	TRBV12-3	TRBJ2-1
CASSPRTSRHTQYF	TRBV7-9	TRBJ2-3
CASSYLTSGGASEQFF	TRBV6-3	TRBJ2-1
CASSGGSVNNEQFF	TRBV11-3	TRBJ2-1
CASSEGVWNTEAFF	TRBV6-1	TRBJ1-1
CASSPNTGELFF	TRBV13	TRBJ2-2
CASSQRMGLSETQYF	TRBV4-2	TRBJ2-5
CSASGGTAVPYEQYF	TRBV20-1	TRBJ2-7
CASSLVDLLAGDSNEQFF	TRBV7-8	TRBJ2-1
CASSYGTGGTYEQYF	TRBV6-5	TRBJ2-7
CASGIRKTGGEQYF	TRBV9	TRBJ2-7
CASSSLLAGGLEQYF	TRBV13	TRBJ2-7
CASSRTGELFF	TRBV4-1	TRBJ2-2
CASSPRTSGAYNEQFF	TRBV3-1	TRBJ2-1
CASGTPWDKQTF	TRBV6-3	TRBJ1-2
CASSLNAGESYNEQFF	TRBV7-8	TRBJ2-1
CASKQGAEAFF	TRBV5-1	TRBJ1-1
CASSFGADQPQHF	TRBV27	TRBJ1-5
CSVEDGSENTEAFF	TRBV29-1	TRBJ1-1
CATSYLTSGGYPQETQYF	TRBV15	TRBJ2-5
CSVLLHTGELFF	TRBV29-1	TRBJ2-2
CASSVEAGLSYTF	TRBV9	TRBJ1-2
CASLKGGGTEAFF	TRBV30	TRBJ1-1
CASSSSQGPEAFF	TRBV7-9	TRBJ1-1
CASSLGYGYTF	TRBV7-8	TRBJ1-2
CSARDFDRTGELFF	TRBV20-1	TRBJ2-2
CASSLGTGWTEAFF	TRBV19	TRBJ1-1
CASSDRASTGELFF	TRBV6-5	TRBJ2-2
CASSLSGGGFSPLHF	TRBV12-4	TRBJ1-6
CSAPDWGNEQFF	TRBV20-1	TRBJ2-1
CASSQTGLGSQPQHF	TRBV14	TRBJ1-5
CASSMWGRQLNTEAFF	TRBV5-5	TRBJ1-1
CASSLELGQQNTEAFF	TRBV28	TRBJ1-1
CASSDFRDRGHNEKLFF	TRBV6-1	TRBJ1-4
CASSTGWTSGYNEQFF	TRBV6-5	TRBJ2-1
CASSSYRENTGELFF	TRBV11-3	TRBJ2-2
CASSLVELNTEAFF	TRBV6-5	TRBJ1-1
CASSLKGGPTETQYF	TRBV5-6	TRBJ2-5
CAISEQEDQPQHF	TRBV10-3	TRBJ1-5
CARKKTRRISQAFF	TRBV9	TRBJ1-1
CSARDVDSQETQYF	TRBV20-1	TRBJ2-5
CASSWGQGDEQFF	TRBV5-4	TRBJ2-1
CATIGQGASNYGYTF	TRBV10-3	TRBJ1-2
CASSLEGYTEAFF	TRBV27	TRBJ1-1
CASYQGAMNTEAFF	TRBV19	TRBJ1-1
CASGWFAEAFF	TRBV19	TRBJ1-1
CASSSPGGGPSYNEQFF	TRBV12-3	TRBJ2-1
CASSGTSTMGTEAFF	TRBV5-5	TRBJ1-1
CASGRGYTGELFF	TRBV19	TRBJ2-2
CSSPGGPNEKLFF	TRBV20-1	TRBJ1-4
CSARDIHGQGTYNEQFF	TRBV20-1	TRBJ2-1
CASSYFLAGGSGANVLTF	TRBV6-5	TRBJ2-6
CRFSGRAAQSDTQYF	TRBV20-1	TRBJ2-3
CASSPRQVPNTEAFF	TRBV27	TRBJ1-1
CASSPETSGDSPLHF	TRBV5-6	TRBJ1-6
CASSKKGGGASGYTF	TRBV7-9	TRBJ1-2
CASSVVGNEQFF	TRBV9	TRBJ2-1
CATSGAEENTGELFF	TRBV24-1	TRBJ2-2
CASSIGLAGANEQFF	TRBV5-1	TRBJ2-1
CASGSSFGDNIQYF	TRBV12-5	TRBJ2-4
CASTAGQGDYEQYF	TRBV7-9	TRBJ2-7
CASSQGGGSETQYF	TRBV3-1	TRBJ2-5
CSATHLELTTDTQYF	TRBV20-1	TRBJ2-3
CASSLMGGSNTGELFF	TRBV19	TRBJ2-2
CASSQDIGAGEQFF	TRBV4-2	TRBJ2-1
CASSFTYGPGGHEQYF	TRBV5-1	TRBJ2-7
CASSPTGGELFF	TRBV6-2	TRBJ2-2
CASSSTTGGNTEAFF	TRBV27	TRBJ1-1
CASSLVIQEQYF	TRBV11-2	TRBJ2-7
CASSDSTSGGNEQFF	TRBV6-4	TRBJ2-1
CATSRDLGGSYNSPLHF	TRBV15	TRBJ1-6
CASSYDGRGPYQETQYF	TRBV7-9	TRBJ2-5
CASSQDPNYGTGHLMNTEAFF	TRBV3-1	TRBJ1-1
CASNPGTGRYGYTF	TRBV12-4	TRBJ1-2
CASSTGTSGYNEQFF	TRBV28	TRBJ2-1
CASSYSMVAGGYTGELFF	TRBV6-3	TRBJ2-2
CASSQGGGPGANVLTF	TRBV4-2	TRBJ2-6
CASSQDPGSNQPQHF	TRBV4-1	TRBJ1-5
CASSLVGEGLPRAREQYF	TRBV7-9	TRBJ2-7
CASSMTGLNTGELFF	TRBV19	TRBJ2-2
CASSFVAGSSYNEQFF	TRBV11-2	TRBJ2-1
CASSQDMSPGTEAFF	TRBV4-3	TRBJ1-1
CASSLEVTGELFF	TRBV7-3	TRBJ2-2
CASSPQVNTEAFF	TRBV7-9	TRBJ1-1
CASSGQGSPEAFF	TRBV28	TRBJ1-1
CASSMTSGALYNEQFF	TRBV27	TRBJ2-1
CASSVGAVNNEKLFF	TRBV9	TRBJ1-4
CASSLPGQIISGANVLTF	TRBV5-8	TRBJ2-6
CASSKGQGLNIQYF	TRBV19	TRBJ2-4
CASSLAGADTQYF	TRBV7-2	TRBJ2-3
CASSEDWTGGYNSPLHF	TRBV3-1	TRBJ1-6
CASSSGTGGYNSPLHF	TRBV19	TRBJ1-6
CASSQQGSTEAFF	TRBV6-3	TRBJ1-1
CASSGPGQLSTDTEAFF	TRBV9	TRBJ1-1
CASSSTGNYGYTF	TRBV12-3	TRBJ1-2
CASSVGVDSTDTQYF	TRBV9	TRBJ2-3
CASSARDSRYNEQFF	TRBV9	TRBJ2-1
CASSQLLAGGSGNIQYF	TRBV4-3	TRBJ2-4
CASSSPQGVSNTEAFF	TRBV7-6	TRBJ1-1
CASSQTAGAQGYYGYTF	TRBV3-1	TRBJ1-2
CASSPGTGASGYTF	TRBV27	TRBJ1-2
CASSPRQGLTDTQYF	TRBV18	TRBJ2-3
CASSQSRSSYNEQFF	TRBV4-1	TRBJ2-1
CASKGVLDEKLFF	TRBV9	TRBJ1-4
CASSLSERWETQYF	TRBV7-9	TRBJ2-5
CASSLDLGGIQYNEQFF	TRBV7-2	TRBJ2-1
CSARGVSSNEQFF	TRBV20-1	TRBJ2-1
CASSPSRDRGSGNTIYF	TRBV7-9	TRBJ1-3
CATQDGPGLGELFF	TRBV6-1	TRBJ2-2
CASSHVSGTGTKETQYF	TRBV3-1	TRBJ2-5
CASSPRTSQHEQYF	TRBV19	TRBJ2-7
CASSKGQSSYNEQFF	TRBV19	TRBJ2-1
CASSPDLGIRYGYTF	TRBV7-2	TRBJ1-2
CSVEQGVTEAFF	TRBV29-1	TRBJ1-1
CASSITAGELFF	TRBV19	TRBJ2-2
CASSVEGQGDTEAFF	TRBV9	TRBJ1-1
CASSIGGTDYGYTF	TRBV19	TRBJ1-2
CASSLAVAAWSTDTQYF	TRBV7-9	TRBJ2-3
CASSARMWERGSTGELFF	TRBV9	TRBJ2-2
CASSQDGSGLAGSNEQFF	TRBV4-3	TRBJ2-1
CSARDVPGTTLGGELFF	TRBV20-1	TRBJ2-2
CASSQAPSMEPNEQFF	TRBV4-1	TRBJ2-1
CSARDPGLAAYNEQFF	TRBV20-1	TRBJ2-1
CSAREGDPNYGYTF	TRBV20-1	TRBJ1-2
CASSDSSETQYF	TRBV9	TRBJ2-5
CASGWGVQGESKSYGYTF	TRBV12-5	TRBJ1-2
CASSHKPGQGSETQYF	TRBV4-1	TRBJ2-5
CASSYGRAYEQYF	TRBV6-5	TRBJ2-7
CSARPRLSTEAFF	TRBV20-1	TRBJ1-1
CSVGDGNTGELFF	TRBV29-1	TRBJ2-2
CASSLARTVNTEAFF	TRBV7-9	TRBJ1-1
CASSFERGGPDTQYF	TRBV12-3	TRBJ2-3
CASSQTGPPGEKLFF	TRBV4-1	TRBJ1-4
CASSLLEEHYEQYF	TRBV5-6	TRBJ2-7
CASSYCCGTEAFF	TRBV7-2	TRBJ1-1
CASSLATTGTDTQYF	TRBV5-1	TRBJ2-3
CSPRPLSSYNSPLHF	TRBV20-1	TRBJ1-6
CASSEPGQGYTGELFF	TRBV5-1	TRBJ2-2
CASSHLSGVRSYNEQFF	TRBV3-1	TRBJ2-1
CASSIHSTDTQYF	TRBV11-2	TRBJ2-3
CSAQDRRSTGELFF	TRBV20-1	TRBJ2-2
CASSQAPLGNTEAFF	TRBV4-1	TRBJ1-1
CASSVAVSSFYGYTF	TRBV9	TRBJ1-2
CASSLRRTGASSGANVLTF	TRBV4-3	TRBJ2-6
CASSPTFGDNQPQHF	TRBV6-5	TRBJ1-5
CASSPLGPNYEQYF	TRBV12-4	TRBJ2-7
CASESRDRASAIYF	TRBV19	TRBJ1-3
CATSSRQGMKVSQPQHF	TRBV15	TRBJ1-5
CASSPPQTGINEKLFF	TRBV28	TRBJ1-4
CASRWTGFSGQFF	TRBV19	TRBJ2-1
CASSQDGPPKPEEQETQYF	TRBV4-3	TRBJ2-5
CASNRGGTGELFF	TRBV7-6	TRBJ2-2
CASSSGLAGRTSYYNEQFF	TRBV5-5	TRBJ2-1
CASSETSAYNEQFF	TRBV10-2	TRBJ2-1
CSAILAGGPYEQYF	TRBV20-1	TRBJ2-7
CASRTPPSLSSTDTQYF	TRBV11-2	TRBJ2-3
CASSQVGLRIYNEQFF	TRBV14	TRBJ2-1
CASKTGVNTEAFF	TRBV6-5	TRBJ1-1
CATSDGRLWIKQYF	TRBV24-1	TRBJ2-3
CASSQEARGRSNTGELFF	TRBV3-1	TRBJ2-2
CAISGNIGRGADGYTF	TRBV10-3	TRBJ1-2
CASSSTHYGYTF	TRBV12-4	TRBJ1-2
CASMWSDAYEQYF	TRBV6-1	TRBJ2-7
CASSRGSQVPDTQYF	TRBV12-4	TRBJ2-3
CASSLRDRVNEQFF	TRBV7-9	TRBJ2-1
CASSLRSSFVLGGREDGEQFF	TRBV5-4	TRBJ2-1
CASRVIQEMNTEAFF	TRBV6-1	TRBJ1-1
CASGQKGLDTEAFF	TRBV3-1	TRBJ1-1
CASSLWDPGELFF	TRBV5-4	TRBJ2-2
CASSLSWGGFYNEQFF	TRBV27	TRBJ2-1
CASSLGTNGYNEQFF	TRBV4-1	TRBJ2-1
CASSQEGGQVHIQYF	TRBV3-1	TRBJ2-4
CASSQDYEQYF	TRBV14	TRBJ2-7
CSAPPGLAVYNEQFF	TRBV20-1	TRBJ2-1
CASSLEGGLLYGYTF	TRBV12-4	TRBJ1-2
CASSEGDTDTQYF	TRBV6-4	TRBJ2-3
CATGGSGNIQYF	TRBV28	TRBJ2-4
CATQTPDSRRETQYF	TRBV6-6	TRBJ2-5
CASRNRGYEQFF	TRBV19	TRBJ2-1
CASSQEGWYEQYF	TRBV14	TRBJ2-7
CASSDPPAEFNEKLFF	TRBV2	TRBJ1-4
CASSQVVVSSSTNEKLFF	TRBV4-1	TRBJ1-4
CAIDSNTGELFF	TRBV10-3	TRBJ2-2
CSARPGLSDEQYF	TRBV20-1	TRBJ2-7
CASSNSGGAGTGELFF	TRBV9	TRBJ2-2
CASSQDAQGVLKRFF	TRBV4-1	TRBJ2-1
CASSGWGSGSTDTQYF	TRBV5-6	TRBJ2-3
CASSSWGTANTEAFF	TRBV6-5	TRBJ1-1
CASDRGASTDTQYF	TRBV4-2	TRBJ2-3
CASSFDRGYNEQFF	TRBV27	TRBJ2-1
CASSSQFVMGVADTQYF	TRBV7-9	TRBJ2-3
CASSLEWDRVYEQYF	TRBV5-1	TRBJ2-7
CASSSIARVIQYF	TRBV6-6	TRBJ2-4
CASSILGGQDSPLHF	TRBV19	TRBJ1-6
CASSLTESGANVLTF	TRBV7-9	TRBJ2-6
CSAREVDAPGTQYF	TRBV20-1	TRBJ2-5
CASSQRTSGARDIQYF	TRBV7-9	TRBJ2-4
CASSNRRGDQPQHF	TRBV6-3	TRBJ1-5
CASSQETGYGYTF	TRBV4-3	TRBJ1-2
CASSLPTSVYNEQFF	TRBV28	TRBJ2-1
CASSVTAGRPFLLYNSPLHF	TRBV3-1	TRBJ1-6
CSARDMAGFHEQYF	TRBV20-1	TRBJ2-7
CASSDLMGLALDEQFF	TRBV7-9	TRBJ2-1
CASSLNPQQPQHF	TRBV4-3	TRBJ1-5
CASSFQERTDTQYF	TRBV5-1	TRBJ2-3
CAWSLASGGTDNEQFF	TRBV30	TRBJ2-1
CASSVSTPGQGLFYNSPLHF	TRBV2	TRBJ1-6
CASSLAIGNTEAFF	TRBV5-4	TRBJ1-1
CASSLSPGGELFF	TRBV7-9	TRBJ2-2
CSARDGDLPMPGYTF	TRBV20-1	TRBJ1-2
CSARDRVNYNEQFF	TRBV20-1	TRBJ2-1
CASSVRVGSPLHF	TRBV9	TRBJ1-6
CASSWDREMNTEAFF	TRBV6-5	TRBJ1-1
CASSIGQAPQPQHF	TRBV19	TRBJ1-5
CASSLAGVTEAFF	TRBV5-4	TRBJ1-1
CASSQRRGRSYNEQFF	TRBV3-1	TRBJ2-1
CASSPRGSGGVTGELFF	TRBV3-1	TRBJ2-2
CTSSHEGSGGYTF	TRBV7-2	TRBJ1-2
CASSPRATEAFF	TRBV7-9	TRBJ1-1
CSVEEQGNYEQYF	TRBV29-1	TRBJ2-7
CASRELTGFSYEQYF	TRBV2	TRBJ2-7
CAREQTGNTIYF	TRBV30	TRBJ1-3
CASSLALSRIYNEQFF	TRBV27	TRBJ2-1
CASSLGLSGLGYEQYF	TRBV7-9	TRBJ2-7
CASSKPGTGLSGGGYTF	TRBV19	TRBJ1-2
CASSPGTAYGYTF	TRBV2	TRBJ1-2
CSALSSGGRTDTQYF	TRBV20-1	TRBJ2-3
CASSLGAGIIYEQYF	TRBV11-2	TRBJ2-7
CAWSLAGGTEAFF	TRBV30	TRBJ1-1
CASSSTGTFDETQYF	TRBV7-8	TRBJ2-5
CASSPPDRADEQFF	TRBV18	TRBJ2-1
CASSVGQGSSYEQYF	TRBV9	TRBJ2-7
CASTERGVLTDTQYF	TRBV12-4	TRBJ2-3
CASSETRIYMDSQETQYF	TRBV6-1	TRBJ2-5
CASSLTQGANTEAFF	TRBV19	TRBJ1-1
CAISDWRQGGATAYEQYF	TRBV10-3	TRBJ2-7
CASSPWLTSGRENEQFF	TRBV7-8	TRBJ2-1
CASIRGAGTEAFF	TRBV19	TRBJ1-1
CASSSDRVRELFF	TRBV5-6	TRBJ2-2
CASSLTQGVGETQYF	TRBV7-6	TRBJ2-5
CASRGGIHYGYTF	TRBV6-5	TRBJ1-2
CASSVGSRKGEPQHF	TRBV9	TRBJ1-5
CASSMGGAGNQPQHF	TRBV19	TRBJ1-5
CASSQETGAGTQYF	TRBV4-1	TRBJ2-5
CSVEDRVAMNTEAFF	TRBV29-1	TRBJ1-1
CASSYTWLGDQPQHF	TRBV6-5	TRBJ1-5
CSALAGGGETQYF	TRBV20-1	TRBJ2-5
CTSSPVAGAPHEQYF	TRBV7-2	TRBJ2-7
CASKVFGDGQETQYF	TRBV2	TRBJ2-5
CSQQVNNEQFF	TRBV20-1	TRBJ2-1
CASSLKGGRHEQYF	TRBV7-6	TRBJ2-7
CASSARPGTGTGANVLTF	TRBV9	TRBJ2-6
CASRDTPYGYTF	TRBV6-1	TRBJ1-2
CASSVYRGNTGELFF	TRBV6-1	TRBJ2-2
CASSVVAGELFF	TRBV9	TRBJ2-2
CASSLSEAGARNTEAFF	TRBV12-4	TRBJ1-1
CASSSGTAAYEQYF	TRBV11-2	TRBJ2-7
CASSSPTSVEQYF	TRBV27	TRBJ2-7
CASSIFESEQYF	TRBV19	TRBJ2-7
CASSLANTGELFF	TRBV10-1	TRBJ2-2
CASSGTNSPLHF	TRBV9	TRBJ1-6
CASSLTSGSPYNEQFF	TRBV27	TRBJ2-1
CASSAAGGGGHTDTQYF	TRBV9	TRBJ2-3
CASSQVLLAGGLVPEETQYF	TRBV4-1	TRBJ2-5
CASSLNIEQAVDEKLFF	TRBV5-6	TRBJ1-4
CASSFYGTQETQYF	TRBV11-2	TRBJ2-5
CSARLGGQQYF	TRBV20-1	TRBJ2-7
CASSEGTGGTEAFF	TRBV6-1	TRBJ1-1
CASSFGPKNIQYF	TRBV27	TRBJ2-4
CASSLAGEQYF	TRBV11-2	TRBJ2-7
CASSLVESGYGYTF	TRBV7-2	TRBJ1-2
CASSHQGLAASYEQYF	TRBV3-1	TRBJ2-7
CASSGQTRNSRDEQFF	TRBV6-1	TRBJ2-1
CASSPGTSGSTQYF	TRBV7-8	TRBJ2-5
CASSYGVSPLHF	TRBV6-5	TRBJ1-6
CASKSEKGAGGSPLHF	TRBV3-1	TRBJ1-6
CSAPGQGSSEQYF	TRBV20-1	TRBJ2-7
CASSIESRNGELFF	TRBV19	TRBJ2-2
CASSYSGQGTDTQYF	TRBV6-5	TRBJ2-3
CASSPGTGMDEQFF	TRBV7-8	TRBJ2-1
CASSDSRQGSYEQYF	TRBV6-4	TRBJ2-7
CSVEDDRYQETQYF	TRBV29-1	TRBJ2-5
CASSTYGETQYF	TRBV13	TRBJ2-5
CSAFLDNTEAFF	TRBV20-1	TRBJ1-1
CASSLGSSGTRQYF	TRBV27	TRBJ2-3
CASSLGGVGSSYEQYF	TRBV13	TRBJ2-7
CSADTGTGGPNQPQHF	TRBV20-1	TRBJ1-5
CATDHGGTDEAFF	TRBV7-8	TRBJ1-1
CASSQERFRPGELFF	TRBV4-3	TRBJ2-2
CAISEPHNVLTF	TRBV10-3	TRBJ2-6
CASSHGTESSYEQYF	TRBV7-9	TRBJ2-7
CASSLGTPNTGELFF	TRBV10-2	TRBJ2-2
CASSLPGTGGSPLHF	TRBV27	TRBJ1-6
CASSLTLEYETQYF	TRBV13	TRBJ2-5
CSALYRDGWNTGELFF	TRBV20-1	TRBJ2-2
CASSSRRVSSTDTQYF	TRBV5-6	TRBJ2-3
CASSQTSGKIQETQYF	TRBV4-1	TRBJ2-5
CASSYGTGWGTEAFF	TRBV7-3	TRBJ1-1
CASSATGTENNEQFF	TRBV9	TRBJ2-1
CSAPRAGTEAFF	TRBV20-1	TRBJ1-1
CASSSWDRDEGKLFF	TRBV9	TRBJ1-4
CSVPGGSQETNEKLFF	TRBV29-1	TRBJ1-4
CASSLRGENRDDYEQYF	TRBV7-9	TRBJ2-7
CASSQADDRRYEQYF	TRBV4-1	TRBJ2-7
CASSFPGALNIQYF	TRBV28	TRBJ2-4
CASSPAVGFLTDTQYF	TRBV13	TRBJ2-3
CASSSILQGVLEETQYF	TRBV3-1	TRBJ2-5
CASSPSLRTEAFF	TRBV11-1	TRBJ1-1
CASSEGLAGGGGETQYF	TRBV6-5	TRBJ2-5
CASSEASGGATNTGELFF	TRBV2	TRBJ2-2
CASSGETTGTNTEAFF	TRBV5-4	TRBJ1-1
CASSSGIYGYTF	TRBV19	TRBJ1-2
CASSLGPLEQYF	TRBV7-2	TRBJ2-7
CASSPPGGGNTEAFF	TRBV4-2	TRBJ1-1
CSARSQDGYTF	TRBV20-1	TRBJ1-2
CASRDAVSSTDTQYF	TRBV7-9	TRBJ2-3
CASSLSFGDTEAFF	TRBV12-4	TRBJ1-1
CASSYTWDEQYF	TRBV6-6	TRBJ2-7
CASSLRGTGPDEKLFF	TRBV5-1	TRBJ1-4
CASSPGLEGSNEQFF	TRBV11-2	TRBJ2-1
CASSDPWAGTDTQYF	TRBV2	TRBJ2-3
CASSLMEGLSTSTDTQYF	TRBV3-1	TRBJ2-3
CASSWTRYNEQFF	TRBV5-1	TRBJ2-1
CASSFRTVNSYEQYF	TRBV7-8	TRBJ2-7
CASSQDRQGWNEQYF	TRBV4-3	TRBJ2-7
CASTTGYNEQFF	TRBV7-2	TRBJ2-1
CASKGVGYTF	TRBV6-2	TRBJ1-2
CASSSLAGGLTDTQYF	TRBV27	TRBJ2-3
CASSYDGGNQPQHF	TRBV6-5	TRBJ1-5
CASRGGLQETQYF	TRBV7-2	TRBJ2-5
CSVGSGVDQFF	TRBV29-1	TRBJ2-1
CASSYYSGGTETQYF	TRBV3-1	TRBJ2-5
CASSLARGNNEQFF	TRBV7-9	TRBJ2-1
CASPLIEETIPYEQYF	TRBV27	TRBJ2-7
CASRRLAGNTGELFF	TRBV27	TRBJ2-2
CSASGWVRQGAFYEQYF	TRBV20-1	TRBJ2-7
CAWSTGGGYGYTF	TRBV30	TRBJ1-2
CASSQAMGTGELFF	TRBV4-1	TRBJ2-2
CASSEGSTDTQYF	TRBV2	TRBJ2-3
CASNSGVQPQHF	TRBV7-9	TRBJ1-5
CASSHAGTNYYGYTF	TRBV19	TRBJ1-2
CASSLTPGATNEKLFF	TRBV7-6	TRBJ1-4
CSARVSSASGTYEQYF	TRBV20-1	TRBJ2-7
CASSQGTGEDTQYF	TRBV18	TRBJ2-3
CAISEPTEWAGELFF	TRBV10-3	TRBJ2-2
CASSTQMETQYF	TRBV11-3	TRBJ2-5
CSVEGNTEAFF	TRBV29-1	TRBJ1-1
CASSLLWNTPQETQYF	TRBV11-3	TRBJ2-5
CASSLEKVSGMPYEQYF	TRBV5-4	TRBJ2-7
CASSLPLGDYGYTF	TRBV5-1	TRBJ1-2
CASDESPGANVLTF	TRBV6-1	TRBJ2-6
CASSIVAGSYNEQFF	TRBV19	TRBJ2-1
CASSLEGDPFYEQYF	TRBV13	TRBJ2-7
CAIGDRLYEKLFF	TRBV10-3	TRBJ1-4
CASRDGELFF	TRBV6-3	TRBJ2-2
CASSPGASYEQYF	TRBV7-8	TRBJ2-7
CASSQVGNNEQFF	TRBV4-1	TRBJ2-1
CASSISGGILYEQYF	TRBV19	TRBJ2-7
CASSEGGRRYNEQFF	TRBV2	TRBJ2-1
CASSLYGTSGSSYNEQFF	TRBV27	TRBJ2-1
CASSYYSGLLFQETQYF	TRBV19	TRBJ2-5
CASSLHRTMTGIDYGYTF	TRBV5-5	TRBJ1-2
CAWSGRLAGESGELFF	TRBV30	TRBJ2-2
CASSVDGSSYNEQFF	TRBV9	TRBJ2-1
CASSDAGNYGYTF	TRBV25-1	TRBJ1-2
CASSSHERQGQNSPLHF	TRBV7-9	TRBJ1-6
CASSLNPGGQNNEQFF	TRBV12-4	TRBJ2-1
CASRKQGNTGELFF	TRBV28	TRBJ2-2
CASSEYGGPNSPLHF	TRBV25-1	TRBJ1-6
CASTTGLAGVEQFF	TRBV9	TRBJ2-1
CATRSSANYGYTF	TRBV24-1	TRBJ1-2
CASSQRNGYTF	TRBV4-1	TRBJ1-2
CASSPRTTTSGVEGVQETQYF	TRBV3-1	TRBJ2-5
CASTPWAGGTYEQYF	TRBV28	TRBJ2-7
CASRSQGPGELFF	TRBV6-5	TRBJ2-2
CASSNRDRGAYEQYF	TRBV7-9	TRBJ2-7
CASRDSNTGELFF	TRBV12-3	TRBJ2-2
CASSLARGMPYEQYF	TRBV7-9	TRBJ2-7
CASSVEVGTGDNEQFF	TRBV9	TRBJ2-1
CASISPGQNTEAFF	TRBV7-8	TRBJ1-1
CASSRDTEAFF	TRBV6-3	TRBJ1-1
CASSPLLDNTDTQYF	TRBV7-6	TRBJ2-3
CASSPLAGISSYEQYF	TRBV27	TRBJ2-7
CASSLEREGDNEQFF	TRBV7-9	TRBJ2-1
CASSVILSPRGNEQFF	TRBV12-4	TRBJ2-1
CASSLFGPPYEQYF	TRBV27	TRBJ2-7
CASEVNTEAFF	TRBV6-6	TRBJ1-1
CASSQGGTGMEKLFF	TRBV4-1	TRBJ1-4
CAWTHRGKDGELFF	TRBV30	TRBJ2-2
CASSPTQGAVNEQYF	TRBV7-6	TRBJ2-7
CASSPPSAGELFF	TRBV18	TRBJ2-2
CASSPPPSPRRVWGTDTQYF	TRBV19	TRBJ2-3
CATRDLTAGELFF	TRBV10-3	TRBJ2-2
CASTRGTSGQETQYF	TRBV19	TRBJ2-5
CASSLTGPPYEQYF	TRBV6-1	TRBJ2-7
CASSQDWDTQYF	TRBV14	TRBJ2-3
CASSVVSGANVLTF	TRBV9	TRBJ2-6
CAWSFTAENLNTEAFF	TRBV30	TRBJ1-1
CASSLGVHYEQYF	TRBV28	TRBJ2-7
CASSLEATDTQYF	TRBV11-3	TRBJ2-3
CASSSQRTNFYGYTF	TRBV25-1	TRBJ1-2
CASSVGGLAGEEQYF	TRBV9	TRBJ2-7
CASSTRQGGTDTQYF	TRBV7-6	TRBJ2-3
CASSLRGAYEQYF	TRBV11-3	TRBJ2-7
CASSLFPDKTYQETQYF	TRBV7-6	TRBJ2-5
CSALEYLGQSTDTQYF	TRBV20-1	TRBJ2-3
CASSSSRRGGRAYEQYF	TRBV6-5	TRBJ2-7
CASSQFEGVYEQYF	TRBV3-1	TRBJ2-7
CASSQVGAGHNSPLHF	TRBV4-1	TRBJ1-6
CSARPPGTPPYEQYF	TRBV20-1	TRBJ2-7
CASRGSGNSPLHF	TRBV13	TRBJ1-6
CSARGQDIYEQYF	TRBV20-1	TRBJ2-7
CASSFGVTYEQYF	TRBV5-6	TRBJ2-7
CASSLGLQNTEAFF	TRBV7-8	TRBJ1-1
CASSSMTKSWETQYF	TRBV11-2	TRBJ2-5
CASTPGTSGAGGEQYF	TRBV2	TRBJ2-7
CASSRVAGNEQFF	TRBV19	TRBJ2-1
CASSPAGISYNSPLHF	TRBV7-9	TRBJ1-6
CASSISLSYTF	TRBV19	TRBJ1-2
CASSIRAAGTQYF	TRBV19	TRBJ2-5
CASSSPRLAGGPSGTGELFF	TRBV6-5	TRBJ2-2
CASSYDGTTSPLDTQYF	TRBV6-5	TRBJ2-3
CSASLSESSYEQYF	TRBV20-1	TRBJ2-7
CASSRTENTEAFF	TRBV5-4	TRBJ1-1
CSARDRSLSGGYTF	TRBV20-1	TRBJ1-2
CATSDSWGGDTQYF	TRBV24-1	TRBJ2-3
CSARDTASAYNEQFF	TRBV20-1	TRBJ2-1
CASSHQGSSSYEQYF	TRBV4-1	TRBJ2-7
CASNTGTGIYNEQFF	TRBV27	TRBJ2-1
CASSMGQDSPLHF	TRBV7-6	TRBJ1-6
CASSTAAYEQYF	TRBV6-2	TRBJ2-7
CASSTDSGTDTQYF	TRBV7-3	TRBJ2-3
CASREGETQYF	TRBV19	TRBJ2-5
CASSQAGGLFEQYF	TRBV4-3	TRBJ2-7
CASSLTSGSSYNEQFF	TRBV7-9	TRBJ2-1
CASSGTPSGGLIDEQFF	TRBV10-2	TRBJ2-1
CASSLSPGQKYEQYF	TRBV27	TRBJ2-7
CASSFTGAEGTGELFF	TRBV12-4	TRBJ2-2
CASSWTSGGSDTQYF	TRBV18	TRBJ2-3
CASSQEPGDEQFF	TRBV3-1	TRBJ2-1
CATSDHDRAGELFF	TRBV24-1	TRBJ2-2
CASSLGLWGLDTEAFF	TRBV7-9	TRBJ1-1
CASRGISGNNNEQFF	TRBV3-1	TRBJ2-1
CASSQVNRGTDTQYF	TRBV14	TRBJ2-3
CSARDMASGRNEQYF	TRBV20-1	TRBJ2-7
CASSYSSGNTIYF	TRBV6-5	TRBJ1-3
CASSWDIQYF	TRBV7-9	TRBJ2-4
CSGTGTQDREQYF	TRBV29-1	TRBJ2-7
CASLAGVRTDTQYF	TRBV12-3	TRBJ2-3
CASSPGTNDEKLFF	TRBV5-4	TRBJ1-4
CASSLRGDYGYTF	TRBV11-3	TRBJ1-2
CASSHGQGREQYF	TRBV7-3	TRBJ2-7
CSARGPRGAGDYSNQPQHF	TRBV20-1	TRBJ1-5
CASSLAEGLYETQYF	TRBV7-9	TRBJ2-5
CASSIVAGAGAGELFF	TRBV19	TRBJ2-2
CASSLGVFEAFF	TRBV5-6	TRBJ1-1
CASSFRTGQETQYF	TRBV7-6	TRBJ2-5
CASSPEGLQETQYF	TRBV18	TRBJ2-5
CASSWASGAQETQYF	TRBV9	TRBJ2-5
CASSGTPQETQYF	TRBV12-4	TRBJ2-5
CASSEARQAVLNEQFF	TRBV6-1	TRBJ2-1
CASSSPGLAGGSSYNEQFF	TRBV7-9	TRBJ2-1
CASSDSGAGEAFF	TRBV6-4	TRBJ1-1
CASSPRGDDYGYTF	TRBV7-9	TRBJ1-2
CASSETARGLDGYTF	TRBV10-2	TRBJ1-2
CASSESTDEKLFF	TRBV10-1	TRBJ1-4
CASSFRQGARSNQPQHF	TRBV7-8	TRBJ1-5
CASSDGTGTYNEQFF	TRBV6-4	TRBJ2-1
CSARDYFADTQYF	TRBV20-1	TRBJ2-3
CASSEWLAGRDEQFF	TRBV10-2	TRBJ2-1
CASSQGQGATEAFF	TRBV4-1	TRBJ1-1
CATSRPGGNEQFF	TRBV15	TRBJ2-1
CASSFVGATNEKLFF	TRBV28	TRBJ1-4
CASSAYPSGPEQFF	TRBV27	TRBJ2-1
CAWRPAMVYEQYF	TRBV30	TRBJ2-7
CASGFDWNNEQFF	TRBV12-5	TRBJ2-1
CASSYSSSSGGSSYNEQFF	TRBV6-5	TRBJ2-1
CASSLWSSTGELFF	TRBV27	TRBJ2-2
CASSQSGGTSYEQYF	TRBV4-1	TRBJ2-7
CASSPANTEAFF	TRBV9	TRBJ1-1
CASSINEGSGANVLTF	TRBV19	TRBJ2-6
CASSIQLGDEKLFF	TRBV19	TRBJ1-4
CASSFPGTGEAYGYTF	TRBV7-9	TRBJ1-2
CASSSSDQGRRGYTF	TRBV5-6	TRBJ1-2
CASSLGAGEGYEQYF	TRBV7-9	TRBJ2-7
CASSLGTIQGANYGYTF	TRBV13	TRBJ1-2
CASSPYMTSGSVSEQFF	TRBV6-5	TRBJ2-1
CASSVTSSSYEQYF	TRBV9	TRBJ2-7
CASRPRGATDTQYF	TRBV27	TRBJ2-3
CASSLYGYNSPLHF	TRBV27	TRBJ1-6
CASSSRGGASRDTQYF	TRBV27	TRBJ2-3
CSASNAGPRSEQFF	TRBV20-1	TRBJ2-1
CASSLRTSGSFTDTQYF	TRBV28	TRBJ2-3
CASSRTPTAQQEETQYF	TRBV28	TRBJ2-5
CASSQPDNEQYF	TRBV3-1	TRBJ2-7
CASSSSGGGEDIQYF	TRBV6-5	TRBJ2-4
CASSYTPIAGTYNEQFF	TRBV5-5	TRBJ2-1
CASSLGGTGWTEAFF	TRBV27	TRBJ1-1
CASSFSGTLGGTQYF	TRBV7-9	TRBJ2-5
CASSPSRNTEAFF	TRBV4-3	TRBJ1-1
CASSLRWDRGSNTEAFF	TRBV27	TRBJ1-1
CASSQDLWQGGYNEQFF	TRBV4-3	TRBJ2-1
CASSWTSGSGDTQYF	TRBV2	TRBJ2-3
CASSSGTGSYNEQFF	TRBV5-1	TRBJ2-1
CASSRVGADTQYF	TRBV6-3	TRBJ2-3
CASSLVLNTGELFF	TRBV7-9	TRBJ2-2
CSAQAGTSETGELFF	TRBV20-1	TRBJ2-2
CASSLTGQGRNEQFF	TRBV7-9	TRBJ2-1
CASSFWPGPNQPQHF	TRBV11-2	TRBJ1-5
CASSLGGQGRNTEAFF	TRBV28	TRBJ1-1
CSVEGTGGAPLYGYTF	TRBV29-1	TRBJ1-2
CASSEGTGGILSYGYTF	TRBV2	TRBJ1-2
CASSVGQGAFGYTF	TRBV19	TRBJ1-2
CASSPGLELFF	TRBV6-3	TRBJ2-2
CASSPLKNIQYF	TRBV14	TRBJ2-4
CASSPGTFRYTF	TRBV12-4	TRBJ1-2
CASSFWDRGNTGELFF	TRBV7-3	TRBJ2-2
CAISDLKNYGYTF	TRBV10-3	TRBJ1-2
CASSLGGLAGVGTGELFF	TRBV7-2	TRBJ2-2
CASSQFDGVNEKLFF	TRBV3-1	TRBJ1-4
CASSLRGVSYNEQFF	TRBV5-6	TRBJ2-1
CASSQGAYAIDEQFF	TRBV3-1	TRBJ2-1
CASSSTASGNTGELFF	TRBV7-9	TRBJ2-2
CASGPGQGNGYTF	TRBV5-6	TRBJ1-2
CASSHIRDYEQYF	TRBV7-9	TRBJ2-7
CASSPWTSANEQFF	TRBV4-3	TRBJ2-1
CASSLERGTGELFF	TRBV11-2	TRBJ2-2
CASSQDDYRGNIQYF	TRBV4-1	TRBJ2-4
CASSDGIGQGASGYTF	TRBV6-4	TRBJ1-2
CASSEGGYSYNSPLHF	TRBV5-1	TRBJ1-6
CASSAGTGIYQPQHF	TRBV5-1	TRBJ1-5
CASSLDLPGSYEQYF	TRBV11-2	TRBJ2-7
CASSISQGAQETQYF	TRBV19	TRBJ2-5
CATSRAPGTSGKQSIYEQYF	TRBV15	TRBJ2-7
CSARDRDRGYEQYF	TRBV20-1	TRBJ2-7
CASSEGGGSSPLHF	TRBV14	TRBJ1-6
CSAYTSGGDEQYF	TRBV20-1	TRBJ2-7
CASSPSGSPTDTQYF	TRBV9	TRBJ2-3
CASSIDQGAEAFF	TRBV19	TRBJ1-1
CASSQDGGNYNEQFF	TRBV4-3	TRBJ2-1
CSARDRGGENTGELFF	TRBV20-1	TRBJ2-2
CASSLDGNYSNQPQHF	TRBV11-2	TRBJ1-5
CASSLGQGAINTEAFF	TRBV7-3	TRBJ1-1
CASSQRPGQGTEGKLFF	TRBV7-8	TRBJ1-4
CASSISEYNEQFF	TRBV6-3	TRBJ2-1
CSVRTYEKLFF	TRBV29-1	TRBJ1-4
CSVEDLAYGYTF	TRBV29-1	TRBJ1-2
CASSLHTQGARFF	TRBV7-9	TRBJ1-1
CASSLGDTSYNEQFF	TRBV7-6	TRBJ2-1
CASGGAGTGGANVLTF	TRBV12-5	TRBJ2-6
CAWSTGGWQFF	TRBV30	TRBJ2-1
CSARDNTVANYGYTF	TRBV20-1	TRBJ1-2
CASSLERSREQYF	TRBV7-7	TRBJ2-7
CASRPTANYGYTF	TRBV14	TRBJ1-2
CASSSSFPGGGNEQFF	TRBV7-2	TRBJ2-1
CAAWDRGSEQYF	TRBV27	TRBJ2-7
CASSLEARSNKETQYF	TRBV7-6	TRBJ2-5
CASSSILAGAETQYF	TRBV5-6	TRBJ2-5
CASSISRSTEAFF	TRBV19	TRBJ1-1
CASSFTGPDEQFF	TRBV5-4	TRBJ2-1
CASSLPPFASTSTDTQYF	TRBV12-3	TRBJ2-3
CATSRDSGSQETQYF	TRBV15	TRBJ2-5
CASTSGTGPNEKLFF	TRBV28	TRBJ1-4
CSARDQGLPWGEAFF	TRBV20-1	TRBJ1-1
CAILGNSGTEAFF	TRBV10-3	TRBJ1-1
CASTSGVNYEQYF	TRBV6-1	TRBJ2-7
CASSPGQGYEKLFF	TRBV27	TRBJ1-4
CSARPRDRENNEQFF	TRBV20-1	TRBJ2-1
CASSQASRGWETQYF	TRBV4-1	TRBJ2-5
CASSTGTDYGYTF	TRBV18	TRBJ1-2
CASSVDGKTEQYF	TRBV9	TRBJ2-7
CSARSSERRYEQYF	TRBV20-1	TRBJ2-7
CASSKLGGAGTGELFF	TRBV9	TRBJ2-2
CASSLETGTAYEQYF	TRBV11-1	TRBJ2-7
CASSPPTVTYTDTQYF	TRBV18	TRBJ2-3
CASKPGGPNTEAFF	TRBV19	TRBJ1-1
CSARVSSLAGGQETQYF	TRBV20-1	TRBJ2-5
CASSPYGYENEKLFF	TRBV18	TRBJ1-4
CASSTTGGKLFF	TRBV6-5	TRBJ1-4
CASSLGLASYEQYF	TRBV7-9	TRBJ2-7
CSATGTASASYEQYF	TRBV20-1	TRBJ2-7
CASSFSLVNTEAFF	TRBV7-6	TRBJ1-1
CASSEMMDTQYF	TRBV6-1	TRBJ2-3
CASSLVQGTHSSYNEQFF	TRBV5-1	TRBJ2-1
CASSGSVYGYTF	TRBV7-8	TRBJ1-2
CASSTPGAKLGDTGELFF	TRBV28	TRBJ2-2
CASSATYQETQYF	TRBV25-1	TRBJ2-5
CASGQGQGVTGELFF	TRBV12-5	TRBJ2-2
CASSPTGTATLSYTF	TRBV27	TRBJ1-2
CASTSGTGEVNEQFF	TRBV5-6	TRBJ2-1
CSARMRGVYNEQFF	TRBV20-1	TRBJ2-1
CASSLLVTGELFF	TRBV19	TRBJ2-2
CASSPFRTGIGNEQFF	TRBV27	TRBJ2-1
CASSLRVNLAGGHETQYF	TRBV12-3	TRBJ2-5
CASSPTGQGYNEQFF	TRBV11-2	TRBJ2-1
CAISESSERVLAGETYNEQFF	TRBV10-3	TRBJ2-1
CASSLDAYNEQFF	TRBV5-1	TRBJ2-1
CATRSQGSYFSGNTIYF	TRBV15	TRBJ1-3
CASSSGGLSEQYF	TRBV27	TRBJ2-7
CASSPGYGSSGNTIYF	TRBV4-3	TRBJ1-3
CASSPSGPSNQPQHF	TRBV12-3	TRBJ1-5
CASSLGQLYGYTF	TRBV5-6	TRBJ1-2
CSVETSGTGERVVPYEQYF	TRBV29-1	TRBJ2-7
CASSPVSGNTIYF	TRBV19	TRBJ1-3
CASSHPTGVFYGYTF	TRBV4-1	TRBJ1-2
CASSDTGQGVDTQYF	TRBV6-4	TRBJ2-3
CASSTPATGQLETQYF	TRBV28	TRBJ2-5
CASSFAGSYEQYF	TRBV27	TRBJ2-7
CASSDNRGQETQYF	TRBV10-1	TRBJ2-5
CSVEDELDHGFADTQYF	TRBV29-1	TRBJ2-3
CASSPQPGGREKLFF	TRBV5-6	TRBJ1-4
CASSLQGQPQHF	TRBV12-4	TRBJ1-5
CASSLAGPGAGGEQFF	TRBV7-8	TRBJ2-1
CSASDSYNEQFF	TRBV20-1	TRBJ2-1
CASSLIAGGHTGELFF	TRBV7-2	TRBJ2-2
CASSSGTSGPSSYNEQFF	TRBV12-4	TRBJ2-1
CASSETSGGTETQYF	TRBV6-4	TRBJ2-5
CAISETTRGDSPLHF	TRBV10-3	TRBJ1-6
CASSLGGRTEAFF	TRBV4-1	TRBJ1-1
CSVNIAYNEQFF	TRBV29-1	TRBJ2-1
CASSSSGTGGTEAFF	TRBV7-9	TRBJ1-1
CSARDRNHGARVLNTEAFF	TRBV20-1	TRBJ1-1
CASSFPSDGSSYNEQFF	TRBV28	TRBJ2-1
CASSPGLIRITGELFF	TRBV5-5	TRBJ2-2
CASSYAGTGDYNEQFF	TRBV7-9	TRBJ2-1
CASSSGLTMIETQYF	TRBV9	TRBJ2-5
CASSATGLTNTEAFF	TRBV7-9	TRBJ1-1
CASWGIWGKQGAPGYTF	TRBV19	TRBJ1-2
CASSPFNTEAFF	TRBV6-3	TRBJ1-1
CASSLALAGITDTQYF	TRBV5-6	TRBJ2-3
CASSQEEGRVDGYTF	TRBV4-3	TRBJ1-2
CASSLAGGTGELFF	TRBV5-1	TRBJ2-2
CAWSVLGSTDTQYF	TRBV30	TRBJ2-3
CASSMVGSSTYNEQFF	TRBV19	TRBJ2-1
CASTPDWGGTYEQYF	TRBV5-5	TRBJ2-7
CSARGLGLAGVLEYF	TRBV20-1	TRBJ2-3
CASSFGGPPLFF	TRBV7-9	TRBJ1-4
CASSLLVSSSYNEQFF	TRBV7-2	TRBJ2-1
CSTLAGGYNEQFF	TRBV29-1	TRBJ2-1
CASSFPPDRGRVYYGYTF	TRBV7-2	TRBJ1-2
CASSQDNQQGGTEAFF	TRBV4-1	TRBJ1-1
CASEIGQGLVNEQFF	TRBV19	TRBJ2-1
CASSTVGEKLFF	TRBV12-3	TRBJ1-4
CSAKILAGAGSEQYF	TRBV20-1	TRBJ2-7
CASSYGQGLYGYTF	TRBV6-5	TRBJ1-2
CSVTGEERTGELFF	TRBV29-1	TRBJ2-2
CASSLVHGSNQPQHF	TRBV7-2	TRBJ1-5
CASSPGLAAMYEQYF	TRBV9	TRBJ2-7
CASSQSSVNSPLHF	TRBV4-3	TRBJ1-6
CASRDRGLNEQFF	TRBV19	TRBJ2-1
CSAKGRAKNIQYF	TRBV20-1	TRBJ2-4
CSVAGGSGTEAFF	TRBV29-1	TRBJ1-1
CASSQDPSGRWYNEQFF	TRBV3-1	TRBJ2-1
CASRFAQGSGANVLTF	TRBV4-1	TRBJ2-6
CASSNGQGAWGYTF	TRBV19	TRBJ1-2
CAWSVLFGGRSYEQYF	TRBV30	TRBJ2-7
CASSPKILAYTDTQYF	TRBV18	TRBJ2-3
CAISEEWGSYGYTF	TRBV10-3	TRBJ1-2
CASSIVGRGPARETQYF	TRBV19	TRBJ2-5
CASSLEGARGPTEAFF	TRBV13	TRBJ1-1
CASSPGDSGNQPQHF	TRBV11-2	TRBJ1-5
CASSQGTGSYEQYF	TRBV4-1	TRBJ2-7
CAISDQGTTYGYTF	TRBV10-3	TRBJ1-2
CASSLILYTDTQYF	TRBV7-9	TRBJ2-3
CASSQVRRQFQETQYF	TRBV7-9	TRBJ2-5
CASIEGETQYF	TRBV19	TRBJ2-5
CASDAGTAYEQYF	TRBV6-6	TRBJ2-7
CASRRQRTDAEAFF	TRBV28	TRBJ1-1
CSARDINLDTYEQYF	TRBV20-1	TRBJ2-7
CASSLVSSGPRTYEQYF	TRBV7-6	TRBJ2-7
CASSLAPDRVEGQPQHF	TRBV7-2	TRBJ1-5
CASSQKLDRETQYF	TRBV4-2	TRBJ2-5
CASSILLAGRTYEQYF	TRBV19	TRBJ2-7
CASSIGGTGGLPQHF	TRBV19	TRBJ1-5
CASSLNRDLGEDTQYF	TRBV27	TRBJ2-3
CASSIGGLLNTEAFF	TRBV19	TRBJ1-1
CASSYSGRSYEQYF	TRBV27	TRBJ2-7
CASNPGGNEQFF	TRBV6-3	TRBJ2-1
CSARLDRAGETQYF	TRBV20-1	TRBJ2-5
CASSLLDGQGARYGYTF	TRBV27	TRBJ1-2
CSARDWASGGTDISYEQYF	TRBV20-1	TRBJ2-7
CAWSVAAGILEQFF	TRBV30	TRBJ2-1
CASSRGQGWETQYF	TRBV7-7	TRBJ2-5
CASSVDGGAIGANYGYTF	TRBV9	TRBJ1-2
CASGRDRGLSYGYTF	TRBV12-5	TRBJ1-2
CASSLEGAYTIYF	TRBV7-6	TRBJ1-3
CASSLAPGLAGTGELFF	TRBV11-3	TRBJ2-2
CASSQGLGGSPLHF	TRBV4-1	TRBJ1-6
CASRDWEGYEQFF	TRBV7-8	TRBJ2-1
CATSDRTSGYNEQFF	TRBV24-1	TRBJ2-1
CASRRQIDQETQYF	TRBV27	TRBJ2-5
CASSGVEFYNEQFF	TRBV19	TRBJ2-1
CASTHLRSGGVYEQYF	TRBV6-3	TRBJ2-7
CASQGASTDTQYF	TRBV2	TRBJ2-3
CASSLRGRVRETQYF	TRBV12-3	TRBJ2-5
CTSVPAVTQPSAVKETQYF	TRBV7-2	TRBJ2-5
CASSLALDNYEQYF	TRBV5-1	TRBJ2-7
CSVVQPNTGELFF	TRBV29-1	TRBJ2-2
CSAPSPRHTIYGYTF	TRBV20-1	TRBJ1-2
CATKGGSEAFF	TRBV6-1	TRBJ1-1
CASRPVEGNQPQHF	TRBV28	TRBJ1-5
CASSQNGGTTDTQYF	TRBV4-3	TRBJ2-3
CASSPVGGSYNEQFF	TRBV7-6	TRBJ2-1
CASSPQGLETEAFF	TRBV7-6	TRBJ1-1
CASSLSEMSSYEQYF	TRBV18	TRBJ2-7
CASSMRAGRPGANVLTF	TRBV19	TRBJ2-6
CASSLATGWTGELFF	TRBV5-4	TRBJ2-2
CASSLAPRATNEKLFF	TRBV7-6	TRBJ1-4
CASSPGEGPHSPLHF	TRBV4-2	TRBJ1-6
CSANTDRGYGYTF	TRBV20-1	TRBJ1-2
CASSKTGTRTDTQYF	TRBV5-6	TRBJ2-3
CASSIHQGLAEAFF	TRBV5-1	TRBJ1-1
CASSLFPNYGYTF	TRBV13	TRBJ1-2
CASSGRASGTYTGELFF	TRBV7-9	TRBJ2-2
CASRTSVDTDTQYF	TRBV2	TRBJ2-3
CASSVGASPCDFF	TRBV9	TRBJ1-1
CASSLGINEQFF	TRBV5-6	TRBJ2-1
CASSLPGGYGYTF	TRBV27	TRBJ1-2
CASSETGSSRNSPLHF	TRBV11-2	TRBJ1-6
CASSLARGTGELFF	TRBV11-2	TRBJ2-2
CASSDSIGYGYTF	TRBV6-1	TRBJ1-2
CASGLWNEQFF	TRBV12-5	TRBJ2-1
CASSLAAENEAFF	TRBV7-9	TRBJ1-1
CASSPRGNYGYTF	TRBV6-5	TRBJ1-2
CASSLRGMSSYEQYF	TRBV27	TRBJ2-7
CASSIRRDVYYEQYF	TRBV19	TRBJ2-7
CASRYGLYNEQFF	TRBV19	TRBJ2-1
CASRGVLGGQGETEAFF	TRBV6-1	TRBJ1-1
CASSLLQGGLNTGELFF	TRBV13	TRBJ2-2
CASSHDTPRCLNTEAFF	TRBV5-1	TRBJ1-1
CASSETPGLAGELFF	TRBV25-1	TRBJ2-2
CASIGGTGYNEQFF	TRBV5-6	TRBJ2-1
CASSLDGQVWSPLHF	TRBV5-6	TRBJ1-6
CASSHYGDDIGELFF	TRBV7-8	TRBJ2-2
CATSRGFAQQETQYF	TRBV15	TRBJ2-5
CASSYMGLPNSPLHF	TRBV6-5	TRBJ1-6
CASRETGGSAYEQYF	TRBV6-1	TRBJ2-7
CASTSWGLQGPTGELFF	TRBV6-2	TRBJ2-2
CSASDVAGLYTDTQYF	TRBV20-1	TRBJ2-3
CASSLTGTPHQRLAKNIQYF	TRBV13	TRBJ2-4
CASSFQGGYEQYF	TRBV27	TRBJ2-7
CASRGGTGDNYGYTF	TRBV10-2	TRBJ1-2
CATSTGQLNYGYTF	TRBV15	TRBJ1-2
CASSQLRDTFTDTQYF	TRBV3-1	TRBJ2-3
CASSLALGTGRYSSYEQYF	TRBV12-4	TRBJ2-7
CASSEALFELVYNEQFF	TRBV6-1	TRBJ2-1
CAWSNQPQHF	TRBV30	TRBJ1-5
CASSLWTSGDYEQYF	TRBV3-1	TRBJ2-7
CASSDAQASLSNYGYTF	TRBV18	TRBJ1-2
CASSPEAGWDAHNEQFF	TRBV6-2	TRBJ2-1
CASSLSIAGTNTGELFF	TRBV28	TRBJ2-2
CASSQGQNQETQYF	TRBV9	TRBJ2-5
CARSWAGGPRDEQYF	TRBV5-1	TRBJ2-7
CAGNQGTTVAKNIQYF	TRBV30	TRBJ2-4
CAISDYAGYNEQFF	TRBV10-3	TRBJ2-1
CASSQWERDPQYF	TRBV4-3	TRBJ2-3
CASSQYIENTGELFF	TRBV4-3	TRBJ2-2
CASTPSSGIGYNEQFF	TRBV12-3	TRBJ2-1
CASRGVNEQFF	TRBV2	TRBJ2-1
CASSYSGGEASPLHF	TRBV6-6	TRBJ1-6
CASSVVTEAFF	TRBV12-3	TRBJ1-1
CASSSTGGTEAFF	TRBV5-5	TRBJ1-1
CASSLSLLAGNNEQFF	TRBV5-1	TRBJ2-1
CASSSGVGADTQYF	TRBV11-2	TRBJ2-3
CASSPPGGSGGHYEQFF	TRBV9	TRBJ2-1
CASSTLNEQFF	TRBV19	TRBJ2-1
CASSLSGNTEAFF	TRBV7-9	TRBJ1-1
CASSYNTEAFF	TRBV12-3	TRBJ1-1
CASSQDMGGIDEQYF	TRBV4-3	TRBJ2-7
CASSYAQGVSTEAFF	TRBV6-5	TRBJ1-1
CSARESGNTIYF	TRBV20-1	TRBJ1-3
CASSLGQGNSPLHF	TRBV11-2	TRBJ1-6
CASGAGELFF	TRBV7-9	TRBJ2-2
CASSFDYNEKLFF	TRBV27	TRBJ1-4
CASGLAGFETQYF	TRBV12-5	TRBJ2-5
CASSPGGTGTYEQYF	TRBV9	TRBJ2-7
CASDLPFGSTDTQYF	TRBV11-2	TRBJ2-3
CASSARTGDGYTF	TRBV19	TRBJ1-2
CATSTDSNTEAFF	TRBV15	TRBJ1-1
CASSLAGDKSLTDTQYF	TRBV7-2	TRBJ2-3
CASSQVGQVLHYGYTF	TRBV4-1	TRBJ1-2
CARQGTSGSNEQFF	TRBV2	TRBJ2-1
CASSEYGPEEKLFF	TRBV10-2	TRBJ1-4
CASTPLRLMNTGELFF	TRBV6-3	TRBJ2-2
CASGRGDGPQHF	TRBV9	TRBJ1-5
CASSISGHTQPQHF	TRBV19	TRBJ1-5
CASSISLATYNEQFF	TRBV19	TRBJ2-1
CASSDDRGGFLGTDTQYF	TRBV7-8	TRBJ2-3
CASSSPGGEDTF	TRBV13	TRBJ1-2
CASSQDGTNPYNEQFF	TRBV3-1	TRBJ2-1
CASTPGGRSNEQFF	TRBV6-3	TRBJ2-1
CASSLAPSGEYTGELFF	TRBV4-1	TRBJ2-2
CASSLTTSPGEQYF	TRBV7-9	TRBJ2-7
CASSSQDRSNQPQHF	TRBV7-9	TRBJ1-5
CASSSPGLRPFLSYNEQFF	TRBV19	TRBJ2-1
CASDRASNQPQHF	TRBV19	TRBJ1-5
CSALLTGVAGNTIYF	TRBV20-1	TRBJ1-3
CASSLVAGPGTDTQYF	TRBV28	TRBJ2-3
CASSLDEGVAYEQYF	TRBV4-1	TRBJ2-7
CSVEFWGRYGYTF	TRBV29-1	TRBJ1-2
CASSSVNEQYF	TRBV12-3	TRBJ2-7
CASAVALAEPPDTQYF	TRBV7-9	TRBJ2-3
CASRKGGSDTQYF	TRBV14	TRBJ2-3
CSAPLGDHYGYTF	TRBV20-1	TRBJ1-2
CASSFGTGETTDTQYF	TRBV7-9	TRBJ2-3
CSVVGTPDENTEAFF	TRBV29-1	TRBJ1-1
CATSRDRAGGANYGYTF	TRBV15	TRBJ1-2
CASSPGQGVSEQYF	TRBV5-6	TRBJ2-7
CASSQDELTGAGNTIYF	TRBV4-3	TRBJ1-3
CATRDGATDTQYF	TRBV24-1	TRBJ2-3
CASSPGTSGNYEQYF	TRBV6-3	TRBJ2-7
CASSIGDFYTDTQYF	TRBV19	TRBJ2-3
CASSHPWAGSYNEQFF	TRBV7-9	TRBJ2-1
CAISESRASGDNNEQFF	TRBV10-3	TRBJ2-1
CASSSGLAGGAKNIQYF	TRBV5-1	TRBJ2-4
CASSLYPYSETQYF	TRBV27	TRBJ2-5
CASSLQGRGNQPQHF	TRBV6-5	TRBJ1-5
CASSTGQGNTEAFF	TRBV5-1	TRBJ1-1
CASSLGGQGSNEQFF	TRBV13	TRBJ2-1
CASSQDLAGDQYF	TRBV14	TRBJ2-3
CASSLSGGTNEQFF	TRBV7-8	TRBJ2-1
CASSVEGGSKDNEQFF	TRBV9	TRBJ2-1
CASGIQGIEPQHF	TRBV12-5	TRBJ1-5
CSVAPVVSYEQYF	TRBV29-1	TRBJ2-7
CATSSTDRVGQETQYF	TRBV15	TRBJ2-5
CASSPSRMSSYNEQFF	TRBV7-8	TRBJ2-1
CASSPPRVAGGVTQYF	TRBV11-3	TRBJ2-5
CASSQVGLGYEQYF	TRBV4-1	TRBJ2-7
CSARGNRQGLGSPLHF	TRBV20-1	TRBJ1-6
CSARDIERTGELFF	TRBV20-1	TRBJ2-2
CATSRDQGDSNQPQHF	TRBV15	TRBJ1-5
CASSQGSEKLFF	TRBV19	TRBJ1-4
CASRRPTNEQFF	TRBV27	TRBJ2-1
CASSSRGTVNTEAFF	TRBV7-2	TRBJ1-1
CASSPRTGVYGYTF	TRBV27	TRBJ1-2
CASSEDDFTGTDTQYF	TRBV18	TRBJ2-3
CASSELLTGAFWGYTF	TRBV10-2	TRBJ1-2
CASSKASPKGTYYTF	TRBV19	TRBJ1-2
CASHDPRAQETQYF	TRBV6-5	TRBJ2-5
CASSYYGWGTGELFF	TRBV6-3	TRBJ2-2
CASSDNREWETQYF	TRBV6-3	TRBJ2-5
CASSRTSPVTDTQYF	TRBV7-9	TRBJ2-3
CASSISYTGELFF	TRBV19	TRBJ2-2
CASSGLAGPLGEQYF	TRBV27	TRBJ2-7
CASFSGGSYNEQFF	TRBV27	TRBJ2-1
CASSTGQKNTEAFF	TRBV6-1	TRBJ1-1
CASSRRDATRFAETQYF	TRBV11-3	TRBJ2-5
CASSGLAIEQFF	TRBV5-4	TRBJ2-1
CSVDHVPNEQFF	TRBV29-1	TRBJ2-1
CASSQVRDDYGYTF	TRBV4-1	TRBJ1-2
CSARAEGARDSPLHF	TRBV20-1	TRBJ1-6
CASSQDLGLAGGETQYF	TRBV4-3	TRBJ2-5
CASSSPLLSSDTQYF	TRBV7-2	TRBJ2-3
CASTVETGELFF	TRBV5-4	TRBJ2-2
CASSIVGEQFF	TRBV19	TRBJ2-1
CATQQGLGTGELFF	TRBV6-4	TRBJ2-2
CSARPWNSYNEQFF	TRBV20-1	TRBJ2-1
CASSVEGVGTSTDTQYF	TRBV9	TRBJ2-3
CASSFGGRALDTQYF	TRBV11-2	TRBJ2-3
CAISKSKGYEQYF	TRBV10-3	TRBJ2-7
CASTRRTGDEQYF	TRBV12-3	TRBJ2-7
CASSYRLGNYGYTF	TRBV6-5	TRBJ1-2
CASSMGPNTEAFF	TRBV19	TRBJ1-1
CASSVDSRSYNEQFF	TRBV9	TRBJ2-1
CSVEGVTGPANEQFF	TRBV29-1	TRBJ2-1
CSVETDYGYTF	TRBV29-1	TRBJ1-2
CSASNMERWVGQPQHF	TRBV20-1	TRBJ1-5
CASSLGRVRSPLHF	TRBV5-8	TRBJ1-6
CATSTRTGLISPLHF	TRBV15	TRBJ1-6
CATSASGTSGPYNEQFF	TRBV24-1	TRBJ2-1
CASSLPDRVDTEAFF	TRBV5-6	TRBJ1-1
CASSMWTSGNNEQFF	TRBV19	TRBJ2-1
CASSSNQGRSYGYTF	TRBV7-9	TRBJ1-2
CAIRSGGGRTDTQYF	TRBV10-3	TRBJ2-3
CASSVEEGGPTDTQYF	TRBV9	TRBJ2-3
CSVENSRSQETQYF	TRBV29-1	TRBJ2-5
CATSQGAWYEQYF	TRBV15	TRBJ2-7
CASSHLDRGGTGELFF	TRBV14	TRBJ2-2
CASSQARVSYNEQFF	TRBV11-2	TRBJ2-1
CASRDTNTGELFF	TRBV19	TRBJ2-2
CASSLDLETGDTEAFF	TRBV11-2	TRBJ1-1
CASSMGGPDTGELFF	TRBV3-1	TRBJ2-2
CATSDLHRGDEQFF	TRBV24-1	TRBJ2-1
CASSFFGGDSYNEQFF	TRBV7-9	TRBJ2-1
CASSFRTGALAGYTF	TRBV5-4	TRBJ1-2
CASSKQAYYGYTF	TRBV6-3	TRBJ1-2
CASSLTSGNTEAFF	TRBV7-3	TRBJ1-1
CASSAGQGVWQYF	TRBV12-3	TRBJ2-7
CASSSPLAGRFNEQFF	TRBV7-6	TRBJ2-1
CASREPSGRADEQFF	TRBV12-3	TRBJ2-1
CASSFAGQGSTEAFF	TRBV27	TRBJ1-1
CASSLYSSSYNEQFF	TRBV5-6	TRBJ2-1
CASSFGVSGRDEQFF	TRBV7-3	TRBJ2-1
CASSLRQMNTEAFF	TRBV12-3	TRBJ1-1
CASSPKQGLAGGNEQFF	TRBV9	TRBJ2-1
CASSQILQGYEKLFF	TRBV4-2	TRBJ1-4
CASSLEVQGGPEQYF	TRBV5-6	TRBJ2-7
CASSQEAESSYEQYF	TRBV4-2	TRBJ2-7
CASSLETGADTQYF	TRBV5-6	TRBJ2-3
CASSLSSGGNYEQYF	TRBV5-1	TRBJ2-7
CASSYDWHEQFF	TRBV9	TRBJ2-1
CASSVAGVGHNEQFF	TRBV9	TRBJ2-1
CASSLVLTGINYGYTF	TRBV7-9	TRBJ1-2
CAIRDNSYNEQFF	TRBV28	TRBJ2-1
CASSLSSKHGYTF	TRBV27	TRBJ1-2
CASSLLQGGEQYF	TRBV28	TRBJ2-7
CASRGQGFSYEQYF	TRBV13	TRBJ2-7
CASSQVAGFTEAFF	TRBV4-3	TRBJ1-1
CASSLILAGGQVYNEQFF	TRBV5-1	TRBJ2-1
CASSAYALYSNQPQHF	TRBV7-2	TRBJ1-5
CASTGPRSKTDTQYF	TRBV28	TRBJ2-3
CSGVAPDSEQFF	TRBV29-1	TRBJ2-1
CASSLEEGPDEQFF	TRBV5-1	TRBJ2-1
CASSQGMTEAFF	TRBV4-1	TRBJ1-1
CASRRVGTDTQYF	TRBV7-2	TRBJ2-3
CASSRGRIRGNYGYTF	TRBV4-1	TRBJ1-2
CASSTNPYSANYGYTF	TRBV6-1	TRBJ1-2
CASSTLGGKSGETQYF	TRBV27	TRBJ2-5
CASSLRQGANTGELFF	TRBV7-9	TRBJ2-2
CASRKTGNTEAFF	TRBV19	TRBJ1-1
CASTGGSNTGELFF	TRBV9	TRBJ2-2
CSQTSGDSYNEQFF	TRBV20-1	TRBJ2-1
CAQLAGGPYNEQFF	TRBV2	TRBJ2-1
CATSRDRVVGQGIDGYTF	TRBV15	TRBJ1-2
CASSDGDSSYNEQFF	TRBV25-1	TRBJ2-1
CASGSSGGAGYGYTF	TRBV12-5	TRBJ1-2
CASSPYIQGNEQYF	TRBV3-1	TRBJ2-7
CASSRGRADLTDTQYF	TRBV11-3	TRBJ2-3
CASSFRAGYNEQFF	TRBV7-6	TRBJ2-1
CAIHQGYTEAFF	TRBV19	TRBJ1-1
CASSLSREAEAFF	TRBV27	TRBJ1-1
CASSARSGTNLYEQYF	TRBV11-2	TRBJ2-7
CASSSLHYGYTF	TRBV19	TRBJ1-2
CASSEWGSNTEAFF	TRBV9	TRBJ1-1
CASSPLLAGGPYEQYF	TRBV12-4	TRBJ2-7
CASSLTGELFF	TRBV5-1	TRBJ2-2
CSVEGVRKTNTGELFF	TRBV29-1	TRBJ2-2
CASSVDRSSGNTIYF	TRBV9	TRBJ1-3
CASSQASGGYTGELFF	TRBV14	TRBJ2-2
CASTRSADTQYF	TRBV5-6	TRBJ2-3
CASSPAGDYEQYF	TRBV19	TRBJ2-7
CASSESHGSTYEQFF	TRBV10-2	TRBJ2-1
CASSLTYGEYEQYF	TRBV7-6	TRBJ2-7
CASSHKGSGGYTF	TRBV4-2	TRBJ1-2
CSARGRLAYEQYF	TRBV20-1	TRBJ2-7
CASSPALDAQYF	TRBV12-3	TRBJ2-3
CASSWGTGTGELFF	TRBV5-6	TRBJ2-2
CASSLSGAGNTIYF	TRBV9	TRBJ1-3
CSAPETGQDSYEQYF	TRBV20-1	TRBJ2-7
CASSLRWTNEQFF	TRBV27	TRBJ2-1
CASSVEGGYASGANVLTF	TRBV9	TRBJ2-6
CASSQRGQETLYGYTF	TRBV3-1	TRBJ1-2
CASSVANGYTF	TRBV9	TRBJ1-2
CASSLEFIYGYTF	TRBV5-4	TRBJ1-2
CASSYSFFEGAEGEHGYTF	TRBV6-6	TRBJ1-2
CASSAFPCREGRNNEQFF	TRBV6-1	TRBJ2-1
CASSQGDTEAFF	TRBV4-1	TRBJ1-1
CASSERTGGSLLYGYTF	TRBV18	TRBJ1-2
CASALAGGPGGELFF	TRBV28	TRBJ2-2
CASSIDSLYGYTF	TRBV19	TRBJ1-2
CASTLSYEQYF	TRBV2	TRBJ2-7
CASSERQGDQPQHF	TRBV25-1	TRBJ1-5
CASSPRTGRDTEAFF	TRBV6-1	TRBJ1-1
CASSQAYPDRGSYNEQFF	TRBV4-2	TRBJ2-1
CASSQEGATGSGYTF	TRBV4-2	TRBJ1-2
CSVPPGGANEQFF	TRBV29-1	TRBJ2-1
CSVGGSGGADTQYF	TRBV29-1	TRBJ2-3
CAISDSPNTGELFF	TRBV10-3	TRBJ2-2
CATAQNRLQETQYF	TRBV15	TRBJ2-5
CASSETGGVGSPLHF	TRBV2	TRBJ1-6
CASSLSGELFF	TRBV7-6	TRBJ2-2
CASSFEQGGEAQHF	TRBV7-9	TRBJ1-5
CASSHWQISNQPQHF	TRBV19	TRBJ1-5
CASSQDEGLNTEAFF	TRBV3-1	TRBJ1-1
CAISGQREDQETQYF	TRBV10-3	TRBJ2-5
CATSRDLSGTNYNEQFF	TRBV15	TRBJ2-1
CASRPQGFNQPQHF	TRBV27	TRBJ1-5
CASSQDRDSLRYEQYF	TRBV3-1	TRBJ2-7
CATHSGNTGELFF	TRBV24-1	TRBJ2-2
CASSQGGSYNEQFF	TRBV27	TRBJ2-1
CASSTHRDRGSGELFF	TRBV19	TRBJ2-2
CASSATGTGLYGYTF	TRBV6-4	TRBJ1-2
CASSYPGPYYEQYF	TRBV7-6	TRBJ2-7
CASSPRDSQPYGYTF	TRBV18	TRBJ1-2
CASSPQRERYNEQFF	TRBV7-2	TRBJ2-1
CAGSHEGSGGYTF	TRBV4-2	TRBJ1-2
CASSWDGNTEAFF	TRBV6-6	TRBJ1-1
CASSLFPGADGYTF	TRBV27	TRBJ1-2
CASRFYRGNYGYTF	TRBV11-2	TRBJ1-2
CASSTSTGNEQFF	TRBV19	TRBJ2-1
CASTHGDEQFF	TRBV25-1	TRBJ2-1
CASSQGAGGAQTYEQYF	TRBV4-2	TRBJ2-7
CASSQAYEQYF	TRBV14	TRBJ2-7
CASSQGPGEASYNEQFF	TRBV19	TRBJ2-1
CASIPWDRPYNEQFF	TRBV6-3	TRBJ2-1
CAISELAGVHEQYF	TRBV10-3	TRBJ2-7
CASSPDRYQETQYF	TRBV7-9	TRBJ2-5
CASSAPGTDTQYF	TRBV9	TRBJ2-3
CASSPDLRGPNEQFF	TRBV18	TRBJ2-1
CASSTGLVPSTDTQYF	TRBV10-2	TRBJ2-3
CATRDANSPLHF	TRBV6-1	TRBJ1-6
CASSESVDGRIINRYTF	TRBV10-2	TRBJ1-2
CASSSRLDRTDTQYF	TRBV11-3	TRBJ2-3
CASSIIGSGNQPQHF	TRBV19	TRBJ1-5
CASSWTGSYNEQFF	TRBV5-1	TRBJ2-1
CASSEYVKGYTF	TRBV25-1	TRBJ1-2
CASSYMGPNTDTQYF	TRBV27	TRBJ2-3
CASSFQGAGTGELFF	TRBV13	TRBJ2-2
CASQGVGSTGELFF	TRBV28	TRBJ2-2
CASSFRAFF	TRBV27	TRBJ1-1
CASGGADMKTEAFF	TRBV19	TRBJ1-1
CASSPSLYLTDTQYF	TRBV18	TRBJ2-3
CASSLGTGTGELFF	TRBV11-2	TRBJ2-2
CASSQYPGETDTQYF	TRBV4-1	TRBJ2-3
CASSQEGYTEAFF	TRBV14	TRBJ1-1
CASSQDAQGGGSYNEQFF	TRBV4-1	TRBJ2-1
CASSVTATATGELFF	TRBV9	TRBJ2-2
CASSTGGFNQPQHF	TRBV19	TRBJ1-5
CASNERFFLSSTDTQYF	TRBV6-6	TRBJ2-3
CASSGGGGGINGYTF	TRBV9	TRBJ1-2
CASSEAWGATNTGELFF	TRBV6-1	TRBJ2-2
CASSYLLAGETHTQYF	TRBV6-6	TRBJ2-3
CASSYLGDNNQPQHF	TRBV27	TRBJ1-5
CASSGGGNEKLFF	TRBV4-1	TRBJ1-4
CASSLATDYEQYF	TRBV5-1	TRBJ2-7
CASSSQLALNYGYTF	TRBV27	TRBJ1-2
CASSQSGTREYEQYF	TRBV3-1	TRBJ2-7
CASSQDGKAQYF	TRBV4-2	TRBJ2-5
CASSIDRGIYNEQFF	TRBV28	TRBJ2-1
CSVFDRHTYNEQFF	TRBV20-1	TRBJ2-1
CASSSDTGLAVDEQFF	TRBV6-5	TRBJ2-1
CASTVQADYGYTF	TRBV5-4	TRBJ1-2
CATEDSYNSPLHF	TRBV30	TRBJ1-6
CSARETGRATNTGELFF	TRBV20-1	TRBJ2-2
CASSLGSGIYNEQFF	TRBV7-9	TRBJ2-1
CASSVLLLAGTYEQYF	TRBV6-1	TRBJ2-7
CASSFVVQETQYF	TRBV12-4	TRBJ2-5
CATGQGAGYEQYF	TRBV25-1	TRBJ2-7
CASRPQQGHNSPLHF	TRBV28	TRBJ1-6
CASIHGPSRDTGELFF	TRBV6-6	TRBJ2-2
CASSSQGGEELFF	TRBV9	TRBJ2-2
CASGEKQGANTIYF	TRBV2	TRBJ1-3
CASSLELGFAGELFF	TRBV7-8	TRBJ2-2
CASSLGGQNYGYTF	TRBV27	TRBJ1-2
CASSQGTTNQETQYF	TRBV5-1	TRBJ2-5
CASSLSGQGGWDEQYF	TRBV9	TRBJ2-7
CASSPPTNYGYTF	TRBV7-3	TRBJ1-2
CASSYGLNFRDIQYF	TRBV7-2	TRBJ2-4
CASSPPRYSNQPQHF	TRBV4-1	TRBJ1-5
CASSPPLGADTQYF	TRBV19	TRBJ2-3
CASSQEGGEQFF	TRBV4-3	TRBJ2-1
CSARDPQEGTYGYTF	TRBV20-1	TRBJ1-2
CASSRGGQGINEKLFF	TRBV7-9	TRBJ1-4
CASSQLNLGLAGVVSGELFF	TRBV4-3	TRBJ2-2
CATSTSKGVAGDNEQFF	TRBV15	TRBJ2-1
