CASGLVPENTEAFF	TRBV12-5	TRBJ1-1
CASSVAWRGEDTQYF	TRBV9	TRBJ2-5
CASSLGTGELFF	TRBV12-4	TRBJ2-2
CAWTDNTGELFF	TRBV30	TRBJ2-2
CSAIGTGGGQPQHF	TRBV20-1	TRBJ1-5
CASSPPGGTGGADGYTF	TRBV9	TRBJ1-2
CAINTDRGGTEAFF	TRBV10-3	TRBJ1-1
CASSLHRGGFYGYTF	TRBV5-1	TRBJ1-2
CASSFGAHNYGYTF	TRBV12-4	TRBJ1-2
CSVVGVGYNEQFF	TRBV29-1	TRBJ2-1
CASSLGAGANVLTF	TRBV12-4	TRBJ2-6
CASSPWGVIAKNIQYF	TRBV4-1	TRBJ2-4
CASSLTGGLRYTEAFF	TRBV7-2	TRBJ1-1
CASSPDVGGSDGYTF	TRBV7-2	TRBJ1-2
CASSQMGTQYF	TRBV4-2	TRBJ2-5
CASSPRLNRAGELFF	TRBV4-2	TRBJ2-2
CAITPLGLPYEQYF	TRBV10-3	TRBJ2-7
CASSLALTGVGTEAFF	TRBV7-9	TRBJ1-1
CSVEGRGADTEAFF	TRBV29-1	TRBJ1-1
CASSFQGYNEQFF	TRBV10-1	TRBJ2-1
CASSLTGVKLFF	TRBV4-1	TRBJ1-4
CASSQDRTQGQPQHF	TRBV4-1	TRBJ1-5
CASSLVGAGGGLDTQYF	TRBV7-8	TRBJ2-3
CSVEGGRGDTQYF	TRBV29-1	TRBJ2-3
CASSWTWDAATLWGQGALGGANVLTF	TRBV5-5	TRBJ2-6
CATERLADTQYF	TRBV2	TRBJ2-3
CASSLDRDLYEQYF	TRBV5-6	TRBJ2-7
CASVRDKYNEQFF	TRBV7-9	TRBJ2-1
CSVAGGKNYEQYF	TRBV29-1	TRBJ2-7
CASSQGDRAFTDTQYF	TRBV4-3	TRBJ2-3
CASRSNPGLAGYEQYF	TRBV27	TRBJ2-7
CASSRGQNNAKNIQYF	TRBV4-1	TRBJ2-4
CASSFSGGAGDTQYF	TRBV11-2	TRBJ2-3
CASSIGLAGHSGDEQFF	TRBV19	TRBJ2-1
CAWSGDSFEQYF	TRBV30	TRBJ2-7
CASSLGGLYLYNEQFF	TRBV7-2	TRBJ2-1
CASSQDRGYQPQHF	TRBV4-1	TRBJ1-5
CASSELRTLQVMNTEAFF	TRBV10-1	TRBJ1-1
CASKPGPTYEQYF	TRBV6-3	TRBJ2-7
CASRTVDFSGANVLTF	TRBV12-3	TRBJ2-6
CASSKGAAITVGLETQYF	TRBV2	TRBJ2-5
CASSRSDSSYEQYF	TRBV6-5	TRBJ2-7
CASRSDKYEQYF	TRBV27	TRBJ2-7
CASTHSGTLTYEQYF	TRBV7-9	TRBJ2-7
CASSHSSGGGGEQFF	TRBV4-1	TRBJ2-1
CASSQEGGGYNEQFF	TRBV4-1	TRBJ2-1
CSASPGQGHNSPLHF	TRBV20-1	TRBJ1-6
CASSQVRSLGQENEKLFF	TRBV4-2	TRBJ1-4
CASSLGIAGGLGQTQYF	TRBV27	TRBJ2-5
CSVVGGSFYEQYF	TRBV29-1	TRBJ2-7
CASSSGTGANTEAFF	TRBV6-3	TRBJ1-1
CSLQGGRYNEQFF	TRBV29-1	TRBJ2-1
CASVEGDEQFF	TRBV2	TRBJ2-1
CASSFSGGAEGDTQYF	TRBV5-1	TRBJ2-3
CASSLGKRQGRGQETQYF	TRBV11-2	TRBJ2-5
CSVFGGRSYNEQFF	TRBV20-1	TRBJ2-1
CATTDGTGELEGYTF	TRBV19	TRBJ1-2
CASSGGVTEAFF	TRBV5-6	TRBJ1-1
CSGGQGEDTEAFF	TRBV29-1	TRBJ1-1
CASSQFQGAVTGELFF	TRBV4-3	TRBJ2-2
CASSGWDSANSPLHF	TRBV5-6	TRBJ1-6
CASSLDWTGANVLTF	TRBV7-9	TRBJ2-6
CASSFLAGGNYEQYF	TRBV13	TRBJ2-7
CASSADRFPNTEAFF	TRBV9	TRBJ1-1
CASSPGTDYYGYTF	TRBV7-9	TRBJ1-2
CASSWIQRPDYGYTF	TRBV6-3	TRBJ1-2
CASSPAGGTYEQYF	TRBV7-2	TRBJ2-7
CASSLVGGPSVQFF	TRBV7-9	TRBJ2-1
CSARDLVRYEQYF	TRBV20-1	TRBJ2-7
CASSYTGSEAFF	TRBV6-2	TRBJ1-1
CAISESGRGFYFDQPQHF	TRBV10-3	TRBJ1-5
CASSLELAMGETQYF	TRBV7-9	TRBJ2-5
CATSRDKGTDTQYF	TRBV15	TRBJ2-3
CASSQEDDGGAYNEQFF	TRBV4-1	TRBJ2-1
CASSPPRAENTIYF	TRBV28	TRBJ1-3
CASSVGGDPYNEQFF	TRBV9	TRBJ2-1
CASQTQSSYNEQFF	TRBV19	TRBJ2-1
CASTSGYNEQFF	TRBV6-5	TRBJ2-1
CASTRTFLNTEAFF	TRBV28	TRBJ1-1
CASSVYSYQETQYF	TRBV9	TRBJ2-5
CASSLGGLGNEQFF	TRBV7-9	TRBJ2-1
CSARKGEPPSTDTQYF	TRBV20-1	TRBJ2-3
CASSFGASAKNIQYF	TRBV12-4	TRBJ2-4
CASSTTLYTGELFF	TRBV12-4	TRBJ2-2
CASSQPRTGETQYF	TRBV3-1	TRBJ2-5
CASSKGKKGRGMDTGELFF	TRBV19	TRBJ2-2
CATRGSSGRAFFYEQFF	TRBV10-3	TRBJ2-1
CASSTYSNQPQHF	TRBV19	TRBJ1-5
CASSPGLERSAATQYF	TRBV7-9	TRBJ2-3
CASSPGLAPKDEQFF	TRBV12-4	TRBJ2-1
CASSFGQGDFFTEAFF	TRBV27	TRBJ1-1
CASSLGQQFEAFF	TRBV6-5	TRBJ1-1
CASRWTEFSEQFF	TRBV19	TRBJ2-1
CASSEYGAPYEQYF	TRBV6-1	TRBJ2-7
CASSSGVTDTQYF	TRBV7-2	TRBJ2-3
CASSLGTDYEQYF	TRBV5-1	TRBJ2-7
CSARDGGTGVGWVDTQYF	TRBV20-1	TRBJ2-3
CASSLVGEGLRDEQFF	TRBV7-9	TRBJ2-1
CASSWDLTSYEQYF	TRBV7-9	TRBJ2-7
CASTPLAGGPGRHNEQFF	TRBV9	TRBJ2-1
CASSPTGNTEAFF	TRBV25-1	TRBJ1-1
CASSPSSGAGIQYF	TRBV4-1	TRBJ2-4
CSARVIASYNEQFF	TRBV20-1	TRBJ2-1
CSARDGVGSGSTYEQYF	TRBV20-1	TRBJ2-7
CASSFQPGMGTEAFF	TRBV7-6	TRBJ1-1
CASSHPIGGAETQYF	TRBV4-1	TRBJ2-5
CASSLGNYEQYF	TRBV14	TRBJ2-7
CASSSDPTRSWADTQYF	TRBV27	TRBJ2-3
CASSVEGDANEQFF	TRBV9	TRBJ2-1
CASRRDNNYGYTF	TRBV6-4	TRBJ1-2
CASSTLGDGVRGYTF	TRBV6-3	TRBJ1-2
CASSISSYNEQFF	TRBV19	TRBJ2-1
CASSEPQEGPEAFF	TRBV6-6	TRBJ1-1
CASSLLSGGSYNEQFF	TRBV5-1	TRBJ2-1
CASKSFPGDPDLGEQYF	TRBV27	TRBJ2-7
CASSLWARGYQETQYF	TRBV12-3	TRBJ2-5
CASSGQPYEQYF	TRBV7-9	TRBJ2-7
CSVVYRAYEQYF	TRBV29-1	TRBJ2-7
CASRWLAGGETQYF	TRBV2	TRBJ2-5
CASSSEGDTEAFF	TRBV9	TRBJ1-1
CASSAMGQHNEQFF	TRBV19	TRBJ2-1
CASSSLQETQYF	TRBV6-6	TRBJ2-5
CASSLSQLWETQYF	TRBV7-2	TRBJ2-5
CASSPSREPNEKLFF	TRBV28	TRBJ1-4
CASSLSIRAGELFF	TRBV28	TRBJ2-2
CASSIPLAESTDTQYF	TRBV7-9	TRBJ2-3
CASRENREAFF	TRBV6-1	TRBJ1-1
CAIAGPSRGYTF	TRBV19	TRBJ1-2
CASSQGGGAADTQYF	TRBV7-6	TRBJ2-3
CASSRRLAENTNEQFF	TRBV7-9	TRBJ2-1
CSPLGRKGVNTEAFF	TRBV20-1	TRBJ1-1
CASSSEDYEQYF	TRBV19	TRBJ2-7
CASSVDGMNQPQHF	TRBV9	TRBJ1-5
CASSRYNEQFF	TRBV6-3	TRBJ2-1
CASSNPGEGETQYF	TRBV19	TRBJ2-5
CASSPFVSGSQTF	TRBV14	TRBJ1-2
CASSLAEVFAYEQYF	TRBV12-4	TRBJ2-7
CAISEGVGGLEQYF	TRBV10-3	TRBJ2-7
CASSFRDRGHYEQYF	TRBV7-9	TRBJ2-7
CASSPTRNTEAFF	TRBV4-3	TRBJ1-1
CSARDPQGVTEAFF	TRBV20-1	TRBJ1-1
CASGLDHGYEQYF	TRBV12-5	TRBJ2-7
CASSPIAGGPYNEQFF	TRBV12-3	TRBJ2-1
CASRPQGAVEAFF	TRBV6-5	TRBJ1-1
CASRTSGNEQFF	TRBV12-4	TRBJ2-1
CASSQDDDSGNTIYF	TRBV3-1	TRBJ1-3
CASSLMGITDTQYF	TRBV27	TRBJ2-3
CASSFSGYNEQFF	TRBV7-2	TRBJ2-1
CASSYGHNTGELFF	TRBV6-3	TRBJ2-2
CASSLGVTDLGYTF	TRBV5-4	TRBJ1-2
CASSLGGAGSSYNEQFF	TRBV7-9	TRBJ2-1
CSATPGGSGYTF	TRBV20-1	TRBJ1-2
CASSPPGRNTEAFF	TRBV18	TRBJ1-1
CASSRFWVGPYEQYF	TRBV5-1	TRBJ2-7
CASSSQTFYTGELFF	TRBV7-3	TRBJ2-2
CSAPKSWTGDETQYF	TRBV20-1	TRBJ2-5
CASSLDFWTGLPNEKLFF	TRBV11-2	TRBJ1-4
CSGHPNEQFF	TRBV20-1	TRBJ2-1
CSVTEGFGEQYF	TRBV29-1	TRBJ2-7
CASSFPKDGSTYEQYF	TRBV7-9	TRBJ2-7
CASSLHDYTGFGTEAFF	TRBV7-9	TRBJ1-1
CASSQEWLQTGYTGELFF	TRBV4-1	TRBJ2-2
CASRGTGQETQYF	TRBV14	TRBJ2-5
CASSQVQGAPTEAFF	TRBV4-1	TRBJ1-1
CASPPDLASTDTQYF	TRBV12-3	TRBJ2-3
CASSFPLAGIYTQYF	TRBV7-2	TRBJ2-3
CASSLSSGITGELFF	TRBV7-7	TRBJ2-2
CASTTQGPPVTPDTQYF	TRBV12-4	TRBJ2-3
CASSTDYEQYF	TRBV2	TRBJ2-7
CASSAGNTEAFF	TRBV9	TRBJ1-1
CASSPLGAYTGFF	TRBV14	TRBJ1-1
CASSAPARDFNYGYTF	TRBV6-3	TRBJ1-2
CASSSATYGYTF	TRBV19	TRBJ1-2
CASRILPDRDGDTEAFF	TRBV12-4	TRBJ1-1
CASRATGGLDEQYF	TRBV6-1	TRBJ2-7
CASSLGASRSTDTQYF	TRBV7-6	TRBJ2-3
CARRESNIQYF	TRBV2	TRBJ2-4
CASNPAGGVYNEQFF	TRBV9	TRBJ2-1
CASSLYGRTTDTQYF	TRBV11-2	TRBJ2-3
CASSAARSGTLNTGELFF	TRBV5-1	TRBJ2-2
CASSLDRAVSSYNEQFF	TRBV7-2	TRBJ2-1
CASSLENIRLQSNQPQHF	TRBV28	TRBJ1-5
CASSMGDPWAFF	TRBV19	TRBJ1-1
CASSLTTGGFNYGYTF	TRBV5-1	TRBJ1-2
CASSPTGTGLYEQYF	TRBV6-5	TRBJ2-7
CASSMETDPYEQYF	TRBV10-1	TRBJ2-7
CASSLSLGQPQHF	TRBV7-7	TRBJ1-5
CASSLSGFSTDTQYF	TRBV5-5	TRBJ2-3
CASSVDEREQYF	TRBV9	TRBJ2-7
CATKGTESNYGYTF	TRBV24-1	TRBJ1-2
CASSFTLAAYSNQPQHF	TRBV7-8	TRBJ1-5
CASTGPLNTEAFF	TRBV6-5	TRBJ1-1
CASSQGAGIGRTDTQYF	TRBV4-1	TRBJ2-3
CASSLPGIDTQYF	TRBV5-1	TRBJ2-3
CASSTPWGNQPQHF	TRBV6-3	TRBJ1-5
CASSLIASPADTQYF	TRBV7-3	TRBJ2-3
CASSEFTGANVLTF	TRBV4-3	TRBJ2-6
CASSFGGQLYEQYF	TRBV27	TRBJ2-7
CATSDLPVDSYTDTQYF	TRBV24-1	TRBJ2-3
CASSPSVSVQHRSYGYTF	TRBV18	TRBJ1-2
CASSGGQVTGANVLTF	TRBV5-6	TRBJ2-6
CASSLGPINEQFF	TRBV12-3	TRBJ2-1
CASSQWVGTDLQETQYF	TRBV4-1	TRBJ2-5
CASSPPGQTYEQYF	TRBV11-3	TRBJ2-7
CASSGGLAGAPYEQYF	TRBV12-3	TRBJ2-7
CAISESTTPTGYGYTF	TRBV10-3	TRBJ1-2
CASTIFWTGTYYEQYF	TRBV2	TRBJ2-7
CASSPWTGGETQYF	TRBV27	TRBJ2-5
CASSETSGGYYNEQFF	TRBV2	TRBJ2-1
CASSQPAGESLRETQYF	TRBV4-3	TRBJ2-5
CSTRDQRGLAGGIGDTQYF	TRBV20-1	TRBJ2-3
CASSPSQGAKETQYF	TRBV27	TRBJ2-5
CASSLTPGEYSNQPQHF	TRBV7-9	TRBJ1-5
CASSPTGARGPNEKLFF	TRBV11-2	TRBJ1-4
CASSLDLGGSPYNEQFF	TRBV7-2	TRBJ2-1
CASSPLRLGWNEQFF	TRBV18	TRBJ2-1
CASSPRPGQGNFFF	TRBV19	TRBJ1-1
CASTKDRSEAFF	TRBV7-9	TRBJ1-1
CASSPSLGTRYNEQFF	TRBV11-2	TRBJ2-1
CASSSRTSSTDTQYF	TRBV12-4	TRBJ2-3
CASTAGTASTDTQYF	TRBV6-1	TRBJ2-3
CASSQDRTIWSYGYTF	TRBV3-1	TRBJ1-2
CSARDRLAGDTDTQYF	TRBV20-1	TRBJ2-3
CSVEKGATEAFF	TRBV29-1	TRBJ1-1
CATTTWDMNTEAFF	TRBV19	TRBJ1-1
CASSLELAGGLGDTGELFF	TRBV5-1	TRBJ2-2
CASSWGANYGYTF	TRBV19	TRBJ1-2
CASSLVQRPGNTEAFF	TRBV7-8	TRBJ1-1
CASSSQPLAGKDTQYF	TRBV5-5	TRBJ2-3
CASSSVDGDTQYF	TRBV7-9	TRBJ2-3
CASSPLGKAQYF	TRBV6-3	TRBJ2-3
CASSSDSSYEQYF	TRBV7-3	TRBJ2-7
CATRGEGPYNEQFF	TRBV24-1	TRBJ2-1
CASSPSGQYYGYTF	TRBV6-1	TRBJ1-2
CASSYSGQGSAAGETQYF	TRBV6-6	TRBJ2-5
CSARDGFYGYTF	TRBV20-1	TRBJ1-2
CASSLERDEQFF	TRBV11-2	TRBJ2-1
CASRLQTGTIYGYTF	TRBV6-5	TRBJ1-2
CASSLLDRPSTYEQYF	TRBV7-2	TRBJ2-7
CASRSGTGSPETQYF	TRBV6-6	TRBJ2-5
CASSSGTGNTEAFF	TRBV4-1	TRBJ1-1
CASSFGIDSPLHF	TRBV12-3	TRBJ1-6
CASSFNPATEAFF	TRBV5-4	TRBJ1-1
CASCGGLNEKLFF	TRBV7-9	TRBJ1-4
CASSREGGNSPLHF	TRBV4-1	TRBJ1-6
CASSGDPTGLAPQMAQYF	TRBV9	TRBJ2-5
CASSQGRGSNQPQHF	TRBV4-1	TRBJ1-5
CATRDDEDIRSYNEQFF	TRBV15	TRBJ2-1
CASSLGAANYNEQFF	TRBV7-9	TRBJ2-1
CSVEGGWGTGELFF	TRBV29-1	TRBJ2-2
CASSVDDGEYYNEQFF	TRBV9	TRBJ2-1
CASSLGQLHTWGNEQYF	TRBV27	TRBJ2-7
CASRGGSKPFNEQFF	TRBV19	TRBJ2-1
CASSYSAGGSYNEQFF	TRBV6-6	TRBJ2-1
CASGPPRDRARNTEAFF	TRBV12-5	TRBJ1-1
CAVTAGDEQFF	TRBV25-1	TRBJ2-1
CASSLKSSLSYNEQFF	TRBV13	TRBJ2-1
CASSPGRGTINEKLFF	TRBV5-4	TRBJ1-4
CASSRPVTSGRHEQYF	TRBV4-2	TRBJ2-7
CASSDYPGAYGYTF	TRBV6-4	TRBJ1-2
CASSLVTSGETYEQYF	TRBV11-2	TRBJ2-7
CASSADRYYGYTF	TRBV27	TRBJ1-2
CASSPGTYGYTF	TRBV12-4	TRBJ1-2
CASYRGITNEKLFF	TRBV6-1	TRBJ1-4
CASNSGTYGYTF	TRBV9	TRBJ1-2
CASSTNFKNTEAFF	TRBV5-8	TRBJ1-1
CASSMGGLQPQHF	TRBV19	TRBJ1-5
CASSGSGNTIYF	TRBV28	TRBJ1-3
CASSLELAGLDNEQFF	TRBV7-8	TRBJ2-1
CASSPYGGNTDTQYF	TRBV6-4	TRBJ2-3
CASRVGTGNLYEQYF	TRBV27	TRBJ2-7
CSARGGSGTNYGYTF	TRBV20-1	TRBJ1-2
CASSFGDTEAFF	TRBV11-3	TRBJ1-1
CASSTGLINQPQHF	TRBV27	TRBJ1-5
CASSQDSGGTLNTEAFF	TRBV4-1	TRBJ1-1
CASSIVGNSELFF	TRBV19	TRBJ2-2
CASSLAEGFYGYTF	TRBV5-1	TRBJ1-2
CASSGAGAGYEQYF	TRBV6-6	TRBJ2-7
CASSVSRNYEQYF	TRBV6-1	TRBJ2-7
CASAPSGGATDTQYF	TRBV2	TRBJ2-3
CAWDVGTGPHEQYF	TRBV30	TRBJ2-7
CASSLGFREGTEAFF	TRBV7-9	TRBJ1-1
CASSIAPGGLAGIEQFF	TRBV19	TRBJ2-1
CASSSDGGLGTDTQYF	TRBV11-2	TRBJ2-3
CASSQHRGRTGELFF	TRBV4-1	TRBJ2-2
CASTSSMGTGDGYTF	TRBV19	TRBJ1-2
CASSEEWLQGNSYEQYF	TRBV6-1	TRBJ2-7
CASSSRHTEAFF	TRBV28	TRBJ1-1
CASSPGNILYGYTF	TRBV18	TRBJ1-2
CASSIDWRDRGEKIETQYF	TRBV19	TRBJ2-5
CASSEDRHTGELFF	TRBV9	TRBJ2-2
CASSLSGLGAAGVYEQYF	TRBV5-1	TRBJ2-7
CAIRDRDRNYEQYF	TRBV10-3	TRBJ2-7
CASSQGSLAGGPNEQFF	TRBV4-3	TRBJ2-1
CASSETGAGDTGELFF	TRBV2	TRBJ2-2
CASSPTSGTVNEQFF	TRBV6-5	TRBJ2-1
CASSLALPGTGSRGDEQFF	TRBV11-2	TRBJ2-1
CASMGGSNEQFF	TRBV28	TRBJ2-1
CSAGILTSGSSYEQYF	TRBV20-1	TRBJ2-7
CASSSSTGWAEAFF	TRBV5-8	TRBJ1-1
CASSWEGTFLDTQYF	TRBV4-1	TRBJ2-3
CASSSTAGLAKNIQYF	TRBV7-9	TRBJ2-4
CASSIYPGTDTQYF	TRBV7-6	TRBJ2-3
CASSHNTGLVTEAFF	TRBV11-3	TRBJ1-1
CSAADRGLGETQYF	TRBV20-1	TRBJ2-5
CASSLATGGYGNTIYF	TRBV7-6	TRBJ1-3
CSVQTGRAFF	TRBV20-1	TRBJ1-1
CASSLSGSYEQYF	TRBV7-9	TRBJ2-7
CSVAGASGNEQFF	TRBV29-1	TRBJ2-1
CASSIGQSYNEQFF	TRBV12-4	TRBJ2-1
CAWSVRVSSTDTQYF	TRBV30	TRBJ2-3
CASNAGPLGNTIYF	TRBV2	TRBJ1-3
CSARVPAGASTDTQYF	TRBV20-1	TRBJ2-3
CASSLRQGINTGELFF	TRBV7-9	TRBJ2-2
CASREVNTEAFF	TRBV7-8	TRBJ1-1
CASSGYTDTQYF	TRBV27	TRBJ2-3
CASGLVVLGFTGELFF	TRBV12-5	TRBJ2-2
CSARAKRTLYEQYF	TRBV20-1	TRBJ2-7
CSADREAFF	TRBV29-1	TRBJ1-1
CASRSGSSYNEQFF	TRBV9	TRBJ2-1
CASSRWTSEDEQFF	TRBV7-2	TRBJ2-1
CASSLEQGPGELFF	TRBV12-3	TRBJ2-2
CASSVRVSGELFF	TRBV12-3	TRBJ2-2
CASSPGGHGYTF	TRBV4-1	TRBJ1-2
CASSFWPGRNLLWGYTF	TRBV12-4	TRBJ1-2
CSASALDRTGATASGRERDLEAFF	TRBV20-1	TRBJ1-1
CATSDLGQDYGYTF	TRBV24-1	TRBJ1-2
CASSVLAGSSYEQYF	TRBV5-4	TRBJ2-7
CSAASGRFQNTEAFF	TRBV20-1	TRBJ1-1
CASSLEYRTGVLNQPQHF	TRBV7-8	TRBJ1-5
CASSLVWFGQGVGTAGYTF	TRBV5-1	TRBJ1-2
CASSIGRSTEAFF	TRBV19	TRBJ1-1
CSVVDTEAFF	TRBV29-1	TRBJ1-1
CASSTAGVDTDTQYF	TRBV19	TRBJ2-3
CANGVGGEGGQFF	TRBV6-6	TRBJ2-1
CSVEAYATDYYGYTF	TRBV29-1	TRBJ1-2
CASGQGVFGYTF	TRBV19	TRBJ1-2
CASSFPVLAGLSSTDTQYF	TRBV7-9	TRBJ2-3
CASSLVIRNEAFF	TRBV5-1	TRBJ1-1
CASGLVQYEQYF	TRBV12-5	TRBJ2-7
CASSWTGTSVGPEETQYF	TRBV7-9	TRBJ2-5
CASSPTGTSESYEQFF	TRBV11-2	TRBJ2-1
CASSLRGRGEKLFF	TRBV27	TRBJ1-4
CSVHVPMNTEAFF	TRBV29-1	TRBJ1-1
CASSLGDRLPYNEQFF	TRBV6-6	TRBJ2-1
CASSGGTSGSNEQFF	TRBV5-8	TRBJ2-1
CASSLEGFTEAFF	TRBV27	TRBJ1-1
CASSIQGGIPDTQYF	TRBV19	TRBJ2-3
CSASTTTGLAPVEQYF	TRBV20-1	TRBJ2-7
CASSPMNTEAFF	TRBV7-3	TRBJ1-1
CSARTDRGRTF	TRBV20-1	TRBJ1-2
CASSSGSPSFEQYF	TRBV19	TRBJ2-7
CASSLKVGGQGVSEQYF	TRBV5-1	TRBJ2-7
CASSLERGVSAAFF	TRBV28	TRBJ1-1
CATSDHGTGYDSETQYF	TRBV24-1	TRBJ2-5
CASSQDRAPTDTQYF	TRBV4-2	TRBJ2-3
CSVEDGQTSGNTIYF	TRBV29-1	TRBJ1-3
CASSSWTASNYGYTF	TRBV12-3	TRBJ1-2
CASSIRQRPGIRAFF	TRBV5-4	TRBJ1-1
CASSFTLGTGGVEQYF	TRBV27	TRBJ2-7
CSVTSRGGTREQYF	TRBV20-1	TRBJ2-7
CASGLFVVGTYGYTF	TRBV12-5	TRBJ1-2
CAIVGDTGELFF	TRBV4-1	TRBJ2-2
CASSRSTEAFF	TRBV16	TRBJ1-1
CARADRVSTDTQYF	TRBV14	TRBJ2-3
CASSPRDSPNEKLFF	TRBV27	TRBJ1-4
CASSLDRTGGLGDRQPQHF	TRBV7-8	TRBJ1-5
CASSPSGAGTGTDTQYF	TRBV9	TRBJ2-3
CASNGGQGYEQFF	TRBV7-9	TRBJ2-1
CATSDEGQITGELFF	TRBV24-1	TRBJ2-2
CASTQGSEAFF	TRBV5-5	TRBJ1-1
CASSQDLQGGNTIYF	TRBV3-1	TRBJ1-3
CASTPGATTGELFF	TRBV7-8	TRBJ2-2
CASSPRDTYYGYTF	TRBV5-5	TRBJ1-2
CASSYRLTVNTGELFF	TRBV6-5	TRBJ2-2
CSASDLGQGSNEQYF	TRBV20-1	TRBJ2-7
CASSHYFGTEAFF	TRBV14	TRBJ1-1
CASSVDFGGGLEQFF	TRBV9	TRBJ2-1
CASKIVDEVGALHF	TRBV27	TRBJ1-6
CASSPAGVPTEAFF	TRBV4-1	TRBJ1-1
CASSITGNTEAFF	TRBV19	TRBJ1-1
CASNAGTGTDTQYF	TRBV10-1	TRBJ2-3
CASSDGYTGELFF	TRBV9	TRBJ2-2
CATRPDSYNEQFF	TRBV5-1	TRBJ2-1
CASSLAPSTEQYF	TRBV5-4	TRBJ2-7
CASSSGTEVTDTQYF	TRBV5-8	TRBJ2-3
CASSEPGQGYEQYF	TRBV19	TRBJ2-7
CASITDVPMSTDTQYF	TRBV6-1	TRBJ2-3
CASSLAANYEQFF	TRBV27	TRBJ2-1
CASSLAWDLNSPLHF	TRBV7-2	TRBJ1-6
CSVEEAGGNEKLFF	TRBV29-1	TRBJ1-4
CASSPFYMETQYF	TRBV11-2	TRBJ2-5
CSARDGDQGRGDNQETQYF	TRBV20-1	TRBJ2-5
CASSFDQGSSTNEKLFF	TRBV5-1	TRBJ1-4
CASSLGTGFRGELFF	TRBV13	TRBJ2-2
CSGKQDTSWTDTQYF	TRBV29-1	TRBJ2-3
CSANTGAVMNTEAFF	TRBV20-1	TRBJ1-1
CASSLDTSGGLGSYEQYF	TRBV7-9	TRBJ2-7
CASRPGRADYGYTF	TRBV6-3	TRBJ1-2
CATSRATSGRAPDTQYF	TRBV15	TRBJ2-3
CASSQELAGTGPDEKLFF	TRBV4-3	TRBJ1-4
CASREGTGNEQYF	TRBV2	TRBJ2-7
CASSLGGFSSYNEQFF	TRBV28	TRBJ2-1
CASSLTAGVDTQYF	TRBV5-6	TRBJ2-3
CASSLGFFGEVAQYF	TRBV11-2	TRBJ2-5
CASSVSGTGELFF	TRBV2	TRBJ2-2
CSARDLGGTAKNIQYF	TRBV20-1	TRBJ2-4
CSVQTTRNTQYF	TRBV29-1	TRBJ2-5
CASSLGQGSSYEQYF	TRBV28	TRBJ2-7
CASSLGQIEETQYF	TRBV5-1	TRBJ2-5
CASSDYFSSYEQYF	TRBV27	TRBJ2-7
CASSLGSGQAEKLFF	TRBV12-4	TRBJ1-4
CASSQESTSQPQHF	TRBV3-1	TRBJ1-5
CASRTGHTSPDQPQHF	TRBV25-1	TRBJ1-5
CASSLGGTFYNEQFF	TRBV5-6	TRBJ2-1
CASSMGGQTYGYTF	TRBV27	TRBJ1-2
CASSEMLGTNEKLFF	TRBV2	TRBJ1-4
CASSQTGHYGYTF	TRBV6-3	TRBJ1-2
CASSYSLAATGELFF	TRBV6-5	TRBJ2-2
CASRIYHEQFF	TRBV27	TRBJ2-1
CASSLPTLNGNIQYF	TRBV27	TRBJ2-4
CASSPRTGDTETQYF	TRBV18	TRBJ2-5
CASSQGGPYNEQFF	TRBV4-3	TRBJ2-1
CASSDRDTDYNSPLHF	TRBV25-1	TRBJ1-6
CASRPTGVGSGTEAFF	TRBV4-1	TRBJ1-1
CASSELLTKGTIANYGYTF	TRBV2	TRBJ1-2
CASSQNNQGRVEQYF	TRBV4-1	TRBJ2-7
CAWDGGRGGETQYF	TRBV30	TRBJ2-5
CASSQDLSGGQETQYF	TRBV4-1	TRBJ2-5
CSARRELDSGANVLTF	TRBV20-1	TRBJ2-6
CSARRGEYNEQFF	TRBV20-1	TRBJ2-1
CASSYKTGQGSMNTEAFF	TRBV11-2	TRBJ1-1
CASSPDSGIGGNYGYTF	TRBV6-6	TRBJ1-2
CASSQGAGPNSPLHF	TRBV4-1	TRBJ1-6
CASSQGGENTEAFF	TRBV4-2	TRBJ1-1
CASSLGPTGGDEKLFF	TRBV5-6	TRBJ1-4
CASSHPPADTQYF	TRBV16	TRBJ2-3
CASTLIGDSGMVNEQFF	TRBV7-9	TRBJ2-1
CASSLVGTPDTQYF	TRBV12-4	TRBJ2-3
CASSFSSGSGEQFF	TRBV11-3	TRBJ2-1
CSARDHTERGGIYEQYF	TRBV20-1	TRBJ2-7
CAISDRGGPTYEQYF	TRBV10-3	TRBJ2-7
CASSPRDSYPYEQYF	TRBV18	TRBJ2-7
CASSLRTVSSYEQYF	TRBV7-8	TRBJ2-7
CASSPGGNTQYF	TRBV3-1	TRBJ2-3
CASSTFRVKHTGELFF	TRBV6-1	TRBJ2-2
CASSLVGSGQGDEQFF	TRBV7-9	TRBJ2-1
CASSYSGRFREQFF	TRBV5-6	TRBJ2-1
CASSQGTGTQYF	TRBV12-4	TRBJ2-5
CAIGTSGNTGELFF	TRBV10-2	TRBJ2-2
CASSWGQPTEAFF	TRBV27	TRBJ1-1
CSATLGNQPQHF	TRBV20-1	TRBJ1-5
CASSTGGRHEQYF	TRBV6-5	TRBJ2-7
CASSYSGRSNEKLFF	TRBV6-5	TRBJ1-4
CASSRGQETGELFF	TRBV7-8	TRBJ2-2
CASNNRGRSYEQYF	TRBV6-5	TRBJ2-7
CASGSDTYGYTF	TRBV5-6	TRBJ1-2
CASSFGQANTEAFF	TRBV13	TRBJ1-1
CASSSVGEAFF	TRBV12-3	TRBJ1-1
CASSVEGGSSYNEQFF	TRBV9	TRBJ2-1
CAISEPSTTNTEAFF	TRBV10-3	TRBJ1-1
CASSLAGQGRQPQHF	TRBV7-9	TRBJ1-5
CASSTLSYNQPQHF	TRBV27	TRBJ1-5
CASSEQGLDTQYF	TRBV2	TRBJ2-3
CASSEGRTLNQPQHF	TRBV2	TRBJ1-5
CASSQDRGFGNQPQHF	TRBV4-3	TRBJ1-5
CASSLRPYSYNEQFF	TRBV27	TRBJ2-1
CASSLPAQPQHF	TRBV12-3	TRBJ1-5
CAISESPDMLMGNEQFF	TRBV10-3	TRBJ2-1
CASSVATSGEQYF	TRBV9	TRBJ2-7
CASSFVSFDEQFF	TRBV28	TRBJ2-1
CASSVTPSSYNEQFF	TRBV6-4	TRBJ2-1
CASSIDGGDGYTF	TRBV5-6	TRBJ1-2
CSANTLAGYNEQFF	TRBV20-1	TRBJ2-1
CASSLTGGYGNTIYF	TRBV11-3	TRBJ1-3
CASSTSTGSEAFF	TRBV19	TRBJ1-1
CASSFPLALNTGELFF	TRBV12-4	TRBJ2-2
CASSERREGNEQFF	TRBV2	TRBJ2-1
CSAEGLAGVRANNEQFF	TRBV20-1	TRBJ2-1
CASRARDYQETQYF	TRBV2	TRBJ2-5
CASSLGSGRLMEKLFF	TRBV12-4	TRBJ1-4
CASSFTSGGDTDTQYF	TRBV5-1	TRBJ2-3
CASSLTAGGPDEQFF	TRBV4-2	TRBJ2-1
CASSQVPGAAGEPTDTQYF	TRBV3-1	TRBJ2-3
CASILMGQSLGTQYF	TRBV5-8	TRBJ2-5
CASSLRGRLRHYNEQFF	TRBV28	TRBJ2-1
CASSDPGGGSTEAFF	TRBV25-1	TRBJ1-1
CASSIGGNNEQYF	TRBV19	TRBJ2-7
CASSYSWGQFF	TRBV6-3	TRBJ2-1
CASSLEGTGANSPLHF	TRBV5-1	TRBJ1-6
CASYPVPGLKTQYF	TRBV7-8	TRBJ2-5
CASSGAGTKVNEQFF	TRBV9	TRBJ2-1
CASAVANQPQHF	TRBV6-3	TRBJ1-5
CAISGQGEYTEAFF	TRBV10-3	TRBJ1-1
CASSLEQGWAEAFF	TRBV9	TRBJ1-1
CASILAPGATNEKLFF	TRBV7-6	TRBJ1-4
CASSDGFPDSTYEQYF	TRBV6-5	TRBJ2-7
CSARDQSNTEAFF	TRBV20-1	TRBJ1-1
CASSPGGRTDGPHTDTQYF	TRBV18	TRBJ2-3
CSASDRGGWGQFF	TRBV29-1	TRBJ2-1
CSVRWESTDTQYF	TRBV29-1	TRBJ2-3
CASRGGQISYEQYF	TRBV2	TRBJ2-7
CASSPPGGTGDRVGELFF	TRBV11-3	TRBJ2-2
CASSLVLMETQYF	TRBV12-3	TRBJ2-5
CSARDLTGAPHQPQHF	TRBV20-1	TRBJ1-5
CAIMGGRWDEQFF	TRBV12-4	TRBJ2-1
CASSFGPGTGVGYTF	TRBV27	TRBJ1-2
CASSLGGGGFYEQYF	TRBV7-8	TRBJ2-7
CATSGGVVSTEAFF	TRBV15	TRBJ1-1
CASRRGWGDHQPQHF	TRBV5-1	TRBJ1-5
CATSRETAYEQYF	TRBV15	TRBJ2-7
CASSPSTKYTGELFF	TRBV12-3	TRBJ2-2
CASSEKSSGAGYNEQFF	TRBV3-1	TRBJ2-1
CASSLTPNTEAFF	TRBV5-1	TRBJ1-1
CASSLATTDGGGKLFF	TRBV7-9	TRBJ1-4
CSASYGAGESQPQHF	TRBV20-1	TRBJ1-5
CASSLSAWAYSNTGELFF	TRBV14	TRBJ2-2
CASSPMDSIDGYTF	TRBV6-5	TRBJ1-2
CSAIRGLAGTNTGELFF	TRBV20-1	TRBJ2-2
CASSEGDRGGWNTEAFF	TRBV25-1	TRBJ1-1
CASSSPWTDSYNEQFF	TRBV7-8	TRBJ2-1
CAWTISDLAKNIQYF	TRBV30	TRBJ2-4
CASSVDRGLNTEAFF	TRBV19	TRBJ1-1
CASLQYPGNTIYF	TRBV18	TRBJ1-3
CAWSVPPAASYGYTF	TRBV30	TRBJ1-2
CASSLGYEQYF	TRBV7-8	TRBJ2-7
CASSFFVGAGVGETQYF	TRBV7-2	TRBJ2-5
CSARDLDRADNTGELFF	TRBV20-1	TRBJ2-2
CASSPGTGGDNEQFF	TRBV5-1	TRBJ2-1
CASSAPSQNTGELFF	TRBV10-2	TRBJ2-2
CASSPFSGAPYEQYF	TRBV27	TRBJ2-7
CASSLSTNTEAFF	TRBV12-4	TRBJ1-1
CATSLTSGGRNEQFF	TRBV15	TRBJ2-1
CASSYVLQTYEQYF	TRBV6-3	TRBJ2-7
CASSLGQGVYGYTF	TRBV27	TRBJ1-2
CASSGSTDPPYNEQFF	TRBV19	TRBJ2-1
CASSQDRVSANNEQFF	TRBV4-3	TRBJ2-1
CATSKDPSTGSDEQYF	TRBV15	TRBJ2-7
CASSQVSGGFGNTIYF	TRBV4-1	TRBJ1-3
CASSEGQGHQPQHF	TRBV2	TRBJ1-5
CASSEFPPPYEQYF	TRBV6-1	TRBJ2-7
CASSQSGYGYTF	TRBV6-5	TRBJ1-2
CASQQSGSSYNSPLHF	TRBV2	TRBJ1-6
CASSVGTTPYEQYF	TRBV9	TRBJ2-7
CASSLSGLGTEAFF	TRBV27	TRBJ1-1
CASSPGLAGLTDTQYF	TRBV4-3	TRBJ2-3
CASREEGCQPQHF	TRBV14	TRBJ1-5
CAWSVASGANNEQFF	TRBV30	TRBJ2-1
CASSFGPGWGNPSSYNEQFF	TRBV12-4	TRBJ2-1
CASSFATANQPQHF	TRBV7-9	TRBJ1-5
CAILGFFSTGELFF	TRBV2	TRBJ2-2
CASSLGLAGPTDTQYF	TRBV11-1	TRBJ2-3
CASSQAAGDNEKLFF	TRBV14	TRBJ1-4
CASGPADRGFDIQYF	TRBV5-6	TRBJ2-4
CASTGGADEKLFF	TRBV7-8	TRBJ1-4
CSAWQGGTDTQYF	TRBV29-1	TRBJ2-3
CSAREEAGDDTGELFF	TRBV20-1	TRBJ2-2
CASSIGGGSYQPQHF	TRBV19	TRBJ1-5
CASSLYGDYEQYF	TRBV5-1	TRBJ2-7
CASSSQGGLNEQFF	TRBV12-3	TRBJ2-1
CASSTGTATNEKLFF	TRBV19	TRBJ1-4
CASSQFGGGTTDTQYF	TRBV4-1	TRBJ2-3
CASSLGGVGANVLTF	TRBV13	TRBJ2-6
CASRTPLDTQYF	TRBV11-3	TRBJ2-3
CASSHRFNEQFF	TRBV5-6	TRBJ2-1
CASSGDNYEQYF	TRBV6-1	TRBJ2-7
CASSYSGSGELFF	TRBV6-5	TRBJ2-2
CASSLGQGAYNEQFF	TRBV5-4	TRBJ2-1
CASRAGTGYGYTF	TRBV12-3	TRBJ1-2
CASSQYRGFEKLFF	TRBV4-3	TRBJ1-4
CASSATGLPYEQYF	TRBV5-1	TRBJ2-7
CSARADSQETQYF	TRBV20-1	TRBJ2-5
CASSFGGDEAFF	TRBV12-3	TRBJ1-1
CAWSVGDWETQYF	TRBV30	TRBJ2-5
CASSVQGATDTQYF	TRBV9	TRBJ2-3
CASSRGGVDGYTF	TRBV19	TRBJ1-2
CASSPPGANYGYTF	TRBV18	TRBJ1-2
CASSPGTESTDTQYF	TRBV9	TRBJ2-3
CASSILAGNEKLFF	TRBV19	TRBJ1-4
CASSGRKLFF	TRBV11-3	TRBJ1-4
CASSPQAGGGETQYF	TRBV5-1	TRBJ2-5
CASSQGTGRNTEAFF	TRBV4-3	TRBJ1-1
CASSLGLAGGLMDTQYF	TRBV5-1	TRBJ2-3
CASHSVTNEQFF	TRBV19	TRBJ2-1
CASSVVPQQPQHF	TRBV9	TRBJ1-5
CASNGFGVEAFF	TRBV6-1	TRBJ1-1
CAWSEDRNTEAFF	TRBV30	TRBJ1-1
CASRWTVYSNQPQHF	TRBV19	TRBJ1-5
CASRGWETQYF	TRBV2	TRBJ2-5
CSARDGLAGWGEQFF	TRBV20-1	TRBJ2-1
CASSVATMDSLMNTEAFF	TRBV9	TRBJ1-1
CASSIAAGASNYGYTF	TRBV19	TRBJ1-2
CASSLTDGDQPQHF	TRBV7-3	TRBJ1-5
CASSVASGTGGDTYGYTF	TRBV9	TRBJ1-2
CASSLLGSPLHF	TRBV27	TRBJ1-6
CASSLDWTADTQYF	TRBV7-3	TRBJ2-3
CASSLIGGSGEQFF	TRBV27	TRBJ2-1
CSVGGGGDTGELFF	TRBV29-1	TRBJ2-2
CASSIALGGWQPQHF	TRBV19	TRBJ1-5
CSAPGRYYNEQFF	TRBV20-1	TRBJ2-1
CASSLVGLKNQYF	TRBV12-4	TRBJ2-4
CASSPRPQRGGYEQYF	TRBV7-9	TRBJ2-7
CASSPLRDRGNSPLHF	TRBV9	TRBJ1-6
CASSAQGALSFYSNQPQHF	TRBV5-5	TRBJ1-5
CASSSGAYEQYF	TRBV19	TRBJ2-7
CASSLPVTYTGELFF	TRBV7-6	TRBJ2-2
CASSTGQGAPGANVLTF	TRBV13	TRBJ2-6
CASSPQTGTLSYGYTF	TRBV6-5	TRBJ1-2
CSADSAGGNTGELFF	TRBV20-1	TRBJ2-2
CASSLAGVSYEQYF	TRBV14	TRBJ2-7
CATSREGETYEQYF	TRBV15	TRBJ2-7
CASSQDDGLAGYSTDTQYF	TRBV4-1	TRBJ2-3
CASSSLQQPQHF	TRBV5-6	TRBJ1-5
CASSSIEIFNEQFF	TRBV5-6	TRBJ2-1
CAISKAVFFSYNEQFF	TRBV10-3	TRBJ2-1
CASSETGLAGVGTDTQYF	TRBV9	TRBJ2-3
CSADTGAPSYGYTF	TRBV20-1	TRBJ1-2
CASSYWDLNYGYTF	TRBV6-2	TRBJ1-2
CAISESISARINRLEAFF	TRBV10-3	TRBJ1-1
CASSLVSGTALGTQYF	TRBV7-6	TRBJ2-3
CASSQEKFLPGGYTF	TRBV4-1	TRBJ1-2
CASSQGTGELFF	TRBV12-4	TRBJ2-2
CASSFSLYNEQFF	TRBV5-1	TRBJ2-1
CASRRGWSDHEQYF	TRBV27	TRBJ2-7
CASSPGGPAEQYF	TRBV6-5	TRBJ2-7
CASSLGGPSYEQYF	TRBV11-2	TRBJ2-7
CASRGSRDRALNTEAFF	TRBV25-1	TRBJ1-1
CASSPLGGKNTGELFF	TRBV7-9	TRBJ2-2
CSVEVGDNSPLHF	TRBV29-1	TRBJ1-6
CASSFRQVLSSYEQYF	TRBV13	TRBJ2-7
CATRKRRGHLNTEAFF	TRBV5-1	TRBJ1-1
CASRTGNLNTEAFF	TRBV30	TRBJ1-1
CASHPPGLGDNEQFF	TRBV2	TRBJ2-1
CASSSSDMGQKSYEQYF	TRBV27	TRBJ2-7
CSAPKDGPLHF	TRBV20-1	TRBJ1-6
CASSGGQGSEAFF	TRBV5-1	TRBJ1-1
CASSQDLDRGPSGQPQHF	TRBV3-1	TRBJ1-5
CASSPAGGIHGYTF	TRBV12-4	TRBJ1-2
CASSWTTGTAYEQYF	TRBV5-1	TRBJ2-7
CASSSNTEAFF	TRBV27	TRBJ1-1
CASSHPGQGRGYTF	TRBV4-3	TRBJ1-2
CASSWVSGNTIYF	TRBV19	TRBJ1-3
CASSAHQGLAGAGETQYF	TRBV9	TRBJ2-5
CASSEGWGYTF	TRBV2	TRBJ1-2
CASQIALQGEAFF	TRBV12-3	TRBJ1-1
CASSLDFDRGRLETQYF	TRBV4-2	TRBJ2-5
CASSDRGAYDTQYF	TRBV2	TRBJ2-3
CASSLAGVSGANVLTF	TRBV5-6	TRBJ2-6
CASTRGGSSYNEQFF	TRBV19	TRBJ2-1
CASSLVSLGLAGGPGNEQFF	TRBV12-3	TRBJ2-1
CASSFRVDNSYGYTF	TRBV5-1	TRBJ1-2
CASSIYGLAGANNEQFF	TRBV19	TRBJ2-1
CASSMGWTGVVYEQYF	TRBV19	TRBJ2-7
CASSLNPQGIQPQHF	TRBV7-8	TRBJ1-5
CASSLRLGGGTEAFF	TRBV13	TRBJ1-1
CASSSGGDSNQPQHF	TRBV11-2	TRBJ1-5
CASRGQGSYNEQFF	TRBV6-5	TRBJ2-1
CSAKILSGAGSEQYF	TRBV20-1	TRBJ2-7
CASRIGNTEAFF	TRBV5-6	TRBJ1-1
CATSQGTHTQYF	TRBV24-1	TRBJ2-3
CASSSLAGLQRIQYF	TRBV5-1	TRBJ2-4
CAIKIAEAYNEQFF	TRBV15	TRBJ2-1
CASSQDPPGQLGNEQFF	TRBV4-3	TRBJ2-1
CASSQAAGGPPDTQYF	TRBV4-1	TRBJ2-3
CASRRDGSYEQYF	TRBV27	TRBJ2-7
CASSQEAGNTIYF	TRBV4-1	TRBJ1-3
CASSGGQGRTMNTEAFF	TRBV10-1	TRBJ1-1
CSARGPGAISYEQYF	TRBV20-1	TRBJ2-7
CASSKGTGGLQETQYF	TRBV7-3	TRBJ2-5
CASSLGQGTGELFF	TRBV5-1	TRBJ2-2
CASTGGSPSYNSPLHF	TRBV6-6	TRBJ1-6
CASSSRTEIFSGANVLTF	TRBV7-9	TRBJ2-6
CASSLTSGGNTDTQYF	TRBV5-4	TRBJ2-3
CSAMDSYQPQHF	TRBV29-1	TRBJ1-5
CASSLVRGGGDQPQHF	TRBV7-9	TRBJ1-5
CASSLRGSTDTQYF	TRBV6-5	TRBJ2-3
CASGYYSGGGSAFF	TRBV6-5	TRBJ1-1
CASSYGGAASYNEQFF	TRBV6-5	TRBJ2-1
CASSVGSGNTIYF	TRBV9	TRBJ1-3
CASSSLDPTPVSEKLFF	TRBV7-3	TRBJ1-4
CSVRTTGDQETQYF	TRBV29-1	TRBJ2-5
CASSQDRQALSTEAFF	TRBV4-1	TRBJ1-1
CASMSFSSGANVLTF	TRBV7-9	TRBJ2-6
CASTGGGANGYTF	TRBV9	TRBJ1-2
CASSLGTEAFF	TRBV5-6	TRBJ1-1
CASSFAGELFF	TRBV5-1	TRBJ2-2
CASSDSGITEAFF	TRBV10-1	TRBJ1-1
CASSWDREVGLNTEAFF	TRBV19	TRBJ1-1
CASTGGGDGYTF	TRBV12-3	TRBJ1-2
CASSVGTSGGYEQYF	TRBV9	TRBJ2-7
CSARLAGTYEQYF	TRBV20-1	TRBJ2-7
CASSVATLGSTDTQYF	TRBV9	TRBJ2-3
CASSASDGTGNGYTF	TRBV9	TRBJ1-2
CASSQGQGALDTEAFF	TRBV5-1	TRBJ1-1
CASSSGSIETSGGPEQYF	TRBV7-8	TRBJ2-7
CASSQGDRDTGELFF	TRBV28	TRBJ2-2
CSARARKGGGLETQYF	TRBV20-1	TRBJ2-5
CASLSTWDGYTF	TRBV6-5	TRBJ1-2
CASSSRTGWASAFF	TRBV12-3	TRBJ1-1
CASSFSLEFTGELFF	TRBV19	TRBJ2-2
CASSIGTNSPLHF	TRBV19	TRBJ1-6
CATSEGRGLGYTF	TRBV24-1	TRBJ1-2
CASSTPGLAGGPTDTQYF	TRBV5-4	TRBJ2-3
CSAPTEEGSLQETQYF	TRBV20-1	TRBJ2-5
CASSLGAEEQYF	TRBV7-9	TRBJ2-7
CASSLAGGNQPQHF	TRBV7-9	TRBJ1-5
CASSLRGESSYNEQFF	TRBV7-9	TRBJ2-1
CASSYSPTQGENTIYF	TRBV6-5	TRBJ1-3
CSAHGQGAYSPLHF	TRBV20-1	TRBJ1-6
CASSQDGLAGDNEQFF	TRBV3-1	TRBJ2-1
CASSLGQGASPLHF	TRBV7-9	TRBJ1-6
CASSLSGGGYNEQFF	TRBV12-4	TRBJ2-1
CASSQSAGGIFNTQYF	TRBV19	TRBJ2-3
CSARTGLETEAFF	TRBV20-1	TRBJ1-1
CATCNVGNTIYF	TRBV6-3	TRBJ1-3
CASGLAGGLNEQYF	TRBV12-5	TRBJ2-7
CASSQGPSNEQFF	TRBV4-3	TRBJ2-1
CASKLGPAAYEQYF	TRBV27	TRBJ2-7
CASSSWEADTQYF	TRBV5-4	TRBJ2-3
CASGPERSERYGYTF	TRBV5-1	TRBJ1-2
CASSIASWAWGQPQHF	TRBV19	TRBJ1-5
CASSPPGSYNEQFF	TRBV6-3	TRBJ2-1
CSALAGGPDEQYF	TRBV20-1	TRBJ2-7
CASSHAGTGAGEQFF	TRBV5-1	TRBJ2-1
CASSYRKSTDGQGLFF	TRBV12-3	TRBJ2-1
CAISEVTVQPQHF	TRBV10-3	TRBJ1-5
CASSLLRDIPPGELFF	TRBV7-9	TRBJ2-2
CASSPSTPGNTEAFF	TRBV4-3	TRBJ1-1
CASSLNPTGDEQFF	TRBV12-3	TRBJ2-1
CASSIGQSTGELFF	TRBV19	TRBJ2-2
CASSVGSITPQHF	TRBV9	TRBJ1-5
CAISDYYEQYF	TRBV10-3	TRBJ2-7
CASSQVGLAGGRTDTQYF	TRBV7-2	TRBJ2-3
CAWSLKPNTEAFF	TRBV30	TRBJ1-1
CASTVGGPGTGELFF	TRBV6-5	TRBJ2-2
CASSPYGWAKETQYF	TRBV7-3	TRBJ2-5
CASSYDTRTSGGGHEQFF	TRBV5-1	TRBJ2-1
CASSLTSGGATDTQYF	TRBV9	TRBJ2-3
CASSYRRPSSYNEQFF	TRBV6-5	TRBJ2-1
CAWSWTTGGNQPQHF	TRBV30	TRBJ1-5
CATELSPGTVGNTIYF	TRBV7-9	TRBJ1-3
CASSQGGKGEYLFNYGYTF	TRBV4-3	TRBJ1-2
CSARGADFSFF	TRBV20-1	TRBJ1-1
CASSSLGTRSYEQYF	TRBV12-3	TRBJ2-7
CASSQLGTAYGYTF	TRBV7-8	TRBJ1-2
CATSRDRGGTANQPQHF	TRBV15	TRBJ1-5
CASSPLTSGITGELFF	TRBV7-2	TRBJ2-2
CASSPGQGGVETQYF	TRBV7-3	TRBJ2-5
CASSYPGRGHNEQFF	TRBV6-5	TRBJ2-1
CASSDTTGGFGEQYF	TRBV6-5	TRBJ2-7
CASSLDRAYEQYF	TRBV14	TRBJ2-7
CASSLPPTEAFF	TRBV9	TRBJ1-1
CASSAPDSYEQYF	TRBV5-1	TRBJ2-7
CASSGRTVAADTQYF	TRBV9	TRBJ2-3
CSARELGTANTEAFF	TRBV20-1	TRBJ1-1
CASGAGGLNEQFF	TRBV19	TRBJ2-1
CASSFAHLSYNEQFF	TRBV12-4	TRBJ2-1
CASSSDNAIGGGSYGYTF	TRBV28	TRBJ1-2
CASSLEGETQYF	TRBV28	TRBJ2-5
CASSLDGLVTGNTIYF	TRBV5-1	TRBJ1-3
CASSRTGKAYNEQFF	TRBV12-3	TRBJ2-1
CASSPDSPGAEREQYF	TRBV7-9	TRBJ2-7
CASSVGGESQLHF	TRBV9	TRBJ1-6
CASSQVGDGGELFF	TRBV4-2	TRBJ2-2
CAWSVSAGRHTEAFF	TRBV30	TRBJ1-1
CASSINLGLAGVWSYNEQFF	TRBV19	TRBJ2-1
CASSLAQHEQYF	TRBV11-1	TRBJ2-7
CSAFWDRPYEQYF	TRBV20-1	TRBJ2-7
CASSYPGQGSTEAFF	TRBV7-9	TRBJ1-1
CASSLARTEDNYEQYF	TRBV12-3	TRBJ2-7
CASKTYSTGGNGYTF	TRBV27	TRBJ1-2
CASSQDLSRLNTEAFF	TRBV4-3	TRBJ1-1
CASSSTGTVSLEKLFF	TRBV5-5	TRBJ1-4
CASSVGGDYGYTF	TRBV9	TRBJ1-2
CASSSGDRVENIQYF	TRBV12-4	TRBJ2-4
CASSQERGGGTDTQYF	TRBV4-2	TRBJ2-3
CASSEERAASSYEQYF	TRBV2	TRBJ2-7
CASSLVEATLNYGYTF	TRBV13	TRBJ1-2
CASSSILAGDADEQFF	TRBV7-9	TRBJ2-1
CACLTGATNEKLFF	TRBV30	TRBJ1-4
CASSIGTGFHTEAFF	TRBV19	TRBJ1-1
CASSIDYYSNQPQHF	TRBV7-2	TRBJ1-5
CASSLRLAGDIIVNEQFF	TRBV13	TRBJ2-1
CASSLEVRDGRAYEQYF	TRBV5-6	TRBJ2-7
CASRRGGPYEQYF	TRBV2	TRBJ2-7
CASSYREFTEAFF	TRBV6-3	TRBJ1-1
CASTHGSGLSYEQYF	TRBV6-3	TRBJ2-7
CASSYHLGYGPTNEKLFF	TRBV6-3	TRBJ1-4
CASFGEVQGAVEEQYF	TRBV2	TRBJ2-7
CASSQIGGLAGAHSYNEQFF	TRBV4-2	TRBJ2-1
CATSRDGGETQYF	TRBV15	TRBJ2-5
CASSFLAGTDTQYF	TRBV28	TRBJ2-3
CASSTQGGEQYF	TRBV7-9	TRBJ2-7
CASSQERDYEQYF	TRBV4-2	TRBJ2-7
CASSHYKYNTGGQETQYF	TRBV27	TRBJ2-5
CASSLAGTGGNEQFF	TRBV13	TRBJ2-1
CSASGGAYEQYF	TRBV20-1	TRBJ2-7
CASSPTANTGELFF	TRBV4-1	TRBJ2-2
CASSQTQALEKLFF	TRBV14	TRBJ1-4
CASSQEFRGQGADTQYF	TRBV4-3	TRBJ2-3
CASSQDRTWETQYF	TRBV4-1	TRBJ2-5
CASSRGQSFSYEQYF	TRBV19	TRBJ2-7
CSAREELAGDADTQYF	TRBV20-1	TRBJ2-3
CASSIANTGELFF	TRBV19	TRBJ2-2
CSARSRENPDNEQFF	TRBV20-1	TRBJ2-1
CASSSTEETQYF	TRBV7-9	TRBJ2-5
CASSLQTSGRHEQYF	TRBV7-8	TRBJ2-7
CASSATQGATEAFF	TRBV7-9	TRBJ1-1
CASSQGIGTGLLTDTQYF	TRBV14	TRBJ2-3
CASSISGLNTDTQYF	TRBV19	TRBJ2-3
CASSFSGGSYNEQFF	TRBV5-5	TRBJ2-1
CASRSRPGELFF	TRBV19	TRBJ2-2
CASSFARGHEQYF	TRBV11-2	TRBJ2-7
CASRPGQTNQPQHF	TRBV2	TRBJ1-5
CASSQDRRVSGGEQYF	TRBV4-3	TRBJ2-7
CSARVSGTDFYEQYF	TRBV20-1	TRBJ2-7
CASSPKDRVDGYTF	TRBV19	TRBJ1-2
CATSRGGGGDTQYF	TRBV15	TRBJ2-3
CASSIEAGLYGYTF	TRBV19	TRBJ1-2
CSVGGTEYGYTF	TRBV29-1	TRBJ1-2
CASSPVGGSMAKNIQYF	TRBV3-1	TRBJ2-4
CASSPGQGHNEQFF	TRBV4-3	TRBJ2-1
CSAREKTSARTDTQYF	TRBV20-1	TRBJ2-3
CASSLESWGRAYNEQFF	TRBV5-6	TRBJ2-1
CASSQVLAGVADTQYF	TRBV4-1	TRBJ2-3
CAIRTGGGEAFF	TRBV10-3	TRBJ1-1
CASSQEGGFTDTQYF	TRBV4-3	TRBJ2-3
CAWSLTTPETQYF	TRBV30	TRBJ2-5
CASSSGPGEVQPQHF	TRBV7-6	TRBJ1-5
CASSQQQGYGTEAFF	TRBV4-1	TRBJ1-1
CATSTPGLAGHTGELFF	TRBV15	TRBJ2-2
CASWGDNEQFF	TRBV18	TRBJ2-1
CASSQQGYTEAFF	TRBV28	TRBJ1-1
CASSRGQGPGQETQYF	TRBV4-1	TRBJ2-5
CASSSSSAPNEKLFF	TRBV28	TRBJ1-4
CATVRPSTDTQYF	TRBV27	TRBJ2-3
CASSLEFVVGETQYF	TRBV11-2	TRBJ2-5
CASSPWKRLANYEQFF	TRBV6-3	TRBJ2-1
CSARAKDVAGVDEQFF	TRBV20-1	TRBJ2-1
CASSLAAAGANEQFF	TRBV5-1	TRBJ2-1
CASSPTTGAPAYGYTF	TRBV6-5	TRBJ1-2
CASSGQLGSYEQYF	TRBV12-4	TRBJ2-7
CASSQDYGLNTEAFF	TRBV7-6	TRBJ1-1
CASSLGEGIEELFF	TRBV7-9	TRBJ1-4
CATSDRLAGGELFF	TRBV24-1	TRBJ2-2
CASSTETGNTEAFF	TRBV13	TRBJ1-1
CASSQAPRGWDEQYF	TRBV4-1	TRBJ2-7
CSVSGVSYEQYF	TRBV29-1	TRBJ2-7
CASSENWDNTDTQYF	TRBV9	TRBJ2-3
CASSVGNRAGAYTF	TRBV9	TRBJ1-2
CASKVVDTQYF	TRBV28	TRBJ2-3
CASSQPWVAGGQNEQFF	TRBV4-3	TRBJ2-1
CASSDFIVSEQFF	TRBV2	TRBJ2-1
CASSSTGANTGELFF	TRBV5-4	TRBJ2-2
CASSPGTGDNQPQHF	TRBV4-2	TRBJ1-5
CASSQGRGGKNIQYF	TRBV4-1	TRBJ2-4
CASSSTLAGGPYEQFF	TRBV12-3	TRBJ2-1
CASSLGTYSNQPQHF	TRBV27	TRBJ1-5
CASSLRGLLGYTF	TRBV27	TRBJ1-2
CASSQPENTEAFF	TRBV5-4	TRBJ1-1
CASSSHEVQGYNSPLHF	TRBV7-9	TRBJ1-6
CASSVRGDTQYF	TRBV5-8	TRBJ2-3
CASSYRAGGELFF	TRBV6-5	TRBJ2-2
CASSLGGSTEAFF	TRBV5-4	TRBJ1-1
CASSSGTSKDTQYF	TRBV5-4	TRBJ2-3
CASSLAPGALNEKLFF	TRBV6-5	TRBJ1-4
CSARTDRGGQSEAFF	TRBV20-1	TRBJ1-1
CASRQGYEQYF	TRBV19	TRBJ2-7
CSARDLGETFF	TRBV20-1	TRBJ1-1
CASSLAPGQGPIKETQYF	TRBV7-9	TRBJ2-5
CASLDPGQTSGELFF	TRBV6-6	TRBJ2-2
CASSESGVTEAFF	TRBV10-1	TRBJ1-1
CASSGEQGFYEQYF	TRBV2	TRBJ2-7
CSAFARDRVYEQFF	TRBV20-1	TRBJ2-1
CASSSLPTSFYEQYF	TRBV27	TRBJ2-7
CSVESAGGYGYTF	TRBV29-1	TRBJ1-2
CASRTGSGEQYF	TRBV6-3	TRBJ2-7
CASLGQPDYEQYF	TRBV7-9	TRBJ2-7
CASSGPTGAYEQYF	TRBV5-1	TRBJ2-7
CASSQGQLSTDTQYF	TRBV4-3	TRBJ2-3
CASSPSHGPNEKLFF	TRBV28	TRBJ1-4
CASSPFSDEQFF	TRBV6-6	TRBJ2-1
CASSYSVAGGLNGEQFF	TRBV6-5	TRBJ2-1
CASSEGGVYGYTF	TRBV19	TRBJ1-2
CASSLQGTQETQYF	TRBV28	TRBJ2-5
CASSLVASNYGYTF	TRBV5-1	TRBJ1-2
CASSQQGAPYGYTF	TRBV6-3	TRBJ1-2
CASSSGWGVGAFF	TRBV12-3	TRBJ1-1
CASSQEGWTSDETQYF	TRBV4-1	TRBJ2-5
CASSHRTSGGAFPYEQYF	TRBV14	TRBJ2-7
CASSILTGTPTEAFF	TRBV27	TRBJ1-1
CSVEDSYYEQYF	TRBV29-1	TRBJ2-7
CASSDPPGLLGSPLHF	TRBV25-1	TRBJ1-6
CASSQDFEPVKNIQYF	TRBV4-3	TRBJ2-4
CASSGGLAPPYEQYF	TRBV7-9	TRBJ2-7
CASSPMDRDSPLHF	TRBV4-1	TRBJ1-6
CASSQDRASPLHEQFF	TRBV4-3	TRBJ2-1
CASSSTLGTGGFETQYF	TRBV6-5	TRBJ2-5
CASLPRGGPGANVLTF	TRBV19	TRBJ2-6
CASSLPAGLTGELFF	TRBV11-3	TRBJ2-2
CASSVSSGQPQHF	TRBV6-1	TRBJ1-5
CASSWTGPSYEQYF	TRBV5-1	TRBJ2-7
CASSQTSSGHQETQYF	TRBV3-1	TRBJ2-5
CAIPDIKEGGYTF	TRBV6-6	TRBJ1-2
CASSYPLWGADDAGELFF	TRBV28	TRBJ2-2
CSVQGGSYNEQFF	TRBV29-1	TRBJ2-1
CASSVLAGDNEQFF	TRBV9	TRBJ2-1
CASSSHLDTEAFF	TRBV5-6	TRBJ1-1
CASSDSTGELFF	TRBV6-4	TRBJ2-2
CASSYGGGEDYGYTF	TRBV13	TRBJ1-2
CASSLSGGMNTEAFF	TRBV7-9	TRBJ1-1
CSARARGLNTGELFF	TRBV20-1	TRBJ2-2
CASSYSAGPTDTQYF	TRBV6-3	TRBJ2-3
CASSKGTTEAFF	TRBV7-9	TRBJ1-1
CASSLRAGVGTGELFF	TRBV3-1	TRBJ2-2
CASSQEEGTRELFF	TRBV4-2	TRBJ2-2
CASSQDIGGGYNNEQFF	TRBV4-3	TRBJ2-1
CSAREQGVYTEAFF	TRBV20-1	TRBJ1-1
CASSSVTGGTGELFF	TRBV5-1	TRBJ2-2
CATISGVSGELFF	TRBV2	TRBJ2-2
CASSLNDGRTDTQYF	TRBV7-2	TRBJ2-3
CASSLGVGGGVGTEAFF	TRBV13	TRBJ1-1
CASSLGTGYYEQYF	TRBV12-4	TRBJ2-7
CSARGLEETQYF	TRBV20-1	TRBJ2-5
CASREGQAYGYTF	TRBV19	TRBJ1-2
CASSYTGDEQYF	TRBV7-9	TRBJ2-7
CASSQRQGPYNEQFF	TRBV7-8	TRBJ2-1
CASSFPGALNEQYF	TRBV28	TRBJ2-7
CASRSKTGSKQPQHF	TRBV6-5	TRBJ1-5
CASSLLAGGPGETQYF	TRBV27	TRBJ2-5
CASKVTGDVNEQFF	TRBV19	TRBJ2-1
CSAMYGVNSPDTQYF	TRBV20-1	TRBJ2-3
CASRRTGGSYNEQFF	TRBV19	TRBJ2-1
CASSITGDGLNTEAFF	TRBV19	TRBJ1-1
CARLPGQGVGDTQYF	TRBV19	TRBJ2-3
CASSPPGANTGELFF	TRBV9	TRBJ2-2
CASSIPRQGRHTEAFF	TRBV19	TRBJ1-1
CSARDNLQARYGYTF	TRBV20-1	TRBJ1-2
CATSDAGNEQFF	TRBV24-1	TRBJ2-1
CASTLTGLADTYNEQFF	TRBV6-3	TRBJ2-1
CASSYPPNGRVEGAFF	TRBV12-4	TRBJ1-1
CASSLGSAEAFF	TRBV5-5	TRBJ1-1
CSARIADSTDTQYF	TRBV20-1	TRBJ2-3
CASSQDRWVWNQETQYF	TRBV4-3	TRBJ2-5
CASSWEGLAGAGKNIQYF	TRBV5-4	TRBJ2-4
CASSPVAGGDYEQYF	TRBV5-1	TRBJ2-7
CASSLEGGTEAFF	TRBV5-1	TRBJ1-1
CASSLTGGFSTNEKLFF	TRBV7-2	TRBJ1-4
CASSLAGAYSNQPQHF	TRBV5-8	TRBJ1-5
CASSWAYNEQFF	TRBV11-1	TRBJ2-1
CASSSSRSSYEQYF	TRBV11-1	TRBJ2-7
CASSQDPEPIRQTQYF	TRBV3-1	TRBJ2-5
CASTLTSGSYFSYNEQFF	TRBV19	TRBJ2-1
CASSPGTSGQETQYF	TRBV3-1	TRBJ2-5
CSANSWTSGEETQYF	TRBV20-1	TRBJ2-5
CASSFETGGRTQYF	TRBV28	TRBJ2-5
CASKTTGDSNEKLFF	TRBV27	TRBJ1-4
CASSQERQLNTEAFF	TRBV4-3	TRBJ1-1
CASSLEPWRGSSYNEQFF	TRBV5-1	TRBJ2-1
CASSQLLAGVTDTQYF	TRBV4-3	TRBJ2-3
CASSLGGLKKDNEQFF	TRBV19	TRBJ2-1
CASSQDRRGGNYEQYF	TRBV4-3	TRBJ2-7
CASSDSAGDGGELFF	TRBV6-4	TRBJ2-2
CASSQSVGGLNEKLFF	TRBV14	TRBJ1-4
CASSSGTDEEQFF	TRBV5-1	TRBJ2-1
CSVERTGELFF	TRBV29-1	TRBJ2-2
CASSFSETQYF	TRBV5-6	TRBJ2-5
CASSLTGYQTQYF	TRBV7-9	TRBJ2-5
CAGSLVTGTGWGYTF	TRBV6-5	TRBJ1-2
CASSHEGLGGYTF	TRBV4-2	TRBJ1-2
CASSVGEGTGGNTIYF	TRBV9	TRBJ1-3
CASNRLATNLAKNIQYF	TRBV6-1	TRBJ2-4
CASSITGGLASPLHF	TRBV19	TRBJ1-6
CASSLGTGKPQHF	TRBV27	TRBJ1-5
CASSLDQQGVGEKLFF	TRBV5-4	TRBJ1-4
CASILERGSSYNEQFF	TRBV7-2	TRBJ2-1
CASSPVAGAPHKQYF	TRBV27	TRBJ2-7
CSARAGTGLDEQYF	TRBV20-1	TRBJ2-7
CASSSRIREHEQYF	TRBV28	TRBJ2-7
CASSLERLAWDIQYF	TRBV11-2	TRBJ2-4
CASSMDSTDTQYF	TRBV7-2	TRBJ2-3
CASSFNPPNQPQHF	TRBV19	TRBJ1-5
CASRTSRQGIPEAFF	TRBV12-3	TRBJ1-1
CASSVEIGAYEQYF	TRBV9	TRBJ2-7
CASSQGQGAYGYTF	TRBV14	TRBJ1-2
CASSNGGGRLYGYTF	TRBV6-5	TRBJ1-2
CASSQVPLSTRGCEKLFF	TRBV4-1	TRBJ1-4
CSARPEPNTYEQYF	TRBV20-1	TRBJ2-7
CASSPLAGDGKTQYF	TRBV27	TRBJ2-5
CASSFGGANYGYTF	TRBV27	TRBJ1-2
CASSMGLRGYEQYF	TRBV7-2	TRBJ2-7
CASRRTTESTHGYTF	TRBV13	TRBJ1-2
CASSVWGGTEAFF	TRBV6-4	TRBJ1-1
CASGFSTASQETQYF	TRBV12-5	TRBJ2-5
CASSRLAGGWNEQFF	TRBV3-1	TRBJ2-1
CSASGGTSYNEQFF	TRBV20-1	TRBJ2-1
CASSYSRGLDTQYF	TRBV6-5	TRBJ2-3
CASSEVYENSNGYTF	TRBV2	TRBJ1-2
CASSPGTGHTGELFF	TRBV27	TRBJ2-2
CASGDQGLPGNTIYF	TRBV12-5	TRBJ1-3
CASSQGRGSGNTIYF	TRBV4-1	TRBJ1-3
CASSLRAGAADTQYF	TRBV7-9	TRBJ2-3
CASSLPDPGANVLTF	TRBV5-1	TRBJ2-6
CASSEDREDEQYF	TRBV10-2	TRBJ2-7
CASSLEPLASTDTQYF	TRBV12-4	TRBJ2-3
CASSLGPYNQPQHF	TRBV27	TRBJ1-5
CASSLDLGGGADTQYF	TRBV7-6	TRBJ2-3
CASSLQASGSSYNEQFF	TRBV5-1	TRBJ2-1
CASSPEPRGRQETQYF	TRBV9	TRBJ2-5
CSVEYPSGQPMDTQYF	TRBV29-1	TRBJ2-3
CASSYVGGPGDTQYF	TRBV6-5	TRBJ2-3
CASSGPSGNTGELFF	TRBV2	TRBJ2-2
CSARDQGGYTGELFF	TRBV20-1	TRBJ2-2
CASSSFTGTETQYF	TRBV27	TRBJ2-5
CASSHGTGGSLVGDTQYF	TRBV19	TRBJ2-3
CASSHVGRTDTQYF	TRBV3-1	TRBJ2-3
CASSQKGLDTEAFF	TRBV3-1	TRBJ1-1
CASSLMQGSYYGYTF	TRBV27	TRBJ1-2
CSARDYSRTGELFF	TRBV20-1	TRBJ2-2
CASSQDAGQGRSYEQYF	TRBV4-2	TRBJ2-7
CASRGGGDEQFF	TRBV7-9	TRBJ2-1
CASSQEMGLAGGLQFF	TRBV3-1	TRBJ2-1
CASSPTGGSPSPLHF	TRBV27	TRBJ1-6
CASSLVASQETQYF	TRBV7-4	TRBJ2-5
CASSYTGTSGETQYF	TRBV9	TRBJ2-5
CASSNNLNTEAFF	TRBV4-2	TRBJ1-1
CSVQGPEYEQYF	TRBV29-1	TRBJ2-7
CSAAQGKGVYTEAFF	TRBV20-1	TRBJ1-1
CASSQDLGGTEAFF	TRBV14	TRBJ1-1
CASSPWTGARWEQYF	TRBV6-1	TRBJ2-7
CASSPWMGRGNTIYF	TRBV7-2	TRBJ1-3
CASRETGVYEQYF	TRBV10-2	TRBJ2-7
CASSPGGLTDTQYF	TRBV12-3	TRBJ2-3
CASSESTTSGSGETQYF	TRBV9	TRBJ2-5
CASSPRGSPLHF	TRBV27	TRBJ1-6
CASASANYGYTF	TRBV12-4	TRBJ1-2
CASSAPGEGGYTF	TRBV7-9	TRBJ1-2
CASSIGFSPLHF	TRBV19	TRBJ1-6
CASSQVGLAGGPETQYF	TRBV3-1	TRBJ2-5
CASSPFSGAGELFF	TRBV7-9	TRBJ2-2
CASTIRLGVYGYTF	TRBV27	TRBJ1-2
CATSVSGGADTQYF	TRBV24-1	TRBJ2-3
CASSVATSGTGELFF	TRBV9	TRBJ2-2
CASSLDLAVDNEQFF	TRBV5-1	TRBJ2-1
CASSQTQLWGTQYF	TRBV7-2	TRBJ2-5
CASSPGLVDRVVGETQYF	TRBV7-2	TRBJ2-5
CASSLIGYGYTF	TRBV5-6	TRBJ1-2
CAWSGGLNTEAFF	TRBV30	TRBJ1-1
CASSFQGGWTGELFF	TRBV5-6	TRBJ2-2
CASSLTPGVNQDTQYF	TRBV13	TRBJ2-3
CASSPDLRAPDTF	TRBV12-4	TRBJ1-2
CASRTGVEQFF	TRBV7-6	TRBJ2-1
CASSSGRASDEQFF	TRBV9	TRBJ2-1
CSVEDVRDEQFF	TRBV29-1	TRBJ2-1
CASSPALLAGVHYEQYF	TRBV6-6	TRBJ2-7
CASSLRGGRSNEKLFF	TRBV7-6	TRBJ1-4
CSAWNGTGSNEQYF	TRBV29-1	TRBJ2-7
CASSLDTQYF	TRBV7-9	TRBJ2-3
CASSFVTGGTDTQYF	TRBV7-9	TRBJ2-3
CASSQDRVLAGAYEQYF	TRBV3-1	TRBJ2-7
CASTSGLAELYNEQFF	TRBV6-1	TRBJ2-1
CASSENRDVTGELFF	TRBV6-4	TRBJ2-2
CASSYRAGVADTQYF	TRBV6-3	TRBJ2-3
CASSVDRGVTYEQYF	TRBV2	TRBJ2-7
CASNPTSGGSREQFF	TRBV6-5	TRBJ2-1
CATSSSGTSGGWSYNEQFF	TRBV15	TRBJ2-1
CATSRDGPGHEVTANYGYTF	TRBV15	TRBJ1-2
CASSGGPTGELFF	TRBV2	TRBJ2-2
CASSLVRAGSTDTQYF	TRBV7-2	TRBJ2-3
CASSQTRNREAFF	TRBV4-3	TRBJ1-1
CASSSRGGSEAFF	TRBV12-4	TRBJ1-1
CASSLGPEAFF	TRBV12-3	TRBJ1-1
CASSLRGPGYEQYF	TRBV7-9	TRBJ2-7
CAIDTGASYNEQFF	TRBV10-3	TRBJ2-1
CASSLADSISPLHF	TRBV7-2	TRBJ1-6
CASTNRDRGNSPLHF	TRBV27	TRBJ1-6
CASSLNIVGGGSTDTQYF	TRBV12-4	TRBJ2-3
CASSPPRREVEAFF	TRBV13	TRBJ1-1
CAINAGDTGELFF	TRBV10-3	TRBJ2-2
CASSLILSETQYF	TRBV11-3	TRBJ2-5
CASSPTKVNNEQFF	TRBV27	TRBJ2-1
CASLPDEVNTEAFF	TRBV5-8	TRBJ1-1
CASSQVGHEQFF	TRBV4-3	TRBJ2-1
CASRMGFSNQPQHF	TRBV27	TRBJ1-5
CASSLGQGDQPQHF	TRBV5-1	TRBJ1-5
CASSLGPGSEAFF	TRBV5-1	TRBJ1-1
CASLPAGLGNQPQHF	TRBV19	TRBJ1-5
CASSPPGAQETQYF	TRBV11-1	TRBJ2-5
CASSNNGRFTEAFF	TRBV25-1	TRBJ1-1
CASRTGLASTDTQYF	TRBV6-6	TRBJ2-3
CASSLTAYIVNTEAFF	TRBV12-4	TRBJ1-1
CASRNFRGGIDTQYF	TRBV7-8	TRBJ2-3
CASSPLAGVGNEQFF	TRBV4-2	TRBJ2-1
CASSLSTSSRNYGYTF	TRBV27	TRBJ1-2
CASSPGDRTDSPHTDTQYF	TRBV18	TRBJ2-3
CASSIVTGAYNEQFF	TRBV19	TRBJ2-1
CASSTRTGNPYGYTF	TRBV5-1	TRBJ1-2
CASSYGEGTEAFF	TRBV6-5	TRBJ1-1
CASSYSIVPQGAETQYF	TRBV6-6	TRBJ2-5
CSARDFEGRGYNEQFF	TRBV20-1	TRBJ2-1
CSAVLRDPGAQTQYF	TRBV20-1	TRBJ2-5
CATSSSWDPNQPQHF	TRBV15	TRBJ1-5
CSARVGLGTEAFF	TRBV20-1	TRBJ1-1
CASSFEGVGNTIYF	TRBV5-1	TRBJ1-3
CASMGGSNQPQHF	TRBV19	TRBJ1-5
CASSWGWQGGMNTEAFF	TRBV19	TRBJ1-1
CASTEWDTLNTEAFF	TRBV7-9	TRBJ1-1
CASSELAGSYNEQFF	TRBV6-1	TRBJ2-1
CATSGRPGSSYEQYF	TRBV15	TRBJ2-7
CATSSPQGASDEQYF	TRBV15	TRBJ2-7
CASSLLAGGSTDTQYF	TRBV5-1	TRBJ2-3
CASSFYGYSNQPQHF	TRBV7-2	TRBJ1-5
CASSSPGENTGELFF	TRBV13	TRBJ2-2
CASRPINSYNEQFF	TRBV6-3	TRBJ2-1
CASSQDSPTNYGYTF	TRBV4-3	TRBJ1-2
CASSIVSGPYNEQFF	TRBV19	TRBJ2-1
CASSLVGLPSSYNSPLHF	TRBV7-8	TRBJ1-6
CATSDRSQGVNTGELFF	TRBV24-1	TRBJ2-2
CASGGDLSGNTIYF	TRBV28	TRBJ1-3
CASSLPTQGGSYEQYF	TRBV7-9	TRBJ2-7
CAISSGTGATEAFF	TRBV10-3	TRBJ1-1
CASSITFKANEAFF	TRBV27	TRBJ1-1
CASSQGFSNQPQHF	TRBV4-1	TRBJ1-5
CASSRLNNEQFF	TRBV27	TRBJ2-1
CASSATGTRNSNEQFF	TRBV9	TRBJ2-1
CASSQDRGGYGYTF	TRBV4-3	TRBJ1-2
CASSLVSPNTEAFF	TRBV7-8	TRBJ1-1
CASSPTGGSSYEQYF	TRBV7-3	TRBJ2-7
CSARGADTQYF	TRBV20-1	TRBJ2-3
CASTETSGSSYNEQFF	TRBV11-2	TRBJ2-1
CSAQWGDYEQYF	TRBV20-1	TRBJ2-7
CASSQQSGDTDTQYF	TRBV4-1	TRBJ2-3
CASSLKGPIGTEAFF	TRBV5-5	TRBJ1-1
CASSRGLYNEQFF	TRBV19	TRBJ2-1
CASSRGTSGRGNEQFF	TRBV25-1	TRBJ2-1
CASKGGSSGTDTQYF	TRBV13	TRBJ2-3
CATSRVPRGLGETQYF	TRBV15	TRBJ2-5
CASSPLDSYDGYTF	TRBV27	TRBJ1-2
CASSPNLVGLNTEAFF	TRBV18	TRBJ1-1
CASSLTTGLEKLFF	TRBV7-9	TRBJ1-4
CASRVGAGNTEAFF	TRBV27	TRBJ1-1
CASSDNLLAGGPLDTQYF	TRBV25-1	TRBJ2-3
CASSLALDEQFF	TRBV12-3	TRBJ2-1
CASRGRNGYTF	TRBV6-4	TRBJ1-2
CASSQGLAEASSYEQYF	TRBV7-9	TRBJ2-7
CATRPPSTDTQYF	TRBV6-5	TRBJ2-3
CASTVGGTEAFF	TRBV19	TRBJ1-1
CSAHDRGLNTEAFF	TRBV29-1	TRBJ1-1
CASSLGMFNTEAFF	TRBV13	TRBJ1-1
CASSIGVNTEAFF	TRBV19	TRBJ1-1
CSAEGRGDRTDTQYF	TRBV20-1	TRBJ2-3
CASSLEWPGANVLTF	TRBV5-5	TRBJ2-6
CASTPGLALNNEQFF	TRBV19	TRBJ2-1
CASSQDVGTYNEQFF	TRBV4-3	TRBJ2-1
CASSQKTGQEDYGYTF	TRBV4-1	TRBJ1-2
CASSPMGDTQYF	TRBV6-6	TRBJ2-3
CSAEQLGVLNTEAFF	TRBV20-1	TRBJ1-1
CASSQWAGDYNEQFF	TRBV4-1	TRBJ2-1
CASSPGTALSYEQYF	TRBV11-2	TRBJ2-7
CASSQDQGQDTEAFF	TRBV4-2	TRBJ1-1
CSATPSGYGYTF	TRBV20-1	TRBJ1-2
CASSYSRGSNYEQYF	TRBV6-5	TRBJ2-7
CASSIGTGGIYEQYF	TRBV19	TRBJ2-7
CSARDGEPYEQYF	TRBV20-1	TRBJ2-7
CASSFYFYNEQFF	TRBV7-8	TRBJ2-1
CATRGGDRDFDTEAFF	TRBV24-1	TRBJ1-1
CASSTLMPPVQFF	TRBV6-1	TRBJ2-1
CASSYIIIEQYF	TRBV12-4	TRBJ2-7
CASSIPNSGAVNEQFF	TRBV9	TRBJ2-1
CASSLKLADTQYF	TRBV5-1	TRBJ2-3
CASSARDRGLNYGYTF	TRBV9	TRBJ1-2
CASSLVPVDTEAFF	TRBV12-3	TRBJ1-1
CASSPRTSGRANEQFF	TRBV14	TRBJ2-1
CASSQYLWGGELFF	TRBV14	TRBJ2-2
CASSPLTGANYGYTF	TRBV4-1	TRBJ1-2
CASSFPVGGLAGAGYNEQFF	TRBV9	TRBJ2-1
CASSQLARIDTQYF	TRBV6-3	TRBJ2-3
CASTILGQTYGYTF	TRBV28	TRBJ1-2
CASSLPLPSYEQYF	TRBV12-3	TRBJ2-7
CASAGPGTGSTEAFF	TRBV4-1	TRBJ1-1
CSARGDISTEAFF	TRBV20-1	TRBJ1-1
CASSFDYTGELFF	TRBV27	TRBJ2-2
CASSPQGAYEQYF	TRBV19	TRBJ2-7
CARPQETQYF	TRBV18	TRBJ2-5
CSARSLPRATDTQYF	TRBV20-1	TRBJ2-3
CASSFLAPGDLLLYEQYF	TRBV2	TRBJ2-7
CASSLVQGVVGYTF	TRBV7-9	TRBJ1-2
CASSTQGSPDEQYF	TRBV2	TRBJ2-7
CAPNRDSPYEQYF	TRBV10-3	TRBJ2-7
CASSLVWGSGGTDTQYF	TRBV12-3	TRBJ2-3
CASTGAWRGSSYNEQFF	TRBV7-9	TRBJ2-1
CATSVRAGGQKVNEQFF	TRBV24-1	TRBJ2-1
CAWSISDLAKNIQYF	TRBV30	TRBJ2-4
CASSETGTAFLNEQFF	TRBV11-2	TRBJ2-1
CSASGSYSYEQYF	TRBV20-1	TRBJ2-7
CASSLDTEETQYF	TRBV12-4	TRBJ2-5
CATSDHETWTDANTGELFF	TRBV24-1	TRBJ2-2
CASRRDRTSGANVLTF	TRBV5-1	TRBJ2-6
CSARVYGYTF	TRBV20-1	TRBJ1-2
CASSLVGQGLSDEQFF	TRBV7-9	TRBJ2-1
CATSASWDRVHEQYF	TRBV15	TRBJ2-7
CASSLGPSSTEAFF	TRBV11-2	TRBJ1-1
CSASSGVSYEQYF	TRBV20-1	TRBJ2-7
CASSFISSYNEQFF	TRBV12-3	TRBJ2-1
CASSYGTGEYEQYF	TRBV6-5	TRBJ2-7
CSGGFEYGYTF	TRBV29-1	TRBJ1-2
CASSTWDSNQPQHF	TRBV19	TRBJ1-5
CASRSSGNTIYF	TRBV12-5	TRBJ1-3
CASSPAGTSGKVWGTDTQYF	TRBV5-1	TRBJ2-3
CSVDQGGGRMGESYTF	TRBV29-1	TRBJ1-2
CASSSTGGSLITDTQYF	TRBV27	TRBJ2-3
CASSEGTISTGELFF	TRBV10-2	TRBJ2-2
CAGSQTQLWETQYF	TRBV7-2	TRBJ2-5
CASNPPTDTQYF	TRBV6-2	TRBJ2-3
CASSVSGDFTYNEQFF	TRBV9	TRBJ2-1
CSARDDRGALSNQPQHF	TRBV20-1	TRBJ1-5
CASRLGVFGGTEAFF	TRBV7-2	TRBJ1-1
CASSQELSYEQYF	TRBV4-2	TRBJ2-7
CATSDSVSGEAFF	TRBV24-1	TRBJ1-1
CASSRQGVLRSNTEAFF	TRBV6-1	TRBJ1-1
CASTSGTLYNEQFF	TRBV19	TRBJ2-1
CASSLSGSSYNEQFF	TRBV7-9	TRBJ2-1
CSARDGRSKDEQYF	TRBV20-1	TRBJ2-7
CASSPPGGQETQYF	TRBV18	TRBJ2-5
CASSLGAGKVTDTQYF	TRBV11-3	TRBJ2-3
CASSFSMDSPAYSPLHF	TRBV27	TRBJ1-6
CASSSQGGLYGYTF	TRBV11-3	TRBJ1-2
CASSSMGGDEQYF	TRBV28	TRBJ2-7
CARQPLRGANVLTF	TRBV2	TRBJ2-6
CASSIVAGGDQPQHF	TRBV19	TRBJ1-5
CASSTWTVSYEQYF	TRBV6-5	TRBJ2-7
CASRAGKANYGYTF	TRBV11-2	TRBJ1-2
CASSYQTGAVYGYTF	TRBV6-5	TRBJ1-2
CSARDVQGWNTEAFF	TRBV20-1	TRBJ1-1
CATSDGTGVYNEQFF	TRBV24-1	TRBJ2-1
CASSLPGRNLAGEQFF	TRBV27	TRBJ2-1
CASRLGQLYEQYF	TRBV6-5	TRBJ2-7
CASSFIPDRGNQPQHF	TRBV7-8	TRBJ1-5
CASSDSSPGGRNSPLHF	TRBV6-4	TRBJ1-6
CASSPHARDRVRGNTEAFF	TRBV5-1	TRBJ1-1
CASSNVEGTGETQYF	TRBV28	TRBJ2-5
CASSFYFAGAPYNEQFF	TRBV7-8	TRBJ2-1
CASLQRLEETQYF	TRBV5-5	TRBJ2-5
CASSYSWDTTNEKLFF	TRBV6-5	TRBJ1-4
CASSLDHGLGETQYF	TRBV5-1	TRBJ2-5
CASSISSYEQYF	TRBV19	TRBJ2-7
CAWNGGSGNTIYF	TRBV30	TRBJ1-3
CSAATGNTEAFF	TRBV29-1	TRBJ1-1
CASSWKQGQISSGANVLTF	TRBV5-5	TRBJ2-6
CASGQGISYEQYF	TRBV3-1	TRBJ2-7
CASSQLEDRVGSPLHF	TRBV7-9	TRBJ1-6
CASSWGVRDMNTEAFF	TRBV5-4	TRBJ1-1
CASSVSFFSGNTIYF	TRBV9	TRBJ1-3
CATLQGPKAFF	TRBV2	TRBJ1-1
CASSTWSDNIQYF	TRBV19	TRBJ2-4
CASSFSGGAPGELFF	TRBV27	TRBJ2-2
CASSRQGENNEQFF	TRBV4-1	TRBJ2-1
CASSLAGLGNQPQHF	TRBV27	TRBJ1-5
CSGTPGQGVGTETQYF	TRBV29-1	TRBJ2-5
CASSWGTEAFF	TRBV13	TRBJ1-1
CATSSSQEATEAFF	TRBV15	TRBJ1-1
CASNRLAGGPAKNIQYF	TRBV2	TRBJ2-4
CAWSVLWSGRVYDYYGYTF	TRBV30	TRBJ1-2
CASSYSMGPNQPQHF	TRBV6-5	TRBJ1-5
CASSLGGEQFF	TRBV12-4	TRBJ2-1
CASSQPSGKTQYF	TRBV4-1	TRBJ2-5
CAISGTSGEISTDTQYF	TRBV10-3	TRBJ2-3
CASSVASGQGYEQYF	TRBV9	TRBJ2-7
CASSQDTGQGVEQYF	TRBV4-3	TRBJ2-7
CASRTGGVNNEQFF	TRBV27	TRBJ2-1
CASSNPQGAKYEQFF	TRBV6-2	TRBJ2-1
CASSIKLRDSNEQFF	TRBV12-3	TRBJ2-1
CSAPASGREADTQYF	TRBV20-1	TRBJ2-3
CASTRNRGLNTEAFF	TRBV9	TRBJ1-1
CASSIPGTKGSLNTEAFF	TRBV19	TRBJ1-1
CASRGAGDEQFF	TRBV7-9	TRBJ2-1
CASSLFPVAKAFF	TRBV7-6	TRBJ1-1
CASSQDRLAGGNTGELFF	TRBV4-3	TRBJ2-2
CASTGLAGTYNEQFF	TRBV6-1	TRBJ2-1
CASSSGTSGIRGTGANVLTF	TRBV5-1	TRBJ2-6
CASSYSGGALDTQYF	TRBV11-2	TRBJ2-3
CASSLTSGGAVGNEQFF	TRBV7-3	TRBJ2-1
CASSQDSGYPTDTQYF	TRBV3-1	TRBJ2-3
CARARDRELFF	TRBV2	TRBJ2-2
CATSEMTGTEAFF	TRBV24-1	TRBJ1-1
CASSLGNSRGLYEKLFF	TRBV7-9	TRBJ1-4
CSALTWGLAGYEQYF	TRBV20-1	TRBJ2-7
CASSPGQVQPQHF	TRBV7-9	TRBJ1-5
CATRGQGGHTEAFF	TRBV27	TRBJ1-1
CASGLGSSPMFNEQFF	TRBV12-5	TRBJ2-1
CASSPHTMNTEAFF	TRBV19	TRBJ1-1
CAISDPTDLNTEAFF	TRBV10-3	TRBJ1-1
CAWSDSSNQPQHF	TRBV30	TRBJ1-5
CASSLGAGGAGNTEAFF	TRBV7-8	TRBJ1-1
CASSQEGLAGFSQDTQYF	TRBV4-3	TRBJ2-3
CASSLSQGADYGYTF	TRBV27	TRBJ1-2
CAISGRGDTEAFF	TRBV10-3	TRBJ1-1
CASSVVGGTDEQYF	TRBV9	TRBJ2-7
CASSYLGGDAANYGYTF	TRBV6-5	TRBJ1-2
CASSPPLQGSTTYEQYF	TRBV9	TRBJ2-7
CASSLGPNTGELFF	TRBV11-2	TRBJ2-2
CASSTGATEQFF	TRBV7-9	TRBJ2-1
CASSFAARSTGSANEKLFF	TRBV7-8	TRBJ1-4
CASSQELGTEQYF	TRBV14	TRBJ2-7
CASSMYGAANYGYTF	TRBV19	TRBJ1-2
CASSLIGDTQYF	TRBV11-2	TRBJ2-3
CASSLFDIGEAFF	TRBV7-9	TRBJ1-1
CASSQEHAGELEDEQFF	TRBV3-1	TRBJ2-1
CASRGYSNQPQHF	TRBV12-4	TRBJ1-5
CASSLDKDTQYF	TRBV4-1	TRBJ2-3
CASSPPLGSGSGDEKLFF	TRBV7-9	TRBJ1-4
CASSLQSTEAFF	TRBV7-9	TRBJ1-1
CASRGLGGTDSPLHF	TRBV2	TRBJ1-6
CASSPLGGEGELFMNTEAFF	TRBV9	TRBJ1-1
CASSLGTANYGYTF	TRBV5-4	TRBJ1-2
CASSGLGGSSYEQYF	TRBV2	TRBJ2-7
CASSLTGTTYGGYTF	TRBV7-2	TRBJ1-2
CASSLREGYEQFF	TRBV9	TRBJ2-1
CAISESGLAGGETQYF	TRBV10-3	TRBJ2-5
CASSLAATYEQYF	TRBV27	TRBJ2-7
CSARDRLAGTYNEQFF	TRBV20-1	TRBJ2-1
CASSTRDITDRYTF	TRBV7-3	TRBJ1-2
CASSRRGESSYNEQFF	TRBV7-9	TRBJ2-1
CSAWTSGGLSSYNEQFF	TRBV20-1	TRBJ2-1
CASSLGQGLINYEQYF	TRBV11-2	TRBJ2-7
CAISEPGAPNEKLFF	TRBV10-3	TRBJ1-4
CASEVGQGILTEAFF	TRBV5-1	TRBJ1-1
CATSDLPQDEQFF	TRBV24-1	TRBJ2-1
CASSSGLAGGNEQFF	TRBV7-9	TRBJ2-1
CAISESGILENTGELFF	TRBV10-3	TRBJ2-2
CASSQEQGPGNQPQHF	TRBV4-2	TRBJ1-5
CASSGTGNQPQHF	TRBV6-1	TRBJ1-5
CASSSVPAPHQETQYF	TRBV7-8	TRBJ2-5
CASSILGGGETQYF	TRBV19	TRBJ2-5
CSVAAPGNTEAFF	TRBV29-1	TRBJ1-1
CASSFVMGTDTQYF	TRBV28	TRBJ2-3
CASSWRGAYNEQFF	TRBV5-6	TRBJ2-1
CASSTLLQSREGSYEKLFF	TRBV19	TRBJ1-4
CASSLEFAEPSYEQYF	TRBV11-2	TRBJ2-7
CASSAVAGGPTDTQYF	TRBV9	TRBJ2-3
CASSEGKGRDSNQPQHF	TRBV9	TRBJ1-5
CASSIGGELFF	TRBV19	TRBJ2-2
CATGRGGKIGEQYF	TRBV15	TRBJ2-7
CSVEGLAGTGELFF	TRBV29-1	TRBJ2-2
CASSIVWDRASLGTDTQYF	TRBV19	TRBJ2-3
CASSRPGQGGYEQYF	TRBV27	TRBJ2-7
CASSFPGLYNEQFF	TRBV5-8	TRBJ2-1
CASSPGGGIEQFF	TRBV7-6	TRBJ2-1
CASRGVQPQHF	TRBV6-1	TRBJ1-5
CASSSGSSYGYF	TRBV11-2	TRBJ2-7
CASRPGTSGSDEQFF	TRBV7-9	TRBJ2-1
CASSLVGGGDEQYF	TRBV7-2	TRBJ2-7
CASSVLAGPYSGANVLTF	TRBV9	TRBJ2-6
CASSLVLNTEAFF	TRBV7-9	TRBJ1-1
CASSQDRGIIEKLFF	TRBV4-1	TRBJ1-4
CASSLLTSGYEQYF	TRBV28	TRBJ2-7
CASSQDRVYEQYF	TRBV4-1	TRBJ2-7
CASRGTHTDTQYF	TRBV2	TRBJ2-3
CASSQDRRSGQGDQWTEAFF	TRBV4-1	TRBJ1-1
CASSFGELPYNSPLHF	TRBV5-1	TRBJ1-6
CASSIVGTGSYEQYF	TRBV19	TRBJ2-7
CASNPFPGVGNEQFF	TRBV12-4	TRBJ2-1
CASIRTSGNDNEQFF	TRBV7-9	TRBJ2-1
CASSPGQGYEQYF	TRBV14	TRBJ2-7
CATSRDLGGGAEDTQYF	TRBV15	TRBJ2-3
CASRPLTGSLSGNTIYF	TRBV27	TRBJ1-3
CASSSRTGSGTDTQYF	TRBV7-8	TRBJ2-3
CSARETSYEQYF	TRBV20-1	TRBJ2-7
CASSRLAANTDTQYF	TRBV7-3	TRBJ2-3
CASASLTTVDGQYF	TRBV12-5	TRBJ2-7
CASSPGQGWNEQFF	TRBV4-3	TRBJ2-1
CASSADRGLYGYTF	TRBV28	TRBJ1-2
CASSLRSLGTDTQYF	TRBV27	TRBJ2-3
CAWTPSGRANNEQFF	TRBV30	TRBJ2-1
CASSHDPTWGPGNTIYF	TRBV3-1	TRBJ1-3
CASSPEGPIYNEQFF	TRBV7-8	TRBJ2-1
CASSLIVAGGYNEQFF	TRBV7-3	TRBJ2-1
CASSESLLTEQFF	TRBV7-8	TRBJ2-1
CATIPIRESTDTQYF	TRBV7-2	TRBJ2-3
CASSQTGNQPQHF	TRBV18	TRBJ1-5
CASSEVGATNYGYTF	TRBV6-1	TRBJ1-2
CASSLGPAGNTEAFF	TRBV27	TRBJ1-1
CASSTQGANYGYTF	TRBV6-1	TRBJ1-2
CATSRAGQGGGYTF	TRBV15	TRBJ1-2
CASSHRAGTAGTEAFF	TRBV4-1	TRBJ1-1
CASSIDFGTELRLNTEAFF	TRBV19	TRBJ1-1
CASSYLTGSTEAFF	TRBV27	TRBJ1-1
CASSLAVGNYGYTF	TRBV7-9	TRBJ1-2
CATSRDRANYGYTF	TRBV15	TRBJ1-2
CASSLSSLYEQFF	TRBV27	TRBJ2-1
CAWSTGGTQPQHF	TRBV30	TRBJ1-5
CASRYTGNTEAFF	TRBV11-3	TRBJ1-1
CASCIAPGVQETQYF	TRBV2	TRBJ2-5
CASSLIWREAMETQYF	TRBV6-9	TRBJ2-5
CASSSYGLTSGGAPEETQYF	TRBV5-1	TRBJ2-5
CASSWQHGYTF	TRBV7-9	TRBJ1-2
CAISEPRQNTEAFF	TRBV10-3	TRBJ1-1
CASGDSFSNQPQHF	TRBV9	TRBJ1-5
CAISGGLQGQEKLFF	TRBV10-3	TRBJ1-4
CASSKQQRSDYGYTF	TRBV5-6	TRBJ1-2
CSARGHTRSGTEAFF	TRBV20-1	TRBJ1-1
CSAVSDSSYNEQFF	TRBV20-1	TRBJ2-1
CASSDSGEPQHF	TRBV25-1	TRBJ1-5
CASNGLAEQETQYF	TRBV2	TRBJ2-5
CASSQGTQDGYTF	TRBV4-3	TRBJ1-2
CASSWGGWGETQYF	TRBV7-9	TRBJ2-5
CASSPDLGSTEAFF	TRBV11-3	TRBJ1-1
CASSDSSGGNEQFF	TRBV6-4	TRBJ2-1
CASSLSGGGEQFF	TRBV7-3	TRBJ2-1
CASSGVGGQDEQYF	TRBV9	TRBJ2-7
CSASGVRNEQFF	TRBV20-1	TRBJ2-1
CASITTGANTEAFF	TRBV19	TRBJ1-1
CASTKKWVQGPNTEAFF	TRBV12-4	TRBJ1-1
CASSFVGDSSYNEQFF	TRBV28	TRBJ2-1
CASSFNFGTGGRTGELFF	TRBV7-8	TRBJ2-2
CASSETDSNYEQYF	TRBV25-1	TRBJ2-7
CASSAHDSYEQYF	TRBV7-9	TRBJ2-7
CASSAAEGGGYQETQYF	TRBV9	TRBJ2-5
CASSLGSKQNTGELFF	TRBV7-9	TRBJ2-2
CASSILAPPADYGYTF	TRBV19	TRBJ1-2
CASSVGDTSYEQYF	TRBV9	TRBJ2-7
CASSTRSTGELFF	TRBV19	TRBJ2-2
CASSFGPPLHF	TRBV7-9	TRBJ1-6
CASSFTTGATNYGYTF	TRBV27	TRBJ1-2
CAISELFLAGPMRGTQYF	TRBV10-3	TRBJ2-5
CASRFAGDHSYNEQFF	TRBV3-1	TRBJ2-1
CASKGGLGTEAFF	TRBV7-3	TRBJ1-1
CASSLSTGVGPDTQYF	TRBV11-2	TRBJ2-3
CASSLEEGYEQYF	TRBV7-7	TRBJ2-7
CSAAQTSVYEQYF	TRBV20-1	TRBJ2-7
CASRIELPGAGELFF	TRBV7-8	TRBJ2-2
CASSYQRGAGETQYF	TRBV12-3	TRBJ2-5
CASSMTMLRGRIWETQYF	TRBV19	TRBJ2-5
CASTYFPAYGYTF	TRBV19	TRBJ1-2
CASSQDHRGRISGYTF	TRBV14	TRBJ1-2
CASSPVTGELFF	TRBV11-1	TRBJ2-2
CASSSGPYNEQFF	TRBV7-6	TRBJ2-1
CATGRGGMIGEQYF	TRBV15	TRBJ2-7
CASSPPGADPYNEQFF	TRBV18	TRBJ2-1
CASSFWTGGTEAFF	TRBV28	TRBJ1-1
CASSLGRNYEQYF	TRBV27	TRBJ2-7
CASSYGLYSNQPQHF	TRBV19	TRBJ1-5
CASSHLLSTVDYEQYF	TRBV19	TRBJ2-7
CASSSSPGLAEGEQFF	TRBV7-6	TRBJ2-1
CASSIGTANNSPLHF	TRBV27	TRBJ1-6
CASSIGGVGYTF	TRBV19	TRBJ1-2
CASSFGTGIEQFF	TRBV7-6	TRBJ2-1
CASSSGGVYEQYF	TRBV27	TRBJ2-7
CSDFAGGADEAFF	TRBV29-1	TRBJ1-1
CASSPISGSSYEQYF	TRBV3-1	TRBJ2-7
CASSPTGGGYNEQFF	TRBV27	TRBJ2-1
CASSSGTMMNYGYTF	TRBV7-8	TRBJ1-2
CASSAGRNEKLFF	TRBV7-9	TRBJ1-4
CASSFSGKLFSGANVLTF	TRBV27	TRBJ2-6
CASSQNRGLNTEAFF	TRBV7-9	TRBJ1-1
CASSTTRNQETQYF	TRBV11-2	TRBJ2-5
CAISVEGRAEKLFF	TRBV10-3	TRBJ1-4
CASSVLAGDHEQFF	TRBV7-9	TRBJ2-1
CATSDPNTDRTSGTDYNEQFF	TRBV24-1	TRBJ2-1
CSARLPGGVGTEAFF	TRBV20-1	TRBJ1-1
CASTPLGGTSYEQYF	TRBV28	TRBJ2-7
CSDSGGDNTDTQYF	TRBV29-1	TRBJ2-3
CASSQDSLTGQANSPLHF	TRBV4-3	TRBJ1-6
CASSYQGGAYNSPLHF	TRBV27	TRBJ1-6
CASRGTGPETQYF	TRBV12-3	TRBJ2-5
CASSQLTGTSPMELFF	TRBV27	TRBJ2-2
CASRATGSNEQFF	TRBV11-2	TRBJ2-1
CASSRPGQGLQETQYF	TRBV12-4	TRBJ2-5
CASSFRGVYGYTF	TRBV27	TRBJ1-2
CASSPGLLTYEQYF	TRBV4-1	TRBJ2-7
CASSPGGRGNTEAFF	TRBV18	TRBJ1-1
CASSRLTSANIQYF	TRBV7-9	TRBJ2-4
CASSQDREVFNEQFF	TRBV4-1	TRBJ2-1
CASSPTGGPKNIQYF	TRBV7-9	TRBJ2-4
CASSLEVPSYEQYF	TRBV4-1	TRBJ2-7
CASSEKAGQGAEEQFF	TRBV6-4	TRBJ2-1
CASPSGGYNEQFF	TRBV12-3	TRBJ2-1
CASSEGQGADTQYF	TRBV6-1	TRBJ2-3
CASSFPLGGTYEQYF	TRBV5-6	TRBJ2-7
CASSSLGGVDTEAFF	TRBV4-1	TRBJ1-1
CASSLAMREGAYNEQFF	TRBV7-6	TRBJ2-1
CASSVSKARAFGEQYF	TRBV19	TRBJ2-7
CSGATGLSYNEQFF	TRBV29-1	TRBJ2-1
CASTPWGAEAFF	TRBV28	TRBJ1-1
CASSLSRDSYYEQYF	TRBV11-1	TRBJ2-7
CASSIHSETGVGSPLHF	TRBV7-9	TRBJ1-6
CASSPDRTGPWEEQYF	TRBV9	TRBJ2-7
CASSTRGESTDTQYF	TRBV6-4	TRBJ2-3
CASSSSSWDRPQHF	TRBV27	TRBJ1-5
CSVDPDTNYGYTF	TRBV29-1	TRBJ1-2
CATSPGLAGAYQETQYF	TRBV24-1	TRBJ2-5
CASHRALYNSPLHF	TRBV27	TRBJ1-6
CSVETGYSYNEQFF	TRBV29-1	TRBJ2-1
CASSLGSYEQYF	TRBV13	TRBJ2-7
CASSLDRVAGYYGYTF	TRBV11-2	TRBJ1-2
CASSFHDRTGVSSPLHF	TRBV7-9	TRBJ1-6
CASRAPGNTEAFF	TRBV28	TRBJ1-1
CASSRGQAYGYTF	TRBV5-6	TRBJ1-2
CASSQDEGQGAEAFF	TRBV4-3	TRBJ1-1
CASSLGVLQPQHF	TRBV5-1	TRBJ1-5
CASSGVGGTDTQYF	TRBV9	TRBJ2-3
CSAREGTGGTTGELFF	TRBV20-1	TRBJ2-2
CASSFFGNTEAFF	TRBV7-8	TRBJ1-1
CASSETPWTDGELFF	TRBV2	TRBJ2-2
CSAETGNLPGNQPQHF	TRBV20-1	TRBJ1-5
CASSQDWAGGLEQFF	TRBV4-1	TRBJ2-1
CAAEDPEWGAEAFF	TRBV30	TRBJ1-1
CASSLERYEQYF	TRBV11-2	TRBJ2-7
CSVTGTSYEQYF	TRBV29-1	TRBJ2-7
CASSLGAFENEQFF	TRBV11-2	TRBJ2-1
CASGPSSGGTDTQYF	TRBV6-4	TRBJ2-3
CASRTGHNEQFF	TRBV27	TRBJ2-1
CASSPGIGLADYEQYF	TRBV18	TRBJ2-7
CASSQAAGGNTEAFF	TRBV4-1	TRBJ1-1
CASSQEERGGTDTQYF	TRBV4-3	TRBJ2-3
CASSFEGEQYF	TRBV27	TRBJ2-7
CASSLGSGAQETQYF	TRBV11-2	TRBJ2-5
CSARPFGTSGPSSYNEQFF	TRBV20-1	TRBJ2-1
CASRPNPGGTQYF	TRBV27	TRBJ2-5
CASSSGPGAGGYGYTF	TRBV5-6	TRBJ1-2
CASSQVPGAGYTF	TRBV7-8	TRBJ1-2
CASSWETNTEAFF	TRBV5-4	TRBJ1-1
CASRGGQGAVEAFF	TRBV6-5	TRBJ1-1
CASSSPHRGLETQYF	TRBV11-2	TRBJ2-5
CASSLPGPYGYTF	TRBV7-9	TRBJ1-2
CASSSLPGGTEAFF	TRBV6-2	TRBJ1-1
CASSFGPGRLYGYTF	TRBV5-6	TRBJ1-2
CASSQDFREGKNSPLHF	TRBV4-3	TRBJ1-6
CASSHLQGSHGYTF	TRBV28	TRBJ1-2
CSARPERELYEQYF	TRBV20-1	TRBJ2-7
CAWTLGTGNQPQHF	TRBV30	TRBJ1-5
CASSLSGYYEQYF	TRBV7-9	TRBJ2-7
CASSSGTGLNTEAFF	TRBV7-8	TRBJ1-1
CASSLQTSGGEQYF	TRBV7-2	TRBJ2-7
CAWSGRQGAGETQYF	TRBV30	TRBJ2-5
CASGRSPYEQYF	TRBV6-5	TRBJ2-7
CASSNYRLTENTEAFF	TRBV7-9	TRBJ1-1
CASSSIMGELYGYTF	TRBV7-9	TRBJ1-2
CSARTPDRDLVYEQYF	TRBV20-1	TRBJ2-7
CASSMGDGYTF	TRBV19	TRBJ1-2
CSARDWDRAEKLFF	TRBV20-1	TRBJ1-4
CASSLAPRAPLGYTF	TRBV5-4	TRBJ1-2
CASSPPDRSSGNTIYF	TRBV28	TRBJ1-3
CASSQTRRARPDTQYF	TRBV28	TRBJ2-3
CASSERDYLDSGANVLTF	TRBV4-1	TRBJ2-6
CASSYAPSGGVADTQYF	TRBV6-3	TRBJ2-3
CSVGGQSSMNTEAFF	TRBV29-1	TRBJ1-1
CASSYSAPEQFF	TRBV7-9	TRBJ2-1
CASSQEPISYEQYF	TRBV3-1	TRBJ2-7
CASSGQGAAGYTF	TRBV6-5	TRBJ1-2
CASSNGQGSDTQYF	TRBV19	TRBJ2-3
CASSVASGELFF	TRBV9	TRBJ2-2
CASSEGYRALLRTGELFF	TRBV6-1	TRBJ2-2
CSARDPPAGRDGYTF	TRBV20-1	TRBJ1-2
CASSLEAGGGEQFF	TRBV7-6	TRBJ2-1
CASSRRGQPNTGELFF	TRBV7-3	TRBJ2-2
CASSLTESNSPLHF	TRBV27	TRBJ1-6
CSARAGTGNTGELFF	TRBV20-1	TRBJ2-2
CSARGGRDVGELFF	TRBV20-1	TRBJ2-2
CASSPSAGVPYNEQFF	TRBV2	TRBJ2-1
CASSWGGPNTEAFF	TRBV7-9	TRBJ1-1
CASTAAISGNTIYF	TRBV6-6	TRBJ1-3
CASSLNRGGDGYTF	TRBV11-2	TRBJ1-2
CASSLRTGSSSYNSPLHF	TRBV7-6	TRBJ1-6
CASSFWLADPSTDTQYF	TRBV12-4	TRBJ2-3
CASSPTGTGEAFF	TRBV5-6	TRBJ1-1
CASNQRSSYNSPLHF	TRBV19	TRBJ1-6
CASSHQTGQGETQYF	TRBV5-1	TRBJ2-5
CASSLARGVTEAFF	TRBV7-9	TRBJ1-1
CASSLPRDSFSYEQYF	TRBV10-2	TRBJ2-7
CASMDRPYNEQFF	TRBV12-4	TRBJ2-1
CASSLEALAGGYETQYF	TRBV7-8	TRBJ2-5
CASSIGTSLARDTQYF	TRBV7-8	TRBJ2-3
CASSTYHRTHYNEQFF	TRBV6-5	TRBJ2-1
CASGGTLGMNTEAFF	TRBV25-1	TRBJ1-1
CASSLSGLSEAFF	TRBV28	TRBJ1-1
CASSLTSGGTNEQFF	TRBV19	TRBJ2-1
CASSSRQGNLIDEQFF	TRBV9	TRBJ2-1
CASSSLAGSNQPQHF	TRBV27	TRBJ1-5
CASSLVGGLNTEAFF	TRBV13	TRBJ1-1
CATSRPRSLAVNTGELFF	TRBV15	TRBJ2-2
CASSSGDTNTGELFF	TRBV7-9	TRBJ2-2
CAIDRVGTGELFF	TRBV30	TRBJ2-2
CASSRRLAVYNEQFF	TRBV5-4	TRBJ2-1
CASSPGQGWFF	TRBV28	TRBJ2-1
CASSLGILAGGLSDSYNEQFF	TRBV7-2	TRBJ2-1
CASSLDPIITGLAGSYEQYF	TRBV7-2	TRBJ2-7
CAISDRDAYYEQYF	TRBV10-3	TRBJ2-7
CASSPRTGNTGELFF	TRBV7-9	TRBJ2-2
CASSPPNTYEQFF	TRBV4-1	TRBJ2-1
CASSQGLGTDSYEQYF	TRBV7-6	TRBJ2-7
CASSYSIRDGYTF	TRBV6-5	TRBJ1-2
CASSLNPRDIQYF	TRBV28	TRBJ2-4
CASSDRTGTGRFNNQPQHF	TRBV6-4	TRBJ1-5
CASSETGEPTEAFF	TRBV25-1	TRBJ1-1
CASSQALSGYNEQFF	TRBV4-1	TRBJ2-1
CASSQYGGGSQETQYF	TRBV3-1	TRBJ2-5
CASSWRTRDNQPQHF	TRBV28	TRBJ1-5
CASQGSGSNEQFF	TRBV19	TRBJ2-1
CASTPGLAGVTDTQYF	TRBV10-1	TRBJ2-3
CASSLAMGNTEAFF	TRBV7-2	TRBJ1-1
CASSLKGANYGYTF	TRBV27	TRBJ1-2
CSASPRTGGIPNYGYTF	TRBV20-1	TRBJ1-2
CASFDSMNTEAFF	TRBV12-4	TRBJ1-1
CASSGIETQYF	TRBV6-3	TRBJ2-5
CASSQEGHIEAFF	TRBV14	TRBJ1-1
CSAASGTEAFF	TRBV29-1	TRBJ1-1
CASSLLLGQGTNEKLFF	TRBV12-3	TRBJ1-4
CASSLGSSGNEQFF	TRBV27	TRBJ2-1
CASSLGGLAPSTDTQYF	TRBV7-2	TRBJ2-3
CASSIGRNTEAFF	TRBV19	TRBJ1-1
CASSLGTNANTGELFF	TRBV7-9	TRBJ2-2
CASSFGGTGNQPQHF	TRBV12-3	TRBJ1-5
CASSSTGVGYTF	TRBV5-6	TRBJ1-2
CASSPGVGAEAFF	TRBV9	TRBJ1-1
CASSQGPGQGDYEQYF	TRBV14	TRBJ2-7
CASSKEPRVGAPEKLFF	TRBV7-9	TRBJ1-4
CASSYQGGRGREKLFF	TRBV7-9	TRBJ1-4
CASAPSGETQYF	TRBV7-2	TRBJ2-5
CASSQTSGGYNEQFF	TRBV4-1	TRBJ2-1
CASRPDSYNEQFF	TRBV5-4	TRBJ2-1
CASRDRLVSYEQYF	TRBV6-2	TRBJ2-7
CASSHGGGQNTEAFF	TRBV4-1	TRBJ1-1
CASSYLGPEAFF	TRBV6-3	TRBJ1-1
CASSFGQLHIEYF	TRBV27	TRBJ2-7
CASSFGQRDRGYWRNTEAFF	TRBV6-6	TRBJ1-1
CASSSGTGMDIQYF	TRBV7-6	TRBJ2-4
CASSLVHYNSPLHF	TRBV7-9	TRBJ1-6
CASRAGMYQETQYF	TRBV6-6	TRBJ2-5
CASSVAGTEINYGYTF	TRBV9	TRBJ1-2
CASSQGFSWEQYF	TRBV4-1	TRBJ2-7
CASSLGAGQPQHF	TRBV12-3	TRBJ1-5
CASSIHEQFF	TRBV7-9	TRBJ2-1
CASSIGRGSTEAFF	TRBV19	TRBJ1-1
CASSQDWGTSGNNEQFF	TRBV14	TRBJ2-1
CASSFGQAWETQYF	TRBV7-9	TRBJ2-5
CASSQGYGSTEAFF	TRBV4-3	TRBJ1-1
CASSLLTSGGFTDTQYF	TRBV5-4	TRBJ2-3
CASSVGISGGPGQFEQFF	TRBV9	TRBJ2-1
CASSDSYSNYGYTF	TRBV7-9	TRBJ1-2
CASSSIEKLFF	TRBV12-4	TRBJ1-4
CASSWAGEQYF	TRBV7-9	TRBJ2-7
CASSFHRDSFNQPQHF	TRBV7-9	TRBJ1-5
CASGSGVAGAYQETQYF	TRBV12-5	TRBJ2-5
CASGPTAGGTDTQYF	TRBV12-5	TRBJ2-3
CASSPMVPSGGTDTQYF	TRBV4-2	TRBJ2-3
CASSLTQGLAGVEQYF	TRBV7-8	TRBJ2-7
CSVELLYNEQFF	TRBV29-1	TRBJ2-1
CSARDHPPSGYYEQYF	TRBV20-1	TRBJ2-7
CASSSGTSGYEQYF	TRBV5-1	TRBJ2-7
CASSQYTVDTEAFF	TRBV4-2	TRBJ1-1
CASSQVRGINIQYF	TRBV4-3	TRBJ2-4
CASSHGPNYGYTF	TRBV4-1	TRBJ1-2
CASSSNIPDRERDYGYTF	TRBV28	TRBJ1-2
CASSLALTGLPNEKLFF	TRBV5-1	TRBJ1-4
CASSSGPHRYEQFF	TRBV11-2	TRBJ2-1
CASSLADGGFSYEQYF	TRBV7-9	TRBJ2-7
CASSPTEEETQYF	TRBV5-1	TRBJ2-5
CASSLYNEQFF	TRBV5-1	TRBJ2-1
CASKMEAGLSYEQYF	TRBV27	TRBJ2-7
CASSFTDGDNEQFF	TRBV7-3	TRBJ2-1
CASSPGVTGELFF	TRBV5-8	TRBJ2-2
CASSLSGGLWSYEQYF	TRBV27	TRBJ2-7
CASSPEPPGGSSYNEQFF	TRBV4-1	TRBJ2-1
CASSRSGLAGSNTDTQYF	TRBV19	TRBJ2-3
CASSLPSGAYGYTF	TRBV5-4	TRBJ1-2
CASSLVIGDRGHSEQYF	TRBV5-6	TRBJ2-7
CATPNRGFDGYTF	TRBV7-2	TRBJ1-2
CASSPGKDRFSGNTIYF	TRBV18	TRBJ1-3
CASSLEVGLRNQPQHF	TRBV5-5	TRBJ1-5
CASSLALKAYNEQFF	TRBV7-6	TRBJ2-1
CASSLVSVADTQYF	TRBV5-6	TRBJ2-3
CATSGEGQQQETQYF	TRBV15	TRBJ2-5
CSVEDRGGYEQYF	TRBV29-1	TRBJ2-7
CATSDLSGMNEQFF	TRBV24-1	TRBJ2-1
CASSVGGQGDWYEQYF	TRBV9	TRBJ2-7
CASSIPDRGEAQPQHF	TRBV19	TRBJ1-5
CASSFTSGGANEQFF	TRBV6-5	TRBJ2-1
CSVAAGGRGYTF	TRBV29-1	TRBJ1-2
CATKPGTGVNYGYTF	TRBV10-3	TRBJ1-2
CASSYVPSGRTQSNEQFF	TRBV6-5	TRBJ2-1
CATSRVAGWGNGDQPQHF	TRBV15	TRBJ1-5
CASGTYSGDTQYF	TRBV19	TRBJ2-3
CAVGLILEQFF	TRBV6-6	TRBJ2-1
CATRVSGAVTEAFF	TRBV19	TRBJ1-1
CASSLIAGGPNEQFF	TRBV4-1	TRBJ2-1
CASSPGGQGGQPQHF	TRBV4-2	TRBJ1-5
CASSPTGLGFYGYTF	TRBV19	TRBJ1-2
CASSLDVPDTQYF	TRBV7-6	TRBJ2-3
CASSFGVGTESYEQYF	TRBV6-3	TRBJ2-7
CATSDEDTGYGYTF	TRBV24-1	TRBJ1-2
CASSRPGHNEQFF	TRBV27	TRBJ2-1
CASSLIGVGEFTDTQYF	TRBV28	TRBJ2-3
CAVNGGSNYGYTF	TRBV28	TRBJ1-2
CASSQESGGGYEQFF	TRBV4-1	TRBJ2-1
CSARARVLGWWGGRSQNIQYF	TRBV20-1	TRBJ2-4
CASSQDFGVYEQYF	TRBV4-1	TRBJ2-7
CASSYSLAGVRDRHNTGELFF	TRBV6-3	TRBJ2-2
CASSLEATRYNEQFF	TRBV5-1	TRBJ2-1
CSVEELAGDTDTQYF	TRBV29-1	TRBJ2-3
CSASGTSSLVDTQYF	TRBV20-1	TRBJ2-3
CASSLSQPGAGTANYGYTF	TRBV12-4	TRBJ1-2
CASSFVGGQDGYTF	TRBV12-4	TRBJ1-2
CATSDLTTGANTGELFF	TRBV24-1	TRBJ2-2
CASSQDTFKGHAYGYTF	TRBV4-3	TRBJ1-2
CAISETGVAPNTEAFF	TRBV10-3	TRBJ1-1
CASSSGLAGVLYEQYF	TRBV13	TRBJ2-7
CSARDRTGYSNQPQHF	TRBV20-1	TRBJ1-5
CASSLAGQGAHGYTF	TRBV7-9	TRBJ1-2
CASSPDGSQETQYF	TRBV12-3	TRBJ2-5
CASGQVREAFF	TRBV10-2	TRBJ1-1
CSAQGGNTIYF	TRBV20-1	TRBJ1-3
CSVPDVSSYNEQFF	TRBV29-1	TRBJ2-1
CASSHPETVRGYTF	TRBV3-1	TRBJ1-2
CSARGAGTPGDPQHF	TRBV20-1	TRBJ1-5
CASSLDRPSGMAAETQYF	TRBV5-1	TRBJ2-5
CASSLGGRNTEAFF	TRBV7-9	TRBJ1-1
CASSLNGRADTQYF	TRBV27	TRBJ2-3
CASSLGATHQPQHF	TRBV7-9	TRBJ1-5
CASSPGQGSDNSPLHF	TRBV18	TRBJ1-6
CASSRRLAGYYEQYF	TRBV7-9	TRBJ2-7
CAWRAPDNSPLHF	TRBV30	TRBJ1-6
CASSVDISTDTQYF	TRBV9	TRBJ2-3
CASSARTGVGYGYTF	TRBV19	TRBJ1-2
CASSYLGLAALETQYF	TRBV6-6	TRBJ2-5
CASSQALGSYNEQFF	TRBV4-1	TRBJ2-1
CASTPGGIDTQYF	TRBV19	TRBJ2-3
CASSMGRRSSYNSPLHF	TRBV19	TRBJ1-6
CASSSGETDTQYF	TRBV6-5	TRBJ2-3
CATSTGQGETGELFF	TRBV15	TRBJ2-2
CATSGTVPGRTEAFF	TRBV24-1	TRBJ1-1
CASSLYAPTNEQFF	TRBV11-2	TRBJ2-1
CASSFRDRYNNEQFF	TRBV27	TRBJ2-1
CASSVTTRRRGYGYTF	TRBV9	TRBJ1-2
CASSLEQGTYEQYF	TRBV7-6	TRBJ2-7
CASSLAPGIHYGYTF	TRBV12-3	TRBJ1-2
CASSSVPTGENTEAFF	TRBV5-1	TRBJ1-1
CASRRRTGNTIYF	TRBV14	TRBJ1-3
CASSSPRGGGAGGTDTQYF	TRBV13	TRBJ2-3
CASSVAASGSYEQYF	TRBV9	TRBJ2-7
CSVVGPNTEAFF	TRBV29-1	TRBJ1-1
CASSLEWGGNEQFF	TRBV11-3	TRBJ2-1
CASTRPDGEQFF	TRBV7-9	TRBJ2-1
CASSPGTEETQYF	TRBV5-4	TRBJ2-5
CAIVLGTSAYNEQFF	TRBV12-4	TRBJ2-1
CSARGRGIGTGELFF	TRBV20-1	TRBJ2-2
CASMRGFTYEQYF	TRBV27	TRBJ2-7
CASSLGRGLNTEAFF	TRBV5-1	TRBJ1-1
CASSLGNEQFF	TRBV7-3	TRBJ2-1
CASSAGTGGGGQYF	TRBV10-1	TRBJ2-7
CASSKENNNRPYEQYF	TRBV7-9	TRBJ2-7
CAWSVRQGGNTIYF	TRBV30	TRBJ1-3
CASSLTEGQVTFEAFF	TRBV7-8	TRBJ1-1
CASSSGTDEAFF	TRBV11-1	TRBJ1-1
CASSQEAPGQGDTGELFF	TRBV4-3	TRBJ2-2
CSTPQGVFQYF	TRBV20-1	TRBJ2-5
CASSFGANKPEGEYGYTF	TRBV5-5	TRBJ1-2
CSVRKGGPEQFF	TRBV29-1	TRBJ2-1
CASSEGGGDTEAFF	TRBV25-1	TRBJ1-1
CASSVEAGASSGNTIYF	TRBV9	TRBJ1-3
CASSLAAGASNEQFF	TRBV5-4	TRBJ2-1
CASSFAQGTYEQYF	TRBV5-6	TRBJ2-7
CASSRLAGSTDTQYF	TRBV7-3	TRBJ2-3
CSAHNEQFF	TRBV20-1	TRBJ2-1
CSARGMNTEAFF	TRBV20-1	TRBJ1-1
CASSAFSGAVETQYF	TRBV9	TRBJ2-5
CASQGASNEQFF	TRBV27	TRBJ2-1
CASSPSAGEQFF	TRBV18	TRBJ2-1
CASSLGQGPNEKLFF	TRBV5-1	TRBJ1-4
CASSVLGRGGANTGELFF	TRBV9	TRBJ2-2
CSAGQGARRAFF	TRBV20-1	TRBJ1-1
CASRPLTGRVHDTQYF	TRBV27	TRBJ2-3
CASSLAGNYGYTF	TRBV7-9	TRBJ1-2
CASTPSFGRNTGELFF	TRBV7-6	TRBJ2-2
CASSLTLAGGPGTYNEQFF	TRBV7-3	TRBJ2-1
CASTAVPNTEAFF	TRBV19	TRBJ1-1
CASKEGTTGTEAFF	TRBV6-1	TRBJ1-1
CASSAGAAGANVLTF	TRBV11-2	TRBJ2-6
CATSNPDPLQGYRGEKLFF	TRBV15	TRBJ1-4
CASSLFTDNRDGYTF	TRBV27	TRBJ1-2
CSARDLASSYNEQFF	TRBV20-1	TRBJ2-1
CASSFGGSNQPQHF	TRBV7-2	TRBJ1-5
CASSSTNSGGTDTQYF	TRBV13	TRBJ2-3
CASSFYGAGGEQYF	TRBV5-1	TRBJ2-7
CASSETGQGSSTDTQYF	TRBV7-9	TRBJ2-3
CASSDSAGGQETQYF	TRBV6-4	TRBJ2-5
CASKSTGGTDTQYF	TRBV2	TRBJ2-3
CASSLAPSGVDEQFF	TRBV12-4	TRBJ2-1
CASSQDFPGSDGYTF	TRBV4-1	TRBJ1-2
CASSLQESSYNSPLHF	TRBV5-1	TRBJ1-6
CASSHIGQGYTF	TRBV9	TRBJ1-2
CASTGTGYYGYTF	TRBV18	TRBJ1-2
CASSLGQGQPQHF	TRBV7-7	TRBJ1-5
CASSLGRGSKKLFF	TRBV5-6	TRBJ1-4
CASSHEGSGGYTF	TRBV3-1	TRBJ1-2
CASSLLARGTDTQYF	TRBV12-4	TRBJ2-3
CASSLTSGPYNEQFF	TRBV7-2	TRBJ2-1
CASSFPGAEAFF	TRBV27	TRBJ1-1
CASSLGRGREAFF	TRBV11-2	TRBJ1-1
CASSARLAGDFNEQFF	TRBV2	TRBJ2-1
CASSISTGGNTEAFF	TRBV19	TRBJ1-1
CASSPGTPIGTQYF	TRBV7-9	TRBJ2-5
CATSRPTSGSDEQFF	TRBV15	TRBJ2-1
CAISPGQGESYEQYF	TRBV10-3	TRBJ2-7
CASSSDYIMGETQYF	TRBV11-2	TRBJ2-5
CASSARVREKLFF	TRBV2	TRBJ1-4
CASSHVNQPQHF	TRBV4-1	TRBJ1-5
CASGGGSEQFF	TRBV25-1	TRBJ2-1
CASSDGPNYGYTF	TRBV19	TRBJ1-2
CSASRPAGTTPREAFF	TRBV20-1	TRBJ1-1
CSAREGQDKSYNSPLHF	TRBV20-1	TRBJ1-6
CASSLRTGLRVGYGYTF	TRBV7-8	TRBJ1-2
CASWGVPYGYTF	TRBV19	TRBJ1-2
CASNQGPEAFF	TRBV25-1	TRBJ1-1
CASSEKSGGPDTQYF	TRBV6-1	TRBJ2-3
CASTNLAGYDEQFF	TRBV11-2	TRBJ2-1
CASRGTDANYGYTF	TRBV9	TRBJ1-2
CASSQEAGGEQYF	TRBV4-1	TRBJ2-7
CASSQEGGVYGYTF	TRBV4-3	TRBJ1-2
CSVGRDRGPTGELFF	TRBV29-1	TRBJ2-2
CATSREEGDGYTF	TRBV15	TRBJ1-2
CASSISGTGGFYEQFF	TRBV19	TRBJ2-1
CASTDRRYGYTF	TRBV2	TRBJ1-2
CSARDRGDTEAFF	TRBV20-1	TRBJ1-1
CASSPKGQGIVTEAFF	TRBV7-9	TRBJ1-1
CASSTWTDGKETQYF	TRBV27	TRBJ2-5
CAISISELQPQHF	TRBV10-3	TRBJ1-5
CASSPVMNTEAFF	TRBV19	TRBJ1-1
CASSLGPGDYGYTF	TRBV5-1	TRBJ1-2
CASTPLAGGPGEADTQYF	TRBV27	TRBJ2-3
CASSLGPAHYEQYF	TRBV27	TRBJ2-7
CASSLGFEGNQPQHF	TRBV5-1	TRBJ1-5
CASSPDRRQETQYF	TRBV7-9	TRBJ2-5
CSARGYSAKNIQYF	TRBV20-1	TRBJ2-4
CASSGDRGVDAFF	TRBV13	TRBJ1-1
CASSYSHRQGNYGYTF	TRBV6-5	TRBJ1-2
CASSELDSSTDTQYF	TRBV10-1	TRBJ2-3
CASSDGQGGQDTQYF	TRBV6-4	TRBJ2-3
CASSQGFNPGGGYTF	TRBV4-1	TRBJ1-2
CASSLGGSSWDADTQYF	TRBV5-8	TRBJ2-3
CASSPNGLNTEAFF	TRBV6-1	TRBJ1-1
CASSSNTSPLHF	TRBV7-9	TRBJ1-6
CASSFFSQLTDTQYF	TRBV12-4	TRBJ2-3
CATSDLLEQYF	TRBV24-1	TRBJ2-7
CASSALAGARYEQYF	TRBV27	TRBJ2-7
CASSRDTSSYEQYF	TRBV10-1	TRBJ2-7
CASSYGQLNQPQHF	TRBV7-9	TRBJ1-5
CASSQTDNEQFF	TRBV27	TRBJ2-1
CASSLRLGAGANTGELFF	TRBV7-8	TRBJ2-2
CSVVGTINEQFF	TRBV29-1	TRBJ2-1
CSASGSQGPDTQYF	TRBV20-1	TRBJ2-3
CASSTGTAAYEQYF	TRBV11-2	TRBJ2-7
CASSVEGAPPDTQYF	TRBV9	TRBJ2-3
CASIEALAGSYNEQFF	TRBV6-3	TRBJ2-1
CASSAPYWQEVNIQYF	TRBV19	TRBJ2-4
CASSLKRYEQFF	TRBV12-4	TRBJ2-1
CASSQETVGTAIMNTEAFF	TRBV14	TRBJ1-1
CASSPGYSNQPQHF	TRBV11-3	TRBJ1-5
CASSPGTEQFF	TRBV6-2	TRBJ2-1
CASSVGLHGQPTNEKLFF	TRBV9	TRBJ1-4
CASSLGSGKDNSPLHF	TRBV5-4	TRBJ1-6
CASSPRDNTDTQYF	TRBV3-1	TRBJ2-3
CASSHGQLNTEAFF	TRBV5-1	TRBJ1-1
CASSTHDRSGVGSPLHF	TRBV7-9	TRBJ1-6
CASSYSLAGGYNEQFF	TRBV6-5	TRBJ2-1
CSATGGGEQYF	TRBV20-1	TRBJ2-7
CASRSGTGVSGNTIYF	TRBV7-9	TRBJ1-3
CAIKGSATEAFF	TRBV10-3	TRBJ1-1
CSATDNRGRTDTQYF	TRBV20-1	TRBJ2-3
CAWSRGQGDNEQFF	TRBV30	TRBJ2-1
CASSVRGGGTDTQYF	TRBV28	TRBJ2-3
CASSFYGTDQETQYF	TRBV5-5	TRBJ2-5
CASSARDRVVDEQFF	TRBV7-9	TRBJ2-1
CASSVGGLGTYTF	TRBV9	TRBJ1-2
CASSKEAGASGYAPETQYF	TRBV7-9	TRBJ2-5
CASSQPPQREQYF	TRBV3-1	TRBJ2-7
CASSPAGTTAKNIQYF	TRBV9	TRBJ2-4
CASLGQGNEQYF	TRBV2	TRBJ2-7
CASSVSGLNTEAFF	TRBV9	TRBJ1-1
CASSLIGIGETDTQYF	TRBV7-9	TRBJ2-3
CASSLVEEAPTDTQYF	TRBV5-5	TRBJ2-3
CASSTSGYNEQFF	TRBV7-2	TRBJ2-1
CASSTWTVNTEAFF	TRBV19	TRBJ1-1
CASSEDRGHWNEQFF	TRBV9	TRBJ2-1
CASSLRQGIDTGELFF	TRBV7-9	TRBJ2-2
CASSPQPDKYYGYTF	TRBV27	TRBJ1-2
CASSPVTGTGHYGYTF	TRBV6-5	TRBJ1-2
CASSITGTGALTNTGELFF	TRBV19	TRBJ2-2
CASSQGTSVSGGYTF	TRBV4-3	TRBJ1-2
CASNRDPLDTEAFF	TRBV19	TRBJ1-1
CASSLASGTEAFF	TRBV5-1	TRBJ1-1
CASSQPGQVANYGYTF	TRBV4-3	TRBJ1-2
CAISPSSEQYF	TRBV10-3	TRBJ2-7
CASSLWTLNTGELFF	TRBV5-4	TRBJ2-2
CASSSNDRYGTEAFF	TRBV7-9	TRBJ1-1
CASSGGGVYGYTF	TRBV19	TRBJ1-2
CASSPPGTSGFYEQFF	TRBV13	TRBJ2-1
CASSVGVTDTQYF	TRBV6-4	TRBJ2-3
CASSDQTPGNQPQHF	TRBV5-5	TRBJ1-5
CASRGLDRVNTEAFF	TRBV2	TRBJ1-1
CSVGPPRQGAYGYTF	TRBV29-1	TRBJ1-2
CASNGAGGPETQYF	TRBV9	TRBJ2-5
CASYGQGTDTQYF	TRBV5-1	TRBJ2-3
CASSLYVSYPKNTIYF	TRBV28	TRBJ1-3
CASSLAGSNYGYTF	TRBV12-3	TRBJ1-2
CASSQARSNEQFF	TRBV4-3	TRBJ2-1
CASSYSWTGSNYGYTF	TRBV6-3	TRBJ1-2
CASSPGAGDTEAFF	TRBV4-1	TRBJ1-1
CASSSAHYGYTF	TRBV12-3	TRBJ1-2
CASSYNRAYEQYF	TRBV6-5	TRBJ2-7
CASSPLPRRGPNTEAFF	TRBV3-1	TRBJ1-1
CASSHEGAGANVLTF	TRBV3-1	TRBJ2-6
CASSGNGINSPLHF	TRBV10-1	TRBJ1-6
CASSLSPTPYEQYF	TRBV28	TRBJ2-7
CASSYSGNSGYTF	TRBV6-5	TRBJ1-2
CASSSRTADNEQFF	TRBV7-6	TRBJ2-1
CASSQDRLAGGYNEQFF	TRBV14	TRBJ2-1
CASSESSGNLKETQYF	TRBV9	TRBJ2-5
CASSVGDGPYGYTF	TRBV9	TRBJ1-2
CASSLDYFGVFSTDTQYF	TRBV11-2	TRBJ2-3
CATSRGPQVMNSPLHF	TRBV15	TRBJ1-6
CASSWGVGSTEAFF	TRBV12-4	TRBJ1-1
CSAIPDRAGADTQYF	TRBV20-1	TRBJ2-3
CASSQGQGLWETQYF	TRBV7-8	TRBJ2-5
CASWVANEQFF	TRBV6-3	TRBJ2-1
CASRPPGAVYEQYF	TRBV28	TRBJ2-7
CASSLMGQQETQYF	TRBV3-1	TRBJ2-5
CASSSGTVNNQPQHF	TRBV7-9	TRBJ1-5
CASSRTTGQAETQYF	TRBV11-2	TRBJ2-5
CASSSPGQGDTEAFF	TRBV12-4	TRBJ1-1
CSVPTGKTYNEQFF	TRBV29-1	TRBJ2-1
CASSVGGQYYGYTF	TRBV9	TRBJ1-2
CASSIIQGHSYNSPLHF	TRBV19	TRBJ1-6
CSVPPGGAGRAFF	TRBV29-1	TRBJ1-1
CASSSWTSGGRSYNEQFF	TRBV9	TRBJ2-1
CATRDGLSDEQFF	TRBV2	TRBJ2-1
CASVTGSTDTQYF	TRBV2	TRBJ2-3
CASSWTGGDTYEQYF	TRBV7-6	TRBJ2-7
CASSLRSRDSPLHF	TRBV5-4	TRBJ1-6
CSASEGNQPQHF	TRBV20-1	TRBJ1-5
CASTNPGTTLHF	TRBV19	TRBJ1-6
CASSEPSDIAKNIQYF	TRBV6-1	TRBJ2-4
CASSFTGLGNEQFF	TRBV5-4	TRBJ2-1
CASRIGNQPQHF	TRBV7-2	TRBJ1-5
CASSPYSNQPQHF	TRBV7-2	TRBJ1-5
CASSLSLHGNQPQHF	TRBV4-1	TRBJ1-5
CASSYGDWDRHNSPLHF	TRBV6-5	TRBJ1-6
CASRDGTANTEAFF	TRBV25-1	TRBJ1-1
CASMAGGTYEQYF	TRBV19	TRBJ2-7
CASSIDHRNGYTF	TRBV19	TRBJ1-2
CASRGARGYTF	TRBV27	TRBJ1-2
CASSSPGQGLFEQFF	TRBV18	TRBJ2-1
CASSPRSGSNQPQHF	TRBV6-4	TRBJ1-5
CSARDVPGSIGGYTF	TRBV20-1	TRBJ1-2
CASGTSGRNEQFF	TRBV2	TRBJ2-1
CASSEDRGADYEKLFF	TRBV13	TRBJ1-4
CASSKEPSGSRTYFLYYEQYF	TRBV19	TRBJ2-7
CSAAGQGPTNEKLFF	TRBV29-1	TRBJ1-4
CASSIGGTDTQYF	TRBV19	TRBJ2-3
CASSWSSYEQYF	TRBV5-6	TRBJ2-7
CASSQDSSLTSGSSTDTQYF	TRBV3-1	TRBJ2-3
CASSPWTSGMDTGELFF	TRBV7-9	TRBJ2-2
CASSTLQGNNYGYTF	TRBV7-8	TRBJ1-2
CASSYSPRKGYEAFF	TRBV6-5	TRBJ1-1
CSVLQGYEAFF	TRBV29-1	TRBJ1-1
CSARYRAGASGELFF	TRBV20-1	TRBJ2-2
CASSELDEETQYF	TRBV10-1	TRBJ2-5
CASTLTGSTGELFF	TRBV14	TRBJ2-2
CSARDLEGTAKNIQYF	TRBV20-1	TRBJ2-4
CASSFGSGAPGELFF	TRBV27	TRBJ2-2
CASSFMGPAGKLNTGELFF	TRBV7-9	TRBJ2-2
CASSTGTGGLIEQYF	TRBV11-2	TRBJ2-7
CASRPRGYDETQYF	TRBV27	TRBJ2-5
CATLGQENTEAFF	TRBV24-1	TRBJ1-1
CASSWGVGQGFTGELFF	TRBV7-9	TRBJ2-2
CASSLGQETQYF	TRBV5-1	TRBJ2-5
CASSQVHRGWPKNIQYF	TRBV3-1	TRBJ2-4
CASSPAGGGGTDTQYF	TRBV12-4	TRBJ2-3
CASSLAGGLEEQFF	TRBV11-2	TRBJ2-1
CASSSGGEYGYTF	TRBV7-6	TRBJ1-2
CASSQDLTGGYYGYTF	TRBV4-1	TRBJ1-2
CASSLLSMNTEAFF	TRBV13	TRBJ1-1
CASSRAAGGVDGYTF	TRBV4-1	TRBJ1-2
CSASGTPTEQFF	TRBV20-1	TRBJ2-1
CASSQAQASSYEQYF	TRBV4-1	TRBJ2-7
CASSWYRGLDYEQYF	TRBV5-1	TRBJ2-7
CASSQDLSSGVTYEQYF	TRBV4-3	TRBJ2-7
CASSLTLSSYEQYF	TRBV12-3	TRBJ2-7
CSAKLAGGHNEQFF	TRBV20-1	TRBJ2-1
CASSQVLLAGEVEQFF	TRBV4-3	TRBJ2-1
CASSEWGEGTEAFF	TRBV6-1	TRBJ1-1
CATSDPLAGGGYNEQFF	TRBV24-1	TRBJ2-1
CASSWTGALNTEAFF	TRBV27	TRBJ1-1
CASSPSGGLGTEAFF	TRBV4-1	TRBJ1-1
CASSFSLPAASDADRSGNTIYF	TRBV7-9	TRBJ1-3
CATSRVRVDEQYF	TRBV15	TRBJ2-7
CASGFSGTGPLFYGYTF	TRBV7-9	TRBJ1-2
CASSLSRATGELFF	TRBV28	TRBJ2-2
CASSYSKWGDWTEAFF	TRBV6-5	TRBJ1-1
CAISESVGSYEQYF	TRBV10-3	TRBJ2-7
CASRSGPGQPYEQYF	TRBV27	TRBJ2-7
CASSQDVPNEQFF	TRBV4-2	TRBJ2-1
CASSRAGRSTDTQYF	TRBV11-2	TRBJ2-3
CASSRFGDTEAFF	TRBV7-3	TRBJ1-1
CASSLDGAGGPWDEQFF	TRBV11-3	TRBJ2-1
CSARMVGALQFF	TRBV20-1	TRBJ2-1
CASSLWDRGWTEAFF	TRBV11-1	TRBJ1-1
CASSLWVGSGEAFF	TRBV12-4	TRBJ1-1
CASSITGVTGELFF	TRBV19	TRBJ2-2
CASSLTGEGSPLHF	TRBV28	TRBJ1-6
CASSEYSGIGTDTQYF	TRBV10-1	TRBJ2-3
CASSQDVGVFYEQYF	TRBV4-1	TRBJ2-7
CSAREQEANYGYTF	TRBV20-1	TRBJ1-2
CASSPTTAPNEKLFF	TRBV28	TRBJ1-4
CASSSDRADNEQFF	TRBV13	TRBJ2-1
CASSIQGAYEQYF	TRBV11-1	TRBJ2-7
CASSPPGQGWSDTQYF	TRBV27	TRBJ2-3
CASSVGGADTQYF	TRBV7-9	TRBJ2-3
CASSSTGTGLFETQYF	TRBV7-2	TRBJ2-5
CASSPPGQNYGYTF	TRBV4-3	TRBJ1-2
CASRTLSGTLAGELFF	TRBV5-4	TRBJ2-2
CASSLGAGGPSDTQYF	TRBV5-1	TRBJ2-3
CASSPSNEQFF	TRBV28	TRBJ2-1
CATRYSENTEAFF	TRBV24-1	TRBJ1-1
CASSLTFAPYNEQFF	TRBV11-3	TRBJ2-1
CASSFIGSAGANVLTF	TRBV4-2	TRBJ2-6
CASGLYPGQPQHF	TRBV12-5	TRBJ1-5
CASSVRVTGELFF	TRBV10-2	TRBJ2-2
CSASYGRGPYNEQFF	TRBV20-1	TRBJ2-1
CASSPLWVAGGRETQYF	TRBV3-1	TRBJ2-5
CASSNQGGRTF	TRBV19	TRBJ1-2
CASSQGETTGELFF	TRBV4-2	TRBJ2-2
CASSLKSSTFTDTQYF	TRBV27	TRBJ2-3
CASSLNSLYGYTF	TRBV12-3	TRBJ1-2
CASSFRQGNPPAKNIQYF	TRBV7-7	TRBJ2-4
CASSPGGDEQFF	TRBV7-6	TRBJ2-1
CAIRTGLAGHNEQFF	TRBV10-3	TRBJ2-1
CASSFTSGSYGSSYNEQFF	TRBV5-1	TRBJ2-1
CASSQEPSINGYTF	TRBV4-1	TRBJ1-2
CASGGGAATNTEAFF	TRBV10-2	TRBJ1-1
CASSQDPENTEAFF	TRBV4-3	TRBJ1-1
CAIRLGNQPQHF	TRBV19	TRBJ1-5
CSARDTALVNIQYF	TRBV20-1	TRBJ2-4
CASSLWPYYNEQFF	TRBV7-9	TRBJ2-1
CAWSLLAGAYNEQFF	TRBV30	TRBJ2-1
CASSLFFDNQPQHF	TRBV5-5	TRBJ1-5
CASSWGETQYF	TRBV6-3	TRBJ2-5
CASSPVTGGIYGYTF	TRBV6-5	TRBJ1-2
CASSPVAGGNHNEQFF	TRBV7-9	TRBJ2-1
CSGAGVPSTDTQYF	TRBV20-1	TRBJ2-3
CASSMWGGSTDTQYF	TRBV5-1	TRBJ2-3
CASREGLNSGNTIYF	TRBV5-1	TRBJ1-3
CASSRLAASTDTQYF	TRBV7-3	TRBJ2-3
CSVLDQGANYGYTF	TRBV29-1	TRBJ1-2
CASSQVGTVYGYTF	TRBV3-1	TRBJ1-2
CAWRGQDMNTEAFF	TRBV30	TRBJ1-1
CASSSGNSYEQYF	TRBV7-9	TRBJ2-7
CASGPGGAETQYF	TRBV9	TRBJ2-5
CASNPGQENTEAFF	TRBV6-5	TRBJ1-1
CASSQVDRALETQYF	TRBV6-3	TRBJ2-5
CASSIDGNTEAFF	TRBV19	TRBJ1-1
CASSLALGGFDEKLFF	TRBV7-9	TRBJ1-4
CASSQDMGGRQYF	TRBV4-1	TRBJ2-3
CAISESAATDTQYF	TRBV10-3	TRBJ2-3
CASSVGSGGVMNTEAFF	TRBV9	TRBJ1-1
CASSLSGTRNSPLHF	TRBV5-1	TRBJ1-6
CSARERGNNYGYTF	TRBV20-1	TRBJ1-2
CASSYGGDGYTF	TRBV6-5	TRBJ1-2
CASSLKMAIQETQYF	TRBV12-3	TRBJ2-5
CASSLVVMTGKSNQPQHF	TRBV7-9	TRBJ1-5
CASSYGGYEQYF	TRBV6-6	TRBJ2-7
CASSGALQDSNQPQHF	TRBV7-9	TRBJ1-5
CASSEPSTANEQFF	TRBV25-1	TRBJ2-1
CASSQEGDEQFF	TRBV4-1	TRBJ2-1
CASSLGQLEAFF	TRBV5-5	TRBJ1-1
CASSYTRGGHEQYF	TRBV7-8	TRBJ2-7
CASGEARNQPQHF	TRBV2	TRBJ1-5
CASRTVNSYEQYF	TRBV5-1	TRBJ2-7
CASSLVTDSQETQYF	TRBV12-4	TRBJ2-5
CSARSPGDRVYSSYNEQFF	TRBV20-1	TRBJ2-1
CASSVPGQNNEQFF	TRBV25-1	TRBJ2-1
CASTQGLAGEWAGELFF	TRBV7-6	TRBJ2-2
CASSQGTGMENTIYF	TRBV4-3	TRBJ1-3
CASSLEAGGPYEQYF	TRBV7-3	TRBJ2-7
CASSLSGNRQETQYF	TRBV2	TRBJ2-5
CATRFGNTIYF	TRBV27	TRBJ1-3
CSVDDRGGYTF	TRBV29-1	TRBJ1-2
CSARQGDTEAFF	TRBV20-1	TRBJ1-1
CASSPGQGFDTQYF	TRBV6-5	TRBJ2-3
CSALRQGLLEYTF	TRBV29-1	TRBJ1-2
CSVVTFYYEQYF	TRBV29-1	TRBJ2-7
CASSFPEGETQYF	TRBV12-3	TRBJ2-5
CASSIDRYNEQFF	TRBV19	TRBJ2-1
CASSPQQSSYEQYF	TRBV7-6	TRBJ2-7
CASSRTAGLGANTGELFF	TRBV7-3	TRBJ2-2
CASSLETGYEQYF	TRBV11-2	TRBJ2-7
CASSPGTAFEETQYF	TRBV5-1	TRBJ2-5
CASSPGLAGEDEQFF	TRBV28	TRBJ2-1
CASSTEGLAGGPGTDTQYF	TRBV9	TRBJ2-3
CASSQGRGDTEAFF	TRBV4-1	TRBJ1-1
CSVDSAGGNYEQYF	TRBV29-1	TRBJ2-7
CSVLTAASGAGVEQYF	TRBV29-1	TRBJ2-7
CASNMQGGHQPQHF	TRBV19	TRBJ1-5
CASSLVSLNTEAFF	TRBV7-6	TRBJ1-1
CASSLSRTGRGYTF	TRBV12-4	TRBJ1-2
CASSPPAGSGQETQYF	TRBV18	TRBJ2-5
CASSSNDALAGGYEQFF	TRBV12-3	TRBJ2-1
CSARDLGTNTEAFF	TRBV20-1	TRBJ1-1
CASSLRQPGLELYEQYF	TRBV7-2	TRBJ2-7
CASSLDRGADTQYF	TRBV7-7	TRBJ2-3
CASSVNPGQPNGDYGYTF	TRBV9	TRBJ1-2
CASSQTLDRGLENTEAFF	TRBV4-1	TRBJ1-1
CSPDGYTF	TRBV29-1	TRBJ1-2
CASSTSDEQFF	TRBV7-9	TRBJ2-1
CASSLDWGNTIYF	TRBV7-9	TRBJ1-3
CASSLDRGVNTEAFF	TRBV7-9	TRBJ1-1
CASSWDRGPRTEAFF	TRBV6-3	TRBJ1-1
CASSVGAGVFTDTQYF	TRBV9	TRBJ2-3
CASTVQQGATEAFF	TRBV6-5	TRBJ1-1
CASSTKETQYF	TRBV19	TRBJ2-5
CASSFGLAGLGDEQFF	TRBV7-9	TRBJ2-1
CASSTNTGTEAFF	TRBV19	TRBJ1-1
CASSYSTGVGSPLHF	TRBV6-5	TRBJ1-6
CASIPSGVPSTDTQYF	TRBV6-5	TRBJ2-3
CASSRVQATTGELFF	TRBV4-3	TRBJ2-2
CSARDTLGLAHEQYF	TRBV20-1	TRBJ2-7
CASSKAPQANTGELFF	TRBV7-9	TRBJ2-2
CASSQGTGGTEAFF	TRBV4-1	TRBJ1-1
CASSIALNEQFF	TRBV19	TRBJ2-1
CASSRHRGQDPTDTQYF	TRBV14	TRBJ2-3
CASSAQTGAAYGYTF	TRBV6-5	TRBJ1-2
CASSEGSDSNQPQHF	TRBV2	TRBJ1-5
CASTISGNEQFF	TRBV7-9	TRBJ2-1
CASSQGTLGSGYTF	TRBV4-1	TRBJ1-2
CASSPARGGTETQYF	TRBV12-4	TRBJ2-5
CASSFGTPTTGELFF	TRBV5-4	TRBJ2-2
CSAREGSALHF	TRBV20-1	TRBJ1-6
CASSGSFGTNYGYTF	TRBV11-2	TRBJ1-2
CASRYRDRMNTEAFF	TRBV5-8	TRBJ1-1
CASSFPGGQGYNEQFF	TRBV27	TRBJ2-1
CASSHWDRETSGNTIYF	TRBV6-6	TRBJ1-3
CASSFYFTEAPYNEQFF	TRBV7-8	TRBJ2-1
CASSLGPRRGGEANEQFF	TRBV7-9	TRBJ2-1
CASSSVLAGITDTQYF	TRBV12-4	TRBJ2-3
CSVERNTEAFF	TRBV29-1	TRBJ1-1
CASSIGGYSNQPQHF	TRBV19	TRBJ1-5
CASSLEGAENEQFF	TRBV11-3	TRBJ2-1
CASSLEVAGGGYGYTF	TRBV12-3	TRBJ1-2
CSATGTSGRVETQYF	TRBV20-1	TRBJ2-5
CASSPVAPGGSSYNEQFF	TRBV5-1	TRBJ2-1
CASSLTGTPSTDTQYF	TRBV5-4	TRBJ2-3
CSARVSGGGYNEQFF	TRBV20-1	TRBJ2-1
CSAREPGTIFYNEQFF	TRBV20-1	TRBJ2-1
CASSWSGTSYGYTF	TRBV7-9	TRBJ1-2
CASSLGYSGGRTEAFF	TRBV27	TRBJ1-1
CASSPRLGLLSTDTQYF	TRBV7-2	TRBJ2-3
CASSQGPGLGDTEAFF	TRBV4-1	TRBJ1-1
CASSVDPGANTEAFF	TRBV9	TRBJ1-1
CASSLWDRSSGANVLTF	TRBV7-8	TRBJ2-6
CASSDGRDGDTEAFF	TRBV6-4	TRBJ1-1
CSARDPGSMVMNTEAFF	TRBV20-1	TRBJ1-1
CASRTLLAGGPSEQFF	TRBV12-4	TRBJ2-1
CASSQGSAGGNEQFF	TRBV4-1	TRBJ2-1
CASSLMDSNQPQHF	TRBV7-9	TRBJ1-5
CASSQEAGLGNHPQHF	TRBV4-2	TRBJ1-5
CASSYTGPGELFF	TRBV12-3	TRBJ2-2
CAISHLGESGNTIYF	TRBV10-3	TRBJ1-3
CASTAGVETGELFF	TRBV4-3	TRBJ2-2
CASNGRVQYEQYF	TRBV28	TRBJ2-7
CASSLLGTGVVHEQYF	TRBV13	TRBJ2-7
CASSLHNADTQYF	TRBV7-2	TRBJ2-3
CATRIGGGAADTQYF	TRBV24-1	TRBJ2-3
CASALGASGITQYF	TRBV27	TRBJ2-3
CASSPPSPKETQYF	TRBV3-1	TRBJ2-5
CSAPGEGYGNTIYF	TRBV20-1	TRBJ1-3
CASSPRGGRTGELFF	TRBV19	TRBJ2-2
CASSSREVTGELFF	TRBV5-1	TRBJ2-2
CSATRTNYNEQFF	TRBV20-1	TRBJ2-1
CASSWGMTGELFF	TRBV7-9	TRBJ2-2
CASSREGSGGYTF	TRBV4-2	TRBJ1-2
CASSQQETQYF	TRBV4-1	TRBJ2-5
CASSALDSGDLTDTQYF	TRBV2	TRBJ2-3
CASSFSGTVAEQYF	TRBV11-2	TRBJ2-7
CASSFGVPHGWEDQPQHF	TRBV7-9	TRBJ1-5
CASSQDEGVNTEAFF	TRBV3-1	TRBJ1-1
CSVEGGNSGNTIYF	TRBV29-1	TRBJ1-3
CASSGQEQETQYF	TRBV6-3	TRBJ2-5
CASSLLGRQADYGYTF	TRBV7-9	TRBJ1-2
CASSDSTGGYNEQFF	TRBV6-4	TRBJ2-1
CASSLISGREETQYF	TRBV7-2	TRBJ2-5
CASRGTTGTNTEAFF	TRBV2	TRBJ1-1
CASSQGGQGATEAFF	TRBV4-3	TRBJ1-1
CASSWTSGSSSYNEQFF	TRBV11-1	TRBJ2-1
CASREQGTHSNQPQHF	TRBV19	TRBJ1-5
CSAGTVLYEQYF	TRBV20-1	TRBJ2-7
CASSWGGPDTEAFF	TRBV27	TRBJ1-1
CATSGGTGINTEAFF	TRBV15	TRBJ1-1
CASSVVGGGTDTQYF	TRBV9	TRBJ2-3
CASSLGLNHEQYF	TRBV28	TRBJ2-7
CASSSGVYEQYF	TRBV19	TRBJ2-7
CASSLHPYTEAFF	TRBV7-2	TRBJ1-1
CASSQETGPAPQHF	TRBV4-1	TRBJ1-5
CAWSVLHSYEQYF	TRBV30	TRBJ2-7
CASSLDSSGGAYNEQFF	TRBV7-7	TRBJ2-1
CSAPKDGDTQYF	TRBV20-1	TRBJ2-3
CASSFGLNQPQHF	TRBV28	TRBJ1-5
CASSQALPYEQYF	TRBV12-4	TRBJ2-7
CASEGAGGFRTGELFF	TRBV28	TRBJ2-2
CASSLTSAAEFF	TRBV5-4	TRBJ2-1
CAIKRESTDTQYF	TRBV10-3	TRBJ2-3
CASSLFLGGTEAFF	TRBV12-4	TRBJ1-1
CASPGGASSYNEQFF	TRBV30	TRBJ2-1
CASSLGQGGYEQYF	TRBV3-1	TRBJ2-7
CSANRRASGRNTGELFF	TRBV20-1	TRBJ2-2
CASSNPGQGGPSYEQYF	TRBV7-9	TRBJ2-7
CASSPGRGVADTQYF	TRBV19	TRBJ2-3
CAWSPRDRFTDTQYF	TRBV30	TRBJ2-3
CATRTGGNQPQHF	TRBV15	TRBJ1-5
CASSPLVDTGELFF	TRBV5-8	TRBJ2-2
CSASDNPGLALFTDTQYF	TRBV20-1	TRBJ2-3
CASSLPRGGLFF	TRBV28	TRBJ1-4
CASSPREGSIFQPQHF	TRBV18	TRBJ1-5
CASSPTGQVYNQPQHF	TRBV12-4	TRBJ1-5
CATSNWGMGSKDTEAFF	TRBV15	TRBJ1-1
CASSPFAGGTDTQYF	TRBV5-1	TRBJ2-3
CASSQGTRAYEQYF	TRBV3-1	TRBJ2-7
CASRWDSSYNEQFF	TRBV6-3	TRBJ2-1
CASSPTGLVSYNEQFF	TRBV19	TRBJ2-1
CASSQVPQGLSGNTIYF	TRBV3-1	TRBJ1-3
CASSEDLRTEAFF	TRBV6-5	TRBJ1-1
CASSTYDGNTEAFF	TRBV19	TRBJ1-1
CASSYRRVQDEQYF	TRBV6-5	TRBJ2-7
CASSLGWDTYYEQYF	TRBV5-4	TRBJ2-7
CASSLGTLPYEQYF	TRBV5-5	TRBJ2-7
CASSETGGWGYTF	TRBV7-9	TRBJ1-2
CASSRSSGRAETQYF	TRBV6-5	TRBJ2-5
CASSMSSWSADTQYF	TRBV19	TRBJ2-3
CSVPPASGGAGDTQYF	TRBV29-1	TRBJ2-3
CATSPGIHQPQHF	TRBV24-1	TRBJ1-5
CASSTTFTLADTQYF	TRBV19	TRBJ2-3
CASSYWGTNYGYTF	TRBV6-3	TRBJ1-2
CASSEDGMNTEAFF	TRBV10-2	TRBJ1-1
CASSIGTSVHEQYF	TRBV19	TRBJ2-7
CASSVAARYTF	TRBV9	TRBJ1-2
CASGTHFSPYNEQFF	TRBV4-1	TRBJ2-1
CASSLRGESLVNEQFF	TRBV7-9	TRBJ2-1
CASSLGDGNYEQYF	TRBV11-2	TRBJ2-7
CASSLVTGPGTDTQYF	TRBV28	TRBJ2-3
CASSEYTGSNQPQHF	TRBV25-1	TRBJ1-5
CSAAGQGIHSPLHF	TRBV20-1	TRBJ1-6
CASSYGPGLAGRSSYNEQFF	TRBV6-3	TRBJ2-1
CASSSRGFYGYTF	TRBV11-3	TRBJ1-2
CASSQGTILTDTQYF	TRBV7-2	TRBJ2-3
CASSVVNRWGLVNTEAFF	TRBV9	TRBJ1-1
CASSSMLTEKLFF	TRBV11-2	TRBJ1-4
CASSGRRQGGNGYTF	TRBV9	TRBJ1-2
CASSLPTQSYGYTF	TRBV5-6	TRBJ1-2
CASRLSGGAADTQYF	TRBV4-1	TRBJ2-3
CASSQALGGGYTQYF	TRBV4-1	TRBJ2-3
CASSLAESETQYF	TRBV7-2	TRBJ2-5
CASSITGTSNYGYTF	TRBV19	TRBJ1-2
CASSLTRGMAGELFF	TRBV5-4	TRBJ2-2
CASSPSGNEQFF	TRBV12-3	TRBJ2-1
CASSYSGEQYF	TRBV6-6	TRBJ2-7
CASSPPTLEDSGANVLTF	TRBV12-4	TRBJ2-6
CASSFARVPGDEQFF	TRBV7-8	TRBJ2-1
CASSTGVMTGALGNQPQHF	TRBV6-2	TRBJ1-5
CASSLEPASDTDTQYF	TRBV7-9	TRBJ2-3
CASSEDSSGEQYF	TRBV5-8	TRBJ2-7
CASSQERGGKWAYEQYF	TRBV4-3	TRBJ2-7
CASSPARNTEAFF	TRBV4-3	TRBJ1-1
CASSQVIEGRAYEQYF	TRBV3-1	TRBJ2-7
CASSLEPTDRDSYGYTF	TRBV11-2	TRBJ1-2
CASSGYSNQPQHF	TRBV19	TRBJ1-5
CASSSASYGYTF	TRBV19	TRBJ1-2
CASSPPHRGTEAFF	TRBV18	TRBJ1-1
CASSLSLPAGGRETQYF	TRBV27	TRBJ2-5
CATSPSGGTYNEQFF	TRBV15	TRBJ2-1
CASGKNRGPHMNTEAFF	TRBV19	TRBJ1-1
CASSQVQGPNTEAFF	TRBV4-1	TRBJ1-1
CASSRSGFGGRGYNEQFF	TRBV11-3	TRBJ2-1
CASSSSPGGVLTF	TRBV5-6	TRBJ2-6
CASSMSRAGNTIYF	TRBV19	TRBJ1-3
CASSLLGHNTGELFF	TRBV5-6	TRBJ2-2
CASSGRDNYNEQFF	TRBV7-9	TRBJ2-1
CASTAYQETQYF	TRBV7-9	TRBJ2-5
CASSLVGRLHEQYF	TRBV27	TRBJ2-7
CASSHQLAGSTDTQYF	TRBV4-3	TRBJ2-3
CATYGGLYEQYF	TRBV7-8	TRBJ2-7
CASSLRGGGSYTF	TRBV28	TRBJ1-2
CSARKWTEAFF	TRBV20-1	TRBJ1-1
CASSLGQGRNEQFF	TRBV11-1	TRBJ2-1
CASSYSRQTPQPQHF	TRBV6-3	TRBJ1-5
CASSVSPLRTEVYEQYF	TRBV9	TRBJ2-7
CSNQPQHF	TRBV20-1	TRBJ1-5
CASSVAGGEAEAFF	TRBV9	TRBJ1-1
CASQDRGNEKLFF	TRBV28	TRBJ1-4
CASTETWDRGETQYF	TRBV6-1	TRBJ2-5
CSADWSTGGANYGYTF	TRBV29-1	TRBJ1-2
CASSRLLGQRQETQYF	TRBV28	TRBJ2-5
CASRPGVGNQPQHF	TRBV5-5	TRBJ1-5
CASRKAGTRIYNEQFF	TRBV3-1	TRBJ2-1
CASNSGGVSEQFF	TRBV7-2	TRBJ2-1
CASSPQLAGGREQYF	TRBV7-9	TRBJ2-7
CASSVGGSGYEQYF	TRBV9	TRBJ2-7
CASLDRNYNEQFF	TRBV19	TRBJ2-1
CASSYGGLDGYTF	TRBV6-5	TRBJ1-2
CASSHPGQGIETQYF	TRBV14	TRBJ2-5
CASSRQGAMNTEAFF	TRBV7-9	TRBJ1-1
CASSQVLAGEGTDTQYF	TRBV4-3	TRBJ2-3
CASSPLDRGEAFF	TRBV5-5	TRBJ1-1
CASSRTSGGGAQYF	TRBV5-6	TRBJ2-3
CASSILGTANYGYTF	TRBV19	TRBJ1-2
CASSVGMAGGTDTQYF	TRBV5-4	TRBJ2-3
CASSQDSYGGLGNTIYF	TRBV4-2	TRBJ1-3
CASSYSVPSGRGEQFF	TRBV6-5	TRBJ2-1
CASGFRSTDTQYF	TRBV12-3	TRBJ2-3
CASSLSSNQPQHF	TRBV28	TRBJ1-5
CSARDHCGVSVGETQYF	TRBV20-1	TRBJ2-5
CASSIDWHPWRAKGNYEQYF	TRBV19	TRBJ2-7
CATQDGRGYTF	TRBV19	TRBJ1-2
CASSFVRGYTF	TRBV13	TRBJ1-2
CASSYLGGAETQYF	TRBV6-2	TRBJ2-5
CASSPEGGGTYNEQFF	TRBV11-3	TRBJ2-1
CASSLDSYNSPLHF	TRBV7-9	TRBJ1-6
CASSSWSVNTEAFF	TRBV5-1	TRBJ1-1
CASSRQTGSIYGYTF	TRBV6-5	TRBJ1-2
CATSTGRGQLYGYTF	TRBV15	TRBJ1-2
CASSQSPLGDYNEQFF	TRBV4-1	TRBJ2-1
CASGYSNQPQHF	TRBV19	TRBJ1-5
CASGSQGRGDTEAFF	TRBV12-5	TRBJ1-1
CSVGEPGQSSYEQYF	TRBV29-1	TRBJ2-7
CASSSTTATNEKLFF	TRBV9	TRBJ1-4
CATRAGGPYEQFF	TRBV24-1	TRBJ2-1
CSASPRETQYF	TRBV20-1	TRBJ2-5
CASSHSGGAGTGELFF	TRBV9	TRBJ2-2
CASSQVTGSKETQYF	TRBV4-3	TRBJ2-5
CASRPGGDIYEQYF	TRBV14	TRBJ2-7
CASSYSLAGAEETQYF	TRBV6-3	TRBJ2-5
CAISVSGTRVYNEQFF	TRBV10-3	TRBJ2-1
CASSFRGGGMDEQYF	TRBV11-2	TRBJ2-7
CASSQTQFWETQYF	TRBV7-2	TRBJ2-5
CASSYSFMIKQNTIYF	TRBV6-5	TRBJ1-3
CASSDDLETQYF	TRBV5-1	TRBJ2-5
CASSLQVLGGETQYF	TRBV4-1	TRBJ2-5
CASSLDRGSYSNQPQHF	TRBV7-6	TRBJ1-5
CASSLGSSSYNEQFF	TRBV19	TRBJ2-1
CAWSEGTGGLAEAFF	TRBV30	TRBJ1-1
CATSRPTVGSRLRDGYTF	TRBV15	TRBJ1-2
CASSIDSNEKLFF	TRBV11-2	TRBJ1-4
CASSDRPLQFF	TRBV6-4	TRBJ2-1
CSVEGGTDYENTEAFF	TRBV29-1	TRBJ1-1
CATSRGPTSGTGSAKNIQYF	TRBV15	TRBJ2-4
CASSLVAGGPQETQYF	TRBV7-6	TRBJ2-5
CASGLGSGVYEQYF	TRBV12-5	TRBJ2-7
CASRIPGTGRDQPQHF	TRBV2	TRBJ1-5
CASSGGLNTEAFF	TRBV10-1	TRBJ1-1
CASSLAGRGGRNTEAFF	TRBV12-4	TRBJ1-1
CASSPDSYNEQFF	TRBV18	TRBJ2-1
CATSRVPSGSYEQYF	TRBV15	TRBJ2-7
CASSYHEMTGTVEQFF	TRBV6-3	TRBJ2-1
CASSLNEQFF	TRBV12-4	TRBJ2-1
CASGLSAPGNTIYF	TRBV12-5	TRBJ1-3
CASRRQGNEKLFF	TRBV2	TRBJ1-4
CASSEGQGNYGYTF	TRBV9	TRBJ1-2
CASSIGDTRYNEQFF	TRBV19	TRBJ2-1
CASSEGLAGVYTDTQYF	TRBV6-6	TRBJ2-3
CASSPTVLEGYYGYTF	TRBV4-3	TRBJ1-2
CASTQGQGNQPQHF	TRBV5-6	TRBJ1-5
CASSLAPGGSGQETQYF	TRBV7-6	TRBJ2-5
CSASSGAPVVGTDTQYF	TRBV20-1	TRBJ2-3
CASSLEDSTDTQYF	TRBV7-9	TRBJ2-3
CASSARGGASDTQYF	TRBV19	TRBJ2-3
CASSWNEQFF	TRBV12-4	TRBJ2-1
CATSSSWDLNQPQHF	TRBV15	TRBJ1-5
CASSTQQPLYNEQFF	TRBV12-4	TRBJ2-1
CASSLDSGFGELFF	TRBV11-3	TRBJ2-2
CSAGTKRDRAQPQHF	TRBV20-1	TRBJ1-5
CASSQPGGGVNGELFF	TRBV5-6	TRBJ2-2
CASGDLNEQFF	TRBV2	TRBJ2-1
CASKGAPGDTQYF	TRBV10-1	TRBJ2-3
CASGLDNVMTGYEQYF	TRBV12-5	TRBJ2-7
CASSFGGGTDTQYF	TRBV7-9	TRBJ2-3
CASSQLVQGADYGYTF	TRBV4-1	TRBJ1-2
CASSSARATEAFF	TRBV27	TRBJ1-1
CATSSTGSEDTQYF	TRBV15	TRBJ2-3
CASSTYTDTQYF	TRBV9	TRBJ2-3
CASSLVGRPSVYQETQYF	TRBV5-4	TRBJ2-5
CASRVGGAGNSPLHF	TRBV27	TRBJ1-6
CASSLTDTQYF	TRBV7-2	TRBJ2-3
CASSLEVAGGLTDTQYF	TRBV7-6	TRBJ2-3
CASSYPRTGQGAQGETQYF	TRBV5-1	TRBJ2-5
CASSFTYRDTQYF	TRBV28	TRBJ2-3
CASSPTRVKPQHF	TRBV18	TRBJ1-5
CASRDSGEQYF	TRBV6-6	TRBJ2-7
CASSDPGLVPQHF	TRBV6-1	TRBJ1-5
CASTERGQGDSPLHF	TRBV28	TRBJ1-6
CASSSREGSGRERNTEAFF	TRBV5-4	TRBJ1-1
CASSRGGDNEQFF	TRBV25-1	TRBJ2-1
CSVETSGNREQFF	TRBV29-1	TRBJ2-1
CASSEGQGWTEAFF	TRBV6-1	TRBJ1-1
CASSSEIGGAGDLETQYF	TRBV19	TRBJ2-5
CASSLLGSGVETQYF	TRBV27	TRBJ2-5
CASSDILAGVGEQYF	TRBV7-9	TRBJ2-7
CAISEYGTGAFEQFF	TRBV10-3	TRBJ2-1
CASSLSTGTFNNEQFF	TRBV4-1	TRBJ2-1
CSARAIQREGFSYEQYF	TRBV20-1	TRBJ2-7
CASSSWTSGRTSSANEQFF	TRBV12-3	TRBJ2-1
CSARVRGYRTDTQYF	TRBV20-1	TRBJ2-3
CASSYSSSTGELFF	TRBV6-2	TRBJ2-2
CASSSSLEAFF	TRBV7-9	TRBJ1-1
CASSTGSAPNEKLFF	TRBV28	TRBJ1-4
CSVGQALQETQYF	TRBV29-1	TRBJ2-5
CASTGGDRTYYEQYF	TRBV7-9	TRBJ2-7
CASSLASIGEKLFF	TRBV12-4	TRBJ1-4
CASSEGTSWVETQYF	TRBV11-2	TRBJ2-5
CASSTNWDSGNTIYF	TRBV9	TRBJ1-3
CASSYHMRNYEQYF	TRBV6-3	TRBJ2-7
CASSPSTGGYEQFF	TRBV27	TRBJ2-1
CASSLSSSGGPYNEQFF	TRBV27	TRBJ2-1
CASSPNGGAPSYEQYF	TRBV6-1	TRBJ2-7
CASSDWENIQYF	TRBV9	TRBJ2-4
CASSPGLETISGANVLTF	TRBV6-5	TRBJ2-6
CSVEQTNTEAFF	TRBV29-1	TRBJ1-1
CASSEFMGNTEAFF	TRBV6-4	TRBJ1-1
CASSDSTSSGANVLTF	TRBV6-4	TRBJ2-6
CASSFYFTGAPYNDQFF	TRBV7-8	TRBJ2-1
CASSWDRGLSGANVLTF	TRBV12-4	TRBJ2-6
CASSLLGDTEAFF	TRBV7-2	TRBJ1-1
CASSLVVTGLEQFF	TRBV5-5	TRBJ2-1
CASSLSRWRQAKNIQYF	TRBV7-9	TRBJ2-4
CASSFGTANTEAFF	TRBV6-5	TRBJ1-1
CASSHGTVETEAFF	TRBV4-1	TRBJ1-1
CASSLVHRGHANTEAFF	TRBV5-1	TRBJ1-1
CAIPHARPMNTEAFF	TRBV10-3	TRBJ1-1
CASSLLADGNYGYTF	TRBV7-9	TRBJ1-2
CASSFLNHEQFF	TRBV7-6	TRBJ2-1
CASSQVDSFTDTQYF	TRBV27	TRBJ2-3
CATSRITSSTQYF	TRBV15	TRBJ2-3
CASTSGNEQFF	TRBV14	TRBJ2-1
CASSLGSAGAIPYEQYF	TRBV5-4	TRBJ2-7
CASSLEGLAGAGIQYF	TRBV7-8	TRBJ2-4
CASSRPGFATEAFF	TRBV27	TRBJ1-1
CASSSEQTFYGYTF	TRBV11-1	TRBJ1-2
CASSLVAGSYNEQFF	TRBV28	TRBJ2-1
CASSLGPDNEQFF	TRBV7-2	TRBJ2-1
CSVEDGDERGRYIQYF	TRBV29-1	TRBJ2-4
CAWSRGGWGHNEQFF	TRBV30	TRBJ2-1
CASSSEGGYNEQFF	TRBV6-6	TRBJ2-1
CASSGASYEQYF	TRBV7-9	TRBJ2-7
CASSEESGAAETQYF	TRBV6-1	TRBJ2-5
CATKEEVTYEQYF	TRBV11-2	TRBJ2-7
CASSLYRVRISGAYNEQFF	TRBV13	TRBJ2-1
CASTPSGASYNEQFF	TRBV4-3	TRBJ2-1
CASSIVNEQFF	TRBV12-3	TRBJ2-1
CASSSRGLPYEQYF	TRBV28	TRBJ2-7
CSVLSGDREINTEAFF	TRBV20-1	TRBJ1-1
CASSSSSGRTTDTQYF	TRBV7-3	TRBJ2-3
CATSRDAPPRVSTDTQYF	TRBV15	TRBJ2-3
CASSLGGAGRLLPYNEQFF	TRBV7-2	TRBJ2-1
CSASFSPGQGMGTPYNEQFF	TRBV20-1	TRBJ2-1
CASSTGFNIQYF	TRBV19	TRBJ2-4
CATSSGNYGYTF	TRBV15	TRBJ1-2
CASSDIKRDYNEQFF	TRBV9	TRBJ2-1
CASSGGTDPSWDGYTF	TRBV3-1	TRBJ1-2
CASSYSEGTKAFF	TRBV6-5	TRBJ1-1
CASSLVRGVSSYEQYF	TRBV7-6	TRBJ2-7
CASSTRTSGMGDTQYF	TRBV7-9	TRBJ2-3
CASSYSPPIPGQGIDEQYF	TRBV6-5	TRBJ2-7
CASRLDWHDNEQFF	TRBV12-3	TRBJ2-1
CASSLRALNTEAFF	TRBV5-1	TRBJ1-1
CSASDPDNEQFF	TRBV20-1	TRBJ2-1
CASSPELVRSEQYF	TRBV7-9	TRBJ2-7
CASSPTTGGRNEKLFF	TRBV19	TRBJ1-4
CASSPQSDQNQGTQYF	TRBV5-1	TRBJ2-5
CASSPLLYEQFF	TRBV12-3	TRBJ2-1
CASSDPLRKGADEQYF	TRBV25-1	TRBJ2-7
CASSTRNYNEQFF	TRBV9	TRBJ2-1
CASSLFGGNTEAFF	TRBV7-8	TRBJ1-1
CSVYPGQNNEQFF	TRBV29-1	TRBJ2-1
CASSQGGGGYLNTEAFF	TRBV3-1	TRBJ1-1
CASSRPRIGANVLTF	TRBV12-4	TRBJ2-6
CASTGGAYNQPQHF	TRBV19	TRBJ1-5
CASSSAGTGGQETQYF	TRBV7-9	TRBJ2-5
CASSQVQGTDTQYF	TRBV4-1	TRBJ2-3
CASSPDDTTDTQYF	TRBV27	TRBJ2-3
CASSPASRTGARGYTF	TRBV7-8	TRBJ1-2
CASSPVPEENTEAFF	TRBV7-9	TRBJ1-1
CASSLGGGAGNEQFF	TRBV5-6	TRBJ2-1
CASSLGPSTYNEQFF	TRBV11-2	TRBJ2-1
CASRTAGAPYNEQFF	TRBV3-1	TRBJ2-1
CASSISVGETQYF	TRBV19	TRBJ2-5
CAISEPTRQNVPNTGELFF	TRBV10-3	TRBJ2-2
CATRLNTEAFF	TRBV27	TRBJ1-1
CASSQESPREAADTQYF	TRBV4-3	TRBJ2-3
CASSVEAEGFGAPISPPEAFF	TRBV9	TRBJ1-1
CASSLGQGGAPLHF	TRBV7-9	TRBJ1-6
CASSVGGVSTDTQYF	TRBV9	TRBJ2-3
CASSRWEMNTEAFF	TRBV19	TRBJ1-1
CASSIAYEGLRTEAFF	TRBV19	TRBJ1-1
CASSPSPGTGTYEQYF	TRBV27	TRBJ2-7
CASSSAAGMSTDTQYF	TRBV13	TRBJ2-3
CASSLLLPGTSFFHQPQHF	TRBV7-2	TRBJ1-5
CASSLRGAGVFETQYF	TRBV7-8	TRBJ2-5
CASKVAEHTEAFF	TRBV13	TRBJ1-1
CASSVDRTSGNTIYF	TRBV9	TRBJ1-3
CASSLVAWPGTDTQYF	TRBV28	TRBJ2-3
CASSKRGGQTDTQYF	TRBV7-9	TRBJ2-3
CASSVKGTMNTEAFF	TRBV9	TRBJ1-1
CSADPQAQFF	TRBV29-1	TRBJ2-1
CASSELRGRGYGYTF	TRBV6-1	TRBJ1-2
CASSQRDEENIQYF	TRBV4-1	TRBJ2-4
CAISADSPAAQYF	TRBV10-3	TRBJ2-3
CSVGLAGVNEQFF	TRBV29-1	TRBJ2-1
CASSLGERQETQYF	TRBV5-6	TRBJ2-5
CASSLASGRSTEAFF	TRBV7-9	TRBJ1-1
CATSSRLNNEQFF	TRBV15	TRBJ2-1
CASRYIAGGRNEQFF	TRBV12-3	TRBJ2-1
CASSLAGNNQPQHF	TRBV13	TRBJ1-5
CATRKTGNEQFF	TRBV15	TRBJ2-1
CASSLVGSTEAFF	TRBV5-6	TRBJ1-1
CASSSTGGGGAEAFF	TRBV7-2	TRBJ1-1
CASSYSAEQANTGELFF	TRBV6-5	TRBJ2-2
CASSLKGEGIYEQYF	TRBV4-1	TRBJ2-7
CASCPLGSGGTEAFF	TRBV27	TRBJ1-1
CASSSGTANTEAFF	TRBV19	TRBJ1-1
CASSWDRRAPSYNEQFF	TRBV5-6	TRBJ2-1
CASQSLARNTGELFF	TRBV7-9	TRBJ2-2
CASSQYSGGAPGELFF	TRBV12-3	TRBJ2-2
CASSLGEQFF	TRBV7-2	TRBJ2-1
CASSLFPSYNEQFF	TRBV27	TRBJ2-1
CASSDSRRGTGTYEQYF	TRBV25-1	TRBJ2-7
CASSLAFRRGGETQYF	TRBV7-2	TRBJ2-5
CAISELRGRKEKLFF	TRBV10-3	TRBJ1-4
CASSSPPRIYSNQPQHF	TRBV28	TRBJ1-5
CSVNEGSDEQYF	TRBV29-1	TRBJ2-7
CASSPSPPATDTQYF	TRBV6-5	TRBJ2-3
CAISETSGGGSNEQFF	TRBV10-3	TRBJ2-1
CASWDRGGRYEQYF	TRBV5-1	TRBJ2-7
CASSWGGDTQYF	TRBV12-3	TRBJ2-3
CASSMAWDRTDTQYF	TRBV5-1	TRBJ2-3
CASSYGKIYGYTF	TRBV6-5	TRBJ1-2
CASSLPGLAYNEQFF	TRBV5-4	TRBJ2-1
CASSLGQGDTEAFF	TRBV7-9	TRBJ1-1
CASFRGFTEAFF	TRBV27	TRBJ1-1
CASSLGTEYGYTF	TRBV12-3	TRBJ1-2
CASSPVPTVFNYGYTF	TRBV7-9	TRBJ1-2
CASSTLTGANGYTF	TRBV19	TRBJ1-2
CASSLVGAGENQPQHF	TRBV7-9	TRBJ1-5
CASSLGQGTANQPQHF	TRBV12-4	TRBJ1-5
CASSLTGQYTEAFF	TRBV12-4	TRBJ1-1
CASRNGTVNTEAFF	TRBV25-1	TRBJ1-1
CASSPGDIQYF	TRBV4-1	TRBJ2-4
CASSSGLVGSNGYTF	TRBV11-2	TRBJ1-2
CASMNDGATYEQYF	TRBV5-1	TRBJ2-7
CASSYSGTDYNEQFF	TRBV6-6	TRBJ2-1
CASSDPDRIKNIQYF	TRBV6-1	TRBJ2-4
CASSLVGWANQPPGELFF	TRBV7-9	TRBJ2-2
CSVYRAERGSYGYTF	TRBV29-1	TRBJ1-2
CATSGLWDRGLGNQPQHF	TRBV15	TRBJ1-5
CASSTSGTSTDTQYF	TRBV6-5	TRBJ2-3
CASSQLGRGDNEQFF	TRBV7-9	TRBJ2-1
CSAREQDTQLYEQYF	TRBV20-1	TRBJ2-7
CASSLARGGLGEQYF	TRBV5-4	TRBJ2-7
CSAGLGGTEAFF	TRBV20-1	TRBJ1-1
CASSQLGLAGDEQFF	TRBV14	TRBJ2-1
CASRPSMWGNSPLHF	TRBV7-2	TRBJ1-6
CASSQVTYSYGYTF	TRBV4-3	TRBJ1-2
CASSQEGAVSGELFF	TRBV4-1	TRBJ2-2
CASSSGSYYGYTF	TRBV13	TRBJ1-2
CASSLSAYNEQFF	TRBV27	TRBJ2-1
CASSLVLTGADTQYF	TRBV5-4	TRBJ2-3
CASNPSGGVPDTQYF	TRBV27	TRBJ2-3
CASSEGAGGLDTQYF	TRBV6-1	TRBJ2-3
CASSLGSTPYEQYF	TRBV27	TRBJ2-7
CASSVYGANNEQFF	TRBV9	TRBJ2-1
CASSVAVGTGSGANVLTF	TRBV9	TRBJ2-6
CASSQVPARKLFF	TRBV14	TRBJ1-4
CASSLSGNSPLHF	TRBV7-6	TRBJ1-6
CASSPVSGYNEQFF	TRBV18	TRBJ2-1
CSVDHLSRGVAEAFF	TRBV29-1	TRBJ1-1
CASSYARGRGTEAFF	TRBV6-3	TRBJ1-1
CASSLPTGTGDTDTQYF	TRBV28	TRBJ2-3
CSVVGTSGGANEQFF	TRBV29-1	TRBJ2-1
CASSSRSREVEQFF	TRBV7-9	TRBJ2-1
CASNLRTGGTDTQYF	TRBV5-1	TRBJ2-3
CSAREAGVWFNEQFF	TRBV20-1	TRBJ2-1
CSATIEGEYYGYTF	TRBV20-1	TRBJ1-2
CASSYLAGDGYTF	TRBV6-6	TRBJ1-2
CASSPYSSGTEAFF	TRBV11-2	TRBJ1-1
CATSRVGADIQYF	TRBV15	TRBJ2-4
CATSRDLGINQPQHF	TRBV15	TRBJ1-5
CASSQDLSVKLARESTDTQYF	TRBV4-1	TRBJ2-3
CASSPLATGAYGYTF	TRBV28	TRBJ1-2
CASSYMTGDQPQHF	TRBV27	TRBJ1-5
CASSLLGAGELFF	TRBV27	TRBJ2-2
CASSLLTGRGEAAQYF	TRBV5-1	TRBJ2-3
CASSLGRNTEAFF	TRBV27	TRBJ1-1
CASSLPLSRTTDTQYF	TRBV11-2	TRBJ2-3
CASSQGVAGGWGTQYF	TRBV3-1	TRBJ2-5
CASSSHTRGMNTEAFF	TRBV7-8	TRBJ1-1
CASITLLADQETQYF	TRBV6-1	TRBJ2-5
CASSQGSQGAQETQYF	TRBV4-1	TRBJ2-5
CASSMTVSYTDTQYF	TRBV4-2	TRBJ2-3
CSAGLQYGYTF	TRBV29-1	TRBJ1-2
CATSRVESGTGELFF	TRBV15	TRBJ2-2
CASSPGLAGGDEQFF	TRBV7-9	TRBJ2-1
CASSFGQGGEQYF	TRBV12-4	TRBJ2-7
CASSLASPGHFTGELFF	TRBV7-6	TRBJ2-2
CATSSNRDRGDNEQFF	TRBV15	TRBJ2-1
CASSAGTGYGANVLTF	TRBV12-4	TRBJ2-6
CASSYFGTLYF	TRBV6-3	TRBJ1-3
CASSPWDREPQHF	TRBV7-2	TRBJ1-5
CASSLESSTEQFF	TRBV11-3	TRBJ2-1
CASSFWRYEQYF	TRBV7-7	TRBJ2-7
CASSVDRGNQPQHF	TRBV7-9	TRBJ1-5
CASSPQDSPTDTQYF	TRBV18	TRBJ2-3
CASSLGSGSPSANIQYF	TRBV7-8	TRBJ2-4
CSAVGPPLHF	TRBV20-1	TRBJ1-6
CASSLPGGKVSGANVLTF	TRBV12-3	TRBJ2-6
CASSLGLGTGHPNEKLFF	TRBV7-9	TRBJ1-4
CASSESNSVYEQYF	TRBV10-2	TRBJ2-7
CASSQLGGQHEQYF	TRBV3-1	TRBJ2-7
CASSPGGGGKGDTEAFF	TRBV11-2	TRBJ1-1
CATSDSFIRTDRKWDGYTF	TRBV24-1	TRBJ1-2
CAISERGGVNEQYF	TRBV10-3	TRBJ2-7
CAWQTGVSTGELFF	TRBV30	TRBJ2-2
CASGPLAGMDNEQFF	TRBV7-2	TRBJ2-1
CASSSPGTGISYEQYF	TRBV13	TRBJ2-7
CASSSTQGKVYEQYF	TRBV27	TRBJ2-7
CASVRDNSYEQYF	TRBV5-1	TRBJ2-7
CASSFLAGEGYEQYF	TRBV7-2	TRBJ2-7
CASSQTPGQGWLFF	TRBV4-1	TRBJ1-4
CASSQEGGGWGTEAFF	TRBV4-1	TRBJ1-1
CASSLGQLGEQFF	TRBV7-6	TRBJ2-1
CAATGTVSYEQYF	TRBV12-4	TRBJ2-7
CASSELREGQYEQFF	TRBV6-1	TRBJ2-1
CASSHLGTGFWGELFF	TRBV7-2	TRBJ2-2
CASSPEGSYNEQFF	TRBV18	TRBJ2-1
CASSGRGGGSSYEQYF	TRBV7-8	TRBJ2-7
CASMGLPGYEQFF	TRBV27	TRBJ2-1
CSALSDRDYEQYF	TRBV20-1	TRBJ2-7
CASSLDPQGGTEAFF	TRBV12-4	TRBJ1-1
CASSLGGGPQETQYF	TRBV7-2	TRBJ2-5
CASSQTQYF	TRBV7-2	TRBJ2-5
CASSRDRSSYNEQFF	TRBV7-8	TRBJ2-1
CASSPTGGENYGYTF	TRBV7-9	TRBJ1-2
CASSLSPNTGELFF	TRBV12-4	TRBJ2-2
CASSALLAGGPHYEQYF	TRBV7-9	TRBJ2-7
CASSLGQGRNTEAFF	TRBV7-6	TRBJ1-1
CASSLIGTGGISNQPQHF	TRBV27	TRBJ1-5
CASSLVWTRPASTDTQYF	TRBV7-6	TRBJ2-3
CASSLAQSYEQYF	TRBV5-4	TRBJ2-7
CASRSLGGVAEAFF	TRBV5-1	TRBJ1-1
CASMGQSYEQYF	TRBV19	TRBJ2-7
CASRPTAAGVTEQFF	TRBV28	TRBJ2-1
CASSSGTGALNTEAFF	TRBV19	TRBJ1-1
CASSSDPSGGGYNEQFF	TRBV27	TRBJ2-1
CASSQDTLAPTTDTQYF	TRBV3-1	TRBJ2-3
CATSRDRARAVNSLIGELFF	TRBV15	TRBJ2-2
CASSSTSGYSEAFF	TRBV7-2	TRBJ1-1
CASSIRSSYEQYF	TRBV19	TRBJ2-7
CASSLKRGDEQFF	TRBV11-3	TRBJ2-1
CASSFNLAGGDNEQFF	TRBV7-3	TRBJ2-1
CASSEDRFQETQYF	TRBV13	TRBJ2-5
CSAPLTGNEQFF	TRBV29-1	TRBJ2-1
CASSLNGLEETQYF	TRBV12-4	TRBJ2-5
CASSSLQSGSYEQYF	TRBV11-1	TRBJ2-7
CASSTGKRRAGANVLTF	TRBV27	TRBJ2-6
CASISGTNEAFF	TRBV6-5	TRBJ1-1
CASSFPSVSYEQYF	TRBV7-9	TRBJ2-7
CASSLGDRRALFF	TRBV7-6	TRBJ1-4
CSATPDLWGYNSPLHF	TRBV20-1	TRBJ1-6
CASSTLRVGGRTEAFF	TRBV6-1	TRBJ1-1
CASSSGSRRPQHF	TRBV6-5	TRBJ1-5
CASSSGGYEQYF	TRBV4-1	TRBJ2-7
CASSKDGGTPTGYTF	TRBV19	TRBJ1-2
CASSQVAREDEKLFF	TRBV4-1	TRBJ1-4
CASSLSFGVRNTEAFF	TRBV7-9	TRBJ1-1
CASSFTAGSANTGELFF	TRBV5-1	TRBJ2-2
CASSPGLAVEQFF	TRBV7-3	TRBJ2-1
CASSPTGDFGVGNTEAFF	TRBV13	TRBJ1-1
CASSGGQDPYEQYF	TRBV9	TRBJ2-7
CASSSGPAFEAFF	TRBV12-3	TRBJ1-1
CASSGQGATEAFF	TRBV10-1	TRBJ1-1
CASSLDSAYEQYF	TRBV11-2	TRBJ2-7
CASSQGTMADTQYF	TRBV3-1	TRBJ2-3
CASRVSGGEEQYF	TRBV12-4	TRBJ2-7
CASSYWESSYGYTF	TRBV6-5	TRBJ1-2
CSSSLWDRSSGANVLTF	TRBV20-1	TRBJ2-6
CAISEWDIHSSGNTIYF	TRBV10-3	TRBJ1-3
CASTAQETQYF	TRBV28	TRBJ2-5
CASSDSGGSTDTQYF	TRBV9	TRBJ2-3
CASSREYTDTQYF	TRBV18	TRBJ2-3
CATSEVGTPNEQFF	TRBV24-1	TRBJ2-1
CASSDGGGADALVRDGYTF	TRBV7-9	TRBJ1-2
CASSDYLYEQYF	TRBV2	TRBJ2-7
CATSGTGTSGYNEQFF	TRBV15	TRBJ2-1
CASSLRTGAPHRYTF	TRBV9	TRBJ1-2
CASSLGTGSYEQYF	TRBV12-4	TRBJ2-7
CASSRDSHSYNEQFF	TRBV2	TRBJ2-1
CASSEWSGNTGELFF	TRBV10-2	TRBJ2-2
CSARVGIPNYGYTF	TRBV20-1	TRBJ1-2
CASSVGAPGGDEQFF	TRBV9	TRBJ2-1
CASSPSLLSREGHPDTQYF	TRBV9	TRBJ2-3
CASSPNLSTDTQYF	TRBV4-1	TRBJ2-3
CASSLRGDNQPQHF	TRBV5-6	TRBJ1-5
CATSREGGETQYF	TRBV15	TRBJ2-5
CASSLATGGTDSPLHF	TRBV5-4	TRBJ1-6
CASSHVENTEAFF	TRBV5-1	TRBJ1-1
CASSEVTGTAWGYTF	TRBV6-5	TRBJ1-2
CASSASDNLDNEQFF	TRBV5-6	TRBJ2-1
CAISDQGRTDTQYF	TRBV10-3	TRBJ2-3
CASGDGGAPNSYNEQFF	TRBV7-6	TRBJ2-1
CASRLVSMNTEAFF	TRBV19	TRBJ1-1
CASSQDAGQPQHF	TRBV14	TRBJ1-5
CASSFLTAENTEAFF	TRBV7-9	TRBJ1-1
CASSILFGQGGNQPQHF	TRBV19	TRBJ1-5
CASSLTGGGGYTF	TRBV5-6	TRBJ1-2
CASSLTPGQANTEAFF	TRBV7-9	TRBJ1-1
CASSHADRVFTGELFF	TRBV4-1	TRBJ2-2
CASSRGGGVVDTGELFF	TRBV2	TRBJ2-2
CASSPGGRSSYNEQFF	TRBV5-6	TRBJ2-1
CASSLAPGTTNEKLFF	TRBV7-6	TRBJ1-4
CASSFYGAGDLTDTQYF	TRBV7-8	TRBJ2-3
CASSGTGWEETQYF	TRBV7-6	TRBJ2-5
CASSAPTDRVDYGYTF	TRBV9	TRBJ1-2
CASRLRQGYGNTIYF	TRBV19	TRBJ1-3
CASSHEQGRNYGYTF	TRBV6-5	TRBJ1-2
CASRPLLAGGDEQFF	TRBV12-4	TRBJ2-1
CASSFKETQYF	TRBV13	TRBJ2-5
CASSLTSGRVDEQFF	TRBV7-6	TRBJ2-1
CASSPRGEGHVEAFF	TRBV5-4	TRBJ1-1
CAISVRSRSPLHF	TRBV10-3	TRBJ1-6
CASTEHSGGKYF	TRBV2	TRBJ2-7
CASSVVAREQFF	TRBV9	TRBJ2-1
CSAIAPSQGADSIQYF	TRBV20-1	TRBJ2-4
CASSASSGGVSDTQYF	TRBV9	TRBJ2-3
CSTRDRSYGYTF	TRBV29-1	TRBJ1-2
CASSGDRVGLELQPQHF	TRBV19	TRBJ1-5
CSVGTAQETQYF	TRBV29-1	TRBJ2-5
CASSHPGGQAVSSYNSPLHF	TRBV3-1	TRBJ1-6
CASSLGGRGVTDTQYF	TRBV5-5	TRBJ2-3
CASSLTGNEQFF	TRBV7-6	TRBJ2-1
CASINPMRAYQETQYF	TRBV11-2	TRBJ2-5
CASSDRDYLIHEQFF	TRBV2	TRBJ2-1
CASTVGDRAYQETQYF	TRBV28	TRBJ2-5
CATSRESGTGGPIQYF	TRBV15	TRBJ2-4
CSATSGAISSSYEQYF	TRBV20-1	TRBJ2-7
CASSPVSGDEKLFF	TRBV4-1	TRBJ1-4
CASSLGWTGQETQYF	TRBV7-6	TRBJ2-5
CAISDLAGVRPDTQYF	TRBV10-3	TRBJ2-3
CASRTASSYNEQFF	TRBV27	TRBJ2-1
CASSLELAGGEGETQYF	TRBV5-4	TRBJ2-5
CASSLGFYEQYF	TRBV7-8	TRBJ2-7
CASSLSLGNEQYF	TRBV27	TRBJ2-7
CASSAGGRGTEAFF	TRBV6-6	TRBJ1-1
CASFLGNTEAFF	TRBV2	TRBJ1-1
CASSASGRNSYEQYF	TRBV5-5	TRBJ2-7
CASSLLPPGQGRNQPQHF	TRBV27	TRBJ1-5
CASSPEGNTGELFF	TRBV7-6	TRBJ2-2
CASSPSEGGDTGELFF	TRBV3-1	TRBJ2-2
CASSPRAGATDTQYF	TRBV7-2	TRBJ2-3
CASSLGFTDTQYF	TRBV27	TRBJ2-3
CASSYGSNQPQHF	TRBV6-3	TRBJ1-5
CASSTTSGGSSTDTQYF	TRBV28	TRBJ2-3
CASSSLPGAAEAFF	TRBV6-2	TRBJ1-1
CASSLGLAGTYNEQFF	TRBV5-4	TRBJ2-1
CSASRRGVQMNTEAFF	TRBV20-1	TRBJ1-1
CAWSVGTGAYEQYF	TRBV30	TRBJ2-7
CASSRRPGQQNSYEQYF	TRBV12-4	TRBJ2-7
CASSLRSNTGELFF	TRBV11-3	TRBJ2-2
CASSAGTGVYGYTF	TRBV7-2	TRBJ1-2
CASSYGMFAEAFF	TRBV27	TRBJ1-1
CASSPGAGEAFF	TRBV4-1	TRBJ1-1
CASTRTGFFDSGNTIYF	TRBV5-6	TRBJ1-3
CASSLFGTDEQYF	TRBV7-9	TRBJ2-7
CSAVAVYNEQFF	TRBV20-1	TRBJ2-1
CASSYSGGRGPTDTQYF	TRBV6-5	TRBJ2-3
CATTEGGGGGADEQFF	TRBV24-1	TRBJ2-1
CATLQESSYNEQFF	TRBV10-3	TRBJ2-1
CASSSPSGLADYNEQFF	TRBV7-9	TRBJ2-1
CATSSPGGYTGELFF	TRBV15	TRBJ2-2
CASSPDSGAFWPHGYTF	TRBV7-9	TRBJ1-2
CASRLAGDEQFF	TRBV12-3	TRBJ2-1
CSASRGRESDTQYF	TRBV20-1	TRBJ2-3
CASSKGTEAFF	TRBV5-1	TRBJ1-1
CASSTTGFSYNEQFF	TRBV7-9	TRBJ2-1
CASRDRGLGQPQHF	TRBV12-4	TRBJ1-5
CASSLPAFGGAGELFF	TRBV7-9	TRBJ2-2
CASSELAGITGELFF	TRBV9	TRBJ2-2
CASSLLDGETQYF	TRBV12-4	TRBJ2-5
CASSWDRAYEQYF	TRBV5-1	TRBJ2-7
CASSPDRGPPLHF	TRBV5-1	TRBJ1-6
CASSLVGQSNEKLFF	TRBV7-8	TRBJ1-4
CASTGTGEYYGYTF	TRBV12-4	TRBJ1-2
CASSQEAGGSYNEQFF	TRBV4-2	TRBJ2-1
CASSHLDRGRTEAFF	TRBV3-1	TRBJ1-1
CASSYSAITGELFF	TRBV6-5	TRBJ2-2
CASSLASPETQYF	TRBV7-9	TRBJ2-5
CASSLGQGSNQPQHF	TRBV3-1	TRBJ1-5
CASSYSRGRIIIGTSGNQETQYF	TRBV6-8	TRBJ2-5
CASSSGTGANTGELFF	TRBV5-4	TRBJ2-2
CASSLHNRGGYNEQFF	TRBV27	TRBJ2-1
CASSLVSGTGIYEQYF	TRBV7-8	TRBJ2-7
CASSLGTDYGYTF	TRBV12-3	TRBJ1-2
CASSSLAVSYNEQFF	TRBV13	TRBJ2-1
CASSLDSPRTDTQYF	TRBV5-1	TRBJ2-3
CASSLLAGGGYNEQFF	TRBV12-4	TRBJ2-1
CASSLSGGNSYNEQFF	TRBV4-1	TRBJ2-1
CASSYVGGASRAFF	TRBV6-5	TRBJ1-1
CASTKLAQSSYEQYF	TRBV6-3	TRBJ2-7
CASSLNTDTQYF	TRBV7-9	TRBJ2-3
CATMEGHEQFF	TRBV24-1	TRBJ2-1
CASRRQGSYNEQFF	TRBV6-3	TRBJ2-1
CSAPTGGGLYNEQFF	TRBV20-1	TRBJ2-1
CASSLVTGGPGEQYF	TRBV5-1	TRBJ2-7
CASSPGGGNQPQHF	TRBV12-3	TRBJ1-5
CASSWGQGADEAFF	TRBV5-1	TRBJ1-1
CASSLAEKANTGELFF	TRBV4-1	TRBJ2-2
CASSVGADSSNQPQHF	TRBV9	TRBJ1-5
CASSSTSGRFQNIQYF	TRBV7-9	TRBJ2-4
CASSWDSQSSGNSIYF	TRBV5-1	TRBJ1-3
CASSGTSGGYNEQFF	TRBV7-2	TRBJ2-1
CASSPGWGTDHSPLHF	TRBV7-9	TRBJ1-6
CASSYSTAGVQETQYF	TRBV6-5	TRBJ2-5
CASSSSMGDMDEKLFF	TRBV5-1	TRBJ1-4
CASNGNTANTGELFF	TRBV9	TRBJ2-2
CASSKGQEGPNTEAFF	TRBV6-5	TRBJ1-1
CASSYQTSGSIEQFF	TRBV5-8	TRBJ2-1
CSAPARSEPYEQYF	TRBV20-1	TRBJ2-7
CASGLVPRQGGNGYTF	TRBV12-5	TRBJ1-2
CSATNYRDRAKNIQYF	TRBV20-1	TRBJ2-4
CASSYSGTGASPLHF	TRBV6-5	TRBJ1-6
CASSWGTVYEQYF	TRBV27	TRBJ2-7
CASSEGDSNYEQYF	TRBV9	TRBJ2-7
CAISDSGGRTDTQYF	TRBV10-3	TRBJ2-3
CATSRGGFQETQYF	TRBV24-1	TRBJ2-5
CASSPGHIDTQYF	TRBV28	TRBJ2-3
CASSLAQGHNEQFF	TRBV18	TRBJ2-1
CATGGVTEAFF	TRBV19	TRBJ1-1
CASESGGGAEKLFF	TRBV2	TRBJ1-4
CASSFSGVGTEAFF	TRBV12-4	TRBJ1-1
CASSYSDTDTQYF	TRBV6-2	TRBJ2-3
CASSWAGEPRDEQYF	TRBV5-1	TRBJ2-7
CASSLRGIDEQYF	TRBV7-9	TRBJ2-7
CASSMGPTSGGPTDTQYF	TRBV19	TRBJ2-3
CASSLQTGAGAYGYTF	TRBV6-5	TRBJ1-2
CASSSPLPGTGVNEQFF	TRBV7-9	TRBJ2-1
CASSLTTGRNTEAFF	TRBV11-1	TRBJ1-1
CASSEESGRAAEQYF	TRBV6-1	TRBJ2-7
CASSPWDRQTSYEQYF	TRBV28	TRBJ2-7
CASSQGAGRDPTGELFF	TRBV3-1	TRBJ2-2
CASSDPTSGGYNEQFF	TRBV19	TRBJ2-1
CASSLAETQYF	TRBV5-4	TRBJ2-5
CASSEAIVPTMNTEAFF	TRBV2	TRBJ1-1
CSASWPGANTGELFF	TRBV20-1	TRBJ2-2
CASSASLGVDLAKNIQYF	TRBV12-4	TRBJ2-4
CAWSEPNRVLREKLFF	TRBV30	TRBJ1-4
CAWSLRIMDEKLFF	TRBV30	TRBJ1-4
CASSLDPVGRNEQFF	TRBV7-8	TRBJ2-1
CASSFTDEQFF	TRBV27	TRBJ2-1
CSAKVEGYEQYF	TRBV20-1	TRBJ2-7
CASTRTISVSDTQYF	TRBV6-5	TRBJ2-3
CASSFGPGQVYGYTF	TRBV12-4	TRBJ1-2
CASSSGYHEQYF	TRBV7-2	TRBJ2-7
CASSFYLSRDEQFF	TRBV27	TRBJ2-1
CASSPRVNYGYTF	TRBV27	TRBJ1-2
CASSIVGSNYGYTF	TRBV19	TRBJ1-2
CASSLYFTGAPYNEQFF	TRBV7-8	TRBJ2-1
CASSILVVTGELFF	TRBV19	TRBJ2-2
CASSPGGTGDYGYTF	TRBV12-4	TRBJ1-2
CASSPGTGNYGYTF	TRBV7-9	TRBJ1-2
CASMPIQDTTWTDTQYF	TRBV7-9	TRBJ2-3
CASSVVQENTGELFF	TRBV9	TRBJ2-2
CASSLAGRNYGYTF	TRBV7-9	TRBJ1-2
CASSFATANEKLFF	TRBV11-2	TRBJ1-4
CATSTGETPNEKLFF	TRBV15	TRBJ1-4
CASSATGTGELFF	TRBV9	TRBJ2-2
CATSAEGGETQYF	TRBV15	TRBJ2-5
CASVPFSGNTIYF	TRBV19	TRBJ1-3
CASSLSLADNEQFF	TRBV7-6	TRBJ2-1
CASGLKQGLETQYF	TRBV12-5	TRBJ2-5
CASTPPRTDPYEQYF	TRBV7-9	TRBJ2-7
CASSLASTPFWETQYF	TRBV7-6	TRBJ2-5
CASSIFGEAFF	TRBV19	TRBJ1-1
CASKIGQGYEQYF	TRBV6-5	TRBJ2-7
CASSQLGTDTQYF	TRBV4-2	TRBJ2-3
CASSILGSGEQFF	TRBV19	TRBJ2-1
CASSFKPSGTDTQYF	TRBV13	TRBJ2-3
CASSDDPGFGQPQHF	TRBV6-1	TRBJ1-5
CASSHGGVDEQFF	TRBV9	TRBJ2-1
CASSEDRGLADTQYF	TRBV19	TRBJ2-3
CASSLEALYGYTF	TRBV5-4	TRBJ1-2
CASSVNRGEAFF	TRBV7-9	TRBJ1-1
CASNFQGLTDTQYF	TRBV6-1	TRBJ2-3
CASSQDGRYEQYF	TRBV3-1	TRBJ2-7
CASSLGTGAYEQYF	TRBV12-4	TRBJ2-7
CATRGTEHYNSPLHF	TRBV15	TRBJ1-6
CASSEGTVNEKLFF	TRBV10-1	TRBJ1-4
CASSLGTGYGYTF	TRBV7-9	TRBJ1-2
CASSFGPAAGRSSYEQYF	TRBV7-6	TRBJ2-7
CASSLEWDRNQPQHF	TRBV7-8	TRBJ1-5
CASTPGQTITDTQYF	TRBV19	TRBJ2-3
CASSFPGDREKLFF	TRBV5-6	TRBJ1-4
CASSDLNSRQPQHF	TRBV19	TRBJ1-5
CASCPSGPTDTQYF	TRBV6-3	TRBJ2-3
CASSSSGTKDYEQYF	TRBV7-9	TRBJ2-7
CASSPVTTYTF	TRBV12-3	TRBJ1-2
CATSGTQGYQETQYF	TRBV15	TRBJ2-5
CASSPPGVRSLLQETQYF	TRBV5-1	TRBJ2-5
CASSAGTGEETQYF	TRBV12-3	TRBJ2-5
CASSLMGGYTF	TRBV7-9	TRBJ1-2
CASSESFLSPTYGYTF	TRBV10-2	TRBJ1-2
CASTRVGSTEAFF	TRBV19	TRBJ1-1
CATKTGTAEKLFF	TRBV15	TRBJ1-4
CASTRGGETQYF	TRBV12-3	TRBJ2-5
CATSGAAYSGANVLTF	TRBV24-1	TRBJ2-6
CATRGSGTGGYGYTF	TRBV24-1	TRBJ1-2
CASSSPTSGTYEQYF	TRBV3-1	TRBJ2-7
CASSQTTGEGEKLFF	TRBV4-1	TRBJ1-4
CATSDPDSNTGELFF	TRBV24-1	TRBJ2-2
CATSDPNTEAFF	TRBV24-1	TRBJ1-1
CASSPGQGITGELFF	TRBV7-9	TRBJ2-2
CASTTSGRANEQFF	TRBV5-4	TRBJ2-1
CASSMGPGEWPQHF	TRBV19	TRBJ1-5
CASSPPDPQETQYF	TRBV19	TRBJ2-5
CASSQDRLSYEQYF	TRBV5-1	TRBJ2-7
CASSSRDREGGYTF	TRBV7-6	TRBJ1-2
CASTDQGQLNTEAFF	TRBV19	TRBJ1-1
CASSGIKETQYF	TRBV6-1	TRBJ2-5
CAWSGGQGGSPLHF	TRBV30	TRBJ1-6
CASTDTTYEQYF	TRBV28	TRBJ2-7
CASSSPGQGEEAFF	TRBV9	TRBJ1-1
CASSLADGGGYNEQFF	TRBV7-9	TRBJ2-1
CASSPISSEYGYTF	TRBV7-9	TRBJ1-2
CASSLLGEATLHF	TRBV6-5	TRBJ1-6
CSVLTDTGELFF	TRBV29-1	TRBJ2-2
CASRGDGNTEAFF	TRBV9	TRBJ1-1
CAWKLLVSTGELFF	TRBV30	TRBJ2-2
CASSFGTGEETQYF	TRBV7-9	TRBJ2-5
CASSMGQGGYNEQFF	TRBV19	TRBJ2-1
CASSNHLWGRNEQYF	TRBV6-3	TRBJ2-7
CSVEDGAGGLWYTDTQYF	TRBV29-1	TRBJ2-3
CASSLGLEAFF	TRBV6-2	TRBJ1-1
CASRSRQGYQPQHF	TRBV6-6	TRBJ1-5
CASSVYSGGTDTQYF	TRBV6-4	TRBJ2-3
CASSLASATDTQYF	TRBV5-1	TRBJ2-3
CASSIWENTGELFF	TRBV19	TRBJ2-2
CASSFLGLAYEQYF	TRBV5-6	TRBJ2-7
CASSESGIGGYTF	TRBV10-2	TRBJ1-2
CASSLARGTGSYEQYF	TRBV7-9	TRBJ2-7
CASSDGTSAYNEQFF	TRBV5-8	TRBJ2-1
CASSFGARGRNYEQYF	TRBV13	TRBJ2-7
CASSLAAGAYEQYF	TRBV7-7	TRBJ2-7
CASSGKAGADTEAFF	TRBV5-4	TRBJ1-1
CASSRPGHPYEQYF	TRBV7-6	TRBJ2-7
CASSYGGQRASYEQYF	TRBV6-6	TRBJ2-7
CSARDLKATLSYEQYF	TRBV20-1	TRBJ2-7
CASSINRDLLNGYTF	TRBV5-1	TRBJ1-2
CASSQGLYNEQFF	TRBV4-1	TRBJ2-1
CSARTGTNYGYTF	TRBV20-1	TRBJ1-2
CASSLGQLEQYF	TRBV5-5	TRBJ2-7
CSAKTGLAGPDTDTQYF	TRBV20-1	TRBJ2-3
CASSRGHPLQFF	TRBV13	TRBJ2-1
CAISAYSRNTEAFF	TRBV10-3	TRBJ1-1
CAGTLAGGTDTQYF	TRBV7-9	TRBJ2-3
CSVELGDSYEQYF	TRBV29-1	TRBJ2-7
CSARPPALESQYF	TRBV20-1	TRBJ2-4
CASSLTKGGDEQFF	TRBV27	TRBJ2-1
CASRGQQETQYF	TRBV2	TRBJ2-5
CASSLARGFSDHTQYF	TRBV7-9	TRBJ2-3
CSAREEGTQAWETQYF	TRBV20-1	TRBJ2-5
CASSSYRGLVSPLHF	TRBV27	TRBJ1-6
CASSTDRYVRSNQPQHF	TRBV19	TRBJ1-5
CASRGETQYF	TRBV5-1	TRBJ2-5
CASSQDPTGRVSNYGYTF	TRBV4-1	TRBJ1-2
CASSWGARRATEAFF	TRBV25-1	TRBJ1-1
CASSSLGQRIPNSPLHF	TRBV6-3	TRBJ1-6
CASSLGGSEAFF	TRBV11-2	TRBJ1-1
CASSGTVMNTEAFF	TRBV5-1	TRBJ1-1
CASSPSGGVGTGELFF	TRBV9	TRBJ2-2
CASSFTGQVDYGYTF	TRBV6-3	TRBJ1-2
CASSERRGDEQFF	TRBV7-9	TRBJ2-1
CASSERQEGNTEAFF	TRBV6-1	TRBJ1-1
CASSYSQTFPGQGANEKLFF	TRBV6-2	TRBJ1-4
CASSPYSTGSGELFF	TRBV4-1	TRBJ2-2
CASRGRTQETQYF	TRBV7-9	TRBJ2-5
CASSQARTSEQYF	TRBV10-1	TRBJ2-7
CSARDPDNPDTQYF	TRBV20-1	TRBJ2-3
CASSLDTGGRLNEQFF	TRBV7-3	TRBJ2-1
CASSVTGGFTDTQYF	TRBV5-1	TRBJ2-3
CSVEEGLSFGEQFF	TRBV29-1	TRBJ2-1
CASSGTFGYTF	TRBV9	TRBJ1-2
CASSVGISAGVGQETQYF	TRBV9	TRBJ2-5
CASSPGTATGELFF	TRBV27	TRBJ2-2
CASSSGTAPNEKLFF	TRBV28	TRBJ1-4
CASSGRMTFSGYTF	TRBV2	TRBJ1-2
CATSRDVVFGTGGGPYNSPLHF	TRBV15	TRBJ1-6
CATRGISNYGYTF	TRBV27	TRBJ1-2
CSARDRLAFDTGELFF	TRBV20-1	TRBJ2-2
CASSRDTATGELFF	TRBV6-4	TRBJ2-2
CATLQTSAHTTSTDTQYF	TRBV10-3	TRBJ2-3
CASSWQLAGPHTDTQYF	TRBV7-6	TRBJ2-3
CSVEGTSGGDVTGELFF	TRBV29-1	TRBJ2-2
CASSGSGGLSYEQYF	TRBV2	TRBJ2-7
CAISESGSGGPGSRFF	TRBV10-3	TRBJ2-1
CSARDGSVRVEYNSPLHF	TRBV20-1	TRBJ1-6
CASSLGEGGAQSEQFF	TRBV7-9	TRBJ2-1
CASSQDRGLVDTEAFF	TRBV6-5	TRBJ1-1
CASSTVGALYNEQFF	TRBV12-4	TRBJ2-1
CASSSRHSNQPQHF	TRBV13	TRBJ1-5
CASSYGTYSYNEQFF	TRBV6-5	TRBJ2-1
CASSPLPVSGMNTEAFF	TRBV4-1	TRBJ1-1
CASSQDQATTGELFF	TRBV4-3	TRBJ2-2
CASSERKFETSTDTQYF	TRBV6-1	TRBJ2-3
CASSYSGTGNTEAFF	TRBV6-6	TRBJ1-1
CASSQFRAWQPQHF	TRBV4-2	TRBJ1-5
CASSHPDLNQPQHF	TRBV4-1	TRBJ1-5
CASSLPRDRGPDIQYF	TRBV7-9	TRBJ2-4
CASSLPLAGGSTDTQYF	TRBV5-1	TRBJ2-3
CASSDPTVSGEQYF	TRBV7-9	TRBJ2-7
CASWWFVQTSGSYNSPLHF	TRBV6-6	TRBJ1-6
CASSYSTDTQYF	TRBV6-6	TRBJ2-3
CASSLPGISYEQYF	TRBV11-2	TRBJ2-7
CSARGPRGGNTEAFF	TRBV20-1	TRBJ1-1
CASSQGYEQYF	TRBV14	TRBJ2-7
CAWSEDNEQFF	TRBV30	TRBJ2-1
CASSYSMSGGTDTQYF	TRBV6-5	TRBJ2-3
CASSQDARTTKEQFF	TRBV3-1	TRBJ2-1
CATSDLWRQGGPDTQYF	TRBV24-1	TRBJ2-3
CASSTRGTVYGYTF	TRBV6-1	TRBJ1-2
CASSQVYGAPDQPQHF	TRBV4-1	TRBJ1-5
CAWRQGFSTDTQYF	TRBV30	TRBJ2-3
CASSSSSGGAQETQYF	TRBV9	TRBJ2-5
CASSSGTSGNGATDTQYF	TRBV7-9	TRBJ2-3
CASSIKGHYEQYF	TRBV19	TRBJ2-7
CASSLTDRLNEQFF	TRBV5-1	TRBJ2-1
CATSDPKTGLNTGELFF	TRBV24-1	TRBJ2-2
CASSFAAGGRNEQFF	TRBV7-8	TRBJ2-1
CASQQGAVTEAFF	TRBV19	TRBJ1-1
CATSEGTSGRYNEQFF	TRBV24-1	TRBJ2-1
CASSLWGFDRTDTQYF	TRBV11-2	TRBJ2-3
CASSGRYFYGYTF	TRBV12-4	TRBJ1-2
CASAPSWPGNTIYF	TRBV12-5	TRBJ1-3
CSARLSGSYQPQHF	TRBV20-1	TRBJ1-5
CSVAGVGNTEAFF	TRBV29-1	TRBJ1-1
CASSSAGISYNEQFF	TRBV7-9	TRBJ2-1
CSAREPNTEAFF	TRBV20-1	TRBJ1-1
CASSQSQGDGETQYF	TRBV3-1	TRBJ2-5
CASSPRTSGSSTDTQYF	TRBV18	TRBJ2-3
CATSPPGIEQFF	TRBV15	TRBJ2-1
CASSLMILYEQYF	TRBV7-2	TRBJ2-7
CASSSIGQGLGDEQFF	TRBV7-9	TRBJ2-1
CASSQVLQGNTGELFF	TRBV4-3	TRBJ2-2
CASSLRGSSYEQYF	TRBV5-1	TRBJ2-7
CATQRDETYEQYF	TRBV19	TRBJ2-7
CASSGRGFLNYGYTF	TRBV5-6	TRBJ1-2
CASSILAGYYNEQFF	TRBV19	TRBJ2-1
CASSSTEFTGELFF	TRBV5-6	TRBJ2-2
CATSSPAESTDTQYF	TRBV15	TRBJ2-3
CASSSHDRQGQNSPLHF	TRBV7-9	TRBJ1-6
CASSPGQGSYGYTF	TRBV3-1	TRBJ1-2
CAISEGTSGYTGELFF	TRBV10-3	TRBJ2-2
CASRGIGGASEAFF	TRBV12-3	TRBJ1-1
CASSRWPTGGVEQFF	TRBV4-3	TRBJ2-1
CASSASRAATNEKLFF	TRBV19	TRBJ1-4
CSVLGGGGYEQYF	TRBV29-1	TRBJ2-7
CASSYLGEWNTEAFF	TRBV5-4	TRBJ1-1
CASSPLEGTVREQYF	TRBV19	TRBJ2-7
CASSDGDEQFF	TRBV10-2	TRBJ2-1
CASMRQGSAGELFF	TRBV14	TRBJ2-2
CASSLVHLWTGELFF	TRBV12-4	TRBJ2-2
CSARSLGGTEAFF	TRBV20-1	TRBJ1-1
CASSPDGRAQETQYF	TRBV19	TRBJ2-5
CASSLTPGLAGGSTDTQYF	TRBV11-2	TRBJ2-3
CASSLAGGTYEQYF	TRBV5-1	TRBJ2-7
CATSDLTDRAGGELFF	TRBV24-1	TRBJ2-2
CASSFSSGWDQPQHF	TRBV5-8	TRBJ1-5
CASSLAWTYNEQFF	TRBV6-3	TRBJ2-1
CASSPGQGTSYNEQFF	TRBV27	TRBJ2-1
CASSLEAVTTYEQYF	TRBV7-6	TRBJ2-7
CASSDSGELFF	TRBV9	TRBJ2-2
CSARDEWGQGNTEAFF	TRBV20-1	TRBJ1-1
CASSFVGDGDEQFF	TRBV7-9	TRBJ2-1
CASSQDWGDGYTF	TRBV4-2	TRBJ1-2
CSGLYQETQYF	TRBV29-1	TRBJ2-5
CASSLDDRRNYGYTF	TRBV12-4	TRBJ1-2
CASSIWTGNTGELFF	TRBV19	TRBJ2-2
CASSTDIYNEQFF	TRBV5-6	TRBJ2-1
CASSLRDPGSNPYEQYF	TRBV27	TRBJ2-7
CARNATGNYGYTF	TRBV27	TRBJ1-2
CASGEYPGNTGELFF	TRBV5-1	TRBJ2-2
CASSSPDRDYEQYF	TRBV12-4	TRBJ2-7
CASSQGLYEQYF	TRBV6-2	TRBJ2-7
CASSSPVGYEQYF	TRBV7-9	TRBJ2-7
CASGAAGTAYEQYF	TRBV12-5	TRBJ2-7
CASSYRVSEAFF	TRBV6-3	TRBJ1-1
CASSQSLAEGMNEQFF	TRBV7-3	TRBJ2-1
CASSLLMGARYEQYF	TRBV7-9	TRBJ2-7
CSARDSDRGIRDGYTF	TRBV20-1	TRBJ1-2
CSAVPGQGHTGELFF	TRBV29-1	TRBJ2-2
CASSLATGISYEQYF	TRBV7-8	TRBJ2-7
CASSLAKGAGNTIYF	TRBV7-8	TRBJ1-3
CASSLVASGSLRGSQYF	TRBV5-1	TRBJ2-3
CASKGDIGEKLFF	TRBV11-2	TRBJ1-4
CASSLFAGAETQYF	TRBV27	TRBJ2-5
CASAEVWVVTGELFF	TRBV6-1	TRBJ2-2
CASSLALGLAGGQGEQFF	TRBV7-2	TRBJ2-1
CASSFGTGHTGELFF	TRBV27	TRBJ2-2
CASSQDHRGRDEQFF	TRBV4-3	TRBJ2-1
CAWTTSPRGSDTQYF	TRBV30	TRBJ2-3
CASSLTSGGPDTQYF	TRBV14	TRBJ2-3
CASSGGASGANVLTF	TRBV6-1	TRBJ2-6
CASSYVARVRTNEKLFF	TRBV6-2	TRBJ1-4
CASSLVEGLGTGGPRLAEQFF	TRBV5-6	TRBJ2-1
CASRYDSDSNQPQHF	TRBV27	TRBJ1-5
CASSPGPGTLNLTGWYNEQFF	TRBV3-1	TRBJ2-1
CSVGLRQGNTEAFF	TRBV29-1	TRBJ1-1
CASSPFGAGPYNEQFF	TRBV27	TRBJ2-1
CASSFLIDHYEQYF	TRBV5-6	TRBJ2-7
CASRETTGELFF	TRBV5-1	TRBJ2-2
CAWSVGGVNVFF	TRBV30	TRBJ2-1
CASSNNRTGLFVYEKLFF	TRBV25-1	TRBJ1-4
CASGLPQGDSSGELFF	TRBV12-5	TRBJ2-2
CASRADTEAFF	TRBV19	TRBJ1-1
CSAYPWDRVAYEQYF	TRBV20-1	TRBJ2-7
CASSADRDRGLDTGELFF	TRBV7-9	TRBJ2-2
CSVEHDTEAFF	TRBV29-1	TRBJ1-1
CASSQVGYDGYTF	TRBV14	TRBJ1-2
CSGLAGGPGEQYF	TRBV20-1	TRBJ2-7
CASSQDGLAGAHTDTQYF	TRBV4-1	TRBJ2-3
CASSKTGNEQFF	TRBV19	TRBJ2-1
CSAPDRASTEAFF	TRBV20-1	TRBJ1-1
CASRQGAGGNQPQHF	TRBV27	TRBJ1-5
CASSPGGIEAFF	TRBV5-1	TRBJ1-1
CASSHGGRYNEQFF	TRBV19	TRBJ2-1
CASSVGRTGQGWGNEQFF	TRBV9	TRBJ2-1
CASSLGLEGWDEAFF	TRBV5-1	TRBJ1-1
CSARDQRGLAGGIEDTQYF	TRBV20-1	TRBJ2-3
CASTLRGQGDWRNSPLHF	TRBV6-5	TRBJ1-6
CASSFLDGNQPQHF	TRBV27	TRBJ1-5
CASSLSGRDYGYTF	TRBV5-1	TRBJ1-2
CASHPQSGSWSDTQYF	TRBV12-4	TRBJ2-3
CASSLVGGRRDTQYF	TRBV7-3	TRBJ2-3
CATSDPWGGREWDNEQFF	TRBV24-1	TRBJ2-1
CASSPRTSGSVHREQFF	TRBV5-8	TRBJ2-1
CASSTHDLQGPSSPLHF	TRBV7-9	TRBJ1-6
CSARMGDTEAFF	TRBV20-1	TRBJ1-1
CASCEYTGELFF	TRBV3-1	TRBJ2-2
CASSPTGELFF	TRBV11-3	TRBJ2-2
CASSAGQGSYEQYF	TRBV19	TRBJ2-7
CASSPAGVSYEQYF	TRBV7-7	TRBJ2-7
CASSLEGDMDSEQYF	TRBV27	TRBJ2-7
CASSLLSRTGELFF	TRBV27	TRBJ2-2
CASSLVGTGGWDEQFF	TRBV7-9	TRBJ2-1
CASSPGGGPDTQYF	TRBV9	TRBJ2-3
CASSQEGVAGGYNEQFF	TRBV4-1	TRBJ2-1
CASSQHSGSPLHF	TRBV14	TRBJ1-6
CASSPWEAGGAYEQYF	TRBV11-2	TRBJ2-7
CASSQDLRQGDQPQHF	TRBV3-1	TRBJ1-5
CASSLALILTETEAFF	TRBV12-4	TRBJ1-1
CASSQGLAEWDEQFF	TRBV4-3	TRBJ2-1
CASTPSGDGYTF	TRBV19	TRBJ1-2
CASSLSGTETEAFF	TRBV4-1	TRBJ1-1
CSAPALGAMETQYF	TRBV20-1	TRBJ2-5
CASSYRGSRGYTF	TRBV6-5	TRBJ1-2
CATSRGRQGTLSYEQYF	TRBV15	TRBJ2-7
CASSRTGLSGPGELFF	TRBV12-3	TRBJ2-2
CATTYGRMNTEAFF	TRBV24-1	TRBJ1-1
CASSISGGASDTQYF	TRBV11-2	TRBJ2-3
CASRTGAGANYGYTF	TRBV10-2	TRBJ1-2
CASSLGREQFF	TRBV7-3	TRBJ2-1
CASSIYHLAGLYETQYF	TRBV19	TRBJ2-5
CASSLSMIDFYEQYF	TRBV27	TRBJ2-7
CASSTRTDPPREQYF	TRBV6-5	TRBJ2-7
CASSEGPSRGNTIYF	TRBV10-2	TRBJ1-3
CASIGRQLFF	TRBV6-3	TRBJ2-1
CASSQMEQLEQYF	TRBV4-1	TRBJ2-7
CSAKGLADFTDTQYF	TRBV20-1	TRBJ2-3
CASSPSPGLAGDEQFF	TRBV12-4	TRBJ2-1
CATSIRLRPWQGGDEQFF	TRBV15	TRBJ2-1
CASSAGAGNSPLHF	TRBV9	TRBJ1-6
CASSLRGGRNPYEQYF	TRBV27	TRBJ2-7
CASSITGFAPYGYTF	TRBV19	TRBJ1-2
CSASAGSGANNEQFF	TRBV20-1	TRBJ2-1
CASSFGTAEEQFF	TRBV11-2	TRBJ2-1
CASRLQVNNSPLHF	TRBV6-5	TRBJ1-6
CASTTVTGPYGYTF	TRBV19	TRBJ1-2
CASSQQGPEQYF	TRBV14	TRBJ2-7
CASSLSSGTEAFF	TRBV27	TRBJ1-1
CASSPARYNEQFF	TRBV12-3	TRBJ2-1
CASSGDIGGTEAFF	TRBV9	TRBJ1-1
CASSYTFLSLGGQDDTGELFF	TRBV6-3	TRBJ2-2
CASSDAGSYEQYF	TRBV10-2	TRBJ2-7
CASSIVAGGPNTIYF	TRBV19	TRBJ1-3
CASSETSGQETQYF	TRBV5-6	TRBJ2-5
CASSPEIGGNQPQHF	TRBV27	TRBJ1-5
CAIRTLGGGDTEAFF	TRBV10-3	TRBJ1-1
CASSPRTSGNEQFF	TRBV7-8	TRBJ2-1
CASSLGDSNQPQHF	TRBV5-1	TRBJ1-5
CASSTGLNYGYTF	TRBV5-8	TRBJ1-2
CASSSTSGATGELFF	TRBV11-2	TRBJ2-2
CSVESETGGLNEQFF	TRBV29-1	TRBJ2-1
CATSRVRVAEAFF	TRBV15	TRBJ1-1
CASSSTDLTIPTDTQYF	TRBV28	TRBJ2-3
CAWSSGRENYGYTF	TRBV30	TRBJ1-2
CASSPGLGGTYNEQFF	TRBV9	TRBJ2-1
CSVVWTSRRYEQFF	TRBV29-1	TRBJ2-1
CASSTDRTYNEQFF	TRBV5-1	TRBJ2-1
CASSLDRASLDEQYF	TRBV5-1	TRBJ2-7
CASSQGRDRHGYTF	TRBV3-1	TRBJ1-2
CASSPNSPAGQYF	TRBV7-9	TRBJ2-7
CATSVRGVRTGELFF	TRBV24-1	TRBJ2-2
CASSPRDDGGELFF	TRBV13	TRBJ2-2
CASSETASGNQPQHF	TRBV10-2	TRBJ1-5
CASSPRTIYTYEQYF	TRBV27	TRBJ2-7
CASSLEVGRPDTEAFF	TRBV5-1	TRBJ1-1
CATSRDYRDRGAWRWEKLFF	TRBV15	TRBJ1-4
CASSRQDKGGHSNQPQHF	TRBV4-1	TRBJ1-5
CASSLIGQGLGDEQFF	TRBV7-9	TRBJ2-1
CASSPHQETQYF	TRBV18	TRBJ2-5
CASSPETGGILYEQYF	TRBV14	TRBJ2-7
CASSGTTGELFF	TRBV5-5	TRBJ2-2
CAISEPGQSSSYNEQFF	TRBV10-3	TRBJ2-1
CASTITTVTSGNTIYF	TRBV19	TRBJ1-3
CASSISPGFYGYTF	TRBV19	TRBJ1-2
CASSYFPLTSPNYGYTF	TRBV9	TRBJ1-2
CAWSPGQGPDGYTF	TRBV30	TRBJ1-2
CASSGGYEVVTQYF	TRBV6-1	TRBJ2-5
CASSANLAGDYNEQFF	TRBV19	TRBJ2-1
CASSEGTTEAFF	TRBV6-5	TRBJ1-1
CASSVGQPGETQYF	TRBV9	TRBJ2-5
CASSRLTSTDTQYF	TRBV7-9	TRBJ2-3
CASSQEAPPIYNEQFF	TRBV14	TRBJ2-1
CATRRGDEQYF	TRBV5-4	TRBJ2-7
CASSQDLGGSKTQYF	TRBV4-1	TRBJ2-5
CSAMTGLNTEAFF	TRBV20-1	TRBJ1-1
CASASSWGLRDIQYF	TRBV6-3	TRBJ2-4
CASSRAVDNEQFF	TRBV4-1	TRBJ2-1
CAWALPPGANVLTF	TRBV30	TRBJ2-6
CASSLIRSGEQYF	TRBV5-6	TRBJ2-7
CAWSVHRNTEAFF	TRBV30	TRBJ1-1
CASRGLAGEAGELFF	TRBV9	TRBJ2-2
CASSLKGISSYNEQFF	TRBV7-9	TRBJ2-1
CASSETGSNQPQHF	TRBV19	TRBJ1-5
CASSQDRGGTYNEQFF	TRBV4-3	TRBJ2-1
CASSQVQGAQSSGYTF	TRBV4-1	TRBJ1-2
CASMSIYGYTF	TRBV19	TRBJ1-2
CASSFGTGKTGELFF	TRBV7-8	TRBJ2-2
CASSLEIAGGNYNEQFF	TRBV7-8	TRBJ2-1
CASSLYGTGVDGYTF	TRBV5-1	TRBJ1-2
CAATNRLGNTIYF	TRBV19	TRBJ1-3
CASSWPGGTEAFF	TRBV27	TRBJ1-1
CASSQRRRGRETQYF	TRBV3-1	TRBJ2-5
CASSPGLAGDNEQFF	TRBV6-3	TRBJ2-1
CASSQEGESNYGYTF	TRBV4-3	TRBJ1-2
CASSSGLAGENEQFF	TRBV7-9	TRBJ2-1
CASSIKEAGNTIYF	TRBV6-6	TRBJ1-3
CASSFTQGLSSPLHF	TRBV27	TRBJ1-6
CASSLVYGGASDSYNEQFF	TRBV5-5	TRBJ2-1
CASSLGRGNQPQHF	TRBV5-5	TRBJ1-5
CARESRDNYGYTF	TRBV7-2	TRBJ1-2
CASSPGGLNEKLFF	TRBV6-5	TRBJ1-4
CASSMGTGLKAFF	TRBV19	TRBJ1-1
CASNEGTGGTDTQYF	TRBV5-1	TRBJ2-3
CATSTTGTSGGLLGELFF	TRBV15	TRBJ2-2
CASSPGPGAGYGYTF	TRBV4-1	TRBJ1-2
CASSLSLVGGSDGYTF	TRBV12-4	TRBJ1-2
CATIPTGSTDTQYF	TRBV27	TRBJ2-3
CASSLTELPYGYTF	TRBV5-1	TRBJ1-2
CASSFRQLISGNTIYF	TRBV28	TRBJ1-3
CASRLSVDSGYEQYF	TRBV5-4	TRBJ2-7
CASSLSKHWEISGNTIYF	TRBV7-9	TRBJ1-3
CASKTGLNTEAFF	TRBV6-5	TRBJ1-1
CASSSPDVRTDTQYF	TRBV7-9	TRBJ2-3
CASSLVWSSGGQETQYF	TRBV7-8	TRBJ2-5
CASSLVGSSYEQYF	TRBV27	TRBJ2-7
CATSPGLRGPRDTQYF	TRBV15	TRBJ2-3
CASSQELRDRVSEAFF	TRBV4-1	TRBJ1-1
CASSLLGDQPQHF	TRBV3-1	TRBJ1-5
CASSLVSGGWTEAFF	TRBV11-2	TRBJ1-1
CASSQDRTGGGGYTF	TRBV4-3	TRBJ1-2
CASSPRGGGYYEQYF	TRBV27	TRBJ2-7
CASGRHRTAQETQYF	TRBV11-2	TRBJ2-5
CASSGHRGVGETQYF	TRBV9	TRBJ2-5
CASSPTLVTSGNTIYF	TRBV7-9	TRBJ1-3
CAISGGGNEKLFF	TRBV10-3	TRBJ1-4
CATSDLRRTDTQYF	TRBV24-1	TRBJ2-3
CASGWNLDEQFF	TRBV12-5	TRBJ2-1
CASSQAMNTEAFF	TRBV3-1	TRBJ1-1
CASSYSLGWQQKLFF	TRBV6-6	TRBJ1-4
CASSIWTDDTDTQYF	TRBV19	TRBJ2-3
CASSLGTSGGGDTQYF	TRBV5-1	TRBJ2-3
CASSQDRGFNYGYTF	TRBV14	TRBJ1-2
CASSLPERKYNEQFF	TRBV28	TRBJ2-1
CASSMTSGSFQTQYF	TRBV3-1	TRBJ2-5
CASRTLGSNEKLFF	TRBV27	TRBJ1-4
CASRDNPPYEQYF	TRBV5-1	TRBJ2-7
CATTTEANTGELFF	TRBV3-1	TRBJ2-2
CSARDSGTASYEQYF	TRBV20-1	TRBJ2-7
CASSQDGSSYYEQYF	TRBV4-1	TRBJ2-7
CASSLQGYNEQFF	TRBV19	TRBJ2-1
CASSAGQTPRYGYTF	TRBV7-9	TRBJ1-2
CASSPGGDPDTQYF	TRBV9	TRBJ2-3
CASMGWGSKNIQYF	TRBV15	TRBJ2-4
CASSEGQVSPGELFF	TRBV2	TRBJ2-2
CAWRGFASTYNEQFF	TRBV30	TRBJ2-1
CASSEGVMVTEAFF	TRBV10-2	TRBJ1-1
CASRGAQGSVIHIQYF	TRBV7-9	TRBJ2-4
CSAPSGEGRDTQYF	TRBV20-1	TRBJ2-3
CASSWTSGGAGYEQYF	TRBV6-5	TRBJ2-7
CSARAHTDGADTQYF	TRBV20-1	TRBJ2-3
CASSLDGTGTEAFF	TRBV11-2	TRBJ1-1
CASSPEPGLAGDNEQFF	TRBV7-2	TRBJ2-1
CSVENLPEAFF	TRBV29-1	TRBJ1-1
CASSLVGPTNTEAFF	TRBV5-1	TRBJ1-1
CASSSQSGSLYGYTF	TRBV9	TRBJ1-2
CASSLREQYF	TRBV12-4	TRBJ2-7
CASSERDRATYEQYF	TRBV6-1	TRBJ2-7
CAGSEVGATNYGYTF	TRBV6-1	TRBJ1-2
CATSDDDYNEQFF	TRBV24-1	TRBJ2-1
CASSGTSGGPEPPSTDTQYF	TRBV12-3	TRBJ2-3
CASSLNGDTQYF	TRBV12-3	TRBJ2-3
CALLSDSGNTIYF	TRBV30	TRBJ1-3
CASWPGLAGGNTDTQYF	TRBV2	TRBJ2-3
CASSSAEEAGYLYGYTF	TRBV5-1	TRBJ1-2
CASRDRAPSYEQYF	TRBV7-2	TRBJ2-7
CASLPSGTDTQYF	TRBV11-2	TRBJ2-3
CASSTQVSEPNTGELFF	TRBV9	TRBJ2-2
CASGHWGASGYTF	TRBV4-1	TRBJ1-2
CASSFGHSQETQYF	TRBV27	TRBJ2-5
CATSDLRLVGGYTF	TRBV24-1	TRBJ1-2
CASSEGIGYNSPLHF	TRBV27	TRBJ1-6
CASSISAGGAYEQYF	TRBV19	TRBJ2-7
CSVGKGDSPNEKLFF	TRBV29-1	TRBJ1-4
CASSLGGLGYGYTF	TRBV5-5	TRBJ1-2
CASSSPGANVLTF	TRBV6-5	TRBJ2-6
CASSLKAGWGSGANVLTF	TRBV7-9	TRBJ2-6
CASSLAPSGAYEQYF	TRBV5-1	TRBJ2-7
CASSFELNTEAFF	TRBV27	TRBJ1-1
CASVNDGATYEQYF	TRBV5-1	TRBJ2-7
CASSWRGRNSPLHF	TRBV27	TRBJ1-6
CASSVTAGGPFLLYNSPLHF	TRBV3-1	TRBJ1-6
CASSPWTGTDTQYF	TRBV19	TRBJ2-3
CASGTPNSNQPQHF	TRBV27	TRBJ1-5
CASSQDQVTQYF	TRBV4-2	TRBJ2-5
CASSVRLAGGVIDEQFF	TRBV9	TRBJ2-1
CSARRLAGGSYNEQFF	TRBV20-1	TRBJ2-1
CAWSVHEWQANYGYTF	TRBV30	TRBJ1-2
CASSYNEQFF	TRBV12-4	TRBJ2-1
CASSWVGVPGNEQFF	TRBV9	TRBJ2-1
CATSGETESSYEQYF	TRBV24-1	TRBJ2-7
CATRDGVEQFF	TRBV10-3	TRBJ2-1
CASSYNTGLTRLGMNTEAFF	TRBV5-1	TRBJ1-1
CASSQDRGSGSPYNEQFF	TRBV3-1	TRBJ2-1
CASSWTKSAGEQYF	TRBV4-2	TRBJ2-7
CASSQEGGAQPQHF	TRBV4-1	TRBJ1-5
CASSLSFGFRGFGTEAFF	TRBV27	TRBJ1-1
CASGPNRVYGYTF	TRBV12-5	TRBJ1-2
CASSFVGPTNSPLHF	TRBV28	TRBJ1-6
CASSSWTGVAKNIQYF	TRBV7-6	TRBJ2-4
CASSIGTGNEQFF	TRBV11-3	TRBJ2-1
CASSLELTGGLSDTQYF	TRBV11-3	TRBJ2-3
CASSLAARNTEAFF	TRBV5-5	TRBJ1-1
CASSQAGGAYGYTF	TRBV27	TRBJ1-2
CAPMWAPLHF	TRBV6-5	TRBJ1-6
CASSLPAGRVSAGELFF	TRBV11-3	TRBJ2-2
CASSYSTGAPSYEQYF	TRBV6-5	TRBJ2-7
CASSSGQNTDTQYF	TRBV5-6	TRBJ2-3
CASSLPDSGNTIYF	TRBV5-1	TRBJ1-3
CASSQDFGTADGYTF	TRBV3-1	TRBJ1-2
CASSRAGGGTGELFF	TRBV7-9	TRBJ2-2
CASSLSRNEQYF	TRBV5-8	TRBJ2-7
CASSPPEDHVATDTQYF	TRBV7-9	TRBJ2-3
CASIKGLMNTEAFF	TRBV19	TRBJ1-1
CASSPRDPGETQYF	TRBV5-6	TRBJ2-5
CASSLYRGADTQYF	TRBV28	TRBJ2-3
CAWNLGQLNTEAFF	TRBV30	TRBJ1-1
CASSVASSETSTDTQYF	TRBV9	TRBJ2-3
CASSARTLRPGSSYNEQFF	TRBV9	TRBJ2-1
CASSAGTTSGETQYF	TRBV5-1	TRBJ2-5
CASSDSSGYSGANVLTF	TRBV9	TRBJ2-6
CAWSLMAGGELFF	TRBV30	TRBJ2-2
CASSGWDRPSVIYEQYF	TRBV11-2	TRBJ2-7
CSATGTSGILGNEQFF	TRBV20-1	TRBJ2-1
CASSPLTEGDEQFF	TRBV27	TRBJ2-1
CASSPGTENYNSPLHF	TRBV5-1	TRBJ1-6
CASSLYGLVEAFF	TRBV5-4	TRBJ1-1
CASSFTTGTGTGRETQYF	TRBV5-6	TRBJ2-5
CASSSLERGWETQYF	TRBV4-1	TRBJ2-5
CASSLQRVASGVPQYNEQFF	TRBV19	TRBJ2-1
CASSGTSGATDTQYF	TRBV6-4	TRBJ2-3
CASSIVGTSSNEQFF	TRBV19	TRBJ2-1
CASSEPTGTSYNEQFF	TRBV5-6	TRBJ2-1
CASSIPLAGGLAYNEQFF	TRBV19	TRBJ2-1
CSVDRENTGELFF	TRBV29-1	TRBJ2-2
CASNNPYNEQFF	TRBV6-4	TRBJ2-1
CASASGSTQYF	TRBV6-6	TRBJ2-3
CSARDSGDSSYEQYF	TRBV20-1	TRBJ2-7
CASSGLDKANYGYTF	TRBV5-4	TRBJ1-2
CAISEYPPTGRKADTQYF	TRBV10-3	TRBJ2-3
CASSQEGGDGEKLFF	TRBV14	TRBJ1-4
CASSFPGASTYEQYF	TRBV6-6	TRBJ2-7
CAISGMNTEAFF	TRBV10-3	TRBJ1-1
CASSQDKAGNTEAFF	TRBV4-3	TRBJ1-1
CATSRGDTGELFF	TRBV15	TRBJ2-2
CASSHQAGEVNEQFF	TRBV4-2	TRBJ2-1
CASSPRLAGTGELFF	TRBV28	TRBJ2-2
CAYRGSNQPQHF	TRBV5-8	TRBJ1-5
CASSVSLAVSYNEQFF	TRBV9	TRBJ2-1
CASSSPGLANNEQFF	TRBV2	TRBJ2-1
CASSPVLRAKNIQYF	TRBV7-9	TRBJ2-4
CASSLRTGRTTDTQYF	TRBV7-9	TRBJ2-3
CAWSSNRPLLSYNEQFF	TRBV30	TRBJ2-1
CATKVVASGSYEQFF	TRBV24-1	TRBJ2-1
CASSIPFGAGANTGELFF	TRBV19	TRBJ2-2
CASSLFGTGGLEAFF	TRBV12-3	TRBJ1-1
CATSEPGTEYGYTF	TRBV24-1	TRBJ1-2
CASSQLNTYGYTF	TRBV12-4	TRBJ1-2
CASSLAGDSPTDTQYF	TRBV12-4	TRBJ2-3
CSATGLLTYNEQFF	TRBV20-1	TRBJ2-1
CASSQGTLGNTGELFF	TRBV4-1	TRBJ2-2
CSGEIPGINYGYTF	TRBV20-1	TRBJ1-2
CASSKEGNQPQHF	TRBV7-9	TRBJ1-5
CASSQATEQYF	TRBV4-1	TRBJ2-7
CASSIPATPTDTQYF	TRBV19	TRBJ2-3
CASSLNGGGGTTDEAFF	TRBV5-4	TRBJ1-1
CASSQGTVDEQFF	TRBV4-3	TRBJ2-1
CATSDRRGGGNQPQHF	TRBV24-1	TRBJ1-5
CASSIPGSPGNTEAFF	TRBV7-8	TRBJ1-1
CASSGDRPRYEQYF	TRBV6-1	TRBJ2-7
CAISAGTGVRNEQYF	TRBV10-3	TRBJ2-7
CASSITGTGEAFF	TRBV19	TRBJ1-1
CASSYFTSGTYNEQFF	TRBV6-5	TRBJ2-1
CASSLSSGNEQFF	TRBV6-3	TRBJ2-1
CATSGGHGYTF	TRBV24-1	TRBJ1-2
CASSPGRGNYGYTF	TRBV6-1	TRBJ1-2
CASSHGTGYNQPQHF	TRBV14	TRBJ1-5
CASSRETGNNSPLHF	TRBV27	TRBJ1-6
CASSYGVGQPQHF	TRBV6-5	TRBJ1-5
CASSVGREWTGELFF	TRBV9	TRBJ2-2
CASSLLPYEQYF	TRBV7-9	TRBJ2-7
CASRDSANYGYTF	TRBV25-1	TRBJ1-2
CASSLAGRETEAFF	TRBV5-1	TRBJ1-1
CASSLGQGRKLFF	TRBV13	TRBJ1-4
CASSYGRGSGETQYF	TRBV6-6	TRBJ2-5
CASSLMEYNEQFF	TRBV7-3	TRBJ2-1
CASSKRGVRWAQYF	TRBV6-5	TRBJ2-5
CSAREGFSTEAFF	TRBV20-1	TRBJ1-1
CASSYWSGPPGETQYF	TRBV6-5	TRBJ2-5
CASIPGTGQNTEAFF	TRBV6-2	TRBJ1-1
CASSSSGGDNEQFF	TRBV7-7	TRBJ2-1
CASSGQFMNTEAFF	TRBV6-5	TRBJ1-1
CASSAGQGAVDEQFF	TRBV7-2	TRBJ2-1
CASRGGELFF	TRBV2	TRBJ2-2
CASSPGAYEQYF	TRBV7-9	TRBJ2-7
CASRLADTQYF	TRBV27	TRBJ2-3
CASSWNDYEQYF	TRBV19	TRBJ2-7
CASSYRANYEQYF	TRBV7-9	TRBJ2-7
CASSPTGAYEQYF	TRBV7-9	TRBJ2-7
CASSLPANIYAYGYTF	TRBV6-3	TRBJ1-2
CASSDRLENNEKLFF	TRBV6-1	TRBJ1-4
CASSYPFGVGPDTQYF	TRBV12-3	TRBJ2-3
CASNPGTGADEQYF	TRBV10-1	TRBJ2-7
CSLAGGDVGGYTF	TRBV29-1	TRBJ1-2
CATTSAEVRNEQFF	TRBV19	TRBJ2-1
CASNGLTNTEAFF	TRBV6-1	TRBJ1-1
CASSMVAGGYNEQFF	TRBV19	TRBJ2-1
CASSLDRYNEQFF	TRBV27	TRBJ2-1
CASSPIGGEALGETQYF	TRBV14	TRBJ2-5
CASSLISGYNEQFF	TRBV7-3	TRBJ2-1
CSAPRRTTEAFF	TRBV20-1	TRBJ1-1
CASSEARGLNTEAFF	TRBV19	TRBJ1-1
CASSQGVGLAGAPSTDTQYF	TRBV4-1	TRBJ2-3
CASSIYRTGDLNTEAFF	TRBV18	TRBJ1-1
CASSSYSYEQYF	TRBV5-6	TRBJ2-7
CASSSTTGYTF	TRBV19	TRBJ1-2
CANSSLSGPYEQYF	TRBV10-1	TRBJ2-7
CATQSGLFYEQYF	TRBV6-5	TRBJ2-7
CASREDRGLDSTDTQYF	TRBV6-3	TRBJ2-3
CASSLIGGRGVYEQYF	TRBV5-1	TRBJ2-7
CASSYGTSGTYEQYF	TRBV4-1	TRBJ2-7
CSAGGGATYNEQFF	TRBV20-1	TRBJ2-1
CASSQTGQSRTSGSTDTQYF	TRBV28	TRBJ2-3
CATSTGDSNQPQHF	TRBV15	TRBJ1-5
CASSEGQFMNTEAFF	TRBV9	TRBJ1-1
CASSLVGRGGNQPQHF	TRBV7-9	TRBJ1-5
CASNQGTDFSPLHF	TRBV19	TRBJ1-6
CSASPGAESSYEQYF	TRBV20-1	TRBJ2-7
CASSVSAGIGYEQYF	TRBV9	TRBJ2-7
CASSPGGLENEQYF	TRBV7-9	TRBJ2-7
CASNPGPNQPQHF	TRBV7-9	TRBJ1-5
CASREGANGYTF	TRBV25-1	TRBJ1-2
CASSPSREGYTF	TRBV18	TRBJ1-2
CASSFQGIRVEAFF	TRBV28	TRBJ1-1
CASSLNPTDTQYF	TRBV5-8	TRBJ2-3
CASSLYSEVSGDEQYF	TRBV27	TRBJ2-7
CASSLAGGTEAFF	TRBV5-1	TRBJ1-1
CASSMGGGIIFRTQYF	TRBV12-3	TRBJ2-5
CASSPESGMNTEAFF	TRBV11-2	TRBJ1-1
CASSALRGARSNQPQHF	TRBV10-2	TRBJ1-5
CASSGHTAKAGEQYF	TRBV10-2	TRBJ2-7
CASTFRDRGTDTQYF	TRBV6-5	TRBJ2-3
CASSVGYGTGPPGGQFF	TRBV2	TRBJ2-1
CASSLKGLPQEGDEQFF	TRBV7-2	TRBJ2-1
CASSAQGHDNQPQHF	TRBV19	TRBJ1-5
CASSLESAGHSNTEAFF	TRBV7-2	TRBJ1-1
CASTQRLTGELFF	TRBV9	TRBJ2-2
CASSSFGGTGTGSYEQYF	TRBV7-9	TRBJ2-7
CASSSGREIWYEQYF	TRBV14	TRBJ2-7
CASSPPGTGGPGELFF	TRBV11-2	TRBJ2-2
CASSQDLGGGTEAFF	TRBV4-3	TRBJ1-1
CASSTGLAGGQETQYF	TRBV12-4	TRBJ2-5
CASSLGWGSDAGYTF	TRBV27	TRBJ1-2
CASSEVSTDTQYF	TRBV2	TRBJ2-3
CASSLEGLAAQETQYF	TRBV7-2	TRBJ2-5
CASSPEGSAGSGANVLTF	TRBV4-2	TRBJ2-6
CASSLVHVAGANVLTF	TRBV12-4	TRBJ2-6
CASTHRGGTEAFF	TRBV5-1	TRBJ1-1
CAISGPNYGYTF	TRBV10-3	TRBJ1-2
CASTLGQGAPGYTF	TRBV7-9	TRBJ1-2
CASSLNLGQANTGELFF	TRBV7-8	TRBJ2-2
CASSLYSPLAYSWNEKLFF	TRBV27	TRBJ1-4
CASSLHPTSGTTDTQYF	TRBV19	TRBJ2-3
CSAAEGLSDEQFF	TRBV20-1	TRBJ2-1
CASSPLPHMNTEAFF	TRBV7-8	TRBJ1-1
CASSLWGRHNEQFF	TRBV11-3	TRBJ2-1
CASSLFDRDDSPLHF	TRBV7-9	TRBJ1-6
CAWSVRESDGYTF	TRBV30	TRBJ1-2
CASSDIMGNTEAFF	TRBV6-1	TRBJ1-1
CASSSTVYQLTDTQYF	TRBV25-1	TRBJ2-3
CASSLRPTEAFF	TRBV7-9	TRBJ1-1
CASSSGTVNNEQFF	TRBV19	TRBJ2-1
CASSIAGSGELFF	TRBV19	TRBJ2-2
CSVGVDYPYEQYF	TRBV29-1	TRBJ2-7
CASKLMGGANGDTF	TRBV27	TRBJ1-2
CASSGGNRRDTEKGYTF	TRBV9	TRBJ1-2
CSATLLGLWGDEQFF	TRBV20-1	TRBJ2-1
CASSLRDRGSYEQYF	TRBV7-9	TRBJ2-7
CASSLGTTRTSYNEQFF	TRBV7-6	TRBJ2-1
CASSLGLAGPSTDTQYF	TRBV11-3	TRBJ2-3
CASDRGGNTGELFF	TRBV6-1	TRBJ2-2
CASSAPEGLETEAFF	TRBV9	TRBJ1-1
CASSQEPGYGYTF	TRBV14	TRBJ1-2
CAWPGLSGYTF	TRBV30	TRBJ1-2
CASSPLLQGNTEAFF	TRBV7-7	TRBJ1-1
CAWSDPGGLPWAFF	TRBV30	TRBJ1-1
CASSLGQSSGNTIYF	TRBV5-1	TRBJ1-3
CASSPTRGRKNTGELFF	TRBV25-1	TRBJ2-2
CASSSLRGSNQPQHF	TRBV28	TRBJ1-5
CASSPFGTSGSYNEQFF	TRBV12-3	TRBJ2-1
CSARDGLTGHYEQYF	TRBV20-1	TRBJ2-7
CASSRGGLAGEETQYF	TRBV10-1	TRBJ2-5
CASSRVIAGSDEQYF	TRBV6-2	TRBJ2-7
CASSPRTSGMSYNEQFF	TRBV7-9	TRBJ2-1
CASSPGRTGELFF	TRBV10-1	TRBJ2-2
CASSILAGYTSTDTQYF	TRBV28	TRBJ2-3
CAITGENTGELFF	TRBV10-3	TRBJ2-2
CASSSGQGIGEQYF	TRBV27	TRBJ2-7
CSARDLRGYTDTQYF	TRBV20-1	TRBJ2-3
CATTTGTESSNQPQHF	TRBV12-5	TRBJ1-5
CASSGKQGCDTEAFF	TRBV9	TRBJ1-1
CASSEAGGRGTDTQYF	TRBV6-1	TRBJ2-3
CSARETLAAVYNEQFF	TRBV20-1	TRBJ2-1
CASSSSDSPLADTQYF	TRBV28	TRBJ2-3
CASSSLAGYAQYF	TRBV7-2	TRBJ2-3
CASSERVSGLNEQYF	TRBV2	TRBJ2-7
CASRPGRADYEQYF	TRBV5-1	TRBJ2-7
CASSILRSADTQYF	TRBV19	TRBJ2-3
CSARGLAQQETQYF	TRBV20-1	TRBJ2-5
CSVVSGDSGANVLTF	TRBV29-1	TRBJ2-6
CATSSQRGLASYEQYF	TRBV15	TRBJ2-7
CASSWTGGLDTQYF	TRBV7-8	TRBJ2-3
CSARVASSYEQYF	TRBV20-1	TRBJ2-7
CASSPTRGAEQYF	TRBV19	TRBJ2-7
CASSSGTGGGDTQYF	TRBV5-1	TRBJ2-3
CASSLGQAETQYF	TRBV13	TRBJ2-5
CASSDMTSASDTQYF	TRBV10-2	TRBJ2-3
CASSDSDPGPSTDTQYF	TRBV2	TRBJ2-3
CSVEEGGGSPLHF	TRBV29-1	TRBJ1-6
CSGEPGFYDGGAEAFF	TRBV29-1	TRBJ1-1
CASSHDTRNNEQFF	TRBV5-6	TRBJ2-1
CSVEAQGGTFNEQFF	TRBV29-1	TRBJ2-1
CASSLDEGALFTEAFF	TRBV5-1	TRBJ1-1
CASGLAGQTSNQPQHF	TRBV12-5	TRBJ1-5
CASSPGQGAPNEQFF	TRBV14	TRBJ2-1
CASSLGVWDSALSQALHF	TRBV11-2	TRBJ1-6
CASSESPGTAYEQYF	TRBV6-1	TRBJ2-7
CASSFGEQETQYF	TRBV5-6	TRBJ2-5
CSALEGRAGMWNTEAFF	TRBV20-1	TRBJ1-1
CASSLARQGDEQFF	TRBV7-9	TRBJ2-1
CASMGGNIQYF	TRBV25-1	TRBJ2-4
CSAGDMNTEAFF	TRBV20-1	TRBJ1-1
CASSSNRDPIPQHF	TRBV7-9	TRBJ1-5
CASSYKQGYEQYF	TRBV27	TRBJ2-7
CASSEQGDYGYTF	TRBV6-1	TRBJ1-2
CASSSPQGRELFF	TRBV12-3	TRBJ2-2
CASSSIAGGPGTDTQYF	TRBV27	TRBJ2-3
CSARGGDNQPQHF	TRBV20-1	TRBJ1-5
CASSLGLAGGNEQFF	TRBV7-8	TRBJ2-1
CASSSHDYRGRRSPLHF	TRBV7-9	TRBJ1-6
CASSAGGAYEQFF	TRBV6-5	TRBJ2-1
CASLDGQNTEAFF	TRBV2	TRBJ1-1
CASSPRQDEQFF	TRBV4-1	TRBJ2-1
CASSPEDRVGDNTEAFF	TRBV11-1	TRBJ1-1
CASSNLGTDSNQPQHF	TRBV19	TRBJ1-5
CASSLYEEVLLSYNEQFF	TRBV11-2	TRBJ2-1
CASSSSDTQYF	TRBV5-4	TRBJ2-3
CASSLDLVRSQETQYF	TRBV7-9	TRBJ2-5
CASSQDEWLLAGDTQYF	TRBV3-1	TRBJ2-3
CSASGYIVNEQFF	TRBV20-1	TRBJ2-1
CSVDPPEGSDTQYF	TRBV29-1	TRBJ2-3
CASSGGQGVMDGYTF	TRBV13	TRBJ1-2
CASSDGPAYEQYF	TRBV2	TRBJ2-7
CASSHRTGEETQYF	TRBV19	TRBJ2-5
CASSGLASTGELFF	TRBV28	TRBJ2-2
CASSPDREGTDTQYF	TRBV18	TRBJ2-3
CASSIGRTEAFF	TRBV19	TRBJ1-1
CASSAIRDSFYEQYF	TRBV19	TRBJ2-7
CASSILQGDYGYTF	TRBV7-9	TRBJ1-2
CASSTGTGYEQYF	TRBV5-1	TRBJ2-7
CASSLDIPSYNEQFF	TRBV6-1	TRBJ2-1
CASSSDGTSGLDEQFF	TRBV5-1	TRBJ2-1
CASSPSNPSTDTQYF	TRBV11-2	TRBJ2-3
CASSLGQGTYEQYF	TRBV4-1	TRBJ2-7
CASSENSNQPQHF	TRBV6-4	TRBJ1-5
CASSQVGRPYNEQFF	TRBV4-3	TRBJ2-1
CASSVTGIYNEQFF	TRBV25-1	TRBJ2-1
CAGATGTTYNEQFF	TRBV12-3	TRBJ2-1
CASSPQGTSGFTGELFF	TRBV5-6	TRBJ2-2
CASSPPQGAVVEQFF	TRBV18	TRBJ2-1
CASSLGTYEQYF	TRBV5-1	TRBJ2-7
CASSFSGNTGELFF	TRBV12-3	TRBJ2-2
CASSPTGTSVYEQYF	TRBV7-9	TRBJ2-7
CASSFEGALGYTF	TRBV6-6	TRBJ1-2
CAVMEGSNEAFF	TRBV18	TRBJ1-1
CASSLAAGNEQFF	TRBV5-6	TRBJ2-1
CASSQALGPPVPAFF	TRBV4-3	TRBJ1-1
CASSIVAGALNEQFF	TRBV19	TRBJ2-1
CASSESEWGGTQYF	TRBV10-1	TRBJ2-3
CASSLIGFGGLNTEAFF	TRBV27	TRBJ1-1
CASSDGTGYGYTF	TRBV6-1	TRBJ1-2
CASTSHRESAEAFF	TRBV19	TRBJ1-1
CASSPYTETGMNTEAFF	TRBV4-3	TRBJ1-1
CAWSPTGDQPQHF	TRBV30	TRBJ1-5
CASDREGSGELFF	TRBV15	TRBJ2-2
CAISEGGAGSYNEQFF	TRBV10-3	TRBJ2-1
CASTISAEQYF	TRBV7-9	TRBJ2-7
CASSEGFQETQYF	TRBV6-4	TRBJ2-5
CSAGQGSDYGYTF	TRBV29-1	TRBJ1-2
CASGTSGAYEQYF	TRBV19	TRBJ2-7
CTNPGDPCYNEQFF	TRBV7-2	TRBJ2-1
CASSKTSGGYNEQFF	TRBV5-1	TRBJ2-1
CASSIQIGNTEAFF	TRBV19	TRBJ1-1
CSSTEYNEQFF	TRBV29-1	TRBJ2-1
CASSLTEAFF	TRBV11-2	TRBJ1-1
CASSLSLAGRNEQFF	TRBV7-9	TRBJ2-1
CATSRDIEFSLYGYTF	TRBV15	TRBJ1-2
CASSQGTGWDTEAFF	TRBV4-1	TRBJ1-1
CASSTSGSPYNEQFF	TRBV27	TRBJ2-1
CASSLSGYEQYF	TRBV28	TRBJ2-7
CASSDAGGLGEAFF	TRBV10-1	TRBJ1-1
CASSGMGSGSSEQYF	TRBV7-2	TRBJ2-7
CASSYWTSGGPGAAGELFF	TRBV4-1	TRBJ2-2
CATSSLNQPQHF	TRBV15	TRBJ1-5
CASSLAAGQQYF	TRBV11-3	TRBJ2-3
CASSYSAGLETQYF	TRBV6-5	TRBJ2-5
CASSQGQGLNGYTF	TRBV4-2	TRBJ1-2
CASSYVEENYGYTF	TRBV6-6	TRBJ1-2
CASSPDTLLTYEQYF	TRBV5-1	TRBJ2-7
CASTSGNTEAFF	TRBV19	TRBJ1-1
CASSWGAGGTDTQYF	TRBV19	TRBJ2-3
CASSFTGIAETQYF	TRBV12-3	TRBJ2-5
CASLRADTQYF	TRBV6-3	TRBJ2-3
CASSSLDKGWGTDTQYF	TRBV7-9	TRBJ2-3
CASSLGDREEVGELFF	TRBV5-1	TRBJ2-2
CASSKGTFGDATSNTEAFF	TRBV19	TRBJ1-1
CASSYGTVLYEQYF	TRBV12-3	TRBJ2-7
CASSPGGSLGGQDGYTF	TRBV5-8	TRBJ1-2
CASTPMGGRYEQYF	TRBV27	TRBJ2-7
CASSEGWQGANTQYF	TRBV2	TRBJ2-3
CASSPQTGTGTYGYTF	TRBV6-5	TRBJ1-2
CASSLRGSDTQYF	TRBV5-4	TRBJ2-3
CASSPLRRLQPEAFF	TRBV5-1	TRBJ1-1
CASSDFGAAVNTGELFF	TRBV25-1	TRBJ2-2
CSAYTGGGYTF	TRBV20-1	TRBJ1-2
CAISEGIGQNYGYTF	TRBV10-3	TRBJ1-2
CSSSTETGELFF	TRBV29-1	TRBJ2-2
CASSEAGGLGLTEAFF	TRBV2	TRBJ1-1
CASSRTDPILPQHF	TRBV14	TRBJ1-5
CASSPQGGEEKLFF	TRBV5-1	TRBJ1-4
CASRPTGTAALEQYF	TRBV28	TRBJ2-7
CASSQERSMNTEAFF	TRBV4-1	TRBJ1-1
CASSPSLESAFF	TRBV7-9	TRBJ1-1
CASSLGGGGLTDTQYF	TRBV7-8	TRBJ2-3
CASSSTGPGLREQFF	TRBV11-3	TRBJ2-1
CASSYFLAGHTGELFF	TRBV7-9	TRBJ2-2
CATRDSGNNEQFF	TRBV24-1	TRBJ2-1
CATSSDRRPGEETQYF	TRBV15	TRBJ2-5
CASSLRGGTGDGYTF	TRBV28	TRBJ1-2
CASGAWADTQYF	TRBV19	TRBJ2-3
CAWSHPSPLHF	TRBV30	TRBJ1-6
CASSQGRGPYEQYF	TRBV4-1	TRBJ2-7
CATRGQGVWEQYF	TRBV15	TRBJ2-7
CASSPYRNTEAFF	TRBV4-3	TRBJ1-1
CASSVVSGGTEAFF	TRBV9	TRBJ1-1
CASSPPRGYEQYF	TRBV7-6	TRBJ2-7
CASSEGRMNTEAFF	TRBV4-1	TRBJ1-1
CSARGGQVDTEAFF	TRBV20-1	TRBJ1-1
CASSLSTGGALGTIYF	TRBV27	TRBJ1-3
CASSLTATSGFYNEQFF	TRBV5-6	TRBJ2-1
CASNPGQSTNEKLFF	TRBV19	TRBJ1-4
CASSLDRQAMTF	TRBV7-9	TRBJ2-6
CASSPWTGDEQYF	TRBV6-6	TRBJ2-7
CASSHLTGLAKNIQYF	TRBV4-1	TRBJ2-4
CASSQEFGFRVDTQYF	TRBV4-1	TRBJ2-3
CASSPQGGTPNEQFF	TRBV4-1	TRBJ2-1
CSQNLPRQGGVDTQYF	TRBV20-1	TRBJ2-3
CASSFESYNEQFF	TRBV27	TRBJ2-1
CASSHTSGNGDTQYF	TRBV5-1	TRBJ2-3
CASSLDTGMTEAFF	TRBV28	TRBJ1-1
CASSWTIAQPQHF	TRBV12-4	TRBJ1-5
CSARNPAGAGANVLTF	TRBV20-1	TRBJ2-6
CASSIGETGGIPQHF	TRBV19	TRBJ1-5
CAWKQGFLAEAFF	TRBV30	TRBJ1-1
CASSDRLAGSTGELFF	TRBV6-4	TRBJ2-2
CASSLRPGRAYEQYF	TRBV27	TRBJ2-7
CSVEGQEGGYTF	TRBV29-1	TRBJ1-2
CAARSGYNEQFF	TRBV6-5	TRBJ2-1
CASSYRGLDNEQFF	TRBV5-1	TRBJ2-1
CASSLNRDEKLFF	TRBV7-9	TRBJ1-4
CASSLVASGGPPYEQYF	TRBV5-1	TRBJ2-7
CASEPQSVMNTEAFF	TRBV7-8	TRBJ1-1
CASSSRHNEKLFF	TRBV7-8	TRBJ1-4
CSVELGENIQYF	TRBV29-1	TRBJ2-4
CASSLPGTDEQYF	TRBV28	TRBJ2-7
CAWLDDYTSTDTQYF	TRBV30	TRBJ2-3
CASRGVWGTDTQYF	TRBV19	TRBJ2-3
CASSRDRGDTEAFF	TRBV4-1	TRBJ1-1
CASSFLAGVGYNEQFF	TRBV7-3	TRBJ2-1
CASSYSRQWNTEAFF	TRBV6-5	TRBJ1-1
CASSLGASTDTQYF	TRBV12-3	TRBJ2-3
CASSPGTSGLYEQYF	TRBV7-6	TRBJ2-7
CASSEKPRGNNEQFF	TRBV10-2	TRBJ2-1
CASSSGIAGNNEQFF	TRBV11-2	TRBJ2-1
CASSLVGTLNQPQHF	TRBV12-4	TRBJ1-5
CSARDWGGGGDLYEQYF	TRBV20-1	TRBJ2-7
CATSSPRTSSDEQFF	TRBV15	TRBJ2-1
CASSTNLGHKEQYF	TRBV27	TRBJ2-7
CASSHHGSGNTIYF	TRBV3-1	TRBJ1-3
CASSFDRGSEKLFF	TRBV6-5	TRBJ1-4
CAISAGDSPLHF	TRBV10-3	TRBJ1-6
CASRQLQGITDTQYF	TRBV7-9	TRBJ2-3
CAWTVGNTEAFF	TRBV30	TRBJ1-1
CASRALRGDNEQFF	TRBV5-1	TRBJ2-1
CASRDGMADTEAFF	TRBV19	TRBJ1-1
CASSGLASEDTQYF	TRBV5-4	TRBJ2-3
CASSLGRDLNQPQHF	TRBV7-9	TRBJ1-5
CACTPEIGNTIYF	TRBV30	TRBJ1-3
CSVDTDGLSGANVLTF	TRBV29-1	TRBJ2-6
CAIREPHKGGNYEQYF	TRBV10-3	TRBJ2-7
CASSPLAGGSVDTQYF	TRBV9	TRBJ2-3
CASSRTTGGNTEAFF	TRBV3-1	TRBJ1-1
CASRPNLGGTTEAFF	TRBV27	TRBJ1-1
CASSFANYGYTF	TRBV19	TRBJ1-2
CASSSYLTAPTDTQYF	TRBV12-3	TRBJ2-3
CASSEVFGANTEAFF	TRBV6-1	TRBJ1-1
CASSSGQEAFF	TRBV27	TRBJ1-1
CSARAAGGQDTQYF	TRBV20-1	TRBJ2-3
CASSYLETGGLDNEQFF	TRBV13	TRBJ2-1
CASSSQGYEQYF	TRBV6-2	TRBJ2-7
CASSLASFDEQYF	TRBV7-9	TRBJ2-7
CASSPEDGPYNEQFF	TRBV7-9	TRBJ2-1
CSVRARGYTEAFF	TRBV29-1	TRBJ1-1
CAWVPGTGGRAAFF	TRBV30	TRBJ1-1
CASRKTLNTEAFF	TRBV6-3	TRBJ1-1
CASSNHTRFTDTQYF	TRBV19	TRBJ2-3
CASSLEGWGSSYEQYF	TRBV5-8	TRBJ2-7
CASSPRFRNQPQHF	TRBV7-6	TRBJ1-5
CSAIAADSYEQYF	TRBV29-1	TRBJ2-7
CSVLSMGKLFF	TRBV29-1	TRBJ1-4
CAISAGTGAFF	TRBV10-3	TRBJ1-1
CASSSTKYNEQFF	TRBV2	TRBJ2-1
CASSLEVTMNTEAFF	TRBV7-9	TRBJ1-1
CASSVAPDTQYF	TRBV9	TRBJ2-3
CASSQIAGGPYEQYF	TRBV3-1	TRBJ2-7
CASSYHSSGEGPNEQFF	TRBV6-5	TRBJ2-1
CASSYSNGYVNGYTF	TRBV6-3	TRBJ1-2
CASSPTDHNEQFF	TRBV9	TRBJ2-1
CSARVVWTAMGYGYTF	TRBV20-1	TRBJ1-2
CASSGPDGAWEKLFF	TRBV10-2	TRBJ1-4
CSARSQGIYEQYF	TRBV20-1	TRBJ2-7
CASSLQGSNSPLHF	TRBV2	TRBJ1-6
CASSLSSQSYEQYF	TRBV11-2	TRBJ2-7
CASSQDRAGSPLHF	TRBV4-1	TRBJ1-6
CSASRTDYVYTF	TRBV20-1	TRBJ1-2
CASSPGLKLSGANVLTF	TRBV7-2	TRBJ2-6
CASSFNRGLGQPQHF	TRBV19	TRBJ1-5
CSARDLGQLNQPQHF	TRBV20-1	TRBJ1-5
CASSLLAGGPRDTQYF	TRBV6-5	TRBJ2-3
CASRLGHRAKNTEAFF	TRBV12-4	TRBJ1-1
CASSLEGGTYEQYF	TRBV7-9	TRBJ2-7
CATSDGRDDEQFF	TRBV24-1	TRBJ2-1
CASSWKTGTGGTGYTF	TRBV6-5	TRBJ1-2
CSARDFGTGGTEAFF	TRBV20-1	TRBJ1-1
CAILPVFRNNEQFF	TRBV12-3	TRBJ2-1
CASSDDMRQDPGELFF	TRBV7-9	TRBJ2-2
CASSPGDLYGYTF	TRBV7-9	TRBJ1-2
CASSPQGVNTEAFF	TRBV27	TRBJ1-1
CSARVAGPKGETQYF	TRBV20-1	TRBJ2-5
CSVQRGQSYEQYF	TRBV29-1	TRBJ2-7
CSVGFREMGATEAFF	TRBV29-1	TRBJ1-1
CASSGDRGLGTEAFF	TRBV9	TRBJ1-1
CAWSVADTQYF	TRBV30	TRBJ2-3
CASSPVTGQGFYGYTF	TRBV6-5	TRBJ1-2
CATSESGGVGELFF	TRBV15	TRBJ2-2
CSVVSLAEQETQYF	TRBV29-1	TRBJ2-5
CASSLGVGLRNTDTQYF	TRBV5-6	TRBJ2-3
CATRQYSGNTIYF	TRBV27	TRBJ1-3
CASSEYSYNEQFF	TRBV6-4	TRBJ2-1
CASSQEVRSSYEQYF	TRBV3-1	TRBJ2-7
CASSVQGLGNSPLHF	TRBV5-4	TRBJ1-6
CASSKTTEFTQEETQYF	TRBV7-9	TRBJ2-5
CASSWDRANGYTF	TRBV5-4	TRBJ1-2
CASSLGGGTVRTQYF	TRBV27	TRBJ2-5
CSVADRGSSSGANVLTF	TRBV29-1	TRBJ2-6
CASSLYQGSSTDTQYF	TRBV27	TRBJ2-3
CSAIPQVRAHEQYF	TRBV20-1	TRBJ2-7
CASSPGGLNEQYF	TRBV7-3	TRBJ2-7
CASSIGLAGGDTQYF	TRBV19	TRBJ2-3
CASREDYNSPLHF	TRBV6-4	TRBJ1-6
CASSPGLVLSDTQYF	TRBV27	TRBJ2-3
CASSGTPGLAYTGELFF	TRBV3-1	TRBJ2-2
CSAMGWDSSYEQYF	TRBV20-1	TRBJ2-7
CASSQEIGGNQPQHF	TRBV4-1	TRBJ1-5
CASSAGQTGETQYF	TRBV5-8	TRBJ2-5
CASSPASGAQETQYF	TRBV18	TRBJ2-5
CASSHDLNSYEQYF	TRBV27	TRBJ2-7
CASSLTGQETQYF	TRBV7-9	TRBJ2-5
CASSEEVSTEAFF	TRBV2	TRBJ1-1
CASSLGQGVGYTF	TRBV5-1	TRBJ1-2
CASSARSKNIQYF	TRBV7-7	TRBJ2-4
CASESPGQGVRGTQYF	TRBV28	TRBJ2-5
CASSDRDTGELFF	TRBV6-4	TRBJ2-2
CSSSYSRQWNTEAFF	TRBV20-1	TRBJ1-1
CASSLVDTTNQPQHF	TRBV7-9	TRBJ1-5
CASSLLVRANPNTEAFF	TRBV7-8	TRBJ1-1
CASSLGAGDTLEQYF	TRBV5-4	TRBJ2-7
CASSFLAGGYGDTQYF	TRBV27	TRBJ2-3
CASSWTSGRSNEQFF	TRBV19	TRBJ2-1
CASSLGLAVDEQYF	TRBV5-1	TRBJ2-7
CASSLDRGPLNEQFF	TRBV5-5	TRBJ2-1
CASTPLGGGLNTQYF	TRBV27	TRBJ2-3
CASSYDGLNEQYF	TRBV6-3	TRBJ2-7
CAIGFPSGGPWTGELFF	TRBV10-3	TRBJ2-2
CASSYTPTAQETQYF	TRBV6-5	TRBJ2-5
CASSDGTAYEQYF	TRBV2	TRBJ2-7
CASSYFLAQTGINTGELFF	TRBV6-5	TRBJ2-2
CASGGAVAFF	TRBV12-3	TRBJ1-1
CASSLGEDSQRVQYF	TRBV7-8	TRBJ2-7
CSVDLLDRYNEQFF	TRBV29-1	TRBJ2-1
CASSKDRGADTQYF	TRBV7-6	TRBJ2-3
CASSILGMSTEAFF	TRBV19	TRBJ1-1
CASSSDSLKLFF	TRBV19	TRBJ1-4
CASSQVGLSSTDTQYF	TRBV12-3	TRBJ2-3
CASGVGGSSTDTQYF	TRBV12-4	TRBJ2-3
CSARNRGWTEAFF	TRBV20-1	TRBJ1-1
CASSVGQGLVYEQFF	TRBV9	TRBJ2-1
CASSLEGGGLSNQPQHF	TRBV5-6	TRBJ1-5
CAGEWDGSYGYTF	TRBV6-1	TRBJ1-2
CASSASDSPNEKLFF	TRBV28	TRBJ1-4
CASSFGTGNYGYTF	TRBV7-3	TRBJ1-2
CASTTWDSNQPQHF	TRBV19	TRBJ1-5
CASSTSGYNQPQHF	TRBV19	TRBJ1-5
CASSDVLGGQFF	TRBV19	TRBJ2-1
CASTPTVVRSGKLFF	TRBV28	TRBJ1-4
CASSLTGQSQRVYGYTF	TRBV7-3	TRBJ1-2
CASSQRLAGAHEQYF	TRBV28	TRBJ2-7
CASSLSSGTRLAPLHF	TRBV7-9	TRBJ1-6
CASQPGQKNTEAFF	TRBV6-1	TRBJ1-1
CASSQDSGVLSETQYF	TRBV3-1	TRBJ2-5
CASSHGLNTYNEQFF	TRBV5-1	TRBJ2-1
CASSVLAGPYTDTQYF	TRBV7-3	TRBJ2-3
CASSIVGSWEQYF	TRBV19	TRBJ2-7
CASSPGGPGYGYTF	TRBV11-2	TRBJ1-2
CASSQKDRAPYEQYF	TRBV4-2	TRBJ2-7
CSVTGGTYEQYF	TRBV29-1	TRBJ2-7
CASSQDGTAYSNQPQHF	TRBV4-1	TRBJ1-5
CASSPPDSFTQYF	TRBV5-1	TRBJ2-3
CASSSRQTDYEQYF	TRBV13	TRBJ2-7
CASSNVGGIWTEAFF	TRBV19	TRBJ1-1
CATSRDRLGGGRYEQYF	TRBV15	TRBJ2-7
CASSWDAGHGYTF	TRBV12-4	TRBJ1-2
CASGLGLYYEQYF	TRBV12-5	TRBJ2-7
CASSPGQGIAGELFF	TRBV11-1	TRBJ2-2
CASSLAPQMNTEAFF	TRBV7-6	TRBJ1-1
CSARAGQAGSPLHF	TRBV20-1	TRBJ1-6
CSVVATNEKLFF	TRBV29-1	TRBJ1-4
CAPQATKNTEAFF	TRBV19	TRBJ1-1
CASSPPGRGNTGELFF	TRBV28	TRBJ2-2
CASSVDSGSTNEQFF	TRBV11-3	TRBJ2-1
CASRLGAGYTF	TRBV19	TRBJ1-2
CSARSRETVYNEQFF	TRBV20-1	TRBJ2-1
CASSQGGVEQYF	TRBV3-1	TRBJ2-7
CSVEGGAFGGSNYGYTF	TRBV29-1	TRBJ1-2
CASSDGGYLTDTQYF	TRBV6-3	TRBJ2-3
CASSLVGGDTEAFF	TRBV27	TRBJ1-1
CSVLPLNNEQFF	TRBV29-1	TRBJ2-1
CASRGEGNSYNSPLHF	TRBV6-1	TRBJ1-6
CASSLGTPNEQFF	TRBV12-3	TRBJ2-1
CASREWGYNSPLHF	TRBV28	TRBJ1-6
CASRSDSYTGELFF	TRBV6-5	TRBJ2-2
CASSLVAGVMDEQFF	TRBV11-2	TRBJ2-1
CASRFDRGSGNTIYF	TRBV4-1	TRBJ1-3
CASSLGTGGSYEQYF	TRBV3-1	TRBJ2-7
CASSQQLAVSYEQYF	TRBV4-1	TRBJ2-7
CASSEHPYPGGEQFF	TRBV14	TRBJ2-1
CASSLEGGVADTQYF	TRBV9	TRBJ2-3
CASSLGRGIYEQYF	TRBV5-4	TRBJ2-7
CASRASGLASNEQFF	TRBV7-9	TRBJ2-1
CASSLPGTFLGGCGNQPQHF	TRBV5-1	TRBJ1-5
CASSWDSPGEFF	TRBV5-1	TRBJ2-1
CAITISGLQETQYF	TRBV10-3	TRBJ2-5
CATRQGYEQYF	TRBV19	TRBJ2-7
CSAQAGGEMLPGELFF	TRBV20-1	TRBJ2-2
CASRWTGEYEQYF	TRBV5-1	TRBJ2-7
CASANGLAGGEQFF	TRBV27	TRBJ2-1
CAIRKTENTEAFF	TRBV10-3	TRBJ1-1
CASSDTGPANGYTF	TRBV6-3	TRBJ1-2
CATKGEAGGTDTQYF	TRBV12-4	TRBJ2-3
CASSPAGQGNTEAFF	TRBV27	TRBJ1-1
CASSQGSSGPDEQYF	TRBV4-1	TRBJ2-7
CASSSSLDYDTGELFF	TRBV6-2	TRBJ2-2
CASSPRPGLADNEQFF	TRBV27	TRBJ2-1
CASSTQGYGYTF	TRBV27	TRBJ1-2
CASSSLAGGRDEQFF	TRBV11-1	TRBJ2-1
CASRYTVTGELFF	TRBV2	TRBJ2-2
CAWDLEGGTEAFF	TRBV30	TRBJ1-1
CASSIRTGQTGELFF	TRBV28	TRBJ2-2
CSASGGVSYNEQFF	TRBV20-1	TRBJ2-1
CASSLLGGDYEQYF	TRBV7-8	TRBJ2-7
CASSRAGQLNTEAFF	TRBV16	TRBJ1-1
CASTTLWGGIGAGELFF	TRBV2	TRBJ2-2
CASSLEIYTNTEAFF	TRBV5-6	TRBJ1-1
CASSLAPGATNEKLFF	TRBV7-6	TRBJ1-4
CASSSLSGPYEQYF	TRBV7-8	TRBJ2-7
CAWSPPAVSGANVLTF	TRBV30	TRBJ2-6
CASSIYPGEETQYF	TRBV6-5	TRBJ2-5
CASSPEGNLYGYTF	TRBV12-3	TRBJ1-2
CSARGVTSGSLDTQYF	TRBV20-1	TRBJ2-3
CASSPRGWNTGELFF	TRBV14	TRBJ2-2
CASSQDMDEQFF	TRBV3-1	TRBJ2-1
CASSLGDRHEETQYF	TRBV5-5	TRBJ2-5
CASSLAWGLNTEAFF	TRBV5-4	TRBJ1-1
CASVGVDTSYGYTF	TRBV27	TRBJ1-2
CSARDSSGGAKNIQYF	TRBV20-1	TRBJ2-4
CASSPTGTGFVGNTEAFF	TRBV6-2	TRBJ1-1
CASSTTGDTEPWTEAFF	TRBV5-1	TRBJ1-1
CASSFGQGSEAFF	TRBV12-3	TRBJ1-1
CASSQDSGSADTQYF	TRBV4-3	TRBJ2-3
CATSDSTGGETGELFF	TRBV24-1	TRBJ2-2
CASSLDSYEQFF	TRBV5-1	TRBJ2-1
CASSVDTPPGNTIYF	TRBV9	TRBJ1-3
CASSYGPVETEAFF	TRBV6-6	TRBJ1-1
CASSVAGGSYNEQFF	TRBV12-3	TRBJ2-1
CASTPGELAGGGETQYF	TRBV2	TRBJ2-5
CASSLGRRSGGANVLTF	TRBV7-7	TRBJ2-6
CASSYSELAGFNEQFF	TRBV6-3	TRBJ2-1
CASSPRHEDQPQHF	TRBV13	TRBJ1-5
CASSYPPSGGVAYEQYF	TRBV5-1	TRBJ2-7
CASRLGLGYEQYF	TRBV12-3	TRBJ2-7
CASSHLTDREQFF	TRBV12-4	TRBJ2-1
CASSPTSGVAGELFF	TRBV4-3	TRBJ2-2
CASSLPRVGELFF	TRBV4-1	TRBJ2-2
CASNWSPGIDQPQHF	TRBV19	TRBJ1-5
CASSLEQGDAEAFF	TRBV5-1	TRBJ1-1
CASSLGRESGEQFF	TRBV12-4	TRBJ2-1
CASSLDRGETQYF	TRBV7-7	TRBJ2-5
CASSEAPGRRTGELFF	TRBV6-1	TRBJ2-2
CASSIDPPYEQYF	TRBV19	TRBJ2-7
CASSEVVVAEKLFF	TRBV6-1	TRBJ1-4
CATRISGFAAFF	TRBV24-1	TRBJ1-1
CASSYPGVTMNTEAFF	TRBV6-6	TRBJ1-1
CAIKGTVSTQETQYF	TRBV2	TRBJ2-5
CASSLYRGQGGQPQHF	TRBV28	TRBJ1-5
CASRDRGVNEQYF	TRBV28	TRBJ2-7
CASSDSASGGTDTQYF	TRBV6-4	TRBJ2-3
CASSYNSAGYNEQFF	TRBV6-6	TRBJ2-1
CASSRPTLNTEAFF	TRBV7-9	TRBJ1-1
CASSLALRGSYNEQFF	TRBV11-2	TRBJ2-1
CASSLELAGVHYEQYF	TRBV5-4	TRBJ2-7
CASKTGSYEQYF	TRBV6-5	TRBJ2-7
CASSQARGDTEAFF	TRBV14	TRBJ1-1
CASSLEGSHLGAFF	TRBV28	TRBJ1-1
CASSGGDWIEQYF	TRBV19	TRBJ2-7
CASSPRSGLGPYNEQFF	TRBV7-3	TRBJ2-1
CASSAPDRNTGELFF	TRBV9	TRBJ2-2
CASSVGTALYEQYF	TRBV11-2	TRBJ2-7
CASSFLNTEAFF	TRBV11-1	TRBJ1-1
CASSLWTGDQPQHF	TRBV27	TRBJ1-5
CASSQVGIHGYTF	TRBV14	TRBJ1-2
CASSLWGGANEQFF	TRBV11-2	TRBJ2-1
CASSPSVSEQFF	TRBV7-2	TRBJ2-1
CASSFPGLISYNEQFF	TRBV12-4	TRBJ2-1
CASSQPGAGFGEKLFF	TRBV14	TRBJ1-4
CASSFGGDAEAFF	TRBV11-2	TRBJ1-1
CASSQEEGPGNQPQHF	TRBV4-1	TRBJ1-5
CASSSGPNYEQYF	TRBV7-6	TRBJ2-7
CASSVVQTNTGELFF	TRBV27	TRBJ2-2
CASSLDPVNTQYF	TRBV11-3	TRBJ2-3
CASSQDPAGASYNEQFF	TRBV3-1	TRBJ2-1
CASSQEPGLAAYEQYF	TRBV4-1	TRBJ2-7
CASSVRPGTLLGGELFF	TRBV9	TRBJ2-2
CASSPGTGMEDTQYF	TRBV6-5	TRBJ2-3
CASSSHDREGGSSPLHF	TRBV7-9	TRBJ1-6
CSARGGLRDTYNEQFF	TRBV20-1	TRBJ2-1
CASRPSSQGLAGGYNEQFF	TRBV7-2	TRBJ2-1
CASRAGGSSYNEQFF	TRBV2	TRBJ2-1
CASRRPTGELFF	TRBV27	TRBJ2-2
CASSLCPLPTVCYEKLFF	TRBV28	TRBJ1-4
CASSLSTSGDNEQFF	TRBV27	TRBJ2-1
CASSTSLLAGNNEQFF	TRBV5-1	TRBJ2-1
CASSLVIPHGTRWDSPLHF	TRBV7-9	TRBJ1-6
CASSQPPRGEQYF	TRBV4-1	TRBJ2-7
CSATALGPLDEQYF	TRBV20-1	TRBJ2-7
CASSPEFRAFEQFF	TRBV13	TRBJ2-1
CASSFGHNEQFF	TRBV12-4	TRBJ2-1
CSVEQGESGNTIYF	TRBV29-1	TRBJ1-3
CAISESGDYEQFF	TRBV10-3	TRBJ2-1
CASSPLLWGMNTEAFF	TRBV6-6	TRBJ1-1
CASSLAGSGNTIYF	TRBV7-7	TRBJ1-3
CSARDLETEAFF	TRBV20-1	TRBJ1-1
CASSQDRGLNQPQHF	TRBV4-2	TRBJ1-5
CASSFFSNQPQHF	TRBV12-4	TRBJ1-5
CAWSGGTSYNSPLHF	TRBV30	TRBJ1-6
CASGTSGTAGELFF	TRBV6-3	TRBJ2-2
CASSQDSKGPTSYEQYF	TRBV4-3	TRBJ2-7
CASSSRGGQETQYF	TRBV7-3	TRBJ2-5
CASTPTGTYNEQFF	TRBV7-8	TRBJ2-1
CAWTSGGASEQYF	TRBV30	TRBJ2-7
CASSQGVITEAFF	TRBV4-1	TRBJ1-1
CASSFGQGYQPQHF	TRBV6-5	TRBJ1-5
CASSSLLGGHEQFF	TRBV7-9	TRBJ2-1
CASSLASLGETQYF	TRBV7-6	TRBJ2-5
CAISTSGETQYF	TRBV10-3	TRBJ2-5
CASSQDRAGGYGYTF	TRBV4-3	TRBJ1-2
CASSAQTGASYGYTF	TRBV6-5	TRBJ1-2
CSFRTAMNTEAFF	TRBV29-1	TRBJ1-1
CSAREQGTEAFF	TRBV20-1	TRBJ1-1
CSAKTDRLAYEQYF	TRBV20-1	TRBJ2-7
CASSLGGEAFF	TRBV27	TRBJ1-1
CASSYSIAGHEQFF	TRBV6-2	TRBJ2-1
CASSVGGPSTDTQYF	TRBV9	TRBJ2-3
CASSETPGALNIQYF	TRBV6-1	TRBJ2-4
CASSPDENEQFF	TRBV3-1	TRBJ2-1
CASTTDRGSNTGELFF	TRBV6-6	TRBJ2-2
CASSLYQGSYEQYF	TRBV11-2	TRBJ2-7
CAWRTGFGDTGELFF	TRBV30	TRBJ2-2
CAISESLAGGPGTQYF	TRBV10-3	TRBJ2-3
CASSGQLRTPRGEQYF	TRBV19	TRBJ2-7
CSARARDYSASQETQYF	TRBV20-1	TRBJ2-5
CASSIVGGGEAFF	TRBV19	TRBJ1-1
CASSLGAAVGELFF	TRBV27	TRBJ2-2
CASSLFPHTEAFF	TRBV7-8	TRBJ1-1
CASSPGVGTYNEQFF	TRBV25-1	TRBJ2-1
CASSLGWGPSEDTQYF	TRBV11-2	TRBJ2-3
CASSSSSTSGASSYEQYF	TRBV12-4	TRBJ2-7
CASSQGLAGGPRTDTQYF	TRBV4-1	TRBJ2-3
CASSPFRLAGGQETQYF	TRBV3-1	TRBJ2-5
CASSLGSQIYGYTF	TRBV7-9	TRBJ1-2
CSAPPSGGAHEQFF	TRBV20-1	TRBJ2-1
CATSIDIEQFF	TRBV24-1	TRBJ2-1
CASSGLSGGGGEQYF	TRBV19	TRBJ2-7
CASRNLAPLHSGANVLTF	TRBV27	TRBJ2-6
CASRSGTGGTNTEAFF	TRBV19	TRBJ1-1
CASSGVLGWVADGTDTQYF	TRBV2	TRBJ2-3
CASSFQTSTTLEQYF	TRBV6-5	TRBJ2-7
CASSLDSGNTGELFF	TRBV12-4	TRBJ2-2
CASTPPGANEQFF	TRBV19	TRBJ2-1
CASSPPGTGEAQAFF	TRBV28	TRBJ1-1
CAWSVTNTGELFF	TRBV30	TRBJ2-2
CATSSRDRVGEQYF	TRBV15	TRBJ2-7
CASSYSDSNQPQHF	TRBV27	TRBJ1-5
CASGAGTGTYNEQFF	TRBV12-5	TRBJ2-1
CSARMVGGHNYGYTF	TRBV20-1	TRBJ1-2
CASSMRIFPQPQHF	TRBV19	TRBJ1-5
CASSYGLADHSGANVLTF	TRBV6-2	TRBJ2-6
CASSLWANTGELFF	TRBV11-2	TRBJ2-2
CASSLTSGSPYNEQYF	TRBV27	TRBJ2-7
CASSQDPSTWDGYTF	TRBV4-1	TRBJ1-2
CASSYSPFKNEKLFF	TRBV6-5	TRBJ1-4
CASSLELAGESGANVLTF	TRBV5-6	TRBJ2-6
CSARDRPGTGGFHEQFF	TRBV20-1	TRBJ2-1
CASSLGWGRPNYEQYF	TRBV27	TRBJ2-7
CASSQDVGLAGTNEQFF	TRBV4-3	TRBJ2-1
CASSLGQAIETQYF	TRBV7-9	TRBJ2-5
CASSYIGVKTEAFF	TRBV6-5	TRBJ1-1
CSVEEGQGNGELFF	TRBV29-1	TRBJ2-2
CASRTLSQENTEAFF	TRBV19	TRBJ1-1
CASSGDTAFYGYTF	TRBV5-5	TRBJ1-2
CASSRTGNTIYF	TRBV7-6	TRBJ1-3
CASSLSPGQGFRNTEAFF	TRBV5-4	TRBJ1-1
CSARGPSGELETQYF	TRBV20-1	TRBJ2-5
CSARELGADTQYF	TRBV20-1	TRBJ2-3
CSARDLGHDTGELFF	TRBV20-1	TRBJ2-2
CASGGETQYF	TRBV6-5	TRBJ2-5
CSARDLNTEAFF	TRBV20-1	TRBJ1-1
CASSRGPNYEQYF	TRBV7-6	TRBJ2-7
CASSERGLEGYTF	TRBV2	TRBJ1-2
CASWLNTEAFF	TRBV5-4	TRBJ1-1
CASRRPGGDTEAFF	TRBV27	TRBJ1-1
CASRPGWASHYNEQFF	TRBV6-5	TRBJ2-1
CASSPPGSTEAFF	TRBV7-9	TRBJ1-1
CASSLGPHDSTNYGYTF	TRBV28	TRBJ1-2
CASSPGNTEAFF	TRBV27	TRBJ1-1
CSARGFSGITGQETQYF	TRBV20-1	TRBJ2-5
CASSPRPQDSYNEQFF	TRBV7-9	TRBJ2-1
CASSLDGNQPQHF	TRBV27	TRBJ1-5
CASSPGTSGVNEQYF	TRBV27	TRBJ2-7
CASNTGDSNQPQHF	TRBV6-6	TRBJ1-5
CASSFSFRENTEAFF	TRBV5-6	TRBJ1-1
CAISGTGSGRETQYF	TRBV10-3	TRBJ2-5
CSARDSQASSSYNSPLHF	TRBV20-1	TRBJ1-6
CASSLVGVNEKLFF	TRBV13	TRBJ1-4
CASSTDRGGTKNIQYF	TRBV7-9	TRBJ2-4
CAISETGGRTEAFF	TRBV10-3	TRBJ1-1
CASSPGQGHTDTQYF	TRBV19	TRBJ2-3
CASSQSQALAGDEQYF	TRBV3-1	TRBJ2-7
CASSPRRVGTDTQYF	TRBV27	TRBJ2-3
CASSLWEGTDEQFF	TRBV27	TRBJ2-1
CASSFSTGYADGYTF	TRBV12-3	TRBJ1-2
CASSRVPSEQFF	TRBV7-2	TRBJ2-1
CASSFSRNYEQYF	TRBV27	TRBJ2-7
CASSLSPTSGLSYEQYF	TRBV7-8	TRBJ2-7
CASSLDFPEAFF	TRBV11-2	TRBJ1-1
CASSLSGTSGNNEQFF	TRBV7-3	TRBJ2-1
CASSGRQGREQYF	TRBV7-9	TRBJ2-7
CASSESPITDGELNTEAFF	TRBV10-2	TRBJ1-1
CASSQDSPLATIYNEQFF	TRBV4-3	TRBJ2-1
CASSQVQGPDGYTF	TRBV3-1	TRBJ1-2
CASSGLGVGNTGELFF	TRBV5-5	TRBJ2-2
CSATAQDTYNEQFF	TRBV20-1	TRBJ2-1
CSARVGLAGDRNEQYF	TRBV20-1	TRBJ2-7
CASSFSGEADTQYF	TRBV5-1	TRBJ2-3
CASSEVASGTYEQYF	TRBV2	TRBJ2-7
CASSLGERVGYGYTF	TRBV5-1	TRBJ1-2
CASSQHGGDYEQYF	TRBV4-1	TRBJ2-7
CASSAGTGIYDGAFF	TRBV7-9	TRBJ1-1
CASYTAGLNAEAFF	TRBV19	TRBJ1-1
CASSLDRGPWGNTEAFF	TRBV18	TRBJ1-1
CASSPSSGNTIYF	TRBV7-9	TRBJ1-3
CASSARQGIDTGELFF	TRBV7-9	TRBJ2-2
CASSFYRRELFF	TRBV7-9	TRBJ2-2
CASSLMGDPQPQHF	TRBV5-6	TRBJ1-5
CASSLGDEYNEQFF	TRBV7-9	TRBJ2-1
CASSKTGGSPYNEQFF	TRBV27	TRBJ2-1
CSVGTGDYEQYF	TRBV29-1	TRBJ2-7
CASSFRGTEAFF	TRBV28	TRBJ1-1
CASSLIFIRLAGGVFGANVLTF	TRBV7-2	TRBJ2-6
CASSTDESTDTQYF	TRBV12-4	TRBJ2-3
CASSQSGQRNTEAFF	TRBV4-1	TRBJ1-1
CASSSSLQGTGNTIYF	TRBV13	TRBJ1-3
CASSQQGGYEQYF	TRBV4-2	TRBJ2-7
CASSLTGDTEAFF	TRBV5-1	TRBJ1-1
CASSQDGGAGNFADTQYF	TRBV4-3	TRBJ2-3
CASSPVTGFNQPQHF	TRBV4-1	TRBJ1-5
CASSLRQGLINEQFF	TRBV7-3	TRBJ2-1
CARLLTLAPTGELFF	TRBV12-5	TRBJ2-2
CASSFFVGAGVGGTQYF	TRBV7-2	TRBJ2-5
CASSHQDLGTEGTQYF	TRBV3-1	TRBJ2-5
CASSITGQHYEQYF	TRBV19	TRBJ2-7
CASSFAPQGNYEQYF	TRBV27	TRBJ2-7
CAWSGPAGNTIYF	TRBV30	TRBJ1-3
CASSQGVGGNTDTQYF	TRBV4-3	TRBJ2-3
CASNLGGGTGELFF	TRBV25-1	TRBJ2-2
CASSYATGTAYGYTF	TRBV6-5	TRBJ1-2
CASSFYFTGTPYNEQFF	TRBV7-8	TRBJ2-1
CASSQDDTTYEQYF	TRBV4-1	TRBJ2-7
CASSLYGRRETQYF	TRBV11-1	TRBJ2-5
CSAPLAGGPDEQFF	TRBV20-1	TRBJ2-1
CASSYDRGPREGYTF	TRBV4-1	TRBJ1-2
CASGRNEKLFF	TRBV27	TRBJ1-4
CSVESGTDYNEQFF	TRBV29-1	TRBJ2-1
CASSYTGGNTEAFF	TRBV11-2	TRBJ1-1
CASSVVGYLGYTF	TRBV9	TRBJ1-2
CASSFRQPEDGYTF	TRBV5-1	TRBJ1-2
CASSQGPLGVGSYEQYF	TRBV4-1	TRBJ2-7
CSARVAGYYEQYF	TRBV20-1	TRBJ2-7
CASSSDRQGAVTGYTF	TRBV12-4	TRBJ1-2
CSARELAGPGNEQFF	TRBV20-1	TRBJ2-1
CASSLQAGETGELFF	TRBV28	TRBJ2-2
CASSQLAGEIDTQYF	TRBV6-6	TRBJ2-3
CASSIQGEWTEAFF	TRBV19	TRBJ1-1
CASTPGVAHTDTQYF	TRBV7-3	TRBJ2-3
CASSLRDRGLETQYF	TRBV13	TRBJ2-5
CASTLAYLSEVGYNEQFF	TRBV5-6	TRBJ2-1
CAFF	TRBV27	TRBJ1-1
CASTAGASGTDTQYF	TRBV28	TRBJ2-3
CASSLRVGLDQPQHF	TRBV12-4	TRBJ1-5
CASSPSSAIYEQYF	TRBV18	TRBJ2-7
CASSPTGPNTEAFF	TRBV12-4	TRBJ1-1
CASSLWEGRSYNEQFF	TRBV5-1	TRBJ2-1
CASSLAQGWTEAFF	TRBV11-2	TRBJ1-1
CASSTADRWYGYTF	TRBV27	TRBJ1-2
CASSLSTGQGGEAFF	TRBV9	TRBJ1-1
CASRFQGLTEAFF	TRBV6-9	TRBJ1-1
CSARRLDFTEAFF	TRBV20-1	TRBJ1-1
CASSLLGQQFF	TRBV27	TRBJ2-1
CASSQETYYGYTF	TRBV3-1	TRBJ1-2
CSATTGTGGYEQYF	TRBV20-1	TRBJ2-7
CASSEDTLTNEQFF	TRBV2	TRBJ2-1
CSVPVVDTQYF	TRBV29-1	TRBJ2-3
CASSFGVNTEAFF	TRBV12-3	TRBJ1-1
CASSFEEPQGGLGIYNEQFF	TRBV5-5	TRBJ2-1
CASSYPEPAGIGRETQYF	TRBV6-6	TRBJ2-5
CASSLANTEAFF	TRBV7-9	TRBJ1-1
CASSPLYGNEQFF	TRBV7-9	TRBJ2-1
CASSQQGADGELFF	TRBV7-9	TRBJ2-2
CASSTSNEQFF	TRBV6-5	TRBJ2-1
CSARPSGLAETDTQYF	TRBV20-1	TRBJ2-3
CASSPGGTEAFF	TRBV16	TRBJ1-1
CASSLAGPGGEQFF	TRBV19	TRBJ2-1
CASSSFGFTEAFF	TRBV7-8	TRBJ1-1
CASQARNTGELFF	TRBV4-1	TRBJ2-2
CASSQTGGPLGGYTF	TRBV7-9	TRBJ1-2
CASGRPINNEQFF	TRBV6-6	TRBJ2-1
CASSLVHPPADAFF	TRBV11-2	TRBJ1-1
CASSPGVRWGQYF	TRBV7-9	TRBJ2-3
CSARDLGSTEIYEQYF	TRBV20-1	TRBJ2-7
CASSLLFWTGNGSYNEQFF	TRBV27	TRBJ2-1
CATSRDDIGTRDYEQYF	TRBV15	TRBJ2-7
CASSEDSGGYNEQFF	TRBV6-1	TRBJ2-1
CASSLNPILVEDTQYF	TRBV4-1	TRBJ2-3
CASRGRSYNEQFF	TRBV12-4	TRBJ2-1
CASSLGTGSPYEQYF	TRBV7-8	TRBJ2-7
CASSARQGGSEQYF	TRBV9	TRBJ2-7
CSGGQGMVDGYTF	TRBV29-1	TRBJ1-2
CATSDRDRGDEQFF	TRBV24-1	TRBJ2-1
CSVSGTGNTEAFF	TRBV29-1	TRBJ1-1
CASSQDAGVGEKLFF	TRBV4-1	TRBJ1-4
CASSADSNGELFF	TRBV11-2	TRBJ2-2
CSAREGGSNQPQHF	TRBV20-1	TRBJ1-5
CASSLDLGASTDTQYF	TRBV11-1	TRBJ2-3
CAWSVSDVANTEAFF	TRBV30	TRBJ1-1
CASSRLATDTQYF	TRBV6-4	TRBJ2-3
CASSLWLNEQFF	TRBV7-2	TRBJ2-1
CSARDRTNYGYTF	TRBV20-1	TRBJ1-2
CASSYVPPSGNQETQYF	TRBV6-3	TRBJ2-5
CASRPAAPYQPQHF	TRBV6-6	TRBJ1-5
CASSLFLAGSYEQYF	TRBV7-2	TRBJ2-7
CASSDRASGGADEQFF	TRBV6-4	TRBJ2-1
CASSQRTSGFHTQYF	TRBV3-1	TRBJ2-3
CSVWTAISSGANVLTF	TRBV29-1	TRBJ2-6
CASSLSGGGETQYF	TRBV7-7	TRBJ2-5
CASSRLAGGSNEQFF	TRBV7-9	TRBJ2-1
CSAWTSGNNEQFF	TRBV20-1	TRBJ2-1
CASTSMSKGRPYEQYF	TRBV12-3	TRBJ2-7
CASSPDRANEQFF	TRBV14	TRBJ2-1
CASSLGHRTEAFF	TRBV19	TRBJ1-1
CASSSVRDRDRSQPQHF	TRBV7-9	TRBJ1-5
CSATSPGTGIWEAFF	TRBV20-1	TRBJ1-1
CASSLGGEPGELFF	TRBV27	TRBJ2-2
CASSLGDFLRTDTQYF	TRBV11-2	TRBJ2-3
CASSFRSGINTGELFF	TRBV7-9	TRBJ2-2
CATLPPFRQSDEAFF	TRBV12-4	TRBJ1-1
CASSPYWGAEYNEQFF	TRBV7-9	TRBJ2-1
CASSDSRPAGNTIYF	TRBV7-9	TRBJ1-3
CASSLIPVSGELFF	TRBV7-3	TRBJ2-2
CASSQAGVAEQFF	TRBV3-1	TRBJ2-1
CASSLAPGAINEKLFF	TRBV7-6	TRBJ1-4
CASSVGGTEAFF	TRBV9	TRBJ1-1
CASSQDLIWSYEQYF	TRBV3-1	TRBJ2-7
CASSLREGPYPETQYF	TRBV7-9	TRBJ2-5
CATSDQGTEQYF	TRBV24-1	TRBJ2-7
CSLDRTPASNYGYTF	TRBV20-1	TRBJ1-2
CASSTLDTEAFF	TRBV9	TRBJ1-1
CSVELIGYTF	TRBV29-1	TRBJ1-2
CASSERWDTEAFF	TRBV6-4	TRBJ1-1
CASSQGEGLRTDTQYF	TRBV10-2	TRBJ2-3
CASSTQGSGTEAFF	TRBV19	TRBJ1-1
CASSLGQGVGQPQHF	TRBV5-1	TRBJ1-5
CASSLSGGSYEQYF	TRBV27	TRBJ2-7
CASSLGRGNLYGYTF	TRBV7-9	TRBJ1-2
CASRRPGLAGNYEQFF	TRBV6-5	TRBJ2-1
CASIGSIAYNEQFF	TRBV2	TRBJ2-1
CSVAGGANYGYTF	TRBV29-1	TRBJ1-2
CASSFGGPIYEQFF	TRBV11-2	TRBJ2-1
CASSQGQGYTEAFF	TRBV4-1	TRBJ1-1
CASSIDTDTQYF	TRBV7-9	TRBJ2-3
CASSLQVLKSHEQYF	TRBV28	TRBJ2-7
CASSLDTGTALSYEQYF	TRBV27	TRBJ2-7
CASSLLRLAGGETQYF	TRBV7-8	TRBJ2-5
CASSLERGNTEAFF	TRBV7-8	TRBJ1-1
CASSPQTGAIYGYTF	TRBV6-5	TRBJ1-2
CASSQDVRGSNSPLHF	TRBV4-3	TRBJ1-6
CASSLAPGSTNEKLFF	TRBV7-6	TRBJ1-4
CSVEEVLVGGYTF	TRBV29-1	TRBJ1-2
CASSNRETDTQYF	TRBV4-3	TRBJ2-3
CASSQDRGSGGHEQFF	TRBV4-1	TRBJ2-1
CSARGLSGGDYEQYF	TRBV20-1	TRBJ2-7
CASSQDQGITEAFF	TRBV4-1	TRBJ1-1
CASSQTPPAGETQYF	TRBV4-1	TRBJ2-5
CASRTQGEVGELFF	TRBV28	TRBJ2-2
CASINRGTDPYEQYF	TRBV13	TRBJ2-7
CASSLASGFSGNTIYF	TRBV12-4	TRBJ1-3
CASSTGSYGYTF	TRBV19	TRBJ1-2
CASSPTYYGYTF	TRBV6-5	TRBJ1-2
CASSYSRSDGHLGNTIYF	TRBV6-5	TRBJ1-3
CSVDLEGATTDTQYF	TRBV29-1	TRBJ2-3
CASSLALAIEQFF	TRBV11-2	TRBJ2-1
CASSGEGAKTTNTEAFF	TRBV2	TRBJ1-1
CASSLVGEYTGANVLTF	TRBV5-4	TRBJ2-6
CASSLDAGSGYEQYF	TRBV5-1	TRBJ2-7
CSVDWRADRGETQYF	TRBV29-1	TRBJ2-5
CASSDLGTGHTEAFF	TRBV6-1	TRBJ1-1
CATSRDGTSGANVLTF	TRBV15	TRBJ2-6
CASSLRTRELFF	TRBV5-1	TRBJ2-2
CASSFPGASYNEQFF	TRBV7-9	TRBJ2-1
CASSLGGLHF	TRBV6-6	TRBJ1-6
CASSLGGASNYGYTF	TRBV11-2	TRBJ1-2
CAISVAGGPSDTQYF	TRBV10-3	TRBJ2-3
CASSFRQGTPTGELFF	TRBV7-9	TRBJ2-2
CASNPGTNNQPQHF	TRBV19	TRBJ1-5
CASSFWTGETEAFF	TRBV5-4	TRBJ1-1
CASSTGLAGTNEQFF	TRBV7-9	TRBJ2-1
CASSSRSTDTQYF	TRBV19	TRBJ2-3
CASSEGLSGLRGNGFF	TRBV6-1	TRBJ2-1
CASSLAGQTPPWDTEAFF	TRBV5-1	TRBJ1-1
CASTGGGLFGYTF	TRBV2	TRBJ1-2
CASSNPGPYGYGYTF	TRBV7-9	TRBJ1-2
CASSQPGQGWQDTQYF	TRBV27	TRBJ2-3
CASSQARGEQYF	TRBV4-1	TRBJ2-7
CASSPTTRLPETQYF	TRBV7-9	TRBJ2-5
CASTDGLAGELFF	TRBV5-4	TRBJ2-2
CASSYMRGAYQETQYF	TRBV11-2	TRBJ2-5
CASSFRTINNEQFF	TRBV7-2	TRBJ2-1
CASSPLSGSGYTF	TRBV7-2	TRBJ1-2
CASSQGRNTIYF	TRBV4-1	TRBJ1-3
CASSISAGVGVGQETQYF	TRBV19	TRBJ2-5
CASSLGLGGSEEKLFF	TRBV7-9	TRBJ1-4
CASSGSRAGGAGEQFF	TRBV7-6	TRBJ2-1
CASSVEGAGGANVLTF	TRBV9	TRBJ2-6
CASSGHGAGSSEKLFF	TRBV9	TRBJ1-4
CASRWGTSGRANNEQFF	TRBV5-1	TRBJ2-1
CSASETSKGTGELFF	TRBV20-1	TRBJ2-2
CASGLLSGGLYNEQFF	TRBV12-5	TRBJ2-1
CASSPGTDPFNYGYTF	TRBV18	TRBJ1-2
CASSSAGGTPYNEQFF	TRBV18	TRBJ2-1
CASSYSRTANEKLFF	TRBV6-2	TRBJ1-4
CASSTSMIGGNEQFF	TRBV19	TRBJ2-1
CASRDRGPYNEQFF	TRBV12-4	TRBJ2-1
CASSGTGGKTQYF	TRBV7-2	TRBJ2-5
CASIALAETGELFF	TRBV6-2	TRBJ2-2
CASSGRDRAYNEQFF	TRBV27	TRBJ2-1
CASSLEANTEAFF	TRBV7-8	TRBJ1-1
CASSIDWPGIYGYTF	TRBV19	TRBJ1-2
CASSFGGQPQHF	TRBV27	TRBJ1-5
CASSDKPGLAGPDTQYF	TRBV6-4	TRBJ2-3
CSAKDPPGYTF	TRBV20-1	TRBJ1-2
CASSLYGGAGEQYF	TRBV7-3	TRBJ2-7
CASSATGGAGHTEAFF	TRBV7-3	TRBJ1-1
CASSPGTGDADEQYF	TRBV27	TRBJ2-7
CASSSGLDKYNEQFF	TRBV13	TRBJ2-1
CASSLMTGLGDTGELFF	TRBV6-5	TRBJ2-2
CASSFLTGSYGYTF	TRBV27	TRBJ1-2
CATGQGPSYEQYF	TRBV10-3	TRBJ2-7
CATSGTAGETQYF	TRBV15	TRBJ2-5
CASSNQDRGAQETQYF	TRBV19	TRBJ2-5
CASSPGDFFRDTIYF	TRBV27	TRBJ1-3
CASSSGGQRATEAFF	TRBV13	TRBJ1-1
CASSLIPRFHQPQHF	TRBV7-9	TRBJ1-5
CASGLQGARDTEAFF	TRBV12-5	TRBJ1-1
CASNSGLGTEAFF	TRBV7-9	TRBJ1-1
CASSLFLGGANVLTF	TRBV27	TRBJ2-6
CSVEWLNNEQFF	TRBV29-1	TRBJ2-1
CASSRGPDTQYF	TRBV12-4	TRBJ2-3
CATSERYGRVYNEQFF	TRBV24-1	TRBJ2-1
CASSLVIAGPYQFF	TRBV14	TRBJ2-1
CASSLVGGTDEKLFF	TRBV7-9	TRBJ1-4
CASSLEVGESLHF	TRBV5-1	TRBJ1-6
CASSVDNHYEQYF	TRBV9	TRBJ2-7
CASNTEYNEQFF	TRBV3-1	TRBJ2-1
CASSSTGTSDGETQYF	TRBV19	TRBJ2-5
CASTPEKSLGPGTQYF	TRBV6-6	TRBJ2-5
CSAQGGLESGELFF	TRBV20-1	TRBJ2-2
CSARVPAASANTGELFF	TRBV20-1	TRBJ2-2
CASSFGGYTDTQYF	TRBV5-4	TRBJ2-3
CSARGTSGMGYEQYF	TRBV20-1	TRBJ2-7
CASSQTSGSSYEQYF	TRBV3-1	TRBJ2-7
CASSFPSAEQYF	TRBV5-1	TRBJ2-7
CAWSSGEGTDTQYF	TRBV30	TRBJ2-3
CASSPLGGSSYNEQFF	TRBV6-5	TRBJ2-1
CASSLGVIAGGLNEQFF	TRBV7-2	TRBJ2-1
CASSPGLGQTEAFF	TRBV11-3	TRBJ1-1
CASSEGDTQYF	TRBV27	TRBJ2-3
CASSGTSGNTGELFF	TRBV10-2	TRBJ2-2
CATGTAPSYEQYF	TRBV19	TRBJ2-7
CASSFENSYEQYF	TRBV5-1	TRBJ2-7
CASSSRHVTGRNEQFF	TRBV12-3	TRBJ2-1
CASSWTGGSLLNTEAFF	TRBV27	TRBJ1-1
CASSYTLSTGGVSNQPQHF	TRBV6-3	TRBJ1-5
CASSPPGQGFGELFF	TRBV28	TRBJ2-2
CASSFQETQYF	TRBV5-6	TRBJ2-5
CASSTHDRGRSNQPQHF	TRBV19	TRBJ1-5
CASSLLPRPGNTIYF	TRBV27	TRBJ1-3
CATKDGESYGYTF	TRBV10-2	TRBJ1-2
CASSTPSQGTNTGELFF	TRBV2	TRBJ2-2
CATGTSGNEQFF	TRBV10-1	TRBJ2-1
CASSLFSGGDSSYEQYF	TRBV5-1	TRBJ2-7
CASSARDQDEKLFF	TRBV5-4	TRBJ1-4
CSALSGNTIYF	TRBV20-1	TRBJ1-3
CASSIGEIEQFF	TRBV19	TRBJ2-1
CATNVANTGELFF	TRBV24-1	TRBJ2-2
CASSPRVFSPGTDTQYF	TRBV7-2	TRBJ2-3
CASSVAGTNPTDTQYF	TRBV9	TRBJ2-3
CASSQGSAGNQPQHF	TRBV6-2	TRBJ1-5
CASSPRPLSGNTIYF	TRBV9	TRBJ1-3
CASSGRAGPLLSGANVLTF	TRBV5-4	TRBJ2-6
CASSQPYRSDYGYTF	TRBV4-1	TRBJ1-2
CASSLTVAGVYPGYEQYF	TRBV7-9	TRBJ2-7
CATSRDQVLAPSYNEQFF	TRBV15	TRBJ2-1
CSAGDRGYEQYF	TRBV20-1	TRBJ2-7
CASSLGQGALVPGELFF	TRBV27	TRBJ2-2
CASSSEDSSNQPQHF	TRBV12-3	TRBJ1-5
CSARAGGDGETQYF	TRBV20-1	TRBJ2-5
CASTQNRENTEAFF	TRBV27	TRBJ1-1
CAISDGTGVSPLHF	TRBV10-3	TRBJ1-6
CASSDFGRTEAFF	TRBV13	TRBJ1-1
CSASRGEVGELFF	TRBV20-1	TRBJ2-2
CASTLRESEAFF	TRBV6-5	TRBJ1-1
CASSFLGKSYEQYF	TRBV6-2	TRBJ2-7
CASSYSGGDTEAFF	TRBV6-5	TRBJ1-1
CAIKTSGRAYEQYF	TRBV10-3	TRBJ2-7
CASTRESTDTQYF	TRBV2	TRBJ2-3
CASSLGTNSGNTIYF	TRBV5-1	TRBJ1-3
CASSRTTSGEDTDTQYF	TRBV7-6	TRBJ2-3
CASSFQDTQYF	TRBV7-2	TRBJ2-3
CATSKDRVSEQYF	TRBV15	TRBJ2-7
CATAGSLGYEQFF	TRBV5-1	TRBJ2-1
CASSLERVSEKLFF	TRBV7-9	TRBJ1-4
CASSQGKRDEQFF	TRBV3-1	TRBJ2-1
CASSPPLTGELFF	TRBV5-1	TRBJ2-2
CASSPGTQGIEDTQYF	TRBV19	TRBJ2-3
CASSPKHHTEAFF	TRBV5-1	TRBJ1-1
CASSQSWGDSYEQYF	TRBV4-2	TRBJ2-7
CASSQGQGAQNQPQHF	TRBV4-1	TRBJ1-5
CASSPLSGRYNEQFF	TRBV27	TRBJ2-1
CASSFARRVNTEAFF	TRBV5-6	TRBJ1-1
CAIRDVEETQYF	TRBV10-3	TRBJ2-5
CSARDRLAGEYSEQYF	TRBV20-1	TRBJ2-7
CSVVRDNGNEQFF	TRBV29-1	TRBJ2-1
CASSLVGGGTDTQYF	TRBV7-3	TRBJ2-3
CASSDRLQQETQYF	TRBV2	TRBJ2-5
CASSLEGQTNGELFF	TRBV5-1	TRBJ2-2
CASCAGGQGSDTQYF	TRBV19	TRBJ2-3
CAWSVDNMNTEAFF	TRBV30	TRBJ1-1
CASSDSNTGELFF	TRBV6-4	TRBJ2-2
CSVGRAQNEQFF	TRBV29-1	TRBJ2-1
CAISLGTSGRESYNEQFF	TRBV10-3	TRBJ2-1
CASSLRYDSYEQYF	TRBV5-1	TRBJ2-7
CASSIWDFSTEAFF	TRBV19	TRBJ1-1
CASSPSRPWGPHSNTGELFF	TRBV27	TRBJ2-2
CASSLRGDRGDTQYF	TRBV27	TRBJ2-3
CASSQEDSWGDTQYF	TRBV14	TRBJ2-3
CASWGLGLGEQYF	TRBV7-9	TRBJ2-7
CASGWDRTGYTF	TRBV12-5	TRBJ1-2
CASRLVLAGTGDGYTF	TRBV19	TRBJ1-2
CASSGIGRSKETQYF	TRBV25-1	TRBJ2-5
CASSVVTGGLGTEAFF	TRBV9	TRBJ1-1
CASSIVNEAFF	TRBV12-4	TRBJ1-1
CASKTGDNEQFF	TRBV6-4	TRBJ2-1
CSAMTSEGSGANVLTF	TRBV20-1	TRBJ2-6
CSARSLYDYPNEQFF	TRBV20-1	TRBJ2-1
CASSQFELAGEETQYF	TRBV16	TRBJ2-5
CASRGLAGVGVLSGYNEQFF	TRBV12-3	TRBJ2-1
CAISYRGTTQETQYF	TRBV10-3	TRBJ2-5
CASSSRVSEYYGYTF	TRBV12-4	TRBJ1-2
CASRLAGAADTQYF	TRBV5-1	TRBJ2-3
CASSESFGGGVNTQYF	TRBV10-2	TRBJ2-3
CASSYSGHVYEQYF	TRBV13	TRBJ2-7
CASTVSGTGAWNTEAFF	TRBV12-4	TRBJ1-1
CASSTHRLGTSGGPPDTQYF	TRBV7-9	TRBJ2-3
CASSLVAHTQYF	TRBV5-1	TRBJ2-3
CASSQGRDRPTEAFF	TRBV4-1	TRBJ1-1
CASSYTSGAEQYF	TRBV2	TRBJ2-7
CSARALAGDTYNEQFF	TRBV20-1	TRBJ2-1
CASSLNRDEQYF	TRBV12-3	TRBJ2-7
CASSLGLAGIQETQYF	TRBV13	TRBJ2-5
CASQGSNSPLHF	TRBV10-1	TRBJ1-6
CASSFIGSETQYF	TRBV5-5	TRBJ2-5
CSASGGSIWGETQYF	TRBV20-1	TRBJ2-5
CASSYRQNYGYTF	TRBV14	TRBJ1-2
CASSLLAGAADTQYF	TRBV7-9	TRBJ2-3
CSVELTTGTDTQYF	TRBV29-1	TRBJ2-3
CASSVQGARGYEQYF	TRBV6-1	TRBJ2-7
CASSGVLAASTDTQYF	TRBV28	TRBJ2-3
CASSLLDSPGGYGYTF	TRBV7-9	TRBJ1-2
CASSPQGGSTPYEQYF	TRBV27	TRBJ2-7
CASSLGTGENQPQHF	TRBV27	TRBJ1-5
CASTKGAVSSYNEQFF	TRBV2	TRBJ2-1
CASSALEAGYGYTF	TRBV7-9	TRBJ1-2
CASGNSYEQYF	TRBV10-2	TRBJ2-7
CSARNPGLASWSEDTQYF	TRBV20-1	TRBJ2-3
CASSSPGAGPNNEQFF	TRBV7-9	TRBJ2-1
CASSPWNTEAFF	TRBV7-3	TRBJ1-1
CASSLAGGDTGELFF	TRBV5-5	TRBJ2-2
CASSFYPGTGRPNTEAFF	TRBV5-1	TRBJ1-1
CASSQVKGGDEQFF	TRBV4-1	TRBJ2-1
CASSEDRGIRYEQYF	TRBV6-1	TRBJ2-7
CASSLTIQETQYF	TRBV12-4	TRBJ2-5
CASTASGGDTGELFF	TRBV6-1	TRBJ2-2
CASSPGANNEQFF	TRBV10-1	TRBJ2-1
CASSQYGGGDQYF	TRBV7-2	TRBJ2-5
CASRTLAYGYTF	TRBV7-6	TRBJ1-2
CASGQSPSGMEYEQYF	TRBV6-1	TRBJ2-7
CASSLKNGGPGGIGLHF	TRBV7-9	TRBJ1-6
CASSLTRSTATNEKLFF	TRBV12-4	TRBJ1-4
CASSPDRGRGYTF	TRBV28	TRBJ1-2
CASSLAGGRGRSGANVLTF	TRBV5-4	TRBJ2-6
CASSYLGRDRAIHEQYF	TRBV5-1	TRBJ2-7
CAMGPNTGELFF	TRBV7-9	TRBJ2-2
CASSQDESHYQPQHF	TRBV6-5	TRBJ1-5
CASSIISGNTIYF	TRBV19	TRBJ1-3
CASSSRGAKNIQYF	TRBV5-4	TRBJ2-4
CASSQDVGVGNSPLHF	TRBV14	TRBJ1-6
CASSLSRPTGELFF	TRBV7-9	TRBJ2-2
CASSGTSGGQGYTQYF	TRBV11-2	TRBJ2-3
CASNPSGGYTGELFF	TRBV27	TRBJ2-2
CASSATTSYNEQFF	TRBV12-3	TRBJ2-1
CASSQGVVYEQYF	TRBV4-1	TRBJ2-7
CASSLAQVQYTEAFF	TRBV7-2	TRBJ1-1
CASSEPGRYSSYEQYF	TRBV6-1	TRBJ2-7
CASRGSGDSTSTDTQYF	TRBV5-1	TRBJ2-3
CASSQDLDDTDTQYF	TRBV3-1	TRBJ2-3
CASSSTGGTHNEQFF	TRBV5-1	TRBJ2-1
CASSRLTATNEKLFF	TRBV6-5	TRBJ1-4
CASSLDPSLFATDTQYF	TRBV12-3	TRBJ2-3
CASSVDQLGYNEQFF	TRBV10-1	TRBJ2-1
CASRAGGNTGELFF	TRBV12-5	TRBJ2-2
CASSYGTGGRYEQYF	TRBV7-8	TRBJ2-7
CASSQEFGQSNQPQHF	TRBV4-1	TRBJ1-5
CASGRLSGDRGWDNEKLFF	TRBV7-9	TRBJ1-4
CASSPGLAYEQYF	TRBV19	TRBJ2-7
CASSTQRDRELGYTF	TRBV19	TRBJ1-2
CASSQDNRGATDTQYF	TRBV4-3	TRBJ2-3
CASSYAGGKNTGELFF	TRBV27	TRBJ2-2
CASSDPSGFVNEAFF	TRBV25-1	TRBJ1-1
CASSFGTVYNEQFF	TRBV12-4	TRBJ2-1
CATLAVDSYEQYF	TRBV10-2	TRBJ2-7
CASSQAGGDPYEQYF	TRBV4-1	TRBJ2-7
CALRLPNTGELFF	TRBV19	TRBJ2-2
CASSLTENTEAFF	TRBV11-2	TRBJ1-1
CASSTQTGGREQYF	TRBV2	TRBJ2-7
CASSPIRGNQPQHF	TRBV18	TRBJ1-5
CASSTIAGGYNEQFF	TRBV28	TRBJ2-1
CASSLVDSGSSYNEQFF	TRBV7-9	TRBJ2-1
CASSPNANEQYF	TRBV12-3	TRBJ2-7
CASSLSGGNTGELFF	TRBV7-3	TRBJ2-2
CASTSQQAHDSPLHF	TRBV2	TRBJ1-6
CASGSPGTQYF	TRBV6-5	TRBJ2-3
CASSHTRLPNYGYTF	TRBV14	TRBJ1-2
CASSLSRTRYGYTF	TRBV27	TRBJ1-2
CASSPAGGTLYEQYF	TRBV18	TRBJ2-7
CASADSYGYTF	TRBV9	TRBJ1-2
CASSTRDSLLETQYF	TRBV28	TRBJ2-5
CASSLELDIQYF	TRBV11-3	TRBJ2-4
CASSLLSGGLRQPQHF	TRBV27	TRBJ1-5
CASSPWGSGGAGDTQYF	TRBV4-1	TRBJ2-3
CATSEGTVSNQPQHF	TRBV24-1	TRBJ1-5
CASSFVGVGTEAFF	TRBV7-2	TRBJ1-1
CASSHGGTEAFF	TRBV28	TRBJ1-1
CASSRDRHHNEQFF	TRBV9	TRBJ2-1
CSASPSGRPSTDTQYF	TRBV20-1	TRBJ2-3
CSSESGTSEAFF	TRBV29-1	TRBJ1-1
CASSSTLGTQYF	TRBV7-9	TRBJ2-5
CSAYGPFGSQHF	TRBV20-1	TRBJ1-5
CASSQELSRRNTEAFF	TRBV16	TRBJ1-1
CASFTREGRGGYTQYF	TRBV7-9	TRBJ2-3
CASSQEDRPLYGYTF	TRBV4-1	TRBJ1-2
CASSYPMGGADGSQETQYF	TRBV12-3	TRBJ2-5
CSSPDPNRPYNEQFF	TRBV29-1	TRBJ2-1
CASSQDRDTQYF	TRBV14	TRBJ2-3
CASSAGTDLISPLHF	TRBV27	TRBJ1-6
CASSLGQALTDTQYF	TRBV5-1	TRBJ2-3
CASSLLGYPMRDTQYF	TRBV7-2	TRBJ2-3
CASSRLPTGSQTDTQYF	TRBV4-1	TRBJ2-3
CASSLRQGEGMGEQFF	TRBV5-1	TRBJ2-1
CASSLSLGQAFNQPQHF	TRBV27	TRBJ1-5
CSARFPSSYEQYF	TRBV20-1	TRBJ2-7
CASSLLATGGNGYTF	TRBV27	TRBJ1-2
CSVNRWGNEKLFF	TRBV29-1	TRBJ1-4
CASSPTGGSGNTIYF	TRBV6-5	TRBJ1-3
CASTPVTGVATQYF	TRBV27	TRBJ2-5
CSVDGQGAGEQYF	TRBV29-1	TRBJ2-7
CASSIGRYEQFF	TRBV19	TRBJ2-1
CASSELEKGGNSPLHF	TRBV25-1	TRBJ1-6
CASSLLVAGVYEQYF	TRBV27	TRBJ2-7
CASSPQTGWGYSNQPQHF	TRBV19	TRBJ1-5
CASSTPMTGGTEAFF	TRBV4-1	TRBJ1-1
CASSGTANMNTEAFF	TRBV7-6	TRBJ1-1
CSVETGGQGAWDTQYF	TRBV29-1	TRBJ2-3
CASSYQAVLSGLSTDTQYF	TRBV6-5	TRBJ2-3
CASNEDRATYNEQFF	TRBV7-2	TRBJ2-1
CASSFGAGVTEAFF	TRBV27	TRBJ1-1
CASSLGGGGVDEKLFF	TRBV5-4	TRBJ1-4
CASSIVDAGLYEQYF	TRBV19	TRBJ2-7
CASSEASYGATYNEQFF	TRBV6-1	TRBJ2-1
CASSQGQGSYFEQFF	TRBV6-5	TRBJ2-1
CASSFTSGGYEQYF	TRBV9	TRBJ2-7
CASSPGLAGGPDTGELFF	TRBV4-3	TRBJ2-2
CASSQSRGLSNQPQHF	TRBV4-2	TRBJ1-5
CAWSMGGSAGYTF	TRBV30	TRBJ1-2
CASSSIQGAAGELFF	TRBV7-2	TRBJ2-2
CASSRFRDSTNEQFF	TRBV5-6	TRBJ2-1
CSVDRGNLKAQHF	TRBV29-1	TRBJ1-5
CASMGIDTGELFF	TRBV2	TRBJ2-2
CASSLGSGRLNTEAFF	TRBV5-1	TRBJ1-1
CASNPGDTQYF	TRBV2	TRBJ2-3
CASSPTASGSYTQYF	TRBV4-1	TRBJ2-3
CASSTTSGGLDTQYF	TRBV19	TRBJ2-3
CASSPHQAGTQYF	TRBV7-3	TRBJ2-3
CASSPLSNTGELFF	TRBV7-3	TRBJ2-2
CASSLEQGARTDTQYF	TRBV3-1	TRBJ2-3
CSTAESSYNEQFF	TRBV29-1	TRBJ2-1
CSARDTTTGELFF	TRBV20-1	TRBJ2-2
CSASGFGLGYTF	TRBV20-1	TRBJ1-2
CASSMTESGANVLTF	TRBV7-9	TRBJ2-6
CSAVLDRGTGESYEQYF	TRBV20-1	TRBJ2-7
CASSFWGRNVDTQYF	TRBV11-2	TRBJ2-3
CASSGDRVTNEQFF	TRBV10-2	TRBJ2-1
CASSSRPGLAGYWVDTQYF	TRBV6-6	TRBJ2-3
CASIASGPYNEQFF	TRBV25-1	TRBJ2-1
CASSQADRAVYGYTF	TRBV4-1	TRBJ1-2
CASSLELAGLGLAKNIQYF	TRBV5-1	TRBJ2-4
CASSLDSTPRETQYF	TRBV27	TRBJ2-5
CASSLAGSSYGYTF	TRBV27	TRBJ1-2
CASSSDEELLLAKNIQYF	TRBV18	TRBJ2-4
CATSRGRDLDNEQFF	TRBV15	TRBJ2-1
CASSQASGVINEQFF	TRBV3-1	TRBJ2-1
CASSFGGYQPQHF	TRBV7-9	TRBJ1-5
CSVAGTFEAFF	TRBV29-1	TRBJ1-1
CASSVRGQGPHEQYF	TRBV9	TRBJ2-7
CASSPRVEGAWYTEAFF	TRBV5-1	TRBJ1-1
CASSLSTAEAFF	TRBV7-9	TRBJ1-1
CASSRTGGLETQYF	TRBV14	TRBJ2-5
CASSIWAGDPYNEQFF	TRBV5-1	TRBJ2-1
CASTDLNTEAFF	TRBV12-3	TRBJ1-1
CASSPVGGGYNEQFF	TRBV7-6	TRBJ2-1
CASSLLGGYTDTQYF	TRBV27	TRBJ2-3
CASSPPSAGPGEQYF	TRBV18	TRBJ2-7
CASRWDSSYNSPLHF	TRBV27	TRBJ1-6
CASSLTAGGPADTQYF	TRBV7-3	TRBJ2-3
CASSWGSGGETYEQYF	TRBV7-8	TRBJ2-7
CASSQTGTELAGANTGELFF	TRBV4-1	TRBJ2-2
CSVQLHEQFF	TRBV29-1	TRBJ2-1
CASSQDRVLGDTQYF	TRBV3-1	TRBJ2-3
CASSLGNTGELFF	TRBV5-4	TRBJ2-2
CASSLAASVNPAYGQYF	TRBV5-1	TRBJ2-7
CATSRESSGANVLTF	TRBV15	TRBJ2-6
CASSPRPSGGHSTDTQYF	TRBV3-1	TRBJ2-3
CASSPRLAGEINNEQFF	TRBV28	TRBJ2-1
CASSHEGSGGFTF	TRBV4-2	TRBJ1-2
CASSFGENTEAFF	TRBV12-3	TRBJ1-1
CASSLGTRGGAPEAFF	TRBV13	TRBJ1-1
CASSPRQVGYGYTF	TRBV7-4	TRBJ1-2
CSASSGGGYEQYF	TRBV20-1	TRBJ2-7
CATSEAGTEYSNQPQHF	TRBV24-1	TRBJ1-5
CASSPGTGLTRGSGELFF	TRBV4-1	TRBJ2-2
CASSPDLDTQYF	TRBV4-1	TRBJ2-3
CASSRGTESSYNSPLHF	TRBV4-1	TRBJ1-6
CASSLLGDTQYF	TRBV11-2	TRBJ2-3
CASSNTRSNTEAFF	TRBV19	TRBJ1-1
CASKLMGGANGYTF	TRBV27	TRBJ1-2
CASSLQSSGNTIYF	TRBV7-9	TRBJ1-3
CASTTGLAVMEQYF	TRBV12-3	TRBJ2-7
CASSPVSNEQFF	TRBV28	TRBJ2-1
CASSFGLASPFEQFF	TRBV12-3	TRBJ2-1
CATSRGQGVPNEQFF	TRBV15	TRBJ2-1
CASSHEGSSGYTF	TRBV4-2	TRBJ1-2
CAWKPLLANEQFF	TRBV30	TRBJ2-1
CASSDWGQGYGYTF	TRBV6-1	TRBJ1-2
CSARDRAGKETQYF	TRBV20-1	TRBJ2-5
CASSLRGGQPQHF	TRBV5-1	TRBJ1-5
CASSQFLDSSGNTIYF	TRBV7-8	TRBJ1-3
CASSQDLYEQYF	TRBV3-1	TRBJ2-7
CASSLDPAGQGYEQYF	TRBV11-2	TRBJ2-7
CARTLWGGDNSPLHF	TRBV19	TRBJ1-6
CAISSRDGRTDNEQFF	TRBV10-3	TRBJ2-1
CASSLKTGELFF	TRBV11-2	TRBJ2-2
CASLLQGGGYTF	TRBV5-4	TRBJ1-2
CASSLGGRQGVISYEQYF	TRBV5-1	TRBJ2-7
CASSLFLAGGYEQYF	TRBV27	TRBJ2-7
CASSGTSDPADTQYF	TRBV6-6	TRBJ2-3
CSAREALDEQYF	TRBV20-1	TRBJ2-7
CASSHIMDRDHEQYF	TRBV4-2	TRBJ2-7
CASSRPLAGGPYEQYF	TRBV3-1	TRBJ2-7
CASRPRTSEDYEQYF	TRBV4-2	TRBJ2-7
CASSQDAGGMTNEKLFF	TRBV4-3	TRBJ1-4
CSVDRHSYNEQFF	TRBV29-1	TRBJ2-1
CAIRGAGGSRRDEQFF	TRBV6-3	TRBJ2-1
CASSPDRGLNNEQFF	TRBV18	TRBJ2-1
CASTPFASTEAFF	TRBV6-5	TRBJ1-1
CASSPPKGGENYGYTF	TRBV3-1	TRBJ1-2
CASSLVQGGPLVEQFF	TRBV5-4	TRBJ2-1
CSVDETGGGETQYF	TRBV29-1	TRBJ2-5
CASSLIDQETQYF	TRBV13	TRBJ2-5
CASSPTDRANGYTF	TRBV18	TRBJ1-2
CASLRGRPTDTQYF	TRBV7-9	TRBJ2-3
CASSLSGGPETQYF	TRBV5-4	TRBJ2-5
CAISGLTGSPDTQYF	TRBV10-3	TRBJ2-3
CASKLIRGVTEAFF	TRBV27	TRBJ1-1
CASSHPTFIHTQYF	TRBV27	TRBJ2-3
CSARGGADSYEQYF	TRBV20-1	TRBJ2-7
CASSCTGTGYGYTF	TRBV25-1	TRBJ1-2
CATSRRETNEQFF	TRBV15	TRBJ2-1
CSASPGQNSFTEAFF	TRBV20-1	TRBJ1-1
CASSQWRLLGQGSTGELFF	TRBV4-1	TRBJ2-2
CSARLLGSNEQFF	TRBV20-1	TRBJ2-1
CASSSPAEGGQPQHF	TRBV11-1	TRBJ1-5
CASSGVGGWDEQYF	TRBV10-1	TRBJ2-7
CASRALAGGQVEQFF	TRBV6-5	TRBJ2-1
CASSKDSAYEQYF	TRBV5-4	TRBJ2-7
CASKSVGANQPQHF	TRBV19	TRBJ1-5
CATSPGLAGGRQETQYF	TRBV24-1	TRBJ2-5
CASSDWDSSYEQYF	TRBV2	TRBJ2-7
CASSILAGSNEQYF	TRBV4-1	TRBJ2-7
CASSLLTGNQPQHF	TRBV27	TRBJ1-5
CASSLYGNLGTGELFF	TRBV27	TRBJ2-2
CASSPPSPGLALNEQFF	TRBV7-6	TRBJ2-1
CASSYSEPVDSGANVLTF	TRBV6-5	TRBJ2-6
CSVDARQWNTEAFF	TRBV29-1	TRBJ1-1
CATAPRERSYEQYF	TRBV2	TRBJ2-7
CASNRGNTGELFF	TRBV12-3	TRBJ2-2
CSVMDSISYEQYF	TRBV29-1	TRBJ2-7
CASSPQQGFTGYTF	TRBV27	TRBJ1-2
CASSSWNTEAFF	TRBV11-2	TRBJ1-1
CTSSQTQLWETQYF	TRBV7-2	TRBJ2-5
CASSLLYGGGFQTQYF	TRBV27	TRBJ2-5
CASSNSLGDEAFF	TRBV12-4	TRBJ1-1
CSARGYSGLQETQYF	TRBV20-1	TRBJ2-5
CASSFDRGSAGNTIYF	TRBV5-8	TRBJ1-3
CASSSIAGPIEQFF	TRBV7-9	TRBJ2-1
CASSVVAGVGYEQYF	TRBV6-5	TRBJ2-7
CSVESSEQFF	TRBV29-1	TRBJ2-1
CASSVDSYSNQPQHF	TRBV7-8	TRBJ1-5
CASSLHDRSGARTEAFF	TRBV7-9	TRBJ1-1
CASSDGTGLNEQYF	TRBV6-5	TRBJ2-7
CASRTPRGLAGLRETQYF	TRBV2	TRBJ2-5
CASSVTGHPNTEAFF	TRBV9	TRBJ1-1
CSALPGLAGSNEQFF	TRBV20-1	TRBJ2-1
CASSNPGTAQREQYF	TRBV7-9	TRBJ2-7
CASSESTGTGGGQPQHF	TRBV7-6	TRBJ1-5
CSVGAGGNTIYF	TRBV29-1	TRBJ1-3
CASTLGASGGNEQFF	TRBV13	TRBJ2-1
CASSPSQGGNTDTQYF	TRBV18	TRBJ2-3
CASSLVGQGRDYGYTF	TRBV7-2	TRBJ1-2
CSARNPSGTNNEQFF	TRBV20-1	TRBJ2-1
CASSSRLAGGIVYNEQFF	TRBV27	TRBJ2-1
CASSQVLGQANQPQHF	TRBV4-1	TRBJ1-5
CASSVGPGNTIYF	TRBV27	TRBJ1-3
CASSLASNLGYGYTF	TRBV5-5	TRBJ1-2
CATLKQGAMDWETQYF	TRBV25-1	TRBJ2-5
CASSIGTANQPQHF	TRBV9	TRBJ1-5
CAWNLGQVNTEAFF	TRBV30	TRBJ1-1
CASSPQGINTEAFF	TRBV7-9	TRBJ1-1
CASRDGGRIDETQYF	TRBV25-1	TRBJ2-5
CASRNLGGGTNSPLHF	TRBV10-2	TRBJ1-6
CASSDLADTDTQYF	TRBV2	TRBJ2-3
CASEGGGASTTDTQYF	TRBV2	TRBJ2-3
CASSEAWGTPLWGEKLFF	TRBV6-1	TRBJ1-4
CASSPVLSYNEQFF	TRBV18	TRBJ2-1
CASTTGANVLTF	TRBV27	TRBJ2-6
CASSIGGGDEQFF	TRBV19	TRBJ2-1
CASSPRTKSFLSYGYTF	TRBV28	TRBJ1-2
CSARDQLREDNYGYTF	TRBV20-1	TRBJ1-2
CSVEDRGISGANVLTF	TRBV29-1	TRBJ2-6
CASSLTGTALNSYEQYF	TRBV27	TRBJ2-7
CSAVPGLALGEQYF	TRBV20-1	TRBJ2-7
CASSADKLYGYTF	TRBV9	TRBJ1-2
CAISESWRFSTDTQYF	TRBV10-3	TRBJ2-3
CASSSDNEQFF	TRBV5-6	TRBJ2-1
CSAQGGPFHEQYF	TRBV29-1	TRBJ2-7
CASSTGGGSYGYTF	TRBV5-4	TRBJ1-2
CASSLGLAATYNEQFF	TRBV5-1	TRBJ2-1
CASSEWGTGDQPQHF	TRBV10-2	TRBJ1-5
CASSLQGTVGNTIYF	TRBV13	TRBJ1-3
CASKTGQGSTDTQYF	TRBV2	TRBJ2-3
CASSMSQTGNTEAFF	TRBV19	TRBJ1-1
CASSRLALLTDTQYF	TRBV4-2	TRBJ2-3
CATSRDLAEVNTEAFF	TRBV15	TRBJ1-1
CASRLLAGGSSIQYF	TRBV27	TRBJ2-4
CSATPRDSNYEQYF	TRBV20-1	TRBJ2-7
CASSLGSANTDTQYF	TRBV27	TRBJ2-3
CASSSADGSYEQYF	TRBV5-1	TRBJ2-7
CASRTGGAGYTF	TRBV6-1	TRBJ1-2
CASPGTGSYNEQFF	TRBV2	TRBJ2-1
CASSWTGTDHYEQYF	TRBV19	TRBJ2-7
CATVNGPQEKLFF	TRBV15	TRBJ1-4
CASSPLAGGPGYNEQFF	TRBV4-1	TRBJ2-1
CASSYGTGFEAFF	TRBV6-5	TRBJ1-1
CASSQDRPRDYGYTF	TRBV4-1	TRBJ1-2
CASMGNFQETQYF	TRBV27	TRBJ2-5
CASSMREPEYGLEQYF	TRBV7-8	TRBJ2-7
CASSAGGGPDTQYF	TRBV9	TRBJ2-3
CASSIAVTGELFF	TRBV19	TRBJ2-2
CASSDGTSLYNEQFF	TRBV10-2	TRBJ2-1
CASGLTSGLAGGRGNEQFF	TRBV12-5	TRBJ2-1
CASSPFATNEKLFF	TRBV18	TRBJ1-4
CASSQAPGGSHSEAFF	TRBV4-2	TRBJ1-1
CASSQDGTGENEQFF	TRBV4-1	TRBJ2-1
CSARDGGQGGSPLHF	TRBV20-1	TRBJ1-6
CASNPGGGFTEAFF	TRBV19	TRBJ1-1
CASSLFVTEAFF	TRBV5-5	TRBJ1-1
CASSFFGNSYEQYF	TRBV5-1	TRBJ2-7
CASSQSTEAFF	TRBV16	TRBJ1-1
CASSLGDGSAQHF	TRBV27	TRBJ1-5
CSARVGYEQYF	TRBV20-1	TRBJ2-7
CASSPRTSGGYEQYF	TRBV13	TRBJ2-7
CASSQESRDYGYTF	TRBV4-1	TRBJ1-2
CASSPSGRFGELFF	TRBV6-3	TRBJ2-2
CSARWGGGTDTQYF	TRBV20-1	TRBJ2-3
CASRGGISGNNEQFF	TRBV27	TRBJ2-1
CAISEAEPQDTQYF	TRBV10-3	TRBJ2-3
CASPGSVSNEQFF	TRBV5-4	TRBJ2-1
CASSEGLGGALYGYTF	TRBV6-1	TRBJ1-2
CASSLDTVAYGYTF	TRBV11-2	TRBJ1-2
CASSKNRDSVAKNIQYF	TRBV7-9	TRBJ2-4
CATSRERFTGELFF	TRBV15	TRBJ2-2
CASSLNSGLDGYTF	TRBV7-2	TRBJ1-2
CASSQAPGFDGELFF	TRBV4-1	TRBJ2-2
CASSLERLAGTVGELFF	TRBV7-9	TRBJ2-2
CASSESEYVTEAFF	TRBV25-1	TRBJ1-1
CSARDPGHLNTIYF	TRBV20-1	TRBJ1-3
CASSLVANTQYF	TRBV7-8	TRBJ2-3
CASSLEGYEQYF	TRBV12-4	TRBJ2-7
CSATGAPTIDEQYF	TRBV20-1	TRBJ2-7
CASTRADTGELFF	TRBV18	TRBJ2-2
CASSSEQGLRNIQYF	TRBV5-5	TRBJ2-4
CASSYGVQGNTIYF	TRBV6-5	TRBJ1-3
CASSSYTGGLNQPQHF	TRBV27	TRBJ1-5
CASSLHQVDTEAFF	TRBV27	TRBJ1-1
CASSDPDRGNYGYTF	TRBV6-3	TRBJ1-2
CASSQDRGQASQYF	TRBV4-1	TRBJ2-3
CASSHRVGNEQFF	TRBV9	TRBJ2-1
CATSVGRANEQFF	TRBV24-1	TRBJ2-1
CSARGVGDSSYNEQFF	TRBV20-1	TRBJ2-1
CASSTTTSGYSTDTQYF	TRBV12-4	TRBJ2-3
CSAREGVRLVAGHQETQYF	TRBV20-1	TRBJ2-5
CASSDFAGLPGYTEAFF	TRBV6-1	TRBJ1-1
CASSLASAPGNRELFF	TRBV7-6	TRBJ2-2
CASSVGEAFF	TRBV2	TRBJ1-1
CASSWDSSYEQYF	TRBV7-9	TRBJ2-7
CASSQETSGTNLGTQYF	TRBV3-1	TRBJ2-5
CAMGPGQVYSGNTIYF	TRBV10-3	TRBJ1-3
CSASTENTGELFF	TRBV20-1	TRBJ2-2
CASSIVRGANTGELFF	TRBV19	TRBJ2-2
CASRELSQYF	TRBV2	TRBJ2-7
CASSLSGYNEQFF	TRBV19	TRBJ2-1
CASSPIYNYGYTF	TRBV14	TRBJ1-2
CASTPAKGGVTEAFF	TRBV19	TRBJ1-1
CASSPEWGYEQYF	TRBV7-9	TRBJ2-7
CASSPGTGGTETQYF	TRBV19	TRBJ2-5
CSARGDYSFHEQFF	TRBV20-1	TRBJ2-1
CASRLFETQYF	TRBV11-2	TRBJ2-5
CASSFGWYEQFF	TRBV5-8	TRBJ2-1
CASSLRPLDMNTEAFF	TRBV12-3	TRBJ1-1
CATSRDRGHTDTQYF	TRBV15	TRBJ2-3
CASGAEGQGSDTQYF	TRBV6-5	TRBJ2-3
CASSDPRTGWAFF	TRBV25-1	TRBJ1-1
CASRPDPTGFFGNEQFF	TRBV2	TRBJ2-1
CATSRDKGGATTGELFF	TRBV15	TRBJ2-2
CASRLFGTEAFF	TRBV7-9	TRBJ1-1
CASSGGTGGPLEQYF	TRBV18	TRBJ2-7
CASSLDYEQFF	TRBV5-1	TRBJ2-1
CASSFARSRLNYGYTF	TRBV7-3	TRBJ1-2
CATRPRGDTEAFF	TRBV15	TRBJ1-1
CASSYGEKLFF	TRBV2	TRBJ1-4
CSVEDTSTQYF	TRBV29-1	TRBJ2-3
CASSSGTGVYGYTF	TRBV6-5	TRBJ1-2
CASSFGTGAYEQYF	TRBV4-1	TRBJ2-7
CSATTQTLDRRIRTDTQYF	TRBV20-1	TRBJ2-3
CASSLYGRGGNTEAFF	TRBV5-4	TRBJ1-1
CASSLRTARSYEQYF	TRBV14	TRBJ2-7
CASSNQGTEAFF	TRBV19	TRBJ1-1
CASSQVGTYGYTF	TRBV14	TRBJ1-2
CASSKGHVNTEAFF	TRBV6-1	TRBJ1-1
CASSNTGGSEAFF	TRBV19	TRBJ1-1
CASSLDSGNTIYF	TRBV5-6	TRBJ1-3
CASSLSQFSPLHF	TRBV27	TRBJ1-6
CASSLGVAGEAFF	TRBV7-8	TRBJ1-1
CASSLGQAAEAFF	TRBV7-6	TRBJ1-1
CASSMGTGLDEQYF	TRBV19	TRBJ2-7
CASSRDSNSNQPQHF	TRBV12-4	TRBJ1-5
CAWSSQTGIYGYTF	TRBV30	TRBJ1-2
CATSDGQGGEKLFF	TRBV24-1	TRBJ1-4
CASSIGNSPLHF	TRBV19	TRBJ1-6
CSARDKRTGELFF	TRBV20-1	TRBJ2-2
CASSPGPGESGYGYTF	TRBV5-1	TRBJ1-2
CASSDSRANTGELFF	TRBV25-1	TRBJ2-2
CASSVGPLLRRLFF	TRBV9	TRBJ2-2
CASSSSYLAGGRDTQYF	TRBV2	TRBJ2-3
CASSVSSEWNTEAFF	TRBV6-1	TRBJ1-1
CASSIIGLQGNEQFF	TRBV6-5	TRBJ2-1
CASSPLREHTGELFF	TRBV18	TRBJ2-2
CASSPDRGHGYTF	TRBV12-3	TRBJ1-2
CASSQKGSGVYTF	TRBV14	TRBJ1-2
CSVGVKNTEAFF	TRBV29-1	TRBJ1-1
CASSFVNTGELFF	TRBV12-4	TRBJ2-2
CASSLEAGSYNEQFF	TRBV11-3	TRBJ2-1
CASRGLADYEQYF	TRBV27	TRBJ2-7
CASSPAHTGELFF	TRBV13	TRBJ2-2
CASGTETQYF	TRBV27	TRBJ2-5
CASSPGGIHEQYF	TRBV27	TRBJ2-7
CSVGQPANYGYTF	TRBV29-1	TRBJ1-2
CASSSSWGATEAFF	TRBV9	TRBJ1-1
CASSPPASGRTRFQWGQYF	TRBV5-6	TRBJ2-5
CASSWTGTSNQPQHF	TRBV11-2	TRBJ1-5
CASSAGDGTDTQYF	TRBV25-1	TRBJ2-3
CASSLSSRDTGELFF	TRBV7-3	TRBJ2-2
CASSLLGVSYYNEQFF	TRBV7-9	TRBJ2-1
CASSQFGGTEAFF	TRBV16	TRBJ1-1
CASSPTSGGADTQYF	TRBV6-5	TRBJ2-3
CASSSWATGANVLTF	TRBV12-4	TRBJ2-6
CSARVSGTSGSSNEQYF	TRBV20-1	TRBJ2-7
CASSWGLAGGGTGELFF	TRBV27	TRBJ2-2
CASSQDWVTGELFF	TRBV4-3	TRBJ2-2
CASSARGLAGELFF	TRBV9	TRBJ2-2
CASSTSGGVFREQFF	TRBV13	TRBJ2-1
CASSFPDNTGELFF	TRBV7-8	TRBJ2-2
CASSGPSNEQFF	TRBV9	TRBJ2-1
CASSEMNTEAFF	TRBV25-1	TRBJ1-1
CASTRGGTQYF	TRBV19	TRBJ2-3
CSVGSDIYGYTF	TRBV29-1	TRBJ1-2
CASSYGLAGPSYNEQFF	TRBV6-5	TRBJ2-1
CASRAGELDTDTQYF	TRBV5-5	TRBJ2-3
CSVTGTTYEQYF	TRBV29-1	TRBJ2-7
CASSPAGFSGGATDTQYF	TRBV6-5	TRBJ2-3
CASSWGQDSYGYTF	TRBV27	TRBJ1-2
CASSPVAGTPHEQYF	TRBV27	TRBJ2-7
CASSESGSGNEQYF	TRBV9	TRBJ2-7
CASSFFLAGVSDTQYF	TRBV5-1	TRBJ2-3
CASSQARMAEQFF	TRBV3-1	TRBJ2-1
CASSSRGDYGYTF	TRBV5-5	TRBJ1-2
CASSLPPRSGAAYNEQFF	TRBV18	TRBJ2-1
CASSLVAEYNEKLFF	TRBV12-4	TRBJ1-4
CSAREQRGYNEQFF	TRBV20-1	TRBJ2-1
CASSLAITSGSDTQYF	TRBV7-9	TRBJ2-3
CASSKTGTNTDTQYF	TRBV6-5	TRBJ2-3
CASSFIVGGQETQYF	TRBV7-2	TRBJ2-5
CASSVERGPYNEQFF	TRBV7-2	TRBJ2-1
CASSPSVPAEYNSPLHF	TRBV18	TRBJ1-6
CSVEDQLRETDTQYF	TRBV29-1	TRBJ2-3
CASSVAGQDTDTQYF	TRBV9	TRBJ2-3
CAIPVIRRPFYGYTF	TRBV10-3	TRBJ1-2
CASSPFGGSGTGELFF	TRBV13	TRBJ2-2
CASSLSFLGRETQYF	TRBV5-6	TRBJ2-5
CASSLSRGQTSYEQYF	TRBV7-9	TRBJ2-7
CASSQAEKTGELFF	TRBV3-1	TRBJ2-2
CASSLDSRGASYNEQFF	TRBV11-2	TRBJ2-1
CSVEGRAQGYTF	TRBV29-1	TRBJ1-2
CSVDPRLPGLTNNEQFF	TRBV29-1	TRBJ2-1
CASTGGSSYNEQFF	TRBV5-6	TRBJ2-1
CASSQDTKTQYF	TRBV4-1	TRBJ2-5
CASSTWDLNTEAFF	TRBV19	TRBJ1-1
CASSFVTASYEQYF	TRBV5-1	TRBJ2-7
CASSPPGPLKADTQYF	TRBV18	TRBJ2-3
CSALAGNEQFF	TRBV20-1	TRBJ2-1
CASSQDPQGRQPQHF	TRBV4-1	TRBJ1-5
CASSGGNILDGYTF	TRBV6-1	TRBJ1-2
CASSFQGNYEQYF	TRBV5-8	TRBJ2-7
CASSPKLQGAWAEKLFF	TRBV18	TRBJ1-4
CAISSGYEQYF	TRBV10-3	TRBJ2-7
CASSNRTSGASTDTQYF	TRBV7-9	TRBJ2-3
CASRSRLAGASTDTQYF	TRBV6-3	TRBJ2-3
CASREGMTEAFF	TRBV6-1	TRBJ1-1
CASSRDRTGRANYGYTF	TRBV7-7	TRBJ1-2
CASSPHQDRVTDTQYF	TRBV7-3	TRBJ2-3
CASSLRTGGFPSGTSGSTDTQYF	TRBV4-1	TRBJ2-3
CSVRLAGGKNEQFF	TRBV29-1	TRBJ2-1
CASSDAWSSYEQYF	TRBV5-1	TRBJ2-7
CASSSVTGTPLEAFF	TRBV13	TRBJ1-1
CASSPYREPLYEQYF	TRBV18	TRBJ2-7
CASSMYTNTEAFF	TRBV19	TRBJ1-1
CASSAVTEYSNQPQHF	TRBV6-6	TRBJ1-5
CATSPGDEQYF	TRBV15	TRBJ2-7
CASSLLSSGRVNEQFF	TRBV12-4	TRBJ2-1
CASSPSRFLRGALETQYF	TRBV3-1	TRBJ2-5
CASSFYITGELNRNQPQHF	TRBV7-8	TRBJ1-5
CASSPEYSYSNQPQHF	TRBV27	TRBJ1-5
CASSSFLAGEVYNEQFF	TRBV7-8	TRBJ2-1
CASSYYHRGETQYF	TRBV6-3	TRBJ2-5
CASSTKGGRSGANVLTF	TRBV9	TRBJ2-6
CASSLAGGHNSPLHF	TRBV7-6	TRBJ1-6
CASSWGTGELFF	TRBV5-4	TRBJ2-2
CASSAWGTSSTDTQYF	TRBV5-4	TRBJ2-3
CSARDGTTEAFF	TRBV20-1	TRBJ1-1
CSARGRTSAEREQYF	TRBV20-1	TRBJ2-7
CASSVSGGITGELFF	TRBV9	TRBJ2-2
CSARGQGTGELFF	TRBV20-1	TRBJ2-2
CASSHPALGNYDQLSYNEQFF	TRBV4-2	TRBJ2-1
CASNRDLSSYEQYF	TRBV10-1	TRBJ2-7
CASSLGTVYYEQYF	TRBV11-1	TRBJ2-7
CAISESFSNYNSPLHF	TRBV10-3	TRBJ1-6
CASSPSYSKHYEQYF	TRBV7-2	TRBJ2-7
CASSKKATDTQYF	TRBV7-9	TRBJ2-3
CASSLGQGLNTEAFF	TRBV3-1	TRBJ1-1
CASSHRTSSGYQETQYF	TRBV3-1	TRBJ2-5
CASSPLGDSDSGNTIYF	TRBV7-7	TRBJ1-3
CSVDGLAGIYNEQFF	TRBV29-1	TRBJ2-1
CASSTITGELFF	TRBV19	TRBJ2-2
CASRGTGGGSGQPQHF	TRBV4-1	TRBJ1-5
CASSPFWGGGHTDTQYF	TRBV27	TRBJ2-3
CASSTRDRGSEQFF	TRBV18	TRBJ2-1
CASSSGGAAEQYF	TRBV13	TRBJ2-7
CASSISRGYTEAFF	TRBV19	TRBJ1-1
CSARDPLDYVRTDTQYF	TRBV20-1	TRBJ2-3
CASSGSTSQGGDTGELFF	TRBV9	TRBJ2-2
CASSYGAAYEQYF	TRBV27	TRBJ2-7
CASSPTGEVPFF	TRBV12-3	TRBJ1-1
CASSSSWYGYTF	TRBV12-3	TRBJ1-2
CAAMRVDQETQYF	TRBV30	TRBJ2-5
CASRSAADTQYF	TRBV5-1	TRBJ2-3
CASSFTLWVSNQPQHF	TRBV12-4	TRBJ1-5
CASSWRQPFRKQFF	TRBV4-3	TRBJ2-1
CASSSTNYRNEQFF	TRBV5-6	TRBJ2-1
CASSYSTAGELFF	TRBV6-2	TRBJ2-2
CASSAGQGSIGTEAFF	TRBV10-1	TRBJ1-1
CASSILSGAYEQYF	TRBV19	TRBJ2-7
CASSPPTEETQYF	TRBV3-1	TRBJ2-5
CASSVDGGTQYF	TRBV9	TRBJ2-3
CASSRPDRVFGNTIYF	TRBV3-1	TRBJ1-3
CASSQGRFSEQYF	TRBV19	TRBJ2-7
CSAQPGLADTDTQYF	TRBV20-1	TRBJ2-3
CATSFRGVQFF	TRBV15	TRBJ2-1
CASIGEMNTEAFF	TRBV13	TRBJ1-1
CASSLQQGVYEQYF	TRBV7-6	TRBJ2-7
CSVEEAGRNTEAFF	TRBV29-1	TRBJ1-1
CASSVEDRVNEQFF	TRBV9	TRBJ2-1
CASSMGDRVETQYF	TRBV19	TRBJ2-5
CASSLRQDMNTEAFF	TRBV28	TRBJ1-1
CASSSGLAGGPITGELFF	TRBV27	TRBJ2-2
CASSPYSSGNTIYF	TRBV11-2	TRBJ1-3
CASSSQTSGSTGELFF	TRBV7-9	TRBJ2-2
CASNPSGGYAGELFF	TRBV27	TRBJ2-2
CASSQAGSSYNEQFF	TRBV4-3	TRBJ2-1
CASSQVRGASTEAFF	TRBV4-1	TRBJ1-1
CASSLDRNYEQYF	TRBV5-6	TRBJ2-7
CAISESGLAGGRSNTGELFF	TRBV10-3	TRBJ2-2
CASGNRVSQYF	TRBV12-5	TRBJ2-7
CASSLWLKDFAGGGDTQYF	TRBV28	TRBJ2-3
CASSFARGYEQYF	TRBV27	TRBJ2-7
CASSEDFRKQETQYF	TRBV9	TRBJ2-5
CASKTDNYNSPLHF	TRBV30	TRBJ1-6
CATSDGDKRARETQYF	TRBV24-1	TRBJ2-5
CASSQGTYQETQYF	TRBV4-3	TRBJ2-5
CASSRDRVTDTQYF	TRBV4-3	TRBJ2-3
CASSVGTSGRGNEQFF	TRBV27	TRBJ2-1
CASSPGTNQHSPLHF	TRBV5-1	TRBJ1-6
CASSPTSTLNTEAFF	TRBV27	TRBJ1-1
CASSDPYNEQFF	TRBV6-4	TRBJ2-1
CASSSQELVVHNEQFF	TRBV5-1	TRBJ2-1
CATSDSVKPYEQYF	TRBV15	TRBJ2-7
CASSLLFGNYNSPLHF	TRBV28	TRBJ1-6
CASSVGPEDTEAFF	TRBV6-4	TRBJ1-1
CASSLRQYEQYF	TRBV5-6	TRBJ2-7
CASSQGGGRGQETQYF	TRBV4-1	TRBJ2-5
CASSLAPGGATNEKLFF	TRBV7-6	TRBJ1-4
CAISEEGLGNQPQHF	TRBV10-3	TRBJ1-5
CSARALGLAGANTGELFF	TRBV20-1	TRBJ2-2
CASSLAPSGGDEQYF	TRBV7-2	TRBJ2-7
CASSSGQGAGEKLFF	TRBV5-1	TRBJ1-4
CASSLPSTGPSEIEAFF	TRBV11-2	TRBJ1-1
CASSHPLGGTDTEAFF	TRBV4-1	TRBJ1-1
CSVVGLAGGLIYTDTQYF	TRBV29-1	TRBJ2-3
CASSFRLQRESDTEAFF	TRBV11-2	TRBJ1-1
CASSLKAREAYNSPLHF	TRBV7-2	TRBJ1-6
CASSQEWTGLQETQYF	TRBV4-3	TRBJ2-5
CASSSGLARNEQFF	TRBV5-6	TRBJ2-1
CASSPGPGVNEQFF	TRBV27	TRBJ2-1
CASSVGGGDYEQYF	TRBV9	TRBJ2-7
CASSHLGGRDEQYF	TRBV7-2	TRBJ2-7
CASSLAQGYEQYF	TRBV7-8	TRBJ2-7
CASSRLAGNTDTQYF	TRBV7-3	TRBJ2-3
CASSFPGTAPYEQYF	TRBV12-4	TRBJ2-7
CASSPRQGGKQPQHF	TRBV18	TRBJ1-5
CASRGVTGPRSYEQYF	TRBV6-6	TRBJ2-7
CASSLQGLAVEQFF	TRBV12-3	TRBJ2-1
CASSLKRLWQRYGYTF	TRBV5-1	TRBJ1-2
CASSLSTQGATEAFF	TRBV5-1	TRBJ1-1
CAISEGDLNTEAFF	TRBV10-3	TRBJ1-1
CATSVTGGETQYF	TRBV15	TRBJ2-5
CASSPTGGSYGYTF	TRBV12-3	TRBJ1-2
CASSQESSNWETQYF	TRBV4-3	TRBJ2-5
CASSFPGSGGLDEQFF	TRBV7-9	TRBJ2-1
CASSSHRGFYGYTF	TRBV6-3	TRBJ1-2
CASSQNRVGAEAFF	TRBV4-2	TRBJ1-1
CSARGTEGEQYF	TRBV20-1	TRBJ2-7
CSVGQGVVYGYTF	TRBV20-1	TRBJ1-2
CASSRANTEAFF	TRBV14	TRBJ1-1
CASSYSIRRGVNEQFF	TRBV6-2	TRBJ2-1
CASSSFLTYEQYF	TRBV27	TRBJ2-7
CASSPVEDEQFF	TRBV5-5	TRBJ2-1
CASRGLNTEAFF	TRBV7-2	TRBJ1-1
CASSQAGMTEQFF	TRBV3-1	TRBJ2-1
CSVPGGETETQYF	TRBV20-1	TRBJ2-5
CASSLGDFFSQETQYF	TRBV11-2	TRBJ2-5
CASSLVVREQFF	TRBV7-8	TRBJ2-1
CASKTVRGELFF	TRBV5-1	TRBJ2-2
CASSQWSNEKLFF	TRBV4-1	TRBJ1-4
CASSYQARDRGEHEQYF	TRBV6-5	TRBJ2-7
CASSPGAGTYEQYF	TRBV3-1	TRBJ2-7
CSFIPGHSYEQYF	TRBV29-1	TRBJ2-7
CASRQRVLASDEQFF	TRBV6-1	TRBJ2-1
CASAPPQGLILEQYF	TRBV2	TRBJ2-7
CASSQADTNLENIQYF	TRBV14	TRBJ2-4
CSASEGMGYNEQFF	TRBV20-1	TRBJ2-1
CASSTRTSGSYNEQFF	TRBV4-3	TRBJ2-1
CASSTRTSGINEQFF	TRBV19	TRBJ2-1
CASSFPTSGETQYF	TRBV11-2	TRBJ2-5
CSARDFGSPYNEQFF	TRBV20-1	TRBJ2-1
CASVGGRSYNEQFF	TRBV12-3	TRBJ2-1
CASSQGGGWTEAFF	TRBV4-2	TRBJ1-1
CASSRTGLNTEAFF	TRBV27	TRBJ1-1
CATSRDISIGSYEQYF	TRBV15	TRBJ2-7
CASSTNTEAFF	TRBV27	TRBJ1-1
CTSSFYFTGAPYNEQFF	TRBV7-2	TRBJ2-1
CASNHEGSGGYTF	TRBV4-2	TRBJ1-2
CASSSTTPSGRNTDTQYF	TRBV7-9	TRBJ2-3
CASTPENQETQYF	TRBV28	TRBJ2-5
CASSQGTATNSPLHF	TRBV4-2	TRBJ1-6
CSGGLAGGPDPYNEQFF	TRBV29-1	TRBJ2-1
CASSYKVYNEQFF	TRBV6-5	TRBJ2-1
CASSLPRPGGSYNEQFF	TRBV9	TRBJ2-1
CASSPIQMDQSGSYEQYF	TRBV18	TRBJ2-7
CSAPSGTSTDTQYF	TRBV20-1	TRBJ2-3
CASSSSDREMNTEAFF	TRBV7-6	TRBJ1-1
CSASRQSNQPQHF	TRBV20-1	TRBJ1-5
CASSSPPGLAGSHEQFF	TRBV7-2	TRBJ2-1
CASREGVGEQYF	TRBV5-4	TRBJ2-7
CASSFGVGETQYF	TRBV12-3	TRBJ2-5
CSVDPPGAGGFNEQFF	TRBV29-1	TRBJ2-1
CASSLARVYTEAFF	TRBV7-2	TRBJ1-1
CASSSDWSKDNEQFF	TRBV11-2	TRBJ2-1
CSGTGSSYNEQFF	TRBV29-1	TRBJ2-1
CASSLGGSGPQHF	TRBV12-3	TRBJ1-5
CASSFGNRVQETQYF	TRBV27	TRBJ2-5
CASSTGSGELFF	TRBV12-3	TRBJ2-2
CASSLGPGEQFF	TRBV7-9	TRBJ2-1
CSARRLEQYF	TRBV20-1	TRBJ2-7
CASEWGSNSNQPQHF	TRBV2	TRBJ1-5
CASSLGTGAIYNEQFF	TRBV5-1	TRBJ2-1
CSVEDYSTGIISGNTIYF	TRBV29-1	TRBJ1-3
CASSIESLGVTEAFF	TRBV19	TRBJ1-1
CASSYSGNTEAFF	TRBV6-2	TRBJ1-1
CASSRVIDAHTDTQYF	TRBV7-9	TRBJ2-3
CASSLVGGDIQYF	TRBV11-3	TRBJ2-4
CASSVQGAYYGYTF	TRBV19	TRBJ1-2
CASSQVPGADTEAFF	TRBV4-3	TRBJ1-1
CASSLDLGARGYTF	TRBV5-1	TRBJ1-2
CASSQASGGPINEQFF	TRBV13	TRBJ2-1
CAWNLNTEAFF	TRBV30	TRBJ1-1
CAWRGGPYNSPLHF	TRBV30	TRBJ1-6
CASSLIIGVSPNYGYTF	TRBV11-3	TRBJ1-2
CASSLGLAGTDTQYF	TRBV7-9	TRBJ2-3
CASSFRGGGEQFF	TRBV28	TRBJ2-1
CASSVDGRVGNTIYF	TRBV9	TRBJ1-3
CASSFGTDSGNTIYF	TRBV5-6	TRBJ1-3
CAWTRSETQYF	TRBV30	TRBJ2-5
CASSEGTASYGYTF	TRBV9	TRBJ1-2
CASSPWTRQETQYF	TRBV9	TRBJ2-5
CASSPRGWDEQYF	TRBV9	TRBJ2-7
CASSQGDRNDVYGYTF	TRBV4-1	TRBJ1-2
CASSPPGIGGYNEQFF	TRBV7-8	TRBJ2-1
CASSVEGGSGELFF	TRBV9	TRBJ2-2
CASSIALVGSGNTIYF	TRBV19	TRBJ1-3
CATSREGGAPVSNQPQHF	TRBV15	TRBJ1-5
CASSLEGPRSGSIWELFF	TRBV27	TRBJ2-2
CASSIDLQRNTIYF	TRBV19	TRBJ1-3
CASSEGWHSYEQYF	TRBV6-1	TRBJ2-7
CASRRGTTDTQYF	TRBV6-1	TRBJ2-3
CASSSGQKNTEAFF	TRBV6-1	TRBJ1-1
CSVWVAGENTEAFF	TRBV29-1	TRBJ1-1
CASSYRDSTLYYNEQFF	TRBV27	TRBJ2-1
CSAQRGGADTGELFF	TRBV20-1	TRBJ2-2
CATSRDRGTGNQPQHF	TRBV15	TRBJ1-5
CASAPQGENQPQHF	TRBV12-3	TRBJ1-5
CASSYLAGEGYEQYF	TRBV6-5	TRBJ2-7
CASSRTTTPSYEQYF	TRBV4-1	TRBJ2-7
CASSLGGNTIYF	TRBV5-6	TRBJ1-3
CASSVFGNPGAGANVLTF	TRBV9	TRBJ2-6
CSVVDYGYTF	TRBV29-1	TRBJ1-2
CASSFQTGNEQFF	TRBV27	TRBJ2-1
CASSPGRSYEQYF	TRBV5-1	TRBJ2-7
CASSYPFGGAWDEQFF	TRBV7-2	TRBJ2-1
CASSYRRAGAISSGNTIYF	TRBV7-6	TRBJ1-3
CASSLVAGYGSYNEQFF	TRBV7-6	TRBJ2-1
CASSLFAGTYEQYF	TRBV27	TRBJ2-7
CASSLGTHATNEKLFF	TRBV27	TRBJ1-4
CASTLQGGTGELFF	TRBV27	TRBJ2-2
CASSWGTYEQYF	TRBV5-1	TRBJ2-7
CSARGMATSGGPTDTQYF	TRBV20-1	TRBJ2-3
CASSPDSTGPQETQYF	TRBV5-1	TRBJ2-5
CASSQDVQGQEQETQYF	TRBV4-1	TRBJ2-5
CASSQTRGLISEAFF	TRBV4-2	TRBJ1-1
CASSVEWTSGSEGYNEQFF	TRBV9	TRBJ2-1
CSAADGFSYEQYF	TRBV20-1	TRBJ2-7
CASSPPASGELFF	TRBV7-9	TRBJ2-2
CASSFQGGYSGANVLTF	TRBV13	TRBJ2-6
CASTSTGSGAKNIQYF	TRBV12-3	TRBJ2-4
CASSQEPLTDTQYF	TRBV4-1	TRBJ2-3
CASSMDSSYEQYF	TRBV5-6	TRBJ2-7
CASSPLLSTYNEQFF	TRBV5-5	TRBJ2-1
CASSSGQGLDTQYF	TRBV5-1	TRBJ2-3
CASSFRTGGETQYF	TRBV5-8	TRBJ2-5
CASSLTNRGRGTGELFF	TRBV7-9	TRBJ2-2
CASSLLGGDYNEQFF	TRBV5-1	TRBJ2-1
CASSLIRENQPQHF	TRBV5-6	TRBJ1-5
CASSQVITGRGYEQYF	TRBV4-1	TRBJ2-7
CASSSGLARTDTQYF	TRBV7-3	TRBJ2-3
CASSPEETGELFF	TRBV12-3	TRBJ2-2
CASSPITGTNEKLFF	TRBV6-5	TRBJ1-4
CASSQTGSSGNTIYF	TRBV11-2	TRBJ1-3
CASSELGGAGTGELFF	TRBV9	TRBJ2-2
CSARGTLGGYNEQFF	TRBV20-1	TRBJ2-1
CASSQRQGPEYPGELFF	TRBV4-3	TRBJ2-2
CASLRSGELFF	TRBV6-6	TRBJ2-2
CASSLEGNSYNSPLHF	TRBV7-8	TRBJ1-6
CASSFPGSNEKLFF	TRBV28	TRBJ1-4
CSVANRIEAFF	TRBV29-1	TRBJ1-1
CASSFRYSLYEKLFF	TRBV5-1	TRBJ1-4
CASSLSRGAYEQYF	TRBV6-5	TRBJ2-7
CASSLGGEKLFF	TRBV7-9	TRBJ1-4
CASSWETGGTGYTF	TRBV12-3	TRBJ1-2
CASSPGTSGKETQYF	TRBV5-1	TRBJ2-5
CASSYQGQLPYNEQFF	TRBV6-6	TRBJ2-1
CSVEHYQETQYF	TRBV29-1	TRBJ2-5
CASSFEGGGSLGEQYF	TRBV27	TRBJ2-7
CASRDRGDYGYTF	TRBV14	TRBJ1-2
CASSSEQGTQRGYTF	TRBV5-5	TRBJ1-2
CSVQGGGYNEQYF	TRBV29-1	TRBJ2-7
CASSRTGGTDTQYF	TRBV7-6	TRBJ2-3
CASSFALFINTEAFF	TRBV28	TRBJ1-1
CATLRGVGYGYTF	TRBV27	TRBJ1-2
CSAPTSGAPETQYF	TRBV20-1	TRBJ2-5
CANREGGTDTQYF	TRBV12-4	TRBJ2-3
CASSPYGGSANEKLFF	TRBV19	TRBJ1-4
CASSPLGGRTEAFF	TRBV6-5	TRBJ1-1
CSAHLTPSYNEQFF	TRBV20-1	TRBJ2-1
CASSGTGSETGELFF	TRBV5-4	TRBJ2-2
CASSPSDRADEQFF	TRBV7-8	TRBJ2-1
CASREGTSGGETQYF	TRBV2	TRBJ2-5
CASSLGQGYEQYF	TRBV10-2	TRBJ2-7
CASSQWSGVGGGTEAFF	TRBV4-3	TRBJ1-1
CASSNRDRGNYEQFF	TRBV7-9	TRBJ2-1
CSVEEGAYEQYF	TRBV29-1	TRBJ2-7
CASSPYTGTGPEQYF	TRBV18	TRBJ2-7
CATSRVDDRVDGYTF	TRBV15	TRBJ1-2
CASSFGQGGYTGELFF	TRBV12-4	TRBJ2-2
CAISESLSQPQHF	TRBV10-3	TRBJ1-5
CASSLYSGRIGGETQYF	TRBV5-1	TRBJ2-5
CASSADRGREKLFF	TRBV7-9	TRBJ1-4
CASSGTGRLTMNTEAFF	TRBV2	TRBJ1-1
CASSASGTFLGNEQFF	TRBV9	TRBJ2-1
CAWSVGGGEAFF	TRBV30	TRBJ1-1
CASSSVDEQFF	TRBV12-3	TRBJ2-1
CASSEQQGALQETQYF	TRBV7-9	TRBJ2-5
CASRGQPNTGELFF	TRBV19	TRBJ2-2
CSASGSSVRSTYEQYF	TRBV20-1	TRBJ2-7
CATSDLLAGGKTGELFF	TRBV24-1	TRBJ2-2
CAISEPQLSYTDTQYF	TRBV10-3	TRBJ2-3
CASSLQTGAGGFGYTF	TRBV6-5	TRBJ1-2
CASSYIPAGTTDTQYF	TRBV6-3	TRBJ2-3
CASSLGVNTEAFF	TRBV12-3	TRBJ1-1
CASSGGTDRGDTQYF	TRBV6-3	TRBJ2-3
CASSLIRGQGGLRDRGEQFF	TRBV11-2	TRBJ2-1
CASSRSLGNQPQHF	TRBV5-6	TRBJ1-5
CASSLGTGGYNEQFF	TRBV7-9	TRBJ2-1
CSVEVGSNQPQHF	TRBV29-1	TRBJ1-5
CSVDQGANSYEQYF	TRBV29-1	TRBJ2-7
CATSQPGVNTEAFF	TRBV15	TRBJ1-1
CASSVDRTYEQYF	TRBV5-1	TRBJ2-7
CASSPPPGVSMNTEAFF	TRBV18	TRBJ1-1
CASSFSQGAFSETQYF	TRBV12-4	TRBJ2-5
CASSPGTHNEQFF	TRBV27	TRBJ2-1
CASSLGFSGAGELFF	TRBV7-9	TRBJ2-2
CASSAMDRDEQYF	TRBV9	TRBJ2-7
CASSPEGLYYNEQFF	TRBV9	TRBJ2-1
CASISADTQYF	TRBV28	TRBJ2-3
CASSGTGLDNTGELFF	TRBV9	TRBJ2-2
CASSLGVEGNSNQPQHF	TRBV12-4	TRBJ1-5
CASREERKAFF	TRBV6-1	TRBJ1-1
CASSIEGAHEETQYF	TRBV19	TRBJ2-5
CASSLGVSNYEQYF	TRBV27	TRBJ2-7
CASSYKTGESYNEQFF	TRBV6-3	TRBJ2-1
CASSLPRFQRGATGELFF	TRBV7-6	TRBJ2-2
CASSLSPATEAFF	TRBV11-3	TRBJ1-1
CATSDLSSGRGYNEQFF	TRBV24-1	TRBJ2-1
CASSLLSGDPERYTF	TRBV7-9	TRBJ1-2
CASRLAGGNYNEQFF	TRBV2	TRBJ2-1
CASSTHDLGGVGSPLHF	TRBV7-9	TRBJ1-6
CSVEDWAAGATEAFF	TRBV29-1	TRBJ1-1
CASSLIEGLSWAQHF	TRBV19	TRBJ1-5
CASTPAVEGEETQYF	TRBV12-4	TRBJ2-5
CSARDGTRDYEQYF	TRBV20-1	TRBJ2-7
CASSQGDSSYEQYF	TRBV3-1	TRBJ2-7
CASSLSQVTNEKLFF	TRBV7-8	TRBJ1-4
CASSRLATTDTQYF	TRBV11-2	TRBJ2-3
CASSLTTLAGVPYEQFF	TRBV7-3	TRBJ2-1
CASSPSGGDYNEQFF	TRBV2	TRBJ2-1
CASSDGRDTEAFF	TRBV6-6	TRBJ1-1
CASSWKQGIEQFF	TRBV7-9	TRBJ2-1
CSASGTGSNYGYTF	TRBV20-1	TRBJ1-2
CASLSGTKGFGEQFF	TRBV7-9	TRBJ2-1
CASSVQRQTANTGELFF	TRBV9	TRBJ2-2
CASRALAGGVTDTQYF	TRBV4-2	TRBJ2-3
CSARDRVGADYTDTQYF	TRBV20-1	TRBJ2-3
CSARDLAGWNSPLHF	TRBV20-1	TRBJ1-6
CASSLLLAGYNEQFF	TRBV11-2	TRBJ2-1
CASKLGGSTGELFF	TRBV27	TRBJ2-2
CASSVGLAGSGYEQYF	TRBV5-1	TRBJ2-7
CASSLPTGGTGELFF	TRBV13	TRBJ2-2
CASSWGQMNTGELFF	TRBV7-2	TRBJ2-2
CSVRQANTGELFF	TRBV20-1	TRBJ2-2
CASKLRGEETQYF	TRBV11-3	TRBJ2-5
CASSPPSEAQYF	TRBV7-9	TRBJ2-5
CASSQDTGTVNSPLHF	TRBV4-3	TRBJ1-6
CATSRDPGSYEQYF	TRBV15	TRBJ2-7
CASSIVPISYNEQFF	TRBV19	TRBJ2-1
CASSLARGPGTEAFF	TRBV5-4	TRBJ1-1
CASSHSLGQYNEQFF	TRBV28	TRBJ2-1
CASSLGGGEQPQHF	TRBV7-9	TRBJ1-5
CAWARITEAFF	TRBV30	TRBJ1-1
CATSPGLAGGWSDTQYF	TRBV24-1	TRBJ2-3
CASSQGGNEQFF	TRBV19	TRBJ2-1
CASPWTGSGPYEQYF	TRBV18	TRBJ2-7
CASSPGQGLSEAFF	TRBV7-8	TRBJ1-1
CASSSRGRSTDTQYF	TRBV25-1	TRBJ2-3
CSVEEGGAGGLETQYF	TRBV29-1	TRBJ2-5
CASSLTSEGYEQYF	TRBV7-8	TRBJ2-7
CSAREIRGEGIHEQFF	TRBV20-1	TRBJ2-1
CASSEAPREQFF	TRBV6-1	TRBJ2-1
CASSFRRDGGYGYTF	TRBV5-6	TRBJ1-2
CASSPSGTEETQYF	TRBV18	TRBJ2-5
CASSFQDGYNEQFF	TRBV7-9	TRBJ2-1
CAWGRNTEAFF	TRBV30	TRBJ1-1
CASSSTSEFPQYF	TRBV10-2	TRBJ2-5
CASSMWGIGEAFF	TRBV19	TRBJ1-1
CASSPVGGSSGNTIYF	TRBV28	TRBJ1-3
CAMGGEQFF	TRBV7-9	TRBJ2-1
CATRREAGGPDTQYF	TRBV15	TRBJ2-3
CASSYSTSGSGRLNEQFF	TRBV6-6	TRBJ2-1
CANDRGAPNQPQHF	TRBV19	TRBJ1-5
CASSLSGTWGEGYTF	TRBV27	TRBJ1-2
CASSFEMATFF	TRBV5-5	TRBJ2-1
CSVLTGTGYEQYF	TRBV29-1	TRBJ2-7
CATSRVRADTQYF	TRBV15	TRBJ2-3
CASSGVAYNEQFF	TRBV9	TRBJ2-1
CASSPGQGTHTPPNEQFF	TRBV11-2	TRBJ2-1
CASSILSPSTEAFF	TRBV19	TRBJ1-1
CASSPIDRNEAFF	TRBV27	TRBJ1-1
CASSLGSGSHPAEQYF	TRBV27	TRBJ2-7
CASSLVLGIRETQYF	TRBV7-8	TRBJ2-5
CASSSLGQGSVNEKLFF	TRBV6-6	TRBJ1-4
CASSLSTDGPISNTGELFF	TRBV12-4	TRBJ2-2
CATSTDLSGVTYEQYF	TRBV15	TRBJ2-7
CASSFLGEGQPQHF	TRBV27	TRBJ1-5
CASSLVGGHQETQYF	TRBV7-3	TRBJ2-5
CASSSPYGTADYQETQYF	TRBV12-4	TRBJ2-5
CASSPGSTDTQYF	TRBV4-3	TRBJ2-3
CASDSGVFSYEQYF	TRBV6-6	TRBJ2-7
CASSSVATEAFF	TRBV7-9	TRBJ1-1
CASSLGAEAFF	TRBV13	TRBJ1-1
CASSQVQGKVSPLHF	TRBV13	TRBJ1-6
CASTIDGWGNQPQHF	TRBV6-1	TRBJ1-5
CASSPGLAGGYEQFF	TRBV3-1	TRBJ2-1
CSSTGTEQFF	TRBV29-1	TRBJ2-1
CASSLGDMTNYGYTF	TRBV7-8	TRBJ1-2
CASSHNTEYNSPLHF	TRBV4-1	TRBJ1-6
CAISNVDTGVGADTQYF	TRBV10-3	TRBJ2-3
CASMALMLQNYGYTF	TRBV27	TRBJ1-2
CASSPAFSPKNQPQHF	TRBV18	TRBJ1-5
CAINNGPLAPPDTQYF	TRBV10-3	TRBJ2-3
CASSPSSNEQFF	TRBV18	TRBJ2-1
CASGLNIDGDEQFF	TRBV12-5	TRBJ2-1
CASSVGGTGYNEQFF	TRBV9	TRBJ2-1
CASSLTGPTTTETQYF	TRBV27	TRBJ2-5
CASSFQEYTEAFF	TRBV28	TRBJ1-1
CASLLEGAEGETQYF	TRBV12-4	TRBJ2-5
CASRETGGYTEAFF	TRBV2	TRBJ1-1
CATSDLRDREQFF	TRBV24-1	TRBJ2-1
CAISEPTGTSGEGEQFF	TRBV10-3	TRBJ2-1
CASSKEQGAYGYTF	TRBV12-3	TRBJ1-2
CASSPSTGGVYGYTF	TRBV18	TRBJ1-2
CASSPRVWTYNEQFF	TRBV3-1	TRBJ2-1
CASSRGTGEQYF	TRBV27	TRBJ2-7
CASRSWTGEADTQYF	TRBV27	TRBJ2-3
CASSYLGEETQYF	TRBV6-5	TRBJ2-5
CASSKGLTEAFF	TRBV19	TRBJ1-1
CASSQGGVTEAFF	TRBV14	TRBJ1-1
CASSWGGQVAFF	TRBV27	TRBJ1-1
CASSVTARGPFLLYNSPLHF	TRBV3-1	TRBJ1-6
CAWQGLSEQFF	TRBV30	TRBJ2-1
CASGLDGGPEQFF	TRBV12-5	TRBJ2-1
CASSLKGTYNSPLHF	TRBV5-6	TRBJ1-6
CASSYQQGAYDGYTF	TRBV7-9	TRBJ1-2
CASIGQDGPDYGYTF	TRBV5-5	TRBJ1-2
CASRPQGVYNEQFF	TRBV7-9	TRBJ2-1
CASSQYHVEGSTEAFF	TRBV4-1	TRBJ1-1
CASSEYRHWGNYGYTF	TRBV25-1	TRBJ1-2
CASSVESIQETQYF	TRBV9	TRBJ2-5
CAWSVYTSGGDTQYF	TRBV30	TRBJ2-3
CATTGSNDEQFF	TRBV24-1	TRBJ2-1
CASSFSGGTGELFF	TRBV12-3	TRBJ2-2
CSARPTSVSPASTDTQYF	TRBV20-1	TRBJ2-3
CASSLDYYSNQPQHF	TRBV7-2	TRBJ1-5
CASTPPGGAGYGYTF	TRBV5-4	TRBJ1-2
CSASPSGVRFTDTQYF	TRBV20-1	TRBJ2-3
CASSLGTGAENTEAFF	TRBV5-4	TRBJ1-1
CASTLPGPEAFF	TRBV5-1	TRBJ1-1
CASSVEVGGLSNSYNEQFF	TRBV9	TRBJ2-1
CASSPGTEPNEKLFF	TRBV28	TRBJ1-4
CAITRLIGTTDTEAFF	TRBV10-3	TRBJ1-1
CSARDLGGLNTEAFF	TRBV20-1	TRBJ1-1
CASSMYDSNQPQHF	TRBV19	TRBJ1-5
CASSLESRLNSPLHF	TRBV5-6	TRBJ1-6
CASSDPNPGQGEHDSNQPQHF	TRBV7-9	TRBJ1-5
CASSSPRESTDTQYF	TRBV27	TRBJ2-3
CASSFFAGEKNEQFF	TRBV7-8	TRBJ2-1
CASSDSGTGGETQYF	TRBV10-1	TRBJ2-5
CASSQGSAPSYEQYF	TRBV4-3	TRBJ2-7
CASRILGTGNQPQHF	TRBV27	TRBJ1-5
CASSFPLQGQGEAFF	TRBV12-4	TRBJ1-1
CASSFYGGDQPQHF	TRBV12-4	TRBJ1-5
CASSFPTSSYGYTF	TRBV5-1	TRBJ1-2
CSVPLQGEYGYTF	TRBV29-1	TRBJ1-2
CASSQVWGSGEKLFF	TRBV3-1	TRBJ1-4
CASSLTSGSSYEQYF	TRBV27	TRBJ2-7
CASSLEGTSSEAFF	TRBV13	TRBJ1-1
CASSEGTGHTDTQYF	TRBV6-1	TRBJ2-3
CASSIGTGNTEAFF	TRBV19	TRBJ1-1
CASSYLQAGGQRNEQFF	TRBV6-3	TRBJ2-1
CASSIDWGTEAFF	TRBV19	TRBJ1-1
CASSILQQGEAFF	TRBV19	TRBJ1-1
CASSMVLGDTEAFF	TRBV19	TRBJ1-1
CASSYTDNQPQHF	TRBV6-3	TRBJ1-5
CASSFRGPPYEQYF	TRBV5-5	TRBJ2-7
CASSLAGTDYTGELFF	TRBV5-1	TRBJ2-2
CASSLSWTGGSYNEQFF	TRBV27	TRBJ2-1
CASSHEVYYEQYF	TRBV4-3	TRBJ2-7
CASSLGLAGYTDTQYF	TRBV7-2	TRBJ2-3
CASSEVEGGTEAFF	TRBV2	TRBJ1-1
CASSFSGDYEQYF	TRBV11-2	TRBJ2-7
CSARDSQQGLGNTIYF	TRBV20-1	TRBJ1-3
CASSLAGDHQPQHF	TRBV5-5	TRBJ1-5
CASSRELSYEQYF	TRBV28	TRBJ2-7
CSVEVAGGQETQYF	TRBV29-1	TRBJ2-5
CASSPLFGREPDGETQYF	TRBV28	TRBJ2-5
CASRGGQGAYNEQFF	TRBV27	TRBJ2-1
CASSFEGMSYEQYF	TRBV28	TRBJ2-7
CASSLSVHLGGNTEAFF	TRBV12-3	TRBJ1-1
CASTKGTGGEQFF	TRBV19	TRBJ2-1
CASRLEGPHNEQFF	TRBV6-4	TRBJ2-1
CASSHPPQRGVSYEQYF	TRBV4-1	TRBJ2-7
CASSQVGRAGSPLHF	TRBV4-1	TRBJ1-6
CASSFMYQSNSPLHF	TRBV7-2	TRBJ1-6
CASSSMNTEAFF	TRBV7-9	TRBJ1-1
CASATGGLYEQYF	TRBV19	TRBJ2-7
CAWSLAGGEQFF	TRBV30	TRBJ2-1
CASTRDGYNEQFF	TRBV19	TRBJ2-1
CSARDLGYGLYNEQFF	TRBV20-1	TRBJ2-1
CATKTGETDTQYF	TRBV24-1	TRBJ2-3
CSATDRFF	TRBV20-1	TRBJ2-1
CASSFLGDRDEQYF	TRBV7-9	TRBJ2-7
CASSSTNEQFF	TRBV12-3	TRBJ2-1
CASSLVQGMNTEAFF	TRBV5-1	TRBJ1-1
CASSLAQGAGGELFF	TRBV27	TRBJ2-2
CASSPAGGEKLFF	TRBV19	TRBJ1-4
CASSLQGRPRDEQYF	TRBV7-9	TRBJ2-7
CASSQWGTEAFF	TRBV11-3	TRBJ1-1
CASNFYFTGAPYNEQFF	TRBV7-8	TRBJ2-1
CSARVEFGTSGQLSSYNEQFF	TRBV20-1	TRBJ2-1
CAWSISDIMNTEAFF	TRBV30	TRBJ1-1
CASSLTGLAGAEQYF	TRBV27	TRBJ2-7
CASSLVHSLWGLSTEAFF	TRBV7-2	TRBJ1-1
CASSWAGGPRDEQYF	TRBV5-1	TRBJ2-7
CASSSGGDYNEQFF	TRBV12-3	TRBJ2-1
CASSFSTDTQYF	TRBV13	TRBJ2-3
CSVPTVNTEAFF	TRBV29-1	TRBJ1-1
CASSALGGAGTGELFF	TRBV9	TRBJ2-2
CASSEGNTGELFF	TRBV6-4	TRBJ2-2
CASSRTAQGDTEAFF	TRBV25-1	TRBJ1-1
CASSSGLISFYEQYF	TRBV5-5	TRBJ2-7
CASSSRDLGEYEQYF	TRBV7-9	TRBJ2-7
CASSPSGGTGTDTQYF	TRBV27	TRBJ2-3
CASSLVTGTGWGYTF	TRBV6-5	TRBJ1-2
CASSVFAGTGYTGELFF	TRBV7-9	TRBJ2-2
CASSQDSKDRGLDGYTF	TRBV4-1	TRBJ1-2
CASSVGGAGYTF	TRBV9	TRBJ1-2
CASSPKLTVSLGANVLTF	TRBV11-2	TRBJ2-6
CASSLSGVPHNNEQFF	TRBV27	TRBJ2-1
CSARDLASGSTDTQYF	TRBV20-1	TRBJ2-3
CASSYQGHYEQYF	TRBV6-5	TRBJ2-7
CASSLLLGLADKGQFF	TRBV7-2	TRBJ2-1
CASSSQRESSDTQYF	TRBV7-2	TRBJ2-3
CASSQEQAEPYEQYF	TRBV4-2	TRBJ2-7
CASSLRNLAELGDTQYF	TRBV28	TRBJ2-3
CASSIMALGRSEAFF	TRBV19	TRBJ1-1
CATSDLTGELFF	TRBV24-1	TRBJ2-2
CASRIGGHTFLFGTEAFF	TRBV11-2	TRBJ1-1
CASSDTGDGNTEAFF	TRBV5-6	TRBJ1-1
CASSLGWVWRITGAYEQYF	TRBV5-5	TRBJ2-7
CASSYGLAGGPWDTDTQYF	TRBV4-3	TRBJ2-3
CSVRLGFTDTQYF	TRBV29-1	TRBJ2-3
CASSHGTRTYEQYF	TRBV4-1	TRBJ2-7
CSATYEQYF	TRBV20-1	TRBJ2-7
CASSLEGQSSYEQYF	TRBV5-5	TRBJ2-7
CASSRLAGADTQYF	TRBV7-2	TRBJ2-3
CASSSGQDLNYGYTF	TRBV6-5	TRBJ1-2
CASSPWTGTLGETQYF	TRBV14	TRBJ2-5
CASSLCCWSHRGLHTDTQYF	TRBV7-9	TRBJ2-3
CASSLSVGLVETQYF	TRBV7-6	TRBJ2-5
CASSTGQAFTDTQYF	TRBV5-5	TRBJ2-3
CASSFTSGDSYNEQFF	TRBV5-1	TRBJ2-1
CASSLGGTGAFRTEAFF	TRBV7-2	TRBJ1-1
CASSSTGNEQFF	TRBV7-9	TRBJ2-1
CASSFPGQGSADTQYF	TRBV7-8	TRBJ2-3
CASSARQGQETQYF	TRBV5-6	TRBJ2-5
CAHSDSIGYTF	TRBV30	TRBJ1-2
CATRRNRGNTYGYTF	TRBV15	TRBJ1-2
CASRQGNTGELFF	TRBV12-4	TRBJ2-2
CASTLGGLNEQFF	TRBV6-3	TRBJ2-1
CASSLSLGTTNYGYTF	TRBV7-8	TRBJ1-2
CSVGGYSGGYEQYF	TRBV20-1	TRBJ2-7
CAWRIDRPYEAFF	TRBV30	TRBJ1-1
CSYSAGEDQPQHF	TRBV29-1	TRBJ1-5
CASRRTGGDLAKNIQYF	TRBV12-3	TRBJ2-4
CATWEGTRETQYF	TRBV6-5	TRBJ2-5
CASSYSVGAAPYNEQFF	TRBV6-3	TRBJ2-1
CATAGGTSEYRTDTQYF	TRBV15	TRBJ2-3
CASIKGGKSNEQFF	TRBV5-5	TRBJ2-1
CSARVGRNEQFF	TRBV20-1	TRBJ2-1
CASSSIGQGIRYGYTF	TRBV7-9	TRBJ1-2
CASSQDLGGGGGNEQFF	TRBV4-3	TRBJ2-1
CASSGGLAGTGELFF	TRBV12-4	TRBJ2-2
CASSQVGGIDLGYTF	TRBV4-1	TRBJ1-2
CASSYFGGNTEAFF	TRBV6-5	TRBJ1-1
CASSVGTGEGTYEQYF	TRBV9	TRBJ2-7
CASSHHSSGGLDTQYF	TRBV4-2	TRBJ2-3
CASTPGEVGNQPQHF	TRBV19	TRBJ1-5
CASSQAQGWYEQYF	TRBV14	TRBJ2-7
CASSLVPFGGALYNEQFF	TRBV11-2	TRBJ2-1
CSVIGGGLSGANVLTF	TRBV29-1	TRBJ2-6
CASSYGQGAYEQYF	TRBV6-3	TRBJ2-7
CAISESGELNQPQHF	TRBV10-3	TRBJ1-5
CARGGRAKNTEAFF	TRBV2	TRBJ1-1
CSVVASQNSKNIQYF	TRBV29-1	TRBJ2-4
CASSSDPGQGASYNEQFF	TRBV27	TRBJ2-1
CASSQVLRVLSYNEQFF	TRBV4-3	TRBJ2-1
CASSFLPGQGPPSGNTIYF	TRBV6-5	TRBJ1-3
CASSSAYYGYTF	TRBV12-4	TRBJ1-2
CASSHTGAEAFF	TRBV6-2	TRBJ1-1
CASRAFDPGTSGSSYNEQFF	TRBV11-3	TRBJ2-1
CASRGGQDYGYTF	TRBV6-1	TRBJ1-2
CASSQVGLGTGELFF	TRBV4-1	TRBJ2-2
CASSEGAGETQYF	TRBV19	TRBJ2-5
CASSPGLNTGELFF	TRBV4-3	TRBJ2-2
CASSLDGGTAYEQYF	TRBV7-9	TRBJ2-7
CASSPKTGAPLYGYTF	TRBV6-5	TRBJ1-2
CASRLGPGGPPDTQYF	TRBV27	TRBJ2-3
CASSLARSQPQHF	TRBV27	TRBJ1-5
CSARFEGGSRHTGELFF	TRBV20-1	TRBJ2-2
CASSRLDNYNEQFF	TRBV28	TRBJ2-1
CASRAGTEIAGNTIYF	TRBV4-1	TRBJ1-3
CSAAGVLGMNTEAFF	TRBV20-1	TRBJ1-1
CASSMGRTQYF	TRBV19	TRBJ2-3
CSAMLGTSGSPPSTDTQYF	TRBV20-1	TRBJ2-3
CASSPQGSYEQYF	TRBV7-9	TRBJ2-7
CSARGGENYGYTF	TRBV20-1	TRBJ1-2
CASSLAERGGGEQYF	TRBV7-6	TRBJ2-7
CASSLAPGATNGKLFF	TRBV7-6	TRBJ1-4
CSVEEGNRGGYEQYF	TRBV29-1	TRBJ2-7
CASSSPGTYNEQFF	TRBV5-1	TRBJ2-1
CSVLRDNNNEQFF	TRBV29-1	TRBJ2-1
CSARDIEIAYEQYF	TRBV20-1	TRBJ2-7
CATSRATGGGPQHF	TRBV15	TRBJ1-5
CASTTTGGETQYF	TRBV19	TRBJ2-5
CSVAPGQGKNHSNQPQHF	TRBV29-1	TRBJ1-5
CASRASYEQYF	TRBV2	TRBJ2-7
CASSPPGTSGSSSYNEQFF	TRBV11-3	TRBJ2-1
CASSPEPGQGGYGYTF	TRBV5-4	TRBJ1-2
CASSPGYTQYF	TRBV12-3	TRBJ2-3
CASSLRDGSEAFF	TRBV5-6	TRBJ1-1
CASSLAWGGFYNEQFF	TRBV27	TRBJ2-1
CASSIRAAETRYF	TRBV19	TRBJ2-5
CASSPGQNTEAFF	TRBV7-9	TRBJ1-1
CASSYTPETTEAFF	TRBV6-5	TRBJ1-1
CASSLEVSGSLGTDTQYF	TRBV11-3	TRBJ2-3
CASSITLGGITGNEQFF	TRBV19	TRBJ2-1
CASSLFQGSSPLHF	TRBV27	TRBJ1-6
CASNIAGDYGYTF	TRBV6-6	TRBJ1-2
CASGTSTNIYEQYF	TRBV19	TRBJ2-7
CATIEGRMNTEAFF	TRBV6-1	TRBJ1-1
CASSPTVLYGYTF	TRBV4-1	TRBJ1-2
CASSVDEQFSYEQYF	TRBV9	TRBJ2-7
CASSRPGQGVSYGYTF	TRBV6-1	TRBJ1-2
CATSRDLTASDYGYTF	TRBV15	TRBJ1-2
CASSSTDRNYGYTF	TRBV5-1	TRBJ1-2
CASRTGSGSYNEQFF	TRBV27	TRBJ2-1
CASSSGQGAKTEAFF	TRBV7-9	TRBJ1-1
CASSTGLIYGYTF	TRBV6-5	TRBJ1-2
CASSSPETQYF	TRBV28	TRBJ2-5
CASRLSGSAYEQYF	TRBV7-8	TRBJ2-7
CASSEGISNQETQYF	TRBV25-1	TRBJ2-5
CASSYGGGGYEQFF	TRBV6-5	TRBJ2-1
CAVHPGMNTGELFF	TRBV15	TRBJ2-2
CASSYQATGPQETQYF	TRBV6-6	TRBJ2-5
CASSLTSGSTDTQYF	TRBV7-8	TRBJ2-3
CASSQDRAVAYNEQFF	TRBV4-3	TRBJ2-1
CASSERGSGGEQYF	TRBV10-1	TRBJ2-7
CASGTGYNEQFF	TRBV27	TRBJ2-1
CAISEGTNTGELFF	TRBV10-3	TRBJ2-2
CASSVGQGAPGYTF	TRBV2	TRBJ1-2
CASSQETDLRSQPQHF	TRBV4-1	TRBJ1-5
CASSSRGGNEQFF	TRBV19	TRBJ2-1
CASSQGRLVRGGYEQYF	TRBV4-1	TRBJ2-7
CASSPPPGTTYEQYF	TRBV9	TRBJ2-7
CASSVAGGTEQYF	TRBV9	TRBJ2-7
CASSYPGGYYGYTF	TRBV5-8	TRBJ1-2
CASSPSASGSNDEQFF	TRBV12-4	TRBJ2-1
CAVNPAGAKTYNEQFF	TRBV10-3	TRBJ2-1
CASSFYFTGAPHNEQFF	TRBV7-8	TRBJ2-1
CASSSANYGYTF	TRBV12-4	TRBJ1-2
CAISDPGHRFGEAFF	TRBV10-3	TRBJ1-1
CASSPRAGDNTEAFF	TRBV7-9	TRBJ1-1
CASRLAGRMDTQYF	TRBV7-2	TRBJ2-3
CSASWGLAGALGGQETQYF	TRBV20-1	TRBJ2-5
CASIGEAGSNTGELFF	TRBV2	TRBJ2-2
CASSEGQNTYEQYF	TRBV6-1	TRBJ2-7
CASSPRTAMNTEAFF	TRBV27	TRBJ1-1
CSVESKINYGYTF	TRBV29-1	TRBJ1-2
CATTAAGGLNTEAFF	TRBV27	TRBJ1-1
CASLRSGGDEQFF	TRBV11-2	TRBJ2-1
CASSLIDAGELFF	TRBV27	TRBJ2-2
CATSTGGTEAFF	TRBV15	TRBJ1-1
CASSSGTGPNEKLFF	TRBV28	TRBJ1-4
CASSDPPTDWSRGLYGYTF	TRBV6-5	TRBJ1-2
CSGSEGNTIYF	TRBV29-1	TRBJ1-3
CSATSWLAGDTDTQYF	TRBV20-1	TRBJ2-3
CSATSNGERTDTQYF	TRBV20-1	TRBJ2-3
CASSPSAGGAGNEQYF	TRBV7-9	TRBJ2-7
CASSIMDRGPGELFF	TRBV7-9	TRBJ2-2
CASSSNPTGLYGYTF	TRBV7-3	TRBJ1-2
CASTLGDEQYF	TRBV25-1	TRBJ2-7
CASSPPGLEWGYTF	TRBV12-3	TRBJ1-2
CASSGTGTSAFATNEKLFF	TRBV5-1	TRBJ1-4
CASGQGNTEAFF	TRBV5-6	TRBJ1-1
CASTDRGTVNEKLFF	TRBV2	TRBJ1-4
CASSQWGLAGEDTQYF	TRBV6-3	TRBJ2-3
CASSPEMAANYGYTF	TRBV7-9	TRBJ1-2
CASNRPGHELVLNTEAFF	TRBV2	TRBJ1-1
CAWSITDTGELFF	TRBV30	TRBJ2-2
CASNQVTETGAYGYTF	TRBV6-5	TRBJ1-2
CASSPSGLLLAGGETQYF	TRBV5-1	TRBJ2-5
CASSYGGNQPQHF	TRBV6-5	TRBJ1-5
CASPNPWLTRIEAFF	TRBV6-5	TRBJ1-1
CASSFYPGQDYGYTF	TRBV7-3	TRBJ1-2
CASRGTDYGYTF	TRBV6-5	TRBJ1-2
CATSDRTSGPADTQYF	TRBV24-1	TRBJ2-3
CASSFGSQETQYF	TRBV12-3	TRBJ2-5
CASSLSGSEGNEQFF	TRBV27	TRBJ2-1
CASKSQGFAEAFF	TRBV25-1	TRBJ1-1
CASSVGTSGTYEQYF	TRBV9	TRBJ2-7
CASSLMGGAHYGYTF	TRBV27	TRBJ1-2
CASSFHRNAEAFF	TRBV11-2	TRBJ1-1
CASSRDANYGYTF	TRBV11-2	TRBJ1-2
CASSEYPGGPGETQYF	TRBV25-1	TRBJ2-5
CSGRGSGGIIYEQFF	TRBV20-1	TRBJ2-1
CASSQDSTGSRGSNQPQHF	TRBV4-1	TRBJ1-5
CASSGTPPFGEQFF	TRBV6-4	TRBJ2-1
CASSFDSKAFF	TRBV5-6	TRBJ1-1
CSASGLAVNEQFF	TRBV20-1	TRBJ2-1
CASSPSSGTGGLATNEKLFF	TRBV18	TRBJ1-4
CASSSWESYEQYF	TRBV27	TRBJ2-7
CASSLGQGYQPQHF	TRBV7-9	TRBJ1-5
CASRGRDRTSTEAFF	TRBV9	TRBJ1-1
CATSDLRNTEAFF	TRBV24-1	TRBJ1-1
CASSQDWGLGHTEAFF	TRBV14	TRBJ1-1
CASSVVGANQETQYF	TRBV6-1	TRBJ2-5
CASSSGLVSNTGELFF	TRBV9	TRBJ2-2
CASSFVRGDNSPLHF	TRBV7-9	TRBJ1-6
CAISDSETNTGELFF	TRBV10-3	TRBJ2-2
CASRERDRGLNQPQHF	TRBV6-1	TRBJ1-5
CASSQELQSYGYTF	TRBV4-1	TRBJ1-2
CASSRGLAGSHQETQYF	TRBV3-1	TRBJ2-5
CSARTGGGDTEAFF	TRBV20-1	TRBJ1-1
CASSGYNEQFF	TRBV9	TRBJ2-1
CASSLGQGAHNEQFF	TRBV7-2	TRBJ2-1
CASSPLEPYLMNTEAFF	TRBV18	TRBJ1-1
CSAPGQSRGYTF	TRBV20-1	TRBJ1-2
CASSQGPYNEQFF	TRBV4-1	TRBJ2-1
CASSLLTGGVSSVQPQHF	TRBV27	TRBJ1-5
CASSPDRGDPYEQYF	TRBV7-9	TRBJ2-7
CASSYGQGGEQYF	TRBV27	TRBJ2-7
CASSFISPPQTEAFF	TRBV12-4	TRBJ1-1
CASSFGTGGWYEQYF	TRBV6-5	TRBJ2-7
CASSFTAGSTGELFF	TRBV5-8	TRBJ2-2
CASSLGSSGRSPFGTDTQYF	TRBV5-8	TRBJ2-3
CASSHPSTSGGAGETQYF	TRBV3-1	TRBJ2-5
CASSWGTGGSTDTQYF	TRBV5-6	TRBJ2-3
CASTQGLAEQFF	TRBV7-9	TRBJ2-1
CSARDGDRATNNSPLHF	TRBV20-1	TRBJ1-6
CSAPRGTNEKLFF	TRBV20-1	TRBJ1-4
CASSLSSEGNQETQYF	TRBV5-1	TRBJ2-5
CASRSLLQETQYF	TRBV27	TRBJ2-5
CASSPTLTGGTFSDNEQFF	TRBV18	TRBJ2-1
CASSNPLEGIDEQFF	TRBV6-6	TRBJ2-1
CASTDGQKNSPLHF	TRBV6-5	TRBJ1-6
CASSVFGEQYF	TRBV19	TRBJ2-7
CASSKEPGLEFF	TRBV7-9	TRBJ2-1
CASSPGGNTYNEQFF	TRBV5-8	TRBJ2-1
CASSLAGGGQPQHF	TRBV27	TRBJ1-5
CASSLVGSEMNTEAFF	TRBV5-6	TRBJ1-1
CASSLGGTGGDEQYF	TRBV7-7	TRBJ2-7
CASSQGGQGKGGYTF	TRBV4-2	TRBJ1-2
CASTGLAGTHSYNEQFF	TRBV12-3	TRBJ2-1
CASSVDVGLYNEQFF	TRBV6-1	TRBJ2-1
CSASGHHYGYTF	TRBV20-1	TRBJ1-2
CSALTGLIYHEQYF	TRBV20-1	TRBJ2-7
CASSYTGGPNEQYF	TRBV6-6	TRBJ2-7
CASSRSGSTEAFF	TRBV7-6	TRBJ1-1
CASSDGTGNTEAFF	TRBV5-1	TRBJ1-1
CASSLAGDRPGTEAFF	TRBV7-9	TRBJ1-1
CSARDALAGTYNEQFF	TRBV20-1	TRBJ2-1
CASSLLGLAGDYEQYF	TRBV27	TRBJ2-7
CASSFTTSDETQYF	TRBV12-3	TRBJ2-5
CASDRTPKSQDGYTF	TRBV5-4	TRBJ1-2
CASSFAYGYTF	TRBV12-4	TRBJ1-2
CATGTGDSNQPQHF	TRBV19	TRBJ1-5
CASSSRGPYEQYF	TRBV19	TRBJ2-7
CASSEAGAQLWSSYNEQFF	TRBV2	TRBJ2-1
CASSLVVPQLPTYEQYF	TRBV7-4	TRBJ2-7
CASSFIGSDWNTEAFF	TRBV27	TRBJ1-1
CASSHRDRGRKGSGANVLTF	TRBV12-4	TRBJ2-6
CASSPNPDIRNTF	TRBV27	TRBJ1-2
CASSLGIYYGYTF	TRBV7-2	TRBJ1-2
CASSQDQQPQHF	TRBV4-1	TRBJ1-5
CASSQDPGQGSNEQFF	TRBV3-1	TRBJ2-1
CASSPMVAGELFF	TRBV19	TRBJ2-2
CASSLARGEQFF	TRBV5-1	TRBJ2-1
CASSTWTSGSDTQYF	TRBV19	TRBJ2-3
CASSEGSAGLKNIQYF	TRBV9	TRBJ2-4
CASSQGDWIRDGTYSNQPQHF	TRBV4-1	TRBJ1-5
CSARNYQGANTEAFF	TRBV20-1	TRBJ1-1
CASSLGYGTEAFF	TRBV7-3	TRBJ1-1
CASSQDFRNTEAFF	TRBV4-1	TRBJ1-1
CASILNPRDEGNTEAFF	TRBV12-4	TRBJ1-1
CASSRDLSGANVLTF	TRBV10-1	TRBJ2-6
CASSPGTFNEQFF	TRBV4-1	TRBJ2-1
CSASSSELHKSYNEQFF	TRBV20-1	TRBJ2-1
CASSLDSTSGGGYNEQFF	TRBV5-1	TRBJ2-1
CASTSDRGLYEQYF	TRBV7-9	TRBJ2-7
CASSLDGDWRAQPQHF	TRBV11-2	TRBJ1-5
CASSSPEGTDTQYF	TRBV7-6	TRBJ2-3
CASSLTTGTGSYGYTF	TRBV6-5	TRBJ1-2
CASSPWIDYSNQPQHF	TRBV18	TRBJ1-5
CASSEWVAFSYEQYF	TRBV25-1	TRBJ2-7
CTSSPGGRTDSPHTDTQYF	TRBV7-2	TRBJ2-3
CSARARLAGEFSEQYF	TRBV20-1	TRBJ2-7
CATSEFGQGIDGYTF	TRBV24-1	TRBJ1-2
CAWSVWDRGSGANVLTF	TRBV30	TRBJ2-6
CSVDGPSSYEQYF	TRBV29-1	TRBJ2-7
CASSPPAVKFYGYTF	TRBV28	TRBJ1-2
CATSYEDNSGANVLTF	TRBV15	TRBJ2-6
CASSPSTGTIYGYTF	TRBV6-5	TRBJ1-2
CSATPWVGLSFSNQPQHF	TRBV20-1	TRBJ1-5
CASSTRDRFYEQYF	TRBV27	TRBJ2-7
CSAMGMNTEAFF	TRBV20-1	TRBJ1-1
CASMGPIEAFF	TRBV19	TRBJ1-1
CASSYFSGGETQYF	TRBV5-1	TRBJ2-5
CASSFGVSNQPQHF	TRBV13	TRBJ1-5
CASSLLQQGGIDTQYF	TRBV7-8	TRBJ2-3
CASSRRQDEETQYF	TRBV18	TRBJ2-5
CASLGPGDTGELFF	TRBV6-1	TRBJ2-2
CSARALPVGNTIYF	TRBV20-1	TRBJ1-3
CASTGEGAPGNTIYF	TRBV9	TRBJ1-3
CASSPDGSSYEQYF	TRBV7-9	TRBJ2-7
CASSPGSINYGYTF	TRBV12-4	TRBJ1-2
CASSQDTGIDEQYF	TRBV4-3	TRBJ2-7
CASSQGRQRVSYGYTF	TRBV4-1	TRBJ1-2
CASSDIQYNEQFF	TRBV2	TRBJ2-1
CASSATGLGNNEQFF	TRBV10-1	TRBJ2-1
CASSLSGQDNSPLHF	TRBV27	TRBJ1-6
CASSQDLRGADTQYF	TRBV3-1	TRBJ2-3
CASSEGGVETQYF	TRBV13	TRBJ2-5
CASTGQGFYEQYF	TRBV28	TRBJ2-7
CASSPGQGASETQYF	TRBV6-4	TRBJ2-5
CASKNGGQLYTDTQYF	TRBV7-9	TRBJ2-3
CASAGGNQPQHF	TRBV6-3	TRBJ1-5
CSARGLAGGPVETQYF	TRBV20-1	TRBJ2-5
CSVDGVRGNYGYTF	TRBV29-1	TRBJ1-2
CASSMGVNTEAFF	TRBV19	TRBJ1-1
CSSARTGGVQETQYF	TRBV20-1	TRBJ2-5
CASSSNRDRGTKDTEAFF	TRBV11-2	TRBJ1-1
CASSNFLGQGDEKLFF	TRBV7-9	TRBJ1-4
CASPGQGYNEQFF	TRBV11-2	TRBJ2-1
CASSSEGTDNQPQHF	TRBV19	TRBJ1-5
CAINLGGTNTGELFF	TRBV10-3	TRBJ2-2
CASSEDPWGSYNEQFF	TRBV2	TRBJ2-1
CATSRGRDYSNQPQHF	TRBV15	TRBJ1-5
CASSVDWNAYEQYF	TRBV7-6	TRBJ2-7
CSGGRGEETQYF	TRBV20-1	TRBJ2-5
CASSLIGVSSYNEQFF	TRBV7-9	TRBJ2-1
CASSEAGTENYGYTF	TRBV6-1	TRBJ1-2
CASSSGGRTGELFF	TRBV13	TRBJ2-2
CASSRGQAPGYTF	TRBV14	TRBJ1-2
CASSFPGTPTREDTQYF	TRBV5-1	TRBJ2-3
CASRESSNTGELFF	TRBV10-1	TRBJ2-2
CASSLAWGGTDTQYF	TRBV5-4	TRBJ2-3
CASSVGGREQYF	TRBV9	TRBJ2-7
CASSLGFGTRVEQFF	TRBV7-2	TRBJ2-1
CASSFLRRQTQYF	TRBV7-8	TRBJ2-5
CASSGQGFNQPQHF	TRBV12-4	TRBJ1-5
CSARTGFGGAEETQYF	TRBV20-1	TRBJ2-5
CASSQGGLGVSRLGSPLHF	TRBV4-2	TRBJ1-6
CASIQPTEQFF	TRBV6-1	TRBJ2-1
CASSLVRGDEQFF	TRBV7-9	TRBJ2-1
CSVEDWSWGISLEGLNEQFF	TRBV29-1	TRBJ2-1
CASSPWGSGSSYEQYF	TRBV5-1	TRBJ2-7
CSVGGSTDTQYF	TRBV29-1	TRBJ2-3
CAWSAFSGTDTQYF	TRBV30	TRBJ2-3
CSAPVGVTAGYTF	TRBV29-1	TRBJ1-2
CASSVGVGGPYEKLFF	TRBV6-1	TRBJ1-4
CASSISLGTAYEQYF	TRBV19	TRBJ2-7
CASTEGQGIFGYTF	TRBV7-9	TRBJ1-2
CASSQTGTAYGYTF	TRBV4-1	TRBJ1-2
CASSQGTHDNQPQHF	TRBV4-1	TRBJ1-5
CASSLDGVLGLNSYNEQFF	TRBV12-3	TRBJ2-1
CASSRWTGAPVDGGNQPQHF	TRBV27	TRBJ1-5
CATSRASTDTQYF	TRBV24-1	TRBJ2-3
CASSLALEANQPQHF	TRBV12-4	TRBJ1-5
CASSEASGSGANVLTF	TRBV6-1	TRBJ2-6
CASSLVGTGGSYEQYF	TRBV7-9	TRBJ2-7
CASSLGWAGKTDTQYF	TRBV3-1	TRBJ2-3
CASSPSTSGGQETQYF	TRBV13	TRBJ2-5
CASSLTYTDRTFQETQYF	TRBV4-3	TRBJ2-5
CASQTSGSDEQFF	TRBV6-6	TRBJ2-1
CASSLLSNTEAFF	TRBV5-8	TRBJ1-1
CASSVLPGSEKLFF	TRBV27	TRBJ1-4
CASSRGTGSNEKLFF	TRBV7-9	TRBJ1-4
CSARGMEREALETQYF	TRBV20-1	TRBJ2-5
CASNLAGARETQYF	TRBV12-3	TRBJ2-5
CASSERPGLAPGELFF	TRBV10-1	TRBJ2-2
CASSFTGSPLHF	TRBV7-3	TRBJ1-6
CASSQFQNTEAFF	TRBV4-1	TRBJ1-1
CASSDRGETEAFF	TRBV2	TRBJ1-1
CASSEMTDTQYF	TRBV12-4	TRBJ2-3
CASSRPEPLNTEAFF	TRBV12-4	TRBJ1-1
CASSQGTGTDTQYF	TRBV4-3	TRBJ2-3
CATSPLFSYSDEQYF	TRBV15	TRBJ2-7
CASSRLAGGTGELFF	TRBV7-3	TRBJ2-2
CASSFTDYGYTF	TRBV7-9	TRBJ1-2
CASSLGYLELNTEAFF	TRBV7-6	TRBJ1-1
CASSVDRTGVYGYTF	TRBV9	TRBJ1-2
CASSSGQPPRSGNTIYF	TRBV13	TRBJ1-3
CASNTGGANTDTQYF	TRBV27	TRBJ2-3
CASSLVPSGPGELFF	TRBV7-6	TRBJ2-2
CSVVSNYGYTF	TRBV29-1	TRBJ1-2
CASSFGTSNSDTQYF	TRBV11-3	TRBJ2-3
CASSLETGSNEQFF	TRBV5-1	TRBJ2-1
CASSYSTVNEQFF	TRBV6-1	TRBJ2-1
CATSRVGADTQYF	TRBV15	TRBJ2-3
CASSLAGVGELFF	TRBV7-6	TRBJ2-2
CASSQGTFPAGYTF	TRBV4-1	TRBJ1-2
CASSLPSGPNEKLFF	TRBV28	TRBJ1-4
CATHGGIDTGELFF	TRBV12-3	TRBJ2-2
CASSLDPGRTEAFF	TRBV5-5	TRBJ1-1
CASSLAAGLGDTQYF	TRBV11-2	TRBJ2-3
CASRPGTASYEQYF	TRBV28	TRBJ2-7
CASSPGLYNEQFF	TRBV19	TRBJ2-1
CASSDGGGGTAELFF	TRBV9	TRBJ2-2
CASSMTGYSGYTF	TRBV19	TRBJ1-2
CASSQDSGGSQDTQYF	TRBV14	TRBJ2-3
CSARLDLAFGQYF	TRBV20-1	TRBJ2-7
CASSLVAGDLGDTQYF	TRBV7-2	TRBJ2-3
CSATSAGGSYNEQFF	TRBV20-1	TRBJ2-1
CASCRPGLAGGEDTQYF	TRBV27	TRBJ2-3
CASSLVGQGYTEAFF	TRBV7-8	TRBJ1-1
CASSHGTGTYEQYF	TRBV19	TRBJ2-7
CASSSEPGTGVQETQYF	TRBV11-3	TRBJ2-5
CASGSTLTGDYNEQFF	TRBV12-5	TRBJ2-1
CASSIVPMFGEQYF	TRBV19	TRBJ2-7
CASSPYGGHGELFF	TRBV4-1	TRBJ2-2
CSVATGLDYEQYF	TRBV29-1	TRBJ2-7
CASSFLLAGVETQYF	TRBV6-5	TRBJ2-5
CSATLGLAEYNEQFF	TRBV20-1	TRBJ2-1
CASSQTGFGGAPLHF	TRBV25-1	TRBJ1-6
CATSRGGYEQFF	TRBV15	TRBJ2-1
CASSLLAGVQTGELFF	TRBV5-1	TRBJ2-2
CASSFTSRGTGELFF	TRBV28	TRBJ2-2
CAIRGTANEKLFF	TRBV10-3	TRBJ1-4
CASSPIPGTSYGYTF	TRBV27	TRBJ1-2
CASSARGGGITDTQYF	TRBV27	TRBJ2-3
CASSTDPAYEQYF	TRBV11-2	TRBJ2-7
CASSQEELAGVMGPDTQYF	TRBV4-3	TRBJ2-3
CASSDNQYRLNYGYTF	TRBV9	TRBJ1-2
CASSLWAGSYEQYF	TRBV27	TRBJ2-7
CASSPSRLGTGFYEQYF	TRBV6-1	TRBJ2-7
CSAYPLAGTIDEQFF	TRBV20-1	TRBJ2-1
CASSPTGGYTEAFF	TRBV7-6	TRBJ1-1
CASSSVGEWHF	TRBV12-4	TRBJ1-5
CASSAGMSSYNSPLHF	TRBV9	TRBJ1-6
CASSLLPGNQPQHF	TRBV19	TRBJ1-5
CASSRELSMGETQYF	TRBV7-9	TRBJ2-5
CASSFNAALNSPLHF	TRBV12-4	TRBJ1-6
CSASTTVGTTMSDEQYF	TRBV20-1	TRBJ2-7
CSVAGTPELYNEQFF	TRBV29-1	TRBJ2-1
CASHQTGTGSNQPQHF	TRBV19	TRBJ1-5
CASSRDSSANEQFF	TRBV10-1	TRBJ2-1
CASSALSGSWGQPQHF	TRBV19	TRBJ1-5
CASSPPLGGELFF	TRBV11-3	TRBJ2-2
CASSQEPGLQYNEQFF	TRBV4-1	TRBJ2-1
CASSVVRGVYEQYF	TRBV19	TRBJ2-7
CASTYLGGSLDGYTF	TRBV5-4	TRBJ1-2
CASTVYHGELFF	TRBV5-6	TRBJ2-2
CASSPTTGTAYGYTF	TRBV6-5	TRBJ1-2
CASSAKDGNYGYTF	TRBV6-5	TRBJ1-2
CASSPTTFLYEQYF	TRBV18	TRBJ2-7
CASSYAAGDNEQFF	TRBV6-2	TRBJ2-1
CASRDLGPEQFF	TRBV5-6	TRBJ2-1
CASWTGTSAEDYNEQFF	TRBV27	TRBJ2-1
CASSFHSGTDTQYF	TRBV5-4	TRBJ2-3
CASSIAAGVSYEQYF	TRBV19	TRBJ2-7
CASSEGEYSGELFF	TRBV9	TRBJ2-2
CASSVGTLYSGANVLTF	TRBV9	TRBJ2-6
CASSQVGSAPLDEQFF	TRBV14	TRBJ2-1
CASRGAGELFF	TRBV2	TRBJ2-2
CASSPPRGALYHEQYF	TRBV3-1	TRBJ2-7
CASSLKRDRETEAFF	TRBV4-1	TRBJ1-1
CASSLLSGTSAYNEQFF	TRBV13	TRBJ2-1
CSSRGGYEQYF	TRBV20-1	TRBJ2-7
CASSLVGGLGQPQHF	TRBV28	TRBJ1-5
CASSYWDRGSGANVLTF	TRBV6-6	TRBJ2-6
CASSTGLDEDEQFF	TRBV6-5	TRBJ2-1
CASSPAGGYSYGYTF	TRBV7-9	TRBJ1-2
CASSSGTANYNEQFF	TRBV7-7	TRBJ2-1
CASRAFIGAGSSDYTF	TRBV27	TRBJ1-2
CASSLGQGVQPQHF	TRBV27	TRBJ1-5
CASTPGTSAYNEQFF	TRBV27	TRBJ2-1
CASSQGLAGDTDTQYF	TRBV16	TRBJ2-3
CSARDLVGPPNEKLFF	TRBV20-1	TRBJ1-4
CASSSQGDSLGSDTQYF	TRBV7-6	TRBJ2-3
CASSYQTGAAYGYTF	TRBV6-3	TRBJ1-2
CASRPDGSQETQYF	TRBV7-9	TRBJ2-5
CASSLLNPATPNNEQFF	TRBV6-3	TRBJ2-1
CASSLQGLVDTGELFF	TRBV3-1	TRBJ2-2
CASIYSGNGELFF	TRBV12-3	TRBJ2-2
CASSPISNEQFF	TRBV28	TRBJ2-1
CASSQVGVLYTF	TRBV14	TRBJ1-2
CATSVPRGEQYF	TRBV15	TRBJ2-7
CAWSWDRGYNEQFF	TRBV30	TRBJ2-1
CASESDGTDEYSNQPQHF	TRBV7-9	TRBJ1-5
CAIGNNSPLHF	TRBV27	TRBJ1-6
CSAIAGGYEQYF	TRBV20-1	TRBJ2-7
CASSTDPRGAEAFF	TRBV6-5	TRBJ1-1
CASSWPNGDEQFF	TRBV27	TRBJ2-1
CASSRRTAGLNTEAFF	TRBV7-8	TRBJ1-1
CASSLPDPGKPANTGELFF	TRBV7-9	TRBJ2-2
CASSLGDFFTQETQYF	TRBV11-2	TRBJ2-5
CASSLGLGSSYEQYF	TRBV7-3	TRBJ2-7
CATSREVETGELFF	TRBV15	TRBJ2-2
CSATAPGLRDHGQFF	TRBV20-1	TRBJ2-1
CASSGVTGDETQYF	TRBV9	TRBJ2-5
CASGSGGLTDTQYF	TRBV7-3	TRBJ2-3
CASSQVLGTYEQYF	TRBV3-1	TRBJ2-7
CSARDRDRQRDTQYF	TRBV20-1	TRBJ2-3
CASSQAPGETQYF	TRBV4-1	TRBJ2-5
CASSVVPGTDNEQFF	TRBV9	TRBJ2-1
CASSLVGGDEQYF	TRBV7-9	TRBJ2-7
CSATPWVGLSFSKQPQHF	TRBV20-1	TRBJ1-5
CATSRSGQGYTLGQPQHF	TRBV15	TRBJ1-5
CASSRTDRDRETQYF	TRBV7-9	TRBJ2-5
CASSPDGDNSPLHF	TRBV13	TRBJ1-6
CASSYYPDSGELFF	TRBV6-6	TRBJ2-2
CASSSSDTSYGYTF	TRBV9	TRBJ1-2
CASNPLLGAGGTYNEQFF	TRBV28	TRBJ2-1
CASSLSSPGHPTDTQYF	TRBV5-6	TRBJ2-3
CASSSNIGGSPLHF	TRBV7-2	TRBJ1-6
CASSISWGGYGYTF	TRBV11-2	TRBJ1-2
CASLQGLNTEAFF	TRBV19	TRBJ1-1
CAGGDRDTGELFF	TRBV7-9	TRBJ2-2
CASSSEVGPGEQFF	TRBV7-7	TRBJ2-1
CALPSTDTQYF	TRBV3-1	TRBJ2-3
CASSARRAGGGNTIYF	TRBV9	TRBJ1-3
CASSYGRLAGGYVGNEQFF	TRBV6-3	TRBJ2-1
CASTLWSATNEKLFF	TRBV28	TRBJ1-4
CASSLFLPAGNTEAFF	TRBV13	TRBJ1-1
CASSGLAGGPYF	TRBV6-3	TRBJ2-5
CASTREGAGWSAQHF	TRBV12-3	TRBJ1-5
CASSWGQGAGETQYF	TRBV5-1	TRBJ2-5
CASSLAEARQYF	TRBV5-1	TRBJ2-7
CASSLNGVLQGFQPQHF	TRBV7-8	TRBJ1-5
CASSPRLAGEYTSSYNEQFF	TRBV4-3	TRBJ2-1
CASSPGTGGTDTQYF	TRBV19	TRBJ2-3
CASSQAEGGRRLDTQYF	TRBV3-1	TRBJ2-3
CASSSNQGATQYF	TRBV7-2	TRBJ2-3
CSARDFRDPKTTEAFF	TRBV20-1	TRBJ1-1
CASSDGTGGSPLHF	TRBV6-4	TRBJ1-6
CASSSGQGYYNEQFF	TRBV6-4	TRBJ2-1
CASSGTGVPNSNQPQHF	TRBV27	TRBJ1-5
CASSRENEQGEAFF	TRBV5-1	TRBJ1-1
CASSAVEDYGYTF	TRBV7-9	TRBJ1-2
CASSEMWRSVEETQYF	TRBV2	TRBJ2-5
CASSVSMNTEAFF	TRBV6-1	TRBJ1-1
CATTPLIAGAHEQYF	TRBV27	TRBJ2-7
CATGRGGYEQYF	TRBV12-4	TRBJ2-7
CASSSSLGQGASRYGYTF	TRBV6-5	TRBJ1-2
CASGKQENEAFF	TRBV27	TRBJ1-1
CASSHSGDSGGEETQYF	TRBV27	TRBJ2-5
CASSWDRVSNQPQHF	TRBV19	TRBJ1-5
CASTSGTGLSNQPQHF	TRBV7-2	TRBJ1-5
CSARGLSSYEQYF	TRBV20-1	TRBJ2-7
CASSPETGGETQYF	TRBV5-6	TRBJ2-5
CASSPRQGFSPLHF	TRBV6-5	TRBJ1-6
CASSYSIPVDSGANVLTF	TRBV6-6	TRBJ2-6
CASSDWATGSSGNTIYF	TRBV2	TRBJ1-3
CASSRTTSGGSGANVLTF	TRBV3-1	TRBJ2-6
CASSLLAGANEQYF	TRBV27	TRBJ2-7
CASSLLASGSSYNEQFF	TRBV5-1	TRBJ2-1
CASSSSGQTYGYTF	TRBV27	TRBJ1-2
CASSPTGGYGYTF	TRBV6-3	TRBJ1-2
CASGTGGDIGGYTF	TRBV6-6	TRBJ1-2
CASRYVRGKDTEAFF	TRBV7-9	TRBJ1-1
CATQSGLQIHTDTQYF	TRBV27	TRBJ2-3
CSVRRQGNVWNEQFF	TRBV29-1	TRBJ2-1
CASSLRQGIRAFF	TRBV14	TRBJ1-1
CASSGAGTSGRNEQFF	TRBV7-3	TRBJ2-1
CASSPVTGQGYYGYTF	TRBV6-5	TRBJ1-2
CSARIWPYPAGGEETQYF	TRBV20-1	TRBJ2-5
CASSKVRTSGLGVRTYNEQFF	TRBV19	TRBJ2-1
CASSYSPEAYEQYF	TRBV6-5	TRBJ2-7
CAIRDGRHSYEQYF	TRBV10-3	TRBJ2-7
CASIAGPGTGGEKLFF	TRBV5-6	TRBJ1-4
CASRGQVSSQETQYF	TRBV2	TRBJ2-5
CSARNYRGGTGELFF	TRBV20-1	TRBJ2-2
CAWLSDTQYF	TRBV30	TRBJ2-3
CASSGRGTSGRNEQFF	TRBV7-9	TRBJ2-1
CASRSEETQYF	TRBV27	TRBJ2-5
CASSSSRTSEPYEQYF	TRBV27	TRBJ2-7
CSVEVGVVSETQYF	TRBV29-1	TRBJ2-5
CASSPSLDAGTGELFF	TRBV4-2	TRBJ2-2
CAGSQAGMAEQFF	TRBV3-1	TRBJ2-1
CASSSTGTGPNYGYTF	TRBV7-9	TRBJ1-2
CASNLGGPVDEQFF	TRBV11-2	TRBJ2-1
CASSEVWDRGYEQYF	TRBV27	TRBJ2-7
CASRKETGLLYGYTF	TRBV7-9	TRBJ1-2
CASSITGGWRQPQHF	TRBV19	TRBJ1-5
CASSQEEGPVGYTF	TRBV4-2	TRBJ1-2
CASSLGGYRAEAFF	TRBV5-1	TRBJ1-1
CSASNRGLAEAFF	TRBV20-1	TRBJ1-1
CASSEEPGYGYTF	TRBV6-1	TRBJ1-2
CASSYNSYEQYF	TRBV5-4	TRBJ2-7
CASSRLAGGTDTQYF	TRBV7-3	TRBJ2-3
CATHRGGAGELFF	TRBV19	TRBJ2-2
CASSPTGGSGYTF	TRBV27	TRBJ1-2
CASSFEREQFF	TRBV7-9	TRBJ2-1
CASRHNTQASHEQYF	TRBV7-9	TRBJ2-7
CATSDGTGGYNEQFF	TRBV24-1	TRBJ2-1
CASRHSREQYF	TRBV5-1	TRBJ2-7
CASSPDSNNEQFF	TRBV6-5	TRBJ2-1
CASIVPENYGYTF	TRBV7-2	TRBJ1-2
CASSVDGIAREGTGELFF	TRBV7-8	TRBJ2-2
CASSDSGGATDTQYF	TRBV6-4	TRBJ2-3
CASSPGTPNTQYF	TRBV7-9	TRBJ2-3
CASSRTSGSPGELFF	TRBV27	TRBJ2-2
CASSVDRGRGYTEAFF	TRBV5-5	TRBJ1-1
CASSLGGSGANVLTF	TRBV12-4	TRBJ2-6
CASSFPPSGGYNEQFF	TRBV6-3	TRBJ2-1
CSARPGQTYEQYF	TRBV20-1	TRBJ2-7
CASSLRDKPANTGELFF	TRBV6-3	TRBJ2-2
CASSFSDRVNTGELFF	TRBV7-9	TRBJ2-2
CASSPLTSTDTQYF	TRBV7-9	TRBJ2-3
CASSLESGVGNIQYF	TRBV7-2	TRBJ2-4
CASSWGGDNEQFF	TRBV14	TRBJ2-1
