CASSARSGELFF	TRBV9	TRBJ2-2
CASSAPTGELFF	TRBV9	TRBJ2-2
CASSARTGELFF	TRBV9	TRBJ2-2
CASSPRRYNEQFF	TRBV9	TRBJ2-1
CASSGITSGEYTIYF	TRBV9	TRBJ1-3
CASRQDRDYQETQYF	TRBV5-1	TRBJ2-5
CASSVRTGELFF	TRBV9	TRBJ2-2
CASSVRSGELFF	TRBV9	TRBJ2-2
CASSSRSGELFF	TRBV9	TRBJ2-2
CASSAREGKLFF	TRBV9	TRBJ1-4
CASSLKSGELFF	TRBV9	TRBJ2-2
CASSAPAGELFF	TRBV9	TRBJ2-2
CASSVRPGLAGGGTGELFF	TRBV9	TRBJ2-2
CASSGREHEQYF	TRBV9	TRBJ2-7
CASSAPSGEQFF	TRBV9	TRBJ2-1
CASSPRRYNLQFF	TRBV9	TRBJ2-1
CAISDPGTLPNYGYTF	TRBV10-3	TRBJ1-2
CAISESDPLRGTEAFF	TRBV10-3	TRBJ1-1
CSARVGVGNTIYF	TRBV20-1	TRBJ1-3
CSARTGVGNTIYF	TRBV20-1	TRBJ1-3
CSARDRTGNGYTF	TRBV20-1	TRBJ1-2
CSARDGTGNGYTF	TRBV20-1	TRBJ1-2
CSARDRIGNTIYF	TRBV20-1	TRBJ1-3
CASRPDSDYGYTF	TRBV18	TRBJ1-2
CASSQNQDMGTEAFF	TRBV4-1	TRBJ1-1
CSARSGVGNTIYF	TRBV20-1	TRBJ1-3
CSARWGVGNTIYF	TRBV20-1	TRBJ1-3
CASSFSSGTTDTQYF	TRBV11-2	TRBJ2-3
CASSQGDVAPGTQYF	TRBV2	TRBJ2-5
CSAWDREVVGTEAFF	TRBV20-1	TRBJ1-1
CASSQSPGGTQYF	TRBV14	TRBJ2-5
CSVGTGGTNEKLFF	TRBV29-1	TRBJ1-4
CSARIGVGNTIYF	TRBV20-1	TRBJ1-3
CASSDGQLTAGELFF	TRBV9	TRBJ2-2
CASSRLGDYTF	TRBV4-1	TRBJ1-2
CASGTGDSNQPQHF	TRBV12-5	TRBJ1-5
CATGTGDSNQPQHF	TRBV10-3	TRBJ1-5
CAISTGDSNQPQHF	TRBV10-3	TRBJ1-5
CASSTGDSNQPQHF	TRBV19	TRBJ1-5
CASSLIGRDEQFF	TRBV28	TRBJ2-1
CASAQIGPYEQYF	TRBV28	TRBJ2-7
CANSQPGGIEQFF	TRBV28	TRBJ2-1
CASSLVVAGGPMSEQFF	TRBV28	TRBJ2-1
CASSFYDWNTEAFF	TRBV5-5	TRBJ1-1
CAISTGDGNQPQHF	TRBV10-3	TRBJ1-5
CAISTGDYEQYF	TRBV10-3	TRBJ2-7
CAISTGPDSYEQYF	TRBV10-3	TRBJ2-7
CAIGTGDSNQPQHF	TRBV10-3	TRBJ1-5
CATSTGDSNQPQHF	TRBV15	TRBJ1-5
CATGTRDSNQPQHF	TRBV10-3	TRBJ1-5
CASAQIGPYQYF	TRBV28	TRBJ2-7
CASSLISGEGQPQHF	TRBV28	TRBJ1-5
CASSIPAAGGRFEQFF	TRBV28	TRBJ2-1
CASSLPGAGGDQPQHF	TRBV28	TRBJ1-5
CASRPPGGVNEQFF	TRBV28	TRBJ2-1
CASRPPGGNEQFF	TRBV28	TRBJ2-1
CASRLPGGYNEQFF	TRBV28	TRBJ2-1
CASRQPGGVNEQFF	TRBV28	TRBJ2-1
CASRPPGVYEQYF	TRBV28	TRBJ2-7
CASRPPGANVLTF	TRBV28	TRBJ2-6
CASRTPGVSTEAFF	TRBV28	TRBJ1-1
CASSLPGGAQGYTF	TRBV28	TRBJ1-2
CASSLPGRDEQYF	TRBV28	TRBJ2-7
CASSGGAVAPSEQFF	TRBV2	TRBJ2-1
CASSQSPGGVAFF	TRBV14	TRBJ1-1
CASSEDAGLSYNEQFF	TRBV6-1	TRBJ2-1
CASSVGNEQFF	TRBV9	TRBJ2-1
CSSQEGGYGYTF	TRBV29-1	TRBJ1-2
CASSNADTPLQETQYF	TRBV2	TRBJ2-5
CASSPLIGTPPGEQFF	TRBV6-2	TRBJ2-1
CSPGTDLYEQYF	TRBV29-1	TRBJ2-7
CSARDRGSGNTIYF	TRBV20-1	TRBJ1-3
CSARDDGVNTEAFF	TRBV20-1	TRBJ1-1
CSVVGTSLYNEQFF	TRBV29-1	TRBJ2-1
CASSYGGISSYEQYF	TRBV6-5	TRBJ2-7
CASSGRVLPGELFF	TRBV2	TRBJ2-2
CSGGQANTEAFF	TRBV29-1	TRBJ1-1
CASSQAGTGVTEAFF	TRBV4-1	TRBJ1-1
CASSYWVGDTDTQYF	TRBV6-5	TRBJ2-3
CASSYWVGRRDTQYF	TRBV6-5	TRBJ2-3
CSARDPYRASNQPQHF	TRBV20-1	TRBJ1-5
CASSAWEGAEAFF	TRBV19	TRBJ1-1
CSGTGGTNEKLFF	TRBV29-1	TRBJ1-4
CASSLAEQGGELFF	TRBV7-2	TRBJ2-2
CASSVISLGYGYTF	TRBV11-2	TRBJ1-2
CASSYTRVNEQFF	TRBV6-9	TRBJ2-1
CASSYPEVAPSEQFF	TRBV6-2	TRBJ2-1
CAVVGTGLGYTF	TRBV9	TRBJ1-2
CSARGLVESSYNEQFF	TRBV20-1	TRBJ2-1
CASSGGQLAPGELFF	TRBV2	TRBJ2-2
CASSGVQLLPGELFF	TRBV2	TRBJ2-2
CASSGEQLLPGELFF	TRBV2	TRBJ2-2
CASSLTLQRVGTGELFF	TRBV7-2	TRBJ2-2
CSDDKYGNTIYF	TRBV20-1	TRBJ1-3
CASPGGIQYF	TRBV14	TRBJ2-4
CATSDSPGGSYNEQFF	TRBV24-1	TRBJ2-1
CASSLGQGVFYTF	TRBV5-1	TRBJ1-2
CASSVGQVFYSGTF	TRBV9	TRBJ1-2
CASSLMGGTYNEQFF	TRBV28	TRBJ2-1
CASSWGGGSHYGYTF	TRBV11-2	TRBJ1-2
CASSLSGYEQYF	TRBV28	TRBJ2-7
CASSLLWAEYNEQFF	TRBV4-1	TRBJ2-1
CASSPGGLAGADTQYF	TRBV5-1	TRBJ2-3
CASSQRPSEVGELFF	TRBV4-2	TRBJ2-2
CASSLRDGSEAFF	TRBV5-6	TRBJ1-1
CASSFGGPQETQYF	TRBV7-2	TRBJ2-5
CASSIRESTDTQYF	TRBV19	TRBJ2-3
CASSPRTEPHQPQHF	TRBV7-6	TRBJ1-5
CASSPVTGGGSGANVLTF	TRBV7-9	TRBJ2-6
CASSFGQGTGTEAFF	TRBV5-1	TRBJ1-1
CASSPRDRERGEQYF	TRBV7-2	TRBJ2-7
CASSLWGPDSNNEQFF	TRBV27	TRBJ2-1
CASGGKVFPPYEQYF	TRBV12-5	TRBJ2-7
CASSLGWDSAQHF	TRBV27	TRBJ1-5
CASGLAQFGEQYF	TRBV12-5	TRBJ2-7
CASSRVSEGRNTEAFF	TRBV6-1	TRBJ1-1
CASSLGQGVFYEQFF	TRBV7-9	TRBJ2-1
CASSQDLAGNTGELFF	TRBV4-3	TRBJ2-2
CAWVLGPAGDTQYF	TRBV30	TRBJ2-3
CASSLTGESYEQYF	TRBV13	TRBJ2-7
CASSTSTGTGYGYTF	TRBV4-1	TRBJ1-2
CASSSTGGGEKDQPQHF	TRBV5-4	TRBJ1-5
CASSLRSAAGWPFF	TRBV28	TRBJ1-1
CASSIRSGESRAFF	TRBV19	TRBJ1-1
CASRDGELFF	TRBV6-3	TRBJ2-2
CASSFSGNTGELFF	TRBV12-3	TRBJ2-2
CASSIRSSYEQYF	TRBV19	TRBJ2-7
CASAPFGTGDITDTQYF	TRBV7-6	TRBJ2-3
CASSQDSAGGREQYF	TRBV4-3	TRBJ2-7
CASSAQQGLSSYEQYF	TRBV19	TRBJ2-7
CASRLTGVNKNIQYF	TRBV28	TRBJ2-4
CASSPLTSGSYEQYF	TRBV3-1	TRBJ2-7
CASSQEMGGPDTQYF	TRBV14	TRBJ2-3
CASSYRPGQYTEAFF	TRBV6-5	TRBJ1-1
CASSYDGVEQFF	TRBV6-5	TRBJ2-1
CASSQPVAARGAQYF	TRBV3-1	TRBJ2-5
CASSYTGGLRYGYTF	TRBV12-3	TRBJ1-2
CASSERYEETQYF	TRBV10-2	TRBJ2-5
CASSVGGTDTQYF	TRBV6-1	TRBJ2-3
CSAEGPSTLSYNEQFF	TRBV20-1	TRBJ2-1
CASSLYSATGELFF	TRBV28	TRBJ2-2
CSASPGDYEQYF	TRBV20-1	TRBJ2-7
CASSFSQDPQYF	TRBV7-9	TRBJ2-3
CSVGTGDWGEQYF	TRBV29-1	TRBJ2-7
CASSAWGTSSTDTQYF	TRBV5-4	TRBJ2-3
CASPDDGELHEQYF	TRBV10-1	TRBJ2-7
CASSTGQATGELFF	TRBV19	TRBJ2-2
CASSSLDVAGYEQYF	TRBV12-3	TRBJ2-7
CASSEGPHEQFF	TRBV2	TRBJ2-1
CASSPSGQPQHF	TRBV7-9	TRBJ1-5
CASSGGASGIYNEQFF	TRBV5-5	TRBJ2-1
CSARDSARDRVWEQFF	TRBV20-1	TRBJ2-1
CASSSGRLTNTEAFF	TRBV9	TRBJ1-1
CASSHRSGTEAFF	TRBV12-3	TRBJ1-1
CASSYISTGAPTQYF	TRBV6-6	TRBJ2-5
CASSASGTTSEQYF	TRBV7-3	TRBJ2-7
CASSSGTAAYEQYF	TRBV11-2	TRBJ2-7
CASSGPGGVDEQYF	TRBV5-5	TRBJ2-7
CASSWNRDRYNTEAFF	TRBV5-6	TRBJ1-1
CASSQNSPLHF	TRBV5-6	TRBJ1-6
CASSLQGGNYGYTF	TRBV6-5	TRBJ1-2
CASSWTTSGGQETQYF	TRBV5-1	TRBJ2-5
CASREIQGSGANVLTF	TRBV7-9	TRBJ2-6
CASSSEAGGANVLTF	TRBV7-6	TRBJ2-6
CSARDINRGSYEQYF	TRBV20-1	TRBJ2-7
CASSPWTGARWEQYF	TRBV6-1	TRBJ2-7
CASSRDLSGANVLTF	TRBV10-1	TRBJ2-6
CASSLFSGPPYEQYF	TRBV5-5	TRBJ2-7
CASSTRDRGEEKLFF	TRBV12-4	TRBJ1-4
CASSFIQGAPSGNTIYF	TRBV7-9	TRBJ1-3
CASSLAPGASGRSYNEQFF	TRBV11-2	TRBJ2-1
CASSLIPGPYNEQFF	TRBV7-3	TRBJ2-1
CASSEDPWGSYNEQFF	TRBV2	TRBJ2-1
CASSLQGGTGELFF	TRBV7-3	TRBJ2-2
CASSYLLAGLYNEQFF	TRBV6-6	TRBJ2-1
CASSLGVAGTNTGELFF	TRBV11-2	TRBJ2-2
CASSLEWGGETQYF	TRBV5-1	TRBJ2-5
CSARTAPVGNEQFF	TRBV20-1	TRBJ2-1
CASSRGEGRGIQYF	TRBV12-3	TRBJ2-7
CASSRLAGGWNEQFF	TRBV3-1	TRBJ2-1
CASSQDADTDTQYF	TRBV4-3	TRBJ2-3
CASSLVGIEREGETQYF	TRBV11-2	TRBJ2-5
CASSFSERAFF	TRBV12-4	TRBJ1-1
CSASAPRGLGEQYF	TRBV20-1	TRBJ2-7
CASSLGTSGGTGELFF	TRBV7-3	TRBJ2-2
CASSSIARVIQYF	TRBV6-6	TRBJ2-4
CASSQVGRPYNEQFF	TRBV4-3	TRBJ2-1
CASSLPGQDYGYTF	TRBV5-1	TRBJ1-2
CASSQDASGPYNEQFF	TRBV4-3	TRBJ2-1
CARQPLRGANVLTF	TRBV2	TRBJ2-6
CASGRLDEQFF	TRBV25-1	TRBJ2-1
CASSDELAGGHYEQYF	TRBV2	TRBJ2-7
CATSRAAGGSTDTQYF	TRBV15	TRBJ2-3
CATRPAGYNEQFF	TRBV28	TRBJ2-1
CASSWAGPHTEAFF	TRBV19	TRBJ1-1
CASSGLAGLFVTLGDTQYF	TRBV6-1	TRBJ2-3
CASSVGGSGYEQYF	TRBV9	TRBJ2-7
CASSISLAAEQFF	TRBV19	TRBJ2-1
CASSLRSVYNEQFF	TRBV27	TRBJ2-1
CASSVLYLNEQFF	TRBV7-6	TRBJ2-1
CASSKTGTSSYNEQFF	TRBV6-3	TRBJ2-1
CASSPDSYGEKLFF	TRBV7-9	TRBJ1-4
CASSSGLVSNTGELFF	TRBV9	TRBJ2-2
CASSEASGGANIQYF	TRBV6-6	TRBJ2-4
CATSRDKGADGYTF	TRBV15	TRBJ1-2
CASSDLQWVSYEQYF	TRBV2	TRBJ2-7
CASSIDWRDRGEKIETQYF	TRBV19	TRBJ2-5
CASHATGAYGYTF	TRBV2	TRBJ1-2
CSVDSGDTNTGELFF	TRBV29-1	TRBJ2-2
CASSLTDTQYF	TRBV28	TRBJ2-3
CASSSQGAGANVLTF	TRBV5-4	TRBJ2-6
CASSDSIAGAYNEQFF	TRBV6-4	TRBJ2-1
CSVSASGGDEQYF	TRBV29-1	TRBJ2-7
CAWSGRAGVSNEQFF	TRBV30	TRBJ2-1
CASSWGDYNEQFF	TRBV7-2	TRBJ2-1
CASSIYGGAGDGYTF	TRBV19	TRBJ1-2
CASSLNGGNSYEQYF	TRBV5-1	TRBJ2-7
CASSATVIPDTQYF	TRBV6-1	TRBJ2-3
CASSPKGGRTNYGYTF	TRBV27	TRBJ1-2
CASSLPLSRTTDTQYF	TRBV11-2	TRBJ2-3
CASSDPTSGGPYNEQFF	TRBV7-9	TRBJ2-1
CASTPTSKADTQYF	TRBV2	TRBJ2-3
CASSLLGQGDHEQYF	TRBV11-1	TRBJ2-7
CASSIPRPTNEKLFF	TRBV19	TRBJ1-4
CASSYPDRPTSGWSYEQYF	TRBV6-3	TRBJ2-7
CATSDWPKGDTIYF	TRBV24-1	TRBJ1-3
CASSEGSSYEQYF	TRBV2	TRBJ2-7
CASSNTGRREQYF	TRBV6-5	TRBJ2-7
CASSLIGTGLTLAKNIQYF	TRBV7-8	TRBJ2-4
CASSNPRLDATGELFF	TRBV6-3	TRBJ2-2
CASSLAWDLNSPLHF	TRBV7-2	TRBJ1-6
CSALPPLAGGHTDTQYF	TRBV20-1	TRBJ2-3
CASSLGQGASQPQHF	TRBV7-2	TRBJ1-5
CASSQGATGGPPDTQYF	TRBV14	TRBJ2-3
CASSRTSGSLYNEQFF	TRBV6-5	TRBJ2-1
CASSPGQLYEQYF	TRBV19	TRBJ2-7
CASSQDYNEQFF	TRBV4-3	TRBJ2-1
CASSPEFSRGGLGEQYF	TRBV28	TRBJ2-7
CASSLSSGTYEQYF	TRBV9	TRBJ2-7
CASGFGTVNEQFF	TRBV19	TRBJ2-1
CASAATVAKNIQYF	TRBV19	TRBJ2-4
CASSAGDWISDNSPLHF	TRBV9	TRBJ1-6
CASSINRDGDEQFF	TRBV19	TRBJ2-1
CASIALTGELFF	TRBV6-1	TRBJ2-2
CASSLGDFLRTDTQYF	TRBV11-2	TRBJ2-3
CASGSGGGNEQFF	TRBV12-4	TRBJ2-1
CSASGPGLYYNEQFF	TRBV20-1	TRBJ2-1
CASSPQGHTGELFF	TRBV7-8	TRBJ2-2
CAWSVYGGGRDEQFF	TRBV30	TRBJ2-1
CASSQGGGLGTEAFF	TRBV5-1	TRBJ1-1
CASRTGNLNTEAFF	TRBV30	TRBJ1-1
CASSVASNQPQHF	TRBV9	TRBJ1-5
CASSQDPGNVDGYTF	TRBV4-3	TRBJ1-2
CASSLDLSGGITDTQYF	TRBV7-3	TRBJ2-3
CASSGGTSAYNEQFF	TRBV7-2	TRBJ2-1
CASSLNGQGAGYTF	TRBV28	TRBJ1-2
CASSLWFSWLRRDGQETQYF	TRBV5-1	TRBJ2-5
CASSQGGAWQADSYEQYF	TRBV4-1	TRBJ2-7
CASSPQGGNYGYTF	TRBV6-5	TRBJ1-2
CATSRDRVAGGYNEQFF	TRBV15	TRBJ2-1
CASSESISYEQYF	TRBV10-1	TRBJ2-7
CASSQTTRQSNTEAFF	TRBV4-2	TRBJ1-1
CASSVGHTEAFF	TRBV9	TRBJ1-1
CASSLGLAGPIGNEQFF	TRBV7-2	TRBJ2-1
CASSLTPGGGSYGYTF	TRBV19	TRBJ1-2
CASSPGTGTIDTQYF	TRBV6-4	TRBJ2-3
CASSVEAGASSGNTIYF	TRBV9	TRBJ1-3
CASLWLRGEYNEQFF	TRBV6-3	TRBJ2-1
CASSFLAGGYNEQFF	TRBV7-8	TRBJ2-1
CASSSLSGSFAYNEQFF	TRBV27	TRBJ2-1
CASSYETGAYEQYF	TRBV6-6	TRBJ2-7
CASSDGPAYEQYF	TRBV2	TRBJ2-7
CASRRTGMNTEAFF	TRBV4-2	TRBJ1-1
CASSLEVVLWTGNTEAFF	TRBV5-1	TRBJ1-1
CSARDSTGNGYTF	TRBV20-1	TRBJ1-2
CASSYSAGPTDTQYF	TRBV6-3	TRBJ2-3
CASSQEEGPVGYTF	TRBV4-2	TRBJ1-2
CASSMDRGSADTQYF	TRBV19	TRBJ2-3
CASSYNLAGGPPDTQYF	TRBV6-6	TRBJ2-3
CATSDFRDSSNEQFF	TRBV24-1	TRBJ2-1
CASSQGQGGEQYF	TRBV4-1	TRBJ2-7
CASSFSGANVLTF	TRBV27	TRBJ2-6
CASSLWARKDRGLEGYTF	TRBV28	TRBJ1-2
CASSLSAGGYNEQFF	TRBV7-2	TRBJ2-1
CASSQGGEVGEKLFF	TRBV4-3	TRBJ1-4
CASSTTHTEAFF	TRBV19	TRBJ1-1
CASSLGFTDTQYF	TRBV27	TRBJ2-3
CASSQEVSSGGSNEQFF	TRBV4-3	TRBJ2-1
CASSEGDRVTEAFF	TRBV9	TRBJ1-1
CASSQERGLPNEKLFF	TRBV3-1	TRBJ1-4
CASSLTGQSQRVYGYTF	TRBV7-3	TRBJ1-2
CASSPGTPYEQYF	TRBV12-4	TRBJ2-7
CASSQGVAGAFDEQFF	TRBV4-3	TRBJ2-1
CASSEEIGDFPGELFF	TRBV6-1	TRBJ2-2
CASSQRGGVYNSPLHF	TRBV4-1	TRBJ1-6
CASSLVRDRAYEQYF	TRBV7-8	TRBJ2-7
CASGPAPTSYNNEQFF	TRBV12-5	TRBJ2-1
CASSQETFTGSPLHF	TRBV4-3	TRBJ1-6
CASSQLSPLAGGLETQYF	TRBV4-1	TRBJ2-5
CASSAGTSGQETQYF	TRBV9	TRBJ2-5
CASSLSPSGSYEQYF	TRBV27	TRBJ2-7
CASSFSYEQYF	TRBV6-3	TRBJ2-7
CASSVKTGAGREQYF	TRBV19	TRBJ2-7
CASSYGTSDEQFF	TRBV12-4	TRBJ2-1
CASSELAGAQDTQYF	TRBV6-1	TRBJ2-3
CASSFGGPRGPLHF	TRBV28	TRBJ1-6
CSARGMEREALETQYF	TRBV20-1	TRBJ2-5
CASSQLGRGDNEQFF	TRBV7-9	TRBJ2-1
CASSSYANTDTQYF	TRBV10-2	TRBJ2-3
CASSVRSSMNTEAFF	TRBV9	TRBJ1-1
CATTGGRRDRGRDEQYF	TRBV15	TRBJ2-7
CSAREVSGEKLFF	TRBV20-1	TRBJ1-4
CASSFEEETEAFF	TRBV7-2	TRBJ1-1
CASSQVKLAGEQYF	TRBV3-1	TRBJ2-7
CASSSTGVGYTF	TRBV5-6	TRBJ1-2
CASSSGALPRGETQYF	TRBV7-3	TRBJ2-5
CASSPGPMNTEAFF	TRBV9	TRBJ1-1
CASRPQQGHNSPLHF	TRBV28	TRBJ1-6
CASSFGGLDEQFF	TRBV7-2	TRBJ2-1
CASSQEGQLNQPQHF	TRBV4-2	TRBJ1-5
CSASPRVNVHTEAFF	TRBV20-1	TRBJ1-1
CASSQGSFSGNTIYF	TRBV14	TRBJ1-3
CASSISRVYNEQFF	TRBV4-1	TRBJ2-1
CASSKGLGGDQPQHF	TRBV19	TRBJ1-5
CASSLDQDTFLGVVTGELFF	TRBV7-2	TRBJ2-2
CSVESAFPYEQYF	TRBV29-1	TRBJ2-7
CAWTGTGKIGWDSPLHF	TRBV30	TRBJ1-6
CASSLPTDTQYF	TRBV11-1	TRBJ2-3
CAISLTLLGQRDQETQYF	TRBV10-3	TRBJ2-5
CASSISGTSAYYEQYF	TRBV19	TRBJ2-7
CASSEWGSGTEAFF	TRBV6-1	TRBJ1-1
CSARDPPAGRDGYTF	TRBV20-1	TRBJ1-2
CASSTYASGAISYEQYF	TRBV6-5	TRBJ2-7
CASSHGSGSPYGYTF	TRBV11-2	TRBJ1-2
CASSITEGEDSVSTDTQYF	TRBV6-1	TRBJ2-3
CASRRLAGGAGELFF	TRBV28	TRBJ2-2
CASSLDRTGEYEQYF	TRBV5-6	TRBJ2-7
CASSSPTSGGQETQYF	TRBV12-4	TRBJ2-5
CSVESRNYGYTF	TRBV29-1	TRBJ1-2
CASEEQGGLETQYF	TRBV6-3	TRBJ2-5
CASSYLSTNGYTF	TRBV12-3	TRBJ1-2
CASSQEWLAVSTDTQYF	TRBV4-3	TRBJ2-3
CASRRTGVNEQFF	TRBV19	TRBJ2-1
CASSPGTDYGYTF	TRBV4-1	TRBJ1-2
CASSFRQVLSSYEQYF	TRBV13	TRBJ2-7
CASSTTAGDTEAFF	TRBV6-6	TRBJ1-1
CASSPQWANTGELFF	TRBV6-5	TRBJ2-2
CASRGEKAYEQYF	TRBV25-1	TRBJ2-7
CSADWTSRPDTQYF	TRBV20-1	TRBJ2-3
CASSAGSGEAFF	TRBV11-1	TRBJ1-1
CASRETGEGYEQYF	TRBV10-2	TRBJ2-7
CASSQTGFPTTNEKLFF	TRBV4-3	TRBJ1-4
CAISESGTGSVFDGYTF	TRBV10-3	TRBJ1-2
CASSLKQSPHTEAFF	TRBV27	TRBJ1-1
CASSETVIGTALEAFF	TRBV25-1	TRBJ1-1
CASSQTSGSGDTQYF	TRBV9	TRBJ2-3
CAAGGGGTEKLFF	TRBV10-3	TRBJ1-4
CASSQDLGINEQYF	TRBV4-3	TRBJ2-7
CSARDLGGPNTGELFF	TRBV20-1	TRBJ2-2
CASSPRGEYTGELFF	TRBV7-9	TRBJ2-2
CASSFGHYNEQFF	TRBV27	TRBJ2-1
CASSPLAGVSDTQYF	TRBV7-6	TRBJ2-3
CASSTLTSGSRSYEQYF	TRBV6-5	TRBJ2-7
CASSDWTGVGGYTF	TRBV6-1	TRBJ1-2
CASSPETGAYGYTF	TRBV18	TRBJ1-2
CASSLLAGVSADTQYF	TRBV7-2	TRBJ2-3
CASSLGGTNEQFF	TRBV4-1	TRBJ2-1
CASRTGTTSPGELFF	TRBV7-9	TRBJ2-2
CASTLTGATNEKLFF	TRBV12-4	TRBJ1-4
CASSLTSETSYEQYF	TRBV7-2	TRBJ2-7
CATGYRFNQPQHF	TRBV7-2	TRBJ1-5
CASSLGSAEAFF	TRBV5-5	TRBJ1-1
CASSPGGGSSFGYTF	TRBV11-2	TRBJ1-2
CASSLALAPRSYNEQFF	TRBV5-6	TRBJ2-1
CASSLQGTGANVLTF	TRBV11-2	TRBJ2-6
CASRTREGRTDTQYF	TRBV12-4	TRBJ2-3
CASSWTGGETQYF	TRBV19	TRBJ2-5
CASSYSISGYEQYF	TRBV6-5	TRBJ2-7
CASSLAGDTEAFF	TRBV5-8	TRBJ1-1
CASSPRAGKETQYF	TRBV7-6	TRBJ2-5
CASSARTSTDTQYF	TRBV6-1	TRBJ2-3
CASSSGQINQPQHF	TRBV7-6	TRBJ1-5
CASSLEGTHEQYF	TRBV28	TRBJ2-7
CASSVAYYLGENTGELFF	TRBV9	TRBJ2-2
CASSYPGGYPNTGELFF	TRBV9	TRBJ2-2
CASSQDFPASYNSPLHF	TRBV14	TRBJ1-6
CASSSRTSGGAGQFF	TRBV13	TRBJ2-1
CASSVTDYNEQFF	TRBV9	TRBJ2-1
CASSQGEGRETQYF	TRBV4-1	TRBJ2-5
CSAQAERSYEQYF	TRBV20-1	TRBJ2-7
CASSFMYQSNSPLHF	TRBV7-2	TRBJ1-6
CASSLGNTEAFF	TRBV7-2	TRBJ1-1
CASSEASGGFYNEQFF	TRBV2	TRBJ2-1
CASSLQDRKHEAFF	TRBV5-6	TRBJ1-1
CASSQDGRTYGYTF	TRBV3-1	TRBJ1-2
CASSQDRFNGELFF	TRBV4-3	TRBJ2-2
CSVGTRTTGELFF	TRBV29-1	TRBJ2-2
CASSPQWRQHTNYGYTF	TRBV18	TRBJ1-2
CASSLGQGPYEQYF	TRBV11-2	TRBJ2-7
CASTPRRLGLFPSSGNTIYF	TRBV6-6	TRBJ1-3
CASRPTGGASLGYTF	TRBV28	TRBJ1-2
CASSRHGQGNTEAFF	TRBV7-9	TRBJ1-1
CASSPTTGEDNEQFF	TRBV7-6	TRBJ2-1
CASSLQGGIDGYTF	TRBV6-5	TRBJ1-2
CASSGRHVDTKDTQYF	TRBV14	TRBJ2-3
CSARDYKLLLQETQYF	TRBV20-1	TRBJ2-5
CASSPPSQETQYF	TRBV13	TRBJ2-5
CASSSDPRYGYTF	TRBV12-4	TRBJ1-2
CAWSYTGELFF	TRBV30	TRBJ2-2
CSARPTRTFNIQYF	TRBV20-1	TRBJ2-4
CASRRGTTYNEQFF	TRBV19	TRBJ2-1
CASSYVREETQYF	TRBV7-9	TRBJ2-5
CASSQVSSRQPHTEAFF	TRBV3-1	TRBJ1-1
CASSYGRAYEQYF	TRBV6-5	TRBJ2-7
CASSVVAGVGYEQYF	TRBV6-5	TRBJ2-7
CSARGGTGELNEQFF	TRBV20-1	TRBJ2-1
CASSLGTGWSAGYTF	TRBV11-2	TRBJ1-2
CASSYSYGNTGELFF	TRBV6-5	TRBJ2-2
CASSWGAYGYTF	TRBV19	TRBJ1-2
CASSPSRSGADTQYF	TRBV4-1	TRBJ2-3
CASSDSGGPSTDTQYF	TRBV7-9	TRBJ2-3
CASSRTGTSYEQYF	TRBV13	TRBJ2-7
CASSFSRNYEQYF	TRBV27	TRBJ2-7
CSAHNEQFF	TRBV20-1	TRBJ2-1
CASSQEVAVVGYTF	TRBV4-3	TRBJ1-2
CASSLTSLGSGSTDTQYF	TRBV3-1	TRBJ2-3
CASSSQGFEQYF	TRBV12-3	TRBJ2-7
CASAGGNQPQHF	TRBV6-3	TRBJ1-5
CASSVGGGLDTQYF	TRBV9	TRBJ2-3
CASSVGGVSPLHF	TRBV9	TRBJ1-6
CASRDNRGSYEQYF	TRBV14	TRBJ2-7
CASSPKGQGFEQYF	TRBV9	TRBJ2-7
CASSSRGGTYEQYF	TRBV19	TRBJ2-7
CSARDGKGNTEAFF	TRBV20-1	TRBJ1-1
CASSLAGGYTEAFF	TRBV5-4	TRBJ1-1
CASSIAPWHRNNQPQHF	TRBV19	TRBJ1-5
CASSPRLAGAETQYF	TRBV11-1	TRBJ2-5
CASSPHGRGEVDTQYF	TRBV9	TRBJ2-3
CASSLLTSGSLMNYNEQFF	TRBV5-1	TRBJ2-1
CASSLGTVHQPQHF	TRBV18	TRBJ1-5
CASSTRTDTQYF	TRBV9	TRBJ2-3
CASSEPPQGRNTEAFF	TRBV2	TRBJ1-1
CASSPTSNTEAFF	TRBV19	TRBJ1-1
CASSLYQGSNYGYTF	TRBV27	TRBJ1-2
CAIGEGSMNTEAFF	TRBV10-3	TRBJ1-1
CSADGTHTPTDTQYF	TRBV20-1	TRBJ2-3
CASSRSSYEQYF	TRBV7-2	TRBJ2-7
CASSPQGGGDGYTF	TRBV6-5	TRBJ1-2
CASTRLAGAGTDTQYF	TRBV27	TRBJ2-3
CASSPGQGGYEQYF	TRBV7-8	TRBJ2-7
CASSYLTGTSGEQFF	TRBV6-5	TRBJ2-1
CASSGTSGAYNEQFF	TRBV7-8	TRBJ2-1
CASSDGGSNSGANVLTF	TRBV4-2	TRBJ2-6
CSVEPGTSYNEQFF	TRBV29-1	TRBJ2-1
CSARGGDNTGELFF	TRBV20-1	TRBJ2-2
CASSYGGYTEAFF	TRBV7-3	TRBJ1-1
CAISEGVWTYEQYF	TRBV10-3	TRBJ2-7
CASSLSGLDEQYF	TRBV7-3	TRBJ2-7
CASKPTSTDTQYF	TRBV27	TRBJ2-3
CASSLQGGNEQFF	TRBV6-5	TRBJ2-1
CATGTSPNEKLFF	TRBV24-1	TRBJ1-4
CASSLTRQGGTEAFF	TRBV7-3	TRBJ1-1
CASSLTPGTDTQYF	TRBV7-3	TRBJ2-3
CASSIDDGTLINQPQHF	TRBV19	TRBJ1-5
CASRSTGEISNEQYF	TRBV12-4	TRBJ2-7
CASSKKADQWEKLFF	TRBV19	TRBJ1-4
CASSQDHGTSVYNEQFF	TRBV3-1	TRBJ2-1
CASSLHRSSSSYEQYF	TRBV7-8	TRBJ2-7
CATSQGASTFYNSPLHF	TRBV15	TRBJ1-6
CASSLSGQGRGEQFF	TRBV7-3	TRBJ2-1
CASSLGGTDTQYF	TRBV6-5	TRBJ2-3
CASSESVLGLNTEAFF	TRBV2	TRBJ1-1
CASSQSAGPRSYEQYF	TRBV3-1	TRBJ2-7
CASRQRDRPNNEQFF	TRBV19	TRBJ2-1
CATSPNRAYEQYF	TRBV15	TRBJ2-7
CASTIGTGGDYGYTF	TRBV19	TRBJ1-2
CASSRGPNYEQYF	TRBV7-6	TRBJ2-7
CASSFLIGGNQPQHF	TRBV18	TRBJ1-5
CASSFMSTDTQYF	TRBV27	TRBJ2-3
CASRMGDINTGELFF	TRBV9	TRBJ2-2
CASSFLPRAYNEQFF	TRBV28	TRBJ2-1
CASSHLGGDRYMNEQFF	TRBV3-1	TRBJ2-1
CASSVVDAGFEQYF	TRBV9	TRBJ2-7
CSASLGRGYEQYF	TRBV20-1	TRBJ2-7
CARKKTRRISQAFF	TRBV9	TRBJ1-1
CASRTDRGDEQFF	TRBV6-3	TRBJ2-1
CASSVGAGLYGYTF	TRBV9	TRBJ1-2
CASSLVRGGNQPQHF	TRBV5-5	TRBJ1-5
CASGPQPYGQALTNYGYTF	TRBV12-5	TRBJ1-2
CASSQELSYEQYF	TRBV4-2	TRBJ2-7
CASSWSYEQYF	TRBV6-3	TRBJ2-7
CAWSGLTITEAFF	TRBV30	TRBJ1-1
CASSYSMQGVGYGYTF	TRBV6-5	TRBJ1-2
CASSLWAGGEYTEAFF	TRBV5-5	TRBJ1-1
CASSLAGQVNEQYF	TRBV12-4	TRBJ2-7
CASTTTGGETQYF	TRBV19	TRBJ2-5
CSVGSGEDSPQYF	TRBV29-1	TRBJ2-3
CASSPVGGFFEQYF	TRBV9	TRBJ2-7
CASSPPSGYWEKLFF	TRBV18	TRBJ1-4
CASSSTGTSGNRAEQFF	TRBV27	TRBJ2-1
CASSSRSGYEQYF	TRBV19	TRBJ2-7
CASSLTGGMREQYF	TRBV7-2	TRBJ2-7
CASSAEGQTFSTDTQYF	TRBV12-4	TRBJ2-3
CASSLVQVRVTDTQYF	TRBV11-2	TRBJ2-3
CASSLELGGQFPWDSPLHF	TRBV12-4	TRBJ1-6
CASSGQRASYNEQFF	TRBV11-2	TRBJ2-1
CASSQDRWVWNQETQYF	TRBV4-3	TRBJ2-5
CASSLGGGDYEQYF	TRBV7-6	TRBJ2-7
CASSLEASGPYNEQFF	TRBV5-1	TRBJ2-1
CASGSAVRGGLETQYF	TRBV12-5	TRBJ2-5
CASSYHIGQGYTF	TRBV6-5	TRBJ1-2
CATSDRDDSYGYTF	TRBV24-1	TRBJ1-2
CASSIFGQGNYGYTF	TRBV7-9	TRBJ1-2
CASSEWGQGRIDTQYF	TRBV6-1	TRBJ2-3
CASSRPVAVIYGYTF	TRBV10-1	TRBJ1-2
CATGTGTGDNEQFF	TRBV10-3	TRBJ2-1
CSVEGTGQTGELFF	TRBV29-1	TRBJ2-2
CASSPTGTAYGYTF	TRBV27	TRBJ1-2
CASSQHTVPGQGFPYEQYF	TRBV4-1	TRBJ2-7
CASSQSPGGMQYF	TRBV14	TRBJ2-7
CASSLGDFFSQETQYF	TRBV11-2	TRBJ2-5
CASSSGTGGYNSPLHF	TRBV19	TRBJ1-6
CASSPSGGDYNEQFF	TRBV2	TRBJ2-1
CASSSGVITTDTQYF	TRBV7-8	TRBJ2-3
CASSSQGGFDGYTF	TRBV6-5	TRBJ1-2
CSASPRGAWYTDTQYF	TRBV20-1	TRBJ2-3
CAIGTGDTNQPQHF	TRBV10-3	TRBJ1-5
CAITSVSGGLDTDTQYF	TRBV10-3	TRBJ2-3
CSARTGNTIYF	TRBV20-1	TRBJ1-3
CASSSRQSEADTQYF	TRBV5-5	TRBJ2-3
CASYTPENTGELFF	TRBV6-1	TRBJ2-2
CASSLYKSSYNEQFF	TRBV28	TRBJ2-1
CASSLSRKGELFF	TRBV27	TRBJ2-2
CASSQPGAFFTDTQYF	TRBV3-1	TRBJ2-3
CASSLTPGLPPYEQYF	TRBV11-1	TRBJ2-7
CASSPRGWNGLSTDTQYF	TRBV27	TRBJ2-3
CAINTGDSNQPQHF	TRBV10-3	TRBJ1-5
CASSLGAGRELFF	TRBV13	TRBJ2-2
CASDRQDFYSNQPQHF	TRBV6-3	TRBJ1-5
CSARDTGVSDTQYF	TRBV20-1	TRBJ2-3
CASSLDGSVETQYF	TRBV5-1	TRBJ2-5
CASSATDRTYEQYF	TRBV6-1	TRBJ2-7
CASSSHSGRANTDTQYF	TRBV19	TRBJ2-3
CAWSVSASEQFF	TRBV30	TRBJ2-1
CASIKNVGWETQYF	TRBV7-9	TRBJ2-5
CASSSRDGGTDTQYF	TRBV7-9	TRBJ2-3
CASSQGGGEQYF	TRBV9	TRBJ2-7
CASSLFLAAQETQYF	TRBV27	TRBJ2-5
CASSQAPGETQYF	TRBV4-1	TRBJ2-5
CASSDPYNQTLSYEQYF	TRBV2	TRBJ2-7
CASSFGTTDNEQFF	TRBV5-1	TRBJ2-1
CASSLGGNEQFF	TRBV7-9	TRBJ2-1
CASSVVSGANVLTF	TRBV9	TRBJ2-6
CASSIRSTGELFF	TRBV19	TRBJ2-2
CSVPGLAGIGDEQFF	TRBV29-1	TRBJ2-1
CSARDETGNTIYF	TRBV20-1	TRBJ1-3
CSARQGTTGELFF	TRBV20-1	TRBJ2-2
CSPKEGNNEQFF	TRBV20-1	TRBJ2-1
CASSQETGYNEQFF	TRBV4-2	TRBJ2-1
CASSLVQGYTF	TRBV7-8	TRBJ1-2
CASSQDRRLILENTGELFF	TRBV3-1	TRBJ2-2
CSVEDLGSTDTQYF	TRBV29-1	TRBJ2-3
CASSPVSQGANSGNTIYF	TRBV18	TRBJ1-3
CASKLAGYYNEQFF	TRBV7-3	TRBJ2-1
CASSEGTDPQETQYF	TRBV6-1	TRBJ2-5
CAIKKGEGVIAYEQYF	TRBV10-3	TRBJ2-7
CASSQQGSYGYTF	TRBV14	TRBJ1-2
CASSLAGTGELFF	TRBV5-6	TRBJ2-2
CASGLIPGGPGNTIYF	TRBV12-5	TRBJ1-3
CASSSVGGGGDTQYF	TRBV12-3	TRBJ2-3
CASSSDRGTGELFF	TRBV7-6	TRBJ2-2
CASSYTDQNTEAFF	TRBV6-3	TRBJ1-1
CASSQRRRGRETQYF	TRBV3-1	TRBJ2-5
CASGGSTGTNEKLFF	TRBV6-1	TRBJ1-4
CATSDGYEQYF	TRBV24-1	TRBJ2-7
CASSRASRQGSTDTQYF	TRBV4-1	TRBJ2-3
CASRIGYTEAFF	TRBV25-1	TRBJ1-1
CASSSPVGLAEYEQYF	TRBV5-5	TRBJ2-7
CASSRLALLTDTQYF	TRBV4-2	TRBJ2-3
CASSWGQSISGVFNNEQFF	TRBV28	TRBJ2-1
CASSARAWQPQHF	TRBV2	TRBJ1-5
CASSGLAGVTDTQYF	TRBV28	TRBJ2-3
CASSQAGEGTEAFF	TRBV4-1	TRBJ1-1
CASSEEHTGVGSNQPQHF	TRBV2	TRBJ1-5
CASSQRSTGELFF	TRBV19	TRBJ2-2
CSARDRLAGEYSEQYF	TRBV20-1	TRBJ2-7
CSARVGPTGNTIYF	TRBV20-1	TRBJ1-3
CASSYTAGELFF	TRBV7-9	TRBJ2-2
CASSARVREKLFF	TRBV2	TRBJ1-4
CATMVTYF	TRBV24-1	TRBJ2-3
CASSHDDLRGEYNEQFF	TRBV7-9	TRBJ2-1
CASSQDRQGGDEQYF	TRBV4-1	TRBJ2-7
CASSVGSSGIYGELFF	TRBV9	TRBJ2-2
CASSYTLWETDTQYF	TRBV6-4	TRBJ2-3
CASGFTDAGATNYGYTF	TRBV12-5	TRBJ1-2
CSAREEAGDDTGELFF	TRBV20-1	TRBJ2-2
CASSIESLGVTEAFF	TRBV19	TRBJ1-1
CAIKVTENTEAFF	TRBV10-3	TRBJ1-1
CASSLSRGNTEAFF	TRBV27	TRBJ1-1
CASSIGSYGYTF	TRBV19	TRBJ1-2
CASSLTTGGRNEQFF	TRBV13	TRBJ2-1
CASSDDGMNTEAFF	TRBV10-2	TRBJ1-1
CASSMWGRQLNTEAFF	TRBV5-5	TRBJ1-1
CASSSVRGPNYGYTF	TRBV27	TRBJ1-2
CASSQVGGNTEAFF	TRBV4-3	TRBJ1-1
CSAHRQGRTYEQYF	TRBV20-1	TRBJ2-7
CASSLDYYSNQPQHF	TRBV7-2	TRBJ1-5
CASSLFGGTYEQYF	TRBV27	TRBJ2-7
CASSQELGPRETQYF	TRBV4-3	TRBJ2-5
CASSQDPGDEQFF	TRBV4-1	TRBJ2-1
CASSQESGIVYEQFF	TRBV4-3	TRBJ2-1
CASTEQGGFHGYTF	TRBV6-5	TRBJ1-2
CASSYWGFNQPQHF	TRBV6-3	TRBJ1-5
CASSADREFYEQYF	TRBV5-1	TRBJ2-7
CASSYYNEQFF	TRBV4-3	TRBJ2-1
CASSDARKGLAGQETQYF	TRBV6-1	TRBJ2-5
CASSFLAGGYGDTQYF	TRBV27	TRBJ2-3
CSARDGRREYEQYF	TRBV20-1	TRBJ2-7
CASSLDTENTDTQYF	TRBV11-2	TRBJ2-3
CATSDRGGTEAFF	TRBV24-1	TRBJ1-1
CSVRGGGISYNEQFF	TRBV20-1	TRBJ2-1
CASSYSIGETQYF	TRBV6-3	TRBJ2-5
CASSPTDFSYEQYF	TRBV4-1	TRBJ2-7
CASSHLDRGGTGELFF	TRBV14	TRBJ2-2
CASRFLAGGSHEQYF	TRBV5-6	TRBJ2-7
CASSFVPGYEQYF	TRBV12-3	TRBJ2-7
CASSYGTEAFF	TRBV16	TRBJ1-1
CASSRLGGNTQYF	TRBV16	TRBJ2-3
CASSLGHGEQYF	TRBV7-9	TRBJ2-7
CASSVGVLAGNEQFF	TRBV9	TRBJ2-1
CASSAGSGNYGYTF	TRBV19	TRBJ1-2
CASSSQGALKREIPYEQYF	TRBV7-8	TRBJ2-7
CASSLQRGRTSGRSTDTQYF	TRBV9	TRBJ2-3
CASSLMRGGTYNSPLHF	TRBV13	TRBJ1-6
CASSRRGDGTDTQYF	TRBV6-3	TRBJ2-3
CASSQWGTGQPQHF	TRBV3-1	TRBJ1-5
CSAPRGSGTIDTQYF	TRBV20-1	TRBJ2-3
CSATLTSGGIYEQYF	TRBV20-1	TRBJ2-7
CASSFGLGGAYNEQFF	TRBV27	TRBJ2-1
CASSQAHWGTGENTIYF	TRBV4-1	TRBJ1-3
CASRASMSSYNEQFF	TRBV6-3	TRBJ2-1
CASSQGGGQGYEQYF	TRBV4-3	TRBJ2-7
CSALSGNTIYF	TRBV20-1	TRBJ1-3
CASSPPFRAFLSGANVLTF	TRBV18	TRBJ2-6
CASSLAAANTEAFF	TRBV28	TRBJ1-1
CASSQGQGNTEAFF	TRBV4-1	TRBJ1-1
CASSTTGPQTPLHF	TRBV11-2	TRBJ1-6
CASSRDGAHEQYF	TRBV19	TRBJ2-7
CASILEMTSGADTQYF	TRBV7-2	TRBJ2-3
CASSPPVGNEQFF	TRBV18	TRBJ2-1
CASSSNQGDNQPQHF	TRBV11-2	TRBJ1-5
CASSLTFSGANVLTF	TRBV7-9	TRBJ2-6
CASSLRRTDTQYF	TRBV27	TRBJ2-3
CASSLVGTSATGELFF	TRBV7-9	TRBJ2-2
CASTPDWDTEAFF	TRBV19	TRBJ1-1
CASSGTGRYEKLFF	TRBV5-1	TRBJ1-4
CASSNRGWGDTQYF	TRBV6-1	TRBJ2-3
CASSLTGQGAYGYTF	TRBV7-3	TRBJ1-2
CASSMGQGTLRNQPQHF	TRBV19	TRBJ1-5
CASSLLTSGGGSDTQYF	TRBV28	TRBJ2-3
CASSQDLTSGGAAYNEQFF	TRBV4-3	TRBJ2-1
CASSFWPGRNLLWGYTF	TRBV12-4	TRBJ1-2
CASSPPRVYSNGAGLAGVGWRNEQFF	TRBV5-4	TRBJ2-1
CASSQRLAGDNEQFF	TRBV4-3	TRBJ2-1
CASSFLFHTEAFF	TRBV7-9	TRBJ1-1
CSALLLGSNEQFF	TRBV20-1	TRBJ2-1
CSVLDRISGNTIYF	TRBV29-1	TRBJ1-3
CASSPRSTDTQYF	TRBV19	TRBJ2-3
CASSETPQPFQNGYTF	TRBV6-4	TRBJ1-2
CASSYLGGDAANYGYTF	TRBV6-5	TRBJ1-2
CASSSGQGWNEQYF	TRBV5-6	TRBJ2-7
CSARLLDTNYEQYF	TRBV20-1	TRBJ2-7
CASSTDGQGGSDTQYF	TRBV2	TRBJ2-3
CASSLEGAAGDLYEQYF	TRBV11-2	TRBJ2-7
CASSQGGQGKGGYTF	TRBV4-2	TRBJ1-2
CASSLGVGGGVGTEAFF	TRBV13	TRBJ1-1
CASSGGITGEETQYF	TRBV5-5	TRBJ2-5
CASRLQGAMGYEQYF	TRBV13	TRBJ2-7
CASSQAGGLFEQYF	TRBV4-3	TRBJ2-7
CASSPAGQGILGNEQFF	TRBV10-2	TRBJ2-1
CASSFPPDLNTGELFF	TRBV28	TRBJ2-2
CASSTGAGVNEQYF	TRBV4-1	TRBJ2-7
CASSFQGWELFF	TRBV5-4	TRBJ2-2
CASRSQGALYSNQPQHF	TRBV28	TRBJ1-5
CASRKTGGYEQYF	TRBV6-5	TRBJ2-7
CSALADTQYF	TRBV20-1	TRBJ2-3
CASSLLADYNEQFF	TRBV7-3	TRBJ2-1
CASSYEAGAGETQYF	TRBV6-5	TRBJ2-5
CSARDPPSDVGTQYF	TRBV20-1	TRBJ2-5
CASSYPPVYLAGWQFRKFF	TRBV6-3	TRBJ2-1
CASSQDRGTSYEQYF	TRBV4-1	TRBJ2-7
CAISDPGLAGGGGEQFF	TRBV10-3	TRBJ2-1
CASSLWGISPLHF	TRBV27	TRBJ1-6
CASSLFASGLAGYEQYF	TRBV5-1	TRBJ2-7
CASSPSLGTGGGLQFF	TRBV6-5	TRBJ2-1
CASSGVLGSDGYTF	TRBV13	TRBJ1-2
CASSLTALGRGTDTQYF	TRBV11-2	TRBJ2-3
CSAIVGRPYFTDTQYF	TRBV20-1	TRBJ2-3
CASSPPSYYEQYF	TRBV5-5	TRBJ2-7
CASSLTSGEETQYF	TRBV18	TRBJ2-5
CASSYPPTDTQYF	TRBV6-3	TRBJ2-3
CAFPKGGAMGTEAFF	TRBV30	TRBJ1-1
CASSFVDRAETQYF	TRBV7-9	TRBJ2-5
CASSLARTEDNYEQYF	TRBV12-3	TRBJ2-7
CASSEMGQETYEQYF	TRBV9	TRBJ2-7
CASSYSLFGAGGSGANVLTF	TRBV6-5	TRBJ2-6
CASSSQEGDRYNEQFF	TRBV9	TRBJ2-1
CASSFPGLAMETQYF	TRBV11-2	TRBJ2-5
CSARPSLAGGYNEQFF	TRBV20-1	TRBJ2-1
CASSQDDHGSNEQYF	TRBV4-3	TRBJ2-7
CASSSRGGQETQYF	TRBV7-3	TRBJ2-5
CASSFSGLAPSYNEQFF	TRBV27	TRBJ2-1
CASSQDSLPSGGPPYEQYF	TRBV4-1	TRBJ2-7
CSANGGDTEAFF	TRBV20-1	TRBJ1-1
CASSTHSGQETQYF	TRBV7-2	TRBJ2-5
CASSASSVQLLGDTQYF	TRBV4-1	TRBJ2-3
CASSIDWHPWRAKGNYEQYF	TRBV19	TRBJ2-7
CASSLEAGYRDTDTQYF	TRBV5-4	TRBJ2-3
CASSRTVWSITGELFF	TRBV5-1	TRBJ2-2
CASRPPGSYNEQFF	TRBV28	TRBJ2-1
CASSSPNQETQYF	TRBV11-3	TRBJ2-5
CASSYPGTGEYEQYF	TRBV6-3	TRBJ2-7
CARGGTGYNEQFF	TRBV2	TRBJ2-1
CASNMGPYEQYF	TRBV12-3	TRBJ2-7
CASSPTQGATGELFF	TRBV4-1	TRBJ2-2
CASSRRGPWVTKGTDTQYF	TRBV4-1	TRBJ2-3
CASSPLAGVTDTQYF	TRBV7-2	TRBJ2-3
CASSPTGSSYEQYF	TRBV6-6	TRBJ2-7
CASSVGLAGSNEQFF	TRBV9	TRBJ2-1
CATSSTGLKTQYF	TRBV15	TRBJ2-5
CASSFGGAISYNEQFF	TRBV13	TRBJ2-1
CASSPPGGNEQFF	TRBV7-8	TRBJ2-1
CASLGRRGGLFF	TRBV12-4	TRBJ2-2
CASSLEGQLFYEQYF	TRBV11-2	TRBJ2-7
CASSVKGGPDTQYF	TRBV9	TRBJ2-3
CSAMTEFSSYEQYF	TRBV20-1	TRBJ2-7
CASSANSGGYTF	TRBV28	TRBJ1-2
CASSYSFQGGELFF	TRBV6-3	TRBJ2-2
CASSQGSAGGNEQFF	TRBV4-1	TRBJ2-1
CASSQARGDTEAFF	TRBV14	TRBJ1-1
CSVELTTGTDTQYF	TRBV29-1	TRBJ2-3
CSVDSKGDWGASNTEAFF	TRBV29-1	TRBJ1-1
CASSEQGYEQYF	TRBV7-2	TRBJ2-7
CASSDGARGGTDTQYF	TRBV6-1	TRBJ2-3
CASSVSMNTEAFF	TRBV6-1	TRBJ1-1
CSARDGVGSGSTYEQYF	TRBV20-1	TRBJ2-7
CASSQTGGKTYEQYF	TRBV14	TRBJ2-7
CASSLFHEQYF	TRBV5-6	TRBJ2-7
CATGHSNQPQHF	TRBV6-3	TRBJ1-5
CASSRGQINQPQHF	TRBV7-9	TRBJ1-5
CASSQDPPPTANTGELFF	TRBV4-2	TRBJ2-2
CALVGLNTEAFF	TRBV30	TRBJ1-1
CSATGTQANYGYTF	TRBV20-1	TRBJ1-2
CASSVLAASTDTQYF	TRBV9	TRBJ2-3
CASSQEGGDGEKLFF	TRBV14	TRBJ1-4
CASSLGASRSTDTQYF	TRBV7-6	TRBJ2-3
CASSQGYNEQFF	TRBV4-3	TRBJ2-1
CASGYWSGDTQYF	TRBV6-3	TRBJ2-3
CASSLRTGGFPSGTSGSTDTQYF	TRBV4-1	TRBJ2-3
CASSDRVFVHEQYF	TRBV5-4	TRBJ2-7
CASSFLDRGPNTEAFF	TRBV12-3	TRBJ1-1
CASTGLAGQETQYF	TRBV3-1	TRBJ2-5
CASKIGQGYEQYF	TRBV6-5	TRBJ2-7
CASSYGGGTEAFF	TRBV6-3	TRBJ1-1
CASSYSTDSGYGYTF	TRBV6-3	TRBJ1-2
CATSDSGRVNTEAFF	TRBV24-1	TRBJ1-1
CASSIQSEREKLFF	TRBV19	TRBJ1-4
CASSFGVGTESYEQYF	TRBV6-3	TRBJ2-7
CASSLGTSGSSYEQYF	TRBV13	TRBJ2-7
CASSLGNQPQHF	TRBV5-4	TRBJ1-5
CASSPGNGGATLGYTF	TRBV7-3	TRBJ1-2
CASSQGAGIGRTDTQYF	TRBV4-1	TRBJ2-3
CASSAGTGFEGNSPLHF	TRBV9	TRBJ1-6
CSARDEAWASASYEQYF	TRBV20-1	TRBJ2-7
CASSVAHLINEQFF	TRBV9	TRBJ2-1
CASSLFGRDLGGYTF	TRBV12-3	TRBJ1-2
CASSFGGRALPSSYNEQFF	TRBV7-6	TRBJ2-1
CASATGTGGNEQYF	TRBV4-1	TRBJ2-7
CASSLLAGGGDTQYF	TRBV7-8	TRBJ2-3
CASSGVGRQTYEQYF	TRBV6-1	TRBJ2-7
CASSLISGPPYEQYF	TRBV5-4	TRBJ2-7
CASGLDSSSGNTIYF	TRBV12-5	TRBJ1-3
CSVGTGGAGQPQHF	TRBV29-1	TRBJ1-5
CASSQDVGAAYEQYF	TRBV4-2	TRBJ2-7
CASSYWPGGGTEAFF	TRBV6-5	TRBJ1-1
CSARGGATGTNTGELFF	TRBV20-1	TRBJ2-2
CASSPDSNYGYTF	TRBV18	TRBJ1-2
CASSLNPRLTRTDTQYF	TRBV13	TRBJ2-3
CASSGGTSGYNEQFF	TRBV5-6	TRBJ2-1
CASSLEGQGAREQYF	TRBV7-9	TRBJ2-7
CASSLWRALEQYF	TRBV28	TRBJ2-7
CASSLPGTGGSPLHF	TRBV27	TRBJ1-6
CSAPVEESIYGYTF	TRBV20-1	TRBJ1-2
CASSLGAGKVTDTQYF	TRBV11-3	TRBJ2-3
CASSSPRLSGEADGYTF	TRBV7-9	TRBJ1-2
CASSVGSGPVEQYF	TRBV9	TRBJ2-7
CASRQSNQPQHF	TRBV19	TRBJ1-5
CASSDTGQGLYGYTF	TRBV6-4	TRBJ1-2
CASSPTQGAGDTQYF	TRBV4-3	TRBJ2-3
CASSLNVEQYF	TRBV7-8	TRBJ2-7
CASSQVPQTVNEQFF	TRBV4-3	TRBJ2-1
CASGARNVANTGELFF	TRBV6-3	TRBJ2-2
CASSSTGGKETQYF	TRBV13	TRBJ2-5
CASSPGTSYNEQFF	TRBV19	TRBJ2-1
CASRLWTAETQYF	TRBV6-5	TRBJ2-5
CATSRDRGHGDTIYF	TRBV15	TRBJ1-3
CAISPSRSKNIQYF	TRBV10-3	TRBJ2-4
CASSQESASAETQYF	TRBV3-1	TRBJ2-5
CASSVGLSYEQYF	TRBV9	TRBJ2-7
CASSPGTGGWFIFSGANVLTF	TRBV5-1	TRBJ2-6
CASSLVGIGNTIYF	TRBV7-9	TRBJ1-3
CAISESVNTEAFF	TRBV10-3	TRBJ1-1
CASSLDRDSSNEKLFF	TRBV7-9	TRBJ1-4
CASSVEGVGTSTDTQYF	TRBV9	TRBJ2-3
CASSPSSYEQYF	TRBV7-2	TRBJ2-7
CASSSIREICSMCGYTF	TRBV28	TRBJ1-2
CASSDSRRGTGTYEQYF	TRBV25-1	TRBJ2-7
CAWSGGTTEAFF	TRBV30	TRBJ1-1
CASSYSSGSYEQYF	TRBV6-3	TRBJ2-7
CASSQSGTGYGYTF	TRBV14	TRBJ1-2
CASSLKTANTGELFF	TRBV7-8	TRBJ2-2
CASSSPGQGEEAFF	TRBV9	TRBJ1-1
CAISESILWVVRMNTEAFF	TRBV10-3	TRBJ1-1
CASSLAGSLISTDTQYF	TRBV5-4	TRBJ2-3
CASSFSRARRETQYF	TRBV5-1	TRBJ2-5
CASSHLPDDSTYGYTF	TRBV4-3	TRBJ1-2
CASSLTSGNTEAFF	TRBV7-3	TRBJ1-1
CASSLGTSGSTDTQYF	TRBV7-6	TRBJ2-3
CASSGRLDRETQYF	TRBV2	TRBJ2-5
CASGHRARALNYGYTF	TRBV12-5	TRBJ1-2
CASSEALLVWRNEKLFF	TRBV6-1	TRBJ1-4
CATSSGGTEAFF	TRBV15	TRBJ1-1
CASSFLGLDGSPLHF	TRBV12-4	TRBJ1-6
CASSPRTDLSAPNTGELFF	TRBV19	TRBJ2-2
CATSDSYSGANVLTF	TRBV24-1	TRBJ2-6
CASSSRGQGGYEQYF	TRBV13	TRBJ2-7
CSARLPRLAGNEQFF	TRBV20-1	TRBJ2-1
CASSDGQGLEQYF	TRBV27	TRBJ2-7
CASSENRDVTGELFF	TRBV6-4	TRBJ2-2
CASSRADLAGVPLGTGELFF	TRBV7-3	TRBJ2-2
CASSFYRDGDHQPQHF	TRBV5-6	TRBJ1-5
CASSQGRQRVSYGYTF	TRBV4-1	TRBJ1-2
CASTQGGGTGSFYEQYF	TRBV6-5	TRBJ2-7
CASSQEQASNEQFF	TRBV4-2	TRBJ2-1
CSASGVRDSLYEQYF	TRBV29-1	TRBJ2-7
CASSRPPEVAGNTIYF	TRBV3-1	TRBJ1-3
CASSLIVAGGYNEQFF	TRBV7-3	TRBJ2-1
CASSPRKDSTGELFF	TRBV18	TRBJ2-2
CASSFVDRVYEQYF	TRBV7-9	TRBJ2-7
CSARSETGNTIYF	TRBV20-1	TRBJ1-3
CSVGSRGTNEKLFF	TRBV29-1	TRBJ1-4
CASSPLLGGTYNEQFF	TRBV6-3	TRBJ2-1
CASTLEGSYGYTF	TRBV19	TRBJ1-2
CASSSPEGQPLNTGELFF	TRBV7-8	TRBJ2-2
CASGMTGLTSEQYF	TRBV6-3	TRBJ2-7
CASSVRVASMTGELFF	TRBV9	TRBJ2-2
CASGQGYEQYF	TRBV12-4	TRBJ2-7
CASSVGGAGVSNEQFF	TRBV9	TRBJ2-1
CASSQEASYNEQFF	TRBV3-1	TRBJ2-1
CSVDGQNNYGYTF	TRBV29-1	TRBJ1-2
CASSVAPGEYEQYF	TRBV9	TRBJ2-7
CSAGSGTRGETQYF	TRBV20-1	TRBJ2-5
CASSGAGGTDTQYF	TRBV7-6	TRBJ2-3
CASSPPGGGNTGELFF	TRBV18	TRBJ2-2
CASSQTSSSGANVLTF	TRBV4-2	TRBJ2-6
CASSLVGGTDEKLFF	TRBV7-9	TRBJ1-4
CASSPLWVAGGRETQYF	TRBV3-1	TRBJ2-5
CAISESNKGTPGYTF	TRBV10-3	TRBJ1-2
CATSGTEGTDTQYF	TRBV24-1	TRBJ2-3
CASSEEAGEYNEQFF	TRBV6-1	TRBJ2-1
CASSPSSSYEQYF	TRBV12-4	TRBJ2-7
CASSVDSGSDYEQYF	TRBV9	TRBJ2-7
CASSHSGTAYEQYF	TRBV18	TRBJ2-7
CASSLRGSMNTEAFF	TRBV13	TRBJ1-1
CASRKGGPNNEQFF	TRBV27	TRBJ2-1
CSARVSPEGGPENYGYTF	TRBV20-1	TRBJ1-2
CASSQEGYTEAFF	TRBV14	TRBJ1-1
CASSLGGQGSNEQFF	TRBV13	TRBJ2-1
CSARDDSGQGFGFLETQYF	TRBV20-1	TRBJ2-5
CATSRSGQGEKLFF	TRBV15	TRBJ1-4
CASSSQGASYNEQFF	TRBV27	TRBJ2-1
CASSLPGTVQETQYF	TRBV4-3	TRBJ2-5
CATGTGISYEQYF	TRBV15	TRBJ2-7
CASSLWTSGDYEQYF	TRBV3-1	TRBJ2-7
CASSLGTAGFEQFF	TRBV7-6	TRBJ2-1
CSAGQGPYEQYF	TRBV29-1	TRBJ2-7
CASSLDTQYF	TRBV7-9	TRBJ2-3
CASSSRGRRDPGELFF	TRBV28	TRBJ2-2
CASSEVVSTTYEQYF	TRBV6-1	TRBJ2-7
CASSEGGFTFYNEQFF	TRBV6-1	TRBJ2-1
CASSLGGGLGNEQFF	TRBV11-2	TRBJ2-1
CASSLQSQGAPYEQYF	TRBV5-1	TRBJ2-7
CASSPGPGWVRTDTQYF	TRBV28	TRBJ2-3
CASSRTEDTGELFF	TRBV6-4	TRBJ2-2
CASSVTGPGDNEQFF	TRBV7-9	TRBJ2-1
CSAWTGTEAFF	TRBV20-1	TRBJ1-1
CASSLGQQGVNRDWYNEQFF	TRBV11-2	TRBJ2-1
CASSPSYEQYF	TRBV5-6	TRBJ2-7
CASSVAVGTGSGANVLTF	TRBV9	TRBJ2-6
CASSIAPGSEQYF	TRBV19	TRBJ2-7
CASSQTRGAGNTIYF	TRBV4-1	TRBJ1-3
CASSQGSNQPQHF	TRBV4-2	TRBJ1-5
CSVGAGDYEQYF	TRBV29-1	TRBJ2-7
CASSLSARAAGYTF	TRBV13	TRBJ1-2
CASSLVSNEQFF	TRBV7-9	TRBJ2-1
CASSLGLAAAYNEQFF	TRBV5-6	TRBJ2-1
CASSSHGAGAYNEQFF	TRBV11-3	TRBJ2-1
CASSFQGLVSSYNEQFF	TRBV7-6	TRBJ2-1
CASSIALASEQFF	TRBV19	TRBJ2-1
CASSQATNTGELFF	TRBV14	TRBJ2-2
CASSLEVAGGEETQYF	TRBV7-2	TRBJ2-5
CASSAQGGNYGYTF	TRBV6-5	TRBJ1-2
CASSSAAAYEQYF	TRBV7-9	TRBJ2-7
CASSSLGAREQFF	TRBV6-5	TRBJ2-1
CASSLTGQMNTEAFF	TRBV4-1	TRBJ1-1
CASSPRTGNTGELFF	TRBV7-9	TRBJ2-2
CSARSRVGNTIYF	TRBV20-1	TRBJ1-3
CASSFSGATHNEQFF	TRBV12-3	TRBJ2-1
CASSILFGEQFF	TRBV11-2	TRBJ2-1
CASSVGVDSTDTQYF	TRBV9	TRBJ2-3
CASSTDRAAQPQHF	TRBV28	TRBJ1-5
CSVGSGDHGEQFF	TRBV29-1	TRBJ2-1
CASSPGTNYGYTF	TRBV12-4	TRBJ1-2
CASTRQGANEKLFF	TRBV28	TRBJ1-4
CASSLGTGENEQYF	TRBV11-2	TRBJ2-7
CASSLLGVSAQETQYF	TRBV12-4	TRBJ2-5
CSARDRVGNTIYF	TRBV20-1	TRBJ1-3
CATSRVGEHGYTF	TRBV15	TRBJ1-2
CASSQQGQPQETQYF	TRBV5-1	TRBJ2-5
CSAPRGSPTNEKLFF	TRBV20-1	TRBJ1-4
CSARGQGEGFF	TRBV20-1	TRBJ2-1
CASSNLDGTGELFF	TRBV4-1	TRBJ2-2
CASSYGTGENTEAFF	TRBV5-1	TRBJ1-1
CASSPRQGDQPQHF	TRBV18	TRBJ1-5
CASSPHFQVDTGELFF	TRBV27	TRBJ2-2
CASSARSSYEQYF	TRBV19	TRBJ2-7
CASSPRLGLWEQYF	TRBV7-2	TRBJ2-7
CASSYSSGGGETQYF	TRBV6-5	TRBJ2-5
CASTPPRGTQYF	TRBV28	TRBJ2-3
CASSAGTSGFGYNEQFF	TRBV12-4	TRBJ2-1
CASSLVSTEAFF	TRBV7-6	TRBJ1-1
CASSLDGQGPLYGYTF	TRBV11-2	TRBJ1-2
CSARALPVGNTIYF	TRBV20-1	TRBJ1-3
CASSIPNSGAVNEQFF	TRBV9	TRBJ2-1
CSGGQGPDNEQFF	TRBV29-1	TRBJ2-1
CSAEQAYEQYF	TRBV20-1	TRBJ2-7
CASSPLGGPKDTIYF	TRBV7-9	TRBJ1-3
CASSSPFSASSYEQYF	TRBV7-2	TRBJ2-7
CASSFSGGTGELFF	TRBV12-3	TRBJ2-2
CASSRDRDYGYTF	TRBV4-1	TRBJ1-2
CASSLSGRPYEQYF	TRBV27	TRBJ2-7
CASSLGGGGLTDTQYF	TRBV7-8	TRBJ2-3
CASTQQGSYGYTF	TRBV12-3	TRBJ1-2
CASSLWGDYEQYF	TRBV12-3	TRBJ2-7
CASSFRDSYEQYF	TRBV7-9	TRBJ2-7
CASSWGVRDMNTEAFF	TRBV5-4	TRBJ1-1
CASSLRWNPGNTIYF	TRBV12-3	TRBJ1-3
CASSQDRGSSYEQYF	TRBV4-2	TRBJ2-7
CASSQERGPYNEQFF	TRBV4-1	TRBJ2-1
CASSSTSGPYNEQFF	TRBV11-2	TRBJ2-1
CSARVAGVEQFF	TRBV20-1	TRBJ2-1
CSASRPYSNQPQHF	TRBV20-1	TRBJ1-5
CSAGGNTEAFF	TRBV29-1	TRBJ1-1
CASSPVTGSSYEQYF	TRBV3-1	TRBJ2-7
CTTSSGEADTQYF	TRBV7-2	TRBJ2-3
CASSYSGGYYGYTF	TRBV6-5	TRBJ1-2
CASSFTGTGSLGYTF	TRBV12-3	TRBJ1-2
CAISELDRGHGYTF	TRBV10-3	TRBJ1-2
CASSSSLAGDQPQHF	TRBV7-9	TRBJ1-5
CASSIDGDRVYEQYF	TRBV19	TRBJ2-7
CASSFQGDGRDTQYF	TRBV7-9	TRBJ2-3
CASSALAGNTEAFF	TRBV9	TRBJ1-1
CASRSGGKNTEAFF	TRBV27	TRBJ1-1
CASSSLGGHGEAFF	TRBV7-9	TRBJ1-1
CASSGGVSGGAGETQYF	TRBV12-3	TRBJ2-5
CSAVGPPLHF	TRBV20-1	TRBJ1-6
CASSIGDRAYGYTF	TRBV12-3	TRBJ1-2
CASRKGAPGINEQFF	TRBV27	TRBJ2-1
CASSTGTAAYEQYF	TRBV11-2	TRBJ2-7
CASSLLGDPNSPLHF	TRBV7-9	TRBJ1-6
CASSQESKNEQYF	TRBV4-1	TRBJ2-7
CAWNLGQVNTEAFF	TRBV30	TRBJ1-1
CASSSGEYGYTF	TRBV18	TRBJ1-2
CASSQDRSGEGYTF	TRBV4-1	TRBJ1-2
CASSSPAEGGQPQHF	TRBV11-1	TRBJ1-5
CASRPGGHEGEKLFF	TRBV27	TRBJ1-4
CASSPVSSGLTYEQYF	TRBV7-9	TRBJ2-7
CASSHVIGQGGYEQYF	TRBV4-2	TRBJ2-7
CASSFGGPIYEQFF	TRBV11-2	TRBJ2-1
CASSVTSSRGGTDTQYF	TRBV9	TRBJ2-3
CASSESWGPYEQYF	TRBV10-2	TRBJ2-7
CASSLGPLGQGWSDTQYF	TRBV13	TRBJ2-3
CASSVYKDILGADTQYF	TRBV9	TRBJ2-3
CASSQGAGGLGGELFF	TRBV4-2	TRBJ2-2
CASGLNPQERSTDTQYF	TRBV12-5	TRBJ2-3
CASSPRGGVEKTQYF	TRBV13	TRBJ2-5
CASSTLGLAGGSFF	TRBV7-9	TRBJ2-1
CASSSLGTAKSPLHF	TRBV7-9	TRBJ1-6
CASSSGLAGVNEQFF	TRBV7-9	TRBJ2-1
CSVWSGDSYNEQFF	TRBV20-1	TRBJ2-1
CASSTTRMDTQYF	TRBV27	TRBJ2-3
CASSIGDYEQYF	TRBV19	TRBJ2-7
CASRIASRGGDTQYF	TRBV19	TRBJ2-3
CASSQGLGENTEAFF	TRBV4-1	TRBJ1-1
CASSLVVAGGPGTDTQYF	TRBV7-3	TRBJ2-3
CSVGQGMNTEAFF	TRBV29-1	TRBJ1-1
CASSPRTGNSGANVLTF	TRBV7-8	TRBJ2-6
CASGRLSYNEQFF	TRBV12-4	TRBJ2-1
CSARTGEAGYTF	TRBV20-1	TRBJ1-2
CASSMGDRSMGNIQYF	TRBV19	TRBJ2-4
CASSLDPGQHYEQYF	TRBV5-1	TRBJ2-7
CASSSPGQGTEAFF	TRBV2	TRBJ1-1
CASSTPRQGSNTGELFF	TRBV2	TRBJ2-2
CASSYSGGAGELFF	TRBV3-1	TRBJ2-2
CASSPLGKQETQYF	TRBV7-9	TRBJ2-5
CASSLIALGNTEAFF	TRBV7-3	TRBJ1-1
CASSEQGQGEKLFF	TRBV25-1	TRBJ1-4
CASSFTGGRSSYNEQFF	TRBV5-6	TRBJ2-1
CASSYGFPTSGGNTGELFF	TRBV6-6	TRBJ2-2
CASSPTPTSWETQYF	TRBV4-1	TRBJ2-5
CASRGAGELFF	TRBV2	TRBJ2-2
CASSLGQNTEAFF	TRBV5-6	TRBJ1-1
CASLPGNGAEAFF	TRBV6-5	TRBJ1-1
CASSEGGSGANVLTF	TRBV7-9	TRBJ2-6
CASSIGWGGLNTEAFF	TRBV19	TRBJ1-1
CASSRPGQGARTGELFF	TRBV12-3	TRBJ2-2
CASSLLAGEYNEQFF	TRBV4-1	TRBJ2-1
CASSWSSAGGPSYEQYF	TRBV5-6	TRBJ2-7
CASSFNGQGATDTQYF	TRBV5-4	TRBJ2-3
CASSYQGGNYGYTF	TRBV6-5	TRBJ1-2
CASSVARTGTNTGELFF	TRBV9	TRBJ2-2
CASTLGQGAPGYTF	TRBV7-9	TRBJ1-2
CASSVGTGDHQPQHF	TRBV3-1	TRBJ1-5
CASSSQGANEKLFF	TRBV19	TRBJ1-4
CASSPPGLVGGELFF	TRBV7-2	TRBJ2-2
CASSTRLSGGTSNEQFF	TRBV9	TRBJ2-1
CSTGQGPYEQYF	TRBV29-1	TRBJ2-7
CASGGLVSPQSSYEQYF	TRBV10-2	TRBJ2-7
CASSLMSQEFRYGYTF	TRBV5-1	TRBJ1-2
CSAFTGVVGSGANVLTF	TRBV20-1	TRBJ2-6
CSVGSGDYEQYF	TRBV29-1	TRBJ2-7
CASSLGASMNTEAFF	TRBV5-6	TRBJ1-1
CSARDLRVSTEAFF	TRBV20-1	TRBJ1-1
CSASPGAPSGANVLTF	TRBV20-1	TRBJ2-6
CASSLGGGNNEQFF	TRBV5-4	TRBJ2-1
CASSPIGEVSPLHF	TRBV7-9	TRBJ1-6
CASSVGWREADTQYF	TRBV9	TRBJ2-3
CASSARSSTEQYF	TRBV19	TRBJ2-7
CASSTYMTNTEAFF	TRBV19	TRBJ1-1
CSASSLTSGGAPEQYF	TRBV20-1	TRBJ2-7
CASSRDSSANEQFF	TRBV10-1	TRBJ2-1
CASSPDVGYTF	TRBV7-9	TRBJ1-2
CASLLVGAGGAEQFF	TRBV12-3	TRBJ2-1
CASSPRSSYEQYF	TRBV19	TRBJ2-7
CASSLVGAPRREQYF	TRBV5-6	TRBJ2-7
CASSLTLAAYNEQFF	TRBV5-6	TRBJ2-1
CASSLGGTSDDTQYF	TRBV11-1	TRBJ2-3
CASSGRGWETQYF	TRBV7-9	TRBJ2-5
CASSQDLQGVKNAEAFF	TRBV3-1	TRBJ1-1
CASSSEGQVAKNIQYF	TRBV5-6	TRBJ2-4
CASRHRGAPSYEQYF	TRBV13	TRBJ2-7
CASSQDRGGPGELFF	TRBV4-1	TRBJ2-2
CSARDETGNGYTF	TRBV20-1	TRBJ1-2
CASSMLPRSGPSTDTQYF	TRBV9	TRBJ2-3
CASSFTGQANTEAFF	TRBV12-3	TRBJ1-1
CASSVGGHLNEKLFF	TRBV9	TRBJ1-4
CASSQRIGRGGPRNTDTQYF	TRBV4-1	TRBJ2-3
CASSLTGEDEQYF	TRBV4-1	TRBJ2-7
CSVEDLAYGYTF	TRBV29-1	TRBJ1-2
CASSSRTESPHQPQHF	TRBV27	TRBJ1-5
CASSLNGNYGYTF	TRBV5-4	TRBJ1-2
CSAPSYRDRDNSPLHF	TRBV20-1	TRBJ1-6
CASSLGGGPQETQYF	TRBV7-2	TRBJ2-5
CASSQAPAGAGHEQYF	TRBV4-1	TRBJ2-7
CASSLRGIDEQYF	TRBV7-9	TRBJ2-7
CASSFDKTEQFF	TRBV7-9	TRBJ2-1
CASQPHGTGDHEQYF	TRBV12-3	TRBJ2-7
CASSSGAGGLADTQYF	TRBV6-5	TRBJ2-3
CASSTWTVSYEQYF	TRBV6-5	TRBJ2-7
CASSSGTSGGAGETQYF	TRBV12-3	TRBJ2-5
CASSQTGTLNTEAFF	TRBV4-1	TRBJ1-1
CAIQEDTDTQYF	TRBV7-9	TRBJ2-3
CASSPRDRGGSNEKLFF	TRBV18	TRBJ1-4
CASSFPTEGLGATDTQYF	TRBV12-3	TRBJ2-3
CASSSGDSGDQETQYF	TRBV7-2	TRBJ2-5
CASAPDGFFYGYTF	TRBV12-5	TRBJ1-2
CASSLARTDKETQYF	TRBV5-6	TRBJ2-5
CASSLQGANEKLFF	TRBV19	TRBJ1-4
CASSADPSQGDGNYGYTF	TRBV9	TRBJ1-2
CASSSALAGPNEQYF	TRBV7-9	TRBJ2-7
CSAFTGEGNTIYF	TRBV20-1	TRBJ1-3
CASSESSEAFF	TRBV6-1	TRBJ1-1
CASSFSGTVRGGYTF	TRBV12-3	TRBJ1-2
CASSSFEGGDYNEQFF	TRBV5-4	TRBJ2-1
CASRAGGSSYNEQFF	TRBV2	TRBJ2-1
CASRWKGSGAKNIQYF	TRBV13	TRBJ2-4
CSVEGPLPAGTLGTQYF	TRBV29-1	TRBJ2-5
CASRLRDSYTF	TRBV5-4	TRBJ1-2
CASSFTGGTGELFF	TRBV7-9	TRBJ2-2
CASSQDPSRTYEQYF	TRBV7-9	TRBJ2-7
CASSHSEGAENIQYF	TRBV7-9	TRBJ2-4
CASSLDGYGYTF	TRBV7-3	TRBJ1-2
CASSFSVGENEKLFF	TRBV5-4	TRBJ1-4
CASSPGDRGSGYTF	TRBV12-3	TRBJ1-2
CASSGPGGVDEQFF	TRBV5-5	TRBJ2-1
CASSLIQTGQALEQYF	TRBV5-6	TRBJ2-7
CASSLTGETQYF	TRBV11-2	TRBJ2-5
CASSIRSSETQYF	TRBV19	TRBJ2-5
CASSPLGGYYGYTF	TRBV6-5	TRBJ1-2
CASSFTGAEGTGELFF	TRBV12-4	TRBJ2-2
CASRITGESDQPQHF	TRBV6-1	TRBJ1-5
CASSPHRGLEGYTF	TRBV14	TRBJ1-2
CASSSRSEGSYEQYF	TRBV7-9	TRBJ2-7
CASSQTSGGAREQFF	TRBV7-2	TRBJ2-1
CSYSAGEDQPQHF	TRBV29-1	TRBJ1-5
CASSLGLSNQPQHF	TRBV3-1	TRBJ1-5
CASALLSSYNSPLHF	TRBV12-5	TRBJ1-6
CAINPLGSSSKKGTQYF	TRBV10-3	TRBJ2-3
CASSKWDSRNGYTF	TRBV9	TRBJ1-2
CASSSTGPSSYEQYF	TRBV7-9	TRBJ2-7
CASSQDGWAGDQPQHF	TRBV4-1	TRBJ1-5
CSASFTGPFYEQYF	TRBV20-1	TRBJ2-7
CASSFVAGVDTQYF	TRBV6-5	TRBJ2-3
CASSPWPDGGSNYGYTF	TRBV18	TRBJ1-2
CASSFSSGLGYEQYF	TRBV12-4	TRBJ2-7
CASSSPAGGQYNEQFF	TRBV5-1	TRBJ2-1
CASSTRSSYEQYF	TRBV19	TRBJ2-7
CASSSQGGGSGYTF	TRBV6-5	TRBJ1-2
CASSPQGGGYGYTF	TRBV6-5	TRBJ1-2
CASSQVQGAVGELFF	TRBV4-1	TRBJ2-2
CSAPQGAGNTIYF	TRBV20-1	TRBJ1-3
CASSAFTDTQYF	TRBV9	TRBJ2-3
CATSREPGLATDTQYF	TRBV15	TRBJ2-3
CASSLTGDGPDTQYF	TRBV7-3	TRBJ2-3
CSAPTRVLAGCTDTQYF	TRBV20-1	TRBJ2-3
CASSLAYFGGSYEQYF	TRBV7-9	TRBJ2-7
CAISGGTSRDTEAFF	TRBV10-3	TRBJ1-1
CSAGQGLAGGPGTDTQYF	TRBV20-1	TRBJ2-3
CASSLNRGDPEAFF	TRBV11-2	TRBJ1-1
CASSPYSGGLYNEQFF	TRBV3-1	TRBJ2-1
CASSQAMGTEAFF	TRBV3-1	TRBJ1-1
CASSTGFSDTQYF	TRBV19	TRBJ2-3
CSTWGTGLNGYTF	TRBV29-1	TRBJ1-2
CASHPRTPIYGYTF	TRBV12-3	TRBJ1-2
CASSVLAGPYSGANVLTF	TRBV9	TRBJ2-6
CASSYTGSSNSPLHF	TRBV12-3	TRBJ1-6
CASSLEGTNEKLFF	TRBV7-9	TRBJ1-4
CSASGLAGVLTDTQYF	TRBV20-1	TRBJ2-3
CASSQETSGTNLGTQYF	TRBV3-1	TRBJ2-5
CASSPRLSTDTQYF	TRBV4-2	TRBJ2-3
CASSLVGGELFF	TRBV19	TRBJ2-2
CASSSQGGSYGYTF	TRBV6-5	TRBJ1-2
CASSYKGLAITTYEQYF	TRBV5-1	TRBJ2-7
CASRPRDRGLSTEAFF	TRBV27	TRBJ1-1
CSARDPDVPGGNEQFF	TRBV20-1	TRBJ2-1
CASSLIDTQYF	TRBV12-3	TRBJ2-3
CASSLGGNNEQFF	TRBV7-8	TRBJ2-1
CASFRGAAYNEQFF	TRBV5-1	TRBJ2-1
CASRGSVYEQYF	TRBV11-2	TRBJ2-7
CASSLQGGEKLFF	TRBV12-3	TRBJ1-4
CASSEGPGQGYEQYF	TRBV2	TRBJ2-7
CASTDGVENSPLHF	TRBV6-4	TRBJ1-6
CASSFTGGDLYGYTF	TRBV12-3	TRBJ1-2
CASSLGSATNEKLFF	TRBV12-3	TRBJ1-4
CASSGTSGGYEQYF	TRBV19	TRBJ2-7
CASSVTGTFGYEQYF	TRBV9	TRBJ2-7
CASLPSGTDTQYF	TRBV11-2	TRBJ2-3
CTSVPAVTVNFYGYTF	TRBV7-2	TRBJ1-2
CASSLYAPGTGVYNEQFF	TRBV7-6	TRBJ2-1
CSVGTGDYEQYF	TRBV29-1	TRBJ2-7
CASSPSTVSAEQYF	TRBV4-1	TRBJ2-7
CASSLPDYNEQFF	TRBV5-1	TRBJ2-1
CASSLSGGSYNEQFF	TRBV12-4	TRBJ2-1
CASSTPSQGTNTGELFF	TRBV2	TRBJ2-2
CASSYGQLNQPQHF	TRBV7-9	TRBJ1-5
CASRPGVGNQPQHF	TRBV5-5	TRBJ1-5
CASSDRGGIGGSAFF	TRBV7-9	TRBJ1-1
CASSPSLSYEQYF	TRBV6-5	TRBJ2-7
CASSFTSGTTDTQYF	TRBV11-2	TRBJ2-3
CASGGGAAFF	TRBV12-4	TRBJ1-1
CASRPSGGAETQYF	TRBV12-4	TRBJ2-5
CSAGTDTGELFF	TRBV29-1	TRBJ2-2
CASSQGQGQDYGYTF	TRBV4-1	TRBJ1-2
CASSFPGGFTGELFF	TRBV6-3	TRBJ2-2
CASSLGPGSEGGYTF	TRBV12-4	TRBJ1-2
CASSQIRGGTEAFF	TRBV3-1	TRBJ1-1
CASSSTGGFLDEQYF	TRBV11-2	TRBJ2-7
CASSVEGAGGANVLTF	TRBV9	TRBJ2-6
CASSSRLGRYNEKLFF	TRBV27	TRBJ1-4
CASSLSRSRGSYEQYF	TRBV19	TRBJ2-7
CASSQGQGISYEQYF	TRBV4-1	TRBJ2-7
CASSAGTSGVYNEQFF	TRBV9	TRBJ2-1
CASSFTGGRTGELFF	TRBV12-3	TRBJ2-2
CASSHYRRAEGGAGYTF	TRBV3-1	TRBJ1-2
CASSFPSGDGTQYF	TRBV12-3	TRBJ2-5
CASSVTGGDTEAFF	TRBV27	TRBJ1-1
CASRSSGGAYNEQFF	TRBV2	TRBJ2-1
CASKRQGSLSYEQYF	TRBV5-4	TRBJ2-7
CASSPGQGEGYEQYF	TRBV4-1	TRBJ2-7
CASSQDRAPTDTQYF	TRBV4-2	TRBJ2-3
CASSLSGSNNEQFF	TRBV27	TRBJ2-1
CASSPRLGTETQYF	TRBV7-9	TRBJ2-5
CASSGAGAMLGANVLTF	TRBV2	TRBJ2-6
CSARTGTGNSYTF	TRBV20-1	TRBJ1-2
CASSLGSEANEAFF	TRBV11-2	TRBJ1-1
CSARWGGGTDTQYF	TRBV20-1	TRBJ2-3
CASSRSGGAGELFF	TRBV12-4	TRBJ2-2
CASSRQGGNYGYTF	TRBV6-5	TRBJ1-2
CASRAGLAGATQQFF	TRBV11-2	TRBJ2-1
CATSEGGTGELFF	TRBV24-1	TRBJ2-2
CASTPIESSTDTQYF	TRBV4-1	TRBJ2-3
CASSTGQVTQETQYF	TRBV9	TRBJ2-5
CASSVADNQPQHF	TRBV9	TRBJ1-5
CASSLGMRGGWDEQFF	TRBV7-8	TRBJ2-1
CASSFGPPKPDTQYF	TRBV7-9	TRBJ2-3
CASSLVGAEPYEQYF	TRBV7-9	TRBJ2-7
CSAQKGADFSYEQYF	TRBV20-1	TRBJ2-7
CASSQTPTGSNYGYTF	TRBV4-1	TRBJ1-2
CASSPRTGYGYTF	TRBV19	TRBJ1-2
CASSQSPGGIQYF	TRBV14	TRBJ2-4
CASSLFTDTQYF	TRBV7-8	TRBJ2-3
CASSFLTGQGETQYF	TRBV11-2	TRBJ2-5
CASSGTSKRDEAFF	TRBV9	TRBJ1-1
CASSSSSTGELFF	TRBV12-3	TRBJ2-2
CASSPGTSETGELFF	TRBV12-3	TRBJ2-2
CASSLGTANYGYTF	TRBV5-4	TRBJ1-2
CASSWGQGKTGELFF	TRBV5-6	TRBJ2-2
CSVGQGPYEQYF	TRBV29-1	TRBJ2-7
CASSFHGGNEKLFF	TRBV11-2	TRBJ1-4
CSARGLADPYEQYF	TRBV20-1	TRBJ2-7
CASSLLGQPNTEAFF	TRBV7-9	TRBJ1-1
CASSWDGNTEAFF	TRBV6-6	TRBJ1-1
CASSPPGGGGPYGYTF	TRBV12-3	TRBJ1-2
CASPNRQGHTDTQYF	TRBV12-3	TRBJ2-3
CASRGDGDQPQHF	TRBV12-4	TRBJ1-5
CASSFYAGSTNEQFF	TRBV7-3	TRBJ2-1
CASSELQGAQDISPLHF	TRBV12-3	TRBJ1-6
CASKDDGGGDLKQETQYF	TRBV2	TRBJ2-5
CASSFREKYEQYF	TRBV7-9	TRBJ2-7
CSARPQPVGNTIYF	TRBV20-1	TRBJ1-3
CASTPVGGRGTDTQYF	TRBV5-1	TRBJ2-3
CASSQVGAFMTEAFF	TRBV14	TRBJ1-1
CASSFLAGTDTQYF	TRBV28	TRBJ2-3
CASSPLVGNTIYF	TRBV5-6	TRBJ1-3
CASSRPEQFF	TRBV6-1	TRBJ2-1
CASSSLGDRNTEAFF	TRBV7-9	TRBJ1-1
CSALWTDSYEQYF	TRBV20-1	TRBJ2-7
CASSEAEGAAPQYF	TRBV6-1	TRBJ2-3
CASSLSLAGAYTGELFF	TRBV7-9	TRBJ2-2
CASGSSESGDQPQHF	TRBV12-5	TRBJ1-5
CASSLPSGMLYEQYF	TRBV13	TRBJ2-7
CASSMGPTSGGPTDTQYF	TRBV19	TRBJ2-3
CASSLLDSPGGYGYTF	TRBV7-9	TRBJ1-2
CASSIAGGTDTQYF	TRBV27	TRBJ2-3
CASSLLGYNEQFF	TRBV7-3	TRBJ2-1
CASSLADVGGPQHF	TRBV7-9	TRBJ1-5
CASSLVGGNEQFF	TRBV7-2	TRBJ2-1
CASSQGTGQETQYF	TRBV4-3	TRBJ2-5
CSARARRGELTDTQYF	TRBV20-1	TRBJ2-3
CASTDRRDTQYF	TRBV28	TRBJ2-3
CSAPSGEGRDTQYF	TRBV20-1	TRBJ2-3
CASGLNTEAFF	TRBV12-5	TRBJ1-1
CASSVNPNPIRDRDNEKLFF	TRBV9	TRBJ1-4
CASSFATGELFF	TRBV12-4	TRBJ2-2
CASSYVRGPGDTQYF	TRBV6-6	TRBJ2-3
CASASLGGGLYEQYF	TRBV7-9	TRBJ2-7
CASSDLAGYQETQYF	TRBV4-1	TRBJ2-5
CAWSHPSPLHF	TRBV30	TRBJ1-6
CASSLVGTKRETQYF	TRBV7-9	TRBJ2-5
CASSSDHRGGYTF	TRBV7-2	TRBJ1-2
CASSLNPGNPNEQFF	TRBV7-9	TRBJ2-1
CASSLGQGAVNEKLFF	TRBV5-1	TRBJ1-4
CASTDVRRVDGELFF	TRBV12-3	TRBJ2-2
CASRVGAGGPDGELFF	TRBV12-3	TRBJ2-2
CASSLGDRAGGYTF	TRBV12-3	TRBJ1-2
CSVGSGDGGEQFF	TRBV29-1	TRBJ2-1
CSAGGQGASDYGYTF	TRBV20-1	TRBJ1-2
CASSIGDTLNGYTF	TRBV12-3	TRBJ1-2
CASSALDGQGDTQYF	TRBV6-1	TRBJ2-3
CASSQDLPVTTGELFF	TRBV4-3	TRBJ2-2
CASSQDRGAGYGYTF	TRBV4-3	TRBJ1-2
CASSQLQGPSFAEQFF	TRBV19	TRBJ2-1
CASSIERIQQAFF	TRBV5-5	TRBJ1-1
CASSLASNLGYGYTF	TRBV5-5	TRBJ1-2
CASRVRDEQFF	TRBV2	TRBJ2-1
CASSLGPNTEAFF	TRBV12-3	TRBJ1-1
CATSDAGTDYEQYF	TRBV24-1	TRBJ2-7
CASLGQAYNEQFF	TRBV2	TRBJ2-1
CASSLGGGGTYNEQFF	TRBV5-6	TRBJ2-1
CASSSLSGGYTF	TRBV7-9	TRBJ1-2
CASSLNTEAFF	TRBV6-5	TRBJ1-1
CATSYSDGPYEQYF	TRBV15	TRBJ2-7
CASSLGAVHEQYF	TRBV27	TRBJ2-7
CSAWTSGGLSSYNEQFF	TRBV20-1	TRBJ2-1
CASSERPGEHYEQYF	TRBV6-1	TRBJ2-7
CASSLAHNQPQHF	TRBV12-3	TRBJ1-5
CASSFPGSNEKLFF	TRBV28	TRBJ1-4
CASSEPGPTNTEAFF	TRBV9	TRBJ1-1
CASSLVAPSGGSGANVLTF	TRBV13	TRBJ2-6
CASSPPGVYNEQFF	TRBV6-3	TRBJ2-1
CASSFNGGAIDTQYF	TRBV5-4	TRBJ2-3
CAILQGTANEQFF	TRBV15	TRBJ2-1
CASSLQGLIETQYF	TRBV6-3	TRBJ2-5
CAWSVLQEAFF	TRBV30	TRBJ1-1
CASSLVLGRETEAFF	TRBV7-9	TRBJ1-1
CASSLGLASTDTQYF	TRBV28	TRBJ2-3
CASSFQTAGEQFF	TRBV27	TRBJ2-1
CATSDRGQGFNQPQHF	TRBV24-1	TRBJ1-5
CASSRTDGNTIYF	TRBV12-3	TRBJ1-3
CASSPAGGTDTQYF	TRBV6-6	TRBJ2-3
CASSLRFPDIGEQYF	TRBV6-5	TRBJ2-7
CASSRLGQGAITEAFF	TRBV7-9	TRBJ1-1
CASSLLGGGPNSPLHF	TRBV7-9	TRBJ1-6
CASSRLGDTQYF	TRBV4-2	TRBJ2-3
CASSQYPRGGNTEAFF	TRBV14	TRBJ1-1
CSSFDRVANTGELFF	TRBV29-1	TRBJ2-2
CASSVLTSGGEQFF	TRBV7-6	TRBJ2-1
CASRGGGSSYNEQFF	TRBV6-1	TRBJ2-1
CASSWRSTDTQYF	TRBV19	TRBJ2-3
CASSFLGQKNSPLHF	TRBV7-9	TRBJ1-6
CASSYDASGLTYEQYF	TRBV6-3	TRBJ2-7
CASSIGLYGYTF	TRBV19	TRBJ1-2
CATSRDGGHEQYF	TRBV15	TRBJ2-7
CASSSSSGVHEQFF	TRBV5-4	TRBJ2-1
CASSLTEGGRNQPQHF	TRBV5-6	TRBJ1-5
CASSSLRASTNEKLFF	TRBV6-6	TRBJ1-4
CATQQGLGTGELFF	TRBV6-4	TRBJ2-2
CASSPLAGIYNEQFF	TRBV4-1	TRBJ2-1
CASSGKDRTEAFF	TRBV6-1	TRBJ1-1
CASSWNRASSYEQYF	TRBV11-2	TRBJ2-7
CASYDSTDTQYF	TRBV2	TRBJ2-3
CSARSQGDSSFNSPLHF	TRBV20-1	TRBJ1-6
CSARALLRDTEAFF	TRBV20-1	TRBJ1-1
CASSATGEWQPQHF	TRBV9	TRBJ1-5
CASRGQPNTGELFF	TRBV19	TRBJ2-2
CASRGQGALMTYEQYF	TRBV10-2	TRBJ2-7
CASSLGASGGRYNEQFF	TRBV5-4	TRBJ2-1
CASSFSGANYGYTF	TRBV12-3	TRBJ1-2
CASRAVEGKRGAEAFF	TRBV5-1	TRBJ1-1
CASSLTNSPYEQYF	TRBV12-3	TRBJ2-7
CAISESVAGEQETQYF	TRBV10-3	TRBJ2-5
CASSQDRNTDTQYF	TRBV4-1	TRBJ2-3
CASTPGGEKLFF	TRBV12-4	TRBJ1-4
CSDWEGGSTEAFF	TRBV29-1	TRBJ1-1
CASSFRGPGYEQYF	TRBV5-4	TRBJ2-7
CSVGAGEDDEQYF	TRBV29-1	TRBJ2-7
CASSPEGLLGDQPQHF	TRBV18	TRBJ1-5
CASSLTDGGEQYF	TRBV7-9	TRBJ2-7
CASSHWQTNTEAFF	TRBV4-1	TRBJ1-1
CSARGISRPYGDEKLFF	TRBV20-1	TRBJ1-4
CSVQGGGYNEQYF	TRBV29-1	TRBJ2-7
CASMGTGFDGYTF	TRBV5-1	TRBJ1-2
CASSSGLAGGNEQFF	TRBV7-9	TRBJ2-1
CSVESKINYGYTF	TRBV29-1	TRBJ1-2
CASLISGTDTQYF	TRBV11-2	TRBJ2-3
CASSYQGGGKGGYTF	TRBV6-5	TRBJ1-2
CASSSSGAGELFF	TRBV12-3	TRBJ2-2
CASSKGLAGLDEQFF	TRBV28	TRBJ2-1
CASSWQGGNGYTF	TRBV6-5	TRBJ1-2
CASRLSGGGYNEQFF	TRBV5-1	TRBJ2-1
CASSSGDTGELFF	TRBV6-3	TRBJ2-2
CASTPGRSDTGELFF	TRBV12-3	TRBJ2-2
CAIMIGTEAFF	TRBV10-3	TRBJ1-1
CAAIARGTGGTRAQYF	TRBV27	TRBJ2-3
CASGPPGGEKLFF	TRBV12-3	TRBJ1-4
CASSLGTGGSYEQYF	TRBV3-1	TRBJ2-7
CASSQELEVYNEQFF	TRBV3-1	TRBJ2-1
CASRKQGSDTGELFF	TRBV12-3	TRBJ2-2
CASSPGGGSEAFF	TRBV19	TRBJ1-1
CASRSGDSNQPQHF	TRBV12-3	TRBJ1-5
CASSYPLGARWRGYTF	TRBV3-1	TRBJ1-2
CASSFSQNTEAFF	TRBV7-9	TRBJ1-1
CASSRDTSSYEQYF	TRBV10-1	TRBJ2-7
CASSIKGPFRTEAFF	TRBV19	TRBJ1-1
CASSLNRELTGNTIYF	TRBV4-2	TRBJ1-3
CASSRDRNGYTF	TRBV6-6	TRBJ1-2
CASSLGGGNNEQYF	TRBV5-4	TRBJ2-7
CASSVNPGQGANYGYTF	TRBV9	TRBJ1-2
CASSLRQPDYNEQFF	TRBV27	TRBJ2-1
CASGEGGDEQYF	TRBV25-1	TRBJ2-7
CAVNGLAGPTDTQYF	TRBV12-4	TRBJ2-3
CAISEGNSYEQYF	TRBV10-3	TRBJ2-7
CASGYEKLFF	TRBV4-1	TRBJ1-4
CASRRTDDHEQFF	TRBV12-3	TRBJ2-1
CASSRTGVEQYF	TRBV9	TRBJ2-7
CASSFGTASYEQYF	TRBV11-2	TRBJ2-7
CASSLETGEISYGYTF	TRBV7-9	TRBJ1-2
CASSLGSPSSYEQYF	TRBV5-1	TRBJ2-7
CASSDSPAGGNEQFF	TRBV6-4	TRBJ2-1
CASSYRDTGTDTQYF	TRBV4-1	TRBJ2-3
CASSHWTGNTEAFF	TRBV4-1	TRBJ1-1
CASSSLGGGNTEAFF	TRBV7-9	TRBJ1-1
CAAGSSGNQPQHF	TRBV4-1	TRBJ1-5
CSVGAGEGEQFF	TRBV29-1	TRBJ2-1
CAISGLAGIQSSTDTQYF	TRBV10-3	TRBJ2-3
CASGLVESAGTEAFF	TRBV12-5	TRBJ1-1
CASSYGILVGGELFF	TRBV5-6	TRBJ2-2
CASSYSSSSGGSSYNEQFF	TRBV6-5	TRBJ2-1
CASTSQPHEQYF	TRBV7-9	TRBJ2-7
CASSQDLEDRGFYGYTF	TRBV4-2	TRBJ1-2
CSATWEGASGGETQYF	TRBV20-1	TRBJ2-5
CAWETGSNEQFF	TRBV30	TRBJ2-1
CATSRVGADIQYF	TRBV15	TRBJ2-4
CSASGWVRQGAFYEQYF	TRBV20-1	TRBJ2-7
CASSVGGLAGEEQYF	TRBV9	TRBJ2-7
CASSYAPNQPQHF	TRBV6-5	TRBJ1-5
CASGFGGDRPDRRAEAFF	TRBV12-5	TRBJ1-1
CSVGSGEDNEQYF	TRBV29-1	TRBJ2-7
CASRELQAISGNTIYF	TRBV12-3	TRBJ1-3
CASSPGTALYEQYF	TRBV11-2	TRBJ2-7
CASSFNGVRETQYF	TRBV5-4	TRBJ2-5
CASRPRGTTDTQYF	TRBV7-9	TRBJ2-3
CASRTQGDEAFF	TRBV7-3	TRBJ1-1
CASTSVQRQGGDASYEQYF	TRBV7-9	TRBJ2-7
CASIYSGNGELFF	TRBV12-3	TRBJ2-2
CASSNGGGRLYGYTF	TRBV6-5	TRBJ1-2
CASSLGGVLGETQYF	TRBV7-6	TRBJ2-5
CASSQADSLNSPLHF	TRBV3-1	TRBJ1-6
CASSEGQVSPGELFF	TRBV2	TRBJ2-2
CASSYLGEETQYF	TRBV6-5	TRBJ2-5
CASSSHGNQPQHF	TRBV12-4	TRBJ1-5
CASSLKGGRHEQYF	TRBV7-6	TRBJ2-7
CASSSGLAGLNEQFF	TRBV7-9	TRBJ2-1
CASSQRPKGSEKLFF	TRBV7-6	TRBJ1-4
CASSFFTRGGEDEQYF	TRBV5-1	TRBJ2-7
CASSFPVWGNEQFF	TRBV19	TRBJ2-1
CASSFGGPYYEQYF	TRBV11-2	TRBJ2-7
CASSQTNTDTQYF	TRBV4-1	TRBJ2-3
CASSLYLADSYNEQFF	TRBV28	TRBJ2-1
CSGLYQETQYF	TRBV29-1	TRBJ2-5
CASTGGYYQPQHF	TRBV28	TRBJ1-5
CASSLALGDSPLHF	TRBV7-9	TRBJ1-6
CASSPLAGAAIHTQYF	TRBV7-9	TRBJ2-3
CSARDLSGGSYNEQFF	TRBV20-1	TRBJ2-1
CASSLSSYNEQFF	TRBV7-6	TRBJ2-1
CASKSEKGAGGSPLHF	TRBV3-1	TRBJ1-6
CSAIRSGGPYEQYF	TRBV20-1	TRBJ2-7
CATSPSGGTYNEQFF	TRBV15	TRBJ2-1
CASRPGTSDSYEQYF	TRBV12-3	TRBJ2-7
CASSLREGSEAFF	TRBV5-6	TRBJ1-1
CASSLGGSEAFF	TRBV11-2	TRBJ1-1
CASSWLSNQPQHF	TRBV19	TRBJ1-5
CASSRVGADTQYF	TRBV6-3	TRBJ2-3
CSARDLDSLTNGYTF	TRBV20-1	TRBJ1-2
CASSSELTGTVYGYTF	TRBV7-8	TRBJ1-2
CASSRLAGEGDTQYF	TRBV4-1	TRBJ2-3
CASSQDTSGLYNEQFF	TRBV3-1	TRBJ2-1
CASREWGGSVNEQFF	TRBV12-3	TRBJ2-1
CASSLGTSYEQYF	TRBV12-4	TRBJ2-7
CASSYSASSGTKNIQYF	TRBV6-5	TRBJ2-4
CASSLATTDGGGKLFF	TRBV7-9	TRBJ1-4
CASSHSGGDQETQYF	TRBV4-1	TRBJ2-5
CASVWQGAYNEQFF	TRBV2	TRBJ2-1
CASSPTSGGFRELFF	TRBV7-7	TRBJ2-2
CASSMAGGSYNEQFF	TRBV5-1	TRBJ2-1
CASSIEDKDQPQHF	TRBV19	TRBJ1-5
CASSSGQGWEQPQHF	TRBV27	TRBJ1-5
CASSSTLYGSYNEQFF	TRBV5-6	TRBJ2-1
CASSQVLGGGLNEQYF	TRBV4-2	TRBJ2-7
CAISEAEPQDTQYF	TRBV10-3	TRBJ2-3
CASTGGGANGYTF	TRBV9	TRBJ1-2
CASSVEAVPETQYF	TRBV9	TRBJ2-5
CASSLVAGASNQPQHF	TRBV12-4	TRBJ1-5
CASSLTSSLAGDYSEQFF	TRBV7-3	TRBJ2-1
CASSLMATDTQYF	TRBV7-3	TRBJ2-3
CAISPPRVGANYGYTF	TRBV10-3	TRBJ1-2
CASSSTQGPGELFF	TRBV12-4	TRBJ2-2
CASSIGHTEAFF	TRBV25-1	TRBJ1-1
CASSEGGVETQYF	TRBV13	TRBJ2-5
CASSKGLTGNYEQYF	TRBV11-3	TRBJ2-7
CASSRLGGGVSSYNEQFF	TRBV27	TRBJ2-1
CASSLLSRTGELFF	TRBV27	TRBJ2-2
CASSRAGSGEDTQYF	TRBV27	TRBJ2-3
CASSLGSSNYGYTF	TRBV5-6	TRBJ1-2
CASSQVTSGAQFF	TRBV4-1	TRBJ2-1
CASSLEGQGATTDTQYF	TRBV5-5	TRBJ2-3
CASSPGGGYTF	TRBV5-6	TRBJ1-2
CASSQYEAGAYNEQFF	TRBV3-1	TRBJ2-1
CSARDLGTSKQYEQYF	TRBV20-1	TRBJ2-7
CSARQIGASEAGDTIYF	TRBV20-1	TRBJ1-3
CASSLNPILVEDTQYF	TRBV4-1	TRBJ2-3
CASSLDNSGPAYEQYF	TRBV11-2	TRBJ2-7
CSAPAGEQFF	TRBV20-1	TRBJ2-1
CASSLAGSYEQYF	TRBV7-9	TRBJ2-7
CASSVDPTGGNYGYTF	TRBV9	TRBJ1-2
CATAGQGGNGYTF	TRBV6-5	TRBJ1-2
CASSPGLAVEQFF	TRBV7-3	TRBJ2-1
CASSLLVFSLNEQFF	TRBV7-9	TRBJ2-1
CASSSGSRRPQHF	TRBV6-5	TRBJ1-5
CASSTSEGGLFYEQYF	TRBV7-9	TRBJ2-7
CASSLARGTGELFF	TRBV11-2	TRBJ2-2
CASRPTGDYGYTF	TRBV12-3	TRBJ1-2
CATSRVRVAEAFF	TRBV15	TRBJ1-1
CASSQDRAANYGYTF	TRBV4-2	TRBJ1-2
CAISDSPNTGELFF	TRBV10-3	TRBJ2-2
CASSLFSGGDSSYEQYF	TRBV5-1	TRBJ2-7
CSVNKRGAGGMNTEAFF	TRBV29-1	TRBJ1-1
CASSKANPGNTIYF	TRBV19	TRBJ1-3
CASSWNGQGKDSEAFF	TRBV5-4	TRBJ1-1
CASSSGPTEAFF	TRBV11-2	TRBJ1-1
CASGQGSQPQHF	TRBV27	TRBJ1-5
CAISESAGWETNEKLFF	TRBV10-3	TRBJ1-4
CASSSPGTRVNEQFF	TRBV9	TRBJ2-1
CASRVASGFGEQYF	TRBV4-1	TRBJ2-7
CASIANRRDSSYEQYF	TRBV28	TRBJ2-7
CASSFSGGASPPNYGYTF	TRBV12-3	TRBJ1-2
CASGQELAGTDTQYF	TRBV12-5	TRBJ2-3
CASLRLGIDQETQYF	TRBV7-9	TRBJ2-5
CASSPSGGGFHNEQFF	TRBV6-3	TRBJ2-1
CASSQGSGGGYEQFF	TRBV4-3	TRBJ2-1
CATKSGGASYNEQFF	TRBV2	TRBJ2-1
CASSNSWGSYEQYF	TRBV12-4	TRBJ2-7
CASSFGGARTGELFF	TRBV5-8	TRBJ2-2
CASSHQGPPTDGYTF	TRBV4-3	TRBJ1-2
CASSPGSRGNIQYF	TRBV12-4	TRBJ2-4
CASSLKGQGSDTQYF	TRBV13	TRBJ2-3
CASRRSGSTDTQYF	TRBV12-5	TRBJ2-3
CASSLGGDPGVGPQHF	TRBV7-9	TRBJ1-5
CASSTIGTGGLEKLFF	TRBV19	TRBJ1-4
CASSLSLHGNQPQHF	TRBV4-1	TRBJ1-5
CASSMVGSSTYNEQFF	TRBV19	TRBJ2-1
CSARPLKGEIEQYF	TRBV20-1	TRBJ2-7
CASSQGFGGETQYF	TRBV4-2	TRBJ2-5
CAISPPDSSTQYF	TRBV10-3	TRBJ2-3
CASSSGLAFTGELFF	TRBV27	TRBJ2-2
CASSPTGYMNTEAFF	TRBV18	TRBJ1-1
CSAMTSEGSGANVLTF	TRBV20-1	TRBJ2-6
CASSSYSYEQYF	TRBV5-6	TRBJ2-7
CASSLATGWTGELFF	TRBV5-4	TRBJ2-2
CASSFDLADTGELFF	TRBV5-4	TRBJ2-2
CASTTHLVVGGPGANVLTF	TRBV27	TRBJ2-6
CASTRLGGLDIQYF	TRBV7-9	TRBJ2-4
CASSRDTSTDTQYF	TRBV10-1	TRBJ2-3
CASSNRDRGRQPQHF	TRBV2	TRBJ1-5
CASSRDSASTGELFF	TRBV10-1	TRBJ2-2
CASSPNPGTNTGELFF	TRBV4-2	TRBJ2-2
CASSPLIRGLNEKLFF	TRBV6-1	TRBJ1-4
CASSHTQPPPGRTGTYGYTF	TRBV12-3	TRBJ1-2
CASTLGFLNEQFF	TRBV11-2	TRBJ2-1
CASSPPIAGGYTGELFF	TRBV7-8	TRBJ2-2
CASSPGLAGGDEQFF	TRBV7-9	TRBJ2-1
CAISEPGTNQPQHF	TRBV10-3	TRBJ1-5
CSARSYGGGSSYEQYF	TRBV20-1	TRBJ2-7
CAPSTANYGYTF	TRBV7-9	TRBJ1-2
CASSIARFNEQFF	TRBV19	TRBJ2-1
CASSSPEYQSRPQHF	TRBV19	TRBJ1-5
CASSEGPSRGNTIYF	TRBV10-2	TRBJ1-3
CASSLRGGQPQHF	TRBV5-1	TRBJ1-5
CSVENPTGDNNEQFF	TRBV29-1	TRBJ2-1
CASSPGIEAFF	TRBV12-4	TRBJ1-1
CASSIDHNQGYNEQFF	TRBV19	TRBJ2-1
CAISESDAGLYNEQFF	TRBV10-3	TRBJ2-1
CASSEGTRVGEQFF	TRBV6-4	TRBJ2-1
CASSDSSTDTQYF	TRBV6-4	TRBJ2-3
CASLWEAPRKETQYF	TRBV6-4	TRBJ2-5
CSVAGTSGGAYEQYF	TRBV29-1	TRBJ2-7
CASSFESGLGYGYTF	TRBV12-3	TRBJ1-2
CASSPSRLGTGFYEQYF	TRBV6-1	TRBJ2-7
CASRGGTATYQETQYF	TRBV5-4	TRBJ2-5
CASSLARTAYEQYF	TRBV5-5	TRBJ2-7
CASSPPGTGEAQAFF	TRBV28	TRBJ1-1
CASSEDREDEQYF	TRBV10-2	TRBJ2-7
CASSQGLGRETQYF	TRBV13	TRBJ2-5
CASSLTQGIYNEQFF	TRBV7-9	TRBJ2-1
CASSLDKATEQYF	TRBV27	TRBJ2-7
CASTNEGPYSPLHF	TRBV6-1	TRBJ1-6
CASSFLDRGDTEAFF	TRBV12-3	TRBJ1-1
CASSQGERGYTF	TRBV5-1	TRBJ1-2
CASSLGQGKEATNEKLFF	TRBV7-9	TRBJ1-4
CASSSSGVGFYEQYF	TRBV12-4	TRBJ2-7
CASSTRTGTETNTGELFF	TRBV9	TRBJ2-2
CASKDKEGTGYNEQFF	TRBV6-4	TRBJ2-1
CASSETRIYMDSQETQYF	TRBV6-1	TRBJ2-5
CASSLPGQGLETQYF	TRBV5-6	TRBJ2-5
CASSQERGATEAFF	TRBV14	TRBJ1-1
CASSPTGINYGYTF	TRBV25-1	TRBJ1-2
CASSVSGGGYNEQFF	TRBV12-3	TRBJ2-1
CASSLPPGTDEQYF	TRBV5-8	TRBJ2-7
CASSPIPVVTEAFF	TRBV27	TRBJ1-1
CASIVRNDRDPTGELFF	TRBV12-3	TRBJ2-2
CAISEPQLSYTDTQYF	TRBV10-3	TRBJ2-3
CASSIGGVGYTF	TRBV19	TRBJ1-2
CASSYSPTQGENTIYF	TRBV6-5	TRBJ1-3
CASSPLPHMNTEAFF	TRBV7-8	TRBJ1-1
CASSLGTSDDGELFF	TRBV12-3	TRBJ2-2
CASSMGGQTYGYTF	TRBV27	TRBJ1-2
CASGQLSYNSPLHF	TRBV12-3	TRBJ1-6
CSARFGRGETQYF	TRBV20-1	TRBJ2-5
CASTTTGNTDTQYF	TRBV18	TRBJ2-3
CASSLGTQPQHF	TRBV7-9	TRBJ1-5
CSARDREFGNTIYF	TRBV20-1	TRBJ1-3
CASAHPRASGSTDTQYF	TRBV7-2	TRBJ2-3
CASSQERGDAGELFF	TRBV4-2	TRBJ2-2
CASSQGTVNTEAFF	TRBV4-1	TRBJ1-1
CATSRAGGGTEAFF	TRBV15	TRBJ1-1
CSVVWAEQYF	TRBV29-1	TRBJ2-7
CASSLLGTDQETQYF	TRBV7-9	TRBJ2-5
CASRLAGAPSTGELFF	TRBV6-5	TRBJ2-2
CASSPGGDRGADTQYF	TRBV6-4	TRBJ2-3
CASSQDLEDNQPQHF	TRBV3-1	TRBJ1-5
CASSLAQGFHEQYF	TRBV5-1	TRBJ2-7
CAISGGGPGTEAFF	TRBV10-3	TRBJ1-1
CSVEDRRPDEQFF	TRBV29-1	TRBJ2-1
CASSPEPGQGGYGYTF	TRBV5-4	TRBJ1-2
CATSTGRGQLYGYTF	TRBV15	TRBJ1-2
CASSQGVGQYGYTF	TRBV4-1	TRBJ1-2
CASSQVTGPYTEAFF	TRBV4-1	TRBJ1-1
CASRILDRGEAGELFF	TRBV12-3	TRBJ2-2
CASSVNPGLRGGTDTQYF	TRBV9	TRBJ2-3
CARLPGQGVGDTQYF	TRBV19	TRBJ2-3
CASRVSGGEEQYF	TRBV12-4	TRBJ2-7
CASSADRFPYEQYF	TRBV9	TRBJ2-7
CASSLLRAGYTEAFF	TRBV11-2	TRBJ1-1
CASEGQGGNEQFF	TRBV6-5	TRBJ2-1
CASSFDPSRGEQYF	TRBV7-2	TRBJ2-7
CASSLLGGPDTQYF	TRBV7-9	TRBJ2-3
CASSLTVYQETQYF	TRBV5-1	TRBJ2-5
CASSPQSGKYNEQFF	TRBV4-2	TRBJ2-1
CASIRTRDPKAQYF	TRBV2	TRBJ2-3
CASSLDDLQGNTEAFF	TRBV5-1	TRBJ1-1
CAWSVGQGTDGELFF	TRBV30	TRBJ2-2
CASRQSGGSYNEQFF	TRBV2	TRBJ2-1
CASSLTELGHRADTQYF	TRBV7-9	TRBJ2-3
CASSLLGLAETQYF	TRBV7-9	TRBJ2-5
CASSQVMDSGDYEQYF	TRBV4-2	TRBJ2-7
CASSWTSGGADTGELFF	TRBV7-6	TRBJ2-2
CASGPGQGEYNEQFF	TRBV12-3	TRBJ2-1
CASTTVTGPYGYTF	TRBV19	TRBJ1-2
CASSPGQGHTDTQYF	TRBV19	TRBJ2-3
CASSPWADVVTDTQYF	TRBV18	TRBJ2-3
CASSTSTGSEAFF	TRBV19	TRBJ1-1
CASGSCAGTGSYCEQFF	TRBV12-5	TRBJ2-1
CASSGQEQETQYF	TRBV6-3	TRBJ2-5
CASSFLGTGGASNLISGNTIYF	TRBV7-9	TRBJ1-3
CASSLGGAGETQYF	TRBV7-2	TRBJ2-5
CASSHVGDRTSPLHF	TRBV4-3	TRBJ1-6
CASRLAGGQLNEQFF	TRBV2	TRBJ2-1
CASSDPTRGTEAFF	TRBV2	TRBJ1-1
CSARGHETTGELFF	TRBV20-1	TRBJ2-2
CASSESSQMNTEAFF	TRBV10-2	TRBJ1-1
CASSFSGQGLTNEKLFF	TRBV27	TRBJ1-4
CASSLDSSYGYTF	TRBV28	TRBJ1-2
CASSQGETTGELFF	TRBV4-2	TRBJ2-2
CASSDDPGFGQPQHF	TRBV6-1	TRBJ1-5
CSAPKAGSSYEQYF	TRBV20-1	TRBJ2-7
CASSFSLDKPTNTGELFF	TRBV12-3	TRBJ2-2
CASSLLGAENTIYF	TRBV7-9	TRBJ1-3
CASSLNGVYMEQYF	TRBV5-4	TRBJ2-7
CASSPTPTANYGYTF	TRBV4-1	TRBJ1-2
CASSPGGRGNQPQHF	TRBV4-1	TRBJ1-5
CSARKVGLTVPTSGSFLAVDYEQYF	TRBV20-1	TRBJ2-7
CASSQDRSGSSYNEQFF	TRBV4-2	TRBJ2-1
CASSEVLDTTDTQYF	TRBV6-1	TRBJ2-3
CASSHSTGSSTEAFF	TRBV7-8	TRBJ1-1
CASSLDRAYHYEQYF	TRBV7-9	TRBJ2-7
CASSEGFNTEAFF	TRBV6-4	TRBJ1-1
CASSFQGAPDEKLFF	TRBV7-9	TRBJ1-4
CASSLSGQGSGELFF	TRBV7-9	TRBJ2-2
CASSPIGGEALGETQYF	TRBV14	TRBJ2-5
CASSSIPGTGTGNTEAFF	TRBV27	TRBJ1-1
CASSVPGSNQPQHF	TRBV28	TRBJ1-5
CATTVPLSYEQYF	TRBV2	TRBJ2-7
CASSVRTTTGVGDYGYTF	TRBV9	TRBJ1-2
CASRSWESGTEAFF	TRBV7-9	TRBJ1-1
CASSPPLSSEQYF	TRBV3-1	TRBJ2-7
CSARDYRTGDEKLFF	TRBV20-1	TRBJ1-4
CSVEGRSGLPNTEAFF	TRBV29-1	TRBJ1-1
CASSMYGAANYGYTF	TRBV19	TRBJ1-2
CASSLVGTGRTDTQYF	TRBV13	TRBJ2-3
CARRESNIQYF	TRBV2	TRBJ2-4
CASSEGGQYDDYGYTF	TRBV2	TRBJ1-2
CASSSPSALSYEQYF	TRBV11-2	TRBJ2-7
CASSKTDTQYF	TRBV5-1	TRBJ2-3
CSAPGQGLSEGPTDTQYF	TRBV20-1	TRBJ2-3
CASNLGQGATDTQYF	TRBV3-1	TRBJ2-3
CASSQEEGSGWVLFF	TRBV4-2	TRBJ2-1
CASSSQSGSLYGYTF	TRBV9	TRBJ1-2
CASSLGFLDTGGLYGTEAFF	TRBV7-9	TRBJ1-1
CASILGGSGGHMGNEQFF	TRBV7-8	TRBJ2-1
CASIRTSGNDNEQFF	TRBV7-9	TRBJ2-1
CAISHPGQGGQPQHF	TRBV10-3	TRBJ1-5
CASSSGGMNTEAFF	TRBV6-6	TRBJ1-1
CASKKLAGDSYEQYF	TRBV6-5	TRBJ2-7
CASSLADEQFF	TRBV5-4	TRBJ2-1
CASSQEGVLGTGELFF	TRBV4-1	TRBJ2-2
CASSLSMGGAGELFF	TRBV27	TRBJ2-2
CARGGKGDTAEAFF	TRBV19	TRBJ1-1
CASSPGDTRTDTQYF	TRBV7-8	TRBJ2-3
CASSYRGAWETQYF	TRBV6-5	TRBJ2-5
CASSHRQGVVLDEQFF	TRBV5-4	TRBJ2-1
CASSTRRRSNQPQHF	TRBV19	TRBJ1-5
CASSNRDRASYEQYF	TRBV6-5	TRBJ2-7
CSAPQKRGGSYEQYF	TRBV20-1	TRBJ2-7
CASSLGQAYGYTF	TRBV7-8	TRBJ1-2
CATSGRDATNEKLFF	TRBV24-1	TRBJ1-4
CATSDPKTDEQYF	TRBV24-1	TRBJ2-7
CSVDLEANYGYTF	TRBV29-1	TRBJ1-2
CASSPTSGSLFTNEQFF	TRBV27	TRBJ2-1
CSVAQEVAGPTGELFF	TRBV29-1	TRBJ2-2
CSATTLVDSYNEQFF	TRBV20-1	TRBJ2-1
CASSQGRDRHGYTF	TRBV3-1	TRBJ1-2
CASSYGAGGYNEQFF	TRBV6-3	TRBJ2-1
CASSHPAGGEETQYF	TRBV4-1	TRBJ2-5
CASSQVTGLSDGELFF	TRBV4-3	TRBJ2-2
CASSLKTSAAEQFF	TRBV7-3	TRBJ2-1
CASSLTPGEYSNQPQHF	TRBV7-9	TRBJ1-5
CASGLYPGQPQHF	TRBV12-5	TRBJ1-5
CASTPDFGLSNQPQHF	TRBV12-4	TRBJ1-5
CSVAGGANYGYTF	TRBV29-1	TRBJ1-2
CSASELPLGGGYTDTQYF	TRBV20-1	TRBJ2-3
CASSLDQQGVGEKLFF	TRBV5-4	TRBJ1-4
CSASKPGPGTYEQYF	TRBV20-1	TRBJ2-7
CASSLSGTWGEGYTF	TRBV27	TRBJ1-2
CASSLAGVNEQFF	TRBV13	TRBJ2-1
CASSSGESGANVLTF	TRBV7-9	TRBJ2-6
CASSLFSDTQYF	TRBV5-6	TRBJ2-3
CASTGTSGGPTLRDEQFF	TRBV7-9	TRBJ2-1
CASSLGDYYNEQFF	TRBV27	TRBJ2-1
CASSHRAGASYEQYF	TRBV4-1	TRBJ2-7
CASSQGPGTVHEKLFF	TRBV14	TRBJ1-4
CASSKNRIQSSYNSPLHF	TRBV19	TRBJ1-6
CASSSRDSQNQPQHF	TRBV5-6	TRBJ1-5
CASSDSYSYGYTF	TRBV7-9	TRBJ1-2
CASSLPDRVDTEAFF	TRBV5-6	TRBJ1-1
CASSAPGLAVNEQFF	TRBV12-4	TRBJ2-1
CASSEALFTGQRPPWANVLTF	TRBV6-1	TRBJ2-6
CASSMTSGSFQTQYF	TRBV3-1	TRBJ2-5
CASSPSTGGYEQFF	TRBV27	TRBJ2-1
CASSLASGRSTEAFF	TRBV7-9	TRBJ1-1
CASSIDRAAGSYNEQFF	TRBV19	TRBJ2-1
CASSLNPVNTEAFF	TRBV7-3	TRBJ1-1
CASSQDLVVSSGNTIYF	TRBV14	TRBJ1-3
CASSQDHRMGGHEKLFF	TRBV4-3	TRBJ1-4
CASTSDRGLYEQYF	TRBV7-9	TRBJ2-7
CASSEVGAVNQETQYF	TRBV2	TRBJ2-5
CASSTGLSGNTIYF	TRBV10-2	TRBJ1-3
CASSQVLAGMWNEQFF	TRBV14	TRBJ2-1
CSARDLEVLSYEQYF	TRBV20-1	TRBJ2-7
CASSYSEGANTEAFF	TRBV6-5	TRBJ1-1
CASKDGISYEQYF	TRBV7-9	TRBJ2-7
CASRSKTGSKQPQHF	TRBV6-5	TRBJ1-5
CASSLVGGGDEQYF	TRBV7-2	TRBJ2-7
CASSEGQGANYGYTF	TRBV6-4	TRBJ1-2
CAWSPDRGRPNEKLFF	TRBV30	TRBJ1-4
CASSSAGYEQYF	TRBV7-2	TRBJ2-7
CASNTGQSAEAFF	TRBV7-3	TRBJ1-1
CASSKAAGDYGYTF	TRBV7-9	TRBJ1-2
CASSQEYRGSDTQYF	TRBV3-1	TRBJ2-3
CASSYIIIEQYF	TRBV12-4	TRBJ2-7
CASSLGDRIYTF	TRBV11-2	TRBJ1-2
CASSLTRTDTQYF	TRBV7-9	TRBJ2-3
CSALLAGDFDEQFF	TRBV29-1	TRBJ2-1
CASSPGNTEAFF	TRBV6-5	TRBJ1-1
CASVLWRASTDTQYF	TRBV5-5	TRBJ2-3
CASSFPLALNTGELFF	TRBV12-4	TRBJ2-2
CASSRTEPTQPQHF	TRBV7-9	TRBJ1-5
CASTLGTSGPLGSYNEQFF	TRBV2	TRBJ2-1
CAISEMTGSVSPLHF	TRBV10-3	TRBJ1-6
CASGRQGENTEAFF	TRBV12-5	TRBJ1-1
CAISESRGSLSDTQYF	TRBV10-3	TRBJ2-3
CASSLEGEGYTF	TRBV5-1	TRBJ1-2
CASSFHRNAEAFF	TRBV11-2	TRBJ1-1
CASSPDDTEAFF	TRBV9	TRBJ1-1
CASSQYPRLAGEKNQETQYF	TRBV3-1	TRBJ2-5
CASRNIWATPAATDTQYF	TRBV6-3	TRBJ2-3
CASSLGENTGELFF	TRBV12-4	TRBJ2-2
CSVALRAAGYNEQFF	TRBV29-1	TRBJ2-1
CASSSLAGGRLNNEQFF	TRBV13	TRBJ2-1
CASGYGTGSNEKLFF	TRBV12-5	TRBJ1-4
CASSLAATHTEAFF	TRBV5-6	TRBJ1-1
CASIGLSGAGELFF	TRBV7-9	TRBJ2-2
CSSPGGPNEKLFF	TRBV20-1	TRBJ1-4
CASIPPGRSRDEQFF	TRBV12-4	TRBJ2-1
CASISPLGLASGTGELFF	TRBV6-5	TRBJ2-2
CASSRGGEETQYF	TRBV25-1	TRBJ2-5
CSARDRAGKETQYF	TRBV20-1	TRBJ2-5
CASSPFQSNQPQHF	TRBV27	TRBJ1-5
CASSPMDTQYF	TRBV12-4	TRBJ2-3
CASSLAGDRGRNSPLHF	TRBV7-9	TRBJ1-6
CASSPSSWDRPGTGELFF	TRBV27	TRBJ2-2
CASSVPDRNQNYEQYF	TRBV9	TRBJ2-7
CASSGWIGTENTGELFF	TRBV9	TRBJ2-2
CASSRTGLNTEAFF	TRBV27	TRBJ1-1
CASGGGTGELFF	TRBV27	TRBJ2-2
CASSARTGVGYGYTF	TRBV19	TRBJ1-2
CASSDSTRDLDEQFF	TRBV6-4	TRBJ2-1
CASSLVFAEYGYTF	TRBV7-9	TRBJ1-2
CASREGETQYF	TRBV19	TRBJ2-5
CASSYTGTDSPLHF	TRBV6-3	TRBJ1-6
CSVEFARYQETQYF	TRBV29-1	TRBJ2-5
CASRVGNTEAFF	TRBV4-1	TRBJ1-1
CASSLEPSYEQYF	TRBV7-2	TRBJ2-7
CATSIPLAGDQETQYF	TRBV15	TRBJ2-5
CAISGQREDQETQYF	TRBV10-3	TRBJ2-5
CASSLEKASGGLAKNIQYF	TRBV7-6	TRBJ2-4
CASSSTSGDYNEQFF	TRBV7-7	TRBJ2-1
CASSQDRSGTSTETQYF	TRBV4-3	TRBJ2-5
CASSLELGPDTQYF	TRBV5-6	TRBJ2-3
CASSKEGDEQYF	TRBV7-2	TRBJ2-7
CASSWTSGGAGYEQYF	TRBV6-5	TRBJ2-7
CASKTPSRGPHTEAFF	TRBV12-4	TRBJ1-1
CASSIVGQPQHF	TRBV19	TRBJ1-5
CASSSGLASYEQYF	TRBV7-2	TRBJ2-7
CASSELAGGPETQYF	TRBV6-1	TRBJ2-5
CASSQDRTSGNTIYF	TRBV4-3	TRBJ1-3
CASSYGLTGSYNEQFF	TRBV6-5	TRBJ2-1
CASSLWAQVAEDSNQPQHF	TRBV7-9	TRBJ1-5
CASTLTVVGNSPLHF	TRBV6-3	TRBJ1-6
CASSIGKDMNTEAFF	TRBV19	TRBJ1-1
CASSQSHGAGDIQYF	TRBV4-3	TRBJ2-4
CASSVLAGPSTDTQYF	TRBV9	TRBJ2-3
CASGDRGYNEQFF	TRBV10-2	TRBJ2-1
CASSLAPGGETQYF	TRBV7-7	TRBJ2-5
CASSLIGEAFF	TRBV12-3	TRBJ1-1
CASSFTSGGYEQYF	TRBV9	TRBJ2-7
CSFRIGGTEAFF	TRBV29-1	TRBJ1-1
CASSVEGGPGTSGGRSSYEQYF	TRBV9	TRBJ2-7
CASSSGTGLNTEAFF	TRBV7-8	TRBJ1-1
CASSIVLGLGEKLFF	TRBV19	TRBJ1-4
CASSSFDGLNSPLHF	TRBV11-1	TRBJ1-6
CATSTAGTGLGETQYF	TRBV15	TRBJ2-5
CATMDSMNTEAFF	TRBV24-1	TRBJ1-1
CASTQEAALAGAGTDTQYF	TRBV5-1	TRBJ2-3
CASSHSVQGNQPQHF	TRBV4-1	TRBJ1-5
CASRPTDYNSPLHF	TRBV16	TRBJ1-6
CASSETPGALNIQYF	TRBV6-1	TRBJ2-4
CASSQDPQGYIQPQHF	TRBV4-1	TRBJ1-5
CASSPHGNQPQHF	TRBV18	TRBJ1-5
CASSRDVQETQYF	TRBV14	TRBJ2-5
CATTNGGRGYTF	TRBV19	TRBJ1-2
CASSLESAGGEQYF	TRBV5-1	TRBJ2-7
CASSLYVNNGYTF	TRBV7-9	TRBJ1-2
CASSQGFTEAFF	TRBV19	TRBJ1-1
CASSVVDNEQFF	TRBV9	TRBJ2-1
CASSLGQGRNTEAFF	TRBV7-6	TRBJ1-1
CASSLLGDRAYIFYEQFF	TRBV12-3	TRBJ2-1
CASQDAVGTEAFF	TRBV4-1	TRBJ1-1
CATSGTGTSGYNEQFF	TRBV15	TRBJ2-1
CSARDVQLGNTIYF	TRBV20-1	TRBJ1-3
CASRVVGVAGNYGYTF	TRBV27	TRBJ1-2
CASSEGTATEAFF	TRBV10-1	TRBJ1-1
CASSLVGGQGVANEQFF	TRBV7-9	TRBJ2-1
CASSLTGGTEAFF	TRBV5-1	TRBJ1-1
CASSMGLAENTGELFF	TRBV19	TRBJ2-2
CSAPTGTNEKLFF	TRBV20-1	TRBJ1-4
CASGRGTGGTDTQYF	TRBV5-1	TRBJ2-3
CASSPVAGATNEKLFF	TRBV4-1	TRBJ1-4
CASSAWAGANTGELFF	TRBV7-2	TRBJ2-2
CASSESGVTEAFF	TRBV10-1	TRBJ1-1
CASSWQPNTEAFF	TRBV5-1	TRBJ1-1
CASSQGHGQGAFSNSPLHF	TRBV4-3	TRBJ1-6
CASSLSSGRTEAFF	TRBV7-6	TRBJ1-1
CASSIQTGGTEAFF	TRBV19	TRBJ1-1
CASSESWGTEAFF	TRBV10-1	TRBJ1-1
CASTQKLGIYGYTF	TRBV4-1	TRBJ1-2
CAISESEGAIQPQHF	TRBV10-3	TRBJ1-5
CASSLVYGTGNTPLHF	TRBV5-6	TRBJ1-6
CASSEEEALAGVDEQFF	TRBV7-9	TRBJ2-1
CASSHGLGWETQYF	TRBV4-2	TRBJ2-5
CASSSSNTGELFF	TRBV5-6	TRBJ2-2
CASSHGTGAEKLFF	TRBV6-5	TRBJ1-4
CASSGTPGQLRPANYGYTF	TRBV5-5	TRBJ1-2
CASSQLEDGHSYEQYF	TRBV13	TRBJ2-7
CASSRPSSGNTIYF	TRBV14	TRBJ1-3
CASNPGGLHQPQHF	TRBV19	TRBJ1-5
CASSQVDSSYNEQFF	TRBV3-1	TRBJ2-1
CASSFGAGELFF	TRBV27	TRBJ2-2
CASRPLTGSLSGNTIYF	TRBV27	TRBJ1-3
CASSHSDRIINEQFF	TRBV27	TRBJ2-1
CASSYASGSTDTQYF	TRBV6-6	TRBJ2-3
CASSTPLEDTQYF	TRBV12-4	TRBJ2-3
CASSRGRGGYQPQHF	TRBV7-2	TRBJ1-5
CASSLPSSNYGYTF	TRBV5-4	TRBJ1-2
CASSVSLVNEQFF	TRBV9	TRBJ2-1
CASTPSGDGYTF	TRBV19	TRBJ1-2
CATSDNNVWFSEQFF	TRBV24-1	TRBJ2-1
CASSQEGGFTDTQYF	TRBV4-3	TRBJ2-3
CASSAGNSPLHF	TRBV27	TRBJ1-6
CASSYPGLQSNEQFF	TRBV7-9	TRBJ2-1
CASSPTYYGYTF	TRBV6-5	TRBJ1-2
CASSNTPLDEAFF	TRBV7-9	TRBJ1-1
CAWSSGEGTDTQYF	TRBV30	TRBJ2-3
CASSEAWGATNTGELFF	TRBV6-1	TRBJ2-2
CASRGTSAKDTQYF	TRBV19	TRBJ2-3
CASRIQGATADTQYF	TRBV12-4	TRBJ2-3
CASSFESGGRREAFF	TRBV11-3	TRBJ1-1
CAITGLAMNTGELFF	TRBV10-3	TRBJ2-2
CASSTLDSPTDTQYF	TRBV6-5	TRBJ2-3
CSAMEGSYNEQFF	TRBV20-1	TRBJ2-1
CASSISGGILYEQYF	TRBV19	TRBJ2-7
CASSRQSADTQYF	TRBV6-5	TRBJ2-3
CSATGTGILDGYTF	TRBV20-1	TRBJ1-2
CASTGLAGYNEQFF	TRBV6-3	TRBJ2-1
CASSLWVGKLDISPLHF	TRBV27	TRBJ1-6
CASSEEGTPSNQPQHF	TRBV6-5	TRBJ1-5
CASSLGTRGGAPEAFF	TRBV13	TRBJ1-1
CATIPTGSTDTQYF	TRBV27	TRBJ2-3
CASSQGDGTGTQYF	TRBV3-1	TRBJ2-3
CSARGAPGSNTDTQYF	TRBV20-1	TRBJ2-3
CASRRTGQSYNSPLHF	TRBV27	TRBJ1-6
CASSQQQGVLYGYTF	TRBV6-3	TRBJ1-2
CASSQYDSSGELFF	TRBV4-3	TRBJ2-2
CASSQEGRETEAFF	TRBV3-1	TRBJ1-1
CASSTPGDNEQFF	TRBV11-3	TRBJ2-1
CSARTDRGRTF	TRBV20-1	TRBJ1-2
CASSSGQGIHQPQHF	TRBV13	TRBJ1-5
CASSRTKGGKETQYF	TRBV4-2	TRBJ2-5
CASSLVEGGGEKLFF	TRBV5-6	TRBJ1-4
CSVEGATGANVLTF	TRBV29-1	TRBJ2-6
CASSLVTGGRGYTF	TRBV11-2	TRBJ1-2
CATSAGTFHTGELFF	TRBV24-1	TRBJ2-2
CASRGWESNTEAFF	TRBV19	TRBJ1-1
CASSYLWNTEAFF	TRBV6-3	TRBJ1-1
CASSLRVFHNEQFF	TRBV7-9	TRBJ2-1
CASSLAGFQETQYF	TRBV11-2	TRBJ2-5
CASSFGSSYGYTF	TRBV27	TRBJ1-2
CAAGEMFGLGETQYF	TRBV4-2	TRBJ2-5
CASSFVMFHTGELFF	TRBV7-2	TRBJ2-2
CASSQNRETQYF	TRBV4-1	TRBJ2-5
CATMEPGQGPDTQYF	TRBV27	TRBJ2-3
CASSSRDYFNYGYTF	TRBV3-1	TRBJ1-2
CASSLPGYNEQFF	TRBV7-2	TRBJ2-1
CASSPQTGKRLYEQYF	TRBV7-9	TRBJ2-7
CASSDRMNTEAFF	TRBV2	TRBJ1-1
CATSDSLQGYSNQPQHF	TRBV24-1	TRBJ1-5
CASSLFAYNEQFF	TRBV5-6	TRBJ2-1
CASTRNAFYSLGTGELFF	TRBV19	TRBJ2-2
CASGEGGTTYEQYF	TRBV6-5	TRBJ2-7
CASSEFASVSYNEQFF	TRBV2	TRBJ2-1
CASSMRDPQETQYF	TRBV13	TRBJ2-5
CASSIATYSNQPQHF	TRBV19	TRBJ1-5
CASSLLGQNTGELFF	TRBV5-6	TRBJ2-2
CASSEWVGINEKLFF	TRBV2	TRBJ1-4
CASSFGGVNEQFF	TRBV12-3	TRBJ2-1
CATSGTVYGYTF	TRBV24-1	TRBJ1-2
CASSVDTAYTEAFF	TRBV9	TRBJ1-1
CASSRQGDSGANVLTF	TRBV5-5	TRBJ2-6
CASSMSGPGTEAFF	TRBV19	TRBJ1-1
CASSQVFRGPPGELFF	TRBV3-1	TRBJ2-2
CATSPDREYQETQYF	TRBV15	TRBJ2-5
CASSQETGYGYTF	TRBV4-2	TRBJ1-2
CASSELGLTGELFF	TRBV10-2	TRBJ2-2
CASSVDQLGYNEQFF	TRBV10-1	TRBJ2-1
CASSLELGLAEAFF	TRBV11-3	TRBJ1-1
CSAGLLGEQFF	TRBV29-1	TRBJ2-1
CSAGGGATYNEQFF	TRBV20-1	TRBJ2-1
CASSQETGAEAFF	TRBV3-1	TRBJ1-1
CASSEQGDYGYTF	TRBV6-1	TRBJ1-2
CASSSHLGSWGTEAFF	TRBV13	TRBJ1-1
CASSQEGINTGELFF	TRBV4-1	TRBJ2-2
CASSQDRGSTDTQYF	TRBV14	TRBJ2-3
CASNNRGLEQFF	TRBV10-1	TRBJ2-1
CASIPLAGVRDEQFF	TRBV27	TRBJ2-1
CASSVLTGNYGYTF	TRBV9	TRBJ1-2
CSARGGGANYGYTF	TRBV20-1	TRBJ1-2
CATTGEGNEQFF	TRBV24-1	TRBJ2-1
CASSFNSDSIQETQYF	TRBV11-3	TRBJ2-5
CASTFVYGVDSPLHF	TRBV11-2	TRBJ1-6
CASSVVQGYGYTF	TRBV9	TRBJ1-2
CASSGPGRTTNEKLFF	TRBV11-3	TRBJ1-4
CASSGQGVVETQYF	TRBV9	TRBJ2-5
CASSPGGGYGYTF	TRBV9	TRBJ1-2
CSARAAGRQTSTYEQYF	TRBV20-1	TRBJ2-7
CASSYGSYNEQFF	TRBV6-5	TRBJ2-1
CASSQVLVGGSTDTQYF	TRBV4-2	TRBJ2-3
CASSDSLGSPLHF	TRBV6-4	TRBJ1-6
CASSHTTGGYGYTF	TRBV4-3	TRBJ1-2
CASSPSRDREFLYIQYF	TRBV7-9	TRBJ2-4
CASSEWNTGELFF	TRBV25-1	TRBJ2-2
CASSFPGAEAFF	TRBV27	TRBJ1-1
CASSHSGGRVNTEAFF	TRBV7-9	TRBJ1-1
CASSIGTVNTEAFF	TRBV19	TRBJ1-1
CASSLLGQGTGEQYF	TRBV27	TRBJ2-7
CASFSGGEETQYF	TRBV12-4	TRBJ2-5
CATIDWGGEDTQYF	TRBV6-1	TRBJ2-3
CASGPYDRADTEAFF	TRBV12-3	TRBJ1-1
CASSIDQGGELFF	TRBV19	TRBJ2-2
CSVEEAGGNEKLFF	TRBV29-1	TRBJ1-4
CSADTGTGGPNQPQHF	TRBV20-1	TRBJ1-5
CASSPDLGDIQYF	TRBV27	TRBJ2-4
CASSLYAGASEKLFF	TRBV27	TRBJ1-4
CASGAGGLNEQFF	TRBV19	TRBJ2-1
CASTLRRGVDTGELFF	TRBV6-5	TRBJ2-2
CASSLEGQGVEDTQYF	TRBV5-4	TRBJ2-3
CASSSTSGGNLQETQYF	TRBV12-4	TRBJ2-5
CATSGAAYSGANVLTF	TRBV24-1	TRBJ2-6
CATSDSGTGGTGELFF	TRBV24-1	TRBJ2-2
CASKAPDLSANYGYTF	TRBV7-9	TRBJ1-2
CASSLFSASGSDTQYF	TRBV7-8	TRBJ2-3
CASSLEHTEAFF	TRBV7-9	TRBJ1-1
CASSPGLAGDNEQFF	TRBV6-3	TRBJ2-1
CASSRDRGEDTQYF	TRBV5-6	TRBJ2-3
CASSEQGGGYTF	TRBV25-1	TRBJ1-2
CASSHRPGLNQETQYF	TRBV3-1	TRBJ2-5
CASGLVEGDSKNIQYF	TRBV12-5	TRBJ2-4
CASSFSGGTLYNEQFF	TRBV13	TRBJ2-1
CSATSNGERTDTQYF	TRBV20-1	TRBJ2-3
CASSVGTGLLTGELFF	TRBV7-7	TRBJ2-2
CASSLAGSSGGVYNEQFF	TRBV7-9	TRBJ2-1
CASSPPGQLSYEQYF	TRBV11-2	TRBJ2-7
CASSPRKGLSYNEQFF	TRBV27	TRBJ2-1
CASSQVPGQGPNYGYTF	TRBV14	TRBJ1-2
CASSFGTGSRNEQFF	TRBV12-3	TRBJ2-1
CASSAFSGTTDTQYF	TRBV9	TRBJ2-3
CASSLTGTGDDTEAFF	TRBV5-1	TRBJ1-1
CSARPSGLAETDTQYF	TRBV20-1	TRBJ2-3
CSAWDRLNTEAFF	TRBV20-1	TRBJ1-1
CASSLPLSQRDYGYTF	TRBV7-9	TRBJ1-2
CASIPTETYGYGYTF	TRBV6-1	TRBJ1-2
CSARVENTGELFF	TRBV20-1	TRBJ2-2
CASSQTGLVLGGQETQYF	TRBV11-3	TRBJ2-5
CASSVGAGLNEQFF	TRBV9	TRBJ2-1
CSAGGDRSYEQYF	TRBV20-1	TRBJ2-7
CASTRRDRTTDTQYF	TRBV5-8	TRBJ2-3
CASSLAGGSNTGELFF	TRBV5-6	TRBJ2-2
CASSYRVSEAFF	TRBV6-3	TRBJ1-1
CASSISGDLGGELFF	TRBV5-5	TRBJ2-2
CSAEWLGEQFF	TRBV20-1	TRBJ2-1
CASSLPLARASQYF	TRBV5-6	TRBJ2-5
CASSIGTGGDINYGYTF	TRBV5-1	TRBJ1-2
CASSRSGTGSYEQYF	TRBV4-1	TRBJ2-7
CASSLVGQSNEKLFF	TRBV7-8	TRBJ1-4
CSASGLAVNEQFF	TRBV20-1	TRBJ2-1
CASSLSGTGIQPQHF	TRBV27	TRBJ1-5
CSARTGTAVYEQYF	TRBV20-1	TRBJ2-7
CATSSAKGAGIYGYTF	TRBV15	TRBJ1-2
CASRLSSRGMNTEAFF	TRBV19	TRBJ1-1
CASSVEGDANEQFF	TRBV9	TRBJ2-1
CASSEKTGTGPHEQYF	TRBV6-1	TRBJ2-7
CASSQVRGSYEQYF	TRBV4-1	TRBJ2-7
CASRGLAGVGVLSGYNEQFF	TRBV12-3	TRBJ2-1
CASGPWTDLNYGYTF	TRBV6-5	TRBJ1-2
CSAPFGAKKNIQYF	TRBV20-1	TRBJ2-4
CSAPRGTNEKLFF	TRBV20-1	TRBJ1-4
CSVESILAGGGPNEQFF	TRBV29-1	TRBJ2-1
CASRGELYEQYF	TRBV27	TRBJ2-7
CASSWEDYGYTF	TRBV5-8	TRBJ1-2
CASYPVPGLKTQYF	TRBV7-8	TRBJ2-5
CSAPEWDRGLENYGYTF	TRBV20-1	TRBJ1-2
CASSEVGGLDTEAFF	TRBV6-1	TRBJ1-1
CASSGRDRGYAQSSYEQYF	TRBV19	TRBJ2-7
CASSTYRGPTNEKLFF	TRBV19	TRBJ1-4
CASSPGQGVHGYTF	TRBV7-8	TRBJ1-2
CASSVTGGENQPQHF	TRBV19	TRBJ1-5
CASSEAWGTPLWGEKLFF	TRBV6-1	TRBJ1-4
CASSQGVAGGQGVNEQFF	TRBV4-3	TRBJ2-1
CASSRALGWGLDTEAFF	TRBV3-1	TRBJ1-1
CASSQTPGEQYF	TRBV4-1	TRBJ2-7
CATSGGLSTEAFF	TRBV24-1	TRBJ1-1
CASSQDMDEQFF	TRBV3-1	TRBJ2-1
CASTRRTGDEQYF	TRBV12-3	TRBJ2-7
CASSQATYTNTGELFF	TRBV4-1	TRBJ2-2
CSAPDRASTEAFF	TRBV20-1	TRBJ1-1
CASSFKVSEAFF	TRBV11-2	TRBJ1-1
CASSHSGDQPQHF	TRBV18	TRBJ1-5
CASTEHSGGKYF	TRBV2	TRBJ2-7
CASSIGQGAYEQFF	TRBV19	TRBJ2-1
CASRRRTGNTIYF	TRBV14	TRBJ1-3
CASSTPPGQGSLGANVLTF	TRBV28	TRBJ2-6
CASSQGRGAELYEQYF	TRBV4-1	TRBJ2-7
CASSSPQDLEAFF	TRBV6-5	TRBJ1-1
CASSIGGSSYNEQFF	TRBV19	TRBJ2-1
CASVATPYGYTF	TRBV12-5	TRBJ1-2
CASSEAESQPQHF	TRBV2	TRBJ1-5
CASSWGGASGETQYF	TRBV7-7	TRBJ2-5
CASRNHSDVGAFF	TRBV6-5	TRBJ1-1
CASSLITGNTIYF	TRBV19	TRBJ1-3
CASSLIGGFTNNEQFF	TRBV7-6	TRBJ2-1
CSGVSLQESSGANVLTF	TRBV20-1	TRBJ2-6
CASSLSGTWGETQYF	TRBV27	TRBJ2-5
CSARDRPGTGGFHEQFF	TRBV20-1	TRBJ2-1
CSAPGQGVGYTF	TRBV20-1	TRBJ1-2
CASSPYTGTGPEQYF	TRBV18	TRBJ2-7
CASSNTGGSYNEQFF	TRBV19	TRBJ2-1
CASSDPDRIKNIQYF	TRBV6-1	TRBJ2-4
CASSLQAGLTIETQYF	TRBV27	TRBJ2-5
CASSQSTGRAGELFF	TRBV11-3	TRBJ2-2
CASSLSPGGSYEQYF	TRBV27	TRBJ2-7
CASSESNPTGSWPQHF	TRBV27	TRBJ1-5
CATSAGYTGELFF	TRBV24-1	TRBJ2-2
CASSQEWDPRETQYF	TRBV14	TRBJ2-5
CASSQEPTSGGPTDTQYF	TRBV4-1	TRBJ2-3
CASSLSTANQPQHF	TRBV27	TRBJ1-5
CASSLSISAYNEQFF	TRBV7-2	TRBJ2-1
CASSSRTGIYNSPLHF	TRBV7-2	TRBJ1-6
CASSPGTGMEDTQYF	TRBV6-5	TRBJ2-3
CASSQDSGEETQYF	TRBV4-1	TRBJ2-5
CAWSLLGVDSQYF	TRBV30	TRBJ2-5
CSARDFDRGLATEAFF	TRBV20-1	TRBJ1-1
CASSTYPTGNTEAFF	TRBV4-1	TRBJ1-1
CASRRDSQGYSNQPQHF	TRBV6-1	TRBJ1-5
CASSQGSEQFF	TRBV4-1	TRBJ2-1
CASSTGTGLPYEQYF	TRBV19	TRBJ2-7
CASSLWDGQETQYF	TRBV12-4	TRBJ2-5
CASSISGTILNEQFF	TRBV5-4	TRBJ2-1
CASSQEGASSYNEQFF	TRBV4-1	TRBJ2-1
CASSETSGSLGDTQYF	TRBV2	TRBJ2-3
CASSQDVGSYTEAFF	TRBV3-1	TRBJ1-1
CASSTYGTMEETQYF	TRBV5-1	TRBJ2-5
CASSRPSAKNIQYF	TRBV4-1	TRBJ2-4
CASSLRRNEQFF	TRBV27	TRBJ2-1
CASSPPGEGEQYF	TRBV7-9	TRBJ2-7
CASSLDNSHGYTF	TRBV12-4	TRBJ1-2
CSARDIHGQGTYNEQFF	TRBV20-1	TRBJ2-1
CSARARGLNTGELFF	TRBV20-1	TRBJ2-2
CASSYWGNSYNSPLHF	TRBV6-5	TRBJ1-6
CASSFGGLNSLGGYGYTF	TRBV27	TRBJ1-2
CAISPGQGESYEQYF	TRBV10-3	TRBJ2-7
CATSQIPGTSGSSDTQYF	TRBV24-1	TRBJ2-3
CSVAGTGNTEAFF	TRBV29-1	TRBJ1-1
CASSFTETQYF	TRBV12-4	TRBJ2-5
CAWGSGLGYGYTF	TRBV30	TRBJ1-2
CATSETSRGSQHF	TRBV24-1	TRBJ1-5
CASSRVAGEQYF	TRBV7-9	TRBJ2-7
CSVEVGPLDYEQYF	TRBV29-1	TRBJ2-7
CASSLFQGSGTEAFF	TRBV11-2	TRBJ1-1
CASGGGGPYEQYF	TRBV27	TRBJ2-7
CASTPGGPGYGYTF	TRBV19	TRBJ1-2
CASSFSGLDYGYTF	TRBV12-3	TRBJ1-2
CASSKNRQGSSYNSPLHF	TRBV19	TRBJ1-6
CSASPAGSTDTQYF	TRBV20-1	TRBJ2-3
CASSLYSVYNEQFF	TRBV5-6	TRBJ2-1
CASSTRGRTGDTQYF	TRBV13	TRBJ2-3
CASSLAGVLEQYF	TRBV10-2	TRBJ2-7
CASSTQSGTASGELFF	TRBV19	TRBJ2-2
CASSYGSGNEQFF	TRBV6-3	TRBJ2-1
CSVPEQGANVLTF	TRBV29-1	TRBJ2-6
CASSFTGVNTEAFF	TRBV12-3	TRBJ1-1
CASRLSVDSGYEQYF	TRBV5-4	TRBJ2-7
CASSMTSGELFF	TRBV19	TRBJ2-2
CASSLGGSNQPQHF	TRBV27	TRBJ1-5
CSARDLGTPNTEAFF	TRBV20-1	TRBJ1-1
CSAREAGVWFNEQFF	TRBV20-1	TRBJ2-1
CASSGQGVIGEQFF	TRBV6-3	TRBJ2-1
CASSMGLAETDTQYF	TRBV7-3	TRBJ2-3
CASSQAWTGSYGYTF	TRBV4-1	TRBJ1-2
CASSPGTGNYGYTF	TRBV7-9	TRBJ1-2
CASSPRGTGELFF	TRBV9	TRBJ2-2
CASSQLPLDTELFF	TRBV3-1	TRBJ2-2
CATSDFGAANTGELFF	TRBV24-1	TRBJ2-2
CASSLVPGIAEAFF	TRBV14	TRBJ1-1
CSARDRLAGVADTQYF	TRBV20-1	TRBJ2-3
CASSLGDNEQFF	TRBV5-1	TRBJ2-1
CASSYSNAEAFF	TRBV6-3	TRBJ1-1
CSAPWGPNEKLFF	TRBV20-1	TRBJ1-4
CATRAKYQETQYF	TRBV19	TRBJ2-5
CASSISYTGELFF	TRBV19	TRBJ2-2
CASSLNYNQPQHF	TRBV7-9	TRBJ1-5
CASSMWTGDNEQFF	TRBV19	TRBJ2-1
CASMDREGPDTQYF	TRBV5-1	TRBJ2-3
CASSFGQGRTEAFF	TRBV5-6	TRBJ1-1
CASSQDEGQGAEAFF	TRBV4-3	TRBJ1-1
CASSQDPGTGTDEQYF	TRBV3-1	TRBJ2-7
CASSLDRLGDNEQFF	TRBV7-6	TRBJ2-1
CASTGTSSVSGELFF	TRBV7-9	TRBJ2-2
CASSPGTGKAGELFF	TRBV7-8	TRBJ2-2
CASGWTGGNSPLHF	TRBV27	TRBJ1-6
CSARLQGYEQFF	TRBV20-1	TRBJ2-1
CASSPRWDDPVVNAEAFF	TRBV28	TRBJ1-1
CASGNRVSQYF	TRBV12-5	TRBJ2-7
CASSQEGLRNTGELFF	TRBV4-1	TRBJ2-2
CASSWGDTQYF	TRBV5-4	TRBJ2-3
CASSEYRMGQGNSGYTF	TRBV10-2	TRBJ1-2
CASRWGTDYNEQFF	TRBV19	TRBJ2-1
CASSQDSGVHQPQHF	TRBV4-1	TRBJ1-5
CASFWTSGGSSTDTQYF	TRBV6-6	TRBJ2-3
CSVEWVGGSYNEQFF	TRBV29-1	TRBJ2-1
CASSPWTGPLNTEAFF	TRBV9	TRBJ1-1
CASSSTDRNYGYTF	TRBV5-1	TRBJ1-2
CASSIGADTQYF	TRBV19	TRBJ2-3
CASSEDRHTGELFF	TRBV9	TRBJ2-2
CASSFGAGGQSSTDTQYF	TRBV7-8	TRBJ2-3
CASSLGREGRMDTQYF	TRBV7-2	TRBJ2-3
CASSDGTSLYNEQFF	TRBV10-2	TRBJ2-1
CASSVPREFTDTQYF	TRBV2	TRBJ2-3
CASSQDRGGTEAFF	TRBV4-3	TRBJ1-1
CASSQIQGQGAYEQYF	TRBV4-1	TRBJ2-7
CASSYSGGAYEQYF	TRBV27	TRBJ2-7
CASSYVGGPGDTQYF	TRBV6-5	TRBJ2-3
CASQTWGAQGEKLFF	TRBV5-1	TRBJ1-4
CAWNKRLAGSYNEQFF	TRBV30	TRBJ2-1
CATSESLAGGGYNEQFF	TRBV24-1	TRBJ2-1
CASTGTGVYEQFF	TRBV19	TRBJ2-1
CASSPLDGRADTQYF	TRBV27	TRBJ2-3
CASSESGQGNSPLHF	TRBV10-1	TRBJ1-6
CASSESLGTGELFF	TRBV9	TRBJ2-2
CAITRLIGTTDTEAFF	TRBV10-3	TRBJ1-1
CASSLAGYNEQFF	TRBV7-2	TRBJ2-1
CASSFRLAGEETQYF	TRBV5-1	TRBJ2-5
CASSSLQQPQHF	TRBV5-6	TRBJ1-5
CASRRQETNEKLFF	TRBV6-5	TRBJ1-4
CASSGRKLFF	TRBV11-3	TRBJ1-4
CSVRAPLGELFF	TRBV29-1	TRBJ2-2
CRVGPNTEAFF	TRBV20-1	TRBJ1-1
CASSERTGGNTDTQYF	TRBV7-2	TRBJ2-3
CASSRMGARDGYTF	TRBV7-2	TRBJ1-2
CASSFPGSETQYF	TRBV7-9	TRBJ2-5
CASSTRPGQGVEEQYF	TRBV19	TRBJ2-7
CASSFRTTTYNEQFF	TRBV7-9	TRBJ2-1
CASSPGTGSTEAFF	TRBV5-6	TRBJ1-1
CASSWHSSTDTQYF	TRBV7-9	TRBJ2-3
CASSLEAGGAYNEQFF	TRBV5-5	TRBJ2-1
CASSESEGAGPTDHEQFF	TRBV10-2	TRBJ2-1
CASSEGTVNYGYTF	TRBV9	TRBJ1-2
CASRRQEYGTEAFF	TRBV25-1	TRBJ1-1
CASRQGGTSPLHF	TRBV7-9	TRBJ1-6
CSVVMGYEQYF	TRBV29-1	TRBJ2-7
CAWSDTGDTEAFF	TRBV30	TRBJ1-1
CASSLGQDGYTF	TRBV7-8	TRBJ1-2
CASAGTYQGGEYNEQFF	TRBV6-5	TRBJ2-1
CSVFQENTGELFF	TRBV29-1	TRBJ2-2
CASSYSQVAGELETQYF	TRBV6-3	TRBJ2-5
CASSLSDNQPQHF	TRBV9	TRBJ1-5
CASSFPSPGDTQYF	TRBV12-4	TRBJ2-3
CASSILGTDGETQYF	TRBV19	TRBJ2-5
CASSSAGGHQPPQHF	TRBV6-3	TRBJ1-5
CASSIGGNTEAFF	TRBV19	TRBJ1-1
CASSQGSQGAQETQYF	TRBV4-1	TRBJ2-5
CASSLRKGGTEAFF	TRBV7-2	TRBJ1-1
CASSQVSGENIQYF	TRBV4-1	TRBJ2-4
CASSLYTGELFF	TRBV7-3	TRBJ2-2
CATSRVRGPEAYNEQFF	TRBV15	TRBJ2-1
CASSWGAGGTDTQYF	TRBV19	TRBJ2-3
CASSFEGGGDTQYF	TRBV7-2	TRBJ2-3
CASSPSEWGGGDTDTQYF	TRBV3-1	TRBJ2-3
CASSDGWGEAFF	TRBV11-3	TRBJ1-1
CASSLGVSSYNEQFF	TRBV7-9	TRBJ2-1
CASSPPYQETQYF	TRBV5-1	TRBJ2-5
CATSRDVGAGNTGELFF	TRBV15	TRBJ2-2
CSARDFAGDYGYTF	TRBV20-1	TRBJ1-2
CASSHRIGGETQYF	TRBV7-9	TRBJ2-5
CASSQGPGGMKEKLFF	TRBV4-1	TRBJ1-4
CASSSDRRQETQYF	TRBV7-9	TRBJ2-5
CSVDIRQGFNNYGYTF	TRBV29-1	TRBJ1-2
CASSIEPYNEQFF	TRBV27	TRBJ2-1
CASSPPGGQETQYF	TRBV18	TRBJ2-5
CASIPAGGPGDTQYF	TRBV6-3	TRBJ2-3
CSVAAPGNTEAFF	TRBV29-1	TRBJ1-1
CASSRLRDGGGYNSPLHF	TRBV4-1	TRBJ1-6
CASSQGTGRNTEAFF	TRBV4-3	TRBJ1-1
CASSDYRDTNNEQFF	TRBV2	TRBJ2-1
CASSGWTGGSYEQYF	TRBV5-1	TRBJ2-7
CASSLWDRVNTEAFF	TRBV19	TRBJ1-1
CASSQDPENTEAFF	TRBV4-3	TRBJ1-1
CASSLGLPGLEGNTGELFF	TRBV7-8	TRBJ2-2
CAISEPQGAVGEQYF	TRBV10-3	TRBJ2-7
CASRPGLAGAGGIVSEETQYF	TRBV6-6	TRBJ2-5
CASSYDSPTEAFF	TRBV4-3	TRBJ1-1
CASSLTESGANVLTF	TRBV7-9	TRBJ2-6
CASTGGSEDTQYF	TRBV27	TRBJ2-3
CASSQTFGGAYNEQFF	TRBV11-2	TRBJ2-1
CASSFMGGTGELFF	TRBV7-3	TRBJ2-2
CASRLSSGGRSYNEQFF	TRBV3-1	TRBJ2-1
CASSQDWFVRGPNQPQHF	TRBV4-1	TRBJ1-5
CASSVGGSGGTYEQYF	TRBV9	TRBJ2-7
CASSGEDIHSGNTIYF	TRBV13	TRBJ1-3
CASSQVPQGLSGNTIYF	TRBV3-1	TRBJ1-3
CASSLVCTDTQYF	TRBV11-2	TRBJ2-3
CASSPTDRATDTQYF	TRBV12-3	TRBJ2-3
CASIRDGQGGTEAFF	TRBV19	TRBJ1-1
CASSQDRGGDTEAFF	TRBV4-1	TRBJ1-1
CASSLATSTDTQYF	TRBV12-4	TRBJ2-3
CASSLTDRVGQPQHF	TRBV3-1	TRBJ1-5
CASRLSGSAYEQYF	TRBV7-8	TRBJ2-7
CASSQAGSGYTF	TRBV4-1	TRBJ1-2
CATCNVGNTIYF	TRBV6-3	TRBJ1-3
CASSYGYEQYF	TRBV19	TRBJ2-7
CASSYGTGGNEQFF	TRBV6-3	TRBJ2-1
CASSQGLSYEQYF	TRBV4-1	TRBJ2-7
CASSDQREPAETQYF	TRBV2	TRBJ2-5
CASSPHSPGRYGYTF	TRBV7-2	TRBJ1-2
CATRGGLENEQFF	TRBV10-1	TRBJ2-1
CSARENTGELFF	TRBV20-1	TRBJ2-2
CASSSGPGAGGYGYTF	TRBV5-6	TRBJ1-2
CASSFGILTGVFYGYTF	TRBV7-6	TRBJ1-2
CASSEISGGSEQYF	TRBV10-2	TRBJ2-7
CASSPPTEETQYF	TRBV3-1	TRBJ2-5
CASSLAGGMDTEAFF	TRBV7-9	TRBJ1-1
CASSFNTEAFF	TRBV7-9	TRBJ1-1
CASSLSGGMNTEAFF	TRBV27	TRBJ1-1
CASSPMRGALLEQYF	TRBV5-1	TRBJ2-7
CASSGSDQAQHF	TRBV12-4	TRBJ1-5
CAISESITGFYEQYF	TRBV10-3	TRBJ2-7
CASSSDRNVYNSPLHF	TRBV6-3	TRBJ1-6
CASRRGTVYNEQFF	TRBV19	TRBJ2-1
CASSVTFGVARYEQFF	TRBV7-3	TRBJ2-1
CASSYRGDQETQYF	TRBV7-8	TRBJ2-5
CASSQTMTEGTPEKLFF	TRBV3-1	TRBJ1-4
CASSYSSTGDSEAFF	TRBV6-3	TRBJ1-1
CSARDPTGSSEKLFF	TRBV20-1	TRBJ1-4
CASSPDGRSGLETQYF	TRBV5-1	TRBJ2-5
CASSQEVLAGPRVDTQYF	TRBV4-3	TRBJ2-3
CASSYNRDVGRNEQFF	TRBV7-8	TRBJ2-1
CSAREPRGNTIYF	TRBV20-1	TRBJ1-3
CASSWGFGTEAFF	TRBV5-6	TRBJ1-1
CASSPGTFWNYGYTF	TRBV3-1	TRBJ1-2
CASSQEGQGGTEAFF	TRBV4-1	TRBJ1-1
CASGIALRQFF	TRBV19	TRBJ2-1
CASSASQFAEAFF	TRBV9	TRBJ1-1
CASSREWGSNQPQHF	TRBV2	TRBJ1-5
CAGGWGDEQFF	TRBV19	TRBJ2-1
CATSGLKETQYF	TRBV15	TRBJ2-5
CASSQTGLAYNSPLHF	TRBV4-3	TRBJ1-6
CASSLSFRAHNEQFF	TRBV27	TRBJ2-1
CASSLISLGNTIYF	TRBV7-9	TRBJ1-3
CASSPPTGTYYNEQFF	TRBV6-6	TRBJ2-1
CASSLGESGRAHEQFF	TRBV7-9	TRBJ2-1
CASSLLGGDTEAFF	TRBV27	TRBJ1-1
CASSHVVSGGSTDTQYF	TRBV4-1	TRBJ2-3
CASREGQAYGYTF	TRBV19	TRBJ1-2
CASSLRTSGSFTDTQYF	TRBV28	TRBJ2-3
CASSETSGPSYEQYF	TRBV11-3	TRBJ2-7
CASSVLVGGSYNEQFF	TRBV9	TRBJ2-1
CASSDSAGLALNEQFF	TRBV27	TRBJ2-1
CASSDWGQGYGYTF	TRBV6-1	TRBJ1-2
CASSGTSGRMTDTQYF	TRBV7-9	TRBJ2-3
CAWSVGVATNEKLFF	TRBV30	TRBJ1-4
CASSDFANSGNTIYF	TRBV6-1	TRBJ1-3
CASSQLSGGGTGELFF	TRBV3-1	TRBJ2-2
CASSPFAGSTDTQYF	TRBV4-1	TRBJ2-3
CATSRDPQDNSPLHF	TRBV15	TRBJ1-6
CASSPLDGEQFF	TRBV11-2	TRBJ2-1
CASSPWGREQFF	TRBV9	TRBJ2-1
CASSTVPAAPTDTQYF	TRBV7-9	TRBJ2-3
CASSYVPGRPETQYF	TRBV6-6	TRBJ2-5
CASSLVGAGELFF	TRBV7-2	TRBJ2-2
CASSWGLQGNTQYF	TRBV19	TRBJ2-3
CASSLGDMTNYGYTF	TRBV7-8	TRBJ1-2
CSARDHFSGGYTDTQYF	TRBV20-1	TRBJ2-3
CASSQERLTTNEKLFF	TRBV4-3	TRBJ1-4
CSVHVPMNTEAFF	TRBV29-1	TRBJ1-1
CASSLDPRGSSYNSPLHF	TRBV5-1	TRBJ1-6
CASSLGDTSYNEQFF	TRBV7-6	TRBJ2-1
CASGLAGVGELFF	TRBV12-5	TRBJ2-2
CASRQKNRDGYTF	TRBV6-5	TRBJ1-2
CASSLGVGDVQETQYF	TRBV7-6	TRBJ2-5
CASSKVWGTGRETYEQYF	TRBV19	TRBJ2-7
CASSPDSGAFWPHGYTF	TRBV7-9	TRBJ1-2
CASSPASGRYKGYGYTF	TRBV9	TRBJ1-2
CATSEGYTGELFF	TRBV24-1	TRBJ2-2
CASRQGPNYGYTF	TRBV6-5	TRBJ1-2
CASSEWSGNTGELFF	TRBV10-2	TRBJ2-2
CASSTTVTTTNEKLFF	TRBV9	TRBJ1-4
CASSPRGPAYGYTF	TRBV9	TRBJ1-2
CASSQEQGLAYIQYF	TRBV4-3	TRBJ2-4
CASSDIRGLGSNQPQHF	TRBV2	TRBJ1-5
CSARDIAGGTYNEQFF	TRBV20-1	TRBJ2-1
CASSLVLQRIYGYTF	TRBV12-4	TRBJ1-2
CASSHSGTGEYGYTF	TRBV4-3	TRBJ1-2
CATSDGLAGGYNEQFF	TRBV24-1	TRBJ2-1
CASSIGTGNTEAFF	TRBV19	TRBJ1-1
CASSLRGGTQYF	TRBV27	TRBJ2-3
CASSQTLGGSYGYTF	TRBV4-3	TRBJ1-2
CASSLMLAGTTDTQYF	TRBV27	TRBJ2-3
CASSQAGQRLAGALNPTQSYNEQFF	TRBV3-1	TRBJ2-1
CASSWTGGYEQYF	TRBV7-9	TRBJ2-7
CASSLSTDTQYF	TRBV5-4	TRBJ2-3
CASSVDTGFTEAFF	TRBV9	TRBJ1-1
CASSRGGGLYEQYF	TRBV4-1	TRBJ2-7
CASSWGPATLSHYGYTF	TRBV5-1	TRBJ1-2
CSARDFSGDVDTQYF	TRBV20-1	TRBJ2-3
CASSYLSSQGSGYTF	TRBV6-3	TRBJ1-2
CASSQDPHNEQFF	TRBV14	TRBJ2-1
CASSIIRESNYGYTF	TRBV7-8	TRBJ1-2
CASSAGGDIQYF	TRBV12-4	TRBJ2-4
CASSSRQSSTDTQYF	TRBV5-5	TRBJ2-3
CATTKDRGTGSYEQYF	TRBV15	TRBJ2-7
CASSLAADRVFGNTIYF	TRBV7-9	TRBJ1-3
CAWSVGIQNTEAFF	TRBV30	TRBJ1-1
CASRQNGWEGSTEAFF	TRBV12-4	TRBJ1-1
CASSFRGSNQPQHF	TRBV27	TRBJ1-5
CASSPNRANEQFF	TRBV3-1	TRBJ2-1
CASGLDMAGGELFF	TRBV12-5	TRBJ2-2
CASSESPSRGNQPQHF	TRBV10-2	TRBJ1-5
CASRQLALGETQYF	TRBV7-9	TRBJ2-5
CASSYASGRGGTQYF	TRBV12-4	TRBJ2-5
CATSRDRIGGDEQYF	TRBV15	TRBJ2-7
CASSPPSGRDDEKLFF	TRBV7-9	TRBJ1-4
CASRISRGSTDTQYF	TRBV4-1	TRBJ2-3
CASSIGTGGTEAFF	TRBV19	TRBJ1-1
CASSLALSYEQYF	TRBV7-6	TRBJ2-7
CASSLGGADEQFF	TRBV5-1	TRBJ2-1
CASSYGGTINSPLHF	TRBV7-8	TRBJ1-6
CASSPRMSPYEQYF	TRBV12-4	TRBJ2-7
CASSVNWAGPPQETQYF	TRBV9	TRBJ2-5
CASSATQGATEAFF	TRBV7-9	TRBJ1-1
CASSQVAGSGANVLTF	TRBV4-3	TRBJ2-6
CASSQQQGARSNQPQHF	TRBV4-1	TRBJ1-5
CASSPGTGAYEQYF	TRBV7-7	TRBJ2-7
CASSLLISQNTDTQYF	TRBV7-2	TRBJ2-3
CASSHGQFSLYEQYF	TRBV16	TRBJ2-7
CASGDQGLPGNTIYF	TRBV12-5	TRBJ1-3
CASSLGYEQYF	TRBV7-8	TRBJ2-7
CASSRQPSGNTIYF	TRBV3-1	TRBJ1-3
CSARAGTGNTGELFF	TRBV20-1	TRBJ2-2
CASSQILQGKDIQYF	TRBV7-9	TRBJ2-4
CASGTGGTRTMNTEAFF	TRBV5-1	TRBJ1-1
CASSIGAGNTIYF	TRBV19	TRBJ1-3
CASSEFDSQETQYF	TRBV25-1	TRBJ2-5
CATSRGAGFDEQYF	TRBV15	TRBJ2-7
CASSSGPEAFF	TRBV4-1	TRBJ1-1
CASSLGTGSMGETQYF	TRBV27	TRBJ2-5
CASSLLPGRITEAFF	TRBV7-3	TRBJ1-1
CASSSSFTSVTANYGYTF	TRBV7-9	TRBJ1-2
CASSPTPSGREHTQYF	TRBV7-9	TRBJ2-3
CASSLTPGQGIYGYTF	TRBV27	TRBJ1-2
CSVLRDTGELFF	TRBV29-1	TRBJ2-2
CASSVSGGITGELFF	TRBV9	TRBJ2-2
CASSQEEGTPNTEAFF	TRBV4-1	TRBJ1-1
CASSLSQGEAGANVLTF	TRBV7-9	TRBJ2-6
CASSLEGQRYTEAFF	TRBV5-1	TRBJ1-1
CASGPSAQETQYF	TRBV6-5	TRBJ2-5
CASSPRRASSYNEQFF	TRBV7-9	TRBJ2-1
CASRGGAGGAGGNEQFF	TRBV6-1	TRBJ2-1
CSARDMAGVASDEQFF	TRBV20-1	TRBJ2-1
CASSDSALRLEFF	TRBV6-4	TRBJ2-1
CASSHLYYDSSYGYTF	TRBV12-3	TRBJ1-2
CASSSLQSEPQHF	TRBV7-9	TRBJ1-5
CASSRGPGQGEETQYF	TRBV2	TRBJ2-5
CASRHSGVNQPQHF	TRBV27	TRBJ1-5
CASRDPGTTDYNEQFF	TRBV6-1	TRBJ2-1
CASSSDRVYTEAFF	TRBV5-4	TRBJ1-1
CASSFRQGLYEQYF	TRBV11-1	TRBJ2-7
CASSILRSADTQYF	TRBV19	TRBJ2-3
CASSLVPGPNGDYGYTF	TRBV12-4	TRBJ1-2
CASWTGDSNQPQHF	TRBV19	TRBJ1-5
CASSLKGVSSYEQYF	TRBV6-3	TRBJ2-7
CASSSREGAYNEQFF	TRBV27	TRBJ2-1
CASSSTGSPGELFF	TRBV7-9	TRBJ2-2
CASSMDRDYNSPLHF	TRBV12-4	TRBJ1-6
CASHGGGTEAFF	TRBV5-1	TRBJ1-1
CSVELAGSTDTQYF	TRBV29-1	TRBJ2-3
CASSVDGTYGETQYF	TRBV27	TRBJ2-5
CASSLLTGQGSGTQYF	TRBV27	TRBJ2-3
CASSFSGRATDTQYF	TRBV12-3	TRBJ2-3
CATRDGVEQFF	TRBV10-3	TRBJ2-1
CSASIPGQGVFQPQHF	TRBV20-1	TRBJ1-5
CASSFQGSPQETQYF	TRBV5-6	TRBJ2-5
CASSADRASDTIYF	TRBV4-3	TRBJ1-3
CASSVSSGGPEAFF	TRBV9	TRBJ1-1
CASSQDRSPSQPQHF	TRBV4-3	TRBJ1-5
CASSIGGNNEQYF	TRBV19	TRBJ2-7
CASSLGEGTNYGYTF	TRBV5-4	TRBJ1-2
CAISDYAGYNEQFF	TRBV10-3	TRBJ2-1
CASSPGPSSYNEQFF	TRBV12-4	TRBJ2-1
CASSAFRTDNTIENTEAFF	TRBV9	TRBJ1-1
CASSPGQGAPNEQFF	TRBV14	TRBJ2-1
CASSIGTAAEAFF	TRBV19	TRBJ1-1
CASSERTGMVAPLHF	TRBV6-1	TRBJ1-6
CASRGISGNTIYF	TRBV6-1	TRBJ1-3
CASSTLRVGGRTEAFF	TRBV6-1	TRBJ1-1
CASSELPPDEKLFF	TRBV25-1	TRBJ1-4
CASSYSAGGRVNEQFF	TRBV11-2	TRBJ2-1
CASTKDRSEAFF	TRBV7-9	TRBJ1-1
CSARERYEMGEQYF	TRBV20-1	TRBJ2-7
CASGTQNTIYF	TRBV7-6	TRBJ1-3
CASSSGLAGPYNEQFF	TRBV7-7	TRBJ2-1
CASSNSLPSGVSYNEQFF	TRBV7-9	TRBJ2-1
CASSTGLTHNEQFF	TRBV6-5	TRBJ2-1
CASGAPLAGRDNEQFF	TRBV12-4	TRBJ2-1
CASSPTGGGAYGYTF	TRBV7-8	TRBJ1-2
CASSVVVQPSTDTQYF	TRBV9	TRBJ2-3
CASSEFGRTNEKLFF	TRBV10-1	TRBJ1-4
CASSLLAEYEQYF	TRBV4-1	TRBJ2-7
CASKRQGTAFF	TRBV10-2	TRBJ1-1
CASRTTGAGDTEAFF	TRBV19	TRBJ1-1
CASSPMGGLAEAFF	TRBV12-4	TRBJ1-1
CASGSGGSGNTIYF	TRBV12-5	TRBJ1-3
CASSQEPGIWEQYF	TRBV4-2	TRBJ2-7
CSARDPGTNYGYTF	TRBV20-1	TRBJ1-2
CASSQVSTSPWAGPVSGNTIYF	TRBV3-1	TRBJ1-3
CASSEGWRDRPNEKLFF	TRBV2	TRBJ1-4
CAIGNSWRTNTGELFF	TRBV10-3	TRBJ2-2
CASSARGGDSYEQYF	TRBV2	TRBJ2-7
CASSRTGWGSGNTIYF	TRBV27	TRBJ1-3
CASSQVGGQPQHF	TRBV4-1	TRBJ1-5
CASSQHRATEAFF	TRBV5-1	TRBJ1-1
CASSQRLSGRRKNIQYF	TRBV4-1	TRBJ2-4
CASVSGNEAFF	TRBV5-1	TRBJ1-1
CASRGGQGYNEQFF	TRBV5-1	TRBJ2-1
CASSIQGPDEQYF	TRBV6-5	TRBJ2-7
CSVEDVVTGGPMNGYTF	TRBV29-1	TRBJ1-2
CSVADGPGDTQYF	TRBV29-1	TRBJ2-3
CASSWTGAFTDTQYF	TRBV19	TRBJ2-3
CASLKRGGSYNEQFF	TRBV27	TRBJ2-1
CASSRTGVSTDTQYF	TRBV2	TRBJ2-3
CAAMRVDQETQYF	TRBV30	TRBJ2-5
CASSLGVFEAFF	TRBV5-6	TRBJ1-1
CASSLDRGHEQYF	TRBV5-1	TRBJ2-7
CASSLPQGGYGDTQYF	TRBV12-4	TRBJ2-3
CSARDFSGSTDTQYF	TRBV20-1	TRBJ2-3
CASSQVLAGGPYEQYF	TRBV4-1	TRBJ2-7
CASSSTVYNEQFF	TRBV19	TRBJ2-1
CASSTDSYTGELFF	TRBV7-3	TRBJ2-2
CASSLIEASGGFEQFF	TRBV7-8	TRBJ2-1
CASSQDSGAGSPLHF	TRBV4-3	TRBJ1-6
CASSSTGTGDGYTF	TRBV9	TRBJ1-2
CASSSYGQGGYNEQFF	TRBV7-7	TRBJ2-1
CASSADPLGYGYTF	TRBV4-1	TRBJ1-2
CASSLNPQGIQPQHF	TRBV7-8	TRBJ1-5
CASSPNTGMETQYF	TRBV18	TRBJ2-5
CSASLGRSREQYF	TRBV20-1	TRBJ2-7
CASSSPGLANNEQFF	TRBV2	TRBJ2-1
CASSYISGTSGRTDTQYF	TRBV6-3	TRBJ2-3
CASSPGTGGFQPQHF	TRBV10-2	TRBJ1-5
CASSPPGGTGDRVGELFF	TRBV11-3	TRBJ2-2
CASSSGSYNEQFF	TRBV7-8	TRBJ2-1
CSVMGRSITDTQYF	TRBV29-1	TRBJ2-3
CAISDGQGVWTDTQYF	TRBV10-3	TRBJ2-3
CASSTGTSGVQPQHF	TRBV19	TRBJ1-5
CASSLAAGQQYF	TRBV11-3	TRBJ2-3
CASSSDPRNEQFF	TRBV12-4	TRBJ2-1
CASSQDDRRGSYNEQFF	TRBV4-3	TRBJ2-1
CASSSDSGVVADTQYF	TRBV7-9	TRBJ2-3
CASSLGYGYTF	TRBV7-8	TRBJ1-2
CSARDPRGDHNEQFF	TRBV20-1	TRBJ2-1
CASSLGAGGAGETQYF	TRBV12-4	TRBJ2-5
CASSLAASGPTGDEQFF	TRBV11-2	TRBJ2-1
CASSQVYEGYQPQHF	TRBV4-3	TRBJ1-5
CASSQDSASEYNEQFF	TRBV4-3	TRBJ2-1
CASSVAGGNEQFF	TRBV18	TRBJ2-1
CASSAGPFGDSGANVLTF	TRBV7-3	TRBJ2-6
CASSNSGRDEQFF	TRBV6-6	TRBJ2-1
CASSIRGDLNTEAFF	TRBV19	TRBJ1-1
CASSFGTGAQPQHF	TRBV5-6	TRBJ1-5
CASSVILGGGGYTF	TRBV19	TRBJ1-2
CASSIVVTGELFF	TRBV19	TRBJ2-2
CASRLGQGAHTGELFF	TRBV10-1	TRBJ2-2
CASSDRNAGTQYF	TRBV9	TRBJ2-5
CASSPGLAGGPDTGELFF	TRBV4-3	TRBJ2-2
CASSYFPLTSPNYGYTF	TRBV9	TRBJ1-2
CASSASGGSYEQYF	TRBV19	TRBJ2-7
CASSSTGGVANEQFF	TRBV7-2	TRBJ2-1
CASSQEARGRSNTGELFF	TRBV3-1	TRBJ2-2
CASSQSFDRRETQYF	TRBV4-3	TRBJ2-5
CASHFLRDDNEKLFF	TRBV6-6	TRBJ1-4
CASSSTGYPQYF	TRBV7-8	TRBJ2-5
CASSYSYEQYF	TRBV6-5	TRBJ2-7
CASSETSGQETQYF	TRBV5-6	TRBJ2-5
CSASMRGTNTGELFF	TRBV20-1	TRBJ2-2
CASSPTSGNTEAFF	TRBV7-9	TRBJ1-1
CASSTTMNTEAFF	TRBV7-7	TRBJ1-1
CSATARGGTSGGKSYEQYF	TRBV20-1	TRBJ2-7
CASSEEGVAGVFNEQFF	TRBV6-1	TRBJ2-1
CSARDRLAGAPYEQYF	TRBV20-1	TRBJ2-7
CASSVTSGGLETQYF	TRBV7-2	TRBJ2-5
CASSNSPTEAFF	TRBV6-1	TRBJ1-1
CASNHGTGATEAFF	TRBV27	TRBJ1-1
CASNSGLGTEAFF	TRBV7-9	TRBJ1-1
CSASDTVDLAGELFF	TRBV20-1	TRBJ2-2
CASSLLAGSDEQFF	TRBV19	TRBJ2-1
CASSMGTGFFMNTEAFF	TRBV19	TRBJ1-1
CASGRPGDTEAFF	TRBV27	TRBJ1-1
CATEVGGLAEAFF	TRBV19	TRBJ1-1
CASSLVEGRNEQFF	TRBV5-4	TRBJ2-1
CASSSPTILTDTQYF	TRBV12-4	TRBJ2-3
CASSTEPGLNTEAFF	TRBV19	TRBJ1-1
CSARGGTEIPYEQYF	TRBV20-1	TRBJ2-7
CSARDLDRDGTDTQYF	TRBV20-1	TRBJ2-3
CASSFDTPPVYGYTF	TRBV19	TRBJ1-2
CASSSSLGPYGYTF	TRBV7-2	TRBJ1-2
CASSEPQTSNEQYF	TRBV10-2	TRBJ2-7
CASSLPAGRVSAGELFF	TRBV11-3	TRBJ2-2
CASRAARGLLRLAGYTF	TRBV5-8	TRBJ1-2
CASSFWTGGTDTQYF	TRBV6-3	TRBJ2-3
CASSDSLGDRGSYEQYF	TRBV7-9	TRBJ2-7
CASISTEAFF	TRBV19	TRBJ1-1
CASSYTGGDTEAFF	TRBV5-6	TRBJ1-1
CASSYATGDADTQYF	TRBV6-5	TRBJ2-3
CASSENGQGGQYF	TRBV9	TRBJ2-7
CASSLADGGGYNEQFF	TRBV7-9	TRBJ2-1
CASSPTDGGYYGYTF	TRBV4-3	TRBJ1-2
CASSGRDRYYEQYF	TRBV2	TRBJ2-7
CASSMTPLGEDTQYF	TRBV19	TRBJ2-3
CASSFGGQLYEQYF	TRBV27	TRBJ2-7
CASSMGWGPAFF	TRBV19	TRBJ1-1
CASSPSVGPASYEQYF	TRBV4-1	TRBJ2-7
CASSLRDSQETQYF	TRBV27	TRBJ2-5
CASSPPPSGAKEGVRAGNTIYF	TRBV3-1	TRBJ1-3
CASSLQQGVYEQYF	TRBV7-6	TRBJ2-7
CASSVGGAGGTESYEQYF	TRBV9	TRBJ2-7
CASSQGTGSKNIQYF	TRBV4-3	TRBJ2-4
CASSWVLAGTDETQYF	TRBV4-1	TRBJ2-5
CASSDRTEAFF	TRBV11-1	TRBJ1-1
CASRGPVETQYF	TRBV11-2	TRBJ2-5
CASSAGTEFDSNQPQHF	TRBV3-1	TRBJ1-5
CASSQYPGETDTQYF	TRBV4-1	TRBJ2-3
CASSLGGGGKYTGELFF	TRBV7-9	TRBJ2-2
CATSRDLMDRVSDTQYF	TRBV15	TRBJ2-3
CASSQDRGFEKLFF	TRBV4-1	TRBJ1-4
CASSLGSRPGYTF	TRBV7-8	TRBJ1-2
CASSIGAGGYNEQFF	TRBV19	TRBJ2-1
CASSQDRSGGGATQYF	TRBV4-1	TRBJ2-5
CASSGGTNPGELFF	TRBV19	TRBJ2-2
CASSLGQGGTEAFF	TRBV19	TRBJ1-1
CASSIVPAETQYF	TRBV19	TRBJ2-5
CSARDRDTEAFF	TRBV20-1	TRBJ1-1
CASSLKRYEQFF	TRBV12-4	TRBJ2-1
CASSLEGGLAAYNEQFF	TRBV7-9	TRBJ2-1
CASSLLAGTSYEQYF	TRBV7-3	TRBJ2-7
CASSPEAGNMNTEAFF	TRBV18	TRBJ1-1
CASSFGGVDGYTF	TRBV27	TRBJ1-2
CASSYSYGYTF	TRBV6-3	TRBJ1-2
CASSPGTGGRTEAFF	TRBV19	TRBJ1-1
CASSEAAENQPQHF	TRBV2	TRBJ1-5
CASSPSAGVPYNEQFF	TRBV2	TRBJ2-1
CASSQVLEGETQYF	TRBV4-1	TRBJ2-5
CASSFAGGSYNEQFF	TRBV7-2	TRBJ2-1
CASSPIQDTEAFF	TRBV7-9	TRBJ1-1
CASSADRAYGYTF	TRBV5-5	TRBJ1-2
CASSHATGGTNTEAFF	TRBV4-1	TRBJ1-1
CASSNGGAQETQYF	TRBV5-6	TRBJ2-5
CASSQDGGSYEQYF	TRBV3-1	TRBJ2-7
CASSQDLQETSPYGYTF	TRBV4-1	TRBJ1-2
CASSWTGGMWPQHF	TRBV27	TRBJ1-5
CASSSSRGQGTQETQYF	TRBV12-4	TRBJ2-5
CATSDRTSGRAKETQYF	TRBV24-1	TRBJ2-5
CASSLMGGANTEAFF	TRBV7-3	TRBJ1-1
CASEVNTEAFF	TRBV6-6	TRBJ1-1
CASRGDRGSNQPQHF	TRBV6-1	TRBJ1-5
CASSPPSGRAYEQFF	TRBV7-9	TRBJ2-1
CASSGDNTGELFF	TRBV6-4	TRBJ2-2
CASSARQGQETQYF	TRBV5-6	TRBJ2-5
CASSEVGPTYEQYF	TRBV7-6	TRBJ2-7
CASSLDDRKETQYF	TRBV5-4	TRBJ2-5
CASRPGQLSEQYF	TRBV27	TRBJ2-7
CASSQLNTYGYTF	TRBV12-4	TRBJ1-2
CASSYAGQHQETQYF	TRBV13	TRBJ2-5
CATSSRYLSGRTNTGELFF	TRBV15	TRBJ2-2
CASSSRDLDGSGANVLTF	TRBV27	TRBJ2-6
CASSVLAGGSTDTQYF	TRBV9	TRBJ2-3
CASSQAVAGYYGYTF	TRBV4-2	TRBJ1-2
CASSLSPPPDEQFF	TRBV4-1	TRBJ2-1
CASSQDRGPANEQFF	TRBV4-1	TRBJ2-1
CASSLWERGASYNEQFF	TRBV7-6	TRBJ2-1
CASSQEGPGRGSEKLFF	TRBV4-1	TRBJ1-4
CATSRANRDGYTF	TRBV15	TRBJ1-2
CASSSGTYYNEQFF	TRBV27	TRBJ2-1
CASSPGTGPYEQYF	TRBV5-6	TRBJ2-7
CASSIELQGGTGELFF	TRBV19	TRBJ2-2
CAWSVSGATDEQFF	TRBV30	TRBJ2-1
CASSPGSDVGLYEQYF	TRBV9	TRBJ2-7
CASSQVALGTSHNEQFF	TRBV3-1	TRBJ2-1
CASSSVNSNQPQHF	TRBV7-9	TRBJ1-5
CSAVTVYGYTF	TRBV29-1	TRBJ1-2
CASSQSGVGNEQFF	TRBV16	TRBJ2-1
CSVPGGMNTEAFF	TRBV29-1	TRBJ1-1
CASSGRQGDEAFF	TRBV9	TRBJ1-1
CAWSLGTLSNEQFF	TRBV30	TRBJ2-1
CASSSGLAGAGEQFF	TRBV9	TRBJ2-1
CASSQEFGGRGLEETQYF	TRBV4-3	TRBJ2-5
CASSIGAGDEQFF	TRBV19	TRBJ2-1
CASTQRAGGRIEQFF	TRBV6-5	TRBJ2-1
CASSGTGTSAFATNEKLFF	TRBV5-1	TRBJ1-4
CASRGQGAQPQHF	TRBV6-3	TRBJ1-5
CASGFGGMNTEAFF	TRBV2	TRBJ1-1
CASSIGVHEQYF	TRBV19	TRBJ2-7
CASSVGTALDSYNEQFF	TRBV9	TRBJ2-1
CASSIGFRMNTEAFF	TRBV19	TRBJ1-1
CASSEGTGAGAEAFF	TRBV5-1	TRBJ1-1
CASSQVLAGTDTQYF	TRBV19	TRBJ2-3
CASSPWSIWVAGSSYEQYF	TRBV7-3	TRBJ2-7
CASSPSYNEQFF	TRBV27	TRBJ2-1
CASSFWTDTGELFF	TRBV7-9	TRBJ2-2
CASSPGTGASGYTF	TRBV27	TRBJ1-2
CASSEVFGANTEAFF	TRBV6-1	TRBJ1-1
CASTLGSGSSYEQYF	TRBV11-2	TRBJ2-7
CASSQEYASDTGELFF	TRBV4-3	TRBJ2-2
CASSPAGFSGNTIYF	TRBV4-1	TRBJ1-3
CASSDSLNTEAFF	TRBV9	TRBJ1-1
CASSPRGRRDTEAFF	TRBV18	TRBJ1-1
CASSLETENYGYTF	TRBV5-1	TRBJ1-2
CASSSARGGRDIQYF	TRBV7-9	TRBJ2-4
CASSQVGQRGGLLNEQFF	TRBV4-2	TRBJ2-1
CASSITGLGTEAFF	TRBV19	TRBJ1-1
CASSSRGYNEQFF	TRBV7-6	TRBJ2-1
CSARPNKLAGGYEQYF	TRBV20-1	TRBJ2-7
CASSFLLPRGSLTDTQYF	TRBV5-6	TRBJ2-3
CASSLDRTGGTGELFF	TRBV7-9	TRBJ2-2
CSARVVWTAMGYGYTF	TRBV20-1	TRBJ1-2
CASSYADTQYF	TRBV6-5	TRBJ2-3
CASSLADRNTEAFF	TRBV5-1	TRBJ1-1
CASSIDRGGNTEAFF	TRBV19	TRBJ1-1
CASSIWTSDQPQHF	TRBV19	TRBJ1-5
CASSKLAGGPDEQFF	TRBV7-9	TRBJ2-1
CATSDSVKPYEQYF	TRBV15	TRBJ2-7
CASPLPGQGTAFF	TRBV13	TRBJ1-1
CASSLVPSGSIDNEQFF	TRBV7-2	TRBJ2-1
CASSPTGPETQYF	TRBV9	TRBJ2-5
CATLGGQGADQPQHF	TRBV10-3	TRBJ1-5
CSARAPLTGNGGYTF	TRBV20-1	TRBJ1-2
CASRRRGGVTEAFF	TRBV11-3	TRBJ1-1
CASSETGGPNEKLFF	TRBV12-4	TRBJ1-4
CASSALGESQETQYF	TRBV2	TRBJ2-5
CASSMETQYF	TRBV19	TRBJ2-5
CASSQPTTSYQETQYF	TRBV3-1	TRBJ2-5
CASSLAGGNNEQFF	TRBV27	TRBJ2-1
CASADVPYTGCNQPQHF	TRBV6-1	TRBJ1-5
CASWWFVQTSGSYNSPLHF	TRBV6-6	TRBJ1-6
CASSWEGSYEQYF	TRBV7-7	TRBJ2-7
CASSLTGGVHNSPLHF	TRBV6-4	TRBJ1-6
CAILGNSGTEAFF	TRBV10-3	TRBJ1-1
CASSLGEGHMNTEAFF	TRBV11-2	TRBJ1-1
CASSEHMGGQGRVYGYTF	TRBV25-1	TRBJ1-2
CASSPGSTEAFF	TRBV7-8	TRBJ1-1
CASSLTGTSYNEQFF	TRBV7-9	TRBJ2-1
CASRPPVRSDEQFF	TRBV7-9	TRBJ2-1
CASSQVAGGITGELFF	TRBV14	TRBJ2-2
CATSRVVGVDQPQHF	TRBV15	TRBJ1-5
CASSFLNTGELFF	TRBV12-4	TRBJ2-2
CASTNDGLSSYNSPLHF	TRBV7-9	TRBJ1-6
CASSDNREWETQYF	TRBV6-3	TRBJ2-5
CATSTLAGADTGELFF	TRBV15	TRBJ2-2
CASSGRGTGGTGELFF	TRBV6-1	TRBJ2-2
CASSLMVAGSSGNTIYF	TRBV7-9	TRBJ1-3
CASSLVLAGGEQYF	TRBV11-2	TRBJ2-7
CASGSSGGAGYGYTF	TRBV12-5	TRBJ1-2
CASGGRNQETQYF	TRBV6-6	TRBJ2-5
CASSRAGRTDTQYF	TRBV19	TRBJ2-3
CATSVGRGAQETQYF	TRBV24-1	TRBJ2-5
CSAREIAGRTNEQFF	TRBV20-1	TRBJ2-1
CASSVTDRIRNTIYF	TRBV12-4	TRBJ1-3
CASSQGVGLAGAPSTDTQYF	TRBV4-1	TRBJ2-3
CASSPTNGDGYTF	TRBV7-9	TRBJ1-2
CSVHDLGGVNTEAFF	TRBV29-1	TRBJ1-1
CASSPGPNSPLHF	TRBV5-6	TRBJ1-6
CASHPGTSGSESGELFF	TRBV4-2	TRBJ2-2
CASSKTGSGSYEQYF	TRBV4-1	TRBJ2-7
CASRPVSSYNSPLHF	TRBV11-2	TRBJ1-6
CASSQEPGVGWNEQFF	TRBV4-1	TRBJ2-1
CASRTGLASTDTQYF	TRBV6-6	TRBJ2-3
CASSPTENQPQHF	TRBV28	TRBJ1-5
CASSTTGTGANGYTF	TRBV19	TRBJ1-2
CASGDRGWDQPQHF	TRBV27	TRBJ1-5
CASSLGLAGSSYEQYF	TRBV5-4	TRBJ2-7
CASSFWGSGRDTQYF	TRBV7-2	TRBJ2-3
CASRSGQDYGYTF	TRBV11-2	TRBJ1-2
CSAMTSGSSYEQYF	TRBV20-1	TRBJ2-7
CASSARGALAGGSYEQYF	TRBV7-2	TRBJ2-7
CASRRLAGGSRETQYF	TRBV28	TRBJ2-5
CASSQVIGRGYEQYF	TRBV4-1	TRBJ2-7
CASSLATVSYEQYF	TRBV28	TRBJ2-7
CASRAGGNTGELFF	TRBV12-5	TRBJ2-2
CASSTPGQGAGEQFF	TRBV6-5	TRBJ2-1
CASSFGQGNEQYF	TRBV5-6	TRBJ2-7
CASTNGSFGEQYF	TRBV12-4	TRBJ2-7
CATSEGTYEQYF	TRBV24-1	TRBJ2-7
CAWKNLFPRTDTQYF	TRBV30	TRBJ2-3
CATEASNTGELFF	TRBV9	TRBJ2-2
CASSSPGENTGELFF	TRBV13	TRBJ2-2
CAWASGGYEQYF	TRBV30	TRBJ2-7
CASSHTSADEQFF	TRBV4-3	TRBJ2-1
CASRVSGSLSYNEQFF	TRBV27	TRBJ2-1
CASSANTGELFF	TRBV6-3	TRBJ2-2
CASSQGGADTQYF	TRBV4-2	TRBJ2-3
CASSNDPGLAGVETQYF	TRBV10-2	TRBJ2-5
CASSLRTLQETQYF	TRBV7-9	TRBJ2-5
CASSQQAGTDSYEQYF	TRBV3-1	TRBJ2-7
CASSGTPGNTIYF	TRBV12-4	TRBJ1-3
CASSQGTGPVGTGELFF	TRBV4-3	TRBJ2-2
CASSKLGSEQYF	TRBV13	TRBJ2-7
CSVDLRGPGHGYTF	TRBV29-1	TRBJ1-2
CASTGGGLNEQFF	TRBV12-3	TRBJ2-1
CASSLGDRAGANVLTF	TRBV12-3	TRBJ2-6
CASRRQMMNTEAFF	TRBV13	TRBJ1-1
CASSPNSNQPQHF	TRBV7-6	TRBJ1-5
CASSPRGVTEAFF	TRBV7-9	TRBJ1-1
CASSEDTGELFF	TRBV9	TRBJ2-2
CASSLWRNTEAFF	TRBV28	TRBJ1-1
CASSQDRGSTEAFF	TRBV4-3	TRBJ1-1
CSVSRRYGYTF	TRBV29-1	TRBJ1-2
CATSSRAADEAFF	TRBV15	TRBJ1-1
CASSPRTSHNEQFF	TRBV5-5	TRBJ2-1
CASSLALGDGAYNEQFF	TRBV7-8	TRBJ2-1
CASSSGDRGLYEQYF	TRBV28	TRBJ2-7
CASSQQETQYF	TRBV4-1	TRBJ2-5
CASSQGYNTDTQYF	TRBV3-1	TRBJ2-3
CASSLDMRTSNEQFF	TRBV11-3	TRBJ2-1
CAISRTGGSNTEAFF	TRBV10-3	TRBJ1-1
CASSPAHTGELFF	TRBV13	TRBJ2-2
CASRPWDLGLDLAKNIQYF	TRBV7-9	TRBJ2-4
CASRFSPGENTEAFF	TRBV10-1	TRBJ1-1
CASNAGTGHPNEKLFF	TRBV2	TRBJ1-4
CASSQGTATYNSPLHF	TRBV4-3	TRBJ1-6
CASSPSGSGNEQFF	TRBV9	TRBJ2-1
CASSFGPGWGNPSSYNEQFF	TRBV12-4	TRBJ2-1
CASSSRTGYDGYTF	TRBV28	TRBJ1-2
CASSSPGTALSGELFF	TRBV12-4	TRBJ2-2
CASSLTSVYNEQFF	TRBV19	TRBJ2-1
CASSMWGLLNTEAFF	TRBV19	TRBJ1-1
CASRRSGLAPAGELFF	TRBV4-3	TRBJ2-2
CSARDNRGLGYEQYF	TRBV20-1	TRBJ2-7
CASSLSDRASEQYF	TRBV4-1	TRBJ2-7
CSVPIMGYEQYF	TRBV20-1	TRBJ2-7
CASSPTDSYEQYF	TRBV5-1	TRBJ2-7
CSVVLRGEDEQYF	TRBV29-1	TRBJ2-7
CASSLGQTGSYEQYF	TRBV7-9	TRBJ2-7
CASSLTLPSGGKETQYF	TRBV28	TRBJ2-5
CASSQARHEQYF	TRBV3-1	TRBJ2-7
CATSPGGGRDLYEQYF	TRBV15	TRBJ2-7
CASSPETSGDSPLHF	TRBV5-6	TRBJ1-6
CASSFSGDTEAFF	TRBV13	TRBJ1-1
CASSAVLFGTEGDTQYF	TRBV5-4	TRBJ2-3
CSANVRQSNTGELFF	TRBV20-1	TRBJ2-2
CASSLAGAKEAFF	TRBV7-8	TRBJ1-1
CASSYSGSGELFF	TRBV6-3	TRBJ2-2
CASSPRLAFSSSYNEQFF	TRBV27	TRBJ2-1
CASSFTTGGNQPQHF	TRBV28	TRBJ1-5
CASSLSESSYNEQFF	TRBV7-9	TRBJ2-1
CSARDWDYEQYF	TRBV20-1	TRBJ2-7
CATSDRLAGGELFF	TRBV24-1	TRBJ2-2
CASSDGTGSFYEQYF	TRBV6-1	TRBJ2-7
CSARGGGNTGELFF	TRBV20-1	TRBJ2-2
CASNLRTGGTDTQYF	TRBV5-1	TRBJ2-3
CASSGTGVVPTEQYF	TRBV7-9	TRBJ2-7
CASSRSRGLEHYEQYF	TRBV27	TRBJ2-7
CASSVGFSSGRGETQYF	TRBV9	TRBJ2-5
CASSFGVSTDTQYF	TRBV27	TRBJ2-3
CASSYPNTGELFF	TRBV6-5	TRBJ2-2
CASSEGPLTGPYEQYF	TRBV6-1	TRBJ2-7
CASSPTQGAVNEQYF	TRBV7-6	TRBJ2-7
CSVPITGAGGVGELFF	TRBV29-1	TRBJ2-2
CASSLWGNQPQHF	TRBV7-9	TRBJ1-5
CASSLPDRGSRFGFF	TRBV7-9	TRBJ1-1
CASRAGEHFYEQYF	TRBV5-5	TRBJ2-7
CASRPTSGGQADTQYF	TRBV28	TRBJ2-3
CASSEQGSSEAFF	TRBV10-2	TRBJ1-1
CASRVAAKANRETQYF	TRBV10-2	TRBJ2-5
CASSTAWTSGSYEQFF	TRBV19	TRBJ2-1
CASSILAGSNEQYF	TRBV4-1	TRBJ2-7
CASSYSQIVRGSGRQETQYF	TRBV6-3	TRBJ2-5
CASSPGTGANIQYF	TRBV27	TRBJ2-4
CASRLTGDNEQFF	TRBV6-3	TRBJ2-1
CASSLDYSRSSEAFF	TRBV5-1	TRBJ1-1
CASSPEGKSNQPQHF	TRBV9	TRBJ1-5
CASSLASLAGNVDTQYF	TRBV5-1	TRBJ2-3
CASSFGNEQFF	TRBV12-4	TRBJ2-1
CASSQDRGGQETQYF	TRBV4-2	TRBJ2-5
CASSLGVLTEAFF	TRBV5-6	TRBJ1-1
CASSLAAGFSYEQYF	TRBV27	TRBJ2-7
CATSRGADSYNEQFF	TRBV15	TRBJ2-1
CAWSGGTSYNSPLHF	TRBV30	TRBJ1-6
CASSLTLNTEAFF	TRBV12-4	TRBJ1-1
CASSESYEQYF	TRBV2	TRBJ2-7
CASSSPGGEQFF	TRBV12-3	TRBJ2-1
CASSVGSGTAYEQYF	TRBV9	TRBJ2-7
CASSLGVEGMNTEAFF	TRBV12-4	TRBJ1-1
CASSLDRDVAYEQYF	TRBV7-9	TRBJ2-7
CASSFEQGNSPLHF	TRBV11-2	TRBJ1-6
CASSYGMGTEAFF	TRBV6-3	TRBJ1-1
CASSLGPLAEPNNEQFF	TRBV5-1	TRBJ2-1
CASSLGQDKEAQYF	TRBV12-4	TRBJ2-5
CASSEGWARNNEQFF	TRBV6-1	TRBJ2-1
CASSPTSPTATDTQYF	TRBV27	TRBJ2-3
CASSESLGATYEQYF	TRBV2	TRBJ2-7
CASSPQEGETQYF	TRBV12-3	TRBJ2-5
CASSEDSSGEQYF	TRBV5-8	TRBJ2-7
CSADSGELSYEQYF	TRBV20-1	TRBJ2-7
CASSHTGTSGSVEPDTQYF	TRBV14	TRBJ2-3
CASSLEGRVYSDTQYF	TRBV5-1	TRBJ2-3
CASARQDYNEQFF	TRBV6-3	TRBJ2-1
CASSVFDWASGRTGELFF	TRBV9	TRBJ2-2
CASSPHRSLSEINNYGYTF	TRBV7-2	TRBJ1-2
CASSLPGNQPQHF	TRBV12-4	TRBJ1-5
CASSFWSGTQETQYF	TRBV11-2	TRBJ2-5
CASTIGAATGPGELFF	TRBV27	TRBJ2-2
CSVEGGDRGYEQYF	TRBV29-1	TRBJ2-7
CSVVGNYGYTF	TRBV29-1	TRBJ1-2
CASSLAGVANQPQHF	TRBV7-2	TRBJ1-5
CSARDRQDYGYTF	TRBV20-1	TRBJ1-2
CASSQDPYPLYEQYF	TRBV14	TRBJ2-7
CSAPNPNTGELFF	TRBV20-1	TRBJ2-2
CASSLAADYEQYF	TRBV5-1	TRBJ2-7
CASSILNTDTQYF	TRBV19	TRBJ2-3
CASSSRDSGGAGETQYF	TRBV13	TRBJ2-5
CASSPQGRNEQFF	TRBV5-6	TRBJ2-1
CASSLKGDGEQYF	TRBV7-9	TRBJ2-7
CASSLGSGGYNEQFF	TRBV7-9	TRBJ2-1
CASSLKAGGYNEQFF	TRBV7-3	TRBJ2-1
CSVEGPSSGANVLTF	TRBV29-1	TRBJ2-6
CASSPPGDGYTF	TRBV25-1	TRBJ1-2
CASRYGQPHSYEQYF	TRBV5-5	TRBJ2-7
CASSLTGLAGAEQYF	TRBV27	TRBJ2-7
CASSLSRREGHEQFF	TRBV27	TRBJ2-1
CASSQVSLTGGYEQYF	TRBV3-1	TRBJ2-7
CASSPLPRLAGEETQYF	TRBV7-8	TRBJ2-5
CASSNGDEQYF	TRBV4-1	TRBJ2-7
CAITPGGSTEAFF	TRBV10-3	TRBJ1-1
CSAKGQSISNQPQHF	TRBV20-1	TRBJ1-5
CASSYSGAAETSRNEQFF	TRBV6-6	TRBJ2-1
CSARGIFDNSDTQYF	TRBV20-1	TRBJ2-3
CASSLGTSNTGELFF	TRBV13	TRBJ2-2
CASSPGTGAHEQYF	TRBV12-3	TRBJ2-7
CASSLTPLKNNEQFF	TRBV7-9	TRBJ2-1
CASRTSGNEQFF	TRBV12-4	TRBJ2-1
CSARGPRGAGDYSNQPQHF	TRBV20-1	TRBJ1-5
CSAPARSEPYEQYF	TRBV20-1	TRBJ2-7
CASSLREGSPLHF	TRBV11-2	TRBJ1-6
CASSYPRQGHPYEQYF	TRBV28	TRBJ2-7
CASSLATGLAGTYEQYF	TRBV5-4	TRBJ2-7
CASSEGGEQFF	TRBV2	TRBJ2-1
CASSEALVPTWYTEAFF	TRBV2	TRBJ1-1
CSVSWDEGYEQYF	TRBV29-1	TRBJ2-7
CASSPQYRDKNNEQFF	TRBV14	TRBJ2-1
CASSYSGYGGYTF	TRBV6-5	TRBJ1-2
CASTSLAGSRNEQFF	TRBV12-3	TRBJ2-1
CASRDSYEQYF	TRBV6-1	TRBJ2-7
CASSITWTGNMNTEAFF	TRBV19	TRBJ1-1
CASSGTRADTQYF	TRBV11-2	TRBJ2-3
CASSFVGQGGTEAFF	TRBV28	TRBJ1-1
CASSGGAVNEQFF	TRBV19	TRBJ2-1
CASSLIGTRDTSYEQYF	TRBV27	TRBJ2-7
CASSHPASGQFF	TRBV4-2	TRBJ2-1
CASSLEYGDIEAFF	TRBV11-2	TRBJ1-1
CASSHDIGNEQFF	TRBV4-1	TRBJ2-1
CATRGVYEQFF	TRBV4-3	TRBJ2-1
CASSQDGLAGDNEQFF	TRBV3-1	TRBJ2-1
CASSMSGANVLTF	TRBV19	TRBJ2-6
CASSSATGAYEQYF	TRBV7-8	TRBJ2-7
CAWSADRAYEQYF	TRBV30	TRBJ2-7
CASSLQAGDGSYEQYF	TRBV7-8	TRBJ2-7
CASSFDSGGLGAQYF	TRBV28	TRBJ2-5
CSARAGGGATEAFF	TRBV20-1	TRBJ1-1
CASSLKVGGQGVSEQYF	TRBV5-1	TRBJ2-7
CASYHRERANYGYTF	TRBV19	TRBJ1-2
CASSSSGPQTDTQYF	TRBV27	TRBJ2-3
CASSFPGSTGELFF	TRBV13	TRBJ2-2
CSVDASGGYNEQFF	TRBV29-1	TRBJ2-1
CASSFTGARTDTQYF	TRBV27	TRBJ2-3
CASSESDRAKETQYF	TRBV25-1	TRBJ2-5
CASGLDNVMTGYEQYF	TRBV12-5	TRBJ2-7
CASNPTGVGDEKLFF	TRBV11-2	TRBJ1-4
CASRPRKTWSNQPQHF	TRBV28	TRBJ1-5
CATSRDARVTEAFF	TRBV15	TRBJ1-1
CASSYPEGETQYF	TRBV12-3	TRBJ2-5
CASSMQGKLYEQYF	TRBV3-1	TRBJ2-7
CASSLRDTRNSLHF	TRBV19	TRBJ1-6
CASSLAPSGGDEQYF	TRBV7-2	TRBJ2-7
CASSLEGSGVTGKLFF	TRBV12-4	TRBJ1-4
CASSGGNILDGYTF	TRBV6-1	TRBJ1-2
CASSLVGGVEYF	TRBV13	TRBJ2-7
CASSQGGDGSYEQYF	TRBV4-1	TRBJ2-7
CSADRPSAVEQFF	TRBV29-1	TRBJ2-1
CASSFRGENQPQHF	TRBV13	TRBJ1-5
CASSQDQASPYEQYF	TRBV4-1	TRBJ2-7
CASSPDYLAGGHFNTGELFF	TRBV7-9	TRBJ2-2
CASSLSQEAGISPLHF	TRBV5-5	TRBJ1-6
CASSPRTDYGYTF	TRBV27	TRBJ1-2
CASGAGTEAFF	TRBV19	TRBJ1-1
CASSLRGSGYTF	TRBV11-2	TRBJ1-2
CASSTGGAWNEQFF	TRBV9	TRBJ2-1
CASSQDGALAGGSSYEQYF	TRBV4-2	TRBJ2-7
CASSPTGNMGNTIYF	TRBV6-5	TRBJ1-3
CASSFESVGIKSSYNSPLHF	TRBV5-5	TRBJ1-6
CASMTSGRTGELFF	TRBV2	TRBJ2-2
CASSGGLAVGNPGSYNEQFF	TRBV2	TRBJ2-1
CAIRGAGGSRRDEQFF	TRBV6-3	TRBJ2-1
CASSLSGQPQHF	TRBV12-3	TRBJ1-5
CAWREGGSEAFF	TRBV30	TRBJ1-1
CASSPRKRGFYEQYF	TRBV28	TRBJ2-7
CSARDSGRAGGPYEQYF	TRBV20-1	TRBJ2-7
CASSFWGRNVDTQYF	TRBV11-2	TRBJ2-3
CASSGTESYEQYF	TRBV5-1	TRBJ2-7
CASSASGGAPTYNEQFF	TRBV10-2	TRBJ2-1
CASSLERGEQYF	TRBV13	TRBJ2-7
CASSTGTGNNEQFF	TRBV27	TRBJ2-1
CASSLDYSRSTEAFF	TRBV5-1	TRBJ1-1
CAYPGLYGYTF	TRBV30	TRBJ1-2
CASSIYVFGRGHYNEQFF	TRBV19	TRBJ2-1
CAISDVSRGPNYGYTF	TRBV10-3	TRBJ1-2
CASSSYSTDTQYF	TRBV7-3	TRBJ2-3
CASSEVWVGVNQNEQYF	TRBV6-1	TRBJ2-7
CSASGASESYEQYF	TRBV20-1	TRBJ2-7
CASGGQYNEQFF	TRBV10-2	TRBJ2-1
CASSPTPSEQFF	TRBV13	TRBJ2-1
CASSLGLGGDTQYF	TRBV28	TRBJ2-3
CASSLAHTYEQYF	TRBV11-1	TRBJ2-7
CASSLTDRGLDEQYF	TRBV7-2	TRBJ2-7
CASSPQGVVGNEQFF	TRBV27	TRBJ2-1
CASSLPSEDNQETQYF	TRBV6-3	TRBJ2-5
CAWSEDLVSQYF	TRBV30	TRBJ2-5
CASSLTEFTDTQYF	TRBV7-6	TRBJ2-3
CASGTEAFF	TRBV6-1	TRBJ1-1
CASGLGGSNEQFF	TRBV12-5	TRBJ2-1
CASTGAGEGPFF	TRBV9	TRBJ1-1
CAISDPRDSYEQYF	TRBV10-3	TRBJ2-7
CAISEWDSPTLNSPLHF	TRBV10-3	TRBJ1-6
CASSRDFYAYNEQFF	TRBV7-3	TRBJ2-1
CASKRTATYEQYF	TRBV28	TRBJ2-7
CASSEDGMNTEAFF	TRBV10-2	TRBJ1-1
CASSKQGGNIQYF	TRBV6-5	TRBJ2-4
CAWSVPLGRREKLFF	TRBV30	TRBJ1-4
CALSVWGLNYGYTF	TRBV19	TRBJ1-2
CASTGGPGYGAQYF	TRBV19	TRBJ2-5
CANTGAGDRVIYNEQFF	TRBV30	TRBJ2-1
CASSRGTAGETEAFF	TRBV4-1	TRBJ1-1
CASRQNTEAFF	TRBV3-1	TRBJ1-1
CASRALLGSGETQYF	TRBV27	TRBJ2-5
CASTRLLGSADTQYF	TRBV27	TRBJ2-3
CASSLFPSGMDHEQYF	TRBV27	TRBJ2-7
CSAPVPPYNEQFF	TRBV20-1	TRBJ2-1
CATSRDLDNGRQFF	TRBV15	TRBJ2-1
CAIPTDSSGNTIYF	TRBV7-9	TRBJ1-3
CASGPYTGGYNEQFF	TRBV7-7	TRBJ2-1
CASGQGRMKENTEAFF	TRBV4-3	TRBJ1-1
CASIGQGGSPLHF	TRBV19	TRBJ1-6
CASRDNNQPQHF	TRBV6-6	TRBJ1-5
CASRDRAPSYEQYF	TRBV7-2	TRBJ2-7
CASRLGETQYF	TRBV6-2	TRBJ2-5
CASSAPGAGANVLTF	TRBV6-1	TRBJ2-6
CASSASAGPGDTQYF	TRBV7-7	TRBJ2-3
CASSDGTDQETQYF	TRBV6-1	TRBJ2-5
CASSDRTYEQFF	TRBV7-9	TRBJ2-1
CASSEGVDTEAFF	TRBV4-3	TRBJ1-1
CASSFGATDTQYF	TRBV7-7	TRBJ2-3
CASSFRPLAAPSDEQFF	TRBV7-7	TRBJ2-1
CASSFSWTEAFF	TRBV12-3	TRBJ1-1
CASSFVHGYTF	TRBV6-2	TRBJ1-2
CASSGLRRDRDTQYF	TRBV7-8	TRBJ2-3
CASSHASNEQFF	TRBV14	TRBJ2-1
CASSHPSEQYF	TRBV6-6	TRBJ2-7
CASSHRGQIGQFF	TRBV7-8	TRBJ2-1
CASSKQGSTEAFF	TRBV6-5	TRBJ1-1
CASSKTGGLNQPQHF	TRBV4-2	TRBJ1-5
CASSLAGTSYYNEQFF	TRBV7-6	TRBJ2-1
CASSLALDRGVETQYF	TRBV7-8	TRBJ2-5
CASSLAYNEQFF	TRBV7-8	TRBJ2-1
CASSLDRGNTIYF	TRBV7-8	TRBJ1-3
CASSLEAAPHYGYTF	TRBV7-6	TRBJ1-2
CASSLESGRTNTEAFF	TRBV7-2	TRBJ1-1
CASSLGGGGGNQPQHF	TRBV7-8	TRBJ1-5
CASSLGGRASTDTQYF	TRBV7-6	TRBJ2-3
CASSLGGTYEQYF	TRBV7-8	TRBJ2-7
CASSLGGYEQYF	TRBV7-2	TRBJ2-7
CASSLGLSGTQYF	TRBV7-2	TRBJ2-5
CASSLGPGKRETQYF	TRBV7-8	TRBJ2-5
CASSLGQAYEQYF	TRBV7-8	TRBJ2-7
CASSLKSPGVDTQYF	TRBV7-8	TRBJ2-3
CASSLLGSNQPQHF	TRBV7-8	TRBJ1-5
CASSLMLQQETQYF	TRBV7-8	TRBJ2-5
CASSLPLAGYNEQFF	TRBV7-3	TRBJ2-1
CASSLQGGSKYF	TRBV7-6	TRBJ2-5
CASSLRRGLEQYF	TRBV7-3	TRBJ2-7
CASSLSQGGNSPLHF	TRBV7-8	TRBJ1-6
CASSLVGQGSYEQYF	TRBV7-9	TRBJ2-7
CASSLVKLGIALIETQYF	TRBV7-8	TRBJ2-5
CASSLWNTEAFF	TRBV7-2	TRBJ1-1
CASSPFRGGLGYGYTF	TRBV7-8	TRBJ1-2
CASSPGQGAGQPQHF	TRBV12-3	TRBJ1-5
CASSPHEDSDTGELFF	TRBV4-2	TRBJ2-2
CASSPQTGWDTEAFF	TRBV7-8	TRBJ1-1
CASSPTGGDIQYF	TRBV7-3	TRBJ2-4
CASSPWVSGDTQYF	TRBV7-8	TRBJ2-3
CASSQAGLEAYNEQFF	TRBV4-2	TRBJ2-1
CASSQAGQGAYEQYF	TRBV4-1	TRBJ2-7
CASSQDLTGPTDTQYF	TRBV14	TRBJ2-3
CASSQDRTGVRNIQYF	TRBV4-2	TRBJ2-4
CASSQDSSGGLGEQFF	TRBV4-2	TRBJ2-1
CASSQELAGAYNEQFF	TRBV4-3	TRBJ2-1
CASSQERGGKWAYEQYF	TRBV4-3	TRBJ2-7
CASSQERGNEQFF	TRBV4-3	TRBJ2-1
CASSQSPGGEQYF	TRBV14	TRBJ2-7
CASSQVGLGRGSQYF	TRBV4-3	TRBJ2-3
CASSRDRSYNEQFF	TRBV7-8	TRBJ2-1
CASSRDSGGNEQFF	TRBV6-2	TRBJ2-1
CASSRTGQGQETQYF	TRBV7-9	TRBJ2-5
CASSSGGNEQFF	TRBV6-5	TRBJ2-1
CASSSGLQETQYF	TRBV7-8	TRBJ2-5
CASSSLAGDLGEQYF	TRBV7-6	TRBJ2-7
CASSSQGASEQFF	TRBV7-9	TRBJ2-1
CASSSRWVGGSSYEQYF	TRBV7-8	TRBJ2-7
CASSSSTGDDYTF	TRBV7-3	TRBJ1-2
CASSTGTGSAGYTF	TRBV9	TRBJ1-2
CASSTQAQETQYF	TRBV6-2	TRBJ2-5
CASSTTSGARIGNEQFF	TRBV7-2	TRBJ2-1
CASSVAGGDEQFF	TRBV9	TRBJ2-1
CASSVLRTSGSYNEQFF	TRBV6-1	TRBJ2-1
CASSVRGRGTQTDTQYF	TRBV9	TRBJ2-3
CASSVVGGDEQYF	TRBV9	TRBJ2-7
CASSVVGGNEQFF	TRBV9	TRBJ2-1
CASSVVGNEQFF	TRBV9	TRBJ2-1
CASSVVGNEQYF	TRBV9	TRBJ2-7
CASSYEDGRYNEQFF	TRBV6-6	TRBJ2-1
CASSYRGDRPEAFF	TRBV6-2	TRBJ1-1
CASSYRLHEKLFF	TRBV6-2	TRBJ1-4
CASSYSASGGEQFF	TRBV6-5	TRBJ2-1
CASSYSPGNEQYF	TRBV6-2	TRBJ2-7
CASSYSPGPITDTQYF	TRBV7-8	TRBJ2-3
CASTLTTDPYEQYF	TRBV7-8	TRBJ2-7
CAWEDRYNEQFF	TRBV30	TRBJ2-1
CAWGDRGGYGYTF	TRBV30	TRBJ1-2
CAWNREGSALTTQYF	TRBV30	TRBJ2-5
CAWRHRDRGSEQFF	TRBV30	TRBJ2-1
CAWSVWDRGYEQYF	TRBV30	TRBJ2-7
CSADRTGSYEQYF	TRBV20-1	TRBJ2-7
CSAGTEGTNEKLFF	TRBV29-1	TRBJ1-4
CSAGTGGTNEKLFF	TRBV29-1	TRBJ1-4
CSAIPQGTPYNEQFF	TRBV20-1	TRBJ2-1
CSAMNAGLPPNIQYF	TRBV20-1	TRBJ2-4
CSARDQTGNGYTF	TRBV20-1	TRBJ1-2
CSARGDGGRLGTDTQYF	TRBV20-1	TRBJ2-3
CSARIEVGNTIYF	TRBV20-1	TRBJ1-3
CSARLGVGNTIYF	TRBV20-1	TRBJ1-3
CSARNPGSGYTF	TRBV20-1	TRBJ1-2
CSARTPPGNTIYF	TRBV20-1	TRBJ1-3
CSARTSGTYEQYF	TRBV20-1	TRBJ2-7
CSAYPGPNYGEQYF	TRBV20-1	TRBJ2-7
CSGEDQETQYF	TRBV20-1	TRBJ2-5
CSGGQGETQYF	TRBV29-1	TRBJ2-5
CSVAEMNTEAFF	TRBV29-1	TRBJ1-1
CSVEGTSGRGEQFF	TRBV29-1	TRBJ2-1
CSVGRDGTNEKLFF	TRBV29-1	TRBJ1-4
CSYAAGVNEQFF	TRBV29-1	TRBJ2-1
CACAPGQGYEQYF	TRBV30	TRBJ2-7
CASGGHNEQFF	TRBV12-3	TRBJ2-1
CASGLGTSGGVGELFF	TRBV12-5	TRBJ2-2
CASGRRYNEQFF	TRBV7-3	TRBJ2-1
CASIQMARETDEQFF	TRBV4-1	TRBJ2-1
CASRGEEGTQYF	TRBV7-9	TRBJ2-5
CASRLDTAAYEQYF	TRBV14	TRBJ2-7
CASRLGTDHEQYF	TRBV7-9	TRBJ2-7
CASRPGQGVYEQYF	TRBV12-3	TRBJ2-7
CASRRTTGANTEAFF	TRBV4-1	TRBJ1-1
CASRSASNEQFF	TRBV7-8	TRBJ2-1
CASSAAGAVETQYF	TRBV14	TRBJ2-5
CASSAGTPLYYGYTF	TRBV19	TRBJ1-2
CASSALDTQYF	TRBV7-9	TRBJ2-3
CASSAPGQNYGYTF	TRBV4-1	TRBJ1-2
CASSASGKGVTGELFF	TRBV7-8	TRBJ2-2
CASSDRTDTQYF	TRBV7-9	TRBJ2-3
CASSEIARPRAFF	TRBV4-1	TRBJ1-1
CASSFGPNTEAFF	TRBV12-3	TRBJ1-1
CASSFGQGLSGANVLTF	TRBV6-5	TRBJ2-6
CASSFGQGNTEAFF	TRBV7-2	TRBJ1-1
CASSFGVAGGASRHEQYF	TRBV12-3	TRBJ2-7
CASSFKGQPYTGELFF	TRBV7-8	TRBJ2-2
CASSFQGTEAFF	TRBV7-6	TRBJ1-1
CASSFSETSTDTQYF	TRBV7-2	TRBJ2-3
CASSFTGKGYNEQFF	TRBV7-9	TRBJ2-1
CASSGEQGDGYTF	TRBV7-2	TRBJ1-2
CASSGGQGNTEAFF	TRBV7-9	TRBJ1-1
CASSGQDGYTF	TRBV6-5	TRBJ1-2
CASSGTSSPYEQYF	TRBV12-3	TRBJ2-7
CASSHGGADTQYF	TRBV4-1	TRBJ2-3
CASSHPEGGTGELFF	TRBV7-8	TRBJ2-2
CASSHPYTGELFF	TRBV4-1	TRBJ2-2
CASSHSGGARNTIYF	TRBV4-1	TRBJ1-3
CASSKREIRSTGTLRYEQYF	TRBV7-8	TRBJ2-7
CASSLAGQRTDTQYF	TRBV7-2	TRBJ2-3
CASSLALDSAGEQYF	TRBV13	TRBJ2-7
CASSLDIGVSEAFF	TRBV4-1	TRBJ1-1
CASSLDTDTQYF	TRBV7-9	TRBJ2-3
CASSLDTWTGELFF	TRBV7-8	TRBJ2-2
CASSLEAGGGYLEKLFF	TRBV7-2	TRBJ1-4
CASSLEANTEAFF	TRBV7-2	TRBJ1-1
CASSLEDRVIGKRDNEQFF	TRBV7-8	TRBJ2-1
CASSLEWDLAGTQYF	TRBV7-8	TRBJ2-5
CASSLFSGGLNEQFF	TRBV7-3	TRBJ2-1
CASSLGAAITGTF	TRBV7-8	TRBJ1-2
CASSLGAYEQYF	TRBV7-8	TRBJ2-7
CASSLGGEETQYF	TRBV7-6	TRBJ2-5
CASSLGGPFNEQFF	TRBV7-8	TRBJ2-1
CASSLGGPYEQYF	TRBV6-6	TRBJ2-7
CASSLGLAGARGSSYNEQFF	TRBV7-2	TRBJ2-1
CASSLGQGEAFF	TRBV7-6	TRBJ1-1
CASSLGVAYGGEDTEAFF	TRBV7-8	TRBJ1-1
CASSLHNEQFF	TRBV12-3	TRBJ2-1
CASSLLAGGPNYNEQFF	TRBV7-8	TRBJ2-1
CASSLLGLPGSEQYF	TRBV7-6	TRBJ2-7
CASSLLQGRQPQHF	TRBV7-8	TRBJ1-5
CASSLLSGTSLRVTGELFF	TRBV7-8	TRBJ2-2
CASSLPQGEQYF	TRBV6-5	TRBJ2-7
CASSLRASPRTEAFF	TRBV7-9	TRBJ1-1
CASSLRGTETEAFF	TRBV7-6	TRBJ1-1
CASSLRPQQDSSYNEQFF	TRBV7-2	TRBJ2-1
CASSLSGDYGYTF	TRBV7-6	TRBJ1-2
CASSLSGNEQYF	TRBV12-3	TRBJ2-7
CASSLSLGRIDGYTF	TRBV27	TRBJ1-2
CASSLSPSASYEQYF	TRBV7-3	TRBJ2-7
CASSLVGGSGISTDTQYF	TRBV7-8	TRBJ2-3
CASSLVQGYEQYF	TRBV7-9	TRBJ2-7
CASSLVRGGNEQFF	TRBV7-9	TRBJ2-1
CASSLVRNYEQYF	TRBV11-2	TRBJ2-7
CASSNGQGAVGEQFF	TRBV7-9	TRBJ2-1
CASSPGGASGRSNEQFF	TRBV28	TRBJ2-1
CASSPGGAYNSPLHF	TRBV7-2	TRBJ1-6
CASSPGLAGANEQFF	TRBV4-2	TRBJ2-1
CASSPGPYTLNTGELFF	TRBV7-3	TRBJ2-2
CASSPGQGGTDTQYF	TRBV7-9	TRBJ2-3
CASSPGTSGREKETQYF	TRBV7-6	TRBJ2-5
CASSPGYEQYF	TRBV4-1	TRBJ2-7
CASSPIMNTEAFF	TRBV7-8	TRBJ1-1
CASSPKTSGTSYEQYF	TRBV4-1	TRBJ2-7
CASSPLRVAEPQETQYF	TRBV4-1	TRBJ2-5
CASSPNPAYEQYF	TRBV4-1	TRBJ2-7
CASSPNRVGDQPQHF	TRBV6-6	TRBJ1-5
CASSPPGQGIYGYTF	TRBV7-9	TRBJ1-2
CASSPRAGVNQPQHF	TRBV7-6	TRBJ1-5
CASSPRANPGELFF	TRBV7-8	TRBJ2-2
CASSPRGDTQYF	TRBV7-9	TRBJ2-3
CASSPRGGAGTDTQYF	TRBV7-8	TRBJ2-3
CASSPRQGTETQYF	TRBV14	TRBJ2-5
CASSPRTDLGEQYF	TRBV4-1	TRBJ2-7
CASSPTGGPPSYEQYF	TRBV13	TRBJ2-7
CASSPTPGPQFF	TRBV4-1	TRBJ2-1
CASSPTSGGYEQYF	TRBV6-5	TRBJ2-7
CASSPVGAASSYEQYF	TRBV4-1	TRBJ2-7
CASSQAGSREQYF	TRBV4-3	TRBJ2-7
CASSQAKNTEAFF	TRBV4-1	TRBJ1-1
CASSQARLYQETQYF	TRBV4-1	TRBJ2-5
CASSQDDRVEKLFF	TRBV4-3	TRBJ1-4
CASSQDGGNEQFF	TRBV4-3	TRBJ2-1
CASSQDGGSPYEQYF	TRBV4-3	TRBJ2-7
CASSQDGLALRETQYF	TRBV4-3	TRBJ2-5
CASSQDGSGGLGEQFF	TRBV4-2	TRBJ2-1
CASSQDRGGNTIYF	TRBV4-3	TRBJ1-3
CASSQDRNRRVSPLHF	TRBV4-2	TRBJ1-6
CASSQDRTDGNTIYF	TRBV4-2	TRBJ1-3
CASSQEIPYEQYF	TRBV4-1	TRBJ2-7
CASSQEPGLVGGELFF	TRBV4-1	TRBJ2-2
CASSQGGGPAAFF	TRBV4-2	TRBJ1-1
CASSQGQGGNQPQHF	TRBV4-1	TRBJ1-5
CASSQGQGGYEQYF	TRBV4-3	TRBJ2-7
CASSQGTAYGYTF	TRBV14	TRBJ1-2
CASSQKTGKNTEAFF	TRBV4-1	TRBJ1-1
CASSQLAGVETQYF	TRBV4-1	TRBJ2-5
CASSQLTGGVHEQYF	TRBV4-1	TRBJ2-7
CASSQPQYSGANVLTF	TRBV7-9	TRBJ2-6
CASSQRDLSSGNTIYF	TRBV7-2	TRBJ1-3
CASSQRGVQETQYF	TRBV4-1	TRBJ2-5
CASSQRIALGDGNQPQHF	TRBV4-1	TRBJ1-5
CASSQSGNTEAFF	TRBV14	TRBJ1-1
CASSQVLDTEAFF	TRBV4-2	TRBJ1-1
CASSQVLRGPSSYNEQFF	TRBV4-3	TRBJ2-1
CASSQVSGLAGGQNTGELFF	TRBV4-1	TRBJ2-2
CASSQVSPVVLDRDNEQFF	TRBV4-1	TRBJ2-1
CASSRLGGRNQPQHF	TRBV4-1	TRBJ1-5
CASSRPGQGDTEAFF	TRBV4-1	TRBJ1-1
CASSRPTGNTEAFF	TRBV7-9	TRBJ1-1
CASSRQGGGGNQPQHF	TRBV14	TRBJ1-5
CASSRRPGLGETQYF	TRBV12-3	TRBJ2-5
CASSRTGMGETQYF	TRBV6-2	TRBJ2-5
CASSSFCGRSYEQYF	TRBV7-7	TRBJ2-7
CASSSGGLSSGNTIYF	TRBV9	TRBJ1-3
CASSSGLATGSYEQYF	TRBV7-8	TRBJ2-7
CASSSGTGDYEQYF	TRBV7-6	TRBJ2-7
CASSSGTSGSVETQYF	TRBV7-9	TRBJ2-5
CASSSKGLVESTTEQFF	TRBV7-9	TRBJ2-1
CASSSLRVETQYF	TRBV7-8	TRBJ2-5
CASSSPPGVVEQYF	TRBV7-9	TRBJ2-7
CASSSQLWREEIEQFF	TRBV7-2	TRBJ2-1
CASSSRGTYEQYF	TRBV7-8	TRBJ2-7
CASSSTATYEQYF	TRBV7-8	TRBJ2-7
CASSSTDEATEAFF	TRBV7-6	TRBJ1-1
CASSSTETGTEAFF	TRBV7-9	TRBJ1-1
CASSSTGLNTEAFF	TRBV12-3	TRBJ1-1
CASSSTGTDDTDTQYF	TRBV7-9	TRBJ2-3
CASSSTGYEQYF	TRBV7-9	TRBJ2-7
CASSSTSVQETQYF	TRBV7-8	TRBJ2-5
CASSTHTDTQYF	TRBV4-1	TRBJ2-3
CASSTPSNNEQFF	TRBV7-3	TRBJ2-1
CASSWDSSYNEQFF	TRBV13	TRBJ2-1
CASSWGAGQPQHF	TRBV6-2	TRBJ1-5
CASSYGREAFF	TRBV7-2	TRBJ1-1
CASSYRDRENIQYF	TRBV7-8	TRBJ2-4
CASSYRDSYEQYF	TRBV7-9	TRBJ2-7
CASSYRNTIYF	TRBV6-5	TRBJ1-3
CASSYSEGYEQYF	TRBV6-5	TRBJ2-7
CASSYSGTGAYEQYF	TRBV6-6	TRBJ2-7
CASSYTGGTTDTQYF	TRBV7-2	TRBJ2-3
CASTGGLAGGRTTQETQYF	TRBV7-8	TRBJ2-5
CASTLAQGSQTEAFF	TRBV6-5	TRBJ1-1
CASTLGGDWGGQETQYF	TRBV7-8	TRBJ2-5
CASTLGGNTGELFF	TRBV9	TRBJ2-2
CATSRDVIGSNEQFF	TRBV15	TRBJ2-1
CATSRGQSYGYTF	TRBV15	TRBJ1-2
CATSRLLSEQYF	TRBV15	TRBJ2-7
CATSRVNPQETQYF	TRBV15	TRBJ2-5
CATSTFAGELFF	TRBV15	TRBJ2-2
CAWSATSSNQPQHF	TRBV30	TRBJ1-5
CAWSGLVSGGNEQYF	TRBV30	TRBJ2-7
CAWSMDRDFYGYTF	TRBV30	TRBJ1-2
CSADAFF	TRBV29-1	TRBJ1-1
CSARDRIGNGYTF	TRBV20-1	TRBJ1-2
CSARGQAPYEQYF	TRBV20-1	TRBJ2-7
CSARLQGENTIYF	TRBV20-1	TRBJ1-3
CSARNPGLAGVGETQYF	TRBV20-1	TRBJ2-5
CSAVETGNEQFF	TRBV20-1	TRBJ2-1
CSGWDTSGEQYF	TRBV29-1	TRBJ2-7
CSVDEGSDTQYF	TRBV29-1	TRBJ2-3
CSVDGGTTNTGELFF	TRBV29-1	TRBJ2-2
CSVEGPAGGPYEQYF	TRBV29-1	TRBJ2-7
CSVEPPETQYF	TRBV29-1	TRBJ2-5
CSVEREGGYTF	TRBV29-1	TRBJ1-2
CSVESVAENEQFF	TRBV29-1	TRBJ2-1
CSVEVARAYEQYF	TRBV29-1	TRBJ2-7
CSVGGRGDGYTF	TRBV29-1	TRBJ1-2
CSVGGSFYGYTF	TRBV29-1	TRBJ1-2
CSVGTSAYEQFF	TRBV29-1	TRBJ2-1
CASDRANEQFF	TRBV19	TRBJ2-1
CASFGGGGRNTEAFF	TRBV4-1	TRBJ1-1
CASGQGIAEAFF	TRBV27	TRBJ1-1
CASGTGTGELFF	TRBV12-3	TRBJ2-2
CASKDPGWFLAFF	TRBV6-5	TRBJ1-1
CASMKYEAFF	TRBV6-1	TRBJ1-1
CASNQSPGGTQYF	TRBV14	TRBJ2-3
CASRPRRAGGDRELFF	TRBV7-8	TRBJ2-2
CASSDIYEQYF	TRBV11-2	TRBJ2-7
CASSDSQNEQFF	TRBV6-4	TRBJ2-1
CASSEETGEGGHEQFF	TRBV6-4	TRBJ2-1
CASSEFFPSAPYEQYF	TRBV6-1	TRBJ2-7
CASSEGQVAPGEQYF	TRBV2	TRBJ2-7
CASSERQGADTQYF	TRBV6-4	TRBJ2-3
CASSEVGSYNSPLHF	TRBV6-1	TRBJ1-6
CASSEYPGYYGYTF	TRBV6-1	TRBJ1-2
CASSFHRVMNTEAFF	TRBV12-3	TRBJ1-1
CASSFNNEQFF	TRBV5-1	TRBJ2-1
CASSFRWRERDTQYF	TRBV7-6	TRBJ2-3
CASSFSGSTDTQYF	TRBV5-1	TRBJ2-3
CASSGAGGGSPDTQYF	TRBV11-2	TRBJ2-3
CASSGRQAYGYTF	TRBV9	TRBJ1-2
CASSGWTGPNTEAFF	TRBV7-9	TRBJ1-1
CASSIDFTANTEAFF	TRBV19	TRBJ1-1
CASSIDGTAYEQYF	TRBV19	TRBJ2-7
CASSIDRVLGRTGELFF	TRBV19	TRBJ2-2
CASSILGNSPLHF	TRBV19	TRBJ1-6
CASSISGPSNQPQHF	TRBV19	TRBJ1-5
CASSKSSSSYEQYF	TRBV27	TRBJ2-7
CASSLAIGELFF	TRBV7-3	TRBJ2-2
CASSLAWGQLSGYTF	TRBV5-1	TRBJ1-2
CASSLDGTGYNEQFF	TRBV7-9	TRBJ2-1
CASSLEGTAWSDTQYF	TRBV7-9	TRBJ2-3
CASSLEGTGYYEQYF	TRBV7-9	TRBJ2-7
CASSLLGGSLYEQYF	TRBV28	TRBJ2-7
CASSLLTLGGADTQYF	TRBV14	TRBJ2-3
CASSLMGRGPNTGELFF	TRBV7-8	TRBJ2-2
CASSLMTGRETQYF	TRBV7-8	TRBJ2-5
CASSLQGYLLNQPQHF	TRBV7-8	TRBJ1-5
CASSLRDGGLNYGYTF	TRBV5-1	TRBJ1-2
CASSLSGQETDTQYF	TRBV7-6	TRBJ2-3
CASSLTDPYEQYF	TRBV7-8	TRBJ2-7
CASSLTNPYEQYF	TRBV7-8	TRBJ2-7
CASSLTRRGNQPQHF	TRBV13	TRBJ1-5
CASSLVLQETQYF	TRBV28	TRBJ2-5
CASSLWRLGKAYEQYF	TRBV28	TRBJ2-7
CASSPDGRVEQYF	TRBV18	TRBJ2-7
CASSPDRGNQPQHF	TRBV12-3	TRBJ1-5
CASSPEVTSGGHEQYF	TRBV4-1	TRBJ2-7
CASSPLEYSYEQYF	TRBV11-1	TRBJ2-7
CASSPLVRGRFSNQPQHF	TRBV7-8	TRBJ1-5
CASSPPRRETTNEKLFF	TRBV4-2	TRBJ1-4
CASSPQRGGPTDTQYF	TRBV7-9	TRBJ2-3
CASSPTSSTTSYEQYF	TRBV7-8	TRBJ2-7
CASSPWGGGTEAFF	TRBV9	TRBJ1-1
CASSQDFRGGYEQYF	TRBV4-1	TRBJ2-7
CASSQDSGNNEQFF	TRBV4-2	TRBJ2-1
CASSQEGPPGRNYEQYF	TRBV4-2	TRBJ2-7
CASSQGHGPFNQPQHF	TRBV4-1	TRBJ1-5
CASSQGVLTEAFF	TRBV12-3	TRBJ1-1
CASSQIGGSDYGYTF	TRBV14	TRBJ1-2
CASSQLAQGRGAYNEQFF	TRBV4-1	TRBJ2-1
CASSQLIPGLLYGYTF	TRBV4-1	TRBJ1-2
CASSQPPGGTQYF	TRBV14	TRBJ2-3
CASSQQLRVINTEAFF	TRBV4-1	TRBJ1-1
CASSQSPDGTQYF	TRBV14	TRBJ2-3
CASSQSPGDTQYF	TRBV14	TRBJ2-3
CASSQSPGGFQFF	TRBV14	TRBJ2-1
CASSQSPGGTQHF	TRBV14	TRBJ1-5
CASSQSPSGTQYF	TRBV14	TRBJ2-3
CASSRGHALDQPQHF	TRBV7-8	TRBJ1-5
CASSRQAPWGRDTEAFF	TRBV7-9	TRBJ1-1
CASSSGAGEANEQFF	TRBV25-1	TRBJ2-1
CASSSGNNEQFF	TRBV19	TRBJ2-1
CASSSGRASGANVLTF	TRBV7-9	TRBJ2-6
CASSSGRDSGANVLTF	TRBV7-9	TRBJ2-6
CASSSKTGAYEQYF	TRBV27	TRBJ2-7
CASSSPARAYGYTF	TRBV12-3	TRBJ1-2
CASSSTGAGTDTQYF	TRBV7-9	TRBJ2-3
CASSTGLAGGLETQYF	TRBV9	TRBJ2-5
CASSYLLSYEQYF	TRBV6-5	TRBJ2-7
CASSYPLGLGGTEAFF	TRBV6-6	TRBJ1-1
CASSYSSLAGLNTEAFF	TRBV6-6	TRBJ1-1
CASSYYDGYGYTF	TRBV6-6	TRBJ1-2
CASTEGTVAPGTQYF	TRBV2	TRBJ2-3
CASTPALGAKQYF	TRBV6-5	TRBJ2-3
CATGTSRVYEQYF	TRBV10-3	TRBJ2-7
CATRQGNQPQHF	TRBV15	TRBJ1-5
CATSRDGSGGASGELFF	TRBV15	TRBJ2-2
CATSRERGGGGETQYF	TRBV15	TRBJ2-5
CATSRTEGLSEQYF	TRBV15	TRBJ2-7
CATSRVKAFRDTQYF	TRBV15	TRBJ2-3
CATSSASGSGSDTQYF	TRBV15	TRBJ2-3
CATSSASGSTDTQYF	TRBV15	TRBJ2-3
CATSYGTGEEEAFF	TRBV15	TRBJ1-1
CATVVLLLARGEEGTDTQYF	TRBV6-9	TRBJ2-3
CAWIPTERQTYGYTF	TRBV30	TRBJ1-2
CAWSPIAGGRNEQFF	TRBV30	TRBJ2-1
CAWSRGAAEQFF	TRBV30	TRBJ2-1
CAWSRGAVEQFF	TRBV30	TRBJ2-1
CAWSTVTYEQYF	TRBV30	TRBJ2-7
CAWSVIGPYEQYF	TRBV30	TRBJ2-7
CAWTLAGRDTGELFF	TRBV30	TRBJ2-2
CRARGQAITEKLFF	TRBV20-1	TRBJ1-4
CSADPGLGGTDTQYF	TRBV20-1	TRBJ2-3
CSAFLSTFFTEAFF	TRBV20-1	TRBJ1-1
CSARAGADTEAFF	TRBV20-1	TRBJ1-1
CSARAGVGNTIYF	TRBV20-1	TRBJ1-3
CSARDKTGNGYTF	TRBV20-1	TRBJ1-2
CSARDRDRSLATEAFF	TRBV20-1	TRBJ1-1
CSARDRGIGNTIYF	TRBV20-1	TRBJ1-3
CSARDRVGNGYTF	TRBV20-1	TRBJ1-2
CSARDSVGNGYTF	TRBV20-1	TRBJ1-2
CSARDTGLDTGELFF	TRBV20-1	TRBJ2-2
CSARFPPGNTIYF	TRBV20-1	TRBJ1-3
CSARGGPGEVGNTIYF	TRBV20-1	TRBJ1-3
CSARGQAITEKLFF	TRBV20-1	TRBJ1-4
CSARGQAITEKPFF	TRBV20-1	TRBJ1-4
CSARGQAITEQLFF	TRBV20-1	TRBJ1-4
CSARIGVGNGYTF	TRBV20-1	TRBJ1-2
CSARLIAGPTSYEQYF	TRBV20-1	TRBJ2-7
CSARSRPVGNTIYF	TRBV20-1	TRBJ1-3
CSASEGYGYTF	TRBV20-1	TRBJ1-2
CSATWGEGSSPLHF	TRBV20-1	TRBJ1-6
CSGMRLLFSSYEQYF	TRBV29-1	TRBJ2-7
CSVDGTNTGELFF	TRBV29-1	TRBJ2-2
CSVEDAGGNQPQHF	TRBV29-1	TRBJ1-5
CSVEDFYNEQFF	TRBV29-1	TRBJ2-1
CSVEGFRTENNQPQHF	TRBV29-1	TRBJ1-5
CSVESLGAPKSSGNTIYF	TRBV29-1	TRBJ1-3
CSVGAGGTNEKLFF	TRBV29-1	TRBJ1-4
CSVGQGGTNEKLFF	TRBV29-1	TRBJ1-4
CSVGSGGTNEKLFF	TRBV29-1	TRBJ1-4
CAIQYRGNQPQHF	TRBV28	TRBJ1-5
CASSLWVGGSSGANVLTF	TRBV27	TRBJ2-6
CASSPTSGSVYEQYF	TRBV3-1	TRBJ2-7
CASSEESYLMNTEAFF	TRBV6-1	TRBJ1-1
CSVMLANQETQYF	TRBV29-1	TRBJ2-5
CSVGNSGYQETQYF	TRBV29-1	TRBJ2-5
CSASPRGGEQYF	TRBV29-1	TRBJ2-7
CASSLGQGVLSDTQYF	TRBV7-6	TRBJ2-3
CATSRPNRGEAFF	TRBV15	TRBJ1-1
CATSRGWIAGFEQFF	TRBV15	TRBJ2-1
CSVLGQGDGEQFF	TRBV29-1	TRBJ2-1
CASSLVQGDNYGYTF	TRBV7-2	TRBJ1-2
CSGFGDRGNTDTQYF	TRBV29-1	TRBJ2-3
CASSERVGETQYF	TRBV7-9	TRBJ2-5
CASSVVGGPGEQYF	TRBV9	TRBJ2-7
CASSEGQDFYEQYF	TRBV7-9	TRBJ2-7
CASSLSAEAFF	TRBV12-4	TRBJ1-1
CSVEFVSSGNTIYF	TRBV29-1	TRBJ1-3
CASSSVVAGNSPLHF	TRBV5-5	TRBJ1-6
CSANSGEGGTTDTQYF	TRBV20-1	TRBJ2-3
CASSQIGGQGGGNEQFF	TRBV7-3	TRBJ2-1
CASTLPEGGSDIEDWTNTDTQYF	TRBV7-9	TRBJ2-3
CASSQDGDRVYGYTF	TRBV4-2	TRBJ1-2
CASSLVGGGREYTGELFF	TRBV7-6	TRBJ2-2
CSVGGYGTNEKLFF	TRBV29-1	TRBJ1-4
CASSPGQVLPGEQYF	TRBV2	TRBJ2-7
CASSEDAGLGAYGYTF	TRBV2	TRBJ1-2
CSVGTYGTNEKLFF	TRBV29-1	TRBJ1-4
CSARDSAIGANPERNYGYTF	TRBV20-1	TRBJ1-2
CASSDPGILPGPQHF	TRBV2	TRBJ1-5
CASSPGTAEKLFF	TRBV10-2	TRBJ1-4
CASSQSPGGVEFF	TRBV14	TRBJ2-1
CSVNRGFYGYTF	TRBV29-1	TRBJ1-2
CSATKSGTGELGGYTF	TRBV20-1	TRBJ1-2
CAIEGGQSYEQYF	TRBV10-3	TRBJ2-7
CASSVGELAGGLDTQYF	TRBV9	TRBJ2-3
CSVAGTGDLNQPQHF	TRBV29-1	TRBJ1-5
CASSLQGFLLSYEQYF	TRBV7-2	TRBJ2-7
CASSLVDGDIQYF	TRBV5-1	TRBJ2-4
CASSEGRVAPGEQYF	TRBV2	TRBJ2-7
CASTPGSLYYGYTF	TRBV12-4	TRBJ1-2
CASSAGGALTGELFF	TRBV14	TRBJ2-2
CAWSETGLGTGELFF	TRBV30	TRBJ2-2
CASSKREDYEQYF	TRBV7-9	TRBJ2-7
CASSLHHEQYF	TRBV7-9	TRBJ2-7
CAISESRRAISEQFF	TRBV10-3	TRBJ2-1
CASSLGAGTANRQFF	TRBV5-4	TRBJ2-1
CASSLEGQASSYEQYF	TRBV5-1	TRBJ2-7
CASSYQGTEAFF	TRBV6-5	TRBJ1-1
CASSEARGLAEFTDTQYF	TRBV25-1	TRBJ2-3
CASSSDSYEQYF	TRBV12-3	TRBJ2-7
CASTKTREKLYF	TRBV27	TRBJ2-7
CASSLWEKLAKNIQYF	TRBV12-4	TRBJ2-4
CASRDTSYEQYF	TRBV6-5	TRBJ2-7
CASSLGILTDTQYF	TRBV5-6	TRBJ2-3
CASSSPGWLAAYNEQFF	TRBV9	TRBJ2-1
CASSPGDIQETQYF	TRBV12-3	TRBJ2-5
CASSTPGQGTQPQHF	TRBV19	TRBJ1-5
CASSAGEVAPGELFF	TRBV2	TRBJ2-2
CASSGQGGNYGYTF	TRBV6-5	TRBJ1-2
CASSKQGGGYGYTF	TRBV6-5	TRBJ1-2
CASSRQGGTYGYTF	TRBV6-5	TRBJ1-2
CASSSQGGNYGYTF	TRBV6-5	TRBJ1-2
CASSDQGGGYGYTF	TRBV6-5	TRBJ1-2
CASSFQGGNYGYTF	TRBV6-5	TRBJ1-2
CASSPLGGAEGYTF	TRBV6-5	TRBJ1-2
CASSPQGGRDGYTF	TRBV6-5	TRBJ1-2
CASSRQGGSYGYTF	TRBV6-5	TRBJ1-2
CASSSQGGSNYGYTF	TRBV6-5	TRBJ1-2
CASSYEGGYYGYTF	TRBV6-5	TRBJ1-2
CASSYQGGSYGYTF	TRBV6-5	TRBJ1-2
CASNPQGGGGGYTF	TRBV6-5	TRBJ1-2
CASNPQGGGNGYTF	TRBV6-5	TRBJ1-2
CASSYQGGNEQFF	TRBV6-5	TRBJ2-1
CASTLQGGNEQFF	TRBV6-5	TRBJ2-1
CASSSDGMNTEAFF	TRBV10-2	TRBJ1-1
CASSGDGMNTEAFF	TRBV10-2	TRBJ1-1
CASSQDGMNTEAFF	TRBV10-2	TRBJ1-1
CASSIALASEQYF	TRBV19	TRBJ2-7
CSAGSGGTNEKLFF	TRBV29-1	TRBJ1-4
CSAIGGSYNEQFF	TRBV20-1	TRBJ2-1
CSARGTEFYEQYF	TRBV20-1	TRBJ2-7
CASSLFSNEQFF	TRBV28	TRBJ2-1
CASSAGPDTQYF	TRBV10-1	TRBJ2-3
CATSDYGEDTQYF	TRBV24-1	TRBJ2-3
CASSEWTTDTQYF	TRBV25-1	TRBJ2-3
CASSKIMNTEAFF	TRBV28	TRBJ1-1
CASSQLLGSNQPQHF	TRBV6-5	TRBJ1-5
CASSQDRLTGGYTF	TRBV4-1	TRBJ1-2
CASSQDRLTGTQYF	TRBV4-1	TRBJ2-5
CASSQEAFNYEQYF	TRBV4-1	TRBJ2-7
CASSSLNTEAFF	TRBV27	TRBJ1-1
CASSPLTDTQYF	TRBV27	TRBJ2-3
CSARDRGAENTGELFF	TRBV20-1	TRBJ2-2
CSARDRGGENTGELFF	TRBV20-1	TRBJ2-2
CSVGSGEGYEQYF	TRBV29-1	TRBJ2-7
CASSPTGAGNQPQHF	TRBV7-9	TRBJ1-5
CASSNLNTEAFF	TRBV27	TRBJ1-1
CASSDLNSPLHF	TRBV27	TRBJ1-6
CASSSLNSPLHF	TRBV27	TRBJ1-6
CASSLVLLGNSPLHF	TRBV7-2	TRBJ1-6
CASSRLAGDTDTQYF	TRBV4-1	TRBJ2-3
CASTGTASTDTQYF	TRBV6-1	TRBJ2-3
CSARDRGSENTGELFF	TRBV20-1	TRBJ2-2
CSARDRGTENTGELFF	TRBV20-1	TRBJ2-2
CASSSHSGINTGELFF	TRBV7-3	TRBJ2-2
CATGLAGSTDTQYF	TRBV10-3	TRBJ2-3
CASSPGTGEGYEQYF	TRBV7-2	TRBJ2-7
CASSYHGSYEQYF	TRBV7-2	TRBJ2-7
CASSLAGEGYEQYF	TRBV7-6	TRBJ2-7
CASSSTGAGNQPQHF	TRBV7-9	TRBJ1-5
CASSSTGSGDQPQHF	TRBV7-9	TRBJ1-5
CASSLIASGGYNEQFF	TRBV7-3	TRBJ2-1
CASSSGQAYEQYF	TRBV7-8	TRBJ2-7
CASSTGQAYEQYF	TRBV7-8	TRBJ2-7
CASSHGLAGILETQYF	TRBV4-3	TRBJ2-5
CASSPTSGVAGELFF	TRBV4-3	TRBJ2-2
CASSQGLAVSSYEQYF	TRBV4-1	TRBJ2-7
CASSWGPEQFF	TRBV7-9	TRBJ2-1
CASSNLGVTELNTGELFF	TRBV28	TRBJ2-2
CASSLELAVYNEQFF	TRBV5-1	TRBJ2-1
CASSLETATEAFF	TRBV5-1	TRBJ1-1
CASSLETGGYGYTF	TRBV5-1	TRBJ1-2
CASSLYRDNQPQHF	TRBV27	TRBJ1-5
CASSPDRWETQYF	TRBV27	TRBJ2-5
CASSALSGLAGPGELFF	TRBV28	TRBJ2-2
CASSKQGAPGHTGELFF	TRBV28	TRBJ2-2
CASSLLGARGLNEKLFF	TRBV28	TRBJ1-4
CASSLLGTGGLSEKLFF	TRBV28	TRBJ1-4
CASSQQGARSLSEKLFF	TRBV28	TRBJ1-4
CASSQDAGDRLAGVTGELFF	TRBV4-2	TRBJ2-2
CASSLETGDTQYF	TRBV5-1	TRBJ2-3
CASSLDPPGQSIRVNTGELFF	TRBV6-3	TRBJ2-2
CAISATGAVTEAFF	TRBV10-3	TRBJ1-1
CASGWGSQPQHF	TRBV7-9	TRBJ1-5
CASIPEGGRETQYF	TRBV7-8	TRBJ2-5
CASREGDINTGELFF	TRBV9	TRBJ2-2
CASRTLAGPNTGELFF	TRBV7-2	TRBJ2-2
CASRTLLGGASEQYF	TRBV27	TRBJ2-7
CASSAAGELETQYF	TRBV6-6	TRBJ2-5
CASSASAGGYYNEQFF	TRBV2	TRBJ2-1
CASSDGKIAPSEQYF	TRBV2	TRBJ2-7
CASSEAAGGFYNEQFF	TRBV2	TRBJ2-1
CASSEGEGQGHYGYTF	TRBV25-1	TRBJ1-2
CASSFSGSLTTEAFF	TRBV12-3	TRBJ1-1
CASSFSPTAQGLEQYF	TRBV27	TRBJ2-7
CASSIGQAYEQYF	TRBV7-8	TRBJ2-7
CASSLAVLSSYNEQFF	TRBV7-3	TRBJ2-1
CASSLETGSYEQYF	TRBV4-1	TRBJ2-7
CASSLGVSQETQYF	TRBV7-9	TRBJ2-5
CASSLNGGHYEQYF	TRBV7-2	TRBJ2-7
CASSLNRGAREKLFF	TRBV7-2	TRBJ1-4
CASSLQGSNQPQHF	TRBV6-2	TRBJ1-5
CASSLRTLDGYTF	TRBV2	TRBJ1-2
CASSLRTTNEKLFF	TRBV28	TRBJ1-4
CASSLTSAAGELFF	TRBV28	TRBJ2-2
CASSLVLSSPTYYEQYF	TRBV7-2	TRBJ2-7
CASSLVSSGANVLTF	TRBV7-9	TRBJ2-6
CASSMLGGGRDEQFF	TRBV7-8	TRBJ2-1
CASSPDGELFF	TRBV18	TRBJ2-2
CASSPFQRSSGNTIYF	TRBV18	TRBJ1-3
CASSPLGHRDTEAFF	TRBV7-9	TRBJ1-1
CASSQETGASGTQYF	TRBV4-1	TRBJ2-3
CASSQETGSYEQFF	TRBV4-1	TRBJ2-1
CASSQETGSYEQYF	TRBV4-1	TRBJ2-7
CASSQETSLYNEQFF	TRBV4-1	TRBJ2-1
CASSQGFGGGETQYF	TRBV4-1	TRBJ2-5
CASSQGVGENTEAFF	TRBV4-1	TRBJ1-1
CASSQVRGRGEQYF	TRBV3-1	TRBJ2-7
CASSRTSATGELFF	TRBV28	TRBJ2-2
CASSSLRGSNQPQHF	TRBV28	TRBJ1-5
CASSSLTGSGQPQHF	TRBV28	TRBJ1-5
CASSSTEQATYGYTF	TRBV7-9	TRBJ1-2
CASSVGQAYEQYF	TRBV7-8	TRBJ2-7
CASSVLAGDTQYF	TRBV7-2	TRBJ2-3
CASSWGGGSNYGYTF	TRBV11-2	TRBJ1-2
CASSWGQGSNYGYTF	TRBV7-2	TRBJ1-2
CASTGWVTDTQYF	TRBV7-9	TRBJ2-3
CASTQTSAAGELFF	TRBV28	TRBJ2-2
CASTVQGRETQYF	TRBV6-2	TRBJ2-5
CASYWGLAVNEQFF	TRBV28	TRBJ2-1
CSAEIIAEAIYNEQFF	TRBV20-1	TRBJ2-1
CSAPEVRGVWGYTF	TRBV20-1	TRBJ1-2
CSARDGLGLAYEQYF	TRBV20-1	TRBJ2-7
CSARGEAITEKLFF	TRBV20-1	TRBJ1-4
CSARGEGGSYNEQFF	TRBV20-1	TRBJ2-1
CSARQEGGSYNEQFF	TRBV20-1	TRBJ2-1
CSVGADGTNEKLFF	TRBV29-1	TRBJ1-4
CAGGTGETSPGELFF	TRBV2	TRBJ2-2
CAGPQGRETQYF	TRBV28	TRBJ2-5
CAGRPRLAGGNNEQFF	TRBV28	TRBJ2-1
CASGTGQLTNTEAFF	TRBV9	TRBJ1-1
CASKMRGDVYEQYF	TRBV18	TRBJ2-7
CASLASGQGSHEQFF	TRBV18	TRBJ2-1
CASLFTGTSPTDTQYF	TRBV12-3	TRBJ2-3
CASLRGLGTDTQYF	TRBV7-9	TRBJ2-3
CASLYRSSTDTQYF	TRBV12-4	TRBJ2-3
CASMGGASYNEQFF	TRBV19	TRBJ2-1
CASQRDYTGELFF	TRBV27	TRBJ2-2
CASRAGLAEVSYEQYF	TRBV5-1	TRBJ2-7
CASREGSGDNNEQFF	TRBV6-4	TRBJ2-1
CASRGFLGGGQPQHF	TRBV19	TRBJ1-5
CASRGLLGGITEAFF	TRBV19	TRBJ1-1
CASRGMTPPTQYF	TRBV2	TRBJ2-3
CASRPLMGGASEAFF	TRBV27	TRBJ1-1
CASSAASGTDTQYF	TRBV9	TRBJ2-3
CASSARDRGIGGYTF	TRBV25-1	TRBJ1-2
CASSARGGADEQFF	TRBV9	TRBJ2-1
CASSDSQRMNTEAFF	TRBV2	TRBJ1-1
CASSDSSLTEAFF	TRBV6-4	TRBJ1-1
CASSDTGGNQPQHF	TRBV10-2	TRBJ1-5
CASSEEDGQAYEQYF	TRBV6-1	TRBJ2-7
CASSEILGMNTEAFF	TRBV9	TRBJ1-1
CASSELTGGPYEQYF	TRBV28	TRBJ2-7
CASSEPGQGGRGEQYF	TRBV7-9	TRBJ2-7
CASSESLAVHEQFF	TRBV6-4	TRBJ2-1
CASSFFLPTQREYEQYF	TRBV28	TRBJ2-7
CASSFGGGSNYGYTF	TRBV11-2	TRBJ1-2
CASSFIGLNTEAFF	TRBV28	TRBJ1-1
CASSFLAGGPPADTQYF	TRBV28	TRBJ2-3
CASSFPTSPPITQYF	TRBV12-4	TRBJ2-3
CASSFQGSNEKLFF	TRBV28	TRBJ1-4
CASSFRDRGSSGGIKGEKLFF	TRBV5-6	TRBJ1-4
CASSFRLAVKNEQFF	TRBV5-1	TRBJ2-1
CASSFTWTSGETTDTQYF	TRBV11-2	TRBJ2-3
CASSGTHNEQFF	TRBV14	TRBJ2-1
CASSHIRDYGAFF	TRBV7-9	TRBJ1-1
CASSHVINQFF	TRBV11-2	TRBJ2-1
CASSIQDSLYNEQFF	TRBV19	TRBJ2-1
CASSIVGAHTEAFF	TRBV19	TRBJ1-1
CASSKEESSYNSPLHF	TRBV19	TRBJ1-6
CASSKQGRGTDTQYF	TRBV7-9	TRBJ2-3
CASSLAPSYEQYF	TRBV7-9	TRBJ2-7
CASSLASSGYTGELFF	TRBV11-2	TRBJ2-2
CASSLEAGVSYEQYF	TRBV7-6	TRBJ2-7
CASSLEGSYEQYF	TRBV28	TRBJ2-7
CASSLFGERNEQYF	TRBV6-2	TRBJ2-7
CASSLGASTDTQYF	TRBV7-9	TRBJ2-3
CASSLGDRGLGYTF	TRBV12-3	TRBJ1-2
CASSLGLENEQFF	TRBV7-8	TRBJ2-1
CASSLGLGVNNEQFF	TRBV7-9	TRBJ2-1
CASSLGRGRGNEQFF	TRBV7-6	TRBJ2-1
CASSLGTGHNEQFF	TRBV11-2	TRBJ2-1
CASSLGTSFRTDTQYF	TRBV12-3	TRBJ2-3
CASSLIGGDYEQYF	TRBV12-3	TRBJ2-7
CASSLLGEKAYEQYF	TRBV12-3	TRBJ2-7
CASSLLGHPSGELFF	TRBV7-2	TRBJ2-2
CASSLLIGANNEQFF	TRBV7-6	TRBJ2-1
CASSLNTLSTEAFF	TRBV7-9	TRBJ1-1
CASSLPGTSGISQDTQYF	TRBV7-9	TRBJ2-3
CASSLPRGRDNEQFF	TRBV7-9	TRBJ2-1
CASSLRNGYEQYF	TRBV28	TRBJ2-7
CASSLSQGIQNIQYF	TRBV27	TRBJ2-4
CASSLSSATGELFF	TRBV28	TRBJ2-2
CASSLSSPGNQPQHF	TRBV7-9	TRBJ1-5
CASSLTAPGIQPQHF	TRBV7-9	TRBJ1-5
CASSLTGAGDQPQHF	TRBV7-9	TRBJ1-5
CASSLTGGTYEQYF	TRBV7-2	TRBJ2-7
CASSLTGPGDQPQHF	TRBV7-9	TRBJ1-5
CASSLTLLGNNEQYF	TRBV7-3	TRBJ2-7
CASSLTSATGELFF	TRBV28	TRBJ2-2
CASSLVGGQETQYF	TRBV12-3	TRBJ2-5
CASSLVVIQETQYF	TRBV7-2	TRBJ2-5
CASSLWGEGLTPEAFF	TRBV28	TRBJ1-1
CASSLYSDTQYF	TRBV28	TRBJ2-3
CASSMLLGGGQPQHF	TRBV19	TRBJ1-5
CASSPASSGSWETQYF	TRBV5-6	TRBJ2-5
CASSPGQGSSYEQYF	TRBV4-1	TRBJ2-7
CASSPGQPGPVRETQYF	TRBV27	TRBJ2-5
CASSPGQVTPLHF	TRBV4-2	TRBJ1-6
CASSPGTLYGYTF	TRBV3-1	TRBJ1-2
CASSPGTSGGGDEETQYF	TRBV12-3	TRBJ2-5
CASSPGVTSGRMGEQYF	TRBV4-2	TRBJ2-7
CASSPITRIVGDTQYF	TRBV11-2	TRBJ2-3
CASSPLIGTSGTEAFF	TRBV4-2	TRBJ1-1
CASSPLPGTTGTDTQYF	TRBV28	TRBJ2-3
CASSPPGPTGRGWYDTF	TRBV18	TRBJ1-2
CASSPSKPGDNEQFF	TRBV7-9	TRBJ2-1
CASSPSLVGSADTQYF	TRBV3-1	TRBJ2-3
CASSPTGLGGGYTF	TRBV27	TRBJ1-2
CASSPTGTSHTGELFF	TRBV12-4	TRBJ2-2
CASSPTNPAGDTETQYF	TRBV7-8	TRBJ2-5
CASSPTSGSIYEQYF	TRBV3-1	TRBJ2-7
CASSQAGATRTDTQYF	TRBV4-1	TRBJ2-3
CASSQAGGTMNTEAFF	TRBV4-1	TRBJ1-1
CASSQAGQGNSPLHF	TRBV3-1	TRBJ1-6
CASSQAQGMGNSPLHF	TRBV4-2	TRBJ1-6
CASSQDAGYEAFF	TRBV4-1	TRBJ1-1
CASSQDPRRSYNEQFF	TRBV3-1	TRBJ2-1
CASSQDQASEGSETQYF	TRBV4-2	TRBJ2-5
CASSQEGFREQFF	TRBV4-1	TRBJ2-1
CASSQEGRVVGGEQFF	TRBV3-1	TRBJ2-1
CASSQEGTGSYEQYF	TRBV6-2	TRBJ2-7
CASSQGALTGQPQHF	TRBV4-1	TRBJ1-5
CASSQGPGQEHYGYTF	TRBV3-1	TRBJ1-2
CASSQGSGATNEQFF	TRBV7-2	TRBJ2-1
CASSQGSGATNGQFF	TRBV7-2	TRBJ2-1
CASSQGVLLNEQFF	TRBV4-2	TRBJ2-1
CASSQIVTSAAQYF	TRBV7-2	TRBJ2-7
CASSQTLAGGGETQYF	TRBV3-1	TRBJ2-5
CASSQTTSVNTEAFF	TRBV3-1	TRBJ1-1
CASSQVQGTSGGEQYF	TRBV4-2	TRBJ2-7
CASSQVRGGYEQFF	TRBV3-1	TRBJ2-1
CASSQVSGQGALRALEQFF	TRBV14	TRBJ2-1
CASSRFFPGQGDHAKNIQYF	TRBV7-8	TRBJ2-4
CASSRGTGEGYEQYF	TRBV7-3	TRBJ2-7
CASSRRSQGLNTEAFF	TRBV6-6	TRBJ1-1
CASSRTDDTEAFF	TRBV7-9	TRBJ1-1
CASSSARGHHTQYF	TRBV7-9	TRBJ2-3
CASSSGNTEAFF	TRBV11-2	TRBJ1-1
CASSSLGGVDQPQHF	TRBV7-9	TRBJ1-5
CASSSMVAGEYEQFF	TRBV12-3	TRBJ2-1
CASSSNRDRNTIYF	TRBV5-6	TRBJ1-3
CASSSPGDYTYEQYF	TRBV11-2	TRBJ2-7
CASSSSLGFGELFF	TRBV28	TRBJ2-2
CASSSTGPGNSPLHF	TRBV7-9	TRBJ1-6
CASSSVGPGDQPQHF	TRBV7-9	TRBJ1-5
CASSSVNEQYF	TRBV7-8	TRBJ2-7
CASSTGQLTNTEAFF	TRBV9	TRBJ1-1
CASSVASGTDTQYF	TRBV9	TRBJ2-3
CASSVELGSGRETQYF	TRBV9	TRBJ2-5
CASSVGQAYELYF	TRBV7-8	TRBJ2-7
CASSWGAGSNYGYTF	TRBV11-2	TRBJ1-2
CASSYLGDSTNSPLHF	TRBV7-9	TRBJ1-6
CASSYMGVEQFF	TRBV6-2	TRBJ2-1
CASTALLGGGYGYTF	TRBV19	TRBJ1-2
CASTELGDTHNEQFF	TRBV9	TRBJ2-1
CASTGGSGYTF	TRBV13	TRBJ1-2
CASTPGSKLPDTQYF	TRBV2	TRBJ2-3
CASTPMGLSSGETQYF	TRBV6-2	TRBJ2-5
CASTREGLNTGELFF	TRBV7-7	TRBJ2-2
CASTSGFGSGETQYF	TRBV6-2	TRBJ2-5
CATATGTGSNTEAFF	TRBV24-1	TRBJ1-1
CATLAGEGEQFF	TRBV10-3	TRBJ2-1
CATLISQGSRAGELFF	TRBV12-4	TRBJ2-2
CATSDPDSPTDTQYF	TRBV24-1	TRBJ2-3
CATSDPTLAAYEQYF	TRBV24-1	TRBJ2-7
CATSDTGSFTDTQYF	TRBV24-1	TRBJ2-3
CATSQGSYGYTF	TRBV15	TRBJ1-2
CATSTGLAGNHEQYF	TRBV15	TRBJ2-7
CATSWTGTYEQYF	TRBV15	TRBJ2-7
CATTQYGTDTQYF	TRBV15	TRBJ2-3
CSAGQALYNEQFF	TRBV20-1	TRBJ2-1
CSANTGGTYEQYF	TRBV20-1	TRBJ2-7
CSAPIPPYNEQFF	TRBV20-1	TRBJ2-1
CSARDCLGLAYEQYF	TRBV20-1	TRBJ2-7
CSARDGARGNTIYF	TRBV20-1	TRBJ1-3
CSAREIGGRHQPQHF	TRBV20-1	TRBJ1-5
CSARGAGFSGANVLTF	TRBV20-1	TRBJ2-6
CSASNQESYGYTF	TRBV20-1	TRBJ1-2
CSASPPSYNEQFF	TRBV20-1	TRBJ2-1
CSASRALDQPQHF	TRBV20-1	TRBJ1-5
CSDGTGDFGTQYF	TRBV29-1	TRBJ2-5
CSTGTGEGGTQYF	TRBV29-1	TRBJ2-5
CSVEEVEAFF	TRBV29-1	TRBJ1-1
CSVEGGPGTAYNEQFF	TRBV29-1	TRBJ2-1
CSVEVQRETEQFF	TRBV29-1	TRBJ2-1
CSVGGAYEQYF	TRBV29-1	TRBJ2-7
CSVGSQGTNEKLFF	TRBV29-1	TRBJ1-4
CSVSAGEEDTQYF	TRBV29-1	TRBJ2-3
CSVVLAPVQEQFF	TRBV29-1	TRBJ2-1
CSGGQGEGEQYF	TRBV29-1	TRBJ2-7
CASSFSTDTQYF	TRBV5-1	TRBJ2-3
CASSSARTGANYGYTF	TRBV7-9	TRBJ1-2
CASRYRDDSYNEQFF	TRBV7-9	TRBJ2-1
CASSSGQLTNTEAFF	TRBV9	TRBJ1-1
CASSASARPEQFF	TRBV9	TRBJ2-1
CASSSGLLTADEQFF	TRBV9	TRBJ2-1
CASSSGQVSNTGELFF	TRBV9	TRBJ2-2
CSARGDGQGDLLQETQYF	TRBV20-1	TRBJ2-5
CASSPDRLGTGELFF	TRBV27	TRBJ2-2
CASSQSPGGIIQYF	TRBV14	TRBJ2-4
CASSSGQTLPGELFF	TRBV18	TRBJ2-2
CASSSQRKVPGELFF	TRBV2	TRBJ2-2
CASFSQRKVPGELFF	TRBV2	TRBJ2-2
CASSEVKVSPGELFF	TRBV2	TRBJ2-2
CASSEGAVAPGELFF	TRBV2	TRBJ2-2
CSARDRGLGNTIYF	TRBV20-1	TRBJ1-3
CASSQSPGGIAFF	TRBV14	TRBJ1-1
CSARDRTGNTIYF	TRBV20-1	TRBJ1-3
CSVGAAGTNEKLFF	TRBV29-1	TRBJ1-4
CASSQAGLAAYNEQFF	TRBV4-2	TRBJ2-1
CASGGGGFQETQYF	TRBV10-2	TRBJ2-5
CSARDRAYGNTIYF	TRBV20-1	TRBJ1-3
CSARDRSLGNTIYF	TRBV20-1	TRBJ1-3
CASSLAAGLNLKNIQYF	TRBV7-8	TRBJ2-4
CASSQDGAGGLGEQFF	TRBV4-2	TRBJ2-1
CAISGEFGSGANVLTF	TRBV10-3	TRBJ2-6
CASSYSSGKTDTQYF	TRBV11-2	TRBJ2-3
CASSPGLTYPGELFF	TRBV2	TRBJ2-2
CASSKGSVAPGELFF	TRBV2	TRBJ2-2
CASSSGLLSNTGELFF	TRBV9	TRBJ2-2
CASSVEGLRVTGELFF	TRBV9	TRBJ2-2
CASSVAQLAGGADTQYF	TRBV9	TRBJ2-3
CSAMAGGLRIYNEQFF	TRBV20-1	TRBJ2-1
CASSVGELAGGIDTQYF	TRBV9	TRBJ2-3
CASSVAELAGGTDTQYF	TRBV9	TRBJ2-3
CASSLRNSYEQFF	TRBV28	TRBJ2-1
CSVGSEGTNEKLFF	TRBV29-1	TRBJ1-4
CSVEGATSEQFF	TRBV29-1	TRBJ2-1
CSVRGEGDTQYF	TRBV29-1	TRBJ2-3
CASSPEQGYQETQYF	TRBV7-9	TRBJ2-5
CASSLRIDGTDTQYF	TRBV7-2	TRBJ2-3
CASNPGTSNEQFF	TRBV4-1	TRBJ2-1
CASSQGSELMTGNTIYF	TRBV6-6	TRBJ1-3
CASSLTGTFRGYTF	TRBV27	TRBJ1-2
CASSQSPGGYQFF	TRBV14	TRBJ2-1
CASSPPSGSGFNEQFF	TRBV18	TRBJ2-1
CASSDTPQPFSSGYTF	TRBV6-4	TRBJ1-2
CASSDVAPAPFYGYTF	TRBV6-4	TRBJ1-2
CASSIDLRGYQNIQYF	TRBV19	TRBJ2-4
CASQDTNSYEQYF	TRBV6-6	TRBJ2-7
CASSPASGAFGYNEQFF	TRBV6-6	TRBJ2-1
CASSPSDPGANVLTF	TRBV12-3	TRBJ2-6
CASSSGTSGYYNEQFF	TRBV27	TRBJ2-1
CSARDRPGGPSNQPQHF	TRBV20-1	TRBJ1-5
CASSQDGLAGGAFNEQFF	TRBV4-2	TRBJ2-1
CASSLPSGGTNNEQFF	TRBV9	TRBJ2-1
CSARDQGEWGIKETQYF	TRBV20-1	TRBJ2-5
CASSLMTGELFF	TRBV7-7	TRBJ2-2
CASTSRVGEAFF	TRBV9	TRBJ1-1
CASSPSGTSPKNEQFF	TRBV4-1	TRBJ2-1
CASSLTGGYNEQFF	TRBV5-1	TRBJ2-1
CASSTYSGQSYGYTF	TRBV9	TRBJ1-2
CASSTYYGQSYGYTF	TRBV9	TRBJ1-2
CASSISGDYGYTF	TRBV7-8	TRBJ1-2
CASSLWTGSHEQYF	TRBV5-8	TRBJ2-7
CSVGAIMDEQFF	TRBV29-1	TRBJ2-1
CSVTGDRRSNQPQHF	TRBV29-1	TRBJ1-5
CSARDRVGNGHTF	TRBV20-1	TRBJ1-2
CASSPGSTAPGELFF	TRBV2	TRBJ2-2
CSARDATGNGYTF	TRBV20-1	TRBJ1-2
CSARDTTGNGYTF	TRBV20-1	TRBJ1-2
CSARDTVGNGYTF	TRBV20-1	TRBJ1-2
CSARLRELSGNTIYF	TRBV20-1	TRBJ1-3
CSARLRKLSGNTIYF	TRBV20-1	TRBJ1-3
CSARVEPGNGYTF	TRBV20-1	TRBJ1-2
CSGREDSTNEKLFF	TRBV29-1	TRBJ1-4
CSAEISGTQLYNEQFF	TRBV20-1	TRBJ2-1
CSARGQGDEQYF	TRBV20-1	TRBJ2-7
CSERGQGDEQYF	TRBV29-1	TRBJ2-7
CASSQAPGGEQYF	TRBV14	TRBJ2-7
CASSQCPGGEQYF	TRBV14	TRBJ2-7
CSVGTQGTNEKLFF	TRBV29-1	TRBJ1-4
CSVGSAGTNEKLFF	TRBV29-1	TRBJ1-4
CSVEAVGDGIYNEQFF	TRBV29-1	TRBJ2-1
CASSQRPGGQQFF	TRBV14	TRBJ2-1
CASSQSPGGQQFF	TRBV14	TRBJ2-1
CSVGSDGTNEKLFF	TRBV29-1	TRBJ1-4
CASSLTTEQQFF	TRBV4-1	TRBJ2-1
CASSPVSGSSYEQYF	TRBV3-1	TRBJ2-7
CASSYAYDGSYEQYF	TRBV11-2	TRBJ2-7
CSVPGTVQETQYF	TRBV29-1	TRBJ2-5
CSVPITVQETQYF	TRBV29-1	TRBJ2-5
CSVPSTVQETQYF	TRBV29-1	TRBJ2-5
CASSVAQLAGGTDTQYF	TRBV9	TRBJ2-3
CASSFGTFETQYF	TRBV27	TRBJ2-5
CASSIGTFETQYF	TRBV27	TRBJ2-5
CASSLSGGINEQFF	TRBV19	TRBJ2-1
CASSLWGGINEQFF	TRBV19	TRBJ2-1
CASSAGQVSPGELFF	TRBV2	TRBJ2-2
CSAEPETSGGLQYF	TRBV20-1	TRBJ2-4
CSAEPGTSGGLQYF	TRBV20-1	TRBJ2-4
CASSSGAGLDEQFF	TRBV27	TRBJ2-1
CASSVGGEAYEQYF	TRBV9	TRBJ2-7
CSVPIAVQETQYF	TRBV29-1	TRBJ2-5
CASSPDREGGDRGYNEQFF	TRBV3-1	TRBJ2-1
CSVPGLAVPGELFF	TRBV29-1	TRBJ2-2
CASGGSSYQETQYF	TRBV10-2	TRBJ2-5
CASTPGTVLPDTQYF	TRBV2	TRBJ2-3
CASSVWTGHDEQFF	TRBV6-4	TRBJ2-1
CASGGLSSYNEQFF	TRBV10-2	TRBJ2-1
CASSTSDTQYF	TRBV25-1	TRBJ2-3
CASSHVGGYEQYF	TRBV4-1	TRBJ2-7
CASSPLAGKGEPQHF	TRBV18	TRBJ1-5
CSARGQGRDAAFF	TRBV20-1	TRBJ1-1
CASSAWLVETQYF	TRBV2	TRBJ2-5
CASSQEEANYGYTF	TRBV7-8	TRBJ1-2
CSVEDQRKTKNIQYF	TRBV29-1	TRBJ2-4
CSTQEGGYGYTF	TRBV29-1	TRBJ1-2
CASSEGRVLPGELFF	TRBV2	TRBJ2-2
CASSEGRVSPGELFF	TRBV2	TRBJ2-2
CASSEGRVAPGELFF	TRBV2	TRBJ2-2
CSAEPGTQGGTQYF	TRBV20-1	TRBJ2-5
CSARDQTGNDYTF	TRBV20-1	TRBJ1-2
CSVPFEGGTLETQYF	TRBV29-1	TRBJ2-5
CASTPDGDNEQFF	TRBV7-8	TRBJ2-1
CSARDGTGNDYTF	TRBV20-1	TRBJ1-2
CASSQDRQGQIYGYTF	TRBV3-1	TRBJ1-2
CSAREGTGNGYTF	TRBV20-1	TRBJ1-2
CSARIGVGNAIYF	TRBV20-1	TRBJ1-3
CASSFGQQETQYF	TRBV12-4	TRBJ2-5
CASSVAGGDEQYF	TRBV9	TRBJ2-7
CASSFSRDSDEQFF	TRBV5-1	TRBJ2-1
CSARDNLSGYTF	TRBV20-1	TRBJ1-2
CSATVTGGWNEQFF	TRBV29-1	TRBJ2-1
CASSFSRNSDEQFF	TRBV5-1	TRBJ2-1
CASSLDLGTAKYGYTF	TRBV6-1	TRBJ1-2
CASSLERAMNTRFQPQHF	TRBV7-8	TRBJ1-5
CASSLEGGTDTQYF	TRBV11-2	TRBJ2-3
CASSVGASLNTEAFF	TRBV9	TRBJ1-1
CSVGGTFYGYTF	TRBV29-1	TRBJ1-2
CASSAGRVSPGELFF	TRBV2	TRBJ2-2
CASSPGTLSAGELFF	TRBV9	TRBJ2-2
CASTAGQTTNFNEQFF	TRBV9	TRBJ2-1
CSARDEVGNTIYF	TRBV20-1	TRBJ1-3
CASSELGRFIIQPQHF	TRBV6-1	TRBJ1-5
CASSKWTGGNQWFF	TRBV6-1	TRBJ2-1
CASSEGRVLSGELFF	TRBV2	TRBJ2-2
CSGGTDGTNEKLFF	TRBV29-1	TRBJ1-4
CASSTGRVAPGELFF	TRBV2	TRBJ2-2
CASRTTSGGASEQFF	TRBV28	TRBJ2-1
CASSDLANEQFF	TRBV10-1	TRBJ2-1
CATSDWAGEMETQYF	TRBV24-1	TRBJ2-5
CASTTEGGLIHEKLFF	TRBV28	TRBJ1-4
CASRATMGGGTEAFF	TRBV28	TRBJ1-1
CASSRGQGSADTQYF	TRBV5-5	TRBJ2-3
CASSPGAGLYNEQFF	TRBV6-2	TRBJ2-1
CASSLHFEVEKLFF	TRBV3-1	TRBJ1-4
CSANDRSYNEQFF	TRBV20-1	TRBJ2-1
CSAIPSYLSIGEQFF	TRBV20-1	TRBJ2-1
CASSLAVEGVSRMNTEAFF	TRBV12-4	TRBJ1-1
CASSLTTGIQYF	TRBV6-2	TRBJ2-4
CASSFRLGQGHYGYTF	TRBV5-6	TRBJ1-2
CASSSLQGNGQPQHF	TRBV28	TRBJ1-5
CASSLDLSSGANVLTF	TRBV5-4	TRBJ2-6
CASSPPLGLHTGELFF	TRBV18	TRBJ2-2
CASSFSLGAAGELFF	TRBV7-2	TRBJ2-2
CASSLSVSTSLDTQYF	TRBV27	TRBJ2-3
CASSSPGGRGNTEAFF	TRBV2	TRBJ1-1
CAWSGLSGSYNEQFF	TRBV30	TRBJ2-1
CASSLAGGSYNSPLHF	TRBV7-2	TRBJ1-6
CASSAWDINTGELFF	TRBV9	TRBJ2-2
CASSRTSGGFYNEQFF	TRBV2	TRBJ2-1
CASSGSSGGYYNEQFF	TRBV2	TRBJ2-1
CASSLGSGNYGYTF	TRBV9	TRBJ1-2
CASSVGDWAQGNTIYF	TRBV9	TRBJ1-3
CASSQETGSASQHF	TRBV4-1	TRBJ1-5
CASSQDRYTGGYTF	TRBV4-1	TRBJ1-2
CAGSQDRLTGGYTF	TRBV4-1	TRBJ1-2
CASSLVLSSPTYEQYF	TRBV7-2	TRBJ2-7
CASSSHVINQFF	TRBV11-2	TRBJ2-1
CASSLWIQETQYF	TRBV7-2	TRBJ2-5
CASSGSAGGVWDNEQFF	TRBV7-9	TRBJ2-1
CASTSAGTPDNEQFF	TRBV4-1	TRBJ2-1
CASSLTVAGDTEAFF	TRBV7-9	TRBJ1-1
CASSQGPNLQETQYF	TRBV4-2	TRBJ2-5
CASSTTRAGDQPQHF	TRBV7-9	TRBJ1-5
CASSQSIGGELFF	TRBV16	TRBJ2-2
CASSLVTGEGLGEQFF	TRBV7-6	TRBJ2-1
CASSFMQGDSPLHF	TRBV7-9	TRBJ1-6
CASSQGTGGGYGYTF	TRBV4-2	TRBJ1-2
CASSLMGNSPLHF	TRBV7-3	TRBJ1-6
CASSLMASGGYNEQFF	TRBV7-3	TRBJ2-1
CASSLWAGGLYEQFF	TRBV7-6	TRBJ2-1
CASSFVGEGYEQYF	TRBV7-6	TRBJ2-7
CATSSFPRLEWDEQFF	TRBV15	TRBJ2-1
CASSPGTGSYEQYF	TRBV5-1	TRBJ2-7
CASRYTGQETYEQYF	TRBV12-3	TRBJ2-7
CASSFSGQGAATNEKLFF	TRBV12-3	TRBJ1-4
CASSLLGTENTEAFF	TRBV7-9	TRBJ1-1
CASGTGESGYTF	TRBV18	TRBJ1-2
CASSTPTSGVNTGELFF	TRBV7-2	TRBJ2-2
CASSLLGQYNSPLHF	TRBV7-2	TRBJ1-6
CASSLMGVRDTEAFF	TRBV7-2	TRBJ1-1
CASSPWASGTQETQYF	TRBV18	TRBJ2-5
CASSRLDRDSYEQYF	TRBV7-9	TRBJ2-7
CATKRTGTDTQYF	TRBV15	TRBJ2-3
CASSSTGRDTDTQYF	TRBV12-4	TRBJ2-3
CASNILGQAIDTQYF	TRBV7-9	TRBJ2-3
CASSFRGEGSYEQYF	TRBV12-3	TRBJ2-7
CASSLGRDGVYF	TRBV7-2	TRBJ2-7
CASSQLGQSETQYF	TRBV7-9	TRBJ2-5
CASSATGLSVTDTQYF	TRBV5-1	TRBJ2-3
CASSLLGQDNSPLHF	TRBV7-9	TRBJ1-6
CASSPGQGVTPLHF	TRBV4-1	TRBJ1-6
CASSSDPSGSIAYEQYF	TRBV5-1	TRBJ2-7
CASSPTSGEYNEQFF	TRBV4-1	TRBJ2-1
CASSLDSQSSGNTIYF	TRBV5-1	TRBJ1-3
CASSPYGIDEQYF	TRBV12-3	TRBJ2-7
CASSGLNSPLHF	TRBV27	TRBJ1-6
CASRDPGLAGEGHGELFF	TRBV12-3	TRBJ2-2
CSVGQGEDGPQHF	TRBV29-1	TRBJ1-5
CSAGTGEGGEQFF	TRBV29-1	TRBJ2-1
CSSGTGDGGEQFF	TRBV29-1	TRBJ2-1
CSVGFGEGYEQYF	TRBV29-1	TRBJ2-7
CSVGQGGNYGYTF	TRBV29-1	TRBJ1-2
CSVKGGFPYNEQFF	TRBV29-1	TRBJ2-1
CSVGGVSSGVYNEQFF	TRBV29-1	TRBJ2-1
CSVGGGTEAFF	TRBV29-1	TRBJ1-1
CSGGQGEGEQFF	TRBV29-1	TRBJ2-1
CSGGQGGGEQFF	TRBV29-1	TRBJ2-1
CSVGTGDNSPLHF	TRBV29-1	TRBJ1-6
CSVGSGEDNEQFF	TRBV29-1	TRBJ2-1
CSYSPGQGRNEQFF	TRBV29-1	TRBJ2-1
CSAGQGEGEQYF	TRBV29-1	TRBJ2-7
CSVKGTNTEAFF	TRBV29-1	TRBJ1-1
CSVKGQGTEAFF	TRBV29-1	TRBJ1-1
CSVETGDEKLFF	TRBV29-1	TRBJ1-4
CSVTAGEDDTQYF	TRBV29-1	TRBJ2-3
CSVTAGEDQPQHF	TRBV29-1	TRBJ1-5
CSVGAGEGYEQYF	TRBV29-1	TRBJ2-7
CSVGAGEGGPQHF	TRBV29-1	TRBJ1-5
CASSLDGRQVNQPQHF	TRBV27	TRBJ1-5
CASSPSGANVLTF	TRBV27	TRBJ2-6
CASSSPNTEAFF	TRBV27	TRBJ1-1
CASSSLDTEAFF	TRBV27	TRBJ1-1
CASSLLGGGYAYEQYF	TRBV27	TRBJ2-7
CACSSLNTEAFF	TRBV30	TRBJ1-1
CAGSSLNTEAFF	TRBV10-1	TRBJ1-1
CASSTRGGWVEAFF	TRBV27	TRBJ1-1
CASSSLSTEAFF	TRBV27	TRBJ1-1
CASSLLTGHEQFF	TRBV27	TRBJ2-1
CASSLIPGDYYGYTF	TRBV27	TRBJ1-2
CSARGGTGNGYTF	TRBV20-1	TRBJ1-2
CSARSEVGNTIYF	TRBV20-1	TRBJ1-3
CSARSEVGDTIYF	TRBV20-1	TRBJ1-3
CSAHRTENTEAFF	TRBV20-1	TRBJ1-1
CSVPGTDYNEQFF	TRBV29-1	TRBJ2-1
CSVDLANTEAFF	TRBV29-1	TRBJ1-1
CSVDLANAEAFF	TRBV29-1	TRBJ1-1
CSVQEGGYGYTF	TRBV29-1	TRBJ1-2
CSVGSGGTNERLFF	TRBV29-1	TRBJ1-4
CSVEASGGLFNEQFF	TRBV29-1	TRBJ2-1
CSATDSMNTEAFF	TRBV29-1	TRBJ1-1
CSVPGQVLETQYF	TRBV29-1	TRBJ2-5
CSVEYSPTLYNEQFF	TRBV29-1	TRBJ2-1
CSVPSLLNTEAFF	TRBV29-1	TRBJ1-1
CSAPSLLNTEAFF	TRBV29-1	TRBJ1-1
CSVEASEGLFNEQFF	TRBV29-1	TRBJ2-1
CASSPSAAAYEQYF	TRBV9	TRBJ2-7
CASSPRTLGTEAFF	TRBV9	TRBJ1-1
CASNQETQYF	TRBV5-1	TRBJ2-5
CASNQGTQYF	TRBV5-1	TRBJ2-5
CASSWGPEAFF	TRBV7-9	TRBJ1-1
CASSQAGFNEQFF	TRBV4-1	TRBJ2-1
CSARDRGAANTGELFF	TRBV20-1	TRBJ2-2
CSAKDRGAENTGELFF	TRBV20-1	TRBJ2-2
CSARDREGGNSPLHF	TRBV20-1	TRBJ1-6
CASSYSGGVFEQFF	TRBV5-1	TRBJ2-1
CASSLTAGNNYGYTF	TRBV5-1	TRBJ1-2
CASSLTAGNNCGYTF	TRBV5-1	TRBJ1-2
CASSWLAGTREEQYF	TRBV7-8	TRBJ2-7
CASSGSGLVNTGELFF	TRBV7-8	TRBJ2-2
CASSSTRTGDGQPQHF	TRBV7-9	TRBJ1-5
CASSFGQGEGYEQYF	TRBV4-1	TRBJ2-7
CASSQEGQLSYEQYF	TRBV4-1	TRBJ2-7
CASSPLAGVGETQYF	TRBV12-3	TRBJ2-5
CASSLIRGTGELFF	TRBV3-1	TRBJ2-2
CASSYPRGGEGSPLHF	TRBV6-1	TRBJ1-6
CASSYPWGGEGSPLHF	TRBV6-1	TRBJ1-6
CASNYPRGGEGSPLHF	TRBV6-1	TRBJ1-6
CASSPGGRQGDYNEQFF	TRBV6-1	TRBJ2-1
CASSLLAGQETQYF	TRBV11-2	TRBJ2-5
CASSLSAGQETQYF	TRBV11-2	TRBJ2-5
CASSELAGVGETQYF	TRBV11-2	TRBJ2-5
CASSEPAGVGETQYF	TRBV11-2	TRBJ2-5
CASSSSSGASYNEQFF	TRBV11-2	TRBJ2-1
CASSEQSGANVLTF	TRBV2	TRBJ2-6
CASTFKESIVNTEAFF	TRBV7-9	TRBJ1-1
CSASGYSNQPQHF	TRBV20-1	TRBJ1-5
CASSWAAPGEQFF	TRBV19	TRBJ2-1
CASSPGTGGNSPLHF	TRBV5-1	TRBJ1-6
CASSSQGQGHVNTEAFF	TRBV7-9	TRBJ1-1
CASSLKQSGHYQETQYF	TRBV12-4	TRBJ2-5
CASSLASGNSYEQYF	TRBV11-2	TRBJ2-7
CASSLHRAEAFF	TRBV5-4	TRBJ1-1
CASSPGTVATGELFF	TRBV5-1	TRBJ2-2
CASSDYLAPTDTQYF	TRBV2	TRBJ2-3
CASSGGGGHYGYTF	TRBV9	TRBJ1-2
CASRGSGEKLFF	TRBV6-6	TRBJ1-4
CASSVQGSGTYGYTF	TRBV9	TRBJ1-2
CASSYSSTEAFF	TRBV6-5	TRBJ1-1
CASSLLGQAYGYTF	TRBV28	TRBJ1-2
CASSRQGDEKLFF	TRBV6-6	TRBJ1-4
CSVEAGGNQPQHF	TRBV29-1	TRBJ1-5
CSVLWTEAFF	TRBV29-1	TRBJ1-1
CASSLARGGTEAFF	TRBV5-1	TRBJ1-1
CASTYGTQYSYGYTF	TRBV3-1	TRBJ1-2
CAIMSTSYTEAFF	TRBV10-3	TRBJ1-1
CASSFQGGRIGQPQHF	TRBV12-3	TRBJ1-5
CASSWGQGSYEQYF	TRBV27	TRBJ2-7
CASSLSYGGLLDTEAFF	TRBV5-1	TRBJ1-1
CASSSHTGGFGYTF	TRBV7-9	TRBJ1-2
CASSSQRNTEAFF	TRBV7-3	TRBJ1-1
CASRMDIFRMGNTIYF	TRBV6-1	TRBJ1-3
CASSLEPLSGNTIYF	TRBV5-5	TRBJ1-3
CASSRGQESPYYGYTF	TRBV5-1	TRBJ1-2
CSARGDLRENSPLHF	TRBV20-1	TRBJ1-6
CASSSDINYGYTF	TRBV7-8	TRBJ1-2
CASSQLTATNYGYTF	TRBV4-1	TRBJ1-2
CASSGGIGYGYTF	TRBV7-6	TRBJ1-2
CASSLEVGNQPQHF	TRBV5-1	TRBJ1-5
CASSQVRGTEAFF	TRBV11-2	TRBJ1-1
CASSRDKNYGYTF	TRBV6-5	TRBJ1-2
CASSFGRAGNQPQHF	TRBV27	TRBJ1-5
CASSVDRNSPLHF	TRBV9	TRBJ1-6
CASSQGRLGRYF	TRBV3-1	TRBJ1-3
CASSFGSGNTIYF	TRBV12-3	TRBJ1-3
CASSPRGRTEAFF	TRBV7-8	TRBJ1-1
CSAKRGNTEAFF	TRBV20-1	TRBJ1-1
CASSWVNTEAFF	TRBV7-2	TRBJ1-1
CASYTGTGGNTIYF	TRBV12-4	TRBJ1-3
CASSPTGTEAFF	TRBV3-1	TRBJ1-1
CASSENRGKGTEAFF	TRBV7-9	TRBJ1-1
CASSPNPGGLNGYTF	TRBV3-1	TRBJ1-2
CSARQPGGVDTEAFF	TRBV20-1	TRBJ1-1
CSARTLDGYTF	TRBV20-1	TRBJ1-2
CSVDRGLNTEAFF	TRBV29-1	TRBJ1-1
CASRGFSDQPQHF	TRBV12-3	TRBJ1-5
CASSLHGRNYEQYF	TRBV5-4	TRBJ2-7
CSARETGTRFYEQYF	TRBV20-1	TRBJ2-7
CASSQDTRRQPQHF	TRBV3-1	TRBJ1-5
CASSVEGETQYF	TRBV9	TRBJ2-5
CASSLESGEKLFF	TRBV5-1	TRBJ1-4
CASSLEAADNYGYTF	TRBV5-5	TRBJ1-2
CASSGGPPAREQYF	TRBV5-5	TRBJ2-7
CASSPGPGETQYF	TRBV7-2	TRBJ2-5
CASSLKQAGGAKNIQYF	TRBV7-9	TRBJ2-4
CASSLAGQGDNYEQYF	TRBV5-1	TRBJ2-7
CASSLDGTPFYEQYF	TRBV5-1	TRBJ2-7
CASSLGRGYEQYF	TRBV5-1	TRBJ2-7
CASSEYVRGGNTIYF	TRBV25-1	TRBJ1-3
CASSWGTPSYEQYF	TRBV5-1	TRBJ2-7
CASSLLGISADTQYF	TRBV5-1	TRBJ2-3
CATSNNVGQTQYF	TRBV15	TRBJ2-3
CASSLRDRRTTDTQYF	TRBV5-1	TRBJ2-3
CASSSGQPNTGELFF	TRBV5-1	TRBJ2-2
CASSRQGLETQYF	TRBV11-2	TRBJ2-5
CASSLARSGGTDTQYF	TRBV7-9	TRBJ2-3
CASSQGSLNTEAFF	TRBV4-1	TRBJ1-1
CASSSGVYYGYTF	TRBV11-2	TRBJ1-2
CASSLAGAGLPEAFF	TRBV7-8	TRBJ1-1
CASSLAGDTGELFF	TRBV5-5	TRBJ2-2
CASSSRDGYQNTEAFF	TRBV12-3	TRBJ1-1
CASSAPPGTQYF	TRBV7-2	TRBJ2-3
CASSLAGQGALSRQYF	TRBV12-4	TRBJ2-7
CASGLGTSYNEQFF	TRBV12-5	TRBJ2-1
CSARDQSLAKNIQYF	TRBV20-1	TRBJ2-4
CASSEGSTWDSYGYTF	TRBV6-1	TRBJ1-2
CASSLYSRAAGQPQHF	TRBV5-6	TRBJ1-5
CASSREWNTEAFF	TRBV5-1	TRBJ1-1
CATSDRQSRSGELFF	TRBV24-1	TRBJ2-2
CSVKWGAGELFF	TRBV29-1	TRBJ2-2
CASSQGLSGGLSYNEQFF	TRBV3-1	TRBJ2-1
CASSQDGGSSYNEQFF	TRBV4-2	TRBJ2-1
CSASLAGGPFQETQYF	TRBV20-1	TRBJ2-5
CSARYQAGTETQYF	TRBV20-1	TRBJ2-5
CSARPGGGSQSYEQYF	TRBV20-1	TRBJ2-7
CASSANKVSGGPDNEQFF	TRBV9	TRBJ2-1
CASSLVGTEAFF	TRBV7-9	TRBJ1-1
CASSLAGAPSGEQYF	TRBV5-1	TRBJ2-7
CASSYGAGEDTQYF	TRBV6-5	TRBJ2-3
CASSLAWGRDYTEAFF	TRBV5-1	TRBJ1-1
CASSSIRGQGYEQYF	TRBV7-9	TRBJ2-7
CASSFEASVSTDTQYF	TRBV11-2	TRBJ2-3
CASSEGPYTGELFF	TRBV6-1	TRBJ2-2
CASASGANTGELFF	TRBV5-5	TRBJ2-2
CSATDRVTGNTEAFF	TRBV20-1	TRBJ1-1
CASTTGTGGGEQYF	TRBV12-4	TRBJ2-7
CASSQGFGNTEAFF	TRBV19	TRBJ1-1
CASCQVRGTEAFF	TRBV11-2	TRBJ1-1
CSVPSGGANTGELFF	TRBV29-1	TRBJ2-2
CASSPSHGLNTGELFF	TRBV7-9	TRBJ2-2
CASSQSGAGGPYEQYF	TRBV16	TRBJ2-7
CASSPSWDLQETQYF	TRBV4-1	TRBJ2-5
CASSLVGVPNYGYTF	TRBV5-6	TRBJ1-2
CASSDGAGTWDTQYF	TRBV6-1	TRBJ2-3
CARRSWGASEQFF	TRBV27	TRBJ2-1
CASSQTGGTEAFF	TRBV12-3	TRBJ1-1
CASSSRDSYEQYF	TRBV7-9	TRBJ2-7
CASSFLAENNEQFF	TRBV27	TRBJ2-1
CASSLRNTEAFF	TRBV12-3	TRBJ1-1
CASSLGGAEAFF	TRBV5-4	TRBJ1-1
CSAPRTGRLDTEAFF	TRBV20-1	TRBJ1-1
CASTSGTGTGELFF	TRBV5-1	TRBJ2-2
CASSPNGVETQYF	TRBV6-1	TRBJ2-5
CASSQMSGGAYNEQFF	TRBV14	TRBJ2-1
CAISDGQGPYEQYF	TRBV10-3	TRBJ2-7
CASSTGTSGGTDTQYF	TRBV5-1	TRBJ2-3
CASSYGDSYEQYF	TRBV7-9	TRBJ2-7
CASSALPAGGITGELFF	TRBV19	TRBJ2-2
CASSPSPSLRGKVTYNEQFF	TRBV7-8	TRBJ2-1
CASSLGSHTEAFF	TRBV5-5	TRBJ1-1
CASSYSVPALGNTIYF	TRBV6-2	TRBJ1-3
CASSTGQGASNEKLFF	TRBV7-9	TRBJ1-4
CASSPLDNWEQFF	TRBV18	TRBJ2-1
CASSPPGLLPGEQFF	TRBV2	TRBJ2-1
CASSVGSNTGELFF	TRBV9	TRBJ2-2
CASSPLMGDTQYF	TRBV18	TRBJ2-3
CASSPNRLGLGHDTEAFF	TRBV28	TRBJ1-1
CASSLSGAYEQYF	TRBV28	TRBJ2-7
CASSLGSYTDTQYF	TRBV5-1	TRBJ2-3
CASSPDRGRSYEQYF	TRBV5-1	TRBJ2-7
CSAEPRELRGAEAFF	TRBV20-1	TRBJ1-1
CSASGGLAGSNEQFF	TRBV20-1	TRBJ2-1
CSARDGKGNGYTF	TRBV20-1	TRBJ1-2
CSARDGSGNGYTF	TRBV20-1	TRBJ1-2
CSARDRKGNGYTF	TRBV20-1	TRBJ1-2
CSARDTGTGEHVGELFF	TRBV20-1	TRBJ2-2
CSARDTGTGELVGELFF	TRBV20-1	TRBJ2-2
CSARDRSPGNTIYF	TRBV20-1	TRBJ1-3
CSAIGTSGRAMTDTQYF	TRBV20-1	TRBJ2-3
CSAPLQAGDTTPDTQYF	TRBV20-1	TRBJ2-3
CSVSGAVYNEQFF	TRBV29-1	TRBJ2-1
CSVSGTDYNEQFF	TRBV29-1	TRBJ2-1
CSVGQPPTNEKLFF	TRBV29-1	TRBJ1-4
CSVEVVRDSIQYF	TRBV29-1	TRBJ2-4
CSVPSAGGRSSQYF	TRBV29-1	TRBJ2-5
CSVPSARGFMETQYF	TRBV29-1	TRBJ2-5
CSVPSARGLMETQYF	TRBV29-1	TRBJ2-5
CSVRGDGDEQYF	TRBV29-1	TRBJ2-7
CSVRGEGDEQYF	TRBV29-1	TRBJ2-7
CSVRGGGDEQYF	TRBV29-1	TRBJ2-7
CSVRGVGDEQYF	TRBV29-1	TRBJ2-7
CASSLGKREEETQYF	TRBV4-2	TRBJ2-5
CANSSPGENYGYTF	TRBV7-3	TRBJ1-2
CASSPPGENYGYTF	TRBV7-3	TRBJ1-2
CASSSPGEKKGYTF	TRBV7-3	TRBJ1-2
CASSSPGENYGYTF	TRBV7-3	TRBJ1-2
CASSSPGVNYGYTF	TRBV7-3	TRBJ1-2
CASARWTGHNEQFF	TRBV6-4	TRBJ2-1
CASSPWTGHNEQFF	TRBV6-4	TRBJ2-1
CASSLADPGKNIQYF	TRBV7-6	TRBJ2-4
CASSSNANYGYTF	TRBV7-8	TRBJ1-2
CASSDGQVATNEKLFF	TRBV9	TRBJ1-4
CSVSTGIYEQYF	TRBV29-1	TRBJ2-7
CSVGGTGDFNQPQHF	TRBV29-1	TRBJ1-5
CASRNNRGGVGYTF	TRBV7-9	TRBJ1-2
CASSSGQQTNSPLHF	TRBV9	TRBJ1-6
CASSNQGDGTDTQYF	TRBV2	TRBJ2-3
CATSSRTGPSYNEQFF	TRBV15	TRBJ2-1
CASSEGQVLPGEQYF	TRBV2	TRBJ2-7
CASSQWTGSQPQHF	TRBV6-1	TRBJ1-5
CASSLNFGDSYNEQFF	TRBV11-2	TRBJ2-1
CASSTGQQTNTGELFF	TRBV9	TRBJ2-2
CASSVAGSQGEQFF	TRBV9	TRBJ2-1
CSARDRALGNTIYF	TRBV20-1	TRBJ1-3
CSARSHVGNTIYF	TRBV20-1	TRBJ1-3
CSARDQTGNTIYF	TRBV20-1	TRBJ1-3
CASSFLAGGPFETQYF	TRBV6-2	TRBJ2-5
CASSYGQQETQYF	TRBV12-4	TRBJ2-5
CASSSGQVVPGTIYF	TRBV2	TRBJ1-3
CASSVDSGLTGELFF	TRBV9	TRBJ2-2
CSARVFRGSGELFF	TRBV20-1	TRBJ2-2
CSARSQVGNTIYF	TRBV20-1	TRBJ1-3
CASSDGQVAPGELFF	TRBV2	TRBJ2-2
CASSSGQLSNTGELFF	TRBV9	TRBJ2-2
CSVAWVDDTQYF	TRBV29-1	TRBJ2-3
CASSEGNVAPGELFF	TRBV2	TRBJ2-2
CASSQSPGGIPFF	TRBV14	TRBJ1-1
CASAGPGQVYEQYF	TRBV25-1	TRBJ2-7
CASSLNAGDNEQFF	TRBV11-2	TRBJ2-1
CASGGGGGGYYNEQFF	TRBV27	TRBJ2-1
CASSPQGVSPGTIYF	TRBV2	TRBJ1-3
CASSAPDKAPNEQYF	TRBV2	TRBJ2-7
CASSHSGQSFYNEQFF	TRBV7-6	TRBJ2-1
CASSSGGGAPSGNTIYF	TRBV9	TRBJ1-3
CASSPGQLSNTGELFF	TRBV9	TRBJ2-2
CSARIYGGGEVGNTIYF	TRBV20-1	TRBJ1-3
CSVDHAGTSENRYTF	TRBV29-1	TRBJ1-2
CSVRSEGDTIYF	TRBV29-1	TRBJ1-3
CASSGGRVAPGELFF	TRBV2	TRBJ2-2
CASSAGRVLPGEQYF	TRBV2	TRBJ2-7
CASSQDGAGGLGEQYF	TRBV4-2	TRBJ2-7
CASSTGTVSNTGELFF	TRBV9	TRBJ2-2
CASSPPEQLPTEAFF	TRBV2	TRBJ1-1
CASSVDTGLTGELFF	TRBV9	TRBJ2-2
CSAQIPPLGTSGLSDTQYF	TRBV20-1	TRBJ2-3
CASSFPRTGSSEKLFF	TRBV7-8	TRBJ1-4
CASSQGVGDTLSYEQYF	TRBV4-3	TRBJ2-7
CASSPEDYEQYF	TRBV18	TRBJ2-7
CASSLGPSGRTSSYEQYF	TRBV7-2	TRBJ2-7
CASSSGQKAPGELFF	TRBV2	TRBJ2-2
CSARSGQGNDYTF	TRBV20-1	TRBJ1-2
CASSSGQTAPGELFF	TRBV2	TRBJ2-2
CSGEWDQNIQYF	TRBV20-1	TRBJ2-4
CSARPGTASLVGNTIYF	TRBV20-1	TRBJ1-3
CSARVRPTGNTIYF	TRBV20-1	TRBJ1-3
CSVGSSGTNEKLFF	TRBV29-1	TRBJ1-4
CASSVGGLAGGVETQYF	TRBV9	TRBJ2-5
CASSGGQVVPGELFF	TRBV2	TRBJ2-2
CASSRQGNTETQYF	TRBV7-3	TRBJ2-5
CSVEDTSGQLSVYGYTF	TRBV29-1	TRBJ1-2
CASSTGQLSNTGELFF	TRBV9	TRBJ2-2
CASSAGQLAGGGETQYF	TRBV9	TRBJ2-5
CASSEAGQTYYNEQFF	TRBV6-1	TRBJ2-1
CSARSDVGNTIYF	TRBV20-1	TRBJ1-3
CASSPFDGSPLHF	TRBV9	TRBJ1-6
CASSYPSGGTSGNTIYF	TRBV9	TRBJ1-3
CASSQDLWGPGYTF	TRBV4-1	TRBJ1-2
CASSQEGGTATYEQYF	TRBV4-1	TRBJ2-7
CSVWGLAGGPTGYEQYF	TRBV29-1	TRBJ2-7
CASSQLSGSLETQYF	TRBV6-6	TRBJ2-5
CASSQETGTFYGYTF	TRBV4-1	TRBJ1-2
CASSGFSGPQDKPQHF	TRBV19	TRBJ1-5
CASSHETGRNQPQHF	TRBV4-1	TRBJ1-5
CASSSYRKEKLFF	TRBV19	TRBJ1-4
CASGNRLMEEGQFF	TRBV12-5	TRBJ2-1
CASSRTGFSEQYF	TRBV3-1	TRBJ2-7
CASSPRGTVLEKLFF	TRBV27	TRBJ1-4
CASSFPQGGSSGNTIYF	TRBV9	TRBJ1-3
CASSQETGIYEQYF	TRBV4-1	TRBJ2-7
CASKDLSGGEQYF	TRBV25-1	TRBJ2-7
CASSQEAGLGYEKLFF	TRBV4-1	TRBJ1-4
CASRATFTDTQYF	TRBV6-6	TRBJ2-3
CASSLPAGGYSGNTIYF	TRBV9	TRBJ1-3
CASIDLDPTGELFF	TRBV19	TRBJ2-2
CASSRLPGTGHTGELFF	TRBV28	TRBJ2-2
CASSVEYGRSTDTQYF	TRBV9	TRBJ2-3
CASSDHQGGDGNTIYF	TRBV2	TRBJ1-3
CASSQDRLTGDYTF	TRBV4-1	TRBJ1-2
CASSLPQGGQVGNTIYF	TRBV9	TRBJ1-3
CASTLPEAGEFYGYTF	TRBV6-6	TRBJ1-2
CAIEDSQGGNTEAFF	TRBV10-3	TRBJ1-1
CASSQDRLTGVYTF	TRBV4-1	TRBJ1-2
CASSQDRLTGRYTF	TRBV4-1	TRBJ1-2
CASSQDRLTGFYTF	TRBV4-1	TRBJ1-2
CASSYAAGPLETQYF	TRBV6-6	TRBJ2-5
CASSELAGGDRTEAFF	TRBV2	TRBJ1-1
CASIPLDHNSNTEAFF	TRBV19	TRBJ1-1
CASSQDPSQEGFF	TRBV4-3	TRBJ1-1
CASSLDGPGAGEQYF	TRBV5-1	TRBJ2-7
CASSQETGSYTIYF	TRBV4-1	TRBJ1-3
CASSQESGTATYEQYF	TRBV4-1	TRBJ2-7
CASSLFRGGGYGYTF	TRBV28	TRBJ1-2
CASSIPGWTEAFF	TRBV13	TRBJ1-1
CAWDPLGQNTEAFF	TRBV30	TRBJ1-1
CASSRTGSGYTF	TRBV6-2	TRBJ1-2
CASSQQAGSLETQYF	TRBV6-6	TRBJ2-5
CASSYSAGQLETQYF	TRBV6-6	TRBJ2-5
CASSQDRFTGTYTF	TRBV4-1	TRBJ1-2
CASSQDRFTGSYTF	TRBV4-1	TRBJ1-2
CASSPGRGLATNEKLFF	TRBV4-3	TRBJ1-4
CASRKRMYNEQFF	TRBV3-1	TRBJ2-1
CASTQGIGGYTF	TRBV6-1	TRBJ1-2
CASSLGASQQYF	TRBV7-2	TRBJ2-7
CASSQEHKESYEQYF	TRBV4-1	TRBJ2-7
CASSYAAGQLETQYF	TRBV6-6	TRBJ2-5
CSVGHGGTNEKLFF	TRBV29-1	TRBJ1-4
CASSQSPGGTQFF	TRBV14	TRBJ2-1
CAISEDITVAPEQYF	TRBV10-3	TRBJ2-7
CASGPYEGNQPQHF	TRBV27	TRBJ1-5
CASSIVGGNEQFF	TRBV19	TRBJ2-1
CASSMRSTGELFF	TRBV19	TRBJ2-2
CASSIRSAWAQYF	TRBV19	TRBJ2-3
CASSSHAGGNTEAFF	TRBV19	TRBJ1-1
CASSLRSTGELFF	TRBV19	TRBJ2-2
CASSFDGVYEQYF	TRBV19	TRBJ2-7
CASSNRAGNEQFF	TRBV19	TRBJ2-1
CASSIRSAYEQYF	TRBV19	TRBJ2-7
CASNRESAYTF	TRBV5-5	TRBJ1-2
CASREKGYDEQFF	TRBV14	TRBJ2-1
CATSGRYGEQFF	TRBV24-1	TRBJ2-1
CASSQAGVEQFF	TRBV4-1	TRBJ2-1
CASSQAGVEQYF	TRBV4-1	TRBJ2-7
CASSPREMLYNEQFF	TRBV4-1	TRBJ2-1
CASSTGDHSNQPQHF	TRBV6-6	TRBJ1-5
CSVGSTGGTNEKLFF	TRBV29-1	TRBJ1-4
CSVREDSTNEKLFF	TRBV29-1	TRBJ1-4
CASSTGQVSPGELFF	TRBV2	TRBJ2-2
CASSEGRISPGELFF	TRBV2	TRBJ2-2
CSARSGTGGDYTF	TRBV20-1	TRBJ1-2
CASSSGLVAPGELFF	TRBV2	TRBJ2-2
CSVGTATNEKLFF	TRBV29-1	TRBJ1-4
CSARDWTGNGYTF	TRBV20-1	TRBJ1-2
CASSQSPGGFQYF	TRBV14	TRBJ2-3
CASSDGAILPGELFF	TRBV2	TRBJ2-2
CASTSGQLAPGELFF	TRBV2	TRBJ2-2
CSAPGQEISTEAFF	TRBV20-1	TRBJ1-1
CSVGMDGVTNEKLFF	TRBV29-1	TRBJ1-4
CASTSGQTFPGELFF	TRBV2	TRBJ2-2
CASSLGTGDEQYF	TRBV9	TRBJ2-7
CSVEDGTGSYEQYF	TRBV29-1	TRBJ2-7
CASSLASATGELFF	TRBV28	TRBJ2-2
CASSVTSATGELFF	TRBV28	TRBJ2-2
CASSPTSAAGELFF	TRBV28	TRBJ2-2
CATGPRANTGELFF	TRBV28	TRBJ2-2
CASSVAESPGYPPLVTEAFF	TRBV9	TRBJ1-1
CASSESAGGYYNEQFF	TRBV2	TRBJ2-1
CASSFGSGSSYGYTF	TRBV11-1	TRBJ1-2
CSASLYGRGQPQHF	TRBV20-1	TRBJ1-5
CASSLEPGRNEKLFF	TRBV7-6	TRBJ1-4
CASSVGDGGANTQYF	TRBV9	TRBJ2-3
CASTTGGATGYTF	TRBV2	TRBJ1-2
CASSWGGAAQFF	TRBV25-1	TRBJ2-1
CASLSRGLLNEAFF	TRBV27	TRBJ1-1
CASPGLAGEYEQYF	TRBV6-1	TRBJ2-7
CASSFTWTSGGATDTQYF	TRBV11-2	TRBJ2-3
CASGQGNFDIQYF	TRBV6-2	TRBJ2-4
CASPGETEAFF	TRBV6-1	TRBJ1-1
CASSRTGSTYEQYF	TRBV5-6	TRBJ2-7
CASSQDLFTGGYTF	TRBV4-1	TRBJ1-2
CASSIGTGGSQPQHF	TRBV7-2	TRBJ1-5
CASSKLGTSEETQYF	TRBV5-6	TRBJ2-5
