CASSISSTGELFF	TRBV19	TRBJ2-2
CASSIGVYGYTF	TRBV19	TRBJ1-2
CASSIRSSYEQYF	TRBV19	TRBJ2-7
CASSIRASYEQYF	TRBV19	TRBJ2-7
CASSGRAAGELFF	TRBV19	TRBJ2-2
CASSVRSSYEQYF	TRBV19	TRBJ2-7
CASSTRAADTQYF	TRBV19	TRBJ2-3
CASSGTSGTEQYF	TRBV19	TRBJ2-7
CASSIRAGETQYF	TRBV19	TRBJ2-5
CASSIRSGAEQYF	TRBV19	TRBJ2-7
CASSIRSTGELFF	TRBV19	TRBJ2-2
CASSIRAAYEQYF	TRBV19	TRBJ2-7
CASSVRSADTQYF	TRBV9	TRBJ2-3
CASSIGSYGYTF	TRBV19	TRBJ1-2
CASSIHSTDTQYF	TRBV19	TRBJ2-3
CASSVDGGGLDEQFF	TRBV9	TRBJ2-1
CASSTSGGGTEAFF	TRBV19	TRBJ1-1
CASSIRSAYEQYF	TRBV19	TRBJ2-7
CASSGTSVHEQYF	TRBV19	TRBJ2-7
CASSIRSAYEQFF	TRBV19	TRBJ2-1
CASSSRSTDTQYF	TRBV19	TRBJ2-3
CASSIFSVSNEQYF	TRBV19	TRBJ2-7
CASSGRSTGELFF	TRBV19	TRBJ2-2
CASSTRSSYEQYF	TRBV19	TRBJ2-7
CASSGTGAGEQYF	TRBV19	TRBJ2-7
CASSQRASYEQYF	TRBV19	TRBJ2-7
CASSVGQPQHF	TRBV19	TRBJ1-5
CASSIRSTNEQFF	TRBV19	TRBJ2-1
CASSVRSSGEQFF	TRBV19	TRBJ2-1
CASSLIFPGRAFF	TRBV27	TRBJ1-1
CASSIGLYGYTF	TRBV19	TRBJ1-2
CSVEDGYEQYF	TRBV29-1	TRBJ2-7
CASSNSEGSGANVLTF	TRBV19	TRBJ2-6
CASSPLYVALREQYF	TRBV14	TRBJ2-7
CASTSGNTGELFF	TRBV13	TRBJ2-2
CASSPTVAGEQFF	TRBV27	TRBJ2-1
CASNPLSAGNQPQHF	TRBV27	TRBJ1-5
CASSEDQGLTATYEQYF	TRBV10-1	TRBJ2-7
CSARVPDSNTGELFF	TRBV20-1	TRBJ2-2
CASSSPRTGYNYGYTF	TRBV28	TRBJ1-2
CASSPTSGGNNEQFF	TRBV6-1	TRBJ2-1
CASSQDRGVLVLIDQPQHF	TRBV14	TRBJ1-5
CSARTEGAEAFF	TRBV20-1	TRBJ1-1
CASSYWTGSSAETQYF	TRBV14	TRBJ2-5
CSARTSGDFGEQFF	TRBV20-1	TRBJ2-1
CASSEVGVFEAFF	TRBV2	TRBJ1-1
CASSLGVNTEAFF	TRBV14	TRBJ1-1
CASSDGDHSYEQYF	TRBV6-1	TRBJ2-7
CASSQVGPGETQYF	TRBV4-1	TRBJ2-5
CASASGGFGDEQYF	TRBV6-1	TRBJ2-7
CASRVVEGIAEAFF	TRBV2	TRBJ1-1
CASSQDPWAGSAFF	TRBV4-1	TRBJ1-1
CASSFPSRGANYGYTF	TRBV7-9	TRBJ1-2
CAWSVTSTGGTEAFF	TRBV30	TRBJ1-1
CASSQDPDTQYF	TRBV4-2	TRBJ2-3
CATSVTGDPNTEAFF	TRBV15	TRBJ1-1
CASSAGTSPTDTQYF	TRBV6-4	TRBJ2-3
CASSQVGPNEKLFF	TRBV4-1	TRBJ1-4
CASSQGGPVGNQPQHF	TRBV14	TRBJ1-5
CASSLVPSDQETQYF	TRBV5-4	TRBJ2-5
CASSELEAYGYTF	TRBV6-1	TRBJ1-2
CASSAGLAPDEQYF	TRBV6-1	TRBJ2-7
CASSPGTDYGYTF	TRBV5-5	TRBJ1-2
CASSLGGYGYTF	TRBV27	TRBJ1-2
CASNEDSNYGYTF	TRBV6-1	TRBJ1-2
CATSDLGLAGDTQYF	TRBV24-1	TRBJ2-3
CASSSPAGGPTDTQYF	TRBV13	TRBJ2-3
CSFRDLSSYNEQFF	TRBV29-1	TRBJ2-1
CASSPALGDQETQYF	TRBV19	TRBJ2-5
CASRPGQHTGELFF	TRBV6-4	TRBJ2-2
CSVEEGLQTGELFF	TRBV29-1	TRBJ2-2
CSAETGNTEAFF	TRBV20-1	TRBJ1-1
CASSEVADYNEQFF	TRBV9	TRBJ2-1
CASSLEGDTEAFF	TRBV5-4	TRBJ1-1
CASSEFQGDNEQFF	TRBV2	TRBJ2-1
CASSDGSFNEQFF	TRBV25-1	TRBJ2-1
CASSVGDLLTGELFF	TRBV9	TRBJ2-2
CATSDLEGWTQYF	TRBV24-1	TRBJ2-5
CANPPGSSYNEQFF	TRBV4-3	TRBJ2-1
CSATRLAGGPTDTQYF	TRBV20-1	TRBJ2-3
CASSVALGNQETQYF	TRBV19	TRBJ2-5
CASSQAGSSYEQYF	TRBV4-2	TRBJ2-7
CSAEQGNTEAFF	TRBV20-1	TRBJ1-1
CASSPGTGGNEQYF	TRBV2	TRBJ2-7
CASSLDLPGPEGETQYF	TRBV11-2	TRBJ2-5
CASSQEPSGMVSRDNEQFF	TRBV4-3	TRBJ2-1
CSAEDGNSPLHF	TRBV20-1	TRBJ1-6
CSAEDGNTEAFF	TRBV20-1	TRBJ1-1
CAWSPAGLAMYEQYF	TRBV30	TRBJ2-7
CASSTGTGGPSGTGELFF	TRBV28	TRBJ2-2
CSARDRVEEKLFF	TRBV20-1	TRBJ1-4
CASSEAGGPGYEQYF	TRBV6-1	TRBJ2-7
CSVRDISTNEKLFF	TRBV29-1	TRBJ1-4
CSAESGNTEAFF	TRBV20-1	TRBJ1-1
CASSSTAADEQFF	TRBV6-6	TRBJ2-1
CATSSEATGVGETQYF	TRBV15	TRBJ2-5
CASSSRVGDTGELFF	TRBV27	TRBJ2-2
CASSSPSGVYNEQFF	TRBV6-6	TRBJ2-1
CASTPGGAGDEQYF	TRBV7-8	TRBJ2-7
CASSSGGDERYTGELFF	TRBV19	TRBJ2-2
CSARDRREEKLFF	TRBV20-1	TRBJ1-4
CASSQVASDQETQYF	TRBV4-3	TRBJ2-5
CASSQGGRTGELFF	TRBV4-3	TRBJ2-2
CASSDSAGELFF	TRBV7-8	TRBJ2-2
CASNPVIGDEQYF	TRBV27	TRBJ2-7
CASSLAGGLAGPSYEQYF	TRBV7-8	TRBJ2-7
CASSDLAGTSGTNTYEQYF	TRBV7-2	TRBJ2-7
CASSVNPAQGSGANVLTF	TRBV9	TRBJ2-6
CASSSIGVAGEETQYF	TRBV7-2	TRBJ2-5
CASSQSPTGAIHEQYF	TRBV4-2	TRBJ2-7
CASSTAGHQPQHF	TRBV27	TRBJ1-5
CASSQVASNQETQYF	TRBV14	TRBJ2-5
CASSSLIQANTEAFF	TRBV28	TRBJ1-1
CSAETGNTEQFF	TRBV20-1	TRBJ2-1
CASNDPPGATNNEQFF	TRBV2	TRBJ2-1
CASSVELSTDTQYF	TRBV9	TRBJ2-3
CSARDRGDEKLFF	TRBV20-1	TRBJ1-4
CASSTPGDEQYF	TRBV5-4	TRBJ2-7
CASSESPIGDEPLHF	TRBV9	TRBJ1-6
CASSEITTARNQYEQYF	TRBV10-1	TRBJ2-7
CASSQVGTTLETQYF	TRBV4-2	TRBJ2-5
CASSGNEQDLQPQHF	TRBV6-1	TRBJ1-5
CSALYPLAGPGNEQFF	TRBV20-1	TRBJ2-1
CASSLIFRDGEKLFF	TRBV12-4	TRBJ1-4
CSADNVAGGPGSEQFF	TRBV20-1	TRBJ2-1
CASSPGTPTDTQYF	TRBV27	TRBJ2-3
CSGETGNTEAFF	TRBV29-1	TRBJ1-1
CSASQDPYEQYF	TRBV20-1	TRBJ2-7
CASSETTGPAYEQYF	TRBV6-1	TRBJ2-7
CASSASRVGEDTQYF	TRBV6-6	TRBJ2-3
CASSEPRDEQFF	TRBV6-1	TRBJ2-1
CASSFLGPEGEKLFF	TRBV12-4	TRBJ1-4
CASSQEGAGADEQFF	TRBV4-2	TRBJ2-1
CASSVDLKAGEEGEQFF	TRBV9	TRBJ2-1
CASSHGGPPTFYGYTF	TRBV3-1	TRBJ1-2
CASCQGGGPSMETQYF	TRBV6-6	TRBJ2-5
CASSAGGQVEEQYF	TRBV7-8	TRBJ2-7
CASSELTGGGYEQYF	TRBV6-1	TRBJ2-7
CASSGNGQDLQPQHF	TRBV6-1	TRBJ1-5
CASSHPEGDVLTF	TRBV14	TRBJ2-6
CASSQSGGGIGNSPLHF	TRBV4-2	TRBJ1-6
CASSTGTGVFEDTEAFF	TRBV12-3	TRBJ1-1
CASSWTQGDEQYF	TRBV5-4	TRBJ2-7
CASSYFEGQPQHF	TRBV6-2	TRBJ1-5
CSARDRGREKLFF	TRBV20-1	TRBJ1-4
CSGSQDPYEQYF	TRBV20-1	TRBJ2-7
CTAEAGNTEAFF	TRBV7-2	TRBJ1-1
CASSIGAYGYTF	TRBV19	TRBJ1-2
CASSTSHVGTEAFF	TRBV6-1	TRBJ1-1
CASSTYSIDTQYF	TRBV19	TRBJ2-3
CASSDRSGTEQYF	TRBV19	TRBJ2-7
CASSIRSGDTQYF	TRBV19	TRBJ2-3
CASSIRSTYEQYF	TRBV19	TRBJ2-7
CASSTRSQETQYF	TRBV19	TRBJ2-5
CASSTRSAYEQYF	TRBV19	TRBJ2-7
CASSSRAGGEQYF	TRBV19	TRBJ2-7
CASSMRSGANVLTF	TRBV19	TRBJ2-6
CASSGRSTDTQYF	TRBV19	TRBJ2-3
CASSGLAGLNEQFF	TRBV19	TRBJ2-1
CASSEDTGAQETQYF	TRBV2	TRBJ2-5
CASSVRSAGELFF	TRBV19	TRBJ2-2
CASSPDQETSYTDTQYF	TRBV9	TRBJ2-3
CASSISLAAEQFF	TRBV19	TRBJ2-1
CASNPSSTDTQYF	TRBV19	TRBJ2-3
CASSTRSGWEQYF	TRBV19	TRBJ2-7
CASSIRSTDTQYF	TRBV19	TRBJ2-3
CASSIRSDEKLFF	TRBV19	TRBJ1-4
CASSTRSTGELFF	TRBV19	TRBJ2-2
CASSLERGNTEAFF	TRBV7-8	TRBJ1-1
CASSTGSYGYTF	TRBV19	TRBJ1-2
CASSVGSYGYTF	TRBV19	TRBJ1-2
CASSMDRFTNQPQHF	TRBV19	TRBJ1-5
CASSFGGRGLGFSGNTIYF	TRBV27	TRBJ1-3
CASSTPRQGSNTGELFF	TRBV2	TRBJ2-2
CASSTLAGGQETQYF	TRBV6-6	TRBJ2-5
CASSIYGGAGDGYTF	TRBV19	TRBJ1-2
CASSIRSGYEQYF	TRBV19	TRBJ2-7
CASSSFGGRELFF	TRBV19	TRBJ2-2
CASSALSGRAIDEQYF	TRBV9	TRBJ2-7
CASSFGSYGYTF	TRBV19	TRBJ1-2
CASSQDPGDEQFF	TRBV4-1	TRBJ2-1
CASSARSGEPQHF	TRBV19	TRBJ1-5
CASSYRSTGELFF	TRBV19	TRBJ2-2
CASSQEWLAVSTDTQYF	TRBV4-3	TRBJ2-3
CASSGLNEQFF	TRBV6-5	TRBJ2-1
CASSYRVDSNQPQHF	TRBV6-2	TRBJ1-5
CASSTGTLYGYTF	TRBV19	TRBJ1-2
CASSQGSYGYTF	TRBV19	TRBJ1-2
CASSWGAYGYTF	TRBV19	TRBJ1-2
CASSSDPRYGYTF	TRBV12-4	TRBJ1-2
CASSLSGNRQETQYF	TRBV2	TRBJ2-5
CASSMRSAYEQYF	TRBV19	TRBJ2-7
CASSTRATGELFF	TRBV19	TRBJ2-2
CASSLTGAGYEQYF	TRBV4-3	TRBJ2-7
CASSVRSAYEQYF	TRBV19	TRBJ2-7
CASSSRSGTEQFF	TRBV19	TRBJ2-1
CASSSFLGAEAFF	TRBV19	TRBJ1-1
CASSLGPITGLPYNEQFF	TRBV5-6	TRBJ2-1
CASAGTGVEKLFF	TRBV19	TRBJ1-4
CASSTRAAYEQYF	TRBV19	TRBJ2-7
CSARRQRSTDTQYF	TRBV20-1	TRBJ2-3
CASSMRASYEQYF	TRBV19	TRBJ2-7
CASSWGGGSHYGYTF	TRBV7-2	TRBJ1-2
CASSSRSSYEQYF	TRBV19	TRBJ2-7
CASPAGNTEAFF	TRBV12-5	TRBJ1-1
CASSLGFTDTQYF	TRBV27	TRBJ2-3
CASSQGSWGYTF	TRBV19	TRBJ1-2
CASSFGQGAEKLFF	TRBV27	TRBJ1-4
CASSARSSTEQYF	TRBV19	TRBJ2-7
CASSKARSLGNRGNEQFF	TRBV19	TRBJ2-1
CASSIRSQETQYF	TRBV19	TRBJ2-5
CASSLGTANYGYTF	TRBV5-4	TRBJ1-2
CASSAGAYGYTF	TRBV19	TRBJ1-2
CASSYYSNQPQHF	TRBV19	TRBJ1-5
CASSSRSGETQYF	TRBV19	TRBJ2-5
CASSVDGDTSTDTQYF	TRBV9	TRBJ2-3
CASSLERGTDTQYF	TRBV5-1	TRBJ2-3
CASSQRSTDTQYF	TRBV19	TRBJ2-3
CASSTRSGYEQYF	TRBV19	TRBJ2-7
CASSGRSSQPQHF	TRBV19	TRBJ1-5
CASSARSTGELFF	TRBV19	TRBJ2-2
CASSMVSQGEQFF	TRBV19	TRBJ2-1
CASSQGNYGYTF	TRBV19	TRBJ1-2
CASSTRSDSPLHF	TRBV19	TRBJ1-6
CASSKGTSGSSLGNEQFF	TRBV19	TRBJ2-1
CASSLGDNTEAFF	TRBV7-9	TRBJ1-1
CASSIRSGNEQYF	TRBV19	TRBJ2-7
CASSQRPSEVGELFF	TRBV4-2	TRBJ2-2
CASSTHGADEQYF	TRBV19	TRBJ2-7
CASSMRSTGELFF	TRBV19	TRBJ2-2
CASSSPWGQGPHEQYF	TRBV12-4	TRBJ2-7
CASSPSSSYEQYF	TRBV12-4	TRBJ2-7
CASSHRSSYEQYF	TRBV19	TRBJ2-7
CASSSFSANEKLFF	TRBV19	TRBJ1-4
CASSIRSLDTQYF	TRBV19	TRBJ2-3
CASSDRSNTEAFF	TRBV19	TRBJ1-1
CASSIFYSSTDTQYF	TRBV19	TRBJ2-3
CASRPKQGGGGNEQFF	TRBV27	TRBJ2-1
CASSMRASVEQFF	TRBV19	TRBJ2-1
CASKRGMSNQPQHF	TRBV10-1	TRBJ1-5
CASSIYSGGYNEQFF	TRBV19	TRBJ2-1
CASSLVEGGLAGSYNEQFF	TRBV7-6	TRBJ2-1
CASSFSGNTGELFF	TRBV12-3	TRBJ2-2
CASSLRDGSEAFF	TRBV5-6	TRBJ1-1
CASSIRSGTEAFF	TRBV19	TRBJ1-1
CASSPRSTDTQYF	TRBV19	TRBJ2-3
CASSDRSNQPQHF	TRBV19	TRBJ1-5
CASSIGYYGYTF	TRBV19	TRBJ1-2
CASSIGSHGYTF	TRBV19	TRBJ1-2
CASSLRSSYEQYF	TRBV19	TRBJ2-7
CASSIHTANQPQHF	TRBV19	TRBJ1-5
CASSLYEQYF	TRBV7-2	TRBJ2-7
CASSMRSGSEQFF	TRBV19	TRBJ2-1
CASSIRGAYEQYF	TRBV19	TRBJ2-7
CASSIRSGETQYF	TRBV19	TRBJ2-5
CASSIRAAGELFF	TRBV19	TRBJ2-2
CASRRDGPSYEQYF	TRBV28	TRBJ2-7
CASSMGSYGYTF	TRBV19	TRBJ1-2
CASSPFGSDEQFF	TRBV19	TRBJ2-1
CASSYHSNQPQHF	TRBV19	TRBJ1-5
CASSIRSSYEQFF	TRBV19	TRBJ2-1
CASSMRSTNEQFF	TRBV19	TRBJ2-1
CASSVDPAQETQYF	TRBV9	TRBJ2-5
CASSFQGTTGANVLTF	TRBV11-3	TRBJ2-6
CASSTFSSGRTEAFF	TRBV19	TRBJ1-1
CATSQGAYGYTF	TRBV15	TRBJ1-2
CASSTGVYGYTF	TRBV19	TRBJ1-2
CASSIRSNYEQYF	TRBV19	TRBJ2-7
CSASAPTSYEQYF	TRBV20-1	TRBJ2-7
CASSDSYLEGGYTF	TRBV6-4	TRBJ1-2
CASSLEWGGETQYF	TRBV5-1	TRBJ2-5
CASSLVVTSGFNEQFF	TRBV7-7	TRBJ2-1
CASSQGLAGSEQYF	TRBV4-3	TRBJ2-7
CASSLFGRDLGGYTF	TRBV12-3	TRBJ1-2
CASSQGAYGYTF	TRBV19	TRBJ1-2
CASSYSYEQYF	TRBV7-2	TRBJ2-7
CASSIRSADTQYF	TRBV19	TRBJ2-3
CASSQEGGLDYGYTF	TRBV4-1	TRBJ1-2
CASAPDGFFYGYTF	TRBV12-5	TRBJ1-2
CATTPGGSLSGYTF	TRBV5-4	TRBJ1-2
CASSPASGNEQYF	TRBV27	TRBJ2-7
CASSIRSSETQYF	TRBV19	TRBJ2-5
CASSIRAATEAFF	TRBV19	TRBJ1-1
CASSIGAYRYTF	TRBV19	TRBJ1-2
CASSSRSGVEQYF	TRBV19	TRBJ2-7
CATSQRSTDTQYF	TRBV15	TRBJ2-3
CASSIFGGSSYNEQFF	TRBV19	TRBJ2-1
CASSIRSNTEAFF	TRBV19	TRBJ1-1
CASSYSTGTVDYEQYF	TRBV6-5	TRBJ2-7
CASSFGEQFF	TRBV7-2	TRBJ2-1
CASAFYSNQPQHF	TRBV19	TRBJ1-5
CASSLGVAGTNTGELFF	TRBV11-2	TRBJ2-2
CASGVYSNQPQHF	TRBV19	TRBJ1-5
CASSIGLGEQYF	TRBV19	TRBJ2-7
CASSPGRVYGYTF	TRBV27	TRBJ1-2
CASDTGGGYGYTF	TRBV19	TRBJ1-2
CASSLGSYGYTF	TRBV19	TRBJ1-2
CASSTRSTDTQYF	TRBV19	TRBJ2-3
CASSIRAGYTEAFF	TRBV19	TRBJ1-1
CASSIMALGRSEAFF	TRBV19	TRBJ1-1
CASSVHGGANTEAFF	TRBV19	TRBJ1-1
CASSDRSGNTIYF	TRBV19	TRBJ1-3
CRVGQVMVLCTF	TRBV20-1	TRBJ1-2
CASSYLRTGSVRYNEQFF	TRBV6-3	TRBJ2-1
CASSLRAGIEQYF	TRBV19	TRBJ2-7
CASSLEGGTTPFYEQYF	TRBV7-2	TRBJ2-7
CASSVRAGETQYF	TRBV19	TRBJ2-5
CASSFKDNGETQYF	TRBV28	TRBJ2-5
CASSLGRTNQPQHF	TRBV11-2	TRBJ1-5
CAWTGTGKIGWDSPLHF	TRBV30	TRBJ1-6
CASSFGQGGEKLFF	TRBV27	TRBJ1-4
CASSPGTGPNQPQHF	TRBV5-1	TRBJ1-5
CSARDYLNSYEQYF	TRBV20-1	TRBJ2-7
CASSLGQQAKNIQYF	TRBV5-8	TRBJ2-4
CASSIRSAWEQFF	TRBV19	TRBJ2-1
CASSSRSAYEQYF	TRBV19	TRBJ2-7
CSARDLTAGSYEQYF	TRBV20-1	TRBJ2-7
CASSIRSTETQYF	TRBV19	TRBJ2-5
CASSPRPDKEAFF	TRBV9	TRBJ1-1
CASSTGAWGYTF	TRBV19	TRBJ1-2
CASSQGPTGGYVSEAFF	TRBV7-3	TRBJ1-1
CASSPTGGPADTQYF	TRBV18	TRBJ2-3
CASSLRASGAQYF	TRBV19	TRBJ2-5
CASSIRASETQYF	TRBV19	TRBJ2-5
CASSTRASEGQYF	TRBV19	TRBJ2-7
CASSYGKPLYSNQPQHF	TRBV6-5	TRBJ1-5
CASSARASEGAFF	TRBV19	TRBJ1-1
CSASPGDYEQYF	TRBV20-1	TRBJ2-7
CASSIRSQDTQYF	TRBV19	TRBJ2-3
CASSTTGTPGNTIYF	TRBV19	TRBJ1-3
CASSDLAGDPTDTQYF	TRBV4-2	TRBJ2-3
CASSEEGRLYNSPLHF	TRBV2	TRBJ1-6
CASSIRSGYEQFF	TRBV19	TRBJ2-1
CASSIGIYGYTF	TRBV19	TRBJ1-2
CASTTVQGGYTF	TRBV19	TRBJ1-2
CASSFRSSETQYF	TRBV19	TRBJ2-5
CASSIRSSNEQFF	TRBV19	TRBJ2-1
CASSRQGVGQPQHF	TRBV4-3	TRBJ1-5
CASSIYSNQPQHF	TRBV19	TRBJ1-5
CASSIRSNQPQHF	TRBV19	TRBJ1-5
CASSVRSSMNTEAFF	TRBV9	TRBJ1-1
CASSGRSGYEQYF	TRBV19	TRBJ2-7
CASSPLAVTYNEQFF	TRBV19	TRBJ2-1
CASSIHSNQPQHF	TRBV19	TRBJ1-5
CASSQRSSYEQYF	TRBV19	TRBJ2-7
CASSPTGSDTGELFF	TRBV6-4	TRBJ2-2
CASSRTASSYNEQFF	TRBV28	TRBJ2-1
CASSIHKNQPQHF	TRBV19	TRBJ1-5
CASSMRASVEQYF	TRBV19	TRBJ2-7
CASSSAGPYGYTF	TRBV19	TRBJ1-2
CASSQDWGQPNTEAFF	TRBV4-3	TRBJ1-1
CASSPRGQSYEQYF	TRBV5-4	TRBJ2-7
CASSIRSGESRAFF	TRBV19	TRBJ1-1
CAISGAARDTQYF	TRBV10-3	TRBJ2-3
CASRQSFNEQFF	TRBV10-2	TRBJ2-1
CASRSAYEQYF	TRBV19	TRBJ2-7
CASSTRAGGVGQFF	TRBV19	TRBJ2-1
CASSVRSTGELFF	TRBV19	TRBJ2-2
CASRTGGFEAFF	TRBV6-3	TRBJ1-1
CSVGTGGAGQPQHF	TRBV29-1	TRBJ1-5
CASSIRAASYNEQFF	TRBV19	TRBJ2-1
CSASWGDYTEAFF	TRBV20-1	TRBJ1-1
CASSHRSTDTQYF	TRBV19	TRBJ2-3
CASSPSGSEQFF	TRBV12-4	TRBJ2-1
CASSVELAPGELFF	TRBV9	TRBJ2-2
CAASGRASETQYF	TRBV19	TRBJ2-5
CASRVDRLPSNEKLFF	TRBV12-4	TRBJ1-4
CASSQRSTGELFF	TRBV19	TRBJ2-2
CSALGGTQYF	TRBV20-1	TRBJ2-3
CASSLGGVSDTQYF	TRBV5-4	TRBJ2-3
CSASTQGALVLTNEQFF	TRBV20-1	TRBJ2-1
CASSTGRNYGYTF	TRBV3-1	TRBJ1-2
CASSQLGRGDNEQFF	TRBV7-9	TRBJ2-1
CASSYGASGAYNEQFF	TRBV6-5	TRBJ2-1
CASSMGAYGYTF	TRBV19	TRBJ1-2
CASSSPGGMETQYF	TRBV7-2	TRBJ2-5
CASSESTLSLTEAFF	TRBV2	TRBJ1-1
CASSSPGHTYEQYF	TRBV7-2	TRBJ2-7
CASSLDPGQGWTNTEAFF	TRBV18	TRBJ1-1
CASSTGAYGYTF	TRBV19	TRBJ1-2
CASSTRSGTEAFF	TRBV19	TRBJ1-1
CASSLAGDSYEQYF	TRBV7-2	TRBJ2-7
CASSAGSYGYTF	TRBV19	TRBJ1-2
CASSFRSSYEQYF	TRBV19	TRBJ2-7
CASSFLTGNTEAFF	TRBV7-6	TRBJ1-1
CASSGRSQETQYF	TRBV19	TRBJ2-5
CASSSRWGYEQYF	TRBV9	TRBJ2-7
CAISDSPNTGELFF	TRBV10-3	TRBJ2-2
CASTSGGSPLHF	TRBV27	TRBJ1-6
CATSDFTDSGANVLTF	TRBV24-1	TRBJ2-6
CSARDRTGNGYTF	TRBV20-1	TRBJ1-2
CASNDRGNGYTF	TRBV6-5	TRBJ1-2
CASSINSNQPQHF	TRBV19	TRBJ1-5
CASSIRSDDIQYF	TRBV19	TRBJ2-4
CASSRTGTSYEQYF	TRBV13	TRBJ2-7
CSARNPSGTNNEQFF	TRBV20-1	TRBJ2-1
CASSQEAGALGETQYF	TRBV4-1	TRBJ2-5
CSANQRTGVRWNEQFF	TRBV20-1	TRBJ2-1
CSVGTGDWGEQYF	TRBV29-1	TRBJ2-7
CASSIRSVHEQFF	TRBV19	TRBJ2-1
CAWVLGPAGDTQYF	TRBV30	TRBJ2-3
CASSPTSGGYNEQFF	TRBV19	TRBJ2-1
CASSMDRGSADTQYF	TRBV19	TRBJ2-3
CASSSGLAGVNEQFF	TRBV7-9	TRBJ2-1
CASSIRAGDNTEAFF	TRBV19	TRBJ1-1
CASSTSNEQPQHF	TRBV19	TRBJ1-5
CASSGRSGETQYF	TRBV19	TRBJ2-5
CASSTSGANQPQHF	TRBV19	TRBJ1-5
CASSIGTDTQYF	TRBV19	TRBJ2-3
CASSLVLGQVYEQYF	TRBV12-3	TRBJ2-7
CASSSIRGPLSGNTIYF	TRBV7-2	TRBJ1-3
CASSLYSATGELFF	TRBV28	TRBJ2-2
CATSTGDSNQPQHF	TRBV15	TRBJ1-5
CASSIVSTDTQYF	TRBV19	TRBJ2-3
CASSPGHPSSYNEQFF	TRBV7-9	TRBJ2-1
CASGRLSYNEQFF	TRBV12-4	TRBJ2-1
CASSSHQRTGVDEQFF	TRBV27	TRBJ2-1
CASSPVTGGGSGANVLTF	TRBV7-9	TRBJ2-6
CASSSRSTGELFF	TRBV19	TRBJ2-2
CASSARSDEKLFF	TRBV19	TRBJ1-4
CASSKRSTGELFF	TRBV19	TRBJ2-2
CASSEGGVETQYF	TRBV13	TRBJ2-5
CASSIVGTGTYEQYF	TRBV19	TRBJ2-7
CASSSTGGGVTEAFF	TRBV19	TRBJ1-1
CASSFLDRGPNTEAFF	TRBV12-3	TRBJ1-1
CRYKGQGVSGANVLTF	TRBV20-1	TRBJ2-6
CASSQDGFGLFNEQFF	TRBV4-1	TRBJ2-1
CASSSFLLSEQYF	TRBV19	TRBJ2-7
CASSMGDRSMGNIQYF	TRBV19	TRBJ2-4
CASAHPRASGSTDTQYF	TRBV7-2	TRBJ2-3
CASSLQDRALSNDEQYF	TRBV7-6	TRBJ2-7
CASSARAGITQYF	TRBV19	TRBJ2-3
CASSPDLGYEQYF	TRBV7-9	TRBJ2-7
CASSLTVLYGYTF	TRBV19	TRBJ1-2
CASSTHGGGNTEAFF	TRBV19	TRBJ1-1
CASSIGVHGYTF	TRBV19	TRBJ1-2
CASSIRSGVEQYF	TRBV19	TRBJ2-7
CASSLRASYEQYF	TRBV19	TRBJ2-7
CASSIRSEYEQYF	TRBV19	TRBJ2-7
CASSMYGGSANEQFF	TRBV19	TRBJ2-1
CASGLPYEQYF	TRBV12-5	TRBJ2-7
CSAEWDRAYNEQFF	TRBV20-1	TRBJ2-1
CATYLSRDRDSPLHF	TRBV24-1	TRBJ1-6
CASSGRSGVEQYF	TRBV19	TRBJ2-7
CASSTRSSVEQYF	TRBV19	TRBJ2-7
CASSRGGLSYNEQFF	TRBV14	TRBJ2-1
CAWSPKTSDTGELFF	TRBV30	TRBJ2-2
CASSIIALDTQYF	TRBV19	TRBJ2-3
CASSLMRGGTYNSPLHF	TRBV13	TRBJ1-6
CASSSRASYEQYF	TRBV19	TRBJ2-7
CASSMRSTDTQYF	TRBV19	TRBJ2-3
CASSQDPSRTYEQYF	TRBV7-9	TRBJ2-7
CASSTGIYGYTF	TRBV19	TRBJ1-2
CASSTRSHEPQHF	TRBV19	TRBJ1-5
CASSVRSTDTQYF	TRBV19	TRBJ2-3
CASSLVGSASGYNSPLHF	TRBV11-3	TRBJ1-6
CASSLGDTEAFF	TRBV7-9	TRBJ1-1
CASSIHGAGTEAFF	TRBV19	TRBJ1-1
CASSLGAYGYTF	TRBV19	TRBJ1-2
CASSARSSYEQYF	TRBV19	TRBJ2-7
CASSGPGGVDEQYF	TRBV5-5	TRBJ2-7
CASSVLNQETQYF	TRBV2	TRBJ2-5
CASSSRAAYEQYF	TRBV19	TRBJ2-7
CASSMVAALGEQFF	TRBV19	TRBJ2-1
CASSSSSRTSNNEQFF	TRBV6-1	TRBJ2-1
CAGRGTDDYGYTF	TRBV19	TRBJ1-2
CASSEEAGEYNEQFF	TRBV6-1	TRBJ2-1
CASSLGTGENEQYF	TRBV11-2	TRBJ2-7
CASSPGGLAGADTQYF	TRBV5-1	TRBJ2-3
CASSSSTGGVSNQPQHF	TRBV7-9	TRBJ1-5
CASSIFGGQPQHF	TRBV19	TRBJ1-5
CASSMRSSYEQYF	TRBV19	TRBJ2-7
CASRAGREAFF	TRBV19	TRBJ1-1
CASSFPPRLYANYGYTF	TRBV11-2	TRBJ1-2
CASSIRSGATQYF	TRBV19	TRBJ2-5
CASSISGANQPQHF	TRBV19	TRBJ1-5
CATAPHSGNQPQHF	TRBV19	TRBJ1-5
CASSFRSGETQYF	TRBV19	TRBJ2-5
CASSPRSDSPLHF	TRBV19	TRBJ1-6
CASSMFGTDTQYF	TRBV19	TRBJ2-3
CASSFGSDYNEQFF	TRBV7-9	TRBJ2-1
CASMELAGLNEQFF	TRBV19	TRBJ2-1
CASSIVALDEQFF	TRBV19	TRBJ2-1
CASSVAGGDTGELFF	TRBV9	TRBJ2-2
CASSIRSTTEAFF	TRBV19	TRBJ1-1
CASSIRSFYEQYF	TRBV19	TRBJ2-7
CASKSGLGGTTEAFF	TRBV19	TRBJ1-1
CASSSTGGGEKDQPQHF	TRBV5-4	TRBJ1-5
CASSTRSTYEQYF	TRBV19	TRBJ2-7
CASSVYSNQPQHF	TRBV19	TRBJ1-5
CASTVFQGGGQPQHF	TRBV19	TRBJ1-5
CASSYRATDTQYF	TRBV19	TRBJ2-3
CASSLYSNQPQHF	TRBV19	TRBJ1-5
CASSLWGDYEQYF	TRBV12-3	TRBJ2-7
CASSIGAHGYTF	TRBV19	TRBJ1-2
CATTYGDRRNTEAFF	TRBV24-1	TRBJ1-1
CASSDRDHRRFF	TRBV10-1	TRBJ1-4
CASSSLGAREQFF	TRBV6-5	TRBJ2-1
CASSMRSSDTQYF	TRBV19	TRBJ2-3
CASSPRSNQPQHF	TRBV19	TRBJ1-5
CASSLQGANEKLFF	TRBV19	TRBJ1-4
CASSVRSTYEQYF	TRBV19	TRBJ2-7
CASSIRSSDEQFF	TRBV19	TRBJ2-1
CASVWQGAYNEQFF	TRBV2	TRBJ2-1
CASSVRHGTEAFF	TRBV19	TRBJ1-1
CASSLNTEAFF	TRBV6-5	TRBJ1-1
CASSIHSGNQPQHF	TRBV19	TRBJ1-5
CASSPQTGAYGYTF	TRBV7-9	TRBJ1-2
CASSIFLGAEAFF	TRBV19	TRBJ1-1
CASSYSINAAVNYGYTF	TRBV6-3	TRBJ1-2
CASSTYSTGSGYTF	TRBV19	TRBJ1-2
CASSIFGQVDAFF	TRBV19	TRBJ1-1
CASSMRAGETQYF	TRBV19	TRBJ2-5
CASSTTSGGLNEQFF	TRBV19	TRBJ2-1
CASKGTSGGVNEQFF	TRBV19	TRBJ2-1
CASSLGLYGYTF	TRBV19	TRBJ1-2
CSACRDREPDTQYF	TRBV29-1	TRBJ2-3
CASSPRSSQPQHF	TRBV19	TRBJ1-5
CASSSRDGGTDTQYF	TRBV7-9	TRBJ2-3
CATSQGSYGYTF	TRBV15	TRBJ1-2
CASSIRSSLEQYF	TRBV19	TRBJ2-7
CASSQHGTSNEQFF	TRBV6-1	TRBJ2-1
CASSTRSSNEQFF	TRBV19	TRBJ2-1
CASSWRSTDTQYF	TRBV19	TRBJ2-3
CASSLTTGGRNEQFF	TRBV13	TRBJ2-1
CASSDSIQSTDTQYF	TRBV6-4	TRBJ2-3
CASSTHPGNEQYF	TRBV19	TRBJ2-7
CASSIRSSNEQYF	TRBV19	TRBJ2-7
CASSPRAGWETQYF	TRBV19	TRBJ2-5
CASSLYASYEQYF	TRBV19	TRBJ2-7
CASSMRSADTQYF	TRBV19	TRBJ2-3
CASSIRAAETQYF	TRBV19	TRBJ2-5
CASSIFYRAEAFF	TRBV19	TRBJ1-1
CASTLGNTEAFF	TRBV12-4	TRBJ1-1
CASSYQGEAFF	TRBV7-9	TRBJ1-1
CASSLLSGTSHEQYF	TRBV7-9	TRBJ2-7
CASSHRSGQPQHF	TRBV19	TRBJ1-5
CASSDPSFFLTNTEAFF	TRBV6-4	TRBJ1-1
CASSVRSSDTQYF	TRBV19	TRBJ2-3
CASSVDSGSDYEQYF	TRBV9	TRBJ2-7
CASSTRAGDTQYF	TRBV19	TRBJ2-3
CASSFLATDEQFF	TRBV19	TRBJ2-1
CASSWLSNQPQHF	TRBV19	TRBJ1-5
CASSTSTGTGYGYTF	TRBV4-1	TRBJ1-2
CSAETGVGQPQHF	TRBV20-1	TRBJ1-5
CASSDSSGGLYNEQFF	TRBV6-6	TRBJ2-1
CSARDIERTGELFF	TRBV20-1	TRBJ2-2
CASSTRSSETQYF	TRBV19	TRBJ2-5
CASSLPGTGGSPLHF	TRBV27	TRBJ1-6
CASSIVSNQPQHF	TRBV19	TRBJ1-5
CSAPPGDHTEAFF	TRBV20-1	TRBJ1-1
CASSGRSADTQYF	TRBV19	TRBJ2-3
CASSIRSSHEQYF	TRBV19	TRBJ2-7
CASSVEAAGAGELFF	TRBV9	TRBJ2-2
CASSFRSTDTQYF	TRBV19	TRBJ2-3
CASTLGERNPRGYTF	TRBV7-9	TRBJ1-2
CASSEISGTPQHF	TRBV19	TRBJ1-5
CASSYPPSGVSTDTQYF	TRBV6-6	TRBJ2-3
CASSIYSGPGNTIYF	TRBV19	TRBJ1-3
CASSIRSGNEQFF	TRBV19	TRBJ2-1
CASSARSSNEQFF	TRBV19	TRBJ2-1
CASSFRAPYGYTF	TRBV19	TRBJ1-2
CASSMRSGVEQYF	TRBV19	TRBJ2-7
CASSTRASYEQYF	TRBV19	TRBJ2-7
CASSSGLAGGNEQFF	TRBV7-9	TRBJ2-1
CASSLSSGTYEQYF	TRBV9	TRBJ2-7
CASSSRASHEQYF	TRBV19	TRBJ2-7
CASSLQNTEAFF	TRBV5-6	TRBJ1-1
CASSPTGSVAEQYF	TRBV18	TRBJ2-7
CASSDPPGSSYNEQFF	TRBV6-5	TRBJ2-1
CAWSFLDVTAGTEAFF	TRBV30	TRBJ1-1
CASSIRSVDTQYF	TRBV19	TRBJ2-3
CASSFYSNQPQHF	TRBV19	TRBJ1-5
CASSGRSNTEAFF	TRBV19	TRBJ1-1
CASSSRSANEQFF	TRBV19	TRBJ2-1
CSVGSGEDSPQYF	TRBV29-1	TRBJ2-3
CASSTYSNQPQHF	TRBV19	TRBJ1-5
CASSQFFGNTIYF	TRBV19	TRBJ1-3
CASSFRSADTQYF	TRBV19	TRBJ2-3
CSARALPVGNTIYF	TRBV20-1	TRBJ1-3
CASSPRTGNSGANVLTF	TRBV7-8	TRBJ2-6
CASSFRSGIEQYF	TRBV19	TRBJ2-7
CASSIRSGHEQYF	TRBV19	TRBJ2-7
CASSMRSSHEQYF	TRBV19	TRBJ2-7
CASSSLDVAGYEQYF	TRBV12-3	TRBJ2-7
CASGNKDIHNEQFF	TRBV12-5	TRBJ2-1
CASSIHGLETQYF	TRBV19	TRBJ2-5
CASSHYSVNEQFF	TRBV19	TRBJ2-1
CASSSRSQYEQYF	TRBV19	TRBJ2-7
CASSLGRVSEQYF	TRBV27	TRBJ2-7
CASSPRSGNTIYF	TRBV19	TRBJ1-3
CASSLGDPVWNTQYF	TRBV5-6	TRBJ2-3
CASSKRSQEPQHF	TRBV19	TRBJ1-5
CASSIRSSEPQHF	TRBV19	TRBJ1-5
CASSKRSNQPQHF	TRBV19	TRBJ1-5
CASSSGLVSNTGELFF	TRBV9	TRBJ2-2
CASSITSTGELFF	TRBV19	TRBJ2-2
CASSSYSYEQYF	TRBV5-6	TRBJ2-7
CASSQGAGELFF	TRBV12-4	TRBJ2-2
CASSPEDRVGDNTEAFF	TRBV11-1	TRBJ1-1
CASSTGQPQHF	TRBV19	TRBJ1-5
CASSIRASVEQYF	TRBV19	TRBJ2-7
CASSIFGSSNQPQHF	TRBV19	TRBJ1-5
CASSLRREGEVGQPQHF	TRBV7-3	TRBJ1-5
CASSMRAAYEQYF	TRBV19	TRBJ2-7
CASSPRSGVEQFF	TRBV19	TRBJ2-1
CASSKRSTDTQYF	TRBV19	TRBJ2-3
CASSTYSRQPQHF	TRBV19	TRBJ1-5
CASSGRAGDTQYF	TRBV19	TRBJ2-3
CASSFRSSEKLFF	TRBV19	TRBJ1-4
CASSYPEQGTSNEKLFF	TRBV6-6	TRBJ1-4
CASSPHGGQPRTGQHF	TRBV19	TRBJ1-5
CASSLAGDGSYNEQFF	TRBV7-9	TRBJ2-1
CSVGTGDYEQYF	TRBV29-1	TRBJ2-7
CASSLEAGNTEAFF	TRBV7-8	TRBJ1-1
CASSKRSGAEAFF	TRBV19	TRBJ1-1
CASSQVVGNTIYF	TRBV4-2	TRBJ1-3
CASSYPGTGTSNQPQHF	TRBV6-6	TRBJ1-5
CASSFLIGELFF	TRBV7-2	TRBJ2-2
CASSGRAAYEQYF	TRBV19	TRBJ2-7
CASSARSSSEQYF	TRBV19	TRBJ2-7
CAISDGDSTYGYTF	TRBV10-3	TRBJ1-2
CSARDGRREYEQYF	TRBV20-1	TRBJ2-7
CASSPRDSGVTGELFF	TRBV9	TRBJ2-2
CASSSRSGYEQYF	TRBV19	TRBJ2-7
CASIDRPATNEKLFF	TRBV7-9	TRBJ1-4
CASSDDPGFGQPQHF	TRBV6-1	TRBJ1-5
CASSGGVSGGAGETQYF	TRBV12-3	TRBJ2-5
CASSMIGETQYF	TRBV19	TRBJ2-5
CASSYAETQYF	TRBV6-5	TRBJ2-5
CASSYRSSYEQYF	TRBV19	TRBJ2-7
CASSIISVDTQYF	TRBV19	TRBJ2-3
CASSSGGPFYEQYF	TRBV11-2	TRBJ2-7
CASSIFQNEKLFF	TRBV19	TRBJ1-4
CSARLAGLTYNEQFF	TRBV20-1	TRBJ2-1
CASSLDTQYF	TRBV7-9	TRBJ2-3
CASSLTVAGVYPGYEQYF	TRBV7-9	TRBJ2-7
CATSYEDNSGANVLTF	TRBV15	TRBJ2-6
CASSPTSNTEAFF	TRBV19	TRBJ1-1
CASSLGMRGGWDEQFF	TRBV7-8	TRBJ2-1
CASYDFTEAFF	TRBV19	TRBJ1-1
CASSYTGGLRYGYTF	TRBV12-3	TRBJ1-2
CSARGGFLSPLHF	TRBV20-1	TRBJ1-6
CASSKRSSYEQYF	TRBV19	TRBJ2-7
CASSSPQGVSNTEAFF	TRBV7-6	TRBJ1-1
CASSLGDRAGGYTF	TRBV12-3	TRBJ1-2
CASSLGGGNEAFF	TRBV7-9	TRBJ1-1
CASSHFPPPYEQYF	TRBV27	TRBJ2-7
CASSSSGGAGELFF	TRBV19	TRBJ2-2
CASSEGSYGYTF	TRBV19	TRBJ1-2
CASSIYSRGDEQFF	TRBV19	TRBJ2-1
CAASTRSTDTQYF	TRBV19	TRBJ2-3
CASSARSADTQYF	TRBV19	TRBJ2-3
CASTFGQAPPAFF	TRBV19	TRBJ1-1
CASSLAQRSEQYF	TRBV27	TRBJ2-7
CASSYNPRTEVSNQPQHF	TRBV6-3	TRBJ1-5
CASSSAAAYEQYF	TRBV7-9	TRBJ2-7
CASSYSLQGGLDEQYF	TRBV6-3	TRBJ2-7
CASSLAQGGALRGYTF	TRBV7-6	TRBJ1-2
CASSTRSGDTQYF	TRBV19	TRBJ2-3
CATSDQKTGSTPGELFF	TRBV24-1	TRBJ2-2
CASSYGFPTSGGNTGELFF	TRBV6-6	TRBJ2-2
CASSIRSSGELFF	TRBV19	TRBJ2-2
CATSRDLASQAFF	TRBV15	TRBJ1-1
CASTTGVNTIYF	TRBV6-6	TRBJ1-3
CATSDVTGGLVGNQPQHF	TRBV24-1	TRBJ1-5
CASSWRSNQPQHF	TRBV19	TRBJ1-5
CASSIRSSFEAFF	TRBV19	TRBJ1-1
CSAQSGPGEVEKLFF	TRBV20-1	TRBJ1-4
CASSLERSTDTQYF	TRBV5-1	TRBJ2-3
CASSTRSNQPQHF	TRBV19	TRBJ1-5
CASSARSSDTQYF	TRBV19	TRBJ2-3
CASSRLSNQPQHF	TRBV19	TRBJ1-5
CASSTSEGGLFYEQYF	TRBV7-9	TRBJ2-7
CASSYRLAGASQETQYF	TRBV6-3	TRBJ2-5
CASSLVGGTDEKLFF	TRBV7-9	TRBJ1-4
CASSYSTSGNTIYF	TRBV6-5	TRBJ1-3
CASSEGTVTEAFF	TRBV6-1	TRBJ1-1
CASQGVSYNSPLHF	TRBV6-5	TRBJ1-6
CASSLPRTPGRNTEAFF	TRBV7-2	TRBJ1-1
CATSTGSYGYTF	TRBV15	TRBJ1-2
CASSPKDIRVYNEQFF	TRBV9	TRBJ2-1
CSVGSGDHGEQFF	TRBV29-1	TRBJ2-1
CASSEGEAVYNSPLHF	TRBV11-2	TRBJ1-6
CATNGRGGYYNEQFF	TRBV30	TRBJ2-1
CASSQDRVRETQYF	TRBV14	TRBJ2-5
CASSGTSGGYEQYF	TRBV19	TRBJ2-7
CASSLLWAEYNEQFF	TRBV4-1	TRBJ2-1
CSLQGGRYNEQFF	TRBV29-1	TRBJ2-1
CASSIGAWGYTF	TRBV19	TRBJ1-2
CASLISGTDTQYF	TRBV11-2	TRBJ2-3
CSANRPGTEHSNQPQHF	TRBV20-1	TRBJ1-5
CASSPLWVAGGRETQYF	TRBV3-1	TRBJ2-5
CASSEGQVSPGELFF	TRBV2	TRBJ2-2
CASSTTPETQYF	TRBV5-4	TRBJ2-5
CASSVAVGTGSGANVLTF	TRBV9	TRBJ2-6
CASSHRSNQPQHF	TRBV19	TRBJ1-5
CSAPRGSGTIDTQYF	TRBV20-1	TRBJ2-3
CASSIGVWGYTF	TRBV19	TRBJ1-2
CASSLAGAGGYTF	TRBV27	TRBJ1-2
CASSLADPLPSGQYF	TRBV7-6	TRBJ2-7
CASSTHSGNQPQHF	TRBV19	TRBJ1-5
CASSIFGAGELFF	TRBV19	TRBJ2-2
CASSIFTIEPQHF	TRBV19	TRBJ1-5
CASSSDRDNTGELFF	TRBV13	TRBJ2-2
CASSQEHNSGPYEQYF	TRBV4-1	TRBJ2-7
CASSVRSGWQPQHF	TRBV19	TRBJ1-5
CASSIGGGNQPQHF	TRBV19	TRBJ1-5
CASSHGTVETEAFF	TRBV4-1	TRBJ1-1
CASSIRASHEQFF	TRBV19	TRBJ2-1
CASSIRSSDTQYF	TRBV19	TRBJ2-3
CASRGAGELFF	TRBV2	TRBJ2-2
CASSEKDRTVGTDTQYF	TRBV2	TRBJ2-3
CASSIRSTEGAFF	TRBV19	TRBJ1-1
CASGMTGLTSEQYF	TRBV6-3	TRBJ2-7
CASSPLSTDTQYF	TRBV19	TRBJ2-3
CASSLQSSYEQYF	TRBV27	TRBJ2-7
CASSFGVHGYTF	TRBV19	TRBJ1-2
CASSQGTSGFWQFF	TRBV3-1	TRBJ2-1
CASSILSNQPQHF	TRBV19	TRBJ1-5
CASSGGITVYGYTF	TRBV2	TRBJ1-2
CASSIRSAQPQHF	TRBV19	TRBJ1-5
CASNPASGGELFF	TRBV10-1	TRBJ2-2
CASSTGGTDTQYF	TRBV19	TRBJ2-3
CSARIWPYPAGGEETQYF	TRBV20-1	TRBJ2-5
CSAGQGPYEQYF	TRBV29-1	TRBJ2-7
CASSSRAGFAQYF	TRBV19	TRBJ2-5
CSARGRSEDTQYF	TRBV20-1	TRBJ2-3
CASSVRSGETQYF	TRBV19	TRBJ2-5
CASSFLAGGYNEQFF	TRBV7-8	TRBJ2-1
CASSQDVHRGIPGELFF	TRBV4-3	TRBJ2-2
CASSLDRGVNTEAFF	TRBV7-9	TRBJ1-1
CASSGEGGTTNTGELFF	TRBV9	TRBJ2-2
CASSLYSPLAYSWNEKLFF	TRBV27	TRBJ1-4
CASSIFSGKPQHF	TRBV19	TRBJ1-5
CASSIGVAGYTF	TRBV19	TRBJ1-2
CASAGTGVNIQYF	TRBV19	TRBJ2-4
CASSPRQGWTNEKLFF	TRBV7-9	TRBJ1-4
CASSWRSDTEAFF	TRBV19	TRBJ1-1
CAASSRSTDTQYF	TRBV10-1	TRBJ2-3
CASSSLGGHGEAFF	TRBV7-9	TRBJ1-1
CASSSQGGGSGYTF	TRBV6-5	TRBJ1-2
CASSARSNQPQHF	TRBV19	TRBJ1-5
CASSPVGVGEQFF	TRBV18	TRBJ2-1
CASSLTFTGDLNQPQHF	TRBV18	TRBJ1-5
CSARETGYDGPYNEQFF	TRBV20-1	TRBJ2-1
CASSGRTGSSYEQYF	TRBV2	TRBJ2-7
CASSLEAGSYNEQFF	TRBV11-3	TRBJ2-1
CASSYSSGGADTQYF	TRBV6-3	TRBJ2-3
CASNSRQGRQFF	TRBV19	TRBJ2-1
CAISEGGINTEAFF	TRBV10-3	TRBJ1-1
CASKSEKGAGGSPLHF	TRBV3-1	TRBJ1-6
CASSLEVGLGGYTF	TRBV7-8	TRBJ1-2
CASSPLQGANTGELFF	TRBV7-9	TRBJ2-2
CASSIRSAEKLFF	TRBV19	TRBJ1-4
CASSTRSADTQYF	TRBV19	TRBJ2-3
CASSQQWEETQYF	TRBV2	TRBJ2-5
CASSSRATDTQYF	TRBV19	TRBJ2-3
CASSPRSSYEQYF	TRBV19	TRBJ2-7
CASSPGTSSIYEQYF	TRBV4-2	TRBJ2-7
CASSTLGLAGGSFF	TRBV7-9	TRBJ2-1
CSAKEGPTGGYGYTF	TRBV20-1	TRBJ1-2
CASSYRSQETQYF	TRBV19	TRBJ2-5
CASSPRDRERGEQYF	TRBV7-2	TRBJ2-7
CASSQEIGFSPLHF	TRBV4-3	TRBJ1-6
CASSDPGNTQYF	TRBV6-1	TRBJ2-3
CASSSGGQASSYEQYF	TRBV27	TRBJ2-7
CASSQGSEAFF	TRBV4-3	TRBJ1-1
CSVDLEANYGYTF	TRBV29-1	TRBJ1-2
CASSGISTDTQYF	TRBV19	TRBJ2-3
CASSIFSGPGIEAFF	TRBV19	TRBJ1-1
CASSIGHYSGNTIYF	TRBV19	TRBJ1-3
CASSIRATYEQYF	TRBV19	TRBJ2-7
CASSRASTDTQYF	TRBV19	TRBJ2-3
CASSIFSAGGKDEQFF	TRBV19	TRBJ2-1
CASSMTGTGGTEAFF	TRBV19	TRBJ1-1
CASSVLAGAYNEQFF	TRBV19	TRBJ2-1
CASSLMAGSYEQYF	TRBV27	TRBJ2-7
CASSSGGPYNEQFF	TRBV19	TRBJ2-1
CASSLTHTYEQYF	TRBV28	TRBJ2-7
CASSYSSSSYNEQFF	TRBV6-6	TRBJ2-1
CASSYTLPGTVPQRNQPQHF	TRBV6-2	TRBJ1-5
CASSSGGPRAEQFF	TRBV7-9	TRBJ2-1
CATSRDLSFGYGYTF	TRBV15	TRBJ1-2
CATSREQNNSPLHF	TRBV15	TRBJ1-6
CATVGGIDQPQHF	TRBV10-3	TRBJ1-5
CSAEIADYEQYF	TRBV29-1	TRBJ2-7
CSVDQDTQYF	TRBV29-1	TRBJ2-3
CASSLGAAVREQYF	TRBV27	TRBJ2-7
CASSPGTDTQYF	TRBV7-8	TRBJ2-3
CASSVESGGLSYEQYF	TRBV9	TRBJ2-7
CASRTGTGAFYEQYF	TRBV6-2	TRBJ2-7
CASSILAVAGNEQFF	TRBV19	TRBJ2-1
CASSIRSDNEQFF	TRBV19	TRBJ2-1
CASSMRSGYEQYF	TRBV19	TRBJ2-7
CASSMRSSWEQYF	TRBV19	TRBJ2-7
CASSSFYTDTQYF	TRBV19	TRBJ2-3
CASSSHRGEGAFF	TRBV7-9	TRBJ1-1
CAGGTDYEQYF	TRBV30	TRBJ2-7
CANCRWAPAPYEQYF	TRBV6-1	TRBJ2-7
CASAGTSGYEQYF	TRBV9	TRBJ2-7
CASKGDRGFGNQPQHF	TRBV6-1	TRBJ1-5
CASREGSYNEQFF	TRBV6-5	TRBJ2-1
CASRIGAAGNSPLHF	TRBV27	TRBJ1-6
CASRPGSRETDTQYF	TRBV6-6	TRBJ2-3
CASRTSGGPADTQYF	TRBV6-2	TRBJ2-3
CASSARGLAGETNTDTQYF	TRBV9	TRBJ2-3
CASSASGTGGEQYF	TRBV7-6	TRBJ2-7
CASSAVGTGWHEQYF	TRBV9	TRBJ2-7
CASSDESWGEDEQFF	TRBV6-1	TRBJ2-1
CASSDGDEENIQYF	TRBV28	TRBJ2-4
CASSEARQGDQPQHF	TRBV6-1	TRBJ1-5
CASSEGLLYEQYF	TRBV6-2	TRBJ2-7
CASSELGGPNTEAFF	TRBV6-1	TRBJ1-1
CASSEVGKGNQPQHF	TRBV6-1	TRBJ1-5
CASSFALGGHGYTF	TRBV7-9	TRBJ1-2
CASSFDAGMNTEAFF	TRBV28	TRBJ1-1
CASSFREAYEQYF	TRBV5-1	TRBJ2-7
CASSGGLAGTYEQYF	TRBV6-2	TRBJ2-7
CASSGGVQGEQFF	TRBV6-4	TRBJ2-1
CASSHRDRATEAFF	TRBV4-1	TRBJ1-1
CASSIQGGREAFF	TRBV7-8	TRBJ1-1
CASSKQGSSYNEQFF	TRBV14	TRBJ2-1
CASSKTSASYEQYF	TRBV12-3	TRBJ2-7
CASSLAGPGLSTEAFF	TRBV7-8	TRBJ1-1
CASSLAPGLGTEAFF	TRBV7-9	TRBJ1-1
CASSLAQGMGPGNTIYF	TRBV12-3	TRBJ1-3
CASSLASSSQAYEQYF	TRBV7-9	TRBJ2-7
CASSLAVRNNEQFF	TRBV7-9	TRBJ2-1
CASSLDYRGVGYGYTF	TRBV12-3	TRBJ1-2
CASSLEGDQPQHF	TRBV5-1	TRBJ1-5
CASSLGGANVLTF	TRBV5-1	TRBJ2-6
CASSLGGQGAGETQYF	TRBV28	TRBJ2-5
CASSLGMFDQPQHF	TRBV13	TRBJ1-5
CASSLGQGNTEAFF	TRBV7-3	TRBJ1-1
CASSLGQNRPQHF	TRBV7-8	TRBJ1-5
CASSLGRETQYF	TRBV28	TRBJ2-5
CASSLGRGTGELFF	TRBV4-3	TRBJ2-2
CASSLISQDTEAFF	TRBV4-1	TRBJ1-1
CASSLKAPEAFF	TRBV12-3	TRBJ1-1
CASSLLAGLVFDEQFF	TRBV28	TRBJ2-1
CASSLLGSGETQYF	TRBV7-9	TRBJ2-5
CASSLQGPNQPQHF	TRBV12-3	TRBJ1-5
CASSLRKRSTGELFF	TRBV7-8	TRBJ2-2
CASSLRQGADEKLFF	TRBV7-9	TRBJ1-4
CASSLSDPYEQYF	TRBV7-9	TRBJ2-7
CASSLSEQGRGYTF	TRBV7-8	TRBJ1-2
CASSLSGSTDTQYF	TRBV12-3	TRBJ2-3
CASSLSTQPLGDEQFF	TRBV7-9	TRBJ2-1
CASSLVSGDTQYF	TRBV7-9	TRBJ2-3
CASSLWTTGGNQPQHF	TRBV7-9	TRBJ1-5
CASSPAGPGMNTEAFF	TRBV7-9	TRBJ1-1
CASSPARAERGRELFF	TRBV7-8	TRBJ2-2
CASSPDRRLRTEAFF	TRBV7-8	TRBJ1-1
CASSPDSPYEQYF	TRBV5-1	TRBJ2-7
CASSPFSGPSYEQYF	TRBV9	TRBJ2-7
CASSPGLANTDTQYF	TRBV7-9	TRBJ2-3
CASSPKDRDPLGYGYTF	TRBV7-6	TRBJ1-2
CASSPLLTTSAPDTQYF	TRBV4-1	TRBJ2-3
CASSPPSGPVRNEQFF	TRBV7-8	TRBJ2-1
CASSPPSGSAYNEQFF	TRBV9	TRBJ2-1
CASSPRTSGLTDTQYF	TRBV7-9	TRBJ2-3
CASSPWGGEQYF	TRBV6-2	TRBJ2-7
CASSPWGGKETQYF	TRBV7-9	TRBJ2-5
CASSQAGGAGRNTGELFF	TRBV4-3	TRBJ2-2
CASSQDIVGTGKGYTF	TRBV4-3	TRBJ1-2
CASSQDPIQGTDTQYF	TRBV14	TRBJ2-3
CASSQDRGGVNYEQYF	TRBV4-1	TRBJ2-7
CASSQEAESSYEQYF	TRBV4-2	TRBJ2-7
CASSQEGAGPFYEQYF	TRBV4-3	TRBJ2-7
CASSQGAGQAYEQYF	TRBV7-3	TRBJ2-7
CASSQGGQHRSNEKLFF	TRBV14	TRBJ1-4
CASSQGLANTDTQYF	TRBV7-9	TRBJ2-3
CASSQGLGSYEQYF	TRBV4-3	TRBJ2-7
CASSQGPAGGSALHF	TRBV4-1	TRBJ1-6
CASSQSGTSTDTQYF	TRBV4-1	TRBJ2-3
CASSQSPGGIQYF	TRBV14	TRBJ2-4
CASSQTSGTGREQFF	TRBV4-1	TRBJ2-1
CASSQVDFRADRSSYNEQFF	TRBV14	TRBJ2-1
CASSQVGGDEQFF	TRBV14	TRBJ2-1
CASSQVLTGLDEQFF	TRBV4-2	TRBJ2-1
CASSQWAGANNEQFF	TRBV4-1	TRBJ2-1
CASSRDSTGELFF	TRBV6-4	TRBJ2-2
CASSRTTGLDGYTF	TRBV12-3	TRBJ1-2
CASSSDPVAVTNQPQHF	TRBV7-8	TRBJ1-5
CASSSEEEAYGYTF	TRBV5-1	TRBJ1-2
CASSSERTDGASGANVLTF	TRBV7-9	TRBJ2-6
CASSSGDTYYEQYF	TRBV7-9	TRBJ2-7
CASSSGQEKLFF	TRBV7-9	TRBJ1-4
CASSSKPYEQYF	TRBV7-9	TRBJ2-7
CASSSLSGYNEQFF	TRBV7-6	TRBJ2-1
CASSSPWGDATEAFF	TRBV28	TRBJ1-1
CASSSTASRNTGELFF	TRBV7-9	TRBJ2-2
CASSSVNEQFF	TRBV12-3	TRBJ2-1
CASSTLPNMNTEAFF	TRBV5-1	TRBJ1-1
CASSTTSGNTGELFF	TRBV9	TRBJ2-2
CASSTWTAPQETQYF	TRBV9	TRBJ2-5
CASSVALGVDGTDTQYF	TRBV9	TRBJ2-3
CASSVDGGGTEAFF	TRBV9	TRBJ1-1
CASSVDGSGVTYEQYF	TRBV9	TRBJ2-7
CASSVDRQPGNTIYF	TRBV5-1	TRBJ1-3
CASSVEQGISEAFF	TRBV9	TRBJ1-1
CASSVGGLGSTDTQYF	TRBV9	TRBJ2-3
CASSVGGSNQPQHF	TRBV9	TRBJ1-5
CASSVGVSYEQYF	TRBV9	TRBJ2-7
CASSVVSGTSGRGNEQFF	TRBV9	TRBJ2-1
CASSWETSGNTGELFF	TRBV6-5	TRBJ2-2
CASSWGRIYGYTF	TRBV10-2	TRBJ1-2
CASSWSGRAYEQYF	TRBV7-9	TRBJ2-7
CASSYATGSGANVLTF	TRBV6-6	TRBJ2-6
CASSYATGSQNIQYF	TRBV6-6	TRBJ2-4
CASSYGQALLADEQFF	TRBV6-5	TRBJ2-1
CASSYLRAGDNEQFF	TRBV6-6	TRBJ2-1
CASSYPEPSIQYF	TRBV6-2	TRBJ2-4
CASSYSDSNYEQYF	TRBV6-5	TRBJ2-7
CASSYSFLVIGDNTEAFF	TRBV6-2	TRBJ1-1
CASSYSIGVVSEQYF	TRBV6-5	TRBJ2-7
CASSYSSALSNQPQHF	TRBV6-2	TRBJ1-5
CASSYSWPPETYEQYF	TRBV6-5	TRBJ2-7
CASTGGDTSYNEQFF	TRBV19	TRBJ2-1
CATAARETQETQYF	TRBV15	TRBJ2-5
CATSETGDPYGYTF	TRBV24-1	TRBJ1-2
CATSPDRGGADEKLFF	TRBV15	TRBJ1-4
CATSRDRWNTEAFF	TRBV15	TRBJ1-1
CATSRGDEVGEQYF	TRBV15	TRBJ2-7
CATSRTSGEEQYF	TRBV15	TRBJ2-7
CATSRVAGEEQFF	TRBV15	TRBJ2-1
CATSYTGSANYGYTF	TRBV15	TRBJ1-2
CAWRDRVYDEKLFF	TRBV30	TRBJ1-4
CAWSGPAGLLQYF	TRBV30	TRBJ2-4
CAWSLTSGRGHEQFF	TRBV30	TRBJ2-1
CAWSSGAGRDEQFF	TRBV30	TRBJ2-1
CSAPRYNEQFF	TRBV20-1	TRBJ2-1
CSARDDGTVDYGYTF	TRBV20-1	TRBJ1-2
CSARDFIGGNEQFF	TRBV20-1	TRBJ2-1
CSARDRDRGYEQYF	TRBV20-1	TRBJ2-7
CSARDVSLAGGPDEQYF	TRBV20-1	TRBJ2-7
CSARLADNEQFF	TRBV20-1	TRBJ2-1
CSARNYLKTNEQFF	TRBV20-1	TRBJ2-1
CSATSGGTLEQYF	TRBV20-1	TRBJ2-7
CSAVVVQKPSYEQYF	TRBV20-1	TRBJ2-7
CSVEDGGFPYEQYF	TRBV29-1	TRBJ2-7
CSVEDRVGGTAGYEQYF	TRBV29-1	TRBJ2-7
CSVEDTGTAQGGYEQYF	TRBV29-1	TRBJ2-7
CSVEVEGAASYEQYF	TRBV29-1	TRBJ2-7
CSVEVWDEETQYF	TRBV29-1	TRBJ2-5
CSVPGAGRYNEQFF	TRBV29-1	TRBJ2-1
CSVSGLAGGYEQYF	TRBV29-1	TRBJ2-7
CACTLVSTEAFF	TRBV30	TRBJ1-1
CALERANEQFF	TRBV30	TRBJ2-1
CAPRRGPTNEKLFF	TRBV7-3	TRBJ1-4
CASATGADTEAFF	TRBV7-6	TRBJ1-1
CASGGTGPWNEQFF	TRBV6-5	TRBJ2-1
CASGPGSSYNEQFF	TRBV6-2	TRBJ2-1
CASKHASGELFF	TRBV7-7	TRBJ2-2
CASPRQSPLHF	TRBV6-5	TRBJ1-6
CASRLKDSDSQPQHF	TRBV4-1	TRBJ1-5
CASRLVQGRAFYEQYF	TRBV7-9	TRBJ2-7
CASRWGQGPSYEQYF	TRBV7-8	TRBJ2-7
CASSALQGPSQPQHF	TRBV7-8	TRBJ1-5
CASSASGGAGNEQFF	TRBV12-3	TRBJ2-1
CASSDPTGRLGTEAFF	TRBV7-8	TRBJ1-1
CASSDRTSGINEQFF	TRBV6-1	TRBJ2-1
CASSEGGTGGFNSHEQYF	TRBV7-8	TRBJ2-7
CASSEGQGPSYEQYF	TRBV7-8	TRBJ2-7
CASSEWAGGGTDTQYF	TRBV6-1	TRBJ2-3
CASSFLNLNNEQFF	TRBV5-1	TRBJ2-1
CASSFSGLSNTEAFF	TRBV7-8	TRBJ1-1
CASSFSGTANTEAFF	TRBV7-8	TRBJ1-1
CASSFSSSYNEQFF	TRBV7-9	TRBJ2-1
CASSHGQGGQETQYF	TRBV7-2	TRBJ2-5
CASSHPGHIGQPQHF	TRBV7-9	TRBJ1-5
CASSHPNPGLATGELFF	TRBV4-1	TRBJ2-2
CASSHSSGGMSTEAFF	TRBV7-8	TRBJ1-1
CASSHTDYSNQPQHF	TRBV4-2	TRBJ1-5
CASSKIAGGPYTQYF	TRBV7-8	TRBJ2-3
CASSLAASNQPQHF	TRBV7-9	TRBJ1-5
CASSLAESVYEQYF	TRBV7-9	TRBJ2-7
CASSLAEVHNEQFF	TRBV7-8	TRBJ2-1
CASSLAGNYGYTF	TRBV7-8	TRBJ1-2
CASSLAGSSDEQFF	TRBV7-8	TRBJ2-1
CASSLAVTDGAEAFF	TRBV7-9	TRBJ1-1
CASSLAYEQFF	TRBV7-8	TRBJ2-1
CASSLDGATYNEQFF	TRBV7-6	TRBJ2-1
CASSLDGRPHLEQYF	TRBV7-9	TRBJ2-7
CASSLDPVYRSTEAFF	TRBV7-3	TRBJ1-1
CASSLEGAGGADTQYF	TRBV7-8	TRBJ2-3
CASSLETSDGETQYF	TRBV7-9	TRBJ2-5
CASSLFAGGPVEQYF	TRBV7-8	TRBJ2-7
CASSLGAGAYEQFF	TRBV7-8	TRBJ2-1
CASSLGAYSGANVLTF	TRBV4-1	TRBJ2-6
CASSLGGQAAGYGYTF	TRBV7-8	TRBJ1-2
CASSLGPNRGAEQYF	TRBV7-9	TRBJ2-7
CASSLGQGRRDEQFF	TRBV7-3	TRBJ2-1
CASSLGQSANYGYTF	TRBV7-8	TRBJ1-2
CASSLGTGLYGYTF	TRBV7-9	TRBJ1-2
CASSLGVGTEAFF	TRBV4-1	TRBJ1-1
CASSLLASGFGTDTQYF	TRBV7-8	TRBJ2-3
CASSLLGFSTETQYF	TRBV7-8	TRBJ2-5
CASSLLQGPSYEQYF	TRBV7-8	TRBJ2-7
CASSLNGGSSYNEQFF	TRBV7-8	TRBJ2-1
CASSLNRGPADTQYF	TRBV7-8	TRBJ2-3
CASSLNRGPSDTQYF	TRBV7-8	TRBJ2-3
CASSLPGRNYEQYF	TRBV7-8	TRBJ2-7
CASSLQGNYGYTF	TRBV7-3	TRBJ1-2
CASSLQSVDANGYTF	TRBV7-8	TRBJ1-2
CASSLRGVVSYEQFF	TRBV4-1	TRBJ2-1
CASSLRSGTEDTDTQYF	TRBV7-8	TRBJ2-3
CASSLSSYNEQFF	TRBV7-6	TRBJ2-1
CASSLTSGNEQFF	TRBV7-3	TRBJ2-1
CASSLVSGMLYF	TRBV7-8	TRBJ2-7
CASSLYRGEKLFF	TRBV12-3	TRBJ1-4
CASSPATGPREQYF	TRBV7-9	TRBJ2-7
CASSPDRAITEAFF	TRBV4-1	TRBJ1-1
CASSPDSDAYEQYF	TRBV9	TRBJ2-7
CASSPDSDSYEQYF	TRBV9	TRBJ2-7
CASSPDSYNQPQHF	TRBV7-8	TRBJ1-5
CASSPEGVSYEQYF	TRBV4-3	TRBJ2-7
CASSPGAVSSTDTQYF	TRBV7-8	TRBJ2-3
CASSPGGAAGYTF	TRBV7-9	TRBJ1-2
CASSPGLAGNNEQYF	TRBV7-6	TRBJ2-7
CASSPGTADYNEQFF	TRBV4-2	TRBJ2-1
CASSPGTGPRTLHF	TRBV7-3	TRBJ1-6
CASSPGVSVEQYF	TRBV7-6	TRBJ2-7
CASSPKDTQYF	TRBV7-9	TRBJ2-3
CASSPLLSESYNEQFF	TRBV4-1	TRBJ2-1
CASSPNGGSSYNEQFF	TRBV7-8	TRBJ2-1
CASSPPGENYNEQFF	TRBV7-8	TRBJ2-1
CASSPPSAGYNEQFF	TRBV6-2	TRBJ2-1
CASSPPTLGQNYEQYF	TRBV7-2	TRBJ2-7
CASSPPVPPWSEQYF	TRBV7-9	TRBJ2-7
CASSPQRTAHEQYF	TRBV7-8	TRBJ2-7
CASSPRQGPVEKLFF	TRBV7-8	TRBJ1-4
CASSPTGGNTEAFF	TRBV4-1	TRBJ1-1
CASSPTGVYNSPLHF	TRBV6-5	TRBJ1-6
CASSPVAGATTDTQYF	TRBV7-2	TRBJ2-3
CASSPWGQTASSYNEQFF	TRBV7-8	TRBJ2-1
CASSQAGGRDEAFF	TRBV4-2	TRBJ1-1
CASSQDGFAYEQYF	TRBV4-2	TRBJ2-7
CASSQDGGGAPGNEQFF	TRBV4-1	TRBJ2-1
CASSQDGKGATYNSPLHF	TRBV4-1	TRBJ1-6
CASSQDGLAPYEQYF	TRBV4-1	TRBJ2-7
CASSQDLGAGTEAFF	TRBV4-2	TRBJ1-1
CASSQDPAGVGYEQYF	TRBV4-2	TRBJ2-7
CASSQDPHGFVANVLTF	TRBV4-1	TRBJ2-6
CASSQDRGTGYNEQFF	TRBV4-1	TRBJ2-1
CASSQDTGMGNQPQHF	TRBV4-1	TRBJ1-5
CASSQEMVGTEAFF	TRBV14	TRBJ1-1
CASSQERQTILEAFF	TRBV4-1	TRBJ1-1
CASSQEVLRTDTQYF	TRBV4-1	TRBJ2-3
CASSQEVQGGEKLFF	TRBV4-3	TRBJ1-4
CASSQEWAQGYEQYF	TRBV4-2	TRBJ2-7
CASSQGEGTEAFF	TRBV4-2	TRBJ1-1
CASSQGGQGYEQYF	TRBV4-1	TRBJ2-7
CASSQGGSGEDTEAFF	TRBV4-1	TRBJ1-1
CASSQGLAGDLQETQYF	TRBV4-3	TRBJ2-5
CASSQGNEQFF	TRBV14	TRBJ2-1
CASSQGPGARQPQHF	TRBV4-1	TRBJ1-5
CASSQGPGLLSYEQYF	TRBV4-1	TRBJ2-7
CASSQGRGPGKYF	TRBV4-1	TRBJ2-7
CASSQGRQETQYF	TRBV4-3	TRBJ2-5
CASSQGSGLAGYEQYF	TRBV4-2	TRBJ2-7
CASSQHYTGENTEAFF	TRBV4-2	TRBJ1-1
CASSQPKGPNEKLFF	TRBV7-8	TRBJ1-4
CASSQSTGSSYEQYF	TRBV4-1	TRBJ2-7
CASSQSTSGSYEQYF	TRBV4-3	TRBJ2-7
CASSQTGSTDTQYF	TRBV7-6	TRBJ2-3
CASSQWDLQETQYF	TRBV4-2	TRBJ2-5
CASSRDPDGDTEAFF	TRBV4-1	TRBJ1-1
CASSREPNPNYGYTF	TRBV7-3	TRBJ1-2
CASSRQTEAFF	TRBV7-9	TRBJ1-1
CASSRTGTYEQYF	TRBV4-1	TRBJ2-7
CASSRTSDTQYF	TRBV7-9	TRBJ2-3
CASSSAGGRDEQFF	TRBV4-2	TRBJ2-1
CASSSGFVGPYQPQHF	TRBV7-3	TRBJ1-5
CASSSGSFYEQYF	TRBV7-8	TRBJ2-7
CASSSKLADQETQYF	TRBV7-9	TRBJ2-5
CASSSKRGPYNEQFF	TRBV7-8	TRBJ2-1
CASSSPLIAGATDTQYF	TRBV7-8	TRBJ2-3
CASSSRIGTYGYTF	TRBV7-9	TRBJ1-2
CASSSRQGPTGELFF	TRBV7-8	TRBJ2-2
CASSSRTGGEQYF	TRBV7-9	TRBJ2-7
CASSSSGTGAYEQYF	TRBV7-9	TRBJ2-7
CASSSSNQPQHF	TRBV12-3	TRBJ1-5
CASSSSSVNEQFF	TRBV6-5	TRBJ2-1
CASSSVSGGAFNEQFF	TRBV7-8	TRBJ2-1
CASSTRDRREKTQYF	TRBV6-2	TRBJ2-5
CASSVADRGFADTQYF	TRBV9	TRBJ2-3
CASSVGSGTEAFF	TRBV9	TRBJ1-1
CASSVLGVADTQYF	TRBV9	TRBJ2-3
CASSWDKTYEQYF	TRBV5-1	TRBJ2-7
CASSWGLDNEQFF	TRBV7-6	TRBJ2-1
CASSYGGYEQYF	TRBV6-5	TRBJ2-7
CASSYGQNYEQYF	TRBV7-8	TRBJ2-7
CASSYGVGTEAFF	TRBV6-5	TRBJ1-1
CASSYLTGMNQPQHF	TRBV6-6	TRBJ1-5
CASSYRVGPLHF	TRBV7-6	TRBJ1-6
CASSYRVTEAFF	TRBV6-2	TRBJ1-1
CASSYSEVTEAFF	TRBV6-5	TRBJ1-1
CASSYSGDYNEQFF	TRBV6-5	TRBJ2-1
CASSYSSSYNEQFF	TRBV12-3	TRBJ2-1
CASSYVASGSSNYGYTF	TRBV6-6	TRBJ1-2
CASTEMGREGYNEQFF	TRBV7-2	TRBJ2-1
CASTGTANLNTEAFF	TRBV7-8	TRBJ1-1
CASTLGGGYEQYF	TRBV7-9	TRBJ2-7
CASTPAGGRDEQYF	TRBV4-2	TRBJ2-7
CASTPDSEIYEQYF	TRBV9	TRBJ2-7
CASTPPGGRGYTF	TRBV7-9	TRBJ1-2
CASTPSWAGGPTDTQYF	TRBV7-8	TRBJ2-3
CASTSWGETQYF	TRBV7-8	TRBJ2-5
CATDPGEGNTIYF	TRBV7-9	TRBJ1-3
CATSLRTSGIIEQYF	TRBV15	TRBJ2-7
CATSRDRLAGGIHEQYF	TRBV15	TRBJ2-7
CATSRDRYEQYF	TRBV15	TRBJ2-7
CATSRVPSSYNEQFF	TRBV15	TRBJ2-1
CATSSGSRQGNNEQFF	TRBV15	TRBJ2-1
CATSTYRVGSSDEQYF	TRBV15	TRBJ2-7
CAWDYNRGGYTF	TRBV30	TRBJ1-2
CAWIGLGGETQYF	TRBV30	TRBJ2-5
CAWITEMNTEAFF	TRBV30	TRBJ1-1
CAWMGAGQRNTIYF	TRBV30	TRBJ1-3
CAWRGAQGYTF	TRBV30	TRBJ1-2
CAWRGGQGQIYEQYF	TRBV30	TRBJ2-7
CAWSAVGGGYGYTF	TRBV30	TRBJ1-2
CAWSAVGGGYTF	TRBV30	TRBJ1-2
CAWSDIWENYNSPLHF	TRBV30	TRBJ1-6
CAWSEIGGGYGYTF	TRBV30	TRBJ1-2
CAWSGGTSRRTQYF	TRBV30	TRBJ2-5
CAWSGQGYEQFF	TRBV30	TRBJ2-1
CAWSGVSYEQYF	TRBV30	TRBJ2-7
CAWSLSMNTEAFF	TRBV30	TRBJ1-1
CAWSNGGRAEAFF	TRBV30	TRBJ1-1
CAWSPGQGGETQYF	TRBV30	TRBJ2-5
CAWSPGTGAYGYTF	TRBV30	TRBJ1-2
CAWSPGTVSEQYF	TRBV30	TRBJ2-7
CAWSQGASGNQPQHF	TRBV30	TRBJ1-5
CAWSRTGATEAFF	TRBV30	TRBJ1-1
CAWSRVGGYEQYF	TRBV30	TRBJ2-7
CAWSSADTYYEQYF	TRBV30	TRBJ2-7
CAWSSGLGNEKLFF	TRBV30	TRBJ1-4
CAWSVAGDTDTQYF	TRBV30	TRBJ2-3
CAWSVFNRGTGYTF	TRBV30	TRBJ1-2
CAWSVGGGGYGYTF	TRBV30	TRBJ1-2
CAWSVGGGGYTF	TRBV30	TRBJ1-2
CAWSVLGSTDTQYF	TRBV30	TRBJ2-3
CAWSVLTDSPLHF	TRBV30	TRBJ1-6
CAWSVPGTYSYEQYF	TRBV30	TRBJ2-7
CAWSVSSYEQYF	TRBV30	TRBJ2-7
CAYSGTAPHEQYF	TRBV30	TRBJ2-7
CSAEGGGSYEQYF	TRBV29-1	TRBJ2-7
CSAFDRVYGYTF	TRBV20-1	TRBJ1-2
CSAGEDWHEQYF	TRBV20-1	TRBJ2-7
CSAIPGTGGRIKAFF	TRBV29-1	TRBJ1-1
CSALHGSVGLNQPQHF	TRBV20-1	TRBJ1-5
CSALSDEQYF	TRBV20-1	TRBJ2-7
CSAPGGVNAFF	TRBV20-1	TRBJ1-1
CSAPTSGPYNEQFF	TRBV20-1	TRBJ2-1
CSAPYRVEGRIVNEQFF	TRBV20-1	TRBJ2-1
CSARDDFGQGSYNEQFF	TRBV20-1	TRBJ2-1
CSARDKAGEGYNEQFF	TRBV20-1	TRBJ2-1
CSARDKFYRASGDSYEQYF	TRBV20-1	TRBJ2-7
CSARDRAGEGYNEQFF	TRBV20-1	TRBJ2-1
CSARDYAAYEQYF	TRBV20-1	TRBJ2-7
CSAREVYEQFF	TRBV20-1	TRBJ2-1
CSARGALADFNSYEQYF	TRBV20-1	TRBJ2-7
CSARLTGGSGQPQHF	TRBV20-1	TRBJ1-5
CSARTIAGEGYNEQFF	TRBV20-1	TRBJ2-1
CSASPRTGGIYEQYF	TRBV20-1	TRBJ2-7
CSASSDESSYNEQFF	TRBV20-1	TRBJ2-1
CSATEGGLWEQYF	TRBV20-1	TRBJ2-7
CSATHRLAGQIYNEQFF	TRBV20-1	TRBJ2-1
CSETGVSDEQFF	TRBV29-1	TRBJ2-1
CSPIQDSLGYTF	TRBV20-1	TRBJ1-2
CSVASGTGTNTEAFF	TRBV29-1	TRBJ1-1
CSVDDRGTTEAFF	TRBV29-1	TRBJ1-1
CSVDTGSPGYGYTF	TRBV29-1	TRBJ1-2
CSVDTLGRGGTEAFF	TRBV29-1	TRBJ1-1
CSVEDEGLTDTQYF	TRBV29-1	TRBJ2-3
CSVEDISGYNEQFF	TRBV29-1	TRBJ2-1
CSVEDISGYNEQYF	TRBV29-1	TRBJ2-7
CSVEDVASGSGEQFF	TRBV29-1	TRBJ2-1
CSVEENGNYGYTF	TRBV29-1	TRBJ1-2
CSVEENTGTGAIYEQYF	TRBV29-1	TRBJ2-7
CSVEGTRGYNEQFF	TRBV29-1	TRBJ2-1
CSVEKGTATLEQYF	TRBV29-1	TRBJ2-7
CSVELASGTYEQYF	TRBV29-1	TRBJ2-7
CSVETGQTQETQYF	TRBV29-1	TRBJ2-5
CSVEVGRAVNTEAFF	TRBV29-1	TRBJ1-1
CSVEVPPGEQFF	TRBV29-1	TRBJ2-1
CSVGSGGTNEKLFF	TRBV29-1	TRBJ1-4
CSVLGTQEESYEQYF	TRBV29-1	TRBJ2-7
CSVLPPDRGLNQPQHF	TRBV20-1	TRBJ1-5
CSVLRYF	TRBV29-1	TRBJ2-3
CSVRSGGAKNIQYF	TRBV29-1	TRBJ2-4
CSVRTGRDEQYF	TRBV29-1	TRBJ2-7
CSVRTNEFYEQYF	TRBV29-1	TRBJ2-7
CSVSTGGFGNQPQHF	TRBV29-1	TRBJ1-5
CSVVDSGKTHNEQFF	TRBV29-1	TRBJ2-1
CSVVGSERRSSYNEQFF	TRBV29-1	TRBJ2-1
CSVVSGKGLNTEAFF	TRBV29-1	TRBJ1-1
CSVVTENNYGYTF	TRBV29-1	TRBJ1-2
CASSLAGGSNQPQHF	TRBV7-9	TRBJ1-5
CASSLAPLSTDTQYF	TRBV7-8	TRBJ2-3
CASSLVSAHEQYF	TRBV4-1	TRBJ2-7
CASSPLDTKQQFF	TRBV7-8	TRBJ2-1
CAWSVLPEAFF	TRBV30	TRBJ1-1
CASSLAGQGSPYEQYF	TRBV7-8	TRBJ2-7
CASSLRGHSYEQYF	TRBV7-6	TRBJ2-7
CSARDLLGTSETQYF	TRBV20-1	TRBJ2-5
CASSLIGVSSYNEQFF	TRBV7-9	TRBJ2-1
CAWSDRGLVDTQYF	TRBV30	TRBJ2-3
CASSGDHSYEQYF	TRBV3-1	TRBJ2-7
CSAISGSGGVGDTQYF	TRBV20-1	TRBJ2-3
CAISVGVDEQFF	TRBV10-3	TRBJ2-1
CASIDSGAATDTQYF	TRBV7-8	TRBJ2-3
CASSAGTGKTQYF	TRBV7-8	TRBJ2-5
CASSEDRLARTEAFF	TRBV6-1	TRBJ1-1
CASSFEGLLSTDTQYF	TRBV28	TRBJ2-3
CASSFRQGSDTGELFF	TRBV7-9	TRBJ2-2
CASSLALRQESREQYF	TRBV4-1	TRBJ2-7
CASSLGRQGPSTDTQYF	TRBV28	TRBJ2-3
CASSLTGFKETQYF	TRBV7-9	TRBJ2-5
CASSQGEGQFF	TRBV7-9	TRBJ2-1
CASSQGRASSGNTIYF	TRBV4-2	TRBJ1-3
CASSYGTIYEQYF	TRBV6-5	TRBJ2-7
CASSYSGDEKLFF	TRBV6-5	TRBJ1-4
CASTGGNEQFF	TRBV25-1	TRBJ2-1
CATSRERWGEYEQYF	TRBV15	TRBJ2-7
CASSLERSRRPYEAFF	TRBV7-9	TRBJ1-1
CASSPGLAGVYEQYF	TRBV12-3	TRBJ2-7
CASSQLGGISNQPQHF	TRBV12-3	TRBJ1-5
CASSIDGNVAPLHF	TRBV19	TRBJ1-6
CASSIFGGAREQFF	TRBV19	TRBJ2-1
CASSIRSLDIQYF	TRBV19	TRBJ2-4
CASSISSINEQFF	TRBV19	TRBJ2-1
CASSMGQGTYEQYF	TRBV19	TRBJ2-7
CASSNRASEKLFF	TRBV19	TRBJ1-4
CASSTRAANEQFF	TRBV19	TRBJ2-1
CASSTRSSSEQYF	TRBV19	TRBJ2-7
CSASGGRQRTEAFF	TRBV20-1	TRBJ1-1
CASRSPQETQYF	TRBV27	TRBJ2-5
CASSQERGGKWAYEQYF	TRBV4-3	TRBJ2-7
CASMVGQGTGELFF	TRBV6-5	TRBJ2-2
CASSYGTGSSEQYF	TRBV6-5	TRBJ2-7
CASSFSPSSYNEQFF	TRBV7-2	TRBJ2-1
CASSFGVYEQYF	TRBV12-3	TRBJ2-7
CASSGRATDTQYF	TRBV19	TRBJ2-3
CASSGRSGIEQYF	TRBV19	TRBJ2-7
CASSIFASGNTQYF	TRBV19	TRBJ2-3
CASSIFSGQPQHF	TRBV19	TRBJ1-5
CASSIHGADTQYF	TRBV19	TRBJ2-3
CASSIHGAETQYF	TRBV19	TRBJ2-5
CASSIRASNEQFF	TRBV19	TRBJ2-1
CASSIRSMDIQYF	TRBV19	TRBJ2-4
CASSIRSSAEAFF	TRBV19	TRBJ1-1
CASSIYGLSSYNEQFF	TRBV19	TRBJ2-1
CASSIYSNGEQYF	TRBV19	TRBJ2-7
CASSIYSTPDQPQHF	TRBV19	TRBJ1-5
CASSIYSVNEQFF	TRBV19	TRBJ2-1
CASSKRSGIEQYF	TRBV19	TRBJ2-7
CASSLLAGPYNEQFF	TRBV19	TRBJ2-1
CASSMFVGQPQHF	TRBV19	TRBJ1-5
CASSPYHTNEQFF	TRBV19	TRBJ2-1
CASSSFGTDTQYF	TRBV19	TRBJ2-3
CASSSHHGSPLGQYF	TRBV19	TRBJ2-7
CASSTHSGNEQFF	TRBV19	TRBJ2-1
CASSTRSAAPLHF	TRBV19	TRBJ1-6
CASSTYSTDTQYF	TRBV19	TRBJ2-3
CASSYRSTQPQHF	TRBV19	TRBJ1-5
CSVRTIYEEQYF	TRBV20-1	TRBJ2-7
CASSLEVGQETQYF	TRBV27	TRBJ2-5
CASSFSGDTEAFF	TRBV28	TRBJ1-1
CSAARTGGNEKLFF	TRBV29-1	TRBJ1-4
CSVEISGKEDTQYF	TRBV29-1	TRBJ2-3
CSVVVGDLYNEQFF	TRBV29-1	TRBJ2-1
CASSEDPATNEKLFF	TRBV6-1	TRBJ1-4
CASSDSRTPFQRPLFEAFF	TRBV6-4	TRBJ1-1
CASSYNVRDGDYGYTF	TRBV6-5	TRBJ1-2
CASSGLEGAGDTQYF	TRBV7-2	TRBJ2-3
CASSSSGGEYNEQFF	TRBV7-2	TRBJ2-1
CASSPTGGLETQYF	TRBV7-3	TRBJ2-5
CASSWVVPPNEQFF	TRBV7-3	TRBJ2-1
CASSLAGEVNEQFF	TRBV7-6	TRBJ2-1
CASSLGQGRETQYF	TRBV7-6	TRBJ2-5
CASSLVGGLVGGYTF	TRBV7-9	TRBJ1-2
CASSLGTGHNEQFF	TRBV11-2	TRBJ2-1
CASSTTSGGVETQYF	TRBV12-3	TRBJ2-5
CASSWQGNQPQHF	TRBV12-3	TRBJ1-5
CASSMRAGVEQFF	TRBV19	TRBJ2-1
CASSSDRGGYNEQFF	TRBV28	TRBJ2-1
CASSDLDSNQPQHF	TRBV6-1	TRBJ1-5
CASSYLYRIGQLEAFF	TRBV6-5	TRBJ1-1
CASSPRQGIETQYF	TRBV7-2	TRBJ2-5
CASSTVSSYEQYF	TRBV7-2	TRBJ2-7
CASSEALVLEQFF	TRBV7-6	TRBJ2-1
CAISRGNEQYF	TRBV10-3	TRBJ2-7
CASSFGQGGYEQYF	TRBV13	TRBJ2-7
CASSLGTGPYNEQFF	TRBV13	TRBJ2-1
CASSQEVFRLAETSGEYEQYF	TRBV14	TRBJ2-7
CASSMRSYNEQFF	TRBV19	TRBJ2-1
CSARVAGVEDTQYF	TRBV20-1	TRBJ2-3
CASSLMADTQYF	TRBV28	TRBJ2-3
CASSQDEPYEQYF	TRBV4-1	TRBJ2-7
CASSPDGPYNEQFF	TRBV6-4	TRBJ2-1
CASSGDFPNEQFF	TRBV9	TRBJ2-1
CASSMRSSYNEQFF	TRBV19	TRBJ2-1
CSARPWDRASATGANVLTF	TRBV20-1	TRBJ2-6
CASSITSGSYNEQFF	TRBV19	TRBJ2-1
CASSIIGSGNTIYF	TRBV19	TRBJ1-3
CASTPYAGGHNEQFF	TRBV19	TRBJ2-1
CASSIVGGSYNEQFF	TRBV19	TRBJ2-1
CSAIARELTVADTQYF	TRBV20-1	TRBJ2-3
CASSVLAGPYNEQFF	TRBV19	TRBJ2-1
CASTPYEGGHNEQFF	TRBV19	TRBJ2-1
CSAKQVDSNQPQHF	TRBV20-1	TRBJ1-5
CASSIAGDTQYF	TRBV19	TRBJ2-3
CASSWIGGSSYNEQFF	TRBV19	TRBJ2-1
CASSILSNTEAFF	TRBV19	TRBJ1-1
CASSIFTGANVLTF	TRBV19	TRBJ2-6
CASSIFGNTIYF	TRBV19	TRBJ1-3
CASSYSSSSAGEQFF	TRBV6-5	TRBJ2-1
CASSIQGAGELFF	TRBV19	TRBJ2-2
CATASSSTDTQYF	TRBV15	TRBJ2-3
CASSIFHTGELFF	TRBV19	TRBJ2-2
CATSDPSTSGRSGGQETQYF	TRBV24-1	TRBJ2-5
CASSIFHTETQYF	TRBV19	TRBJ2-5
CASSILAGGYNEQFF	TRBV19	TRBJ2-1
CASSFLRGSTDTQYF	TRBV28	TRBJ2-3
CALVVSGPTGELFF	TRBV19	TRBJ2-2
CASSTFLLDEQYF	TRBV19	TRBJ2-7
CASSPTGGAGTEAFF	TRBV19	TRBJ1-1
CASSGTEFF	TRBV28	TRBJ2-1
CASSGRAGNEQFF	TRBV19	TRBJ2-1
CASSLRSTGELFF	TRBV19	TRBJ2-2
CASSNTVNYGYTF	TRBV19	TRBJ1-2
CASSTRSSGELFF	TRBV19	TRBJ2-2
CASSIHSGGNNEQFF	TRBV19	TRBJ2-1
CASSAYHSYEQYF	TRBV19	TRBJ2-7
CASSISGTSYNEQFF	TRBV19	TRBJ2-1
CASSQDVGSWNQPQHF	TRBV4-3	TRBJ1-5
CASSPSGVYEQFF	TRBV11-2	TRBJ2-1
CASSLSLGVRAHEQYF	TRBV13	TRBJ2-7
CASSDSTSGGRDTQYF	TRBV6-4	TRBJ2-3
CASSRSTGDTEAFF	TRBV12-3	TRBJ1-1
CATSRDLGATDTQYF	TRBV15	TRBJ2-3
CASSLHLLRGLNTGELFF	TRBV27	TRBJ2-2
CATSRDWYEQYF	TRBV15	TRBJ2-7
CASSLDFAYEQYF	TRBV19	TRBJ2-7
CASTRDSYNSPLHF	TRBV12-3	TRBJ1-6
CASSVALAGGSTDTQYF	TRBV9	TRBJ2-3
CASETRRTAYDTEAFF	TRBV6-5	TRBJ1-1
CASSQDPAREQYF	TRBV4-1	TRBJ2-7
CASSIPTGAEQYF	TRBV19	TRBJ2-7
CASSLTSGVADTQYF	TRBV14	TRBJ2-3
CALQGEVLNTEAFF	TRBV30	TRBJ1-1
CASSHRQWEGLAGELFF	TRBV18	TRBJ2-2
CASRKTGGGETQYF	TRBV4-1	TRBJ2-5
CASSDSVETGELFF	TRBV6-4	TRBJ2-2
CASSGGLAGSTDTQYF	TRBV9	TRBJ2-3
CASSPQVEAFF	TRBV6-6	TRBJ1-1
CASMARGWEETQYF	TRBV12-3	TRBJ2-5
CASSFGGTEAFF	TRBV27	TRBJ1-1
CASSHLMSTDTQYF	TRBV14	TRBJ2-3
CASSLSTGGGLGETQYF	TRBV5-5	TRBJ2-5
CASSSWTGDEQFF	TRBV2	TRBJ2-1
CARRGGSYEQYF	TRBV6-4	TRBJ2-7
CSFGQGAETQYF	TRBV29-1	TRBJ2-5
CASSMSAANQPQHF	TRBV19	TRBJ1-5
CASSWTLNTEAFF	TRBV19	TRBJ1-1
CASSLRSTDTQYF	TRBV19	TRBJ2-3
CASSIRSAGELFF	TRBV19	TRBJ2-2
CASSQRSGETQYF	TRBV19	TRBJ2-5
CASSLISASGGIKNIQYF	TRBV11-2	TRBJ2-4
CASSLTGVVREQYF	TRBV18	TRBJ2-7
CASSIFGGPYNEQFF	TRBV19	TRBJ2-1
CASSISSGQPQHF	TRBV19	TRBJ1-5
CASSLATVVSGANVLTF	TRBV12-3	TRBJ2-6
CASSTIAGGRNEQFF	TRBV19	TRBJ2-1
CASSIFANTEAFF	TRBV19	TRBJ1-1
CASSPYGGWTEAFF	TRBV19	TRBJ1-1
CASRFGFSEAFF	TRBV19	TRBJ1-1
CACSQGSYGYTF	TRBV19	TRBJ1-2
CASTPLGAPYGYTF	TRBV19	TRBJ1-2
CASSILSMNTEAFF	TRBV19	TRBJ1-1
CASSVFSVGELFF	TRBV19	TRBJ2-2
CASSSGLGVGYTF	TRBV27	TRBJ1-2
CASSSAATGLEQFF	TRBV19	TRBJ2-1
CASTPMSGGNQPQHF	TRBV19	TRBJ1-5
CASSHPGDEQYF	TRBV18	TRBJ2-7
CASSIFSANNQPQHF	TRBV19	TRBJ1-5
CASSQCRGFWTQPQHF	TRBV3-1	TRBJ1-5
CASSIMVTDTQYF	TRBV19	TRBJ2-3
CASSPGEGDYGYTF	TRBV3-1	TRBJ1-2
CASSISGPGEQYF	TRBV19	TRBJ2-7
CASSIGLHGYTF	TRBV19	TRBJ1-2
CASSIGLGEQFF	TRBV19	TRBJ2-1
CASSLGTVYEQYF	TRBV19	TRBJ2-7
CASSIYSYNEQFF	TRBV19	TRBJ2-1
CASSPGWEQYF	TRBV25-1	TRBJ2-7
CASSIGTTREGAFF	TRBV19	TRBJ1-1
CASSPTGWVTREAFF	TRBV19	TRBJ1-1
CASSPVGVGEAFF	TRBV18	TRBJ1-1
CASSQVDGAVKVETQYF	TRBV4-1	TRBJ2-5
CASSQLSNTEAFF	TRBV19	TRBJ1-1
CASSSRAEAFF	TRBV13	TRBJ1-1
CASSHFMTGGQPQHF	TRBV19	TRBJ1-5
CASSPTGVGSPLHF	TRBV28	TRBJ1-6
CASSQGEGNEQFF	TRBV19	TRBJ2-1
CASSEAHYEQYF	TRBV2	TRBJ2-7
CASSILSTDTQYF	TRBV19	TRBJ2-3
CASSIGGSGNQPQHF	TRBV19	TRBJ1-5
CASSIYEGGYNEQFF	TRBV19	TRBJ2-1
CASSIGGTEAFF	TRBV19	TRBJ1-1
CAIQTGWDFWDGYTF	TRBV6-1	TRBJ1-2
CASSIFGAGNQPQHF	TRBV19	TRBJ1-5
CASSHAAGLAGLQETQYF	TRBV18	TRBJ2-5
CASSQWDRFSYEQYF	TRBV4-2	TRBJ2-7
CASSYGQGAGRAFF	TRBV6-5	TRBJ1-1
CASSYGARPEWVYEQYF	TRBV6-2	TRBJ2-7
CASSSTGGTGELFF	TRBV5-1	TRBJ2-2
CASSIDTSSGANVLTF	TRBV2	TRBJ2-6
CASSPRTGSDTQYF	TRBV27	TRBJ2-3
CAWNPGFSSNQPQHF	TRBV30	TRBJ1-5
CASSLGETQYF	TRBV13	TRBJ2-5
CASRQGNTEAFF	TRBV19	TRBJ1-1
CSADTGTSGYEQYF	TRBV20-1	TRBJ2-7
CSASQGEAFF	TRBV20-1	TRBJ1-1
CASSSGLPTDTQYF	TRBV6-5	TRBJ2-3
CASSLTGGGHEQYF	TRBV7-2	TRBJ2-7
CASSIRHLYEQYF	TRBV19	TRBJ2-7
CASSQGTGGEQYF	TRBV4-1	TRBJ2-7
CASSWRGNQPQHF	TRBV5-6	TRBJ1-5
CASSSGQGAYEQYF	TRBV4-3	TRBJ2-7
CSARVWDTGELFF	TRBV20-1	TRBJ2-2
CASSWSSYEQYF	TRBV6-2	TRBJ2-7
CASSIMAGAYNEQFF	TRBV19	TRBJ2-1
CASSQDLAGVSTDTQYF	TRBV4-2	TRBJ2-3
CASSITANYGYTF	TRBV19	TRBJ1-2
CASRGRSASYGYTF	TRBV28	TRBJ1-2
CASSPFLGGAYGYTF	TRBV19	TRBJ1-2
CASRSLTDTQYF	TRBV28	TRBJ2-3
CASSAPPPSYEQYF	TRBV9	TRBJ2-7
CSVSTLLRGFNYGYTF	TRBV20-1	TRBJ1-2
CASSIFGGYEQYF	TRBV19	TRBJ2-7
CASSPDNTGELFF	TRBV5-4	TRBJ2-2
CASSLTGTGFNYGYTF	TRBV27	TRBJ1-2
CASSRIAGTYNEQFF	TRBV3-1	TRBJ2-1
CASSYGQNTGELFF	TRBV6-5	TRBJ2-2
CASRDGLKLFF	TRBV5-1	TRBJ1-4
CASSFSYGYTF	TRBV28	TRBJ1-2
CASSQAWLAKDTQYF	TRBV4-3	TRBJ2-3
CASSLGVTDTQYF	TRBV5-6	TRBJ2-3
CASSYGQGTGELFF	TRBV6-5	TRBJ2-2
CASSVGGTSTDTQYF	TRBV9	TRBJ2-3
CASSYGTRGEQYF	TRBV6-5	TRBJ2-7
CASSIVGGVEAFF	TRBV19	TRBJ1-1
CASSPDRLNQPQHF	TRBV5-1	TRBJ1-5
CASSEDTGLLETQYF	TRBV6-1	TRBJ2-5
CASSPGTSGIYEQYF	TRBV13	TRBJ2-7
CASSPDTPNYGYTF	TRBV6-5	TRBJ1-2
CASSAGQGRDTEAFF	TRBV7-9	TRBJ1-1
CASSSNQPQHF	TRBV28	TRBJ1-5
CASSWDPTGDYGYTF	TRBV7-2	TRBJ1-2
CASSISGTSGSTQYF	TRBV19	TRBJ2-3
CASSYGTSTDTQYF	TRBV6-6	TRBJ2-3
CAWTIENRNTGELFF	TRBV30	TRBJ2-2
CASSMVVSAEAFF	TRBV19	TRBJ1-1
CASSLVGVGNTEAFF	TRBV7-9	TRBJ1-1
CASSFTDGPYEQYF	TRBV9	TRBJ2-7
CASSMTGVYEQYF	TRBV19	TRBJ2-7
CASSQEASGGYEQYF	TRBV4-2	TRBJ2-7
CASSKGVDSEADTQYF	TRBV19	TRBJ2-3
CASSFGPRDTQYF	TRBV27	TRBJ2-3
CASSFAVRSLGGGRWADTQYF	TRBV28	TRBJ2-3
CASTRGNEQFF	TRBV27	TRBJ2-1
CASSQDQGAYEQYF	TRBV4-3	TRBJ2-7
CASSLSGAAEQYF	TRBV7-3	TRBJ2-7
CASSFRAGNEQFF	TRBV19	TRBJ2-1
CASSVGVYGYTF	TRBV19	TRBJ1-2
CASSLRSTQPQHF	TRBV19	TRBJ1-5
CASSMYGGQPQHF	TRBV19	TRBJ1-5
CASSFQPSPYNEQFF	TRBV19	TRBJ2-1
CASSIGRSDADTQYF	TRBV19	TRBJ2-3
CASSTRSSTEAFF	TRBV19	TRBJ1-1
CASSDLDRAKGTDTQYF	TRBV2	TRBJ2-3
CASSIGIHGYTF	TRBV19	TRBJ1-2
CASSTGYYGYTF	TRBV19	TRBJ1-2
CASSYRSSNEQFF	TRBV19	TRBJ2-1
CASSAYGGNTEAFF	TRBV19	TRBJ1-1
CASSSSRSTDTQYF	TRBV11-1	TRBJ2-3
CASTAGRGTGELFF	TRBV6-6	TRBJ2-2
CASSLRQGLRNEQFF	TRBV19	TRBJ2-1
CASSQTGLNTEAFF	TRBV18	TRBJ1-1
CASSIYGTGTKGTEAFF	TRBV19	TRBJ1-1
CASSIHSGSNNEQFF	TRBV19	TRBJ2-1
CASSSRSKYEQYF	TRBV19	TRBJ2-7
CASSKRASVEQYF	TRBV19	TRBJ2-7
CASSIRSTHEQFF	TRBV19	TRBJ2-1
CASSFGQGAVGNTIYF	TRBV13	TRBJ1-3
CASSTRAGETQYF	TRBV19	TRBJ2-5
CSARDTESRGSYNEQFF	TRBV20-1	TRBJ2-1
CASSPSFWDMGPYTF	TRBV18	TRBJ1-2
CASSERSTDTQYF	TRBV19	TRBJ2-3
CASSKGGRPYYGYTF	TRBV19	TRBJ1-2
CASSIGNYGYTF	TRBV19	TRBJ1-2
CASSILAGSYNEQFF	TRBV19	TRBJ2-1
CASSFGQGSETQYF	TRBV27	TRBJ2-5
CASSGRSGNTIYF	TRBV19	TRBJ1-3
CASSIRAGNEQFF	TRBV19	TRBJ2-1
CASSIRATGELFF	TRBV19	TRBJ2-2
CASSSRSAGELFF	TRBV19	TRBJ2-2
CASSIGWAGYTF	TRBV19	TRBJ1-2
CASSTRSGTGQYF	TRBV19	TRBJ2-7
CASSRTGGWDTEAFF	TRBV18	TRBJ1-1
CSVEGEQFF	TRBV29-1	TRBJ2-1
CASSIFGGSTYNEQFF	TRBV19	TRBJ2-1
CASSIYSNSNQPQHF	TRBV19	TRBJ1-5
CASSFYGTGNTEAFF	TRBV19	TRBJ1-1
CASSVAGGDEQFF	TRBV9	TRBJ2-1
CASSPLLAGGTGELFF	TRBV12-3	TRBJ2-2
CASSSRSRETQYF	TRBV19	TRBJ2-5
CASSVFFRSKLFF	TRBV19	TRBJ1-4
CASSIYSGDTQYF	TRBV19	TRBJ2-3
CASSIHAGNQPQHF	TRBV19	TRBJ1-5
CASNNKDRGYGYTF	TRBV6-1	TRBJ1-2
CASSRYSNQPQHF	TRBV19	TRBJ1-5
CASGYGPDEAFF	TRBV10-2	TRBJ1-1
CASSWFTRSEKLFF	TRBV19	TRBJ1-4
CASSIFGGSGNTIYF	TRBV19	TRBJ1-3
CASSIHSGGVEAFF	TRBV19	TRBJ1-1
CASSTISLDIQYF	TRBV19	TRBJ2-4
CASSMYAGNVLTF	TRBV19	TRBJ2-6
CASSTFLGAEAFF	TRBV19	TRBJ1-1
CASSTQGLYYGYTF	TRBV19	TRBJ1-2
CASSFFGGREAFF	TRBV19	TRBJ1-1
CASSIYSGNTIYF	TRBV19	TRBJ1-3
CASSDYAANTEAFF	TRBV6-1	TRBJ1-1
CASSLWMNTEAFF	TRBV27	TRBJ1-1
CASSYNRDRETSNEKLFF	TRBV6-2	TRBJ1-4
CASSIFDSSNQPQHF	TRBV19	TRBJ1-5
CRGQGSNQPQHF	TRBV20-1	TRBJ1-5
CASSIVQGAYNEQFF	TRBV19	TRBJ2-1
CASSVRSRYEQYF	TRBV19	TRBJ2-7
CASSPIAQETQYF	TRBV19	TRBJ2-5
CASSESYRGEKLFF	TRBV6-1	TRBJ1-4
CASSLFFYSNQPQHF	TRBV27	TRBJ1-5
CASSRRSTDTQYF	TRBV19	TRBJ2-3
CASSSGQGERETQYF	TRBV5-1	TRBJ2-5
CASSIHSLNEQFF	TRBV19	TRBJ2-1
CASSDALGVSNYGYTF	TRBV12-4	TRBJ1-2
CASSDLTVEYF	TRBV25-1	TRBJ2-7
CASSLTSGNNEQFF	TRBV19	TRBJ2-1
CASSIFGINEQFF	TRBV19	TRBJ2-1
CASSYIGGGYNEQFF	TRBV6-5	TRBJ2-1
CASGSGAFF	TRBV19	TRBJ1-1
CASSVGDNSGNTIYF	TRBV9	TRBJ1-3
CATSREGLGGEQFF	TRBV15	TRBJ2-1
CASSLASGLYEQYF	TRBV12-3	TRBJ2-7
CASSQVRTETQYF	TRBV3-1	TRBJ2-5
CASSYSSGGAETQYF	TRBV6-5	TRBJ2-5
CASSFGQGTEAFF	TRBV27	TRBJ1-1
CASSVSSYNEQFF	TRBV19	TRBJ2-1
CASSIGADTQYF	TRBV19	TRBJ2-3
CSVGEGGYTEAFF	TRBV29-1	TRBJ1-1
CSVEGANTGELFF	TRBV29-1	TRBJ2-2
CASSIGVEGTQYF	TRBV19	TRBJ2-5
CASSIRGFYNEQFF	TRBV19	TRBJ2-1
CSVDVAGENQETQYF	TRBV29-1	TRBJ2-5
CASSYGVYGYTF	TRBV19	TRBJ1-2
CASSIVGGAYNEQFF	TRBV19	TRBJ2-1
CASSISITTYNEQFF	TRBV19	TRBJ2-1
CASSWDTDSPLHF	TRBV5-4	TRBJ1-6
CASSFRRGKGETQYF	TRBV11-2	TRBJ2-5
CASSQDRVTEAFF	TRBV4-2	TRBJ1-1
CASSYHSQETQYF	TRBV6-5	TRBJ2-5
CASSYMNTEAFF	TRBV28	TRBJ1-1
CASSLSGNTEAFF	TRBV27	TRBJ1-1
CASSPGGMNTEAFF	TRBV19	TRBJ1-1
CASSIYSKDTQYF	TRBV19	TRBJ2-3
CASSIFSGNTIYF	TRBV19	TRBJ1-3
CSATGDPSYEQYF	TRBV20-1	TRBJ2-7
CASSIGHYGYTF	TRBV19	TRBJ1-2
CASSSGAYGYTF	TRBV19	TRBJ1-2
CASSPLAGPYNEQFF	TRBV19	TRBJ2-1
CASSTLATDTQYF	TRBV19	TRBJ2-3
CASSRGLSSGNTIYF	TRBV13	TRBJ1-3
CASSIFGGGLNEQFF	TRBV19	TRBJ2-1
CASSFAVGPQHF	TRBV5-6	TRBJ1-5
CASSFGQGLGAFF	TRBV27	TRBJ1-1
CASTGLWVGTDTQYF	TRBV19	TRBJ2-3
CASSVRSGEMDTQYF	TRBV10-2	TRBJ2-3
CASSAVLGNTEAFF	TRBV19	TRBJ1-1
CASSIGGSSYNEQFF	TRBV19	TRBJ2-1
CAISGGQGRREQFF	TRBV10-3	TRBJ2-1
CASSIVSINEQFF	TRBV19	TRBJ2-1
CASSLYGGGTGELFF	TRBV7-2	TRBJ2-2
CASSPRGPNTEAFF	TRBV5-4	TRBJ1-1
CASSYPGHYGYTF	TRBV6-5	TRBJ1-2
CASSFGSGGYEQYF	TRBV27	TRBJ2-7
CASSMFMPGELFF	TRBV19	TRBJ2-2
CASSIIAGAYNEQFF	TRBV19	TRBJ2-1
CASSLGQGTEAFF	TRBV27	TRBJ1-1
CASRAGVGNEQFF	TRBV19	TRBJ2-1
CASSIQGGGELFF	TRBV19	TRBJ2-2
CASSLTSVSEQFF	TRBV19	TRBJ2-1
CASSGQLNTEAFF	TRBV25-1	TRBJ1-1
CASSIAPTGELFF	TRBV19	TRBJ2-2
CACSGTEDQPQHF	TRBV30	TRBJ1-5
CASSISTTGEQFF	TRBV19	TRBJ2-1
CASSLWEDYGYTF	TRBV7-9	TRBJ1-2
CASSPSSNQPQHF	TRBV19	TRBJ1-5
CASSLAGSYNEQFF	TRBV28	TRBJ2-1
CASSLYSSNEQFF	TRBV7-2	TRBJ2-1
CASSYGQGGTIQYF	TRBV4-1	TRBJ2-4
CASSMGVTEAFF	TRBV19	TRBJ1-1
CASSPYWTAAGELFF	TRBV12-3	TRBJ2-2
CASSYGANTGELFF	TRBV27	TRBJ2-2
CASSEGTSSYNEQFF	TRBV25-1	TRBJ2-1
CASSIYSTDTQYF	TRBV19	TRBJ2-3
CASSMFAGGPREQYF	TRBV19	TRBJ2-7
CASSIFGGGYNEQFF	TRBV19	TRBJ2-1
CASSIVSGSYNEQFF	TRBV19	TRBJ2-1
CASSSYSYNEQFF	TRBV19	TRBJ2-1
CASSMVAGAYNEQFF	TRBV19	TRBJ2-1
CASRGNEQFF	TRBV19	TRBJ2-1
CASSEGFTSTDTQYF	TRBV9	TRBJ2-3
CATGLLYEQYF	TRBV19	TRBJ2-7
CASSIMSGPSYNEQFF	TRBV19	TRBJ2-1
CASKAFGGSYEQYF	TRBV19	TRBJ2-7
CASSYGTNTGELFF	TRBV6-5	TRBJ2-2
CASSIFAGGDTQYF	TRBV19	TRBJ2-3
CASSESDYNEQFF	TRBV25-1	TRBJ2-1
CASSLIQGAGSPLHF	TRBV11-2	TRBJ1-6
CASSSGQGFTDTQYF	TRBV7-9	TRBJ2-3
CAISEDRETQYF	TRBV10-3	TRBJ2-5
CASSGTSNQPQHF	TRBV19	TRBJ1-5
CASSIISGNEQFF	TRBV19	TRBJ2-1
CASSIQGNQPQHF	TRBV19	TRBJ1-5
CASSILSGRAQYF	TRBV19	TRBJ2-3
CASSGPGTGYNEQFF	TRBV19	TRBJ2-1
CASSWGGSNEQFF	TRBV19	TRBJ2-1
CASSPHWSSYEQYF	TRBV19	TRBJ2-7
CASSSLGGWTEAFF	TRBV27	TRBJ1-1
CASSMSGVPTDTQYF	TRBV19	TRBJ2-3
CASSPWDSRFYGYTF	TRBV9	TRBJ1-2
CASSPGLGLDTQYF	TRBV13	TRBJ2-3
CASSTFDSNQPQHF	TRBV19	TRBJ1-5
CASSMGSGSYGEAFF	TRBV19	TRBJ1-1
CASTPTGVNEQFF	TRBV19	TRBJ2-1
CASSMYGGSNQPQHF	TRBV19	TRBJ1-5
CASSSFGGRPQHF	TRBV19	TRBJ1-5
CASSPLAGWDIQYF	TRBV27	TRBJ2-4
CASARDRDNTQYF	TRBV25-1	TRBJ2-3
CASSFGQGLEQYF	TRBV27	TRBJ2-7
CASSMRSSDIQYF	TRBV19	TRBJ2-4
CASSIIATSTEQFF	TRBV19	TRBJ2-1
CASSSTGTSGSTDTQYF	TRBV13	TRBJ2-3
CASSFLRFYGYTF	TRBV28	TRBJ1-2
CASNSGLLEAFF	TRBV19	TRBJ1-1
CASSFGGGAWTDTQYF	TRBV28	TRBJ2-3
CASSLTGGTDTQYF	TRBV5-5	TRBJ2-3
CASSIVGSGANVLTF	TRBV19	TRBJ2-6
CASRGGEAFF	TRBV19	TRBJ1-1
CASGWVGQPQHF	TRBV19	TRBJ1-5
CASSLAAGAEQYF	TRBV19	TRBJ2-7
CASSFARAYEQYF	TRBV28	TRBJ2-7
CASSIIGGAYNEQFF	TRBV19	TRBJ2-1
CASGQGAFF	TRBV19	TRBJ1-1
CASSPGAGGDTQYF	TRBV6-6	TRBJ2-3
CASSQGWDSPLHF	TRBV27	TRBJ1-6
CSASGLWTGADTQYF	TRBV20-1	TRBJ2-3
CASSLFRGQETQYF	TRBV27	TRBJ2-5
CASSLAGGRNEQFF	TRBV27	TRBJ2-1
CSARPWSTDTQYF	TRBV20-1	TRBJ2-3
CATRTSGSGAGTDTQYF	TRBV24-1	TRBJ2-3
CASSFFARGQGTYEQYF	TRBV28	TRBJ2-7
CASSLEGGGTDNEQFF	TRBV5-8	TRBJ2-1
CASSIVGSGYNEQFF	TRBV19	TRBJ2-1
CASSLGLANEQFF	TRBV12-3	TRBJ2-1
CASSELSGSGQEQYF	TRBV10-2	TRBJ2-7
CASSQDPAGSITDTQYF	TRBV4-3	TRBJ2-3
CASTRLAGGFNEQFF	TRBV19	TRBJ2-1
CSARGDWNYEQYF	TRBV20-1	TRBJ2-7
CASSSRAYYEQYF	TRBV19	TRBJ2-7
CASSTTGYEQYF	TRBV19	TRBJ2-7
CASSTFAGDYEQYF	TRBV19	TRBJ2-7
CASCMDIDNSPLHF	TRBV2	TRBJ1-6
CASSHLDSTTNEKLFF	TRBV28	TRBJ1-4
CASSIRSSWEQYF	TRBV19	TRBJ2-7
CASSLQSSYNEQFF	TRBV7-9	TRBJ2-1
CASRRDSTSSYEQYF	TRBV2	TRBJ2-7
CASSYFAGTSYNEQFF	TRBV19	TRBJ2-1
CASSIYQGSSYNEQFF	TRBV19	TRBJ2-1
CASSYGQGIIYGYTF	TRBV27	TRBJ1-2
CASSIYGGGYNEQFF	TRBV19	TRBJ2-1
CASSLRSSNEQFF	TRBV19	TRBJ2-1
CASSIRAGGPMEQYF	TRBV19	TRBJ2-7
CASSMRSNQPQHF	TRBV19	TRBJ1-5
CASSLLVTDTQYF	TRBV27	TRBJ2-3
CATSIYSNQPQHF	TRBV15	TRBJ1-5
CASSTRSDNEQFF	TRBV19	TRBJ2-1
CSASPESLSYEQYF	TRBV20-1	TRBJ2-7
CASSFRAAYEQYF	TRBV19	TRBJ2-7
CAILGYGSTEAFF	TRBV12-3	TRBJ1-1
CASSIGWYGYTF	TRBV19	TRBJ1-2
CASSFGMGSEKLFF	TRBV27	TRBJ1-4
CASSMFGGNNQPQHF	TRBV19	TRBJ1-5
CASSFLAGPYNEQFF	TRBV19	TRBJ2-1
CASSIYAGGGNTIYF	TRBV19	TRBJ1-3
CASSITSGNEQFF	TRBV19	TRBJ2-1
CASSGNSGNTIYF	TRBV19	TRBJ1-3
CASSYRDHNEQFF	TRBV27	TRBJ2-1
CASSLLSGVLNTEAFF	TRBV28	TRBJ1-1
CASNGGSYEQYF	TRBV19	TRBJ2-7
CASEPQENTEAFF	TRBV9	TRBJ1-1
CASRQGGTEAFF	TRBV25-1	TRBJ1-1
CASGQLAGGLNEQFF	TRBV19	TRBJ2-1
CASSYGTGSYEQYF	TRBV6-5	TRBJ2-7
CASSQVFRDRGNTEAFF	TRBV4-2	TRBJ1-1
CASSIVPGTGELFF	TRBV19	TRBJ2-2
CASSIFNGQEAFF	TRBV19	TRBJ1-1
CASRLAGVSYNEQFF	TRBV27	TRBJ2-1
CASSRYGNQPQHF	TRBV19	TRBJ1-5
CASSLLQGGSSPLHF	TRBV28	TRBJ1-6
CASSMYGGDTQYF	TRBV19	TRBJ2-3
CASSTDRQFGYGYTF	TRBV2	TRBJ1-2
CASRQTSGSYNEQFF	TRBV6-5	TRBJ2-1
CASSPTVAGAPETQYF	TRBV27	TRBJ2-5
CASSFGQNTGELFF	TRBV27	TRBJ2-2
CASSIFKGSNQPQHF	TRBV19	TRBJ1-5
CASSERADRAAYEQYF	TRBV2	TRBJ2-7
CASSQVWKREDTEAFF	TRBV3-1	TRBJ1-1
CATGWTSNSPLHF	TRBV19	TRBJ1-6
CASSRLAGVETQYF	TRBV19	TRBJ2-5
CSARGDRSYEQYF	TRBV20-1	TRBJ2-7
CASSIYGNTGELFF	TRBV19	TRBJ2-2
CASSLVDRSITDTQYF	TRBV11-3	TRBJ2-3
CASSIFGHQNTEAFF	TRBV19	TRBJ1-1
CASSFGAGNNEQFF	TRBV5-6	TRBJ2-1
CASSNVAGINEQFF	TRBV19	TRBJ2-1
CASSSGTGLYGYTF	TRBV5-6	TRBJ1-2
CASTIYQGAPTEAFF	TRBV19	TRBJ1-1
CASSIRGGSSYNEQFF	TRBV19	TRBJ2-1
CASSYPGQYNEQFF	TRBV6-5	TRBJ2-1
CSVDRDRGLQETQYF	TRBV29-1	TRBJ2-5
CASSTTVSGELFF	TRBV19	TRBJ2-2
CASSMSSLDEQFF	TRBV19	TRBJ2-1
CASSIGPYTEAFF	TRBV19	TRBJ1-1
CASSTRSSWEQFF	TRBV19	TRBJ2-1
CASAYGLNTGELFF	TRBV27	TRBJ2-2
CASSVFSADTQYF	TRBV19	TRBJ2-3
CASSTFGSSYNEQFF	TRBV19	TRBJ2-1
CASSIISNQPQHF	TRBV19	TRBJ1-5
CASSQDGIGLFTEAFF	TRBV4-1	TRBJ1-1
CASSIRSGNEKLFF	TRBV19	TRBJ1-4
CASSIFVGRNEQFF	TRBV19	TRBJ2-1
CASSIYSNTEAFF	TRBV19	TRBJ1-1
CASSISSGTEQFF	TRBV19	TRBJ2-1
CASSQRSSEPQHF	TRBV19	TRBJ1-5
CASTLSSSYNEQFF	TRBV28	TRBJ2-1
CASSYGQGIGEQFF	TRBV6-5	TRBJ2-1
CSAIGGLYEQYF	TRBV20-1	TRBJ2-7
CASSPGTSVNEQFF	TRBV19	TRBJ2-1
CASSTGIIGYTF	TRBV19	TRBJ1-2
CASSIFGNQPQHF	TRBV19	TRBJ1-5
CASSIGGREAFF	TRBV19	TRBJ1-1
CASSIGMYGYTF	TRBV19	TRBJ1-2
CASSGDTGTTLYNEQFF	TRBV9	TRBJ2-1
CAVGRSGSYNEQFF	TRBV19	TRBJ2-1
CASSIRAGGEQYF	TRBV19	TRBJ2-7
CASSTRSLDTQYF	TRBV19	TRBJ2-3
CASSSTGIGSQPQHF	TRBV19	TRBJ1-5
CASSTGTTDTQYF	TRBV19	TRBJ2-3
CASSIYSLNEQFF	TRBV19	TRBJ2-1
CASSPFGSSYNEQFF	TRBV19	TRBJ2-1
CASANGGITYNEQFF	TRBV19	TRBJ2-1
CASGGPGSYEQYF	TRBV19	TRBJ2-7
CASSPTGVNTEAFF	TRBV19	TRBJ1-1
CASSIWAQDTQYF	TRBV19	TRBJ2-3
CASGQYSNQPQHF	TRBV19	TRBJ1-5
CASSMVSTDTQYF	TRBV19	TRBJ2-3
CASSSDDWTVAKNIQYF	TRBV12-3	TRBJ2-4
CASSIFGSSGNTIYF	TRBV19	TRBJ1-3
CASSIVSGDYNEQFF	TRBV19	TRBJ2-1
CASSFFGGASPDTQYF	TRBV28	TRBJ2-3
CASSDAYGYKLFF	TRBV2	TRBJ1-4
CASSIGLFGYTF	TRBV19	TRBJ1-2
CASSIFGGSYNEQFF	TRBV19	TRBJ2-1
CASSIFNNQPQHF	TRBV19	TRBJ1-5
CASSGRASGELFF	TRBV19	TRBJ2-2
CASSGGTSSDTQYF	TRBV9	TRBJ2-3
CASSSHGGGYGYTF	TRBV11-2	TRBJ1-2
CASSGQSNQPQHF	TRBV25-1	TRBJ1-5
CASSLRSADTQYF	TRBV19	TRBJ2-3
CASSIFQGGGNTEAFF	TRBV19	TRBJ1-1
CASSYSHDGHSNQPQHF	TRBV6-6	TRBJ1-5
CASSSRSADTQYF	TRBV19	TRBJ2-3
CASSIFGGPNTEAFF	TRBV19	TRBJ1-1
CASSYLEGEKLFF	TRBV28	TRBJ1-4
CASSFGLGSYEQYF	TRBV27	TRBJ2-7
CASSQWGNNEKLFF	TRBV27	TRBJ1-4
CASSGRSDGELFF	TRBV19	TRBJ2-2
CASSMFGALGTEAFF	TRBV19	TRBJ1-1
CASSPGTGVGQFF	TRBV19	TRBJ2-1
CASSQVLSAGDSYNEQFF	TRBV3-1	TRBJ2-1
CASSEREQYF	TRBV2	TRBJ2-7
CASSLRAGDNEQFF	TRBV19	TRBJ2-1
CASSMRSQETQYF	TRBV19	TRBJ2-5
CASSLTSLANEQFF	TRBV19	TRBJ2-1
CASSSRGGHEQYF	TRBV19	TRBJ2-7
CASSPFHTGELFF	TRBV19	TRBJ2-2
CASSIRGSYEQYF	TRBV19	TRBJ2-7
CASSIRSLETQYF	TRBV19	TRBJ2-5
CASSIYGSVGTEAFF	TRBV19	TRBJ1-1
CASKTLAGARETQYF	TRBV19	TRBJ2-5
CASSIFGGSNQPQHF	TRBV19	TRBJ1-5
CASSGRSSGTQYF	TRBV19	TRBJ2-5
CASSIVSVADTQYF	TRBV19	TRBJ2-3
CASSRDPVTGPTDTQYF	TRBV4-3	TRBJ2-3
CASSLAGTMGQFF	TRBV19	TRBJ2-1
CASSPHGGSNTEAFF	TRBV19	TRBJ1-1
CASSLRSSGELFF	TRBV19	TRBJ2-2
CASSTRSAIEQFF	TRBV19	TRBJ2-1
CASSYGWNTGELFF	TRBV6-5	TRBJ2-2
CASSSLITGELFF	TRBV19	TRBJ2-2
CASSDRSSQPQHF	TRBV19	TRBJ1-5
CASSIGTYGYTF	TRBV19	TRBJ1-2
CASSIYRFTEAFF	TRBV19	TRBJ1-1
CASTSGNTEAFF	TRBV19	TRBJ1-1
CASSTFSRDIQYF	TRBV19	TRBJ2-4
CASSSELRGLNYGYTF	TRBV19	TRBJ1-2
CASSIFAGSNQPQHF	TRBV19	TRBJ1-5
CASSIRSDSEAFF	TRBV19	TRBJ1-1
CASSLYRGGTEAFF	TRBV28	TRBJ1-1
CASSTGLYGYTF	TRBV19	TRBJ1-2
CASSAGQGVKNIQYF	TRBV5-4	TRBJ2-4
CSPGLYLASATDTQYF	TRBV20-1	TRBJ2-3
CASSARSGYEQYF	TRBV19	TRBJ2-7
CASSIRSNYNEQFF	TRBV19	TRBJ2-1
CSASRGQYSNQPQHF	TRBV20-1	TRBJ1-5
CASSIGTSGDYNEQFF	TRBV19	TRBJ2-1
CAASTGIYGYTF	TRBV19	TRBJ1-2
CASSISGASNYGYTF	TRBV19	TRBJ1-2
CASSIYGSDEQFF	TRBV19	TRBJ2-1
CASSIYLLGTEAFF	TRBV19	TRBJ1-1
CASSIRGAQEQYF	TRBV19	TRBJ2-7
CASTETGPYGYTF	TRBV12-3	TRBJ1-2
CASSQETGVGTEAFF	TRBV4-3	TRBJ1-1
CASSIPGGGEQFF	TRBV19	TRBJ2-1
CASSDWSGNTIYF	TRBV19	TRBJ1-3
CATQAGMGTGELFF	TRBV27	TRBJ2-2
CASSFGQGADEQYF	TRBV27	TRBJ2-7
CASSIFAVSGNTIYF	TRBV19	TRBJ1-3
CASSSPSGGTQYF	TRBV19	TRBJ2-5
CASSVFVGEGYTF	TRBV19	TRBJ1-2
CATSDLGDGGNEQFF	TRBV24-1	TRBJ2-1
CASSVRGGTEAFF	TRBV19	TRBJ1-1
CASSPHSAFYEQYF	TRBV19	TRBJ2-7
CASSTFLGGRSPLHF	TRBV19	TRBJ1-6
CASSGFDGSNQPQHF	TRBV19	TRBJ1-5
CASSELGRSSSGNTIYF	TRBV2	TRBJ1-3
CASSIFSGLNEQFF	TRBV19	TRBJ2-1
CASSLLAGVYNEQFF	TRBV19	TRBJ2-1
CASSMAGNTEAFF	TRBV19	TRBJ1-1
CASSIYHLNPEAFF	TRBV19	TRBJ1-1
CASSIYRWNTIYF	TRBV19	TRBJ1-3
CASSIMAAGGTEQFF	TRBV19	TRBJ2-1
CASSLSGPYNEQFF	TRBV19	TRBJ2-1
CAWGLTGGWNEQFF	TRBV30	TRBJ2-1
CASSFGQGYGYTF	TRBV12-3	TRBJ1-2
CASSISGLEAFF	TRBV19	TRBJ1-1
CASSISGGSEQFF	TRBV19	TRBJ2-1
CASSASGTTDTQYF	TRBV9	TRBJ2-3
CASKGGGGYTF	TRBV19	TRBJ1-2
CASSYGTGFNEQFF	TRBV4-3	TRBJ2-1
CASSIMGPGELFF	TRBV19	TRBJ2-2
CASSSGDSNTEAFF	TRBV6-5	TRBJ1-1
CSASGARAGNTIYF	TRBV20-1	TRBJ1-3
CASSGWLVQGNQPQHF	TRBV4-1	TRBJ1-5
CASSYTYGYTF	TRBV4-1	TRBJ1-2
CSVITDTQYF	TRBV29-1	TRBJ2-3
CASSWTAAYTDTQYF	TRBV5-4	TRBJ2-3
CASSIFQAPSYEQYF	TRBV19	TRBJ2-7
CASSFESSYNEQFF	TRBV11-2	TRBJ2-1
CSVVSRDSYEQYF	TRBV29-1	TRBJ2-7
CASQIYGGGDEQFF	TRBV19	TRBJ2-1
CASSLGFGNTIYF	TRBV19	TRBJ1-3
CASSALSGIYNEQFF	TRBV19	TRBJ2-1
CASSWTVNYGYTF	TRBV19	TRBJ1-2
CASSVAQYGYTF	TRBV19	TRBJ1-2
CASSLYPGSYEQYF	TRBV27	TRBJ2-7
CASSYELTGTSLETQYF	TRBV6-2	TRBJ2-5
CASSPWDTDTQYF	TRBV9	TRBJ2-3
CASSSFDLDITGELFF	TRBV7-2	TRBJ2-2
CASSIFQFNEQFF	TRBV19	TRBJ2-1
CASSITSVNEQFF	TRBV19	TRBJ2-1
CASSDFAPDLTSGDYNEQFF	TRBV25-1	TRBJ2-1
CASSAYDWDEQFF	TRBV9	TRBJ2-1
CASSQIDTDEKLFF	TRBV4-3	TRBJ1-4
CSARPSDRAYEQYF	TRBV20-1	TRBJ2-7
CASSLFTGAFYEQYF	TRBV27	TRBJ2-7
CASGQGATEAFF	TRBV19	TRBJ1-1
CASSTYSGSYNEQFF	TRBV19	TRBJ2-1
CASSLEDRVIGSPLHF	TRBV12-3	TRBJ1-6
CASSLVIGEQFF	TRBV7-9	TRBJ2-1
CASSVEMGQITDTQYF	TRBV9	TRBJ2-3
CASSIVNSAPTYEQYF	TRBV19	TRBJ2-7
CSARGEDTDTQYF	TRBV20-1	TRBJ2-3
CSVVASGNPDTQYF	TRBV29-1	TRBJ2-3
CASSNYRPFSTDTQYF	TRBV6-5	TRBJ2-3
CASSTVDRSEHMNTEAFF	TRBV19	TRBJ1-1
CSARGWGLSYNEQFF	TRBV20-1	TRBJ2-1
CASSLVSSYNEQFF	TRBV14	TRBJ2-1
CASSMFPGRNEQFF	TRBV19	TRBJ2-1
CASSFTVFTGYTF	TRBV19	TRBJ1-2
CASSRTGGAGNTEAFF	TRBV19	TRBJ1-1
CASSHLYEQYF	TRBV3-1	TRBJ2-7
CASSFGTGGFYTF	TRBV12-3	TRBJ1-2
CASSIYGYGEQYF	TRBV19	TRBJ2-7
CASSIGWHGYTF	TRBV19	TRBJ1-2
CASSVGRVGYTF	TRBV19	TRBJ1-2
CASSIRLGYNEQFF	TRBV19	TRBJ2-1
CATSRAWDYGNPLSGNSGANVLTF	TRBV15	TRBJ2-6
CASSSIDETGSNEKLFF	TRBV11-2	TRBJ1-4
CATFSGLYNEQFF	TRBV28	TRBJ2-1
CASSIFSGSGDGYTF	TRBV19	TRBJ1-2
CASSIYSSYEQYF	TRBV19	TRBJ2-7
CASSFLFSRTGRQETQYF	TRBV28	TRBJ2-5
CASSTLAGAWNEQFF	TRBV19	TRBJ2-1
CASSLYRQGWEAFF	TRBV13	TRBJ1-1
CASSVGADIIMNTEAFF	TRBV9	TRBJ1-1
CASSALLNTEAFF	TRBV19	TRBJ1-1
CASGPAYGYTF	TRBV19	TRBJ1-2
CASSLTGVGEQYF	TRBV18	TRBJ2-7
CAISEGQGSYNSPLHF	TRBV10-3	TRBJ1-6
CSARTVYEQYF	TRBV20-1	TRBJ2-7
CASSTSSVDTQYF	TRBV19	TRBJ2-3
CASSILITGELFF	TRBV19	TRBJ2-2
CASSLPGAINSPLHF	TRBV19	TRBJ1-6
CASSQDEYGLIHYGYTF	TRBV4-3	TRBJ1-2
CASSTRGGQPQHF	TRBV19	TRBJ1-5
CASSIYLMENQPQHF	TRBV19	TRBJ1-5
CAISGGDRANYGYTF	TRBV10-3	TRBJ1-2
CASSQGGDYGYTF	TRBV3-1	TRBJ1-2
CASSDRDSYNEQFF	TRBV9	TRBJ2-1
CASSRTSTDTQYF	TRBV19	TRBJ2-3
CASSIAGNSNQPQHF	TRBV19	TRBJ1-5
CASSISSTGEQYF	TRBV19	TRBJ2-7
CASSLGAGDSSYEQYF	TRBV4-2	TRBJ2-7
CASSSTLYNEQFF	TRBV19	TRBJ2-1
CSARTWSSYEQYF	TRBV20-1	TRBJ2-7
CASSQDLGGWEQFF	TRBV4-3	TRBJ2-1
CASSIYRTSYNEQFF	TRBV19	TRBJ2-1
CASSPLQGLVGYTF	TRBV28	TRBJ1-2
CASSIRHSGSYNEQFF	TRBV19	TRBJ2-1
CASSPLAGRGYNEQFF	TRBV19	TRBJ2-1
CASSLGTVASYEQYF	TRBV13	TRBJ2-7
CAIKLRGSEGDTQYF	TRBV28	TRBJ2-3
CASSWGISYNEQFF	TRBV19	TRBJ2-1
CASSPWILYNEQFF	TRBV19	TRBJ2-1
CASSLGPSDFVTASGSITGGPDTQYF	TRBV28	TRBJ2-3
CSVEYGTKFF	TRBV29-1	TRBJ2-1
CASGLAGATGELFF	TRBV12-5	TRBJ2-2
CASSIGGRQQYF	TRBV19	TRBJ2-7
CASSLGLGGSTDTQYF	TRBV28	TRBJ2-3
CASSIFGGAKNIQYF	TRBV19	TRBJ2-4
CASSFRAGETQYF	TRBV19	TRBJ2-5
CASSMTATHGYTF	TRBV19	TRBJ1-2
CASSVYGGNYEQYF	TRBV19	TRBJ2-7
CASSEALWDSTHKNIQYF	TRBV2	TRBJ2-4
CASSESTNTEAFF	TRBV2	TRBJ1-1
CASSFGSGNNEQFF	TRBV5-6	TRBJ2-1
CASSIVVLGGELFF	TRBV19	TRBJ2-2
CASSSGSYGYTF	TRBV19	TRBJ1-2
CASSMRSSSEQYF	TRBV19	TRBJ2-7
CASSTYHSDEQFF	TRBV19	TRBJ2-1
CASSIRSGAEQFF	TRBV19	TRBJ2-1
CASSSRAGYEQYF	TRBV19	TRBJ2-7
CASSIRAEGKLFF	TRBV19	TRBJ1-4
CASSGRAADTQYF	TRBV19	TRBJ2-3
CASSAFGADTQYF	TRBV19	TRBJ2-3
CASSTRGGDEQYF	TRBV19	TRBJ2-7
CASSVGKTSTDTQYF	TRBV9	TRBJ2-3
CASSLTGAGTEAFF	TRBV19	TRBJ1-1
CASSARSTDTQYF	TRBV19	TRBJ2-3
CASSIAAYNEQFF	TRBV19	TRBJ2-1
CASSQDPSPSTDTQYF	TRBV4-3	TRBJ2-3
CASISDREGTEAFF	TRBV25-1	TRBJ1-1
CASSQGPPGQGMKKQYF	TRBV3-1	TRBJ2-7
CASSIYHRGGFYEQYF	TRBV19	TRBJ2-7
CASSQEGVEAFF	TRBV3-1	TRBJ1-1
CASNSGLAIEEQFF	TRBV11-2	TRBJ2-1
CASSIGQRAFF	TRBV19	TRBJ2-1
CASSFFDGSYEQYF	TRBV19	TRBJ2-7
CASSLQGGPKNIQYF	TRBV11-1	TRBJ2-4
CASSHFQGASYGYTF	TRBV19	TRBJ1-2
CASSYHNTNKNIQYF	TRBV6-6	TRBJ2-4
CASSIYGSSNQPQHF	TRBV19	TRBJ1-5
CASSEYLGTAYEQYF	TRBV25-1	TRBJ2-7
CASSIISGYEQYF	TRBV19	TRBJ2-7
CASSITGNSNQPQHF	TRBV19	TRBJ1-5
CASSQGWSDSFYGYTF	TRBV4-1	TRBJ1-2
CASSGRSNQPQHF	TRBV19	TRBJ1-5
CASSVRADGELFF	TRBV19	TRBJ2-2
CASSPRSAEPQHF	TRBV19	TRBJ1-5
CASSTRGSHEQYF	TRBV19	TRBJ2-7
CASSIRSSVEQFF	TRBV19	TRBJ2-1
CASSTRDLAKSSYNSPLHF	TRBV28	TRBJ1-6
CASSSTGTTNYEQYF	TRBV13	TRBJ2-7
CASSIVSADTQYF	TRBV19	TRBJ2-3
CASSEVGAYSNQPQHF	TRBV6-1	TRBJ1-5
CASSTGVPLSEQYF	TRBV19	TRBJ2-7
CASTARSSYNEQFF	TRBV19	TRBJ2-1
CSARGRRDKAFF	TRBV20-1	TRBJ1-1
CASSIFSAYNEQFF	TRBV19	TRBJ2-1
CASSFGTSSDTQYF	TRBV12-4	TRBJ2-3
CASSPGQGWNGYTF	TRBV4-3	TRBJ1-2
CASSFSTGANTEAFF	TRBV5-4	TRBJ1-1
CASSIFHTHYEQYF	TRBV19	TRBJ2-7
CASSGVGGGELFF	TRBV19	TRBJ2-2
CASSLTGGLGTEAFF	TRBV19	TRBJ1-1
CASSITSGGLNEQFF	TRBV19	TRBJ2-1
CASSLVVPGTDTQYF	TRBV7-8	TRBJ2-3
CASRAGQGIHEQYF	TRBV2	TRBJ2-7
CASSFGQGSDTQYF	TRBV27	TRBJ2-3
CASSSESPGELFF	TRBV5-4	TRBJ2-2
CASSMVGGAKNIQYF	TRBV19	TRBJ2-4
CATAPLSINEQFF	TRBV19	TRBJ2-1
CASRELEGATDTQYF	TRBV5-1	TRBJ2-3
CASSSGSSGGSYNEQFF	TRBV13	TRBJ2-1
CASSLRDRGRGGTEAFF	TRBV28	TRBJ1-1
CASSEAEWGSAQPQHF	TRBV6-1	TRBJ1-5
CASSWGGRPIETQYF	TRBV3-1	TRBJ2-5
CASSMYSNQPQHF	TRBV19	TRBJ1-5
CASSWTGGGSGEQYF	TRBV5-6	TRBJ2-7
CASSTRSSYNEQFF	TRBV19	TRBJ2-1
CASSSLSLDRGGGQAFF	TRBV28	TRBJ1-1
CASSLGMGLPYEQYF	TRBV14	TRBJ2-7
CASSLRTGRWEKLFF	TRBV6-5	TRBJ1-4
CASSIVSVDEQFF	TRBV19	TRBJ2-1
CASSQDTGMNTEAFF	TRBV4-2	TRBJ1-1
CASSQDYGLEAFF	TRBV4-3	TRBJ1-1
CASSTMGNAPLDTQYF	TRBV7-3	TRBJ2-3
CASSAQSNQPQHF	TRBV25-1	TRBJ1-5
CASSLGLYDIEETQYF	TRBV4-3	TRBJ2-5
CASSIYGMGNQPQHF	TRBV19	TRBJ1-5
CASSWGSYGYTF	TRBV19	TRBJ1-2
CASSMGVYGYTF	TRBV19	TRBJ1-2
CASSIASVEGGQFF	TRBV19	TRBJ2-1
CASSFSFILTPSQPINIQYF	TRBV28	TRBJ2-4
CASSMFGGGYNEQFF	TRBV19	TRBJ2-1
CASSTRSGSPLHF	TRBV19	TRBJ1-6
CASSTRSAHEQFF	TRBV19	TRBJ2-1
CASSLTSSSYNEQFF	TRBV19	TRBJ2-1
CASSIATVDTQYF	TRBV19	TRBJ2-3
CASSGGGVDEKLFF	TRBV13	TRBJ1-4
CASSMYLVSLNEQYF	TRBV19	TRBJ2-7
CASSYLAGGLINEQFF	TRBV19	TRBJ2-1
CASSVLAGGYNEQFF	TRBV19	TRBJ2-1
CASSMGGGATVLTF	TRBV19	TRBJ2-6
CASSFGQGDEKLFF	TRBV27	TRBJ1-4
CASSIFQSGNQPQHF	TRBV19	TRBJ1-5
CASSIFFTSSGGYTF	TRBV19	TRBJ1-2
CASSIYQGVYNEQFF	TRBV19	TRBJ2-1
CASSITSGGYNEQFF	TRBV19	TRBJ2-1
CASSPDRGLLNQPQHF	TRBV18	TRBJ1-5
CASSILGLPGPYEQYF	TRBV19	TRBJ2-7
CASSHTGVITEAFF	TRBV19	TRBJ1-1
CASSVFSGAYNEQFF	TRBV19	TRBJ2-1
CASSILAQSEAFF	TRBV19	TRBJ1-1
CATSTGTYEQYF	TRBV15	TRBJ2-7
CASSFGQGTGELFF	TRBV27	TRBJ2-2
CASSGRSSDTQYF	TRBV19	TRBJ2-3
CASSINGGAYNEQFF	TRBV19	TRBJ2-1
CASSLGWGFGEQYF	TRBV27	TRBJ2-7
CASSFTGSTEAFF	TRBV27	TRBJ1-1
CASSLFAGTGELFF	TRBV27	TRBJ2-2
CASSPRGGIEQYF	TRBV19	TRBJ2-7
CASSQLGRSWETQYF	TRBV16	TRBJ2-5
CASSNLAGLNEQFF	TRBV19	TRBJ2-1
CASSSTGAGELFF	TRBV6-5	TRBJ2-2
CAISQNIDEQFF	TRBV10-3	TRBJ2-1
CASSIFHTAGEGAFF	TRBV19	TRBJ1-1
CASSLRAAGELFF	TRBV19	TRBJ2-2
CASSMFGTEEQYF	TRBV19	TRBJ2-7
CASSLAGGPLDTQYF	TRBV7-3	TRBJ2-3
CASSSTGGGITEAFF	TRBV19	TRBJ1-1
CASSPRGGYEQYF	TRBV19	TRBJ2-7
CASSIGTVQYF	TRBV19	TRBJ2-7
CASSIMSNQPQHF	TRBV19	TRBJ1-5
CASTPTGGNTEAFF	TRBV19	TRBJ1-1
CASRQWTGGTTGELFF	TRBV6-9	TRBJ2-2
CASSLSDRATERSYEQYF	TRBV13	TRBJ2-7
CASNQGNEQFF	TRBV6-5	TRBJ2-1
CASSIRAGNEKLFF	TRBV19	TRBJ1-4
CASSSLVMVAGQPYEQYF	TRBV27	TRBJ2-7
CASSIFAGGTEQYF	TRBV19	TRBJ2-7
CASSARSNYEQYF	TRBV19	TRBJ2-7
CASSLTGTTYEQYF	TRBV18	TRBJ2-7
CASRVRDRGRLDYGYTF	TRBV28	TRBJ1-2
CASSILDYGYTF	TRBV19	TRBJ1-2
CASSTGNYGYTF	TRBV19	TRBJ1-2
CASSQAHRGINQPQHF	TRBV3-1	TRBJ1-5
CASSIGTHGYTF	TRBV19	TRBJ1-2
CASSPRGGDTQYF	TRBV19	TRBJ2-3
CASSTFDTSNQPQHF	TRBV19	TRBJ1-5
CASSIRSGAYTEAFF	TRBV19	TRBJ1-1
CSARDWAVPYNEQFF	TRBV20-1	TRBJ2-1
CASSTGGTEAFF	TRBV19	TRBJ1-1
CASSINGGTNTEAFF	TRBV19	TRBJ1-1
CASSMGLYGYTF	TRBV19	TRBJ1-2
CASSIAREQYF	TRBV19	TRBJ2-7
CASSTFWGTEVEETQYF	TRBV6-6	TRBJ2-5
CASSIRAQETQYF	TRBV19	TRBJ2-5
CASSFGENTGELFF	TRBV27	TRBJ2-2
CASSPEGQSSNTGELFF	TRBV9	TRBJ2-2
CASSLGFNEQFF	TRBV27	TRBJ2-1
CASSLVWQGYGYTF	TRBV12-4	TRBJ1-2
CASSQFLGGTEPYTF	TRBV3-1	TRBJ1-2
CASSPRAGDTQYF	TRBV19	TRBJ2-3
CASSVGVHGTF	TRBV19	TRBJ1-2
CASSMRSDGELFF	TRBV19	TRBJ2-2
CASSIGLWGYTF	TRBV19	TRBJ1-2
CASSVGGNSNEKLFF	TRBV9	TRBJ1-4
CATSVRASYEQYF	TRBV24-1	TRBJ2-7
CASSKRSGVEQYF	TRBV19	TRBJ2-7
CASSKLSRDEQFF	TRBV19	TRBJ2-1
CASSIVSTGELFF	TRBV19	TRBJ2-2
CASSTLRGPYNEQFF	TRBV19	TRBJ2-1
CASSIRADSPLHF	TRBV19	TRBJ1-6
CASSFRSTGELFF	TRBV19	TRBJ2-2
CASSIRADYEQYF	TRBV19	TRBJ2-7
CASSTRAGNEKLFF	TRBV19	TRBJ1-4
CASSIYSLNTEAFF	TRBV19	TRBJ1-1
CASGGAGSYEQYF	TRBV19	TRBJ2-7
CASSQRSTSEAFF	TRBV19	TRBJ1-1
CASSIIGGSYNEQFF	TRBV19	TRBJ2-1
CASSGTGVDIQYF	TRBV19	TRBJ2-4
CASSMYAGYNEQFF	TRBV19	TRBJ2-1
CASSPRSGEPQHF	TRBV19	TRBJ1-5
CASSPTYPPEAFF	TRBV9	TRBJ1-1
CASSLIAGGYNEQFF	TRBV19	TRBJ2-1
CASSTRSSWGQYF	TRBV19	TRBJ2-7
CASSMRASNEQFF	TRBV19	TRBJ2-1
CASSLSAGVETQYF	TRBV27	TRBJ2-5
CASSTDGSNQPQHF	TRBV7-8	TRBJ1-5
CASSPQYSRHYEQYF	TRBV7-2	TRBJ2-7
CASSPRQGWSQETQYF	TRBV13	TRBJ2-5
CASSFTVNTEAFF	TRBV19	TRBJ1-1
CASSQGPGTGNTEAFF	TRBV4-2	TRBJ1-1
CASSIVAGVYNEQFF	TRBV19	TRBJ2-1
CASSVRGADTQYF	TRBV28	TRBJ2-3
CATSKSDGNYEQYF	TRBV15	TRBJ2-7
CASSIGVNGYTF	TRBV19	TRBJ1-2
CASHTSGVPVGYEQYF	TRBV2	TRBJ2-7
CASSIMGSGNTIYF	TRBV19	TRBJ1-3
CASSARSGNEQFF	TRBV19	TRBJ2-1
CASSWTVNTEAFF	TRBV19	TRBJ1-1
CASSLLAGGADWNEQFF	TRBV14	TRBJ2-1
CASSIFVGAHEAFF	TRBV19	TRBJ1-1
CASSLVPGQASYEQYF	TRBV7-9	TRBJ2-7
CASSYGTGGDAHGYTF	TRBV6-5	TRBJ1-2
CASSRGATQETQYF	TRBV12-3	TRBJ2-5
CAITREGNTGELFF	TRBV10-3	TRBJ2-2
CASSLYPGPSYEQYF	TRBV5-6	TRBJ2-7
CASSIFGGTSNQPQHF	TRBV19	TRBJ1-5
CSARGGDAEQYF	TRBV20-1	TRBJ2-7
CASSRTSGDTQYF	TRBV19	TRBJ2-3
CARVIGDTQYF	TRBV2	TRBJ2-3
CATSDPPQDTQYF	TRBV24-1	TRBJ2-3
CSGLAELGSENTEAFF	TRBV29-1	TRBJ1-1
CASSVEKGHSYNSPLHF	TRBV9	TRBJ1-6
CSVDGTGEGANVLTF	TRBV29-1	TRBJ2-6
CASSMYNSGANVLTF	TRBV19	TRBJ2-6
CASSMMSGTEAFF	TRBV19	TRBJ1-1
CASSIGMGGTYNEQFF	TRBV19	TRBJ2-1
CASRVMGAGGEAFF	TRBV19	TRBJ1-1
CASSPPGTSTDTQYF	TRBV7-8	TRBJ2-3
CASREFSDRGYEQYF	TRBV28	TRBJ2-7
CASSLGLGYEQFF	TRBV13	TRBJ2-1
CASSQGQGAWGYTF	TRBV4-3	TRBJ1-2
CASSLGGVGYTEAFF	TRBV11-2	TRBJ1-1
CASSIFLGSNYGYTF	TRBV19	TRBJ1-2
CASTYSSGNTIYF	TRBV2	TRBJ1-3
CASSIIHSSYNEQFF	TRBV19	TRBJ2-1
CSAPTPGQGSSSPLHF	TRBV20-1	TRBJ1-6
CSAREQGTGGLSGELFF	TRBV20-1	TRBJ2-2
CASSIASNSPLHF	TRBV19	TRBJ1-6
CSARADPGTFTFGPSGTFSTDTQYF	TRBV20-1	TRBJ2-3
CASSSTGAYNEQFF	TRBV19	TRBJ2-1
CASSQGHGLPYEQYF	TRBV3-1	TRBJ2-7
CASSPGQGSYEQYF	TRBV27	TRBJ2-7
CASSMVAVTTDTQYF	TRBV19	TRBJ2-3
CASSIGLAGYTF	TRBV19	TRBJ1-2
CASSQGRLAGNQETQYF	TRBV3-1	TRBJ2-5
CASSIASHNEQFF	TRBV19	TRBJ2-1
CASSELRYEQYF	TRBV2	TRBJ2-7
CSVKGGAHTGELFF	TRBV29-1	TRBJ2-2
CASSLAVDRSSYNSPLHF	TRBV5-6	TRBJ1-6
CASSYGGGYEQYF	TRBV6-5	TRBJ2-7
CASSFRFGGEAFF	TRBV5-8	TRBJ1-1
CASSQGLGASFGFIGYTF	TRBV7-2	TRBJ1-2
CASSIVGSSYNEQFF	TRBV19	TRBJ2-1
CASRSLAGVWDTQYF	TRBV2	TRBJ2-3
CASSLVELQVEAFF	TRBV7-9	TRBJ1-1
CASSTHSDRETEAFF	TRBV28	TRBJ1-1
CASSSRSQETQYF	TRBV19	TRBJ2-5
CASSFMVGAGELFF	TRBV28	TRBJ2-2
CASSMDSNQPQHF	TRBV6-2	TRBJ1-5
CASSNIATDTQYF	TRBV19	TRBJ2-3
CASSTRGGYEQYF	TRBV19	TRBJ2-7
CASSLALASWDEQFF	TRBV7-9	TRBJ2-1
CSAREGSGGSDIQYF	TRBV20-1	TRBJ2-4
CASSIFQSGANVLTF	TRBV19	TRBJ2-6
CASTYIGLSNQPQHF	TRBV19	TRBJ1-5
CASSQGRYNEQFF	TRBV4-1	TRBJ2-1
CASSTGTASGQETQYF	TRBV6-5	TRBJ2-5
CASSQDWGLNELFF	TRBV4-1	TRBJ2-2
CASSTSSGQTQETQYF	TRBV19	TRBJ2-5
CASSSANYGYTF	TRBV12-3	TRBJ1-2
CASSLGESSRDSNQPQHF	TRBV7-9	TRBJ1-5
CATQKDSLNEKLFF	TRBV19	TRBJ1-4
CASSPNIASNNEQFF	TRBV27	TRBJ2-1
CASLSGEGGPTGELFF	TRBV12-3	TRBJ2-2
CASSASEDYEQYF	TRBV27	TRBJ2-7
CASSYSQTSGHSYNEQFF	TRBV6-2	TRBJ2-1
CASSVWAGGSPNEQFF	TRBV9	TRBJ2-1
CASSNGLAGPSYNEQFF	TRBV19	TRBJ2-1
CASSITGVNEQFF	TRBV19	TRBJ2-1
CASATFTNEKLFF	TRBV19	TRBJ1-4
CASSISRRDRPNEKLFF	TRBV12-3	TRBJ1-4
CASSWFLGNSPLHF	TRBV19	TRBJ1-6
CASSQIGTESRNQYF	TRBV28	TRBJ2-7
CASRPVPYNEQFF	TRBV27	TRBJ2-1
CASSLGVGWEAFF	TRBV27	TRBJ1-1
CASSQGPGLAGDFDLYNEQFF	TRBV3-1	TRBJ2-1
CASSLRDRGLSTEAFF	TRBV19	TRBJ1-1
CSASGTLPYEQYF	TRBV20-1	TRBJ2-7
CASSSGKGSTDTQYF	TRBV6-4	TRBJ2-3
CASTFMGGGEQPQHF	TRBV19	TRBJ1-5
CASSIQHNEQFF	TRBV19	TRBJ2-1
CASSQGDYTF	TRBV19	TRBJ1-2
CSARDGVGNGYTF	TRBV20-1	TRBJ1-2
CASSQTSGAYNEQFF	TRBV19	TRBJ2-1
CASSPLDRGDETQYF	TRBV7-9	TRBJ2-5
CASQVAASYEQYF	TRBV27	TRBJ2-7
CASSYGSGLGEQYF	TRBV6-5	TRBJ2-7
CASSSGTTNEKLFF	TRBV6-5	TRBJ1-4
CASSIRSEETQYF	TRBV19	TRBJ2-5
CATSGRAGVEQFF	TRBV24-1	TRBJ2-1
CATSDSGLAETKSSYNEQFF	TRBV24-1	TRBJ2-1
CASSIGGRDIQYF	TRBV19	TRBJ2-4
CASSIVSTNEAFF	TRBV19	TRBJ1-1
CASSMSGYNEQFF	TRBV19	TRBJ2-1
CSARPELAISQETQYF	TRBV20-1	TRBJ2-5
CASSIVAGSSYNEQFF	TRBV19	TRBJ2-1
CSASPVSLSYEQYF	TRBV20-1	TRBJ2-7
CASGGLSTDTQYF	TRBV19	TRBJ2-3
CASRTIAGALNEQFF	TRBV19	TRBJ2-1
CASSVGVHGYTF	TRBV19	TRBJ1-2
CASSSVELGGTGELFF	TRBV28	TRBJ2-2
CASNEGPYNEQFF	TRBV10-2	TRBJ2-1
CASSLGVAVYEQYF	TRBV4-2	TRBJ2-7
CASSPIWRDRVNTEAFF	TRBV28	TRBJ1-1
CASSGGDTYNEQFF	TRBV9	TRBJ2-1
CASSQDSGQAMGYTF	TRBV4-1	TRBJ1-2
CSAPGQGSYEQYF	TRBV20-1	TRBJ2-7
CASSHAGGGDEQFF	TRBV13	TRBJ2-1
CASSARSQETQYF	TRBV19	TRBJ2-5
CASSILITSYYEQYF	TRBV19	TRBJ2-7
CSVGSETGAFFNYEQYF	TRBV29-1	TRBJ2-7
CASSTETVNTEAFF	TRBV19	TRBJ1-1
CASSAHGADTQYF	TRBV19	TRBJ2-3
CASSFGTSRGRETQYF	TRBV5-8	TRBJ2-5
CSAREEGGRDQPQHF	TRBV20-1	TRBJ1-5
CASSARGADGYTF	TRBV9	TRBJ1-2
CASSQDAGTSGSLQGEQYF	TRBV4-3	TRBJ2-7
CASSSQSQDGASYNSPLHF	TRBV28	TRBJ1-6
CASSQGSPGTGIRRETQYF	TRBV3-1	TRBJ2-5
CASSIRSGQPQHF	TRBV19	TRBJ1-5
CASNAPDTEAFF	TRBV27	TRBJ1-1
CASSVAGGGSDEQYF	TRBV9	TRBJ2-7
CASSPLAGTYNEQFF	TRBV19	TRBJ2-1
CASSPSGGATGELFF	TRBV28	TRBJ2-2
CASSLAWSSYEQYF	TRBV28	TRBJ2-7
CASSDELETLKLYGYTF	TRBV2	TRBJ1-2
CASSIFGSPFYEQYF	TRBV19	TRBJ2-7
CASSSISNQPQHF	TRBV19	TRBJ1-5
CASSGRAGTEAFF	TRBV19	TRBJ1-1
CASSSRSSAEQFF	TRBV19	TRBJ2-1
CASSIRSSYNEQFF	TRBV19	TRBJ2-1
CASSFQMEGGQDTQYF	TRBV7-9	TRBJ2-3
CASSTRSTGEQYF	TRBV19	TRBJ2-7
CASSIVAGNYNEQFF	TRBV19	TRBJ2-1
CSVEDSVQGQVDTQYF	TRBV29-1	TRBJ2-3
CASSYLVAEAFF	TRBV6-2	TRBJ1-1
CASSIPSTGELFF	TRBV19	TRBJ2-2
CAISDRSGNTIYF	TRBV10-3	TRBJ1-3
CASSLVTEAFF	TRBV28	TRBJ1-1
CASNRFLGSYNEQFF	TRBV19	TRBJ2-1
CASSSGSNNEQFF	TRBV11-1	TRBJ2-1
CASSLSGSSGTNEQFF	TRBV7-8	TRBJ2-1
CASSSGTSQETQYF	TRBV12-3	TRBJ2-5
CASSPRSGNEQYF	TRBV19	TRBJ2-7
CASSYGKGMYEQYF	TRBV6-5	TRBJ2-7
CASSQETGASNTEAFF	TRBV4-3	TRBJ1-1
CASSTMNTEAFF	TRBV19	TRBJ1-1
CASSFGHPGTQYF	TRBV13	TRBJ2-3
CASSILVYNEQFF	TRBV19	TRBJ2-1
CASATGAYGYTF	TRBV19	TRBJ1-2
CASSFGTGENIQYF	TRBV13	TRBJ2-4
CASSELPGYGNTIYF	TRBV2	TRBJ1-3
CASSQDDGTFSYNEQFF	TRBV4-3	TRBJ2-1
CASSMASLSEQFF	TRBV19	TRBJ2-1
CATSDSFNRGVTDTQYF	TRBV24-1	TRBJ2-3
CASSPYDLGSNQPQHF	TRBV19	TRBJ1-5
CASSPGGGGQQYF	TRBV19	TRBJ2-7
CASEGETQYF	TRBV2	TRBJ2-5
CASSEGWEGNYNEQFF	TRBV10-2	TRBJ2-1
CASSLETSFTHGDTQYF	TRBV11-2	TRBJ2-3
CASSIYGAYEQYF	TRBV19	TRBJ2-7
CASSLSGSYEQYF	TRBV28	TRBJ2-7
CASSRRHDRPGNYGYTF	TRBV7-2	TRBJ1-2
CASSFNPRQVLSYEQYF	TRBV28	TRBJ2-7
CASSQDRLAGNYEQYF	TRBV3-1	TRBJ2-7
CASSQGGAGELFF	TRBV4-3	TRBJ2-2
CASSIGTGIYEQYF	TRBV19	TRBJ2-7
CASSDSASSYNEQFF	TRBV19	TRBJ2-1
CASSIGASGRDEQFF	TRBV19	TRBJ2-1
CASRLGSYNEQFF	TRBV12-5	TRBJ2-1
CASSDSSGANVLTF	TRBV9	TRBJ2-6
CASSLGQGSYGYTF	TRBV27	TRBJ1-2
CASSQEGAGELFF	TRBV4-2	TRBJ2-2
CASSIAVTNYGYTF	TRBV19	TRBJ1-2
CASSQDHLGLDTQYF	TRBV4-3	TRBJ2-3
CATSGGSFRGTDTQYF	TRBV24-1	TRBJ2-3
CAWSVHGVPGYTF	TRBV30	TRBJ1-2
CASSIIGSSYNEQFF	TRBV19	TRBJ2-1
CASTPQGARTEAFF	TRBV7-8	TRBJ1-1
CASSISGTSPEQYF	TRBV19	TRBJ2-7
CAWSVRTSNEQFF	TRBV30	TRBJ2-1
CASSVGTGGVGPLYEQYF	TRBV7-9	TRBJ2-7
CASSEWYLMNTEAFF	TRBV6-1	TRBJ1-1
CASSWYGGTDTQYF	TRBV6-2	TRBJ2-3
CASSAGPYNEQFF	TRBV9	TRBJ2-1
CASSSIRSEAFF	TRBV11-2	TRBJ1-1
CASSQGVTGELFF	TRBV3-1	TRBJ2-2
CSAEDSYGYTF	TRBV20-1	TRBJ1-2
CASSLWQGASGNTIYF	TRBV28	TRBJ1-3
CASRHFTGGGSTDTQYF	TRBV6-1	TRBJ2-3
CSARYPDYNEQFF	TRBV20-1	TRBJ2-1
CASTPGQGFRNEQFF	TRBV2	TRBJ2-1
CAWRYYGYTF	TRBV30	TRBJ1-2
CASSVGTYGYTF	TRBV19	TRBJ1-2
CATAPDRTYEQYF	TRBV27	TRBJ2-7
CATSRSGTGGLIAYSNQPQHF	TRBV15	TRBJ1-5
CASSQDADTQYF	TRBV4-1	TRBJ2-3
CASPGSGGREETQYF	TRBV9	TRBJ2-5
CASSDRELAVHTQYF	TRBV2	TRBJ2-3
CASGTEGNTIYF	TRBV27	TRBJ1-3
CASRGREAFF	TRBV2	TRBJ1-1
CASSQDHRGQGQPQHF	TRBV4-1	TRBJ1-5
CASSFRGVFSPLHF	TRBV7-2	TRBJ1-6
CASSFDRGTETQYF	TRBV5-4	TRBJ2-5
CAISEWSSEKLFF	TRBV10-3	TRBJ1-4
CASSFGTLYGYTF	TRBV19	TRBJ1-2
CASSSTRASYNEQFF	TRBV5-5	TRBJ2-1
CASSKDRGWTEAFF	TRBV5-4	TRBJ1-1
CASSRTGGEQYF	TRBV14	TRBJ2-7
CASSSSAGERETQYF	TRBV11-2	TRBJ2-5
CASSPGSEAGSYGYTF	TRBV7-4	TRBJ1-2
CASSLWTGNTEAFF	TRBV27	TRBJ1-1
CASSTGNTEAFF	TRBV12-3	TRBJ1-1
CASSLWSNEQFF	TRBV5-6	TRBJ2-1
CASRSQGARGYTF	TRBV5-1	TRBJ1-2
CASSQGLAPGELFF	TRBV3-1	TRBJ2-2
CASSLDENYEQYF	TRBV12-3	TRBJ2-7
CASGLDPTVTYNEQFF	TRBV12-5	TRBJ2-1
CASSSGGGGNTIYF	TRBV6-5	TRBJ1-3
CASTLPRRQAEQFF	TRBV12-3	TRBJ2-1
CASSLSRGRTYEQYF	TRBV27	TRBJ2-7
CASSRNYGYTF	TRBV4-1	TRBJ1-2
CASRLAEETQYF	TRBV7-9	TRBJ2-5
CASSLGTGGGYTF	TRBV11-2	TRBJ1-2
CSARKTSGGTYEQYF	TRBV20-1	TRBJ2-7
CASSYGQGSGTQYF	TRBV6-5	TRBJ2-3
CAWSWTGGTSGYTF	TRBV30	TRBJ1-2
CASSSLGGYTF	TRBV5-4	TRBJ1-2
CASSAPPGTTPYEQYF	TRBV10-2	TRBJ2-7
CASSLYAGQNEQFF	TRBV27	TRBJ2-1
CASSYLQGANGYTF	TRBV5-4	TRBJ1-2
CASSLSGGPAEQYF	TRBV7-6	TRBJ2-7
CASSIFGGDYNEQFF	TRBV19	TRBJ2-1
CATSDWTGGANTEAFF	TRBV24-1	TRBJ1-1
CASSLGDEQFF	TRBV5-6	TRBJ2-1
CSARGVRVGGNTEAFF	TRBV20-1	TRBJ1-1
CASSVGRTSTDTQYF	TRBV9	TRBJ2-3
CASSYSTGVVNSPLHF	TRBV6-5	TRBJ1-6
CASSMSSSGYNEQFF	TRBV19	TRBJ2-1
CASSQDWPGGAGELFF	TRBV3-1	TRBJ2-2
CASSLLVLDTQYF	TRBV19	TRBJ2-3
CASSTRGGNQPQHF	TRBV19	TRBJ1-5
CASSIGAFGYTF	TRBV19	TRBJ1-2
CASSFNTEAFF	TRBV7-9	TRBJ1-1
CASSYYNEQFF	TRBV6-2	TRBJ2-1
CASSWTSGGADTQYF	TRBV12-3	TRBJ2-3
CASSGDSSGNTIYF	TRBV7-9	TRBJ1-3
CASSTYITTEAFF	TRBV19	TRBJ1-1
CASSYGYNEQFF	TRBV19	TRBJ2-1
CASSYMGDRGYEQYF	TRBV27	TRBJ2-7
CSVELGVSYNEQFF	TRBV29-1	TRBJ2-1
CASSYFSGRADDTQYF	TRBV6-2	TRBJ2-3
CASSGTSGNYEQYF	TRBV19	TRBJ2-7
CASSLGGEQYF	TRBV11-2	TRBJ2-7
CASSLGTGGYEQYF	TRBV27	TRBJ2-7
CASSGLAAPSYNEQFF	TRBV28	TRBJ2-1
CASEREWGTQYF	TRBV6-2	TRBJ2-5
CASSILAGSYEQYF	TRBV19	TRBJ2-7
CASSIYSGAYNEQFF	TRBV19	TRBJ2-1
CASIRGNTEAFF	TRBV19	TRBJ1-1
CASSIIAGGYNEQFF	TRBV19	TRBJ2-1
CASSYISTDTQYF	TRBV19	TRBJ2-3
CASSADRAYEQYF	TRBV2	TRBJ2-7
CASSMVATDTQYF	TRBV19	TRBJ2-3
CASSLRALAGFTYEQYF	TRBV13	TRBJ2-7
CASSLGLAGDEQYF	TRBV13	TRBJ2-7
CSARASDSYEQYF	TRBV20-1	TRBJ2-7
CASSSGTRRDNEQFF	TRBV19	TRBJ2-1
CASSIISGGDYTF	TRBV19	TRBJ1-2
CASSMGGSPLHF	TRBV19	TRBJ1-6
CASSIFSVTELFF	TRBV19	TRBJ2-2
CASSTGGYYGYTF	TRBV19	TRBJ1-2
CASSTWADTEAFF	TRBV6-2	TRBJ1-1
CASSLGQGADEQYF	TRBV4-3	TRBJ2-7
CASSRLAGEQYF	TRBV19	TRBJ2-7
CASSAGQGGSPLHF	TRBV3-1	TRBJ1-6
CASSIAGNTEAFF	TRBV19	TRBJ1-1
CASSLSSGFYNEQFF	TRBV19	TRBJ2-1
CASSINSGGYNEQFF	TRBV19	TRBJ2-1
CASSILSGAYNEQFF	TRBV19	TRBJ2-1
CASSLAYEQYF	TRBV7-2	TRBJ2-7
CARSFFSGSYNEQFF	TRBV19	TRBJ2-1
CASRYSRFAEYEQYF	TRBV6-5	TRBJ2-7
CASSMTGGNEQFF	TRBV19	TRBJ2-1
CASSMGSGGTQYF	TRBV19	TRBJ2-5
CASSIWQGSNQPQHF	TRBV19	TRBJ1-5
CASSLEGYNEQFF	TRBV7-8	TRBJ2-1
CASSLGHQETQYF	TRBV5-4	TRBJ2-5
CSAQSTDTQYF	TRBV29-1	TRBJ2-3
CASSALVSRETQYF	TRBV28	TRBJ2-5
CASSQDSGRYNEQFF	TRBV4-1	TRBJ2-1
CASSFRLAGGDEQFF	TRBV12-3	TRBJ2-1
CASSPGLAGDYEQYF	TRBV9	TRBJ2-7
CASSVGLQGDYNEQFF	TRBV10-2	TRBJ2-1
CASSYGAGMGYTF	TRBV6-5	TRBJ1-2
CASSQGLGVGNTIYF	TRBV3-1	TRBJ1-3
CASSQGGTGYGYTF	TRBV4-3	TRBJ1-2
CASSGTGGSPLHF	TRBV19	TRBJ1-6
CASSIVSGSEQYF	TRBV19	TRBJ2-7
CSARATSGRDYNEQFF	TRBV20-1	TRBJ2-1
CSAIGTYNEQFF	TRBV20-1	TRBJ2-1
CASSGQGNQPQHF	TRBV19	TRBJ1-5
CASSEYDVNEQFF	TRBV25-1	TRBJ2-1
CASSLFQGYEQFF	TRBV27	TRBJ2-1
CASSWTGGYEQYF	TRBV27	TRBJ2-7
CSARGLSNEQFF	TRBV20-1	TRBJ2-1
CASSRTGNSNQPQHF	TRBV19	TRBJ1-5
CSARDRSGNTIYF	TRBV20-1	TRBJ1-3
CASSMYYLSYNEQFF	TRBV19	TRBJ2-1
CASSSSTDTQYF	TRBV19	TRBJ2-3
CASSQDSSGQETQYF	TRBV4-2	TRBJ2-5
CASSEREQFF	TRBV2	TRBJ2-1
CASSMYGYTEAFF	TRBV19	TRBJ1-1
CASSILGAGANVLTF	TRBV19	TRBJ2-6
CASSILAGADTQYF	TRBV19	TRBJ2-3
CATSRDGGDTQYF	TRBV15	TRBJ2-3
CASSLQGTDTQYF	TRBV27	TRBJ2-3
CASSAPDTQYF	TRBV19	TRBJ2-3
CASSQGLAGEIGELFF	TRBV4-3	TRBJ2-2
CASSIAGGEQYF	TRBV19	TRBJ2-7
CASSIRSLGELFF	TRBV19	TRBJ2-2
CASSQQGEANSPLHF	TRBV3-1	TRBJ1-6
CASSFGGSEQYF	TRBV13	TRBJ2-7
CASSIVGGTDTQYF	TRBV19	TRBJ2-3
CASSIYGSSYNEQFF	TRBV19	TRBJ2-1
CASSPRLGSTDTQYF	TRBV3-1	TRBJ2-3
CASSLPYKRDTQYF	TRBV5-6	TRBJ2-3
CASSIFWGSDYGYTF	TRBV19	TRBJ1-2
CASSRTGNQPQHF	TRBV19	TRBJ1-5
CASSLSGSTYNEQFF	TRBV19	TRBJ2-1
CASSIYSGGNNEQFF	TRBV19	TRBJ2-1
CSARDGDSSYEQYF	TRBV20-1	TRBJ2-7
CASTLPGLAGSYNEQFF	TRBV2	TRBJ2-1
CASSYFRDTNSPLHF	TRBV6-6	TRBJ1-6
CASSVAPELNTEAFF	TRBV9	TRBJ1-1
CASSIGGSNEQFF	TRBV19	TRBJ2-1
CASSGYSNQPQHF	TRBV19	TRBJ1-5
CASSIYLSGNEQFF	TRBV19	TRBJ2-1
CASSIRSDGELFF	TRBV19	TRBJ2-2
CASSIFHTDTQYF	TRBV19	TRBJ2-3
CASSYRSTDTQYF	TRBV19	TRBJ2-3
CASSIGTGTQYF	TRBV19	TRBJ2-3
CASSLRSSYNEQFF	TRBV19	TRBJ2-1
CASTSMSGGWDTQYF	TRBV19	TRBJ2-3
CASSTRSGETQYF	TRBV19	TRBJ2-5
CASSPIGQGAGSNQPQHF	TRBV27	TRBJ1-5
CASSTYGTTGELFF	TRBV19	TRBJ2-2
CASSPIPGELFF	TRBV11-2	TRBJ2-2
CASSTRAGEKLFF	TRBV19	TRBJ1-4
CASSQEGGDTEAFF	TRBV4-1	TRBJ1-1
CASSFASEAFF	TRBV13	TRBJ1-1
CASSSLITDTQYF	TRBV19	TRBJ2-3
CASSIRSAETQYF	TRBV19	TRBJ2-5
CASSFGGQPQHF	TRBV13	TRBJ1-5
CASSIAQGGYTF	TRBV19	TRBJ1-2
CSVEYGTQYF	TRBV29-1	TRBJ2-5
CASSRGVYEQYF	TRBV12-3	TRBJ2-7
CASSGRASDTQYF	TRBV19	TRBJ2-3
CASSTHLLDTQYF	TRBV19	TRBJ2-3
CASSALSNQPQHF	TRBV19	TRBJ1-5
CASSPGLTSTDTQYF	TRBV9	TRBJ2-3
CASSLDTTGELFF	TRBV5-4	TRBJ2-2
CASSDTGVDEQFF	TRBV18	TRBJ2-1
CATSTTGPTGELFF	TRBV15	TRBJ2-2
CASQGAYSNQPQHF	TRBV28	TRBJ1-5
CASSIFHSPKNQPQHF	TRBV19	TRBJ1-5
CASSIYDTVNTEAFF	TRBV19	TRBJ1-1
CASRDGGTEAFF	TRBV19	TRBJ1-1
CASSFLDRVFGGELFF	TRBV5-1	TRBJ2-2
CSVGLPYNEQFF	TRBV29-1	TRBJ2-1
CASSWFGSGANVLTF	TRBV19	TRBJ2-6
CSARDFAEAFF	TRBV20-1	TRBJ1-1
CASSLGQGTDTQYF	TRBV5-1	TRBJ2-3
CASTIHYGNTEAFF	TRBV19	TRBJ1-1
CASSFSLGGAIDTQYF	TRBV12-3	TRBJ2-3
CASRPGLATDTQYF	TRBV27	TRBJ2-3
CASGDRPYGYTF	TRBV19	TRBJ1-2
CASSFGQGSTEAFF	TRBV27	TRBJ1-1
CASSIFDSRNQPQHF	TRBV19	TRBJ1-5
CASSLAQPTGGYYEQYF	TRBV7-9	TRBJ2-7
CASSPDTEDTQYF	TRBV28	TRBJ2-3
CASSLGPSDTQYF	TRBV27	TRBJ2-3
CASSEDPTEADTQYF	TRBV6-1	TRBJ2-3
CASSYSGTGFQVRQYF	TRBV6-2	TRBJ2-7
CASSPLTDTEAFF	TRBV18	TRBJ1-1
CASSYAGGGNTIYF	TRBV6-5	TRBJ1-3
CATSGRAGNEQFF	TRBV24-1	TRBJ2-1
CASRPFGGPKNIQYF	TRBV19	TRBJ2-4
CASETSGRQSDTQYF	TRBV19	TRBJ2-3
CASSLRDSSGQETQYF	TRBV7-9	TRBJ2-5
CASSLTGVPGNTIYF	TRBV19	TRBJ1-3
CASRVGDSTEAFF	TRBV6-4	TRBJ1-1
CASNDMGGNANEQFF	TRBV19	TRBJ2-1
CASSIFGGSSYEQYF	TRBV19	TRBJ2-7
CASSSRAGNEQYF	TRBV19	TRBJ2-7
CASSIRAGEKLFF	TRBV19	TRBJ1-4
CASSFRLDLTDTQYF	TRBV12-3	TRBJ2-3
CASGTGGFYGYTF	TRBV19	TRBJ1-2
CASSIRSSQPQHF	TRBV19	TRBJ1-5
CASSPGTGNQPQHF	TRBV9	TRBJ1-5
CASRPAGGSNQPQHF	TRBV12-3	TRBJ1-5
CASSSRSGVEQFF	TRBV19	TRBJ2-1
CASSGLAGTYNEQFF	TRBV2	TRBJ2-1
CASSFLSNQPQHF	TRBV19	TRBJ1-5
CASSMFASNYGYTF	TRBV19	TRBJ1-2
CASSQRSSHEQYF	TRBV19	TRBJ2-7
CASSPHSGGNNEQFF	TRBV19	TRBJ2-1
CSARELDTQYF	TRBV20-1	TRBJ2-3
CASSIFTGGTEAFF	TRBV19	TRBJ1-1
CASSSRSVGELFF	TRBV19	TRBJ2-2
CASSFGTSSSGANVLTF	TRBV13	TRBJ2-6
CASSSHGGGEQYF	TRBV19	TRBJ2-7
CASLREQDYGYTF	TRBV18	TRBJ1-2
CASSITISEQFF	TRBV19	TRBJ2-1
CASSLGLDRAYATNEKLFF	TRBV12-3	TRBJ1-4
CASSPRVNRNTEAFF	TRBV6-2	TRBJ1-1
CAWSASPGASNQPQHF	TRBV30	TRBJ1-5
CATSSQNEQFF	TRBV15	TRBJ2-1
CASSFIFPGELFF	TRBV27	TRBJ2-2
CATSTGNYGYTF	TRBV15	TRBJ1-2
CASSIYGGAGNEQFF	TRBV19	TRBJ2-1
CASSNRASYEQYF	TRBV19	TRBJ2-7
CASSNRAGVEQYF	TRBV19	TRBJ2-7
CASSMYDTVNTEAFF	TRBV19	TRBJ1-1
CASSITGVYGYTF	TRBV19	TRBJ1-2
CATSRPTGSSSGANVLTF	TRBV15	TRBJ2-6
CASSYVTGWDSPLHF	TRBV6-5	TRBJ1-6
CASSIYSAGIGYTF	TRBV19	TRBJ1-2
CASTTLPGPLNEQFF	TRBV19	TRBJ2-1
CATSPGLYTGELFF	TRBV24-1	TRBJ2-2
CASSTGRTGTSGTNEQFF	TRBV28	TRBJ2-1
CASSIYSINEQFF	TRBV19	TRBJ2-1
CASSIHSADTQYF	TRBV19	TRBJ2-3
CASSIRSYYEQFF	TRBV19	TRBJ2-1
CASSLRSVEEQYF	TRBV19	TRBJ2-7
CASSSTGLLNEQFF	TRBV18	TRBJ2-1
CASSSAPTDTQYF	TRBV19	TRBJ2-3
CASSTLATANTEAFF	TRBV19	TRBJ1-1
CASSIRSSAEQYF	TRBV19	TRBJ2-7
CASSQRSNTEAFF	TRBV19	TRBJ1-1
CASSMVGGPYNEQFF	TRBV19	TRBJ2-1
CASSGRAGNTIYF	TRBV19	TRBJ1-3
CASKGLSYEQYF	TRBV2	TRBJ2-7
CASSAGNYGYTF	TRBV19	TRBJ1-2
CASSELGGALGPQHF	TRBV10-2	TRBJ1-5
CASSPTGGGSPLHF	TRBV14	TRBJ1-6
CASSPFLWGAQYF	TRBV9	TRBJ2-3
CASSMYSGSANEQFF	TRBV19	TRBJ2-1
CASSLEGYTEAFF	TRBV27	TRBJ1-1
CASSYGMGTGELFF	TRBV6-5	TRBJ2-2
CASSITSTDTQYF	TRBV19	TRBJ2-3
CASSLNLKSSYNSPLHF	TRBV7-2	TRBJ1-6
CASSATSGGYNEQFF	TRBV19	TRBJ2-1
CASSPTADNQPQHF	TRBV2	TRBJ1-5
CASSTYHSTDTQYF	TRBV19	TRBJ2-3
CASSLVSSRHEQFF	TRBV5-6	TRBJ2-1
CASSQGGLGDSEQFF	TRBV3-1	TRBJ2-1
CATSREGANTGELFF	TRBV15	TRBJ2-2
CASSPNSGSYNEQFF	TRBV19	TRBJ2-1
CASSLWLGGDTHYGYTF	TRBV28	TRBJ1-2
CSVVGRFTDTQYF	TRBV29-1	TRBJ2-3
CASSFRGETGFTGELFF	TRBV13	TRBJ2-2
CASSQYNQPQHF	TRBV19	TRBJ1-5
CASSGTSLAEQYF	TRBV19	TRBJ2-7
CASSYGSLAGEDTQYF	TRBV6-5	TRBJ2-3
CASSKGGISGRTNTGELFF	TRBV6-2	TRBJ2-2
CSAVGGAKNIQYF	TRBV20-1	TRBJ2-4
CASSETGVGSYEQYF	TRBV5-6	TRBJ2-7
CATYIGGDTEAFF	TRBV10-2	TRBJ1-1
CASSVWDGQETQYF	TRBV9	TRBJ2-5
CASSAALSEAFF	TRBV6-5	TRBJ1-1
CASSQPSLLGGNQPQHF	TRBV4-2	TRBJ1-5
CASRGEEFYLHF	TRBV2	TRBJ1-6
CASSGFLYSPLHF	TRBV19	TRBJ1-6
CASSVAPTDTQYF	TRBV19	TRBJ2-3
CASSPVGLNTEAFF	TRBV18	TRBJ1-1
CASSMVAVSEAFF	TRBV19	TRBJ1-1
CASSFGTGGGQPQHF	TRBV5-6	TRBJ1-5
CASSLGRAVNYGYTF	TRBV27	TRBJ1-2
CASSMSTGELFF	TRBV19	TRBJ2-2
CASSLYDIAGGVQFF	TRBV19	TRBJ2-1
CASSIGAGEQFF	TRBV19	TRBJ2-1
CASSGRSSGELFF	TRBV19	TRBJ2-2
CASSFSRGHEKLFF	TRBV27	TRBJ1-4
CASSIFAGAPYEQYF	TRBV19	TRBJ2-7
CATSGTGMQYF	TRBV15	TRBJ2-3
CASSMFQGWNQPQHF	TRBV19	TRBJ1-5
CASSYGDEAFF	TRBV6-5	TRBJ1-1
CASSLFGHGGTEAFF	TRBV27	TRBJ1-1
CASSIRSVTEAFF	TRBV19	TRBJ1-1
CASSARSSSEAFF	TRBV19	TRBJ1-1
CASSTWTRDEQFF	TRBV19	TRBJ2-1
CASSVGYPAFF	TRBV19	TRBJ1-1
CSARPWDRGRVTNEKLFF	TRBV20-1	TRBJ1-4
CASSIHSANQPQHF	TRBV19	TRBJ1-5
CASSILSRQPQHF	TRBV19	TRBJ1-5
CASRTSPTDTQYF	TRBV19	TRBJ2-3
CASSIRSTQPQHF	TRBV19	TRBJ1-5
CASSLIFPDTQYF	TRBV27	TRBJ2-3
CASSIRAAEGYTF	TRBV19	TRBJ1-2
CASSIVTATEAFF	TRBV19	TRBJ1-1
CASSTGFYGYTF	TRBV19	TRBJ1-2
CASSLSGQGKFF	TRBV27	TRBJ2-1
CASSMGSVGYTF	TRBV19	TRBJ1-2
CASSLVGTGELFF	TRBV18	TRBJ2-2
CASSKRGGYEQYF	TRBV19	TRBJ2-7
CASSILAGPYNEQFF	TRBV19	TRBJ2-1
CASSIHSGSITEAFF	TRBV19	TRBJ1-1
CAWSVQGPGVRTEAFF	TRBV30	TRBJ1-1
CSVIHRDARYNEQFF	TRBV29-1	TRBJ2-1
CASSNFAGNTIYF	TRBV19	TRBJ1-3
CASSGGGGNTEAFF	TRBV6-1	TRBJ1-1
CASSLTGAPLDTQYF	TRBV7-3	TRBJ2-3
CSARQAGGHNEQFF	TRBV20-1	TRBJ2-1
CASSMAAGGELFF	TRBV19	TRBJ2-2
CASSITIGSTEAFF	TRBV19	TRBJ1-1
CASSADRGLDPHQAQHF	TRBV2	TRBJ1-5
CASSIRSATEAFF	TRBV19	TRBJ1-1
CASSGRSSDEQFF	TRBV19	TRBJ2-1
CASSLYSDGGQGYTF	TRBV19	TRBJ1-2
CASSIFGSEGNEQFF	TRBV19	TRBJ2-1
CASSIFSGGANEQFF	TRBV19	TRBJ2-1
CASSPPEAFF	TRBV19	TRBJ1-1
CASSPGQGVSYEQYF	TRBV27	TRBJ2-7
CASSSGTGGGYEQYF	TRBV25-1	TRBJ2-7
CASSLTPGHQPQHF	TRBV5-4	TRBJ1-5
CASSELREQFF	TRBV25-1	TRBJ2-1
CASSMAPTDTQYF	TRBV19	TRBJ2-3
CASSFGASSTEAFF	TRBV27	TRBJ1-1
CASSMGNYGYTF	TRBV19	TRBJ1-2
CASSIVVPAEAFF	TRBV19	TRBJ1-1
CASSVGLYGYTF	TRBV19	TRBJ1-2
CASKQNNEQFF	TRBV19	TRBJ2-1
CASNIGAGEQFF	TRBV19	TRBJ2-1
CASTYRSSYNEQFF	TRBV19	TRBJ2-1
CASSIADMSNQPQHF	TRBV19	TRBJ1-5
CASSLTIGYNEQFF	TRBV19	TRBJ2-1
CASSYAMPGQASGNTIYF	TRBV6-5	TRBJ1-3
CASSGRSAVEQFF	TRBV19	TRBJ2-1
CASTPTANYGYTF	TRBV19	TRBJ1-2
CASSYSQGVGDTQYF	TRBV6-5	TRBJ2-3
CASSIGQGLDTQYF	TRBV19	TRBJ2-3
CAISGSETQYF	TRBV10-3	TRBJ2-5
CASSGTSGSTDTQYF	TRBV6-4	TRBJ2-3
CASSIYSGGKNIQYF	TRBV19	TRBJ2-4
CASSTFLGTEAFF	TRBV19	TRBJ1-1
CASSIYGAGELFF	TRBV19	TRBJ2-2
CASSIGFWGYTF	TRBV19	TRBJ1-2
CASSSRSSIGQFF	TRBV19	TRBJ2-1
CASWGGQAFF	TRBV19	TRBJ1-1
CAWSRMGGNTIYF	TRBV30	TRBJ1-3
CASSVGMYGYTF	TRBV19	TRBJ1-2
CASTSWLANNEQFF	TRBV27	TRBJ2-1
CASSQTSFYGEQYF	TRBV6-5	TRBJ2-7
CASSIFSGSYNEQFF	TRBV19	TRBJ2-1
CASSLAAQGAAKNIQYF	TRBV7-2	TRBJ2-4
CASSYRASETQYF	TRBV19	TRBJ2-5
CASSTLDSYNEQFF	TRBV19	TRBJ2-1
CASSPRSATAQHF	TRBV19	TRBJ1-5
CASSVTGSVGELFF	TRBV18	TRBJ2-2
CASSTGSTDTQYF	TRBV19	TRBJ2-3
CASSVEGGLAQETQYF	TRBV9	TRBJ2-5
CASSTTIGDTEAFF	TRBV19	TRBJ1-1
CASRGGTIAFF	TRBV19	TRBJ1-1
CASSILSYNEQFF	TRBV19	TRBJ2-1
CASSIRSADEQFF	TRBV19	TRBJ2-1
CASSWNTGELFF	TRBV19	TRBJ2-2
CASSPLGVAGELFF	TRBV19	TRBJ2-2
CASSQDDLSLGANVLTF	TRBV4-3	TRBJ2-6
CASSIVAGASEAFF	TRBV19	TRBJ1-1
CASSLIFPGELFF	TRBV27	TRBJ2-2
CASNWGTGELFF	TRBV19	TRBJ2-2
CASSTGYHGYTF	TRBV19	TRBJ1-2
CASSHYSITEAFF	TRBV19	TRBJ1-1
CASSKRSSYNEQFF	TRBV19	TRBJ2-1
CASWAYGYTF	TRBV19	TRBJ1-2
CASSIYSGPYNEQFF	TRBV19	TRBJ2-1
CASSLPGVGYNEQFF	TRBV19	TRBJ2-1
CASSLGLHYEQYF	TRBV28	TRBJ2-7
CASSANSINEQFF	TRBV19	TRBJ2-1
CASTEREGSSGELFF	TRBV12-3	TRBJ2-2
CASSLGIYGYTF	TRBV19	TRBJ1-2
CASSSRAGTEAFF	TRBV19	TRBJ1-1
CASSMGYYGYTF	TRBV19	TRBJ1-2
CASSIRAGDEQYF	TRBV19	TRBJ2-7
CAINGEGYGYTF	TRBV10-3	TRBJ1-2
CASSIYGANVLTF	TRBV19	TRBJ2-6
CASTHIFPGELFF	TRBV27	TRBJ2-2
CASSETGSVYEQYF	TRBV18	TRBJ2-7
CASSIGIEGYTF	TRBV19	TRBJ1-2
CASTAGLNTGELFF	TRBV19	TRBJ2-2
CASSIRSVGELFF	TRBV19	TRBJ2-2
CASQGDWREIDTGELFF	TRBV6-2	TRBJ2-2
CASSLKVYEQYF	TRBV11-2	TRBJ2-7
CASSRRSTGELFF	TRBV19	TRBJ2-2
CASSSGQDGGYTF	TRBV5-4	TRBJ1-2
CASSQDAGLAKNIQYF	TRBV3-1	TRBJ2-4
CASSIGFYGYTF	TRBV19	TRBJ1-2
CASSPLWNTGELFF	TRBV18	TRBJ2-2
CASSPHQASYEQYF	TRBV19	TRBJ2-7
CATSGPPGPWGEQYF	TRBV24-1	TRBJ2-7
CASSMRSGTMAFF	TRBV19	TRBJ1-1
CASSIRFGGNAIYF	TRBV19	TRBJ1-3
CASSVVSIDTQYF	TRBV19	TRBJ2-3
CASSIRSDYEQYF	TRBV19	TRBJ2-7
CASSVETGTGVAFF	TRBV25-1	TRBJ1-1
CASSIRSGPYTEAFF	TRBV19	TRBJ1-1
CASSSYPWDSTYNEQFF	TRBV7-3	TRBJ2-1
CASSPRSDGELFF	TRBV19	TRBJ2-2
CASSFRSSTEAFF	TRBV19	TRBJ1-1
CASSLGELTDTQYF	TRBV5-5	TRBJ2-3
CASSTLPGGPDEQFF	TRBV19	TRBJ2-1
CASSIVSGGYNEQFF	TRBV19	TRBJ2-1
CASSIRSGTEQYF	TRBV19	TRBJ2-7
CASSSRASGEQYF	TRBV19	TRBJ2-7
CASSARSAYEQYF	TRBV19	TRBJ2-7
CASSPRSGETQYF	TRBV19	TRBJ2-5
CASSIRSGGEQYF	TRBV19	TRBJ2-7
CASSFLTGLNEQFF	TRBV28	TRBJ2-1
CASSTISVDTQYF	TRBV19	TRBJ2-3
CASSIGMSNTGELFF	TRBV19	TRBJ2-2
CASSRGPSGPDTQYF	TRBV11-2	TRBJ2-3
CASSSRSSEEQYF	TRBV19	TRBJ2-7
CASSVRSGYEQFF	TRBV19	TRBJ2-1
CASSIRSSTEAFF	TRBV19	TRBJ1-1
CASSTGVHGYTF	TRBV19	TRBJ1-2
CASSFFSSGNTIYF	TRBV19	TRBJ1-3
CASSLLSNQPQHF	TRBV19	TRBJ1-5
CASSIRGLYEQYF	TRBV19	TRBJ2-7
CASSSRSHQPQHF	TRBV19	TRBJ1-5
CASSSRSTEKLFF	TRBV19	TRBJ1-4
CASSMRAALEQYF	TRBV19	TRBJ2-7
CASSGRSSYEQYF	TRBV19	TRBJ2-7
CASSILAGDEQFF	TRBV19	TRBJ2-1
CASSPRGGGEQFF	TRBV19	TRBJ2-1
CASSGWSLGPQHF	TRBV19	TRBJ1-5
CASSPDGSNTEAFF	TRBV19	TRBJ1-1
CASRTLRLAGGLFTDTQYF	TRBV28	TRBJ2-3
CASSKGGDEQFF	TRBV19	TRBJ2-1
CASSVVEGFTDTQYF	TRBV9	TRBJ2-3
CASQGLAGLEEQFF	TRBV19	TRBJ2-1
CSARAPDSYYEQFF	TRBV20-1	TRBJ2-1
CASSIYHTDTQYF	TRBV19	TRBJ2-3
CASSSRSSGEQFF	TRBV19	TRBJ2-1
CATSSGIYGYTF	TRBV15	TRBJ1-2
CASSHNSGLAGRTYEQYF	TRBV7-9	TRBJ2-7
CASSYTTGGSGELFF	TRBV13	TRBJ2-2
CASSIYSSGNTIYF	TRBV19	TRBJ1-3
CASRRGTDTLTDTQYF	TRBV28	TRBJ2-3
CASSLRALSSYNSPLHF	TRBV7-2	TRBJ1-6
CASSIISVDGYTF	TRBV19	TRBJ1-2
CASSTRSGTEQYF	TRBV19	TRBJ2-7
CASSATGSTYEQYF	TRBV18	TRBJ2-7
CASSITSSYNEQFF	TRBV19	TRBJ2-1
CASSARATDTQYF	TRBV19	TRBJ2-3
CASSMFALDTQYF	TRBV19	TRBJ2-3
CASSSRSSGEQYF	TRBV19	TRBJ2-7
CASSGRATGELFF	TRBV19	TRBJ2-2
CASSSVGSPYEQYF	TRBV18	TRBJ2-7
CASRINPGGADEAFF	TRBV19	TRBJ1-1
CASSAQANQPQHF	TRBV25-1	TRBJ1-5
CASSTRATETQYF	TRBV19	TRBJ2-5
CASSPEAGVSNTEAFF	TRBV18	TRBJ1-1
CASIRGLAGVRTDTQYF	TRBV28	TRBJ2-3
CASSLGAGFLQETQYF	TRBV28	TRBJ2-5
CASSISGGPGETQYF	TRBV27	TRBJ2-5
CASSGLAGARNEQYF	TRBV6-6	TRBJ2-7
CAVLVDPYNEQFF	TRBV4-1	TRBJ2-1
CATDARVGNTGELFF	TRBV13	TRBJ2-2
CASGQGAGEQYF	TRBV19	TRBJ2-7
CASSLQISIAGVSYNEQFF	TRBV3-1	TRBJ2-1
CAISESTAHSYNEQFF	TRBV10-3	TRBJ2-1
CASTPSSGSAGNTIYF	TRBV7-9	TRBJ1-3
CASSSPPDRGPNTGELFF	TRBV7-9	TRBJ2-2
CASSALVLYATDTQYF	TRBV28	TRBJ2-3
CASSLPKTINSEQYF	TRBV28	TRBJ2-7
CASSVDPAGGSSYEQYF	TRBV9	TRBJ2-7
CASSYLAGEITDTQYF	TRBV6-6	TRBJ2-3
CASSSPKGAKYEQYF	TRBV28	TRBJ2-7
CASTPHRGPSYEQYF	TRBV7-8	TRBJ2-7
CASSLKTHYSNQPQHF	TRBV27	TRBJ1-5
CASSIVIVAGANVLTF	TRBV19	TRBJ2-6
CSARDTSGSYNEQFF	TRBV20-1	TRBJ2-1
CASRLHPGHMSYTF	TRBV27	TRBJ1-2
CASSYSRPGLSNQPQHF	TRBV6-6	TRBJ1-5
CASSGSDTQYF	TRBV2	TRBJ2-3
CASSYFGLAFQETQYF	TRBV6-6	TRBJ2-5
CASSPFQGSYEQYF	TRBV5-4	TRBJ2-7
CASSMVGGSYNEQFF	TRBV19	TRBJ2-1
CASSIRASGVEQFF	TRBV19	TRBJ2-1
CASSQVLGLSVTGELFF	TRBV6-3	TRBJ2-2
CASSQFNEKLFF	TRBV3-1	TRBJ1-4
CASSKRGAETQYF	TRBV19	TRBJ2-5
CASSQRSQETQYF	TRBV19	TRBJ2-5
CASSPFGANVLTF	TRBV19	TRBJ2-6
CASSPRSGSTEAFF	TRBV19	TRBJ1-1
CASSIRGAETQYF	TRBV19	TRBJ2-5
CASSFGSTDTQYF	TRBV19	TRBJ2-3
CASSPLSGRVTDTQYF	TRBV18	TRBJ2-3
CASSKFSINEQFF	TRBV19	TRBJ2-1
CASSPTLQGPLGETQYF	TRBV4-1	TRBJ2-5
CASSPSLAGYGNEQFF	TRBV4-1	TRBJ2-1
CASSLFGSPLHF	TRBV9	TRBJ1-6
CASYTSDYGYTF	TRBV25-1	TRBJ1-2
CASSLGTSYEQYF	TRBV7-6	TRBJ2-7
CASSPIAGSSYEQYF	TRBV14	TRBJ2-7
CATSDYVSGTLQETQYF	TRBV24-1	TRBJ2-5
CATSERGDLNFGTDTQYF	TRBV15	TRBJ2-3
CASRLAGSHEQYF	TRBV19	TRBJ2-7
CASRSGREAFF	TRBV19	TRBJ1-1
CASSMRSDEKLFF	TRBV19	TRBJ1-4
CASSTIEGQGGRHTQYF	TRBV9	TRBJ2-3
CASSWEGINYGYTF	TRBV5-6	TRBJ1-2
CASSIRSAGRAFF	TRBV19	TRBJ1-1
CASSMRSGETQYF	TRBV19	TRBJ2-5
CASSDRAGNEQFF	TRBV19	TRBJ2-1
CASSDRSGNEQFF	TRBV19	TRBJ2-1
CASSDAGGGMAEAFF	TRBV25-1	TRBJ1-1
CASSQGAFGYTF	TRBV19	TRBJ1-2
CASSGQGGTEAFF	TRBV9	TRBJ1-1
CASSLLGGAGTDTQYF	TRBV10-2	TRBJ2-3
CASSLLGRAGTDTQYF	TRBV10-2	TRBJ2-3
CASSGRSAGELFF	TRBV19	TRBJ2-2
CASSMRAGYEQYF	TRBV19	TRBJ2-7
CASSSRATGELFF	TRBV19	TRBJ2-2
CASSILTGPRTEAFF	TRBV19	TRBJ1-1
CSARVRGDVYGYTF	TRBV20-1	TRBJ1-2
CASSIRSGWEQYF	TRBV19	TRBJ2-7
CASSIRSQVEQFF	TRBV19	TRBJ2-1
CAPLKGSSYEQYF	TRBV19	TRBJ2-7
CASIIRSSYEQYF	TRBV19	TRBJ2-7
CASSYLEGSETQETQYF	TRBV6-3	TRBJ2-5
CASSGGRNQPQHF	TRBV5-4	TRBJ1-5
CASSQDWGAGTQYF	TRBV14	TRBJ2-5
CASSIRGSGEQYF	TRBV19	TRBJ2-7
CASSLIFPSGEQYF	TRBV27	TRBJ2-7
CASSPRSGNEQFF	TRBV19	TRBJ2-1
CASSIRSSGPQFF	TRBV19	TRBJ2-1
CASSVSGATADTQYF	TRBV9	TRBJ2-3
CASSLFPGFGEQYF	TRBV27	TRBJ2-7
CASSSRSRQYRGSSYEQYF	TRBV5-6	TRBJ2-7
CASSWVSLDTQYF	TRBV19	TRBJ2-3
CASSLGDRPSTDTQYF	TRBV12-4	TRBJ2-3
CASSIRSAHEQYF	TRBV19	TRBJ2-7
CASSIRAADTQYF	TRBV19	TRBJ2-3
CASSPLIGEQYF	TRBV27	TRBJ2-7
CASSPTRPVEQYF	TRBV27	TRBJ2-7
CASSIAPTDTQYF	TRBV19	TRBJ2-3
CASSEAISGAWDEQFF	TRBV6-1	TRBJ2-1
CASSTKDGGTGELFF	TRBV19	TRBJ2-2
CASSTKEGGTGELFF	TRBV19	TRBJ2-2
CASSTKVGGTGELFF	TRBV19	TRBJ2-2
CASSYGIAGKETQYF	TRBV7-8	TRBJ2-5
CASSIFSGGQNIQYF	TRBV19	TRBJ2-4
CASSQVEAFYEQYF	TRBV4-1	TRBJ2-7
CASSIFGGAEAFF	TRBV19	TRBJ1-1
CASSLSRRGPNYGYTF	TRBV27	TRBJ1-2
CASSSPTSGDYEQYF	TRBV27	TRBJ2-7
CASSRGQLYEQYF	TRBV7-2	TRBJ2-7
CASGLVPEGLVYEQYF	TRBV12-5	TRBJ2-7
CASGLVPGGLVYEQYF	TRBV12-5	TRBJ2-7
CASGLVPGGVVYEQYF	TRBV12-5	TRBJ2-7
CSARGGDSVLRVGEQYF	TRBV20-1	TRBJ2-7
CASSVVASSYNEQFF	TRBV9	TRBJ2-1
CASSSRQGAANEKLFF	TRBV13	TRBJ1-4
CASSYGLEQFF	TRBV6-3	TRBJ2-1
CASRIDSNQPQHF	TRBV19	TRBJ1-5
CASSIDSNQPQHF	TRBV19	TRBJ1-5
CASGAGGPLNEQFF	TRBV19	TRBJ2-1
CASSMRSAGELFF	TRBV19	TRBJ2-2
CASRPPPAGQKETQYF	TRBV28	TRBJ2-5
CASSKQTGTGNYGYTF	TRBV6-5	TRBJ1-2
CATQGDNTYEQYF	TRBV19	TRBJ2-7
CASSVRTGYTEAFF	TRBV2	TRBJ1-1
CASSPRGGMTQHF	TRBV19	TRBJ1-5
CASRGSLNQPQHF	TRBV27	TRBJ1-5
CASSQDKGRAYEQYF	TRBV4-1	TRBJ2-7
CASSLLVSGVSSTDTQYF	TRBV28	TRBJ2-3
CASSLERNTYEQYF	TRBV28	TRBJ2-7
CASSQDLTSEAFF	TRBV4-3	TRBJ1-1
CSARDGTRAHYEQFF	TRBV20-1	TRBJ2-1
CASSVEDYGSVSYGYTF	TRBV9	TRBJ1-2
CASSRVGTTYEQYF	TRBV18	TRBJ2-7
CASSSRSGNEKLFF	TRBV19	TRBJ1-4
CASSQDLAGEGTDTQYF	TRBV3-1	TRBJ2-3
CASTTGTVNTEAFF	TRBV6-6	TRBJ1-1
CATSDFPPGVRGAPQETQYF	TRBV24-1	TRBJ2-5
CASSYPLLYSGANTGELFF	TRBV6-3	TRBJ2-2
CASSPPPGAVETQYF	TRBV19	TRBJ2-5
CASGGLVHEQFF	TRBV19	TRBJ2-1
CASSLRVSYNEQFF	TRBV12-4	TRBJ2-1
CASSQTYEQYF	TRBV12-4	TRBJ2-7
CASSQMTGLNTEAFF	TRBV28	TRBJ1-1
CASSPLSLGSPYNEQFF	TRBV5-6	TRBJ2-1
CASSQDPGYEQYF	TRBV4-1	TRBJ2-7
CASSPRASLEQYF	TRBV19	TRBJ2-7
CASSPRDGQETQYF	TRBV4-1	TRBJ2-5
CASSYSGHVNTEAFF	TRBV6-5	TRBJ1-1
CASSDGTGGILYEQYF	TRBV6-1	TRBJ2-7
CASSDRATQPQHF	TRBV19	TRBJ1-5
CSANSDRVSYNEQFF	TRBV20-1	TRBJ2-1
CATSDGLAGGWANVLTF	TRBV24-1	TRBJ2-6
CASSSQSNQPQHF	TRBV25-1	TRBJ1-5
CASTPQGAYEQYF	TRBV6-5	TRBJ2-7
CSAAGLAGGSYEQYF	TRBV20-1	TRBJ2-7
CATSDFEVAGSSYNEQFF	TRBV24-1	TRBJ2-1
CASSLTLVFEAFF	TRBV7-9	TRBJ1-1
CASSISSGSYNEQFF	TRBV19	TRBJ2-1
CASSTRGAYEQYF	TRBV19	TRBJ2-7
CSVLQGSPYEQYF	TRBV29-1	TRBJ2-7
CASSIRSADEQYF	TRBV19	TRBJ2-7
CASSMRSGPEQYF	TRBV19	TRBJ2-7
CASSSRAAVEQYF	TRBV19	TRBJ2-7
CASSIRSNGEQFF	TRBV19	TRBJ2-1
CASSMRSSEQHF	TRBV19	TRBJ1-5
CASSYYRNQPQHF	TRBV19	TRBJ1-5
CASSTRSNTEAFF	TRBV19	TRBJ1-1
CASSTDSYEQYF	TRBV19	TRBJ2-7
CASSPQADYEQYF	TRBV19	TRBJ2-7
CASSIRTANEQYF	TRBV19	TRBJ2-7
CASSIWTDQETQYF	TRBV19	TRBJ2-5
CASSISDRAQETQYF	TRBV19	TRBJ2-5
CASSSRAGDTQYF	TRBV19	TRBJ2-3
CASSIPTGGADTQYF	TRBV19	TRBJ2-3
CASSGSGVGTGELFF	TRBV19	TRBJ2-2
CASSPRDREGNEQFF	TRBV19	TRBJ2-1
CASSIISLVHNEQFF	TRBV19	TRBJ2-1
CASSINSRAPLHF	TRBV19	TRBJ1-6
CASSIGLLSWQPQHF	TRBV19	TRBJ1-5
CASSIQGQAGNQPQHF	TRBV19	TRBJ1-5
CASSISESCGYTF	TRBV19	TRBJ1-2
CASSISESYGYTF	TRBV19	TRBJ1-2
CASSMLAAEAFF	TRBV19	TRBJ1-1
CASSVDSPGTEAFF	TRBV19	TRBJ1-1
CASSPRGPSTEAFF	TRBV19	TRBJ1-1
CASSIEGRTEAFF	TRBV19	TRBJ1-1
CASSVRSGHEQYF	TRBV19	TRBJ2-7
CASSIRSSCEQYF	TRBV19	TRBJ2-7
CASSPRSTNTQYF	TRBV19	TRBJ2-3
CASSYRSGAGELFF	TRBV19	TRBJ2-2
CASSIYSSNEQFF	TRBV19	TRBJ2-1
CASSIGTGEQFF	TRBV19	TRBJ2-1
CASSIRSSVEFF	TRBV19	TRBJ2-1
CASSGRATYEQYF	TRBV19	TRBJ2-7
CASSPHGAAKQYF	TRBV19	TRBJ2-7
CASSPHGAAEQYF	TRBV19	TRBJ2-7
CASSIISSYEQYF	TRBV19	TRBJ2-7
CASSLIFEETQYF	TRBV19	TRBJ2-5
CASSGRTADTQYF	TRBV19	TRBJ2-5
CASSGRSAETQYF	TRBV19	TRBJ2-5
CASSGRTAETQYF	TRBV19	TRBJ2-5
CASSSWTGDTQYF	TRBV19	TRBJ2-3
CASSIRSPYEQYF	TRBV19	TRBJ2-7
CASSIHQDQPQHF	TRBV19	TRBJ1-5
CASSMTGWGEQYF	TRBV19	TRBJ2-7
CASSITRSYEQYF	TRBV19	TRBJ2-7
CASSIRAGVEQFF	TRBV19	TRBJ2-1
CASSIRGGVEQFF	TRBV19	TRBJ2-1
CASSIVGGNEQFF	TRBV19	TRBJ2-1
CASSILAGNEQFF	TRBV19	TRBJ2-1
CASSIRGGNEQFF	TRBV19	TRBJ2-1
CASSVTVPHEQFF	TRBV19	TRBJ2-1
CASSIVAGVEQFF	TRBV19	TRBJ2-1
CASSILAGIEQFF	TRBV19	TRBJ2-1
CASSPQGFYGYTF	TRBV19	TRBJ1-2
CASSIGSAFEQYF	TRBV19	TRBJ2-7
CASSPHGAAERYF	TRBV19	TRBJ2-7
CASSIRSAYERYF	TRBV19	TRBJ2-7
CASSKRGSYEQYF	TRBV19	TRBJ2-7
CASSATGVAGELFF	TRBV19	TRBJ2-2
CASSIRSTEPQHF	TRBV19	TRBJ1-5
CASSIRAFNQPQHF	TRBV19	TRBJ1-5
CASSFGLYGYTF	TRBV19	TRBJ1-2
CASSHQGFNGYTF	TRBV19	TRBJ1-2
CASSHQGFNDYTF	TRBV19	TRBJ1-2
CASSIAGETEAFF	TRBV19	TRBJ1-1
CASSPQMNTEAFF	TRBV19	TRBJ1-1
CASSPYRTTGYEQYF	TRBV19	TRBJ2-7
CASSIFGTDTQYF	TRBV19	TRBJ2-3
CASSIYGTDTQYF	TRBV19	TRBJ2-3
CASSVFGTDTQYF	TRBV19	TRBJ2-3
CASSSRAAGEQFF	TRBV19	TRBJ2-1
CASSVTSGDYNEQFF	TRBV19	TRBJ2-1
CASSIRSSHNEQFF	TRBV19	TRBJ2-1
CASSPYSGGNSPLHF	TRBV19	TRBJ1-6
CASSSRGSSPQHF	TRBV19	TRBJ1-5
CASSPLSNQPQHF	TRBV19	TRBJ1-5
CASSSRAGNTIYF	TRBV19	TRBJ1-3
CASSTYREDGTEAFF	TRBV19	TRBJ1-1
CASSIRAGVEQYF	TRBV19	TRBJ2-7
CASSVQEGPTYEQYF	TRBV19	TRBJ2-7
CASSLRASGEQYF	TRBV19	TRBJ2-7
CASSPASGSYEQYF	TRBV19	TRBJ2-7
CASSTIAGGTDTQYF	TRBV19	TRBJ2-3
CASSIFGLNEQFF	TRBV19	TRBJ2-1
CASSISAGPYNEQFF	TRBV19	TRBJ2-1
CASSILGLHEQFF	TRBV19	TRBJ2-1
CASSSRSGHEQFF	TRBV19	TRBJ2-1
CASSMGLVSFGQFF	TRBV19	TRBJ2-1
CASSIKSSYNEQFF	TRBV19	TRBJ2-1
CASSIGNSPLHF	TRBV19	TRBJ1-6
CASSASRGEVGSPLHF	TRBV19	TRBJ1-6
CASSIPTVSVGAQHF	TRBV19	TRBJ1-5
CASSVGLGQPQHF	TRBV19	TRBJ1-5
CASSPRSSEPQHF	TRBV19	TRBJ1-5
CASSPGQDYQPQHF	TRBV19	TRBJ1-5
CASSTPDRGTISGNTIYF	TRBV19	TRBJ1-3
CASSPPFVGGHGYTF	TRBV19	TRBJ1-2
CASSIPATEAFF	TRBV19	TRBJ1-1
CASSIEQYYEQYF	TRBV19	TRBJ2-7
CASSILASYEQYF	TRBV19	TRBJ2-7
CASSTLASYEQYF	TRBV19	TRBJ2-7
CASSTGTSWEQYF	TRBV19	TRBJ2-7
CASSSRSGWTQYF	TRBV19	TRBJ2-5
CASSSCSGWTQYF	TRBV19	TRBJ2-5
CASSIFQTDTQYF	TRBV19	TRBJ2-3
CASETTSTDTQYF	TRBV19	TRBJ2-3
CASSITHTGELFF	TRBV19	TRBJ2-2
CASSIRSGFEQFF	TRBV19	TRBJ2-1
CASSIDGGNEQFF	TRBV19	TRBJ2-1
CASSIRSTEKLFF	TRBV19	TRBJ1-4
CASSNQGPVGYTF	TRBV19	TRBJ1-2
CASSIRSDAEAFF	TRBV19	TRBJ1-1
CASSIGSATEAFF	TRBV19	TRBJ1-1
CASTHSAISEAFF	TRBV19	TRBJ1-1
CASSIRTSYEQYF	TRBV19	TRBJ2-7
CASSPRSGDTQYF	TRBV19	TRBJ2-3
CASSGRGTDTQYF	TRBV19	TRBJ2-3
CASSGRAGVEQFF	TRBV19	TRBJ2-1
CASSGQAGVEQFF	TRBV19	TRBJ2-1
CASSIRSGGEQFF	TRBV19	TRBJ2-1
CASSIRDGVNTEAFF	TRBV19	TRBJ1-1
CASSARVGNEQYF	TRBV19	TRBJ2-7
CASSARSAETQYF	TRBV19	TRBJ2-5
CASSALGAGGDTQYF	TRBV19	TRBJ2-3
CASSVRSGDTQYF	TRBV19	TRBJ2-3
CASSIVHAADTQYF	TRBV19	TRBJ2-3
CASSTRAAGELFF	TRBV19	TRBJ2-2
CASSILGASYNEQFF	TRBV19	TRBJ2-1
CASSIFSAGNEQFF	TRBV19	TRBJ2-1
CASSASGRYNEQFF	TRBV19	TRBJ2-1
CASSIRSGEPQHF	TRBV19	TRBJ1-5
CASSTLTGGHQPQHF	TRBV19	TRBJ1-5
CASSIFSNQPQHF	TRBV19	TRBJ1-5
CASSQGFYGYTF	TRBV19	TRBJ1-2
CASSIRSGNTEAFF	TRBV19	TRBJ1-1
CASSIRSVAEAFF	TRBV19	TRBJ1-1
CASSIHSGGNTEAFF	TRBV19	TRBJ1-1
CASSIYRLGYEQYF	TRBV19	TRBJ2-7
CASSTSSTDTQYF	TRBV19	TRBJ2-3
CASSTWSTDTQYF	TRBV19	TRBJ2-3
CASSITGGEGGELFF	TRBV19	TRBJ2-2
CASSIRAGYEQFF	TRBV19	TRBJ2-1
CASSRRSTQPQHF	TRBV19	TRBJ1-5
CASSMRSGNTIYF	TRBV19	TRBJ1-3
CASGVRSAYEQYF	TRBV19	TRBJ2-7
CASSIRSVYEQYF	TRBV19	TRBJ2-7
CASSVRAAWEQYF	TRBV19	TRBJ2-7
CASRAGRAYEQYF	TRBV19	TRBJ2-7
CASSIRAGYEQYF	TRBV19	TRBJ2-7
CASSIFGSYEQYF	TRBV19	TRBJ2-7
CASSIRSAWAQYF	TRBV19	TRBJ2-3
CASSFRSANEQFF	TRBV19	TRBJ2-1
CASSETSINEQFF	TRBV19	TRBJ2-1
CASSTRSSSPQHF	TRBV19	TRBJ1-5
CASSKSASYEQYF	TRBV19	TRBJ2-7
CASSPRSAYEQYF	TRBV19	TRBJ2-7
CASSPHEAAEQYF	TRBV19	TRBJ2-7
CASSTRSGWIQYF	TRBV19	TRBJ2-4
CASSIRNSYNEQFF	TRBV19	TRBJ2-1
CASSPQDRDFYEQYF	TRBV19	TRBJ2-7
CASSLRSAYEQYF	TRBV19	TRBJ2-7
CASSIRSSYGQYF	TRBV19	TRBJ2-7
CASSMRSSGEQYF	TRBV19	TRBJ2-7
CASSIRSSEEQYF	TRBV19	TRBJ2-7
CASSIRSGNIQYF	TRBV19	TRBJ2-4
CASSIQSTDTQYF	TRBV19	TRBJ2-3
CASSPRSAGELFF	TRBV19	TRBJ2-2
CASSVRSTGALFF	TRBV19	TRBJ2-2
CASSITSLGELFF	TRBV19	TRBJ2-2
CASSVRSTGGLFF	TRBV19	TRBJ2-2
CASSMERTGSDTGELFF	TRBV19	TRBJ2-2
CASSRRSNQPQHF	TRBV19	TRBJ1-5
CASSSRSGEKLFF	TRBV19	TRBJ1-4
CASSMVGGVYGYTF	TRBV19	TRBJ1-2
CASSADGILNTEAFF	TRBV19	TRBJ1-1
CASSIDLTSGVYNEQFF	TRBV19	TRBJ2-1
CASSIDYPSGVQETQYF	TRBV19	TRBJ2-5
CASSTDLATGAYEQYF	TRBV19	TRBJ2-7
CASSIDLASGTTYEQYF	TRBV19	TRBJ2-7
CASSEGSLGGGLETQYF	TRBV2	TRBJ2-5
CASSQDPGGTEAFF	TRBV4-1	TRBJ1-1
CASSQDFAGGSYEQYF	TRBV4-3	TRBJ2-7
CASSLEAVSIHGYTF	TRBV7-2	TRBJ1-2
CASSQDKTTGELFF	TRBV4-1	TRBJ2-2
CASSWGLEVNTEAFF	TRBV6-5	TRBJ1-1
CASSYGLEANTEAFF	TRBV6-5	TRBJ1-1
CASSQDRGTGAYGYTF	TRBV4-3	TRBJ1-2
CASSQDRASGEYEQYF	TRBV4-3	TRBJ2-7
CASSPSMRSGLAEAFF	TRBV7-2	TRBJ1-1
CASSWDRGTGEQYF	TRBV19	TRBJ2-7
CASSQDLASGTYNEQFF	TRBV4-3	TRBJ2-1
CASSIDLAGGSYEQYF	TRBV19	TRBJ2-7
CAISEEGQGRDEQFF	TRBV10-3	TRBJ2-1
CASSQVLVGETQYF	TRBV3-1	TRBJ2-5
CASSSSGGGAGDTQYF	TRBV4-3	TRBJ2-3
CSASPERGTSVGTDTQYF	TRBV20-1	TRBJ2-3
CASSIVERAEAFF	TRBV19	TRBJ1-1
CASSLLTGGTDTQYF	TRBV5-4	TRBJ2-3
CASSWVPPGQGRTGELFF	TRBV27	TRBJ2-2
CASSDSDGSGELFF	TRBV6-4	TRBJ2-2
CSARDRQASSYNEQFF	TRBV20-1	TRBJ2-1
CASSFLQGEKLFF	TRBV27	TRBJ1-4
CASSPPGREDTEAFF	TRBV27	TRBJ1-1
CASSPSEGLNTEAFF	TRBV18	TRBJ1-1
CSARDGQGSSPLHF	TRBV20-1	TRBJ1-6
CSANDRTSGSNYNEQFF	TRBV20-1	TRBJ2-1
CATSRDRGWSNQPQHF	TRBV15	TRBJ1-5
CASSTGRYYEQYF	TRBV2	TRBJ2-7
CASSKGLAVDYTQYF	TRBV4-2	TRBJ2-3
CASRLVSGTDTQYF	TRBV12-3	TRBJ2-3
CASSFLATNEKLFF	TRBV28	TRBJ1-4
CSASLERMNTGELFF	TRBV20-1	TRBJ2-2
CASRRTGVVEKLFF	TRBV4-1	TRBJ1-4
CAISAPRGERDEQYF	TRBV10-3	TRBJ2-7
CASSQGPQVRGADTQYF	TRBV4-3	TRBJ2-3
CASSLSWGPGNTIYF	TRBV27	TRBJ1-3
CASSPTPGDPHYGYTF	TRBV18	TRBJ1-2
CASRSAGHQETQYF	TRBV27	TRBJ2-5
CAISESNDGNEQFF	TRBV10-3	TRBJ2-1
CASIQGWGEKLFF	TRBV2	TRBJ1-4
CASSDQWGQGPYF	TRBV2	TRBJ2-7
CAISESTGLRDEQFF	TRBV10-3	TRBJ2-1
CAISESRSSGADTQYF	TRBV10-3	TRBJ2-3
CAISESTGAKDEQYF	TRBV10-3	TRBJ2-7
CASSSGTDFTGELFF	TRBV7-6	TRBJ2-2
CASSQDGQGLTGELFF	TRBV4-1	TRBJ2-2
CAISESTSPGAETQYF	TRBV10-3	TRBJ2-5
CAISETTDRGGETQYF	TRBV10-3	TRBJ2-5
CASRLLAAQETQYF	TRBV5-8	TRBJ2-5
CASSLSREHGYTF	TRBV5-1	TRBJ1-2
CAISESRTPGTDTQYF	TRBV10-3	TRBJ2-3
CASSGVSWETNEQYF	TRBV3-1	TRBJ2-7
CAISEAQDRGNDEQYF	TRBV10-3	TRBJ2-7
CAISESLGQDQQYF	TRBV10-3	TRBJ2-7
CASTLGTSHDYEQYF	TRBV7-6	TRBJ2-7
CASSIHAGLTSGNTIYF	TRBV19	TRBJ1-3
CASSIFGTSLQFF	TRBV19	TRBJ2-1
CASSIRADNEQFF	TRBV19	TRBJ2-1
CASSARSSGELFF	TRBV19	TRBJ2-2
CASSGRASTEAFF	TRBV19	TRBJ1-1
CASSTRASNEQFF	TRBV19	TRBJ2-1
CASSSQSTGTAGVYEQYF	TRBV28	TRBJ2-7
CASSGRSGYNEQFF	TRBV19	TRBJ2-1
CASSIRSANVLTF	TRBV19	TRBJ2-6
CASSLWRGAGEAFF	TRBV28	TRBJ1-1
CASSTASTDTQYF	TRBV19	TRBJ2-3
CATSRRAGDTQYF	TRBV15	TRBJ2-3
CASSYYSRQPQHF	TRBV19	TRBJ1-5
CASSMRAGGEQYF	TRBV19	TRBJ2-7
CASSRRSGGEQYF	TRBV19	TRBJ2-7
CASSFLSTDTQYF	TRBV19	TRBJ2-3
CASSPTGVGTQYF	TRBV18	TRBJ2-5
CASSLNPSGTVETQYF	TRBV7-3	TRBJ2-5
CASSIRSNNEQFF	TRBV19	TRBJ2-1
CASSPRSGIEAFF	TRBV19	TRBJ1-1
CASSSGLAGHSSYNEQFF	TRBV28	TRBJ2-1
CASSPRSADTQYF	TRBV19	TRBJ2-3
CASSARSSGEQFF	TRBV19	TRBJ2-1
CASSPRSATGAFF	TRBV19	TRBJ1-1
CASSLISYNEQFF	TRBV19	TRBJ2-1
CASSIYSRAYGYTF	TRBV19	TRBJ1-2
CASSSRAGWDEQFF	TRBV19	TRBJ2-1
CASSDRAGNTIYF	TRBV19	TRBJ1-3
CASSIRAHYGYTF	TRBV19	TRBJ1-2
CASSFYSTTEQFF	TRBV19	TRBJ2-1
CASSPRSGGEQFF	TRBV19	TRBJ2-1
CASSIRSSVEAFF	TRBV19	TRBJ1-1
CASSMLSQDIQYF	TRBV19	TRBJ2-4
CASSTGWGAGQPQHF	TRBV12-4	TRBJ1-5
CASSIRSTGGLFF	TRBV19	TRBJ2-2
CASSIGWNGYTF	TRBV19	TRBJ1-2
CASSQDVGQLYGYTF	TRBV4-3	TRBJ1-2
CASSIRSLEPQHF	TRBV19	TRBJ1-5
CASSIVSLDEQFF	TRBV19	TRBJ2-1
CASSGLSNQPQHF	TRBV19	TRBJ1-5
CASGPYSLYEQYF	TRBV19	TRBJ2-7
CASSARSGTEAFF	TRBV19	TRBJ1-1
CASSGRSGDTQYF	TRBV19	TRBJ2-3
CASSMIPQDTQYF	TRBV19	TRBJ2-3
CASSILSQQPQHF	TRBV19	TRBJ1-5
CASSAGQGLPYEQYF	TRBV5-1	TRBJ2-7
CASSERSNQPQHF	TRBV19	TRBJ1-5
CASGGQYQETQYF	TRBV19	TRBJ2-5
CASSAIGSSYNEQFF	TRBV19	TRBJ2-1
CASSIRSAGEAFF	TRBV19	TRBJ1-1
CASSIHWGNTEAFF	TRBV19	TRBJ1-1
CASSGVSNQPQHF	TRBV19	TRBJ1-5
CASSFGIYEQYF	TRBV12-4	TRBJ2-7
CASSQYSVGEQYF	TRBV19	TRBJ2-7
CASSQVSQGDTGELFF	TRBV4-2	TRBJ2-2
CASSFGSHGYTF	TRBV19	TRBJ1-2
CASSMFATDTQYF	TRBV19	TRBJ2-3
CAWSVQGGTEAFF	TRBV30	TRBJ1-1
CASSTRAGVEQYF	TRBV19	TRBJ2-7
CASSIRSGIEQFF	TRBV19	TRBJ2-1
CASSMFHSGNTIYF	TRBV19	TRBJ1-3
CASSTHHNNEQFF	TRBV19	TRBJ2-1
CASSTRAFYEQYF	TRBV19	TRBJ2-7
CASSFRSSQPQHF	TRBV19	TRBJ1-5
CASRDLREGDYGYTF	TRBV19	TRBJ1-2
CASEQPRTGGDAYNEQFF	TRBV28	TRBJ2-1
CASSWYSNQPQHF	TRBV19	TRBJ1-5
CASSLGGHGQPQHF	TRBV12-3	TRBJ1-5
CSARAWDRAQATNEKLFF	TRBV20-1	TRBJ1-4
CAWSVERVGQAYGYTF	TRBV30	TRBJ1-2
CASSLGGGDNEQFF	TRBV7-3	TRBJ2-1
CASSIRSQTEQFF	TRBV19	TRBJ2-1
CASSIVALDTQYF	TRBV19	TRBJ2-3
CASSIRSAWAQHF	TRBV19	TRBJ1-5
CASSMFGGQPQHF	TRBV19	TRBJ1-5
CASSIRAGGNEQFF	TRBV19	TRBJ2-1
CASSPQDRARGNEQFF	TRBV28	TRBJ2-1
CASSTRSSTEQYF	TRBV19	TRBJ2-7
CASSFDHSNEQFF	TRBV4-1	TRBJ2-1
CASSIFSGRENEQYF	TRBV19	TRBJ2-7
CASSQDPAGGGVEQFF	TRBV4-3	TRBJ2-1
CASSPVGIGEAFF	TRBV18	TRBJ1-1
CASSFGMHGYTF	TRBV19	TRBJ1-2
CASSMISINEQFF	TRBV19	TRBJ2-1
CASMGLAGLNEQFF	TRBV19	TRBJ2-1
CASSLYSQDEQFF	TRBV19	TRBJ2-1
CASSMRGSDTQYF	TRBV19	TRBJ2-3
CASSIRSHDEQFF	TRBV19	TRBJ2-1
CASSIYSGQPQHF	TRBV19	TRBJ1-5
CASSLTGTVYEQYF	TRBV18	TRBJ2-7
CASSFRATDTQYF	TRBV19	TRBJ2-3
CASSGRAGGELFF	TRBV19	TRBJ2-2
CASGPHGGGNNEQFF	TRBV19	TRBJ2-1
CASSGTSFTEQYF	TRBV19	TRBJ2-7
CASSKRSSDTQYF	TRBV19	TRBJ2-3
CASSMAGGPGNEQFF	TRBV19	TRBJ2-1
CASSIFAHSSQPQHF	TRBV19	TRBJ1-5
CASSSRSGNEQFF	TRBV19	TRBJ2-1
CATSDISITEAFF	TRBV24-1	TRBJ1-1
CASSSRSGWEQYF	TRBV19	TRBJ2-7
CASSSRSGIEQYF	TRBV19	TRBJ2-7
CASGVRSGEVEQFF	TRBV19	TRBJ2-1
CASSTRSTSPGHF	TRBV19	TRBJ1-5
CASSRYHTDTQYF	TRBV19	TRBJ2-3
CASSSYGSYEQYF	TRBV19	TRBJ2-7
CASSTYSRDTQYF	TRBV19	TRBJ2-3
CASSTTSGTEQFF	TRBV19	TRBJ2-1
CASSGYSINEQFF	TRBV19	TRBJ2-1
CASGGISTDTQYF	TRBV19	TRBJ2-3
CASSMYSINIQYF	TRBV19	TRBJ2-4
CASSIFSTPNQPQHF	TRBV19	TRBJ1-5
CATGFPYEQYF	TRBV19	TRBJ2-7
CASSFDGVYEQYF	TRBV19	TRBJ2-7
CASSSHAGGNTEAFF	TRBV19	TRBJ1-1
CASSVRASDEQYF	TRBV19	TRBJ2-7
CASSPSSVADTQYF	TRBV19	TRBJ2-3
CASSIRGSETQYF	TRBV19	TRBJ2-5
CAITGGGEQFF	TRBV10-3	TRBJ2-1
CASSTHSGGNNEQFF	TRBV19	TRBJ2-1
CASSRRSGGDEQFF	TRBV19	TRBJ2-1
CASSDRGGGDEQFF	TRBV19	TRBJ2-1
CASSVRASYEQYF	TRBV19	TRBJ2-7
CASSPSGPWPQYF	TRBV7-3	TRBJ2-7
CASSTVSLDTQYF	TRBV19	TRBJ2-3
CASSIVSQETQYF	TRBV19	TRBJ2-5
CASSATSIYEQFF	TRBV19	TRBJ2-1
CASATGTYGYTF	TRBV19	TRBJ1-2
CASSPTGVGEQFF	TRBV18	TRBJ2-1
CASSIHSGGAVEQFF	TRBV19	TRBJ2-1
CASSRPGTSAFPYEQYF	TRBV7-2	TRBJ2-7
CASSIRSEDTQYF	TRBV19	TRBJ2-3
CASSPVGIDEQYF	TRBV18	TRBJ2-7
CASSMFGGNEQFF	TRBV19	TRBJ2-1
CASSYRSTLEQFF	TRBV19	TRBJ2-1
CAWSGLGPSYNEQFF	TRBV30	TRBJ2-1
CASSIRSGVEQFF	TRBV19	TRBJ2-1
CASSTSAANQPQHF	TRBV19	TRBJ1-5
CASTLAGVGYEQFF	TRBV7-2	TRBJ2-1
CASSIRSAHEQFF	TRBV19	TRBJ2-1
CASAAGTYGYTF	TRBV19	TRBJ1-2
CASSQEDLTSGTNEQFF	TRBV4-2	TRBJ2-1
CASSQFPLTGGNTEAFF	TRBV3-1	TRBJ1-1
CASTTAVYGYTF	TRBV19	TRBJ1-2
CASSKANGGSNQPQHF	TRBV19	TRBJ1-5
CASSIYSIEEQFF	TRBV19	TRBJ2-1
CASRSGAEAFF	TRBV19	TRBJ1-1
CASSQVGGPDTQYF	TRBV14	TRBJ2-3
CASSSRGDSWAETQYF	TRBV5-6	TRBJ2-5
CATSGYLLDRSTDTQYF	TRBV15	TRBJ2-3
CASSQESLAGRGAYNEQFF	TRBV4-3	TRBJ2-1
CASSTFGANVLTF	TRBV19	TRBJ2-6
CASSLVAGGGETQYF	TRBV5-6	TRBJ2-5
CASSIYGGSYNEQFF	TRBV19	TRBJ2-1
CASSPSTTLSSGASGETQYF	TRBV9	TRBJ2-5
CAIPGRGTANQPQHF	TRBV9	TRBJ1-5
CSARGELGVDEQFF	TRBV20-1	TRBJ2-1
CASSILGKDTQYF	TRBV19	TRBJ2-3
CASSLRAGEVEQFF	TRBV19	TRBJ2-1
CSVAPSYNTGELFF	TRBV29-1	TRBJ2-2
CASSYTGGLMAFF	TRBV6-5	TRBJ1-1
CASSVVGGGAANEQFF	TRBV7-3	TRBJ2-1
CASSSRSGHEQYF	TRBV19	TRBJ2-7
CASSQVGEAGNTIYF	TRBV4-2	TRBJ1-3
CSGRINTEAFF	TRBV29-1	TRBJ1-1
CASSPSGVDQYF	TRBV19	TRBJ2-5
CASSLGQGATF	TRBV14	TRBJ1-2
CSAWDRTEAFF	TRBV20-1	TRBJ1-1
CSVAQTGGYEQYF	TRBV29-1	TRBJ2-7
CASSQEDGTGSAGELFF	TRBV4-1	TRBJ2-2
CASSTVDPMLSEAFF	TRBV6-2	TRBJ1-1
CASSLVRDGPYEQYF	TRBV7-9	TRBJ2-7
CSVDGDSVAFF	TRBV29-1	TRBJ1-1
CASSSTGASNSPLHF	TRBV5-1	TRBJ1-6
CASSMRSGSEQYF	TRBV19	TRBJ2-7
CASSIGGDEKLFF	TRBV13	TRBJ1-4
CATPKGEASTEAFF	TRBV6-6	TRBJ1-1
CASSSRAVDEQYF	TRBV19	TRBJ2-7
CASSYPRDAGTSLDIQYF	TRBV6-2	TRBJ2-4
CASSFGRGSYEQYF	TRBV19	TRBJ2-7
CASSQDWATVYEQYF	TRBV4-1	TRBJ2-7
CASSNGAYGYTF	TRBV19	TRBJ1-2
CASSPRRAGAANTGELFF	TRBV19	TRBJ2-2
CSARGQQGAHEQYF	TRBV20-1	TRBJ2-7
CASSWGSEVVADTQYF	TRBV7-9	TRBJ2-3
CASSLFSIGEQFF	TRBV19	TRBJ2-1
CSARDYRGGTTYEQYF	TRBV20-1	TRBJ2-7
CASSLVGGPADTQYF	TRBV7-6	TRBJ2-3
CASSPRSSDTQYF	TRBV19	TRBJ2-3
CASSIGWSGYTF	TRBV19	TRBJ1-2
CASSHLQGGQYNEQFF	TRBV4-3	TRBJ2-1
CASSLAGVGEQFF	TRBV18	TRBJ2-1
CSVEQGAIGYTF	TRBV29-1	TRBJ1-2
CASSLGAGIGYTF	TRBV27	TRBJ1-2
CASSQDLPGPNTEAFF	TRBV4-3	TRBJ1-1
CASSLTGTLVDEQYF	TRBV5-1	TRBJ2-7
CSARDNLAGDTDTQYF	TRBV20-1	TRBJ2-3
CASSEEGQGRLSEQFF	TRBV9	TRBJ2-1
CASTDGTAFTEAFF	TRBV19	TRBJ1-1
CSALPGIYNEQFF	TRBV20-1	TRBJ2-1
CSARGPSGANVLTF	TRBV20-1	TRBJ2-6
CASSILSRDRPSTDTQYF	TRBV27	TRBJ2-3
CATSGTGGSGANVLTF	TRBV15	TRBJ2-6
CATSPLLESNYGYTF	TRBV15	TRBJ1-2
CSAKLGQDHTGELFF	TRBV20-1	TRBJ2-2
CSARDTSNQPQHF	TRBV20-1	TRBJ1-5
CASIPDRGSGNTIYF	TRBV28	TRBJ1-3
CSAEGNTEAFF	TRBV29-1	TRBJ1-1
CASSHVWAGTGFVYGYTF	TRBV5-6	TRBJ1-2
CASSASGDTGELFF	TRBV6-4	TRBJ2-2
CASSDSSVSEQFF	TRBV6-4	TRBJ2-1
CASSPPGVREQFF	TRBV7-2	TRBJ2-1
CASSPGISVNYGYTF	TRBV7-8	TRBJ1-2
CASSFGQGADIQYF	TRBV27	TRBJ2-4
CASSETGVGGYTF	TRBV18	TRBJ1-2
CASSIRSAIEQYF	TRBV19	TRBJ2-7
CASSRGLAANTGELFF	TRBV7-6	TRBJ2-2
CASSIYSGVGNEQFF	TRBV19	TRBJ2-1
CASAKGYGYTF	TRBV12-3	TRBJ1-2
CATSTPNTEAFF	TRBV24-1	TRBJ1-1
CASSDSGTTNEKLFF	TRBV27	TRBJ1-4
CSVEDGRDTGEGTDTQYF	TRBV29-1	TRBJ2-3
CASSSNIIRGSSYEQYF	TRBV5-4	TRBJ2-7
CASKGMASGGLRGTGELFF	TRBV7-2	TRBJ2-2
CASSAYDTDTQYF	TRBV9	TRBJ2-3
CASSPLLGGHQPQHF	TRBV19	TRBJ1-5
CASSLRSNTEAFF	TRBV19	TRBJ1-1
CASSGRSLEEQYF	TRBV19	TRBJ2-7
CASRTVNSPLHF	TRBV19	TRBJ1-6
CASSFTGPGELFF	TRBV7-2	TRBJ2-2
CASSPHGGGNTEAFF	TRBV19	TRBJ1-1
CASSFGGTQYF	TRBV7-6	TRBJ2-5
CASSEEYNEQFF	TRBV10-1	TRBJ2-1
CASSLNSSSYEQYF	TRBV12-3	TRBJ2-7
CATSDTHSGANVLTF	TRBV15	TRBJ2-6
CSVQRPAAYNEQFF	TRBV29-1	TRBJ2-1
CASSDRANTEAFF	TRBV19	TRBJ1-1
CASSYPIQGTSNQPQHF	TRBV6-6	TRBJ1-5
CASSLALAGTDTQYF	TRBV12-3	TRBJ2-3
CATSDSSGPYNEQFF	TRBV24-1	TRBJ2-1
CASSQWTGGGGQPQHF	TRBV27	TRBJ1-5
CASVPYGYEQYF	TRBV19	TRBJ2-7
CASSSRPGELFF	TRBV6-5	TRBJ2-2
CASSSIFPGELFF	TRBV27	TRBJ2-2
CASSLLGGWSEAFF	TRBV27	TRBJ1-1
CASSLTGSPYEQYF	TRBV18	TRBJ2-7
CASSLNLRDREAYEQYF	TRBV12-3	TRBJ2-7
CSAIPTGNYEQYF	TRBV20-1	TRBJ2-7
CASSLTGAEEQFF	TRBV7-3	TRBJ2-1
CATTIYEQYF	TRBV12-3	TRBJ2-7
CSARPSGGVSAYEQYF	TRBV20-1	TRBJ2-7
CASSHGTAGSGNTIYF	TRBV4-1	TRBJ1-3
CASSMVSIDEQFF	TRBV19	TRBJ2-1
CASSYPSRTGTSRDEQFF	TRBV6-2	TRBJ2-1
CAWSVILWGRGPTDTQYF	TRBV30	TRBJ2-3
CASSTDTNEQFF	TRBV5-5	TRBJ2-1
CASRKDNGVAGELFF	TRBV28	TRBJ2-2
CASSIGQGSGYEQYF	TRBV19	TRBJ2-7
CASSIHSGANNEQFF	TRBV19	TRBJ2-1
CASSALAGGYNEQFF	TRBV19	TRBJ2-1
CASSIHFSAGQPQHF	TRBV19	TRBJ1-5
CASSIVASGAGGELFF	TRBV19	TRBJ2-2
CASSVGVAGFNEKLFF	TRBV9	TRBJ1-4
CASSILTGPQPQHF	TRBV19	TRBJ1-5
CASSFRSQETQYF	TRBV19	TRBJ2-5
CSARSWDRSELMGYTF	TRBV20-1	TRBJ1-2
CASSLGLGTGELFF	TRBV27	TRBJ2-2
CASSSYLQDRGTGELFF	TRBV6-2	TRBJ2-2
CASPPLSGTGHVRGYTF	TRBV28	TRBJ1-2
CASSIYSSSYNEQFF	TRBV19	TRBJ2-1
CASSERDRTTNEKLFF	TRBV16	TRBJ1-4
CASTHLRDKTFF	TRBV12-3	TRBJ1-1
CASKDNISFRGYTF	TRBV6-2	TRBJ1-2
CASSYSGPAAGQETQYF	TRBV6-5	TRBJ2-5
CSALDRAIANTGELFF	TRBV20-1	TRBJ2-2
CASSHGAEAFF	TRBV5-1	TRBJ1-1
CASSTGQGMDTEAFF	TRBV6-5	TRBJ1-1
CASSMGSHGYTF	TRBV19	TRBJ1-2
CASSSRSGIEQFF	TRBV19	TRBJ2-1
CAWRDRVGHQPQHF	TRBV30	TRBJ1-5
CASSLEGANYGYTF	TRBV7-3	TRBJ1-2
CASSPFWGGEQYF	TRBV19	TRBJ2-7
CSARSGLAGGGDTQYF	TRBV20-1	TRBJ2-3
CAWSGSDTQYF	TRBV30	TRBJ2-3
CASSLGIVEQFF	TRBV5-1	TRBJ2-1
CASSDSRQGAFRRETQYF	TRBV6-4	TRBJ2-5
CASSTYANTEAFF	TRBV19	TRBJ1-1
CASSITGWGSPLHF	TRBV19	TRBJ1-6
CASSIHHGNEQFF	TRBV19	TRBJ2-1
CASRPNEGPYEQYF	TRBV19	TRBJ2-7
CASSLLQGTEAFF	TRBV19	TRBJ1-1
CSARGGVYNEQFF	TRBV20-1	TRBJ2-1
CASSPSGLAGLTDTQYF	TRBV4-3	TRBJ2-3
CASSLLGVGEKLFF	TRBV7-2	TRBJ1-4
CASSGYSVDTQYF	TRBV19	TRBJ2-3
CASSLGNEQFF	TRBV7-7	TRBJ2-1
CASSIRSGHEQFF	TRBV19	TRBJ2-1
CASSIGEGNGQFF	TRBV19	TRBJ2-1
CASSQDITVLYGYTF	TRBV3-1	TRBJ1-2
CASSQRSSTEAFF	TRBV19	TRBJ1-1
CASSESTGVEKLFF	TRBV25-1	TRBJ1-4
CAITHPPIGETQYF	TRBV10-3	TRBJ2-5
CASSIVSIAGELFF	TRBV19	TRBJ2-2
CASSNRASNEQFF	TRBV19	TRBJ2-1
CASSQDRREQYF	TRBV4-3	TRBJ2-7
CASSAYLGAGELFF	TRBV19	TRBJ2-2
CASSFSSTDTQYF	TRBV19	TRBJ2-3
CASSVGVAEAFF	TRBV19	TRBJ1-1
CSAPGQGFNEKLFF	TRBV20-1	TRBJ1-4
CSARVWDSYEQYF	TRBV20-1	TRBJ2-7
CSATRGGRTDTQYF	TRBV20-1	TRBJ2-3
CSSTGTEGYTGELFF	TRBV29-1	TRBJ2-2
CSVGGQGARCNQPQHF	TRBV29-1	TRBJ1-5
CSVPGGSGYTF	TRBV29-1	TRBJ1-2
CASSQSTGANVLTF	TRBV4-3	TRBJ2-6
CASSLGQDTDTQYF	TRBV5-1	TRBJ2-3
CASSYGLNTEAFF	TRBV6-5	TRBJ1-1
CASSIFSGANVLTF	TRBV19	TRBJ2-6
CASSSRPFWDRAMEGANVLTF	TRBV6-5	TRBJ2-6
CASSGRSGVEQFF	TRBV19	TRBJ2-1
CATSGQPQETQYF	TRBV15	TRBJ2-5
CASSYFRRLPGQVFYEQYF	TRBV6-2	TRBJ2-7
CASSIAGDEQFF	TRBV19	TRBJ2-1
CASSTLDRTSGFDTQYF	TRBV7-8	TRBJ2-3
CASSLLLARETQYF	TRBV28	TRBJ2-5
CASSLAPGGVKDTQYF	TRBV7-9	TRBJ2-3
CASSTYGTDTQYF	TRBV19	TRBJ2-3
CSARGGVANEQYF	TRBV20-1	TRBJ2-7
CASSEWSHNTGELFF	TRBV6-1	TRBJ2-2
CASGYTGELFF	TRBV12-3	TRBJ2-2
CASSQGDHSPLHF	TRBV2	TRBJ1-6
CATGTSGFSTDTQYF	TRBV24-1	TRBJ2-3
CASSHLDRTAGADTQYF	TRBV4-2	TRBJ2-3
CASSARSMDIQYF	TRBV19	TRBJ2-4
CASSSHGADTQYF	TRBV19	TRBJ2-3
CASSPLDVTENTEAFF	TRBV6-2	TRBJ1-1
CASGWGEQFF	TRBV12-5	TRBJ2-1
CASSQDAGGWDEQFF	TRBV3-1	TRBJ2-1
CASSQADRDTYEQYF	TRBV4-1	TRBJ2-7
CASSLTGSGTEAFF	TRBV5-1	TRBJ1-1
CASSPLGGNQPQHF	TRBV5-1	TRBJ1-5
CASSDSSHEGQGAYEQYF	TRBV9	TRBJ2-7
CASSPIGSTDTQYF	TRBV7-3	TRBJ2-3
CASSTTSGEETQYF	TRBV6-5	TRBJ2-5
CATSTGAYGYTF	TRBV15	TRBJ1-2
CASSMRAAAEAFF	TRBV19	TRBJ1-1
CASSSRSSAEAFF	TRBV19	TRBJ1-1
CASSESEGLGEKLFF	TRBV10-2	TRBJ1-4
CASGTWGLDEQYF	TRBV19	TRBJ2-7
CASSGAGAYNEQFF	TRBV19	TRBJ2-1
CASSIFIYNEQFF	TRBV19	TRBJ2-1
CASSIIAGENIQYF	TRBV19	TRBJ2-4
CASSITGGNNEQFF	TRBV19	TRBJ2-1
CASSLLNPLTEAFF	TRBV27	TRBJ1-1
CASSWGWGGEEQYF	TRBV27	TRBJ2-7
CSVGQTSSYEQYF	TRBV29-1	TRBJ2-7
CASRPSGPQETQYF	TRBV7-8	TRBJ2-5
CASSKGERESELGQETQYF	TRBV7-9	TRBJ2-5
CASSEVSSGDNEQFF	TRBV25-1	TRBJ2-1
CASSSRSSEPQHF	TRBV19	TRBJ1-5
CASSIFDSAREQFF	TRBV19	TRBJ2-1
CATSDLLTGAHGYTF	TRBV24-1	TRBJ1-2
CASSFGLHGYTF	TRBV19	TRBJ1-2
CASSYGGGSYEQYF	TRBV27	TRBJ2-7
CASSIRADDEQYF	TRBV19	TRBJ2-7
CASSIRSAHEAFF	TRBV19	TRBJ1-1
CASSSRADEKLFF	TRBV19	TRBJ1-4
CAISESSEQFF	TRBV10-3	TRBJ2-1
CASSKPGRIRPLHF	TRBV28	TRBJ1-6
CASRQGPTEAFF	TRBV5-1	TRBJ1-1
CATSGRSTDTQYF	TRBV24-1	TRBJ2-3
CASSSQGDQGADTQYF	TRBV7-9	TRBJ2-3
CSASSWAGGDTGELFF	TRBV20-1	TRBJ2-2
CASSTRSGTEQFF	TRBV19	TRBJ2-1
CSARPEEKLFF	TRBV20-1	TRBJ1-4
CASSSVFVTYSNQPQHF	TRBV27	TRBJ1-5
CASGGGLYEQYF	TRBV5-1	TRBJ2-7
CASSLLFGGGDSYNEQFF	TRBV5-6	TRBJ2-1
CASSYIGVNQPQHF	TRBV6-2	TRBJ1-5
CASSYRAPGHTEAFF	TRBV6-5	TRBJ1-1
CASSQVEEFHGELFF	TRBV7-9	TRBJ2-2
CASSLRSSDTQYF	TRBV19	TRBJ2-3
CASIPLAGPFNEQFF	TRBV19	TRBJ2-1
CASRGGIEEQYF	TRBV19	TRBJ2-7
CASSAVQGDTQYF	TRBV19	TRBJ2-3
CASSIRGGGEQFF	TRBV19	TRBJ2-1
CASSMSSGTEQYF	TRBV19	TRBJ2-7
CASTMTMGWTEAFF	TRBV19	TRBJ1-1
CASSFHGLAGEETQYF	TRBV6-2	TRBJ2-5
CASSLQRGKVYEQYF	TRBV7-4	TRBJ2-7
CASSPTGGEGGYTF	TRBV7-3	TRBJ1-2
CSAPILGGVYTEAFF	TRBV20-1	TRBJ1-1
CASSIFSGSMNEQFF	TRBV19	TRBJ2-1
CASSKEFGQGQCGNQPQHF	TRBV7-9	TRBJ1-5
CSARDGTYYEQYF	TRBV20-1	TRBJ2-7
CASSRYLGGGETQYF	TRBV12-3	TRBJ2-5
CASSPGGSPEQYF	TRBV13	TRBJ2-7
CASSQDRLFVGPKNTEAFF	TRBV14	TRBJ1-1
CATSPYRGADTQYF	TRBV15	TRBJ2-3
CATSSDHRDRELDTQYF	TRBV15	TRBJ2-3
CASAVGNEQFF	TRBV19	TRBJ2-1
CASKGYEQFF	TRBV19	TRBJ2-1
CASSIFMSSGNTIYF	TRBV19	TRBJ1-3
CASSILVTSEQYF	TRBV19	TRBJ2-7
CASSIMAGSYNEQFF	TRBV19	TRBJ2-1
CASSIVGSAYNEQFF	TRBV19	TRBJ2-1
CASSIYSGNEQYF	TRBV19	TRBJ2-7
CASSPLYEQYF	TRBV19	TRBJ2-7
CASSPVAGWYNEQFF	TRBV19	TRBJ2-1
CASSTGVAEQYF	TRBV19	TRBJ2-7
CASTLAGGLPEQFF	TRBV19	TRBJ2-1
CRAEEGERGMRSYNEQFF	TRBV20-1	TRBJ2-1
CSANAEAYQETQYF	TRBV20-1	TRBJ2-5
CSANAFSNQPQHF	TRBV20-1	TRBJ1-5
CSANRVGEQYF	TRBV20-1	TRBJ2-7
CSARGEVPTSGRWEETQYF	TRBV20-1	TRBJ2-5
CSARGGARDMNTEAFF	TRBV20-1	TRBJ1-1
CSARGLGGETQYF	TRBV20-1	TRBJ2-5
CSARGQSLYYSNQPQHF	TRBV20-1	TRBJ1-5
CSARTDNSPLHF	TRBV20-1	TRBJ1-6
CASSFLGANEQFF	TRBV28	TRBJ2-1
CSGQGAFGSGELFF	TRBV29-1	TRBJ2-2
CSVEDWTSGKETQYF	TRBV29-1	TRBJ2-5
CSVGPGDNYGYTF	TRBV29-1	TRBJ1-2
CASSLFQGDEQFF	TRBV4-3	TRBJ2-1
CASSFRGTYNEQFF	TRBV5-6	TRBJ2-1
CASSLAMTDTTDTQYF	TRBV5-6	TRBJ2-3
CASRVTSGGRDEQFF	TRBV6-5	TRBJ2-1
CASSSSLSTIYF	TRBV6-6	TRBJ1-3
CASSAPSHSTDTQYF	TRBV9	TRBJ2-3
CASSIIGVNEQFF	TRBV19	TRBJ2-1
CASSKRSSGELFF	TRBV19	TRBJ2-2
CASGSGGRSYNEQFF	TRBV7-9	TRBJ2-1
CASSMRSGAVTQYF	TRBV19	TRBJ2-3
CASSMRSSGTQYF	TRBV19	TRBJ2-5
CASSQISNQPQHF	TRBV19	TRBJ1-5
CASSMFSSLNTEAFF	TRBV19	TRBJ1-1
CASSPVGTEAFF	TRBV18	TRBJ1-1
CASSPHHGNTEAFF	TRBV19	TRBJ1-1
CSAGRYQETQYF	TRBV20-1	TRBJ2-5
CSARDAIRRRGWNEQFF	TRBV20-1	TRBJ2-1
CASSSFWTGLDEKLFF	TRBV27	TRBJ1-4
CASSYGFYEQYF	TRBV6-2	TRBJ2-7
CASSENTGTGGNYGYTF	TRBV6-5	TRBJ1-2
CASSLGRNSGNTIYF	TRBV6-5	TRBJ1-3
CASSKGGTRGNEQFF	TRBV7-9	TRBJ2-1
CASERANTGELFF	TRBV9	TRBJ2-2
CASSQRSAGELFF	TRBV19	TRBJ2-2
CASSVFSGADTQYF	TRBV19	TRBJ2-3
CASGGVSGVFF	TRBV19	TRBJ2-1
CASSMRSSSPLHF	TRBV19	TRBJ1-6
CASSIVSQGELFF	TRBV19	TRBJ2-2
CATSDLKGQGSSYNEQFF	TRBV24-1	TRBJ2-1
CASSFATKQYF	TRBV28	TRBJ2-7
CASSRTGSGELFF	TRBV7-3	TRBJ2-2
CASSIGHNEQFF	TRBV19	TRBJ2-1
CASSIRGSDTQYF	TRBV19	TRBJ2-3
CASSIRSGSEQFF	TRBV19	TRBJ2-1
CASSLYYLAPKTYEQYF	TRBV5-1	TRBJ2-7
CASSISTAKNIQYF	TRBV19	TRBJ2-4
CASSTLSTDTQYF	TRBV19	TRBJ2-3
CASSIISGVEQFF	TRBV19	TRBJ2-1
CSRPAGDASYEQYF	TRBV20-1	TRBJ2-7
CASSSPYRRSYNEQFF	TRBV5-6	TRBJ2-1
CASSIRSTSEQYF	TRBV19	TRBJ2-7
CASSYSNTQNEAFF	TRBV6-5	TRBJ1-1
CASSWTQETQYF	TRBV11-2	TRBJ2-5
CASSARASGELFF	TRBV19	TRBJ2-2
CASRYSGGDTGELFF	TRBV19	TRBJ2-2
CASSAVSSTDTQYF	TRBV19	TRBJ2-3
CASSMGIYGYTF	TRBV19	TRBJ1-2
CASSIRGGYEQYF	TRBV19	TRBJ2-7
CASSYRFF	TRBV7-9	TRBJ2-1
CASNTGTTQETQYF	TRBV6-2	TRBJ2-5
CASSTRSGNTIYF	TRBV19	TRBJ1-3
CASSLRSATEAFF	TRBV19	TRBJ1-1
CASSTHGADTQYF	TRBV19	TRBJ2-3
CASIGGGGWAQPQHF	TRBV19	TRBJ1-5
CASSKRSQETQYF	TRBV19	TRBJ2-5
CASSYSLDSHSNQPQHF	TRBV6-2	TRBJ1-5
CASSLLGTSGPRETQYF	TRBV27	TRBJ2-5
CASSMRSAHEQYF	TRBV19	TRBJ2-7
CASSMTGGTYGYTF	TRBV19	TRBJ1-2
CASSETGSTYEQYF	TRBV18	TRBJ2-7
CASSLYGGDNNEQFF	TRBV27	TRBJ2-1
CASSYSQRTGVSNQPQHF	TRBV6-2	TRBJ1-5
CASSYPDRGTSTDTQYF	TRBV6-6	TRBJ2-3
CASREFQGLAYEQYF	TRBV7-8	TRBJ2-7
CASSTRSGIEQFF	TRBV19	TRBJ2-1
CASSRELTGTDSYEQYF	TRBV6-5	TRBJ2-7
CASSIRAASEAFF	TRBV19	TRBJ1-1
CASSRRGSDEQFF	TRBV19	TRBJ2-1
CASSTGQETQYF	TRBV13	TRBJ2-5
CASSPHRDFYTDTQYF	TRBV2	TRBJ2-3
CSAKKGGGDTDTQYF	TRBV20-1	TRBJ2-3
CSAREGGVQHQPQHF	TRBV20-1	TRBJ1-5
CASSLSLTSGGAGTDTQYF	TRBV27	TRBJ2-3
CASSLYKGIQETQYF	TRBV28	TRBJ2-5
CASSQDLTFIKTQYF	TRBV4-1	TRBJ2-5
CASSQERAGQETQYF	TRBV4-1	TRBJ2-5
CASSLAGSPNEQFF	TRBV5-4	TRBJ2-1
CASSRRGLREKLFF	TRBV7-9	TRBJ1-4
CASSVPGQSNTEAFF	TRBV7-9	TRBJ1-1
CASSPPTFSYEQYF	TRBV18	TRBJ2-7
CASSRTGIDEQFF	TRBV18	TRBJ2-1
CASSSRAGWELFF	TRBV19	TRBJ2-2
CASSMRWAYEQYF	TRBV19	TRBJ2-7
CSLARDTKAFF	TRBV29-1	TRBJ1-1
CASSLAGGPGNEQFF	TRBV19	TRBJ2-1
CASSTRGSNEQFF	TRBV19	TRBJ2-1
CASSGQGAQPQHF	TRBV12-3	TRBJ1-5
CASSLALHSDGYTF	TRBV12-3	TRBJ1-2
CASSRHPGGTDTQYF	TRBV12-3	TRBJ2-3
CASSRSGRETQYF	TRBV12-3	TRBJ2-5
CASSQDPLGTTDTQYF	TRBV14	TRBJ2-3
CASSQVGRPDTQYF	TRBV14	TRBJ2-3
CASSPTGYYNEQFF	TRBV18	TRBJ2-1
CASSIGLNMGNQPQHF	TRBV19	TRBJ1-5
CASSTAQPQHF	TRBV19	TRBJ1-5
CASSTYSQDTQYF	TRBV19	TRBJ2-3
CASSEALLGNQPQHF	TRBV2	TRBJ1-5
CSAGPSGKNIQYF	TRBV20-1	TRBJ2-4
CSARDRQEETQYF	TRBV20-1	TRBJ2-5
CAISLIYPGELFF	TRBV10-3	TRBJ2-2
CASGLIYPGELFF	TRBV12-5	TRBJ2-2
CASSLRGLEGYTF	TRBV27	TRBJ1-2
CASSYAGTVEKLFF	TRBV27	TRBJ1-4
CASSPYNEQFF	TRBV28	TRBJ2-1
CASSSNRNTGELFF	TRBV28	TRBJ2-2
CSVAGTADLEAFF	TRBV29-1	TRBJ1-1
CTVVETEAFF	TRBV7-2	TRBJ1-1
CAWTGDTEAFF	TRBV30	TRBJ1-1
CASSPSHGGLYEQYF	TRBV4-1	TRBJ2-7
CASSQDRGDAYNEQFF	TRBV4-1	TRBJ2-1
CASSQGTEHSNQPQHF	TRBV4-1	TRBJ1-5
CASSETENHYEQFF	TRBV5-1	TRBJ2-1
CASSFETVMSSYEQYF	TRBV5-1	TRBJ2-7
CASSLVETGELFF	TRBV5-1	TRBJ2-2
CASSLLGFSDGGTGELFF	TRBV5-4	TRBJ2-2
CASSLWTGGGEQYF	TRBV5-6	TRBJ2-7
CASSLASGASSSYNEQFF	TRBV5-8	TRBJ2-1
CASSSRDRGGEGTDTQYF	TRBV5-8	TRBJ2-3
CASSLLGPSYNEQFF	TRBV6-2	TRBJ2-1
CASSYGQGAHTEAFF	TRBV6-5	TRBJ1-1
CASSYSDRVHEQYF	TRBV6-5	TRBJ2-7
CASSYSGTGNEQFF	TRBV6-5	TRBJ2-1
CASSYTSGNTGELFF	TRBV6-5	TRBJ2-2
CASSYVPGRNNNQPQHF	TRBV6-5	TRBJ1-5
CAVQMGRGYTF	TRBV6-5	TRBJ1-2
CASSSSAPTPDTQYF	TRBV6-6	TRBJ2-3
CASSLDSANYGYTF	TRBV7-3	TRBJ1-2
CASSLHEGNEQFF	TRBV7-3	TRBJ2-1
CASSWLSDTQYF	TRBV7-6	TRBJ2-3
CASRPGGGYEQYF	TRBV7-8	TRBJ2-7
CASSLESGTGANYGYTF	TRBV7-8	TRBJ1-2
CASSLGTDSGYGYTF	TRBV7-9	TRBJ1-2
CASSLTQNSNQPQHF	TRBV7-9	TRBJ1-5
CASSPDGGSQPQHF	TRBV9	TRBJ1-5
CAIGTGHPRTF	TRBV19	TRBJ1-2
CASSSRGSDTQYF	TRBV19	TRBJ2-3
CASSQEGIGLSTTNSPLHF	TRBV4-1	TRBJ1-6
CASSLLSSAGEAFF	TRBV7-8	TRBJ1-1
CARLGIWYPAGGHEQFF	TRBV6-6	TRBJ2-1
CASSWTGNTEAFF	TRBV19	TRBJ1-1
CASSDPAGNTIYF	TRBV25-1	TRBJ1-3
CASSLTGAQETQYF	TRBV7-3	TRBJ2-5
CASSHRSTGELFF	TRBV19	TRBJ2-2
CASSSLTGTGDGYTF	TRBV7-9	TRBJ1-2
CASSFFSGMISDTQYF	TRBV27	TRBJ2-3
CSVTHGGGNQPQHF	TRBV29-1	TRBJ1-5
CASSMVVIGTEAFF	TRBV19	TRBJ1-1
CASSMRSAWEQFF	TRBV19	TRBJ2-1
CASSYPIAGHSYNEQFF	TRBV6-6	TRBJ2-1
CASSIRSSWEAFF	TRBV19	TRBJ1-1
CSAALRRRGYTF	TRBV29-1	TRBJ1-2
CASSSGPDSGNTIYF	TRBV5-4	TRBJ1-3
CASSEGVTPPNSPLHF	TRBV25-1	TRBJ1-6
CASSIGSTDTQYF	TRBV19	TRBJ2-3
CASSIHSGQNTEAFF	TRBV19	TRBJ1-1
CASSNLPRDEQYF	TRBV19	TRBJ2-7
CASSFSAGELFF	TRBV5-6	TRBJ2-2
CASSIFGNGYTF	TRBV19	TRBJ1-2
CASSLGGLAGIRSEQFF	TRBV11-2	TRBJ2-1
CASPQGGCYEQYF	TRBV10-2	TRBJ2-7
CASRGLDYYNEQFF	TRBV10-2	TRBJ2-1
CASSFSEEQFF	TRBV12-3	TRBJ2-1
CASSSPNIIRDPTGELFF	TRBV13	TRBJ2-2
CASASISNQPQHF	TRBV19	TRBJ1-5
CASSFGTGQSSYNEQFF	TRBV19	TRBJ2-1
CASSIDHSTYYEQYF	TRBV19	TRBJ2-7
CASSIFAGGFTEAFF	TRBV19	TRBJ1-1
CASSIFGGFHNEQFF	TRBV19	TRBJ2-1
CASSIFVGNEQFF	TRBV19	TRBJ2-1
CASSIGTGFTEQFF	TRBV19	TRBJ2-1
CASSIISGPYNEQFF	TRBV19	TRBJ2-1
CASSILASSYNEQFF	TRBV19	TRBJ2-1
CASSIMAGEYNEQFF	TRBV19	TRBJ2-1
CASSISGTGNEQFF	TRBV19	TRBJ2-1
CASSITGPDTQYF	TRBV19	TRBJ2-3
CASSIVAGGLNEQFF	TRBV19	TRBJ2-1
CASSIVGGIAYNEQFF	TRBV19	TRBJ2-1
CASSIWGTYEQYF	TRBV19	TRBJ2-7
CASSIYRGSYNEQFF	TRBV19	TRBJ2-1
CASSKGTGEMIQPQHF	TRBV19	TRBJ1-5
CASSLTATDTQYF	TRBV19	TRBJ2-3
CASSLVGVGEQYF	TRBV19	TRBJ2-7
CASSMFDLPYNEQFF	TRBV19	TRBJ2-1
CASSMTSLNEQFF	TRBV19	TRBJ2-1
CASSNPGTSTEDTQYF	TRBV19	TRBJ2-3
CASSPFGTGYNEQFF	TRBV19	TRBJ2-1
CASSPIGGGGNEQFF	TRBV19	TRBJ2-1
CASSPLAGPANEQFF	TRBV19	TRBJ2-1
CASSPPAVGTEAFF	TRBV19	TRBJ1-1
CASSRGGYNEQFF	TRBV19	TRBJ2-1
CASSVYGGVSYNEQFF	TRBV19	TRBJ2-1
CASSWFQGNEQFF	TRBV19	TRBJ2-1
CASSWNSGSYEQYF	TRBV19	TRBJ2-7
CASSYFGGALSEQYF	TRBV19	TRBJ2-7
CASTPLGGNTGELFF	TRBV19	TRBJ2-2
CASTPVAGVNRNEQFF	TRBV19	TRBJ2-1
CASSRTSGISLTDTQYF	TRBV2	TRBJ2-3
CSADSWAGGGYEQYF	TRBV20-1	TRBJ2-7
CSANSSPLHF	TRBV20-1	TRBJ1-6
CSAPVVTGPTDTQYF	TRBV20-1	TRBJ2-3
CSARGFAGGTDLEQFF	TRBV20-1	TRBJ2-1
CSASQGRYSNQPQHF	TRBV20-1	TRBJ1-5
CSATDRGLSGPEAFF	TRBV20-1	TRBJ1-1
CASSFFQGVGEQYF	TRBV27	TRBJ2-7
CASSFGGGQGTQYF	TRBV27	TRBJ2-5
CASSLFGGTDTQYF	TRBV27	TRBJ2-3
CASSLGGNTGELFF	TRBV27	TRBJ2-2
CAAPLGSNQPQHF	TRBV28	TRBJ1-5
CASSFGAGAGSYNEQFF	TRBV28	TRBJ2-1
CASSLLVISHQPQHF	TRBV28	TRBJ1-5
CASSYIHEQYF	TRBV28	TRBJ2-7
CSVEDRSYFAGYTF	TRBV29-1	TRBJ1-2
CSVLKGTEAFF	TRBV29-1	TRBJ1-1
CSVPPLGGIGETQYF	TRBV29-1	TRBJ2-5
CASSQEEVTGDKPYEQYF	TRBV3-1	TRBJ2-7
CASSHGTGMTIYF	TRBV4-1	TRBJ1-3
CASSQEDAAYGVNEQFF	TRBV4-2	TRBJ2-1
CASSQEGGLAWETQYF	TRBV4-2	TRBJ2-5
CASSQEYLAAYEQYF	TRBV4-2	TRBJ2-7
CASSQVRGGPTEAFF	TRBV4-3	TRBJ1-1
CASSQVWAGGLGDTQYF	TRBV4-3	TRBJ2-3
CASSQYAGQQEFF	TRBV4-3	TRBJ2-1
CASSLYDSYNEQFF	TRBV5-4	TRBJ2-1
CASSFLGGEGSTLNTGELFF	TRBV6-2	TRBJ2-2
CASSHREGRRLANEQYF	TRBV6-2	TRBJ2-7
CASSYSSGLVSSEQYF	TRBV6-2	TRBJ2-7
CASSLYASGDSYNEQFF	TRBV7-8	TRBJ2-1
CASSGDSSNEQFF	TRBV9	TRBJ2-1
CASSVGQALGETQYF	TRBV9	TRBJ2-5
CASSTHHLGIQYF	TRBV19	TRBJ2-4
CATSYRSSDTQYF	TRBV15	TRBJ2-3
CASSLTGSTPTDTQYF	TRBV7-3	TRBJ2-3
CASSFLGGQYNEQFF	TRBV27	TRBJ2-1
CASSIFSINEQFF	TRBV19	TRBJ2-1
CASSPDRESNQPQHF	TRBV18	TRBJ1-5
CASSPHGGGINEQFF	TRBV19	TRBJ2-1
CASSLRTGPGYEQYF	TRBV3-1	TRBJ2-7
CASSYPREGHSNQPQHF	TRBV6-2	TRBJ1-5
CASSYSTPLGIYEQYF	TRBV6-5	TRBJ2-7
CASSFAGTANAKNIQYF	TRBV28	TRBJ2-4
CASSLIDRENTEAFF	TRBV7-3	TRBJ1-1
CASSKVGTVDQPQHF	TRBV7-9	TRBJ1-5
CASSLYDTNTEAFF	TRBV7-9	TRBJ1-1
CASSSLGSDTQYF	TRBV7-3	TRBJ2-3
CASSFGQGSEKLFF	TRBV27	TRBJ1-4
CASSIRSSHEQFF	TRBV19	TRBJ2-1
CASSLFGTHQETQYF	TRBV27	TRBJ2-5
CASSLRSTVEQFF	TRBV19	TRBJ2-1
CASSNGQYSNQPQHF	TRBV19	TRBJ1-5
CASSQETDRGYNSPLHF	TRBV4-1	TRBJ1-6
CASNGGYSTDTQYF	TRBV6-2	TRBJ2-3
CASRGLGGSSYNEQFF	TRBV10-1	TRBJ2-1
CAGRITNTEAFF	TRBV24-1	TRBJ1-1
CASSIVAPSYEQYF	TRBV19	TRBJ2-7
CASSSGGSNTGELFF	TRBV9	TRBJ2-2
CSVGASYYEQYF	TRBV29-1	TRBJ2-7
CASSITPTGELFF	TRBV19	TRBJ2-2
CASLTPGRQTEAFF	TRBV7-9	TRBJ1-1
CASSLGGGSGGYTGELFF	TRBV11-2	TRBJ2-2
CASSSTGGPKNEQFF	TRBV19	TRBJ2-1
CASSIRGSDEQYF	TRBV19	TRBJ2-7
CASSYSMMQDVSNQPQHF	TRBV6-2	TRBJ1-5
CASSSRSSGELFF	TRBV19	TRBJ2-2
CASSMTSTDTQYF	TRBV19	TRBJ2-3
CASSLGSGLVYEQYF	TRBV11-2	TRBJ2-7
CASSIRAAEPQHF	TRBV19	TRBJ1-5
CASSIRSGGTEAFF	TRBV19	TRBJ1-1
CASSLRSQETQYF	TRBV19	TRBJ2-5
CASSPFGSSLAFF	TRBV19	TRBJ1-1
CASSELDSYTEAFF	TRBV6-1	TRBJ1-1
CASSYSMDGHSNQPQHF	TRBV6-2	TRBJ1-5
CASSPVGVGEQYF	TRBV18	TRBJ2-7
CASSLTGVDGYTF	TRBV18	TRBJ1-2
CASSIRSGDKQFF	TRBV19	TRBJ2-1
CASSYGQGADEQFF	TRBV27	TRBJ2-1
CASSIFQGQPQHF	TRBV19	TRBJ1-5
CASSWTSGGGNEQFF	TRBV19	TRBJ2-1
CASSLTSGTVKNIQYF	TRBV7-9	TRBJ2-4
CASSFGQGADTQYF	TRBV27	TRBJ2-3
CASSYRSAYEQYF	TRBV19	TRBJ2-7
CASSHPGQGITNEKLFF	TRBV3-1	TRBJ1-4
CASSTHGGNEQFF	TRBV19	TRBJ2-1
CASSIRAAAEAFF	TRBV19	TRBJ1-1
CASSPVGVGELFF	TRBV18	TRBJ2-2
CASSMRSGQPQHF	TRBV19	TRBJ1-5
CASSLLGTGPEAFF	TRBV27	TRBJ1-1
CASGLRSSYEQYF	TRBV12-5	TRBJ2-7
CASSDWGTEAFF	TRBV10-2	TRBJ1-1
CAIAGQGNTGELFF	TRBV10-3	TRBJ2-2
CSATSLAGDNEQFF	TRBV20-1	TRBJ2-1
CASSLRLLQETQYF	TRBV7-9	TRBJ2-5
CASSIVGAAKNIQYF	TRBV19	TRBJ2-4
CASSKAHRVSRRPQHF	TRBV7-9	TRBJ1-5
CASSPRAGQPQHF	TRBV19	TRBJ1-5
CASSSTGVDEQFF	TRBV18	TRBJ2-1
CASSIRASQPQHF	TRBV19	TRBJ1-5
CASSTRSDSEAFF	TRBV19	TRBJ1-1
CAWSVIGGVSEQFF	TRBV30	TRBJ2-1
CASSYNTEAFF	TRBV6-6	TRBJ1-1
CASRVTGTQYF	TRBV19	TRBJ2-3
CASRTGGYEQYF	TRBV10-1	TRBJ2-7
CASSPFGGSIAKNIQYF	TRBV11-2	TRBJ2-4
CASSLRGGFSVGYTF	TRBV12-3	TRBJ1-2
CASSRTVQETQYF	TRBV12-3	TRBJ2-5
CASIRGGGSTDTQYF	TRBV13	TRBJ2-3
CASSFMGADYGYTF	TRBV14	TRBJ1-2
CASSQVSGPDTQYF	TRBV14	TRBJ2-3
CATSRDRSSGNTIYF	TRBV15	TRBJ1-3
CATSRSRAGAYEQYF	TRBV15	TRBJ2-7
CATSSSGGGYNEQFF	TRBV15	TRBJ2-1
CASSQGPGNTEAFF	TRBV18	TRBJ1-1
CASSIGGELFF	TRBV2	TRBJ2-2
CSAGLPSREMAGELFF	TRBV20-1	TRBJ2-2
CSAGTYNSPLHF	TRBV20-1	TRBJ1-6
CSALPFYGYTF	TRBV20-1	TRBJ1-2
CSARAQGSLAKNIQYF	TRBV20-1	TRBJ2-4
CSARDPGTGESDTQYF	TRBV20-1	TRBJ2-3
CSARDPVSGQGALLLYDQYF	TRBV20-1	TRBJ2-7
CSARESGAGDTGELFF	TRBV20-1	TRBJ2-2
CSARGFTSGDSETQYF	TRBV20-1	TRBJ2-5
CSARPTGAPLSYEQYF	TRBV20-1	TRBJ2-7
CATSDLRTGDLNEQFF	TRBV24-1	TRBJ2-1
CATSGGWTYSNEQFF	TRBV24-1	TRBJ2-1
CASSESTDTEAFF	TRBV25-1	TRBJ1-1
CASSLGSRNEQFF	TRBV27	TRBJ2-1
CASRELGLAKNIQYF	TRBV28	TRBJ2-4
CASSPLRETGISGANVLTF	TRBV28	TRBJ2-6
CTSSQVGGPDTQYF	TRBV7-2	TRBJ2-3
CASNQDPGGQETQYF	TRBV4-1	TRBJ2-5
CASSQDLGSGNEQFF	TRBV4-1	TRBJ2-1
CASSQGIRLAGDQETQYF	TRBV4-1	TRBJ2-5
CASSQNPGGQETQYF	TRBV4-1	TRBJ2-5
CASSQDPGGQETQYF	TRBV4-1	TRBJ2-5
CASSGQGDTGELFF	TRBV4-2	TRBJ2-2
CASSQFQYFYGYTF	TRBV4-2	TRBJ1-2
CASSQSREGSPLHF	TRBV4-3	TRBJ1-6
CASSLVGLSYEQYF	TRBV5-1	TRBJ2-7
CASSPSDFGTDTQYF	TRBV5-4	TRBJ2-3
CASSAIAGGNYEQYF	TRBV5-5	TRBJ2-7
CASSLGQVAFYEQYF	TRBV5-5	TRBJ2-7
CASSLWDRAKANYGYTF	TRBV5-5	TRBJ1-2
CASTSRLRTGTEETQYF	TRBV6-1	TRBJ2-5
CASGLGGESYEQYF	TRBV12-5	TRBJ2-7
CASSYSSGQWGWNTEAFF	TRBV6-5	TRBJ1-1
CASSFRLAGVSDTQYF	TRBV7-2	TRBJ2-3
CASSSPLIRQGANYGYTF	TRBV7-2	TRBJ1-2
CASSLGADNEQFF	TRBV7-3	TRBJ2-1
CASSLAFRQRETDTQYF	TRBV7-6	TRBJ2-3
CTSSFGGTQYF	TRBV7-2	TRBJ2-5
CASNLLGDDNEQFF	TRBV7-8	TRBJ2-1
CASSLHRGKLFF	TRBV7-8	TRBJ1-4
CASSSPQGRLRGGYNEQFF	TRBV7-8	TRBJ2-1
CASSLGGTAQGAVEAFF	TRBV7-9	TRBJ1-1
CASSPKDTPYEQYF	TRBV7-9	TRBJ2-7
CASSPRSGVEQYF	TRBV19	TRBJ2-7
CASSPLDRTIGTDTQYF	TRBV4-2	TRBJ2-3
CASSERRQGLGNQPQHF	TRBV10-1	TRBJ1-5
CTSSQEGAGAPYNEQFF	TRBV7-2	TRBJ2-1
CASSHGSYGYTF	TRBV19	TRBJ1-2
CASSLVEEEPTRGWPQHF	TRBV5-6	TRBJ1-5
CASSYARTPLHF	TRBV5-6	TRBJ1-6
CASSLAGGAYGYTF	TRBV7-8	TRBJ1-2
CASSHTGSVNTEAFF	TRBV19	TRBJ1-1
CASSVRAADTQYF	TRBV19	TRBJ2-3
CASSYGQGLPLHF	TRBV27	TRBJ1-6
CASSTRRTDTQYF	TRBV19	TRBJ2-3
CASSQVQGTYEQYF	TRBV4-1	TRBJ2-7
CASYPWTGEKETQYF	TRBV5-1	TRBJ2-5
CASSPAEGQRGEKLFF	TRBV4-1	TRBJ1-4
CASSILAVDEQFF	TRBV19	TRBJ2-1
CASSARFGTKQFF	TRBV19	TRBJ2-1
CASSTHTGANYGYTF	TRBV19	TRBJ1-2
CASSIIAGMDEQFF	TRBV19	TRBJ2-1
CASSIRAGGRNEQFF	TRBV19	TRBJ2-1
CASSMRSSGELFF	TRBV19	TRBJ2-2
CASSSRSGDTQYF	TRBV19	TRBJ2-3
CASSMTSGSLNEQFF	TRBV19	TRBJ2-1
CSASPASGEETQYF	TRBV20-1	TRBJ2-5
CASSLYGPLSTDTQYF	TRBV27	TRBJ2-3
CASSLVGLYSNQPQHF	TRBV28	TRBJ1-5
CSVGGTSGISSYEQYF	TRBV29-1	TRBJ2-7
CASSIGLIGYTF	TRBV19	TRBJ1-2
CASSIRGSQPQHF	TRBV19	TRBJ1-5
CASSTHSTYEQYF	TRBV19	TRBJ2-7
CSPALGIYGYTF	TRBV29-1	TRBJ1-2
CASSQDLLGVYNEQFF	TRBV4-2	TRBJ2-1
CASSLQGNQPQHF	TRBV5-1	TRBJ1-5
CASSLGQVSYNEQFF	TRBV6-5	TRBJ2-1
CASSPLGDADTQYF	TRBV7-3	TRBJ2-3
CASTLGCWGSVETQYF	TRBV7-3	TRBJ2-5
CASSGRSAGEQYF	TRBV5-6	TRBJ2-7
CASNPGRLRSPLHF	TRBV5-8	TRBJ1-6
CASSIRSSSEQFF	TRBV19	TRBJ2-1
CATSDLLSTAGVVNTEAFF	TRBV24-1	TRBJ1-1
CASSQGGTELTYSPLHF	TRBV7-9	TRBJ1-6
CASWGGVVNTEAFF	TRBV7-9	TRBJ1-1
CASSIYGNTEAFF	TRBV19	TRBJ1-1
CASSFGDEQFF	TRBV12-3	TRBJ2-1
CASSIFSAALRPATF	TRBV19	TRBJ1-2
CASSPTGVGPQHF	TRBV18	TRBJ1-5
CASSTGTPQFF	TRBV19	TRBJ2-1
CSVDPTSGGETQYF	TRBV29-1	TRBJ2-5
CASSTRGSTGELFF	TRBV6-6	TRBJ2-2
CASSIRSVYEQFF	TRBV19	TRBJ2-1
CASSSTGTGAWDTQYF	TRBV7-6	TRBJ2-3
CASSEIGAPGNTIYF	TRBV25-1	TRBJ1-3
CASSLGMGLMAFF	TRBV27	TRBJ1-1
CASSMLATDTQYF	TRBV19	TRBJ2-3
CASSNRAAYEQYF	TRBV19	TRBJ2-7
CASSFRRPGLAKNIQYF	TRBV5-1	TRBJ2-4
CASSYSGGDEQFF	TRBV6-6	TRBJ2-1
CASTIGLARGAGTGELFF	TRBV13	TRBJ2-2
CASSIRASDTQYF	TRBV19	TRBJ2-3
CASSQGAHGYTF	TRBV19	TRBJ1-2
CASSLLQGALSSTDTQYF	TRBV28	TRBJ2-3
CASSQLFGEDTQYF	TRBV6-5	TRBJ2-3
CASSLTSGGPGDTQYF	TRBV3-1	TRBJ2-3
CASSIRATNEQFF	TRBV19	TRBJ2-1
CASMGGLYEQYF	TRBV12-3	TRBJ2-7
CASSQEDAGAPYNEQFF	TRBV14	TRBJ2-1
CASSQEGAEAPYNEQFF	TRBV14	TRBJ2-1
CATILYEIPGSGGGPMGGAVFVQSCNIVGTGDNQPQHF	TRBV15	TRBJ1-5
CASSALAGRYNEQFF	TRBV19	TRBJ2-1
CASSGTAVEKLFF	TRBV19	TRBJ1-4
CASSILGSSNQPQHF	TRBV19	TRBJ1-5
CASSILTGQEQFF	TRBV19	TRBJ2-1
CASSPLPGGETQYF	TRBV19	TRBJ2-5
CASSSGFYEQYF	TRBV19	TRBJ2-7
CASSQPLTGGRNTGELFF	TRBV4-3	TRBJ2-2
CASSSRAGGDTQYF	TRBV7-8	TRBJ2-3
CAISPGQGIGYGYTF	TRBV10-3	TRBJ1-2
CANSIRSTETQYF	TRBV19	TRBJ2-5
CSARDTSGRAMDEQFF	TRBV20-1	TRBJ2-1
CSATTRSSQYF	TRBV20-1	TRBJ2-3
CASTGGYGYTF	TRBV27	TRBJ1-2
CASSFTTGYEQYF	TRBV5-1	TRBJ2-7
CSARDTISRTSVTDTQYF	TRBV20-1	TRBJ2-3
CASSHRTGDEKLFF	TRBV4-3	TRBJ1-4
CASSFLQGLNTEAFF	TRBV5-1	TRBJ1-1
CATRSGGPHEQYF	TRBV24-1	TRBJ2-7
CASGYSPLHF	TRBV19	TRBJ1-6
CSASSGGASDTQYF	TRBV20-1	TRBJ2-3
CASSLGKTSETEETQYF	TRBV28	TRBJ2-5
CASSPQGINYGYTF	TRBV7-6	TRBJ1-2
CASSPPLGVDGYTF	TRBV18	TRBJ1-2
CASSVLGGGEQFF	TRBV19	TRBJ2-1
CASSLPIRDRGYATNEKLFF	TRBV7-7	TRBJ1-4
CASSIYGSYEQYF	TRBV19	TRBJ2-7
CASSPFETAYEQYF	TRBV19	TRBJ2-7
CASSFGLGADTQYF	TRBV27	TRBJ2-3
CASSIRSVGEQYF	TRBV19	TRBJ2-7
CASSLSPEGFSEQYF	TRBV5-4	TRBJ2-7
CASSLLAGAGELFF	TRBV28	TRBJ2-2
CASSIGYHGYTF	TRBV19	TRBJ1-2
CASSLFRGPETQYF	TRBV28	TRBJ2-5
CASSQEGVLSGYGYTF	TRBV14	TRBJ1-2
CASGSSGANVLTF	TRBV19	TRBJ2-6
CASNMLSTDTQYF	TRBV19	TRBJ2-3
CASSIHSGQPNTQYF	TRBV19	TRBJ2-3
CASSQRSVGELFF	TRBV19	TRBJ2-2
CASSPWTAGRTGELFF	TRBV4-1	TRBJ2-2
CASSLQGKETQYF	TRBV7-4	TRBJ2-5
CASWSRRRRQYF	TRBV7-9	TRBJ2-7
CASSIRAGWEQYF	TRBV19	TRBJ2-7
CASSIRASWEQYF	TRBV19	TRBJ2-7
CASSIRATDTQYF	TRBV19	TRBJ2-3
CASSIVSRHEQFF	TRBV19	TRBJ2-1
CASSSRSSYNEQFF	TRBV19	TRBJ2-1
CASSTFGTGGNEQFF	TRBV19	TRBJ2-1
CASSPITQTGPLDTEAFF	TRBV3-1	TRBJ1-1
CASSEFAGDNNEQFF	TRBV6-1	TRBJ2-1
CASSLSGGEYGYTF	TRBV7-3	TRBJ1-2
CASSIRSGWELFF	TRBV19	TRBJ2-2
CASSIFGGAGSYNEQFF	TRBV19	TRBJ2-1
CASSIRAPETQYF	TRBV19	TRBJ2-5
CASSIRGGIEQFF	TRBV19	TRBJ2-1
CASSIRSVAEQYF	TRBV19	TRBJ2-7
CASSLDSTYGYTF	TRBV19	TRBJ1-2
CASSLYITEPQHF	TRBV19	TRBJ1-5
CASSMLALDTQYF	TRBV19	TRBJ2-3
CASSMRSGDTQYF	TRBV19	TRBJ2-3
CSVEGRGTTEAFF	TRBV29-1	TRBJ1-1
CASSQDLEGEGYNEQFF	TRBV3-1	TRBJ2-1
CASSQPDSNQPQHF	TRBV4-1	TRBJ1-5
CASSLAPDRGETQYF	TRBV5-1	TRBJ2-5
CASSFPTSGGAEDTQYF	TRBV7-2	TRBJ2-3
CASSFGSGANVLTF	TRBV5-6	TRBJ2-6
CAIRSQGAVSHEQFF	TRBV10-3	TRBJ2-1
CAGSIRSTETQYF	TRBV19	TRBJ2-5
CASSIYALGELFF	TRBV19	TRBJ2-2
CASNQRGGRNEQFF	TRBV27	TRBJ2-1
CASRTGARGYTF	TRBV27	TRBJ1-2
CASSFLGKNEKLFF	TRBV27	TRBJ1-4
CASSFYPITRGGKTGELFF	TRBV7-3	TRBJ2-2
CASSARAGSGELFF	TRBV19	TRBJ2-2
CASSLTAGGGETQYF	TRBV12-3	TRBJ2-5
CASSWGSWGYTF	TRBV19	TRBJ1-2
CASSEQGANEKLFF	TRBV2	TRBJ1-4
CASSIRSTAEQYF	TRBV19	TRBJ2-7
CASSMRATGELFF	TRBV19	TRBJ2-2
CASSYGSYGYTF	TRBV19	TRBJ1-2
CASSLRTRSSGANVLTF	TRBV7-2	TRBJ2-6
CASRTEKTVLLAFF	TRBV7-9	TRBJ1-1
CASSDLGEQFF	TRBV7-9	TRBJ2-1
CASSEGTNEQFF	TRBV7-9	TRBJ2-1
CASSMRHLEEQYF	TRBV19	TRBJ2-7
CASSTTGIDGYTF	TRBV18	TRBJ1-2
CASSGRSAVEAFF	TRBV19	TRBJ1-1
CASSIISLDTQYF	TRBV19	TRBJ2-3
CASSIRSTSPLHF	TRBV19	TRBJ1-6
CASSISPTGELFF	TRBV19	TRBJ2-2
CASSLGSFGYTF	TRBV19	TRBJ1-2
CASSPRAAGELFF	TRBV19	TRBJ2-2
CASSPRSGIEQFF	TRBV19	TRBJ2-1
CASSRRASYEQYF	TRBV19	TRBJ2-7
CASRGDREGTEAFF	TRBV25-1	TRBJ1-1
CASSSRSGNIQYF	TRBV19	TRBJ2-4
CATSAPLRQGLFNYGYTF	TRBV24-1	TRBJ1-2
CASSIQGITEAFF	TRBV25-1	TRBJ1-1
CASSPRAGNEKLFF	TRBV19	TRBJ1-4
CASSILSLDTQYF	TRBV19	TRBJ2-3
CASGLAGEQYF	TRBV12-5	TRBJ2-7
CASSIRGAGEQFF	TRBV19	TRBJ2-1
CASSIVGVSEQYF	TRBV19	TRBJ2-7
CASSQRAAHIQYF	TRBV19	TRBJ2-4
CASSQRGGGIAFF	TRBV19	TRBJ2-1
CASSRRSADTQYF	TRBV19	TRBJ2-3
CASSLQVTGTNYGYTF	TRBV28	TRBJ1-2
CASSLEGLADTDTQYF	TRBV5-4	TRBJ2-3
CASNDLDYSYNEQFF	TRBV7-2	TRBJ2-1
CASSLGQMGNQPQHF	TRBV7-9	TRBJ1-5
CASSGGHQNNEKLFF	TRBV9	TRBJ1-4
CASSVGRTSQETQYF	TRBV9	TRBJ2-5
CASSPLSGNEQFF	TRBV19	TRBJ2-1
CASSAVGVPHVEKLFF	TRBV12-3	TRBJ1-4
CATNNFAGGNEQFF	TRBV19	TRBJ2-1
CASSLRTSGGHVQETQYF	TRBV5-6	TRBJ2-5
CASSVAPDTQYF	TRBV9	TRBJ2-3
CASGTYSNQPQHF	TRBV19	TRBJ1-5
CASSGHGADTQYF	TRBV19	TRBJ2-3
CASSIRSHYEQYF	TRBV19	TRBJ2-7
CASTWGLSSYNEQFF	TRBV19	TRBJ2-1
CASSYPAAGHSNQPQHF	TRBV6-6	TRBJ1-5
CASSIRSGYGYTF	TRBV19	TRBJ1-2
CASIAGLVGDTQYF	TRBV7-8	TRBJ2-3
CASSFRASYEQYF	TRBV19	TRBJ2-7
CASSVFGGQPQHF	TRBV19	TRBJ1-5
CASSEAWNTEAFF	TRBV10-1	TRBJ1-1
CASSIRAGDEQFF	TRBV19	TRBJ2-1
CASSPTATHGYTF	TRBV19	TRBJ1-2
CSARDTTNSYYTDTQYF	TRBV20-1	TRBJ2-3
CATSDLRGDYNEQFF	TRBV24-1	TRBJ2-1
CSVEGAGGYDEQFF	TRBV29-1	TRBJ2-1
CASSLVQASENEQYF	TRBV5-1	TRBJ2-7
CASSEALAGGGTDTQYF	TRBV6-1	TRBJ2-3
CASSYSNRGWDTEAFF	TRBV6-5	TRBJ1-1
CASSPRTSGGATDTQYF	TRBV7-9	TRBJ2-3
CASSIISVGEQFF	TRBV19	TRBJ2-1
CASSYTLNTEAFF	TRBV19	TRBJ1-1
CSVRQSSIYGYTF	TRBV29-1	TRBJ1-2
CASSLRDRGARPNTEAFF	TRBV11-2	TRBJ1-1
CASSVEGTVTDTQYF	TRBV9	TRBJ2-3
CASSGPVAEQFF	TRBV19	TRBJ2-1
CSARDDRGATNEKLFF	TRBV20-1	TRBJ1-4
CASSFGVGLAGVGLDTQYF	TRBV28	TRBJ2-3
CASSIRWAYEQYF	TRBV19	TRBJ2-7
CASSLRSTGTQYF	TRBV19	TRBJ2-3
CASSRRSSDEQYF	TRBV19	TRBJ2-7
CASNERWEGTYGYTF	TRBV2	TRBJ1-2
CSTRDRGLLNTEAFF	TRBV20-1	TRBJ1-1
CASSFSQGEQETQYF	TRBV28	TRBJ2-5
CSVDREISGNTIYF	TRBV29-1	TRBJ1-3
CASSQGQNTGELFF	TRBV4-1	TRBJ2-2
CASSQDGQGETGELFF	TRBV4-2	TRBJ2-2
CASSTPLTARNGYTF	TRBV7-9	TRBJ1-2
CASTGAGELFF	TRBV12-3	TRBJ2-2
CASSSSLAGGREQYF	TRBV13	TRBJ2-7
CASSPWDRGLAEAFF	TRBV18	TRBJ1-1
CASTEWTALSYNEQFF	TRBV2	TRBJ2-1
CASSTTWTRWDHNEQFF	TRBV27	TRBJ2-1
CASSLALAGGFMGNTEAFF	TRBV5-1	TRBJ1-1
CASSLVPTGQETQYF	TRBV11-2	TRBJ2-5
CASSQVGTGYNEQFF	TRBV14	TRBJ2-1
CASRIRAAETQYF	TRBV19	TRBJ2-5
CASSILSGPRTEAFF	TRBV19	TRBJ1-1
CASSMWGQWGNQPQHF	TRBV19	TRBJ1-5
CASSTRSDEKLFF	TRBV19	TRBJ1-4
CSATRDRGNYGYTF	TRBV20-1	TRBJ1-2
CASSQETGLGNQPQHF	TRBV4-2	TRBJ1-5
CASSSGQGNQPQHF	TRBV7-2	TRBJ1-5
CASSLVDSGLMDEQYF	TRBV7-7	TRBJ2-7
CASSMTSRGEQFF	TRBV19	TRBJ2-1
CASSIRATWEQYF	TRBV19	TRBJ2-7
CASRTVNPPLHF	TRBV19	TRBJ1-6
CASSILGSSRNEQFF	TRBV19	TRBJ2-1
CATEASSYEQYF	TRBV15	TRBJ2-7
CATSGRSLEEQYF	TRBV24-1	TRBJ2-7
CSASQADMWGTQYF	TRBV20-1	TRBJ2-3
CASGFFVDTAKNIQYF	TRBV27	TRBJ2-4
CASSDSPRVDEQYF	TRBV6-4	TRBJ2-7
CASKGRWGRGRAARDTEAFF	TRBV7-9	TRBJ1-1
CASSLFQETQYF	TRBV11-2	TRBJ2-5
CASRTGSMNTEAFF	TRBV10-2	TRBJ1-1
CASSPTGGSYNEQFF	TRBV19	TRBJ2-1
CASTPEYGYTF	TRBV2	TRBJ1-2
CASSTLLAVSSYNEQFF	TRBV27	TRBJ2-1
CASSEPHGLNQPQHF	TRBV6-1	TRBJ1-5
CASRPSPGVFNEQFF	TRBV6-5	TRBJ2-1
CARALFGNTIYF	TRBV27	TRBJ1-3
CASGFYSNQPQHF	TRBV19	TRBJ1-5
CASSFGAGGNEQFF	TRBV27	TRBJ2-1
CASSMRAAGELFF	TRBV19	TRBJ2-2
CASGTSYTDTQYF	TRBV19	TRBJ2-3
CASSARGAYEQYF	TRBV19	TRBJ2-7
CASSIRSSGEQFF	TRBV19	TRBJ2-1
CASSIRSSVMQYF	TRBV19	TRBJ2-3
CASSKRASYEQYF	TRBV19	TRBJ2-7
CASSLRSGTEAFF	TRBV19	TRBJ1-1
CASSMRGADTQYF	TRBV19	TRBJ2-3
CASSSRSQHEQYF	TRBV19	TRBJ2-7
CASSSRSSTEAFF	TRBV19	TRBJ1-1
CSAHGGQGRAYEQYF	TRBV20-1	TRBJ2-7
CATAIGHHPYEQYF	TRBV24-1	TRBJ2-7
CASPPRDEQYF	TRBV27	TRBJ2-7
CASRDTGQRQPQHF	TRBV27	TRBJ1-5
CASTIGETGAQHYNEQFF	TRBV28	TRBJ2-1
CSVAFRDVSSYEQYF	TRBV29-1	TRBJ2-7
CSVDQGAGGYDGYTF	TRBV29-1	TRBJ1-2
CASSQGVGGPATNEKLFF	TRBV4-3	TRBJ1-4
CASSLRVSEQFF	TRBV5-1	TRBJ2-1
CASSYNLAGTSLDEQFF	TRBV6-2	TRBJ2-1
CASSHTRTLGAKNIQYF	TRBV6-5	TRBJ2-4
CASSYCPELAKNIQYF	TRBV6-9	TRBJ2-4
CASSLGTGMVTDTQYF	TRBV7-8	TRBJ2-3
CASSEPLGGTSYNEQFF	TRBV9	TRBJ2-1
CASSIGTGELFF	TRBV19	TRBJ2-2
CASSFYPGGNYGYTF	TRBV7-2	TRBJ1-2
CASSQEGWYNEQFF	TRBV14	TRBJ2-1
CATSRDQGRGQPQHF	TRBV15	TRBJ1-5
CASSETGSNTEAFF	TRBV18	TRBJ1-1
CASSARASDTQYF	TRBV19	TRBJ2-3
CASSIFGGAETQYF	TRBV19	TRBJ2-5
CASSIISQETQYF	TRBV19	TRBJ2-5
CASSIRSAGPLFF	TRBV19	TRBJ2-2
CASSITPNTEAFF	TRBV19	TRBJ1-1
CASSIVHVSYNEQFF	TRBV19	TRBJ2-1
CASSSRSGSEQFF	TRBV19	TRBJ2-1
CATSEGDALFQPQHF	TRBV24-1	TRBJ1-5
CASSQETGATNEKLFF	TRBV4-1	TRBJ1-4
CASSETSGGTDTQYF	TRBV6-4	TRBJ2-3
CASSLVTYPTDTQYF	TRBV7-6	TRBJ2-3
CASTPEPGLGPTNEKLFF	TRBV19	TRBJ1-4
CASSLGTSLYF	TRBV27	TRBJ2-3
CASSLLQAQRETTDTQYF	TRBV11-2	TRBJ2-3
CASSPGLAGGFSGTDTQYF	TRBV11-2	TRBJ2-3
CASSIYSGVWNEQFF	TRBV19	TRBJ2-1
CASTLPGGRGPEGYTF	TRBV2	TRBJ1-2
CSARLAESSYEQYF	TRBV20-1	TRBJ2-7
CASSSWERADTQYF	TRBV27	TRBJ2-3
CASSPVGGEQFF	TRBV5-1	TRBJ2-1
CASSLGDFTYEQYF	TRBV7-9	TRBJ2-7
CASSGTGGPGELFF	TRBV19	TRBJ2-2
CSSRPPGGDEQFF	TRBV29-1	TRBJ2-1
CASSIYSGSYNEQFF	TRBV19	TRBJ2-1
CASRDSNTYEQYF	TRBV10-2	TRBJ2-7
CASLRESPGADGYTF	TRBV14	TRBJ1-2
CSVEIAGVYNEQFF	TRBV29-1	TRBJ2-1
CASSQERGGRYTEAFF	TRBV3-1	TRBJ1-1
CASSPSPGVGLYEQYF	TRBV7-6	TRBJ2-7
CASSLEVGGQETQYF	TRBV5-6	TRBJ2-5
CASSGETDTQYF	TRBV6-2	TRBJ2-3
CASSLEVTTNEKLFF	TRBV7-6	TRBJ1-4
CASSLPDSNEQFF	TRBV7-6	TRBJ2-1
CASRDRLAGGVETQYF	TRBV10-1	TRBJ2-5
CASSIAPTDGEAFF	TRBV19	TRBJ1-1
CASSILATDTQYF	TRBV19	TRBJ2-3
CASSITSVNGYTF	TRBV19	TRBJ1-2
CASSPSRDLAWGFEKLFF	TRBV11-2	TRBJ1-4
CASSLGGFNGYTF	TRBV12-3	TRBJ1-2
CASSTDLGEKLFF	TRBV12-3	TRBJ1-4
CASAGFSVNEQFF	TRBV19	TRBJ2-1
CASSIAVRNEQFF	TRBV19	TRBJ2-1
CASSIGEYGYTF	TRBV19	TRBJ1-2
CASSIRSGPEAFF	TRBV19	TRBJ1-1
CASSIVVQGNEQFF	TRBV19	TRBJ2-1
CASSIYGGGNTIYF	TRBV19	TRBJ1-3
CASSVGWYGYTF	TRBV19	TRBJ1-2
CATSVGTEETHYGYTF	TRBV24-1	TRBJ1-2
CASSPSTTTGNIQYF	TRBV27	TRBJ2-4
CSVRTGVAEGYTF	TRBV29-1	TRBJ1-2
CASSLSDGTDTQYF	TRBV3-1	TRBJ2-3
CASSPRDRRDEQFF	TRBV3-1	TRBJ2-1
CASSQVSSSAEQFF	TRBV4-1	TRBJ2-1
CASSQDLAGGPDTQYF	TRBV4-3	TRBJ2-3
CASSWTSGAYNEQFF	TRBV6-2	TRBJ2-1
CASSYYGSYNSPLHF	TRBV6-5	TRBJ1-6
CASSSTGGDGYTF	TRBV7-2	TRBJ1-2
CASSVGTVKNQPQHF	TRBV7-8	TRBJ1-5
CASSLERTSGTSTDTQYF	TRBV7-9	TRBJ2-3
CASRWGAEAFF	TRBV19	TRBJ1-1
CASSARLAGGGNEQFF	TRBV7-9	TRBJ2-1
CASSLSGLGEQFF	TRBV18	TRBJ2-1
CASSTRSGQPQHF	TRBV19	TRBJ1-5
CASSSRSSDTQYF	TRBV19	TRBJ2-3
CASSIVSGNEQFF	TRBV19	TRBJ2-1
CAASTGNYGYTF	TRBV19	TRBJ1-2
CASSIVGIGNQPQHF	TRBV19	TRBJ1-5
CASSPRSGTEQYF	TRBV19	TRBJ2-7
CASSTYRVANEKLFF	TRBV19	TRBJ1-4
CASSVVSTDTQYF	TRBV19	TRBJ2-3
CATSLGTSGRASEQYF	TRBV15	TRBJ2-7
CATSSTQSPDGRSGNTIYF	TRBV15	TRBJ1-3
CSARDREQGGEITEAFF	TRBV20-1	TRBJ1-1
CSASQGYGNTIYF	TRBV20-1	TRBJ1-3
CSGGRGETCNQPQHF	TRBV20-1	TRBJ1-5
CASSKGGLNEQFF	TRBV25-1	TRBJ2-1
CASSLGGSAYNEQFF	TRBV27	TRBJ2-1
CASSLYSGGRNTGELFF	TRBV27	TRBJ2-2
CASSSDTGYEQYF	TRBV27	TRBJ2-7
CATSSGGTEAFF	TRBV15	TRBJ1-1
CASSEYAGRSYNEQFF	TRBV28	TRBJ2-1
CASSLEEGGGAYEQYF	TRBV28	TRBJ2-7
CSAERQGGYTF	TRBV29-1	TRBJ1-2
CSGGQARYEQFF	TRBV29-1	TRBJ2-1
CSVAGNTEAFF	TRBV29-1	TRBJ1-1
CASSQLAGGQGEQYF	TRBV4-1	TRBJ2-7
CASSSHEGSGGYTF	TRBV11-1	TRBJ1-2
CASTPGKREAPPYNEQFF	TRBV5-1	TRBJ2-1
CASSGNWEVGEAFF	TRBV6-1	TRBJ1-1
CASSLVTSGSYNEQFF	TRBV7-2	TRBJ2-1
CASSEGTVSNEKLFF	TRBV9	TRBJ1-4
CASSVGLGRGYEQYF	TRBV9	TRBJ2-7
CASSMVGGPGNEQFF	TRBV19	TRBJ2-1
CASSLSLAGGLSEDYEQYF	TRBV13	TRBJ2-7
CASSFRSGVEQYF	TRBV19	TRBJ2-7
CASSIGGPDTQYF	TRBV19	TRBJ2-3
CASSIRADGELFF	TRBV19	TRBJ2-2
CASSKTIGNTEAFF	TRBV19	TRBJ1-1
CASSLGQPQHF	TRBV19	TRBJ1-5
CASSMLRIVYDTQYF	TRBV19	TRBJ2-3
CASSSRSGTEAFF	TRBV19	TRBJ1-1
CASSSYSVDTQYF	TRBV19	TRBJ2-3
CASSTRSTHEQYF	TRBV19	TRBJ2-7
CASSTSSTGELFF	TRBV19	TRBJ2-2
CASSWRSTGELFF	TRBV19	TRBJ2-2
CATGIGELFF	TRBV19	TRBJ2-2
CASSFGLTSSYNEQFF	TRBV27	TRBJ2-1
CSVARQGGDEQFF	TRBV29-1	TRBJ2-1
CASSQGSMGEQYF	TRBV4-1	TRBJ2-7
CASSQERGGYNEQFF	TRBV4-2	TRBJ2-1
CASRPLLGSNQPQHF	TRBV6-5	TRBJ1-5
CASSYVTTSGGHANTGELFF	TRBV6-6	TRBJ2-2
CASSKGGGSSYNSPLHF	TRBV7-9	TRBJ1-6
CASSLEGGAKNGYTF	TRBV7-9	TRBJ1-2
CASSLRSGDTQYF	TRBV19	TRBJ2-3
CAGSIRSSYEQYF	TRBV19	TRBJ2-7
CASSFLVETQYF	TRBV11-2	TRBJ2-5
CASSIVTGYGYTF	TRBV19	TRBJ1-2
CASSWISSGANVLTF	TRBV19	TRBJ2-6
CATSDFCRPQADNSPLHF	TRBV24-1	TRBJ1-6
CASSEWARQNNSPLHF	TRBV6-1	TRBJ1-6
CASSPRSGSEQYF	TRBV19	TRBJ2-7
CASGTPWEQYF	TRBV19	TRBJ2-7
CASSFTVNYGYTF	TRBV19	TRBJ1-2
CASSHLAGGYNEQFF	TRBV19	TRBJ2-1
CASSIRANTEAFF	TRBV19	TRBJ1-1
CASSPAGPGSPLHF	TRBV19	TRBJ1-6
CASSSGNTEAFF	TRBV19	TRBJ1-1
CASSTRATSEQYF	TRBV19	TRBJ2-7
CSARETGLAGWIDTQYF	TRBV20-1	TRBJ2-3
CAIRPTGISYEQYF	TRBV10-3	TRBJ2-7
CASQSGFSGANVLTF	TRBV18	TRBJ2-6
CASSETGLNTEAFF	TRBV18	TRBJ1-1
CASSLDTGIYTEAFF	TRBV18	TRBJ1-1
CASALGGYNEQFF	TRBV19	TRBJ2-1
CASSIFGANVLTF	TRBV19	TRBJ2-6
CASSIMGASPQHF	TRBV19	TRBJ1-5
CASSIRGSGELFF	TRBV19	TRBJ2-2
CASSMHGASELYF	TRBV19	TRBJ2-7
CASSMRSGIEQYF	TRBV19	TRBJ2-7
CASSMSTSRNEAFF	TRBV19	TRBJ1-1
CASSMVGIHEQYF	TRBV19	TRBJ2-7
CASSMYSTDTQYF	TRBV19	TRBJ2-3
CASSPLSASEEFF	TRBV19	TRBJ2-1
CASSPRSGVGAFF	TRBV19	TRBJ1-1
CASSRLSTDTQYF	TRBV19	TRBJ2-3
CASSSFGVNGYTF	TRBV19	TRBJ1-2
CASSSRGANEQFF	TRBV19	TRBJ2-1
CASSSYSGNTIYF	TRBV19	TRBJ1-3
CASSTFDGSYEQYF	TRBV19	TRBJ2-7
CASSTGGLLYEQYF	TRBV19	TRBJ2-7
CASSTRGGTEAFF	TRBV19	TRBJ1-1
CASSTRSTVEQYF	TRBV19	TRBJ2-7
CASSVRSTDMQYF	TRBV19	TRBJ2-3
CASTWTGAYGYTF	TRBV19	TRBJ1-2
CSARASRTFTDTQYF	TRBV20-1	TRBJ2-3
CSARELGEEAYEQYF	TRBV20-1	TRBJ2-7
CSVERSGVQTDTQYF	TRBV29-1	TRBJ2-3
CASSLRDGTSRTGWETQYF	TRBV3-1	TRBJ2-5
CASSQDPLWRRTGALRGTGELFF	TRBV4-3	TRBJ2-2
CASSLGTGAPANTGELFF	TRBV5-1	TRBJ2-2
CASSPAGASNGYTF	TRBV5-1	TRBJ1-2
CASSLSVFKLYEQYF	TRBV5-4	TRBJ2-7
CASSRRDSGANVLTF	TRBV5-8	TRBJ2-6
CASSYSSTRATSNQPQHF	TRBV6-2	TRBJ1-5
CASSPIAGVSDEQFF	TRBV7-2	TRBJ2-1
CASSTRDLLYQETQYF	TRBV7-8	TRBJ2-5
CASRGLSAFF	TRBV12-3	TRBJ1-1
CASSAGLYGYTF	TRBV19	TRBJ1-2
CATSNRAGNTIYF	TRBV15	TRBJ1-3
CATRSSDGGNQPQHF	TRBV24-1	TRBJ1-5
CASSPGQRTEAFF	TRBV25-1	TRBJ1-1
CASSDSAGGTDTQYF	TRBV6-4	TRBJ2-3
CASSRAGLPHEQYF	TRBV18	TRBJ2-7
CASSIVAPTYEQYF	TRBV19	TRBJ2-7
CASSIVPLDTQYF	TRBV19	TRBJ2-3
CASSIVVHGYTF	TRBV19	TRBJ1-2
CASSQAWRDTQYF	TRBV4-1	TRBJ2-3
CASSSLLNTEAFF	TRBV5-1	TRBJ1-1
CASSTWIRTNTEAFF	TRBV5-1	TRBJ1-1
CASSLGPTGELFF	TRBV5-6	TRBJ2-2
CASSHPRRGGEEKLFF	TRBV7-4	TRBJ1-4
CASSVGLDSAREAQHF	TRBV9	TRBJ1-5
CASSPVGTGELFF	TRBV18	TRBJ2-2
CSVLGRRVSYEQYF	TRBV29-1	TRBJ2-7
CASSPSVNPGGYGYTF	TRBV11-2	TRBJ1-2
CASSFGLHDYTF	TRBV19	TRBJ1-2
CASSFGTWGYTF	TRBV19	TRBJ1-2
CASSGLATDTQYF	TRBV19	TRBJ2-3
CASSLRASETQYF	TRBV19	TRBJ2-5
CASSQYSNQPQHF	TRBV19	TRBJ1-5
CASSRYSLDTQYF	TRBV19	TRBJ2-3
CASSSRSTGEQFF	TRBV19	TRBJ2-1
CASSTFGGQPQHF	TRBV19	TRBJ1-5
CSASSLSGGQTPLGTEAFF	TRBV20-1	TRBJ1-1
CASSWGTGNYEQYF	TRBV28	TRBJ2-7
CSVEGGYSYEQYF	TRBV29-1	TRBJ2-7
CSVEVVGVPYNEQFF	TRBV29-1	TRBJ2-1
CSVGDGNEKLFF	TRBV29-1	TRBJ1-4
CSVGGWQGYNEQFF	TRBV29-1	TRBJ2-1
CASSSTDRGFVNTEAFF	TRBV3-1	TRBJ1-1
CASLKKRELAVNYEQYF	TRBV4-2	TRBJ2-7
CASSEVGQGARYNEQFF	TRBV6-1	TRBJ2-1
CASSLTGGGNIQYF	TRBV7-6	TRBJ2-4
CASLLYKGGANTEAFF	TRBV7-9	TRBJ1-1
CASSVVPSSYEQYF	TRBV9	TRBJ2-7
CASSIMGTDTQYF	TRBV19	TRBJ2-3
CASSTTGAYNEQFF	TRBV19	TRBJ2-1
CASSINAYNEQFF	TRBV19	TRBJ2-1
CASSIYNNQPQHF	TRBV19	TRBJ1-5
CASSALPEAFF	TRBV2	TRBJ1-1
CASSFIHREEGYTF	TRBV5-6	TRBJ1-2
CASSPQVGSGASYNEQFF	TRBV5-6	TRBJ2-1
CASSKYSVNEQFF	TRBV19	TRBJ2-1
CASSISGSGNEQFF	TRBV19	TRBJ2-1
CASSSTGGTNTEAFF	TRBV19	TRBJ1-1
CSARDSGTGLPATYSGNTIYF	TRBV20-1	TRBJ1-3
CASSQDSGEPYNEQFF	TRBV4-2	TRBJ2-1
CASSVSGSTDTQYF	TRBV9	TRBJ2-3
CASSDLSTDTQYF	TRBV19	TRBJ2-3
CASSGRSTGEQYF	TRBV19	TRBJ2-7
CASSIFGSDYNEQFF	TRBV19	TRBJ2-1
CASSILAYYGYTF	TRBV19	TRBJ1-2
CASSNRAADTQYF	TRBV19	TRBJ2-3
CASSTRSGWELFF	TRBV19	TRBJ2-2
CASSVRSSTEQFF	TRBV19	TRBJ2-1
CASRGDGSFRELFF	TRBV2	TRBJ2-2
CASSTYNEQFF	TRBV25-1	TRBJ2-1
CASSLFPGLYGYTF	TRBV27	TRBJ1-2
CSVGSIYGYTF	TRBV29-1	TRBJ1-2
CASSQDRTGGGYEQYF	TRBV4-1	TRBJ2-7
CASSQYMTTNTEAFF	TRBV4-2	TRBJ1-1
CASRFGTEGSGANVLTF	TRBV7-8	TRBJ2-6
CASSGRSTDEQYF	TRBV19	TRBJ2-7
CASGSGAEAFF	TRBV19	TRBJ1-1
CASSIFYTSGNTIYF	TRBV19	TRBJ1-3
CASSVRSATEAFF	TRBV19	TRBJ1-1
CASSKNSGNTGELFF	TRBV6-5	TRBJ2-2
CASSIRAGDTQYF	TRBV19	TRBJ2-3
CASSSRSSETQYF	TRBV19	TRBJ2-5
CASSPTGGAGSTDTQYF	TRBV18	TRBJ2-3
CAASTGSYGYTF	TRBV19	TRBJ1-2
CANSIRSTDTQYF	TRBV19	TRBJ2-3
CASAGISTDTQYF	TRBV19	TRBJ2-3
CASSFGIYGYTF	TRBV19	TRBJ1-2
CASSFISTDTQYF	TRBV19	TRBJ2-3
CASSFRSGTEAFF	TRBV19	TRBJ1-1
CASSIISQNEQFF	TRBV19	TRBJ2-1
CASSLPGGYNEQFF	TRBV19	TRBJ2-1
CASSPLVGPQPQHF	TRBV19	TRBJ1-5
CASSQRSTNTQYF	TRBV19	TRBJ2-3
CASSRTSGGLNEQFF	TRBV19	TRBJ2-1
CASSVRASTEAFF	TRBV19	TRBJ1-1
CASSWRAADTQYF	TRBV19	TRBJ2-3
CASSYLSTDTQYF	TRBV19	TRBJ2-3
CSANSIKRGLNYGYTF	TRBV20-1	TRBJ1-2
CATSDWLGGTDTQYF	TRBV24-1	TRBJ2-3
CASSLYASGGATDTQYF	TRBV28	TRBJ2-3
CASSSPRRGIQETQYF	TRBV5-1	TRBJ2-5
CASSEVDWVGGADGYTF	TRBV6-1	TRBJ1-2
CASSLGGLRTEAFF	TRBV11-2	TRBJ1-1
CANSIGQVDTIYF	TRBV19	TRBJ1-3
CASSIFGGEQLFF	TRBV19	TRBJ1-4
CASSIYSKETQYF	TRBV19	TRBJ2-5
CASSWTMNTEAFF	TRBV19	TRBJ1-1
CASSSRLSDFGTDTQYF	TRBV6-6	TRBJ2-3
CASSNLMLQGTGKLFF	TRBV7-9	TRBJ1-4
CASSVALGMNTEAFF	TRBV9	TRBJ1-1
CASSIFYGTDYGYTF	TRBV19	TRBJ1-2
CASSVRSSYKQYF	TRBV19	TRBJ2-7
CASSIFGGSAYNEQFF	TRBV19	TRBJ2-1
CASSIYSANEQFF	TRBV19	TRBJ2-1
CASSLTSVNEQFF	TRBV19	TRBJ2-1
CASSMPGPINEQFF	TRBV19	TRBJ2-1
CASSPYGGAINEQFF	TRBV19	TRBJ2-1
CAWSSGGLATNEKLFF	TRBV30	TRBJ1-4
CASNIRSSYEQYF	TRBV19	TRBJ2-7
CASSIRAAWEQYF	TRBV19	TRBJ2-7
CASSPRGDGSYTF	TRBV18	TRBJ1-2
CAGSSRSGHEQYF	TRBV19	TRBJ2-7
CASAPGTGIYEQYF	TRBV19	TRBJ2-7
CASGIRSVAEAFF	TRBV19	TRBJ1-1
CASNNRASNEQFF	TRBV19	TRBJ2-1
CASNRREHDEQFF	TRBV19	TRBJ2-1
CASSIRSSVEQYF	TRBV19	TRBJ2-7
CASSIRSSYEAFF	TRBV19	TRBJ1-1
CASSITGDSSYNEQFF	TRBV19	TRBJ2-1
CASSMRSGSEHYF	TRBV19	TRBJ2-7
CASSMRSGSKQYF	TRBV19	TRBJ2-7
CASSVRATDTQYF	TRBV19	TRBJ2-3
CASSYAAGELFF	TRBV19	TRBJ2-2
CSADQGEHYNEQFF	TRBV20-1	TRBJ2-1
CATRPRTGGNEAFF	TRBV24-1	TRBJ1-1
CASASEQGTDIQYF	TRBV6-4	TRBJ2-4
CASSEFGTSGSGEQFF	TRBV6-4	TRBJ2-1
CASSEGGGPYNEQFF	TRBV7-2	TRBJ2-1
CASSDWDGINLAGAFPWETQYF	TRBV7-8	TRBJ2-5
CASSPPAGGKAGELFF	TRBV7-9	TRBJ2-2
CASSAVWGYEQYF	TRBV19	TRBJ2-7
CATAMYGASYEQYF	TRBV19	TRBJ2-7
CSARGLPYDHEQFF	TRBV20-1	TRBJ2-1
CASSEQSNQPQHF	TRBV25-1	TRBJ1-5
CASSKRATSTDTQYF	TRBV28	TRBJ2-3
CASSLDGTGALSNQPQHF	TRBV11-2	TRBJ1-5
CASSPETYYNEQFF	TRBV18	TRBJ2-1
CASAWIGTGELFF	TRBV19	TRBJ2-2
CASNPFGASYNEQFF	TRBV19	TRBJ2-1
CASSHRATGELFF	TRBV19	TRBJ2-2
CASSIFGGQGSYNEQFF	TRBV19	TRBJ2-1
CASSIFGQGEQYF	TRBV19	TRBJ2-7
CASSIISTDTQYF	TRBV19	TRBJ2-3
CASSISPTPRQGQFF	TRBV19	TRBJ2-1
CASSIVAQYEQYF	TRBV19	TRBJ2-7
CASSKRSTDEQFF	TRBV19	TRBJ2-1
CASSMFLGQPQHF	TRBV19	TRBJ1-5
CASSPGTSGGPFTDTQYF	TRBV19	TRBJ2-3
CASSTRSDYEQYF	TRBV19	TRBJ2-7
CASSTRSTEAQHF	TRBV19	TRBJ1-5
CSARPRDREDNEQFF	TRBV20-1	TRBJ2-1
CASSYGTGMNEQFF	TRBV27	TRBJ2-1
CASSLVRGDTEAFF	TRBV28	TRBJ1-1
CSVEGRPGHTEAFF	TRBV29-1	TRBJ1-1
CASSQDEDGFMNTEAFF	TRBV3-1	TRBJ1-1
CASSQDRGTSTDTQYF	TRBV4-3	TRBJ2-3
CASSWDRNNEQFF	TRBV5-4	TRBJ2-1
CASRSGAETFF	TRBV19	TRBJ1-1
CAISDTTGVREQYF	TRBV10-3	TRBJ2-7
CASSLPGMSNSPLHF	TRBV11-2	TRBJ1-6
CASSIRTAANYGYTF	TRBV19	TRBJ1-2
CASSMTSINEQYF	TRBV19	TRBJ2-7
CASSWTVLYGYTF	TRBV19	TRBJ1-2
CSAITDRTYSNQPQHF	TRBV20-1	TRBJ1-5
CASSPSRILTGETEKLFF	TRBV6-2	TRBJ1-4
CASSYVGPESTDTQYF	TRBV6-5	TRBJ2-3
CASSFGGGYREAFF	TRBV12-3	TRBJ1-1
CASSLTEVSYEQYF	TRBV12-3	TRBJ2-7
CASSQWTQHF	TRBV12-3	TRBJ1-5
CATSSVGAQTQYF	TRBV15	TRBJ2-5
CASSIFVGALSDEQYF	TRBV19	TRBJ2-7
CASSILGGADVQFF	TRBV19	TRBJ2-1
CASSIRSTKTQYF	TRBV19	TRBJ2-5
CASSPKTYSNQPQHF	TRBV19	TRBJ1-5
CASSGLSSGNTIYF	TRBV2	TRBJ1-3
CASSVLQGSGNQPQHF	TRBV2	TRBJ1-5
CSAREIRDFAYEQYF	TRBV20-1	TRBJ2-7
CSARTTGGWEQYF	TRBV20-1	TRBJ2-7
CASGRGTRTYEQYF	TRBV27	TRBJ2-7
CASKARGSPLHF	TRBV27	TRBJ1-6
CASSFMGQGGSYTF	TRBV27	TRBJ1-2
CASSLSGRVVYEQYF	TRBV27	TRBJ2-7
CASSLSTGEFSYEQYF	TRBV27	TRBJ2-7
CASSPRGRLNEQFF	TRBV27	TRBJ2-1
CASSSLGGRGDTQYF	TRBV27	TRBJ2-3
CASRATGDLYEQYF	TRBV28	TRBJ2-7
CASSFGESYEQYF	TRBV28	TRBJ2-7
CASSSSDGDNEQFF	TRBV28	TRBJ2-1
CASTSGQGETGELFF	TRBV28	TRBJ2-2
CASSQVHRASGANVLTF	TRBV3-1	TRBJ2-6
CAVNLGDNLADEQYF	TRBV6-1	TRBJ2-7
CASSFPPGQGPGYNSPLHF	TRBV7-6	TRBJ1-6
CASSLYGLAGDGEQYF	TRBV7-9	TRBJ2-7
CASSAGQISRVTQYF	TRBV9	TRBJ2-3
CASSLNRGGSYEQYF	TRBV12-3	TRBJ2-7
CASSQRGGIEQFF	TRBV19	TRBJ2-1
CASSFRAALEQYF	TRBV19	TRBJ2-7
CASSIISGSYNEQFF	TRBV19	TRBJ2-1
CASSIRSGVIQYF	TRBV19	TRBJ2-5
CSARWRYSRGPDTQYF	TRBV20-1	TRBJ2-3
CASSLGAGGLTGELFF	TRBV5-6	TRBJ2-2
CASSWTGGGVYGYTF	TRBV6-5	TRBJ1-2
CASRSDAEAFF	TRBV19	TRBJ1-1
CASSIFGRGEQFF	TRBV19	TRBJ2-1
CASSMFGVAGYTF	TRBV19	TRBJ1-2
CASSFSTAGRETQYF	TRBV27	TRBJ2-5
CASSPQGSHEQYF	TRBV12-3	TRBJ2-7
CASSSGVYGYTF	TRBV12-3	TRBJ1-2
CASTVGAVQPQHF	TRBV12-3	TRBJ1-5
CAGGGMGTEAFF	TRBV12-5	TRBJ1-1
CASSLSGVTEAFF	TRBV13	TRBJ1-1
CATSGRDMGLAKNIQYF	TRBV15	TRBJ2-4
CATSKSYSGDTQYF	TRBV15	TRBJ2-3
CATILYEILLGKATLYAYEQYF	TRBV15	TRBJ2-7
CASANVGLNTEAFF	TRBV18	TRBJ1-1
CASSETGLFGGEAFF	TRBV18	TRBJ1-1
CANSFRSGETQYF	TRBV19	TRBJ2-5
CANSIRSSYEQYF	TRBV19	TRBJ2-7
CANSLRGSGEQFF	TRBV19	TRBJ2-1
CASCLRGGAHEQFF	TRBV19	TRBJ2-1
CASGIRSSYEQYF	TRBV19	TRBJ2-7
CASRSQEGSNYGYTF	TRBV19	TRBJ1-2
CASSARGSGEQYF	TRBV19	TRBJ2-7
CASSATVNTEAFF	TRBV19	TRBJ1-1
CASSFNRGPPLSGANVLTF	TRBV19	TRBJ2-6
CASSIGIGEAFF	TRBV19	TRBJ1-1
CASSIGTGEAFF	TRBV19	TRBJ1-1
CASSIISGDTQYF	TRBV19	TRBJ2-3
CASSINSYSGNTIYF	TRBV19	TRBJ1-3
CASSIRAADEQYF	TRBV19	TRBJ2-7
CASSIRAASPQHF	TRBV19	TRBJ1-5
CASSIRAGFEQYF	TRBV19	TRBJ2-7
CASSIRFGTEAFF	TRBV19	TRBJ1-1
CASSIRGAHEQYF	TRBV19	TRBJ2-7
CASSISATGELFF	TRBV19	TRBJ2-2
CASSITGAFGTEAFF	TRBV19	TRBJ1-1
CASSIYAALGTEAFF	TRBV19	TRBJ1-1
CASSLRGSGEQFF	TRBV19	TRBJ2-1
CASSMIGTGALNEQFF	TRBV19	TRBJ2-1
CASSNHGAYEQYF	TRBV19	TRBJ2-7
CASSPLEGGYNEQFF	TRBV19	TRBJ2-1
CASSPNGGAGGPGNEQFF	TRBV19	TRBJ2-1
CASSPNSNQPQHF	TRBV19	TRBJ1-5
CASSQISTDTQYF	TRBV19	TRBJ2-3
CASSTRSAETQYF	TRBV19	TRBJ2-5
CASSTTSGGEQYF	TRBV19	TRBJ2-7
CASSVGIYGYTF	TRBV19	TRBJ1-2
CASSYHGLDEQFF	TRBV19	TRBJ2-1
CTSSIRSSYEQYF	TRBV7-2	TRBJ2-7
CTSSMRSADTQYF	TRBV7-2	TRBJ2-3
CSAREDQRAQETQYF	TRBV20-1	TRBJ2-5
CSARRGDTYEQYF	TRBV20-1	TRBJ2-7
CATENSGTGDSYEQYF	TRBV24-1	TRBJ2-7
CATKTTSGGYNEQFF	TRBV24-1	TRBJ2-1
CATSDPTGEDTQYF	TRBV24-1	TRBJ2-3
CASSLVSASTDTQYF	TRBV25-1	TRBJ2-3
CASGVLAEDTIYF	TRBV27	TRBJ1-3
CASSFGQGADEAFF	TRBV27	TRBJ1-1
CASSLGQGTGKLFF	TRBV27	TRBJ1-4
CASSSFGSSGGMDTQYF	TRBV28	TRBJ2-3
CAWGTGQGVIYNEQFF	TRBV30	TRBJ2-1
CAWNRGSTDTQYF	TRBV30	TRBJ2-3
CAWSLNGDEQYF	TRBV30	TRBJ2-7
CASSQACRGRHRNTIYF	TRBV3-1	TRBJ1-3
CASSQDHGSGELFF	TRBV4-1	TRBJ2-2
CASSQDTGSTEAFF	TRBV4-3	TRBJ1-1
CASSQDWRNSPLHF	TRBV4-3	TRBJ1-6
CASSLVGGGPQHF	TRBV5-1	TRBJ1-5
CASSWGQGSTDTQYF	TRBV5-1	TRBJ2-3
CASTPGPQVDTQYF	TRBV5-1	TRBJ2-3
CASSEHRTGSDYGYTF	TRBV6-1	TRBJ1-2
CASSSLDVTENTEAFF	TRBV6-2	TRBJ1-1
CASSYNPETFHSNQPQHF	TRBV6-2	TRBJ1-5
CASSRDSTGYGYTF	TRBV6-6	TRBJ1-2
CASSYRGPSGNTIYF	TRBV6-9	TRBJ1-3
CASSAGTSGGSTDTQYF	TRBV7-2	TRBJ2-3
CASSFTGSTDTQYF	TRBV7-2	TRBJ2-3
CASSLLAGGSGTDTQYF	TRBV7-2	TRBJ2-3
CASGVVGGGAANEQFF	TRBV7-3	TRBJ2-1
CASSPIGGAGELFF	TRBV7-3	TRBJ2-2
CASSPRTGGRWQYF	TRBV7-6	TRBJ2-7
CASSHKQATGRKTYEQYF	TRBV7-9	TRBJ2-7
CASSKGKLPPGYGYTF	TRBV7-9	TRBJ1-2
CASSVDLDSSYNEQFF	TRBV9	TRBJ2-1
CASSLGGGVSEAFF	TRBV11-2	TRBJ1-1
CASSQGLNTGELFF	TRBV14	TRBJ2-2
CASSIFAGVNQPQHF	TRBV19	TRBJ1-5
CASSIFGGGRNEQFF	TRBV19	TRBJ2-1
CASSIFHQKEAFF	TRBV19	TRBJ1-1
CASSMRSGVEQFF	TRBV19	TRBJ2-1
CASSQRSSDTQYF	TRBV19	TRBJ2-3
CASSVRAAYEQYF	TRBV19	TRBJ2-7
CASSSVRSTDTQYF	TRBV11-1	TRBJ2-3
CASSQTGAQGEAFF	TRBV3-1	TRBJ1-1
CASSQERWGGGNTIYF	TRBV4-3	TRBJ1-3
CASSLLGHSNQPQHF	TRBV7-2	TRBJ1-5
CASSLQGGDLDRRRPKSSPLHF	TRBV7-3	TRBJ1-6
CAISEPPQGPRLAGVFNEQFF	TRBV10-3	TRBJ2-1
CASSQGYSTDTQYF	TRBV12-3	TRBJ2-3
CASSIFGGAGNQPQHF	TRBV19	TRBJ1-5
CASSISSTDTQYF	TRBV19	TRBJ2-3
CASSIVGGTEEAFF	TRBV19	TRBJ1-1
CASSLSAGETQYF	TRBV19	TRBJ2-5
CASSMGLYNEQFF	TRBV19	TRBJ2-1
CASSMTSGPYNEQFF	TRBV19	TRBJ2-1
CASSNLAGGYNEQFF	TRBV19	TRBJ2-1
CASSPTGSLNEQFF	TRBV19	TRBJ2-1
CASSPVSTDTQYF	TRBV19	TRBJ2-3
CASSSRAAAEAFF	TRBV19	TRBJ1-1
CASSSYRGGETQYF	TRBV27	TRBJ2-5
CASSLFPYRPEAFF	TRBV28	TRBJ1-1
CSAYQERNEQFF	TRBV29-1	TRBJ2-1
CANSARDHSDPNTGELFF	TRBV3-1	TRBJ2-2
CASSQYRGGGETQYF	TRBV3-1	TRBJ2-5
CASSQTGPTGELFF	TRBV4-1	TRBJ2-2
CASSYIDRVYNSPLHF	TRBV6-2	TRBJ1-6
CARGQEDLYGYTF	TRBV6-4	TRBJ1-2
CASSHGGDSGNTIYF	TRBV6-5	TRBJ1-3
CASSPGQGTEAFF	TRBV6-6	TRBJ1-1
CASSLSSVWQDLSYEQYF	TRBV7-2	TRBJ2-7
CASSVWTGGYNEQFF	TRBV9	TRBJ2-1
CASREVGWNEQFF	TRBV12-3	TRBJ2-1
CASSVGVEQFF	TRBV12-3	TRBJ2-1
CATSRPVGEYTEAFF	TRBV15	TRBJ1-1
CASNTRSTDTQYF	TRBV19	TRBJ2-3
CASRSVAEAFF	TRBV19	TRBJ1-1
CASSIRSSYKQYF	TRBV19	TRBJ2-7
CASSTRSTNTQYF	TRBV19	TRBJ2-3
CSGAGVVAGGFNTGELFF	TRBV29-1	TRBJ2-2
CASSQEGVGGFDIQYF	TRBV4-3	TRBJ2-4
CASRTGEWPETQYF	TRBV5-1	TRBJ2-5
CASSLGEASYVGQPQHF	TRBV5-1	TRBJ1-5
CASSPSGNEQFF	TRBV5-1	TRBJ2-1
CASSPWSGSQETQYF	TRBV5-1	TRBJ2-5
CASSFHDRGDQPQHF	TRBV5-5	TRBJ1-5
CASSLVGTGFLDEQFF	TRBV5-6	TRBJ2-1
CASRQGDNSPLHF	TRBV6-6	TRBJ1-6
CASSDAGGSGNTIYF	TRBV9	TRBJ1-3
CAISTSVSTDTQYF	TRBV10-3	TRBJ2-3
CASSLDRAGGSYEQYF	TRBV11-2	TRBJ2-7
CATILYEILLGKATLYAVLVSALEQYF	TRBV15	TRBJ2-7
CACSIRSTDTQYF	TRBV19	TRBJ2-3
CANSLRAGETQYF	TRBV19	TRBJ2-5
CANSQRASYEQYF	TRBV19	TRBJ2-7
CANSSRSGETQYF	TRBV19	TRBJ2-5
CASSHTGPGYGYTF	TRBV19	TRBJ1-2
CASSIGVGEAFF	TRBV19	TRBJ1-1
CASSIKSGGELFF	TRBV19	TRBJ2-2
CASSIRSSSEQYF	TRBV19	TRBJ2-7
CASSIRVGYEQYF	TRBV19	TRBJ2-7
CASSLRAGKTQYF	TRBV19	TRBJ2-5
CASSLRKGFDEQYF	TRBV19	TRBJ2-7
CASSMWSAHEQYF	TRBV19	TRBJ2-7
CASSPRAGETQYF	TRBV19	TRBJ2-5
CASSSRSSNEQFF	TRBV19	TRBJ2-1
CASSSSSGETQYF	TRBV19	TRBJ2-5
CASSVTSGSYNEQFF	TRBV19	TRBJ2-1
CATSVRSSYEQYF	TRBV24-1	TRBJ2-7
CSAASLLRLAGEYNEQFF	TRBV20-1	TRBJ2-1
CSAREGGASGSPFSYEQYF	TRBV20-1	TRBJ2-7
CATSDYPSGGPPRCTDTQYF	TRBV24-1	TRBJ2-3
CASRQGTGSGAFF	TRBV27	TRBJ1-1
CASSFSTDTQYF	TRBV27	TRBJ2-3
CASSLFATNTDTQYF	TRBV27	TRBJ2-3
CASSLRQDYGYTF	TRBV27	TRBJ1-2
CASSPGQGATGELFF	TRBV27	TRBJ2-2
CASSAQDHSDPNTGELFF	TRBV3-1	TRBJ2-2
CASSQDPSGGFAYEQYF	TRBV3-1	TRBJ2-7
CASTPGTGVSGEQYF	TRBV3-1	TRBJ2-7
CASSREAGGYEQYF	TRBV4-2	TRBJ2-7
CASGREEGNEQFF	TRBV5-1	TRBJ2-1
CASRPSGSELIYEQYF	TRBV5-1	TRBJ2-7
CASSLEPGTGETQYF	TRBV5-1	TRBJ2-5
CASSPRLRGEGLNEQFF	TRBV5-1	TRBJ2-1
CASSLELAVTDTQYF	TRBV5-5	TRBJ2-3
CASSLSPAGTASYGYTF	TRBV5-5	TRBJ1-2
CASRFTSGSSYEQYF	TRBV6-2	TRBJ2-7
CASSSTAGPPGEQFF	TRBV6-2	TRBJ2-1
CASSLGDQPQHF	TRBV6-5	TRBJ1-5
CASSWTSGMYEQYF	TRBV6-5	TRBJ2-7
CASSLERLAGPDGSYEQYF	TRBV7-2	TRBJ2-7
CASSFRDRGLGEQFF	TRBV9	TRBJ2-1
CASSSTGETQYF	TRBV11-2	TRBJ2-5
CASVMTGGFTEAFF	TRBV12-3	TRBJ1-1
CASSFPAGNEQFF	TRBV19	TRBJ2-1
CASSIRSGWEQFF	TRBV19	TRBJ2-1
CASSIYGQSEQYF	TRBV19	TRBJ2-7
CASSLRSSIEAFF	TRBV19	TRBJ1-1
CASSPFGTRELFF	TRBV19	TRBJ2-2
CASSSRAAETQYF	TRBV19	TRBJ2-5
CASSWLAGDNEQFF	TRBV19	TRBJ2-1
CSAQTKWYEQYF	TRBV20-1	TRBJ2-7
CASSLFPEDSYNEQFF	TRBV27	TRBJ2-1
CATSPTGTSGILSYNEQFF	TRBV15	TRBJ2-1
CATSRAAGSYNEQFF	TRBV15	TRBJ2-1
CASGYSTDTQYF	TRBV19	TRBJ2-3
CASRIHGGAINEQFF	TRBV19	TRBJ2-1
CASSALAGPGNEQFF	TRBV19	TRBJ2-1
CASSIRGLASYNEQFF	TRBV19	TRBJ2-1
CASSIYGGEVEQYF	TRBV19	TRBJ2-7
CASSTFSNTEAFF	TRBV19	TRBJ1-1
CASSWLAGPYNEQFF	TRBV19	TRBJ2-1
CASSPGTGTYEQYF	TRBV27	TRBJ2-7
CASSWVGYEQYF	TRBV28	TRBJ2-7
CASSFGAGADTQYF	TRBV5-6	TRBJ2-3
CASSYNRTPGQGYTQYF	TRBV6-5	TRBJ2-3
CASSYSAVQGNNQPQHF	TRBV6-5	TRBJ1-5
CASSLERGGKLFF	TRBV7-2	TRBJ1-4
CASSPQAGASYEQYF	TRBV11-1	TRBJ2-7
CASSPWGGNTEAFF	TRBV11-1	TRBJ1-1
CASSLVPPGLAGSTDTQYF	TRBV11-2	TRBJ2-3
CASSFLAGEGTDTQYF	TRBV12-3	TRBJ2-3
CATILYEILLGKATLYAVLVSASSQRSATQEYF	TRBV15	TRBJ2-3
CANSQQGSSYEQYF	TRBV18	TRBJ2-7
CASSPGTGYYEQYF	TRBV18	TRBJ2-7
CASSRTGLNTEAFF	TRBV18	TRBJ1-1
CACSGRSGETQYF	TRBV19	TRBJ2-5
CACSQRSATQEYF	TRBV19	TRBJ2-3
CAGSTRSSYEQYF	TRBV19	TRBJ2-7
CASGTRSADTQYF	TRBV19	TRBJ2-3
CASGYRDRGLIEQFF	TRBV19	TRBJ2-1
CASSGRATGKLFF	TRBV19	TRBJ2-2
CASSIGSYGSTF	TRBV19	TRBJ1-2
CASSMFGQLGYTF	TRBV19	TRBJ1-2
CASSMRASHEQYF	TRBV19	TRBJ2-7
CASSMRSGSGQYF	TRBV19	TRBJ2-7
CASSPLFGGHQPQHF	TRBV19	TRBJ1-5
CASSPLLEGHQPQHF	TRBV19	TRBJ1-5
CASSQRSATREYF	TRBV19	TRBJ2-3
CASTQRSATQEYF	TRBV19	TRBJ2-3
CASSEEKYEQYF	TRBV2	TRBJ2-7
CSALAVYPQESSYNEQFF	TRBV20-1	TRBJ2-1
CSARGDQIGSYEQYF	TRBV20-1	TRBJ2-7
CSAVGTSGGSRPTDTQYF	TRBV20-1	TRBJ2-3
CATSDPGGDRETGTEAFF	TRBV24-1	TRBJ1-1
CASSGNEPPQYGETQYF	TRBV25-1	TRBJ2-5
CASRSFSNQPQHF	TRBV27	TRBJ1-5
CASSFGSGRWLNEQFF	TRBV27	TRBJ2-1
CASSPLFGNTIYF	TRBV27	TRBJ1-3
CASSSPWTSGTYEQYF	TRBV27	TRBJ2-7
CASGGPPKSYEQYF	TRBV28	TRBJ2-7
CASSLSRPYPETQYF	TRBV28	TRBJ2-5
CSVEVGQVAEQYF	TRBV29-1	TRBJ2-7
CASSQDGGTSGADTQYF	TRBV4-2	TRBJ2-3
CASPGGWIWIPQYSNQPQHF	TRBV4-3	TRBJ1-5
CASRQALQETQYF	TRBV5-1	TRBJ2-5
CASSLAAGGPNTEAFF	TRBV5-1	TRBJ1-1
CASSLVGEWEQFF	TRBV5-1	TRBJ2-1
CASSSPLDWETQYF	TRBV5-5	TRBJ2-5
CASSFSSYEQYF	TRBV5-6	TRBJ2-7
CASSLGSQGGKQPQHF	TRBV5-6	TRBJ1-5
CASSPGPGLNQPQHF	TRBV5-6	TRBJ1-5
CASSGSGTSAKNIQYF	TRBV6-1	TRBJ2-4
CASSLGSSNQPQHF	TRBV6-1	TRBJ1-5
CASSPRDRGHSYNEQFF	TRBV6-2	TRBJ2-1
CASSYSAEADTQYF	TRBV6-2	TRBJ2-3
CASSYSEGSYEQYF	TRBV6-2	TRBJ2-7
CASSDSDNNEQFF	TRBV6-4	TRBJ2-1
CASSDSEGDTDTQYF	TRBV6-4	TRBJ2-3
CASSDSGAREGTGELFF	TRBV6-4	TRBJ2-2
CASRERSYNGEQFF	TRBV6-5	TRBJ2-1
CASSTGGEVETQYF	TRBV6-5	TRBJ2-5
CASRSGNYGEQYF	TRBV7-2	TRBJ2-7
CASSFQRAGELFF	TRBV7-2	TRBJ2-2
CASSPEEGGWSYEQYF	TRBV7-2	TRBJ2-7
CASSPGKGAYEQYF	TRBV7-2	TRBJ2-7
CASSLGAGASDEQYF	TRBV7-6	TRBJ2-7
CASSLGDSFTGELFF	TRBV7-6	TRBJ2-2
CASSLAARGGSYEQYF	TRBV7-8	TRBJ2-7
CASSGDFATSYKQYF	TRBV9	TRBJ2-7
CASSGDTYNEQFF	TRBV9	TRBJ2-1
CASSPYAGANTEAFF	TRBV9	TRBJ1-1
CASSESWDTQYF	TRBV10-1	TRBJ2-3
CASSPWGIGGMNTEAFF	TRBV11-2	TRBJ1-1
CASSFGLYEQYF	TRBV12-3	TRBJ2-7
CASSLRAGWGYGYTF	TRBV14	TRBJ1-2
CASSQDLLAGNEQFF	TRBV14	TRBJ2-1
CATILYEILLGKASSMRSTDTQYF	TRBV15	TRBJ2-3
CASRTFGGSSYNEQFF	TRBV19	TRBJ2-1
CASSDRATGELFF	TRBV19	TRBJ2-2
CASSIRSTDIQYF	TRBV19	TRBJ2-4
CASSRRSADEQFF	TRBV19	TRBJ2-1
CASSTLAGPYNEQFF	TRBV19	TRBJ2-1
CASSWFSGANVLTF	TRBV19	TRBJ2-6
CASTPFGGAGYGYTF	TRBV19	TRBJ1-2
CTSSMRSSGTQYF	TRBV7-2	TRBJ2-5
CSARTGGMFYNEQFF	TRBV20-1	TRBJ2-1
CSVEDSSYGYTF	TRBV29-1	TRBJ1-2
CAWSLSSGELFF	TRBV30	TRBJ2-2
CASSQVRKGQGAGNQPQHF	TRBV4-1	TRBJ1-5
CASILLRIVGQLNEKLFF	TRBV4-3	TRBJ1-4
CASTPLAGDTDTQYF	TRBV5-1	TRBJ2-3
CASRPHVPPLAGPANTGELFF	TRBV6-1	TRBJ2-2
CASSETYTSGPNTGELFF	TRBV10-2	TRBJ2-2
CASNLAGHTDTQYF	TRBV12-3	TRBJ2-3
CASSLVGRLTVDEQYF	TRBV12-3	TRBJ2-7
CASSPTTGPYGYTF	TRBV14	TRBJ1-2
CATSKWTGETQYF	TRBV15	TRBJ2-5
CASGIIAGGYNEQFF	TRBV19	TRBJ2-1
CASRSSAEAFF	TRBV19	TRBJ1-1
CASSIFDGYYEQYF	TRBV19	TRBJ2-7
CASSIGLWRTEAFF	TRBV19	TRBJ1-1
CASSILAGVGRNEQFF	TRBV19	TRBJ2-1
CASSIMIRSEAFF	TRBV19	TRBJ1-1
CASSIRSGEEQYF	TRBV19	TRBJ2-7
CASSIRSGIEAFF	TRBV19	TRBJ1-1
CASSIRSSWKLFF	TRBV19	TRBJ2-2
CASSIVSRDTQYF	TRBV19	TRBJ2-3
CASSIYGSPTNTQYF	TRBV19	TRBJ2-3
CASSMRSAVGQFF	TRBV19	TRBJ2-1
CSAPGGPNKNTGELFF	TRBV20-1	TRBJ2-2
CSAVSDTQYF	TRBV20-1	TRBJ2-3
CASSPQSNQPQHF	TRBV25-1	TRBJ1-5
CASSLWWRGGTDTQYF	TRBV28	TRBJ2-3
CASSSRDRASVFSQETQYF	TRBV28	TRBJ2-5
CSVEGPMSYEQYF	TRBV29-1	TRBJ2-7
CASSLNLGQGYTF	TRBV5-1	TRBJ1-2
CASSELAGGAFGNQPQHF	TRBV6-1	TRBJ1-5
CASSQLGGDSSGANVLTF	TRBV7-6	TRBJ2-6
CASSKGTTGALQETQYF	TRBV12-3	TRBJ2-5
CASATFSYNEQFF	TRBV19	TRBJ2-1
CASNIRSSWELFF	TRBV19	TRBJ2-2
CASSIARDEQFF	TRBV19	TRBJ2-1
CASSIEDLTNYGYTF	TRBV19	TRBJ1-2
CASSIRFSGANVLTF	TRBV19	TRBJ2-6
CASSIVTDTQYF	TRBV19	TRBJ2-3
CASSIYGTGAYEQYF	TRBV19	TRBJ2-7
CASSIYSISEAFF	TRBV19	TRBJ1-1
CASSMFGKETQYF	TRBV19	TRBJ2-5
CASSPFGVGNSPLHF	TRBV19	TRBJ1-6
CASSPRSGQPQHF	TRBV19	TRBJ1-5
CASSPTATGELFF	TRBV19	TRBJ2-2
CASSTHGGAWQYF	TRBV19	TRBJ2-5
CASSVFSVPGNTIYF	TRBV19	TRBJ1-3
CASSWTANTEAFF	TRBV19	TRBJ1-1
CASSYTVNYGYTF	TRBV19	TRBJ1-2
CASSIRSSWELFF	TRBV19	TRBJ2-2
CASSAFPTAHNQPQHF	TRBV2	TRBJ1-5
CSAHPNSGSSYNEQFF	TRBV20-1	TRBJ2-1
CSARDLRTFRTDTQYF	TRBV20-1	TRBJ2-3
CASSLGGGMGYTF	TRBV27	TRBJ1-2
CSVDGGGAVPLDTQYF	TRBV29-1	TRBJ2-3
CASSQEVGATSGNTIYF	TRBV4-1	TRBJ1-3
CASSGPTNTGELFF	TRBV5-6	TRBJ2-2
CASSRWGLNNEQFF	TRBV5-6	TRBJ2-1
CASSPVSYNEQFF	TRBV7-9	TRBJ2-1
CASSGTKETQYF	TRBV11-2	TRBJ2-5
CASAWTVNTEAFF	TRBV19	TRBJ1-1
CASKSGAEAFF	TRBV19	TRBJ1-1
CASNGLSTGELFF	TRBV19	TRBJ2-2
CASRFLAGLYNEQFF	TRBV19	TRBJ2-1
CASSAGQPQHF	TRBV19	TRBJ1-5
CASSFQSDNEQFF	TRBV19	TRBJ2-1
CASSFTLNTEAFF	TRBV19	TRBJ1-1
CASSIFGGPKPQHF	TRBV19	TRBJ1-5
CASSIFWRGEQFF	TRBV19	TRBJ2-1
CASSIGIESYEQYF	TRBV19	TRBJ2-7
CASSIGMHGYTF	TRBV19	TRBJ1-2
CASSIGTSYNEQFF	TRBV19	TRBJ2-1
CASSIGWQTQYF	TRBV19	TRBJ2-5
CASSIRGSTEAFF	TRBV19	TRBJ1-1
CASSIRSGESTQYF	TRBV19	TRBJ2-3
CASSIVSGDEQFF	TRBV19	TRBJ2-1
CASSKLSTDTQYF	TRBV19	TRBJ2-3
CASSLLATDTQYF	TRBV19	TRBJ2-3
CASSLSGSYNEQFF	TRBV19	TRBJ2-1
CASSMLALGPQHF	TRBV19	TRBJ1-5
CASSNFDSSYEQYF	TRBV19	TRBJ2-7
CASSRLATSGELFF	TRBV19	TRBJ2-2
CASSSRSQVEQYF	TRBV19	TRBJ2-7
CASSVLGSSYNEQFF	TRBV19	TRBJ2-1
CASSVVSTTEAFF	TRBV19	TRBJ1-1
CASSDWRTSPWNEQFF	TRBV2	TRBJ2-1
CSARDQGSEQYF	TRBV20-1	TRBJ2-7
CASSLDTEAYEQYF	TRBV27	TRBJ2-7
CAWSAVRTSANDEQFF	TRBV30	TRBJ2-1
CAHQCVLLLSRGNDNEQFF	TRBV30	TRBJ2-1
CASSQVLGGGDTQYF	TRBV3-1	TRBJ2-3
CASSQYSGGYEQYF	TRBV3-1	TRBJ2-7
CASSLTFGGALETQYF	TRBV4-2	TRBJ2-5
CASSTGSGNQPQHF	TRBV6-5	TRBJ1-5
CASSPTPGQGVTGELFF	TRBV7-8	TRBJ2-2
CASSERGAGDTIYF	TRBV10-2	TRBJ1-3
CASSPLTGSEAFF	TRBV10-2	TRBJ1-1
CAISDSGQMNTEAFF	TRBV10-3	TRBJ1-1
CASRQIGTSTDTQYF	TRBV11-2	TRBJ2-3
CASSSYRDRESGANVLTF	TRBV11-3	TRBJ2-6
CASRMASGETQYF	TRBV12-3	TRBJ2-5
CASSFETFGSGELFF	TRBV12-3	TRBJ2-2
CASSFMGASTDTQYF	TRBV12-3	TRBJ2-3
CASSLETGGGNEKLFF	TRBV12-3	TRBJ1-4
CASSPRTVRLRETQYF	TRBV12-3	TRBJ2-5
CATTSDGTANEQFF	TRBV15	TRBJ2-1
CASQGLAGLNEQFF	TRBV19	TRBJ2-1
CASSIRPTGELFF	TRBV19	TRBJ2-2
CASSIRSTVEQFF	TRBV19	TRBJ2-1
CASSITGTYNEQFF	TRBV19	TRBJ2-1
CASSMRASSEQFF	TRBV19	TRBJ2-1
CATKRGAFDYGYTF	TRBV19	TRBJ1-2
CSSSIRSSYEQYF	TRBV20-1	TRBJ2-7
CASNAGSTNYGYTF	TRBV2	TRBJ1-2
CSAEQDGYEQYF	TRBV20-1	TRBJ2-7
CSAISSGANVLTF	TRBV20-1	TRBJ2-6
CSALNRGDDSPLHF	TRBV20-1	TRBJ1-6
CSARDDTTDTQYF	TRBV20-1	TRBJ2-3
CSARDPGLGRSLSTDTQYF	TRBV20-1	TRBJ2-3
CSARDPGQLVSGNTIYF	TRBV20-1	TRBJ1-3
CSARDRDYGYTF	TRBV20-1	TRBJ1-2
CSARGWSSYEQYF	TRBV20-1	TRBJ2-7
CSASYPSVNTEAFF	TRBV20-1	TRBJ1-1
CSDTLKTGASYNEQFF	TRBV20-1	TRBJ2-1
CSVKSGDRGESPQETQYF	TRBV20-1	TRBJ2-5
CASSAGTENTEAFF	TRBV27	TRBJ1-1
CASSRGTAILETQYF	TRBV27	TRBJ2-5
CASRPIRADRVTTGELFF	TRBV28	TRBJ2-2
CSAPWTGLNEQFF	TRBV29-1	TRBJ2-1
CSAWDYGYTF	TRBV29-1	TRBJ1-2
CSVGEGNQPQHF	TRBV29-1	TRBJ1-5
CSVGEGQVTEAFF	TRBV29-1	TRBJ1-1
CSVKQGDYNEQFF	TRBV29-1	TRBJ2-1
CSVQQGNTGELFF	TRBV29-1	TRBJ2-2
CAWSVSVQGYGYTF	TRBV30	TRBJ1-2
CASSPETSEPHNEQFF	TRBV3-1	TRBJ2-1
CASKPSQALIEGYGYTF	TRBV4-1	TRBJ1-2
CASSQVEDSNQPQHF	TRBV4-1	TRBJ1-5
CASSPLSEKLFF	TRBV4-2	TRBJ1-4
CASSPDRAEGDTQYF	TRBV4-3	TRBJ2-3
CASSQEPPGQGLAYNEQFF	TRBV4-3	TRBJ2-1
CASSFVDRDTEAFF	TRBV5-1	TRBJ1-1
CASSLTAGGGNSPLHF	TRBV5-1	TRBJ1-6
CASSQGTGELFF	TRBV5-4	TRBJ2-2
CASSWTGTEAFF	TRBV5-5	TRBJ1-1
CASSLERGLTRETQYF	TRBV5-6	TRBJ2-5
CASRLQVGTEAFF	TRBV5-8	TRBJ1-1
CASSYSTVRDESFATDTQYF	TRBV6-2	TRBJ2-3
CASKWGGRAVLNTEAFF	TRBV6-6	TRBJ1-1
CASSSTSSTNEKLFF	TRBV7-2	TRBJ1-4
CASSLAYKRQGPSMGTEAFF	TRBV7-8	TRBJ1-1
CASLSRRRRQYF	TRBV7-9	TRBJ2-7
CASSIRTAGDEAFF	TRBV7-9	TRBJ1-1
CASSPGPTGDNSPLHF	TRBV7-9	TRBJ1-6
CASSPTVRTGETDTQYF	TRBV7-9	TRBJ2-3
CASSTWGGGAYNEQFF	TRBV7-9	TRBJ2-1
CASSIEGLAEYNEQFF	TRBV9	TRBJ2-1
CASSLFEETQYF	TRBV11-2	TRBJ2-5
CASSLVRASGSMEQYF	TRBV11-2	TRBJ2-7
CASSLQGWEPQHF	TRBV12-3	TRBJ1-5
CASSTGLNGRAQYF	TRBV12-3	TRBJ2-5
CASSPAGHTGELFF	TRBV18	TRBJ2-2
CAGSIYSNQPQHF	TRBV19	TRBJ1-5
CASAGAGVEKLFF	TRBV19	TRBJ1-4
CASNIFRGGNEQFF	TRBV19	TRBJ2-1
CASNVYSGANVLTF	TRBV19	TRBJ2-6
CASSIAGGLREQFF	TRBV19	TRBJ2-1
CASSIFDGSYEQYF	TRBV19	TRBJ2-7
CASSIGGWNEQYF	TRBV19	TRBJ2-7
CASSIMSTDTQYF	TRBV19	TRBJ2-3
CASSINSGWGEQFF	TRBV19	TRBJ2-1
CASSIRAGIEQFF	TRBV19	TRBJ2-1
CASSIRSSDEQYF	TRBV19	TRBJ2-7
CASSIRSTDAQYF	TRBV19	TRBJ2-3
CASSIVPWGGADGYTF	TRBV19	TRBJ1-2
CASSIVSRAEQYF	TRBV19	TRBJ2-7
CASSIYNTDTQYF	TRBV19	TRBJ2-3
CASSLFGIGNQPQHF	TRBV19	TRBJ1-5
CASSMFDSSYEQYF	TRBV19	TRBJ2-7
CASSMTGYNEQFF	TRBV19	TRBJ2-1
CASSMTSGSEQYF	TRBV19	TRBJ2-7
CASSNSGRYNEQFF	TRBV19	TRBJ2-1
CASSPLAGGLNEQFF	TRBV19	TRBJ2-1
CASSPLAGYYNEQFF	TRBV19	TRBJ2-1
CASSSTGVPNEKLFF	TRBV19	TRBJ1-4
CASSTGLWGYTF	TRBV19	TRBJ1-2
CASSTHHGAEAFF	TRBV19	TRBJ1-1
CASSTRFGNTIYF	TRBV19	TRBJ1-3
CASSTRSHDIQYF	TRBV19	TRBJ2-4
CASSWHLKETQYF	TRBV19	TRBJ2-5
CASSWTANYGYTF	TRBV19	TRBJ1-2
CASTTIHGGVTDYGYTF	TRBV19	TRBJ1-2
CATGFGGAYNEQFF	TRBV19	TRBJ2-1
CTSSIRSSTEAFF	TRBV7-2	TRBJ1-1
CASSVHGVSEQYF	TRBV19	TRBJ2-7
CRMRGPANTEAFF	TRBV20-1	TRBJ1-1
CSAREGSYEQYF	TRBV20-1	TRBJ2-7
CSARGTNNNEQFF	TRBV20-1	TRBJ2-1
CSASSGGPTDTQYF	TRBV20-1	TRBJ2-3
CASRTSGSYEQFF	TRBV27	TRBJ2-1
CASSAMTGWGGYTF	TRBV27	TRBJ1-2
CASTPGIYNSPLHF	TRBV27	TRBJ1-6
CASSFGQGSYEQYF	TRBV27	TRBJ2-7
CASSFRDPHQPQHF	TRBV28	TRBJ1-5
CSVEWDPPRRGTEAFF	TRBV29-1	TRBJ1-1
CSVLGGWGMNTEAFF	TRBV29-1	TRBJ1-1
CAWSGVGGASPLHF	TRBV30	TRBJ1-6
CASSQGWSGSFHFEQFF	TRBV3-1	TRBJ2-1
CASSRVLGFRGYGYTF	TRBV4-1	TRBJ1-2
CASSLVGVDEQFF	TRBV5-4	TRBJ2-1
CASSLTGLTPLSTDTQYF	TRBV7-3	TRBJ2-3
CASRLGRVSNTEAFF	TRBV7-8	TRBJ1-1
CASSKNGQGANPFGELFF	TRBV7-9	TRBJ2-2
CASSLTAGPTDTQYF	TRBV7-9	TRBJ2-3
CASSESTAGRVPSTDTQYF	TRBV10-1	TRBJ2-3
CASSLFSETQYF	TRBV11-2	TRBJ2-5
CASTQRIGVEQYF	TRBV12-3	TRBJ2-7
CASSPTGGPGDTQYF	TRBV18	TRBJ2-3
CASAWTLNTEAFF	TRBV19	TRBJ1-1
CASGGTSTDTQYF	TRBV19	TRBJ2-3
CASGIPWEQYF	TRBV19	TRBJ2-7
CASLPWAGGPYNEQFF	TRBV19	TRBJ2-1
CASNIFGGGSEQFF	TRBV19	TRBJ2-1
CASNIYSNQPQHF	TRBV19	TRBJ1-5
CASNTRATYEQYF	TRBV19	TRBJ2-7
CASRSGAEVFF	TRBV19	TRBJ1-1
CASRSGAKAFF	TRBV19	TRBJ1-1
CASRSGTEAFF	TRBV19	TRBJ1-1
CASSFTGNSPLHF	TRBV19	TRBJ1-6
CASSFVAGGYNEQFF	TRBV19	TRBJ2-1
CASSFWSDNEQFF	TRBV19	TRBJ2-1
CASSGRSADTRYF	TRBV19	TRBJ2-3
CASSGRSNRPQHF	TRBV19	TRBJ1-5
CASSIDHGGRDGYTF	TRBV19	TRBJ1-2
CASSIFDTANQPQHF	TRBV19	TRBJ1-5
CASSIFFTGELFF	TRBV19	TRBJ2-2
CASSIFGQGTQYF	TRBV19	TRBJ2-5
CASSIFGSPRGEQYF	TRBV19	TRBJ2-7
CASSIFSGGYNEQFF	TRBV19	TRBJ2-1
CASSIFWQSNTEAFF	TRBV19	TRBJ1-1
CASSIIGSFDNEQFF	TRBV19	TRBJ2-1
CASSIRAGTEQFF	TRBV19	TRBJ2-1
CASSIRNSYEQYF	TRBV19	TRBJ2-7
CASSIRPSYEQYF	TRBV19	TRBJ2-7
CASSIVGGNYNEQFF	TRBV19	TRBJ2-1
CASSIVSSETQYF	TRBV19	TRBJ2-5
CASSIYFGEKLFF	TRBV19	TRBJ1-4
CASSIYIWTEAFF	TRBV19	TRBJ1-1
CASSLFSISEQFF	TRBV19	TRBJ2-1
CASSLRAGGERYF	TRBV19	TRBJ2-7
CASSLRSAGEQYF	TRBV19	TRBJ2-7
CASSMGGVNTEAFF	TRBV19	TRBJ1-1
CASSMRASSPLHF	TRBV19	TRBJ1-6
CASSMYSVNEQFF	TRBV19	TRBJ2-1
CASSNHAGAAQYF	TRBV19	TRBJ2-7
CASSNRSGETQYF	TRBV19	TRBJ2-5
CASSPFGGSFNEQYF	TRBV19	TRBJ2-7
CASSPRSSGPQHF	TRBV19	TRBJ1-5
CASSSHHGQEQYF	TRBV19	TRBJ2-7
CASSTFSNPYNEQFF	TRBV19	TRBJ2-1
CASSTGSYGCTF	TRBV19	TRBJ1-2
CASSTHLGSGNTIYF	TRBV19	TRBJ1-3
CASSTLDRATTGELFF	TRBV19	TRBJ2-2
CASSVNSNQPQHF	TRBV19	TRBJ1-5
CASSVQSSYEQYF	TRBV19	TRBJ2-7
CASSVRSPYEQYF	TRBV19	TRBJ2-7
CASSWGTAEQFF	TRBV19	TRBJ2-1
CASSWSGAGEQFF	TRBV19	TRBJ2-1
CASSYTTNYGYTF	TRBV19	TRBJ1-2
CASTIMGSGNTIYF	TRBV19	TRBJ1-3
CASTPGTGMSYGYTF	TRBV19	TRBJ1-2
CTSSQGSYGYTF	TRBV7-2	TRBJ1-2
CATWTENMNTEAFF	TRBV2	TRBJ1-1
CASSLTGSPYNEQFF	TRBV27	TRBJ2-1
CASGVGQGYEQYF	TRBV28	TRBJ2-7
CSVADYSGLVPSTDTQYF	TRBV29-1	TRBJ2-3
CASSARDHSGPNTGELFF	TRBV3-1	TRBJ2-2
CASSPGQGAWEQYF	TRBV4-1	TRBJ2-7
CASSLEGTATDTQYF	TRBV5-1	TRBJ2-3
CASSLGSGGPDEQYF	TRBV5-4	TRBJ2-7
CASSPLAGGATDTQYF	TRBV5-4	TRBJ2-3
CASSSGTSGGDEQFF	TRBV6-6	TRBJ2-1
CASSYPDRGHSNQPQHF	TRBV6-6	TRBJ1-5
CASSKGGRGGPETQYF	TRBV7-9	TRBJ2-5
CANSVRRGELFF	TRBV9	TRBJ2-2
CASSLIYPGELFF	TRBV27	TRBJ2-2
CASSYGAGTGELFF	TRBV6-5	TRBJ2-2
CASSYGQGTGIQYF	TRBV6-5	TRBJ2-4
CASSYGQGLYEQYF	TRBV6-5	TRBJ2-7
CASSPLAGGFNEQFF	TRBV19	TRBJ2-1
CASSPLAGLYNEQFF	TRBV19	TRBJ2-1
CASSPLAGFYNEQFF	TRBV19	TRBJ2-1
CASSIRSSHTQYF	TRBV19	TRBJ2-3
CASSIFGQREQYF	TRBV19	TRBJ2-7
CASSMSAMGTEAFF	TRBV19	TRBJ1-1
CSVKGGSSYEQYF	TRBV29-1	TRBJ2-7
CASSRQSNQPQHF	TRBV25-1	TRBJ1-5
CASSLYQTYEQYF	TRBV3-1	TRBJ2-7
CASSMTSGNEQFF	TRBV19	TRBJ2-1
CASSVSATGELFF	TRBV19	TRBJ2-2
CASSHRGTGELFF	TRBV28	TRBJ2-2
CASSPRSAVEQYF	TRBV19	TRBJ2-7
CASSVRSAVEQFF	TRBV19	TRBJ2-1
