config	disease	fold	split	repertoire_id	label_positive
lupus_fold0	lupus	0	train	M124-S014	False
lupus_fold0	lupus	0	train	M124-S041	False
lupus_fold0	lupus	0	train	M124-S012	False
lupus_fold0	lupus	0	train	M124-S037	False
lupus_fold0	lupus	0	train	M124-S035	False
lupus_fold0	lupus	0	train	M124-S038	False
lupus_fold0	lupus	0	train	M124-S039	False
lupus_fold0	lupus	0	train	M64-004	False
lupus_fold0	lupus	0	train	M64-005	False
lupus_fold0	lupus	0	train	M64-006	False
lupus_fold0	lupus	0	train	M64-008	False
lupus_fold0	lupus	0	train	M64-009	False
lupus_fold0	lupus	0	train	M64-012	False
lupus_fold0	lupus	0	train	M64-013	False
lupus_fold0	lupus	0	train	M64-016	False
lupus_fold0	lupus	0	train	M64-018	False
lupus_fold0	lupus	0	train	M64-019	False
lupus_fold0	lupus	0	train	M64-021	False
lupus_fold0	lupus	0	train	M64-022	False
lupus_fold0	lupus	0	train	M64-027	False
lupus_fold0	lupus	0	train	M64-028	False
lupus_fold0	lupus	0	train	M64-030	False
lupus_fold0	lupus	0	train	M64-031	False
lupus_fold0	lupus	0	train	M64-033	False
lupus_fold0	lupus	0	train	M64-034	False
lupus_fold0	lupus	0	train	M64-036	False
lupus_fold0	lupus	0	train	M64-037	False
lupus_fold0	lupus	0	train	M64-038	False
lupus_fold0	lupus	0	train	M64-039	False
lupus_fold0	lupus	0	train	M64-042	False
lupus_fold0	lupus	0	train	M64-046	False
lupus_fold0	lupus	0	train	M64-048	False
lupus_fold0	lupus	0	train	M64-049	False
lupus_fold0	lupus	0	train	M64-050	False
lupus_fold0	lupus	0	train	M64-051	False
lupus_fold0	lupus	0	train	M64-052	False
lupus_fold0	lupus	0	train	M64-055	False
lupus_fold0	lupus	0	train	M64-059	False
lupus_fold0	lupus	0	train	M64-060	False
lupus_fold0	lupus	0	train	M64-061	False
lupus_fold0	lupus	0	train	M64-063	False
lupus_fold0	lupus	0	train	M64-064	False
lupus_fold0	lupus	0	train	M64-067	False
lupus_fold0	lupus	0	train	M64-069	False
lupus_fold0	lupus	0	train	M64-070	False
lupus_fold0	lupus	0	train	M64-071	False
lupus_fold0	lupus	0	train	M64-072	False
lupus_fold0	lupus	0	train	M64-073	False
lupus_fold0	lupus	0	train	M64-074	False
lupus_fold0	lupus	0	train	M64-075	False
lupus_fold0	lupus	0	train	M64-076	False
lupus_fold0	lupus	0	train	M64-079	False
lupus_fold0	lupus	0	train	M64-080	False
lupus_fold0	lupus	0	train	M64-082	False
lupus_fold0	lupus	0	train	M64-083	False
lupus_fold0	lupus	0	train	M64-087	False
lupus_fold0	lupus	0	train	M64-088	False
lupus_fold0	lupus	0	train	M64-091	False
lupus_fold0	lupus	0	train	M64-092	False
lupus_fold0	lupus	0	train	M64-093	False
lupus_fold0	lupus	0	train	M64-094	False
lupus_fold0	lupus	0	train	M64-095	False
lupus_fold0	lupus	0	train	M64-096	False
lupus_fold0	lupus	0	train	M64-097	False
lupus_fold0	lupus	0	train	M64-098	False
lupus_fold0	lupus	0	train	M64-099	False
lupus_fold0	lupus	0	train	M64-100	False
lupus_fold0	lupus	0	train	M64-104	False
lupus_fold0	lupus	0	train	M64-105	False
lupus_fold0	lupus	0	train	M64-106	False
lupus_fold0	lupus	0	train	M64-108	False
lupus_fold0	lupus	0	train	M64-110	False
lupus_fold0	lupus	0	train	M64-113	False
lupus_fold0	lupus	0	train	M124-S001	False
lupus_fold0	lupus	0	train	M124-S003	False
lupus_fold0	lupus	0	train	M124-S004	False
lupus_fold0	lupus	0	train	M124-S007	False
lupus_fold0	lupus	0	train	M124-S008	False
lupus_fold0	lupus	0	train	M124-S010	False
lupus_fold0	lupus	0	train	M124-S011	False
lupus_fold0	lupus	0	train	M124-S015	False
lupus_fold0	lupus	0	train	M124-S016	False
lupus_fold0	lupus	0	train	M124-S017	False
lupus_fold0	lupus	0	train	M124-S019	False
lupus_fold0	lupus	0	train	M124-S020	False
lupus_fold0	lupus	0	train	M124-S021	False
lupus_fold0	lupus	0	train	M124-S022	False
lupus_fold0	lupus	0	train	M124-S023	False
lupus_fold0	lupus	0	train	M124-S024	False
lupus_fold0	lupus	0	train	M124-S025	False
lupus_fold0	lupus	0	train	M124-S026	False
lupus_fold0	lupus	0	train	M124-S028	False
lupus_fold0	lupus	0	train	M124-S029	False
lupus_fold0	lupus	0	train	M124-S034	False
lupus_fold0	lupus	0	train	M124-S043	False
lupus_fold0	lupus	0	train	M281redo-S038	False
lupus_fold0	lupus	0	train	M281redo-S039	False
lupus_fold0	lupus	0	train	M281redo-S042	False
lupus_fold0	lupus	0	train	M281redo-S044	False
lupus_fold0	lupus	0	train	M281redo-S046	False
lupus_fold0	lupus	0	train	M281redo-S047	False
lupus_fold0	lupus	0	train	M281redo-S053	False
lupus_fold0	lupus	0	train	M281redo-S050	False
lupus_fold0	lupus	0	train	M281redo-S052	False
lupus_fold0	lupus	0	train	M281redo-S059	False
lupus_fold0	lupus	0	train	M281redo-S060	False
lupus_fold0	lupus	0	train	M281redo-S062	False
lupus_fold0	lupus	0	train	M281redo-S063	False
lupus_fold0	lupus	0	train	M281redo-S064	False
lupus_fold0	lupus	0	train	M281redo-S065	False
lupus_fold0	lupus	0	train	M281redo-S066	False
lupus_fold0	lupus	0	train	M281redo-S068	False
lupus_fold0	lupus	0	train	M454-S029	False
lupus_fold0	lupus	0	train	M454-S030	False
lupus_fold0	lupus	0	train	M454-S032	False
lupus_fold0	lupus	0	train	M464-S001	False
lupus_fold0	lupus	0	train	M464-S004	False
lupus_fold0	lupus	0	train	M464-S005	False
lupus_fold0	lupus	0	train	M464-S008	False
lupus_fold0	lupus	0	train	M464-S009	False
lupus_fold0	lupus	0	train	M464-S011	False
lupus_fold0	lupus	0	train	M464-S012	False
lupus_fold0	lupus	0	train	M464-S013	False
lupus_fold0	lupus	0	train	M464-S015	False
lupus_fold0	lupus	0	train	M464-S016	False
lupus_fold0	lupus	0	train	M464-S017	False
lupus_fold0	lupus	0	train	M464-S019	False
lupus_fold0	lupus	0	train	M464-S020	False
lupus_fold0	lupus	0	train	M464-S021	False
lupus_fold0	lupus	0	train	M464-S022	False
lupus_fold0	lupus	0	train	M464-S023	False
lupus_fold0	lupus	0	train	M464-S024	False
lupus_fold0	lupus	0	train	M464-S025	False
lupus_fold0	lupus	0	train	M464-S026	False
lupus_fold0	lupus	0	train	M464-S028	False
lupus_fold0	lupus	0	train	M464-S029	False
lupus_fold0	lupus	0	train	M464-S030	False
lupus_fold0	lupus	0	train	M464-S031	False
lupus_fold0	lupus	0	train	M464-S032	False
lupus_fold0	lupus	0	train	M464-S035	False
lupus_fold0	lupus	0	train	M464-S036	False
lupus_fold0	lupus	0	train	M464-S037	False
lupus_fold0	lupus	0	train	M464-S039	False
lupus_fold0	lupus	0	train	M464-S044	False
lupus_fold0	lupus	0	train	M464-S045	False
lupus_fold0	lupus	0	train	M464-S046	False
lupus_fold0	lupus	0	train	M491-S035	False
lupus_fold0	lupus	0	train	M491-S088	False
lupus_fold0	lupus	0	train	M281redo-S001	True
lupus_fold0	lupus	0	train	M281redo-S002	True
lupus_fold0	lupus	0	train	M281redo-S027	True
lupus_fold0	lupus	0	train	M281redo-S028	True
lupus_fold0	lupus	0	train	M281redo-S003	True
lupus_fold0	lupus	0	train	M281redo-S004	True
lupus_fold0	lupus	0	train	M281redo-S005	True
lupus_fold0	lupus	0	train	M281redo-S006	True
lupus_fold0	lupus	0	train	M281redo-S009	True
lupus_fold0	lupus	0	train	M281redo-S036	True
lupus_fold0	lupus	0	train	M281redo-S010	True
lupus_fold0	lupus	0	train	M281redo-S030	True
lupus_fold0	lupus	0	train	M281redo-S031	True
lupus_fold0	lupus	0	train	M281redo-S011	True
lupus_fold0	lupus	0	train	M281redo-S012	True
lupus_fold0	lupus	0	train	M281redo-S013	True
lupus_fold0	lupus	0	train	M281redo-S016	True
lupus_fold0	lupus	0	train	M281redo-S021	True
lupus_fold0	lupus	0	train	M281redo-S022	True
lupus_fold0	lupus	0	train	M281redo-S024	True
lupus_fold0	lupus	0	train	M281redo-S025	True
lupus_fold0	lupus	0	train	M281redo-S035	True
lupus_fold0	lupus	0	train	M281redo-S037	True
lupus_fold0	lupus	0	train	M447-S032	True
lupus_fold0	lupus	0	train	M447-S033	True
lupus_fold0	lupus	0	train	M447-S036	True
lupus_fold0	lupus	0	train	M447-S037	True
lupus_fold0	lupus	0	train	M447-S039	True
lupus_fold0	lupus	0	train	M447-S040	True
lupus_fold0	lupus	0	train	M447-S041	True
lupus_fold0	lupus	0	train	M447-S042	True
lupus_fold0	lupus	0	train	M447-S043	True
lupus_fold0	lupus	0	train	M447-S001	True
lupus_fold0	lupus	0	train	M447-S005	True
lupus_fold0	lupus	0	train	M447-S006	True
lupus_fold0	lupus	0	train	M447-S007	True
lupus_fold0	lupus	0	train	M447-S010	True
lupus_fold0	lupus	0	train	M447-S012	True
lupus_fold0	lupus	0	train	M447-S014	True
lupus_fold0	lupus	0	train	M447-S015	True
lupus_fold0	lupus	0	train	M447-S017	True
lupus_fold0	lupus	0	train	M447-S018	True
lupus_fold0	lupus	0	train	M447-S019	True
lupus_fold0	lupus	0	train	M447-S020	True
lupus_fold0	lupus	0	train	M447-S022	True
lupus_fold0	lupus	0	train	M447-S024	True
lupus_fold0	lupus	0	train	M447-S027	True
lupus_fold0	lupus	0	train	M447-S028	True
lupus_fold0	lupus	0	train	M447-S030	True
lupus_fold0	lupus	0	train	M454-S011	True
lupus_fold0	lupus	0	train	M454-S019	True
lupus_fold0	lupus	0	train	M454-S020	True
lupus_fold0	lupus	0	train	M454-S021	True
lupus_fold0	lupus	0	train	M454-S031	True
lupus_fold0	lupus	0	train	M454-S033	True
lupus_fold0	lupus	0	train	M454-S035	True
lupus_fold0	lupus	0	train	M454-S059	True
lupus_fold0	lupus	0	train	M454-S052	True
lupus_fold0	lupus	0	train	M454-S058	True
lupus_fold0	lupus	0	train	M454-S060	True
lupus_fold0	lupus	0	train	M454-S017	True
lupus_fold0	lupus	0	train	M456-S001	True
lupus_fold0	lupus	0	train	M456-S002	True
lupus_fold0	lupus	0	train	M456-S006	True
lupus_fold0	lupus	0	train	M456-S009	True
lupus_fold0	lupus	0	test	M124-S042	False
lupus_fold0	lupus	0	test	M124-S036	False
lupus_fold0	lupus	0	test	M124-S040	False
lupus_fold0	lupus	0	test	M64-002	False
lupus_fold0	lupus	0	test	M64-003	False
lupus_fold0	lupus	0	test	M64-010	False
lupus_fold0	lupus	0	test	M64-014	False
lupus_fold0	lupus	0	test	M64-017	False
lupus_fold0	lupus	0	test	M64-026	False
lupus_fold0	lupus	0	test	M64-029	False
lupus_fold0	lupus	0	test	M64-032	False
lupus_fold0	lupus	0	test	M64-035	False
lupus_fold0	lupus	0	test	M64-040	False
lupus_fold0	lupus	0	test	M64-041	False
lupus_fold0	lupus	0	test	M64-043	False
lupus_fold0	lupus	0	test	M64-044	False
lupus_fold0	lupus	0	test	M64-047	False
lupus_fold0	lupus	0	test	M64-053	False
lupus_fold0	lupus	0	test	M64-054	False
lupus_fold0	lupus	0	test	M64-057	False
lupus_fold0	lupus	0	test	M64-058	False
lupus_fold0	lupus	0	test	M64-062	False
lupus_fold0	lupus	0	test	M64-065	False
lupus_fold0	lupus	0	test	M64-068	False
lupus_fold0	lupus	0	test	M64-077	False
lupus_fold0	lupus	0	test	M64-078	False
lupus_fold0	lupus	0	test	M64-081	False
lupus_fold0	lupus	0	test	M64-084	False
lupus_fold0	lupus	0	test	M64-085	False
lupus_fold0	lupus	0	test	M64-086	False
lupus_fold0	lupus	0	test	M64-089	False
lupus_fold0	lupus	0	test	M64-090	False
lupus_fold0	lupus	0	test	M64-101	False
lupus_fold0	lupus	0	test	M64-103	False
lupus_fold0	lupus	0	test	M64-107	False
lupus_fold0	lupus	0	test	M64-109	False
lupus_fold0	lupus	0	test	M64-111	False
lupus_fold0	lupus	0	test	M64-112	False
lupus_fold0	lupus	0	test	M64-114	False
lupus_fold0	lupus	0	test	M124-S002	False
lupus_fold0	lupus	0	test	M124-S005	False
lupus_fold0	lupus	0	test	M124-S006	False
lupus_fold0	lupus	0	test	M124-S009	False
lupus_fold0	lupus	0	test	M124-S013	False
lupus_fold0	lupus	0	test	M124-S018	False
lupus_fold0	lupus	0	test	M124-S027	False
lupus_fold0	lupus	0	test	M124-S030	False
lupus_fold0	lupus	0	test	M124-S031	False
lupus_fold0	lupus	0	test	M124-S032	False
lupus_fold0	lupus	0	test	M124-S033	False
lupus_fold0	lupus	0	test	M281redo-S040	False
lupus_fold0	lupus	0	test	M281redo-S048	False
lupus_fold0	lupus	0	test	M281redo-S041	False
lupus_fold0	lupus	0	test	M281redo-S045	False
lupus_fold0	lupus	0	test	M281redo-S051	False
lupus_fold0	lupus	0	test	M281redo-S054	False
lupus_fold0	lupus	0	test	M281redo-S056	False
lupus_fold0	lupus	0	test	M281redo-S057	False
lupus_fold0	lupus	0	test	M281redo-S058	False
lupus_fold0	lupus	0	test	M281redo-S061	False
lupus_fold0	lupus	0	test	M454-S028	False
lupus_fold0	lupus	0	test	M456-S005	False
lupus_fold0	lupus	0	test	M456-S007	False
lupus_fold0	lupus	0	test	M464-S002	False
lupus_fold0	lupus	0	test	M464-S006	False
lupus_fold0	lupus	0	test	M464-S007	False
lupus_fold0	lupus	0	test	M464-S010	False
lupus_fold0	lupus	0	test	M464-S014	False
lupus_fold0	lupus	0	test	M464-S018	False
lupus_fold0	lupus	0	test	M464-S027	False
lupus_fold0	lupus	0	test	M464-S033	False
lupus_fold0	lupus	0	test	M464-S034	False
lupus_fold0	lupus	0	test	M464-S040	False
lupus_fold0	lupus	0	test	M464-S041	False
lupus_fold0	lupus	0	test	M464-S042	False
lupus_fold0	lupus	0	test	M491-S062	False
lupus_fold0	lupus	0	test	M281redo-S007	True
lupus_fold0	lupus	0	test	M281redo-S008	True
lupus_fold0	lupus	0	test	M281redo-S034	True
lupus_fold0	lupus	0	test	M281redo-S014	True
lupus_fold0	lupus	0	test	M281redo-S017	True
lupus_fold0	lupus	0	test	M281redo-S018	True
lupus_fold0	lupus	0	test	M281redo-S019	True
lupus_fold0	lupus	0	test	M281redo-S020	True
lupus_fold0	lupus	0	test	M281redo-S023	True
lupus_fold0	lupus	0	test	M281redo-S026	True
lupus_fold0	lupus	0	test	M281redo-S029	True
lupus_fold0	lupus	0	test	M447-S031	True
lupus_fold0	lupus	0	test	M447-S034	True
lupus_fold0	lupus	0	test	M447-S035	True
lupus_fold0	lupus	0	test	M447-S038	True
lupus_fold0	lupus	0	test	M447-S002	True
lupus_fold0	lupus	0	test	M447-S003	True
lupus_fold0	lupus	0	test	M447-S004	True
lupus_fold0	lupus	0	test	M447-S008	True
lupus_fold0	lupus	0	test	M447-S009	True
lupus_fold0	lupus	0	test	M447-S011	True
lupus_fold0	lupus	0	test	M447-S013	True
lupus_fold0	lupus	0	test	M447-S016	True
lupus_fold0	lupus	0	test	M447-S021	True
lupus_fold0	lupus	0	test	M447-S023	True
lupus_fold0	lupus	0	test	M447-S025	True
lupus_fold0	lupus	0	test	M447-S026	True
lupus_fold0	lupus	0	test	M447-S029	True
lupus_fold0	lupus	0	test	M454-S015	True
lupus_fold0	lupus	0	test	M454-S018	True
lupus_fold0	lupus	0	test	M454-S049	True
lupus_fold0	lupus	0	test	M454-S050	True
lupus_fold0	lupus	0	test	M456-S008	True
lupus_fold1	lupus	1	train	M124-S042	False
lupus_fold1	lupus	1	train	M124-S041	False
lupus_fold1	lupus	1	train	M124-S037	False
lupus_fold1	lupus	1	train	M124-S036	False
lupus_fold1	lupus	1	train	M124-S038	False
lupus_fold1	lupus	1	train	M124-S040	False
lupus_fold1	lupus	1	train	M64-002	False
lupus_fold1	lupus	1	train	M64-003	False
lupus_fold1	lupus	1	train	M64-004	False
lupus_fold1	lupus	1	train	M64-005	False
lupus_fold1	lupus	1	train	M64-006	False
lupus_fold1	lupus	1	train	M64-008	False
lupus_fold1	lupus	1	train	M64-010	False
lupus_fold1	lupus	1	train	M64-013	False
lupus_fold1	lupus	1	train	M64-014	False
lupus_fold1	lupus	1	train	M64-017	False
lupus_fold1	lupus	1	train	M64-019	False
lupus_fold1	lupus	1	train	M64-021	False
lupus_fold1	lupus	1	train	M64-022	False
lupus_fold1	lupus	1	train	M64-026	False
lupus_fold1	lupus	1	train	M64-029	False
lupus_fold1	lupus	1	train	M64-030	False
lupus_fold1	lupus	1	train	M64-032	False
lupus_fold1	lupus	1	train	M64-034	False
lupus_fold1	lupus	1	train	M64-035	False
lupus_fold1	lupus	1	train	M64-036	False
lupus_fold1	lupus	1	train	M64-039	False
lupus_fold1	lupus	1	train	M64-040	False
lupus_fold1	lupus	1	train	M64-041	False
lupus_fold1	lupus	1	train	M64-042	False
lupus_fold1	lupus	1	train	M64-043	False
lupus_fold1	lupus	1	train	M64-044	False
lupus_fold1	lupus	1	train	M64-046	False
lupus_fold1	lupus	1	train	M64-047	False
lupus_fold1	lupus	1	train	M64-048	False
lupus_fold1	lupus	1	train	M64-050	False
lupus_fold1	lupus	1	train	M64-053	False
lupus_fold1	lupus	1	train	M64-054	False
lupus_fold1	lupus	1	train	M64-057	False
lupus_fold1	lupus	1	train	M64-058	False
lupus_fold1	lupus	1	train	M64-060	False
lupus_fold1	lupus	1	train	M64-062	False
lupus_fold1	lupus	1	train	M64-063	False
lupus_fold1	lupus	1	train	M64-065	False
lupus_fold1	lupus	1	train	M64-067	False
lupus_fold1	lupus	1	train	M64-068	False
lupus_fold1	lupus	1	train	M64-070	False
lupus_fold1	lupus	1	train	M64-071	False
lupus_fold1	lupus	1	train	M64-072	False
lupus_fold1	lupus	1	train	M64-074	False
lupus_fold1	lupus	1	train	M64-077	False
lupus_fold1	lupus	1	train	M64-078	False
lupus_fold1	lupus	1	train	M64-079	False
lupus_fold1	lupus	1	train	M64-081	False
lupus_fold1	lupus	1	train	M64-082	False
lupus_fold1	lupus	1	train	M64-083	False
lupus_fold1	lupus	1	train	M64-084	False
lupus_fold1	lupus	1	train	M64-085	False
lupus_fold1	lupus	1	train	M64-086	False
lupus_fold1	lupus	1	train	M64-088	False
lupus_fold1	lupus	1	train	M64-089	False
lupus_fold1	lupus	1	train	M64-090	False
lupus_fold1	lupus	1	train	M64-093	False
lupus_fold1	lupus	1	train	M64-094	False
lupus_fold1	lupus	1	train	M64-095	False
lupus_fold1	lupus	1	train	M64-099	False
lupus_fold1	lupus	1	train	M64-100	False
lupus_fold1	lupus	1	train	M64-101	False
lupus_fold1	lupus	1	train	M64-103	False
lupus_fold1	lupus	1	train	M64-107	False
lupus_fold1	lupus	1	train	M64-108	False
lupus_fold1	lupus	1	train	M64-109	False
lupus_fold1	lupus	1	train	M64-111	False
lupus_fold1	lupus	1	train	M64-112	False
lupus_fold1	lupus	1	train	M64-114	False
lupus_fold1	lupus	1	train	M124-S001	False
lupus_fold1	lupus	1	train	M124-S002	False
lupus_fold1	lupus	1	train	M124-S003	False
lupus_fold1	lupus	1	train	M124-S004	False
lupus_fold1	lupus	1	train	M124-S005	False
lupus_fold1	lupus	1	train	M124-S006	False
lupus_fold1	lupus	1	train	M124-S009	False
lupus_fold1	lupus	1	train	M124-S013	False
lupus_fold1	lupus	1	train	M124-S016	False
lupus_fold1	lupus	1	train	M124-S017	False
lupus_fold1	lupus	1	train	M124-S018	False
lupus_fold1	lupus	1	train	M124-S022	False
lupus_fold1	lupus	1	train	M124-S023	False
lupus_fold1	lupus	1	train	M124-S024	False
lupus_fold1	lupus	1	train	M124-S026	False
lupus_fold1	lupus	1	train	M124-S027	False
lupus_fold1	lupus	1	train	M124-S030	False
lupus_fold1	lupus	1	train	M124-S031	False
lupus_fold1	lupus	1	train	M124-S032	False
lupus_fold1	lupus	1	train	M124-S033	False
lupus_fold1	lupus	1	train	M124-S043	False
lupus_fold1	lupus	1	train	M281redo-S038	False
lupus_fold1	lupus	1	train	M281redo-S039	False
lupus_fold1	lupus	1	train	M281redo-S040	False
lupus_fold1	lupus	1	train	M281redo-S048	False
lupus_fold1	lupus	1	train	M281redo-S041	False
lupus_fold1	lupus	1	train	M281redo-S045	False
lupus_fold1	lupus	1	train	M281redo-S053	False
lupus_fold1	lupus	1	train	M281redo-S051	False
lupus_fold1	lupus	1	train	M281redo-S052	False
lupus_fold1	lupus	1	train	M281redo-S054	False
lupus_fold1	lupus	1	train	M281redo-S056	False
lupus_fold1	lupus	1	train	M281redo-S057	False
lupus_fold1	lupus	1	train	M281redo-S058	False
lupus_fold1	lupus	1	train	M281redo-S059	False
lupus_fold1	lupus	1	train	M281redo-S060	False
lupus_fold1	lupus	1	train	M281redo-S061	False
lupus_fold1	lupus	1	train	M281redo-S062	False
lupus_fold1	lupus	1	train	M281redo-S063	False
lupus_fold1	lupus	1	train	M454-S028	False
lupus_fold1	lupus	1	train	M454-S030	False
lupus_fold1	lupus	1	train	M454-S032	False
lupus_fold1	lupus	1	train	M456-S005	False
lupus_fold1	lupus	1	train	M456-S007	False
lupus_fold1	lupus	1	train	M464-S001	False
lupus_fold1	lupus	1	train	M464-S002	False
lupus_fold1	lupus	1	train	M464-S004	False
lupus_fold1	lupus	1	train	M464-S006	False
lupus_fold1	lupus	1	train	M464-S007	False
lupus_fold1	lupus	1	train	M464-S009	False
lupus_fold1	lupus	1	train	M464-S010	False
lupus_fold1	lupus	1	train	M464-S011	False
lupus_fold1	lupus	1	train	M464-S013	False
lupus_fold1	lupus	1	train	M464-S014	False
lupus_fold1	lupus	1	train	M464-S015	False
lupus_fold1	lupus	1	train	M464-S016	False
lupus_fold1	lupus	1	train	M464-S017	False
lupus_fold1	lupus	1	train	M464-S018	False
lupus_fold1	lupus	1	train	M464-S023	False
lupus_fold1	lupus	1	train	M464-S024	False
lupus_fold1	lupus	1	train	M464-S027	False
lupus_fold1	lupus	1	train	M464-S028	False
lupus_fold1	lupus	1	train	M464-S030	False
lupus_fold1	lupus	1	train	M464-S031	False
lupus_fold1	lupus	1	train	M464-S032	False
lupus_fold1	lupus	1	train	M464-S033	False
lupus_fold1	lupus	1	train	M464-S034	False
lupus_fold1	lupus	1	train	M464-S035	False
lupus_fold1	lupus	1	train	M464-S040	False
lupus_fold1	lupus	1	train	M464-S041	False
lupus_fold1	lupus	1	train	M464-S042	False
lupus_fold1	lupus	1	train	M464-S046	False
lupus_fold1	lupus	1	train	M491-S062	False
lupus_fold1	lupus	1	train	M491-S088	False
lupus_fold1	lupus	1	train	M281redo-S004	True
lupus_fold1	lupus	1	train	M281redo-S006	True
lupus_fold1	lupus	1	train	M281redo-S009	True
lupus_fold1	lupus	1	train	M281redo-S036	True
lupus_fold1	lupus	1	train	M281redo-S007	True
lupus_fold1	lupus	1	train	M281redo-S008	True
lupus_fold1	lupus	1	train	M281redo-S034	True
lupus_fold1	lupus	1	train	M281redo-S011	True
lupus_fold1	lupus	1	train	M281redo-S012	True
lupus_fold1	lupus	1	train	M281redo-S014	True
lupus_fold1	lupus	1	train	M281redo-S016	True
lupus_fold1	lupus	1	train	M281redo-S017	True
lupus_fold1	lupus	1	train	M281redo-S018	True
lupus_fold1	lupus	1	train	M281redo-S019	True
lupus_fold1	lupus	1	train	M281redo-S020	True
lupus_fold1	lupus	1	train	M281redo-S021	True
lupus_fold1	lupus	1	train	M281redo-S023	True
lupus_fold1	lupus	1	train	M281redo-S024	True
lupus_fold1	lupus	1	train	M281redo-S025	True
lupus_fold1	lupus	1	train	M281redo-S026	True
lupus_fold1	lupus	1	train	M281redo-S029	True
lupus_fold1	lupus	1	train	M447-S031	True
lupus_fold1	lupus	1	train	M447-S033	True
lupus_fold1	lupus	1	train	M447-S034	True
lupus_fold1	lupus	1	train	M447-S035	True
lupus_fold1	lupus	1	train	M447-S036	True
lupus_fold1	lupus	1	train	M447-S038	True
lupus_fold1	lupus	1	train	M447-S039	True
lupus_fold1	lupus	1	train	M447-S043	True
lupus_fold1	lupus	1	train	M447-S001	True
lupus_fold1	lupus	1	train	M447-S002	True
lupus_fold1	lupus	1	train	M447-S003	True
lupus_fold1	lupus	1	train	M447-S004	True
lupus_fold1	lupus	1	train	M447-S005	True
lupus_fold1	lupus	1	train	M447-S006	True
lupus_fold1	lupus	1	train	M447-S008	True
lupus_fold1	lupus	1	train	M447-S009	True
lupus_fold1	lupus	1	train	M447-S011	True
lupus_fold1	lupus	1	train	M447-S013	True
lupus_fold1	lupus	1	train	M447-S016	True
lupus_fold1	lupus	1	train	M447-S020	True
lupus_fold1	lupus	1	train	M447-S021	True
lupus_fold1	lupus	1	train	M447-S023	True
lupus_fold1	lupus	1	train	M447-S024	True
lupus_fold1	lupus	1	train	M447-S025	True
lupus_fold1	lupus	1	train	M447-S026	True
lupus_fold1	lupus	1	train	M447-S027	True
lupus_fold1	lupus	1	train	M447-S028	True
lupus_fold1	lupus	1	train	M447-S029	True
lupus_fold1	lupus	1	train	M447-S030	True
lupus_fold1	lupus	1	train	M454-S011	True
lupus_fold1	lupus	1	train	M454-S015	True
lupus_fold1	lupus	1	train	M454-S018	True
lupus_fold1	lupus	1	train	M454-S020	True
lupus_fold1	lupus	1	train	M454-S021	True
lupus_fold1	lupus	1	train	M454-S031	True
lupus_fold1	lupus	1	train	M454-S035	True
lupus_fold1	lupus	1	train	M454-S049	True
lupus_fold1	lupus	1	train	M454-S050	True
lupus_fold1	lupus	1	train	M454-S060	True
lupus_fold1	lupus	1	train	M456-S001	True
lupus_fold1	lupus	1	train	M456-S002	True
lupus_fold1	lupus	1	train	M456-S006	True
lupus_fold1	lupus	1	train	M456-S008	True
lupus_fold1	lupus	1	test	M124-S014	False
lupus_fold1	lupus	1	test	M124-S012	False
lupus_fold1	lupus	1	test	M124-S035	False
lupus_fold1	lupus	1	test	M124-S039	False
lupus_fold1	lupus	1	test	M64-009	False
lupus_fold1	lupus	1	test	M64-012	False
lupus_fold1	lupus	1	test	M64-016	False
lupus_fold1	lupus	1	test	M64-018	False
lupus_fold1	lupus	1	test	M64-027	False
lupus_fold1	lupus	1	test	M64-028	False
lupus_fold1	lupus	1	test	M64-031	False
lupus_fold1	lupus	1	test	M64-033	False
lupus_fold1	lupus	1	test	M64-037	False
lupus_fold1	lupus	1	test	M64-038	False
lupus_fold1	lupus	1	test	M64-049	False
lupus_fold1	lupus	1	test	M64-051	False
lupus_fold1	lupus	1	test	M64-052	False
lupus_fold1	lupus	1	test	M64-055	False
lupus_fold1	lupus	1	test	M64-059	False
lupus_fold1	lupus	1	test	M64-061	False
lupus_fold1	lupus	1	test	M64-064	False
lupus_fold1	lupus	1	test	M64-069	False
lupus_fold1	lupus	1	test	M64-073	False
lupus_fold1	lupus	1	test	M64-075	False
lupus_fold1	lupus	1	test	M64-076	False
lupus_fold1	lupus	1	test	M64-080	False
lupus_fold1	lupus	1	test	M64-087	False
lupus_fold1	lupus	1	test	M64-091	False
lupus_fold1	lupus	1	test	M64-092	False
lupus_fold1	lupus	1	test	M64-096	False
lupus_fold1	lupus	1	test	M64-097	False
lupus_fold1	lupus	1	test	M64-098	False
lupus_fold1	lupus	1	test	M64-104	False
lupus_fold1	lupus	1	test	M64-105	False
lupus_fold1	lupus	1	test	M64-106	False
lupus_fold1	lupus	1	test	M64-110	False
lupus_fold1	lupus	1	test	M64-113	False
lupus_fold1	lupus	1	test	M124-S007	False
lupus_fold1	lupus	1	test	M124-S008	False
lupus_fold1	lupus	1	test	M124-S010	False
lupus_fold1	lupus	1	test	M124-S011	False
lupus_fold1	lupus	1	test	M124-S015	False
lupus_fold1	lupus	1	test	M124-S019	False
lupus_fold1	lupus	1	test	M124-S020	False
lupus_fold1	lupus	1	test	M124-S021	False
lupus_fold1	lupus	1	test	M124-S025	False
lupus_fold1	lupus	1	test	M124-S028	False
lupus_fold1	lupus	1	test	M124-S029	False
lupus_fold1	lupus	1	test	M124-S034	False
lupus_fold1	lupus	1	test	M281redo-S042	False
lupus_fold1	lupus	1	test	M281redo-S044	False
lupus_fold1	lupus	1	test	M281redo-S046	False
lupus_fold1	lupus	1	test	M281redo-S047	False
lupus_fold1	lupus	1	test	M281redo-S050	False
lupus_fold1	lupus	1	test	M281redo-S064	False
lupus_fold1	lupus	1	test	M281redo-S065	False
lupus_fold1	lupus	1	test	M281redo-S066	False
lupus_fold1	lupus	1	test	M281redo-S068	False
lupus_fold1	lupus	1	test	M454-S029	False
lupus_fold1	lupus	1	test	M464-S005	False
lupus_fold1	lupus	1	test	M464-S008	False
lupus_fold1	lupus	1	test	M464-S012	False
lupus_fold1	lupus	1	test	M464-S019	False
lupus_fold1	lupus	1	test	M464-S020	False
lupus_fold1	lupus	1	test	M464-S021	False
lupus_fold1	lupus	1	test	M464-S022	False
lupus_fold1	lupus	1	test	M464-S025	False
lupus_fold1	lupus	1	test	M464-S026	False
lupus_fold1	lupus	1	test	M464-S029	False
lupus_fold1	lupus	1	test	M464-S036	False
lupus_fold1	lupus	1	test	M464-S037	False
lupus_fold1	lupus	1	test	M464-S039	False
lupus_fold1	lupus	1	test	M464-S044	False
lupus_fold1	lupus	1	test	M464-S045	False
lupus_fold1	lupus	1	test	M491-S035	False
lupus_fold1	lupus	1	test	M281redo-S001	True
lupus_fold1	lupus	1	test	M281redo-S002	True
lupus_fold1	lupus	1	test	M281redo-S027	True
lupus_fold1	lupus	1	test	M281redo-S028	True
lupus_fold1	lupus	1	test	M281redo-S003	True
lupus_fold1	lupus	1	test	M281redo-S005	True
lupus_fold1	lupus	1	test	M281redo-S010	True
lupus_fold1	lupus	1	test	M281redo-S030	True
lupus_fold1	lupus	1	test	M281redo-S031	True
lupus_fold1	lupus	1	test	M281redo-S013	True
lupus_fold1	lupus	1	test	M281redo-S022	True
lupus_fold1	lupus	1	test	M281redo-S035	True
lupus_fold1	lupus	1	test	M281redo-S037	True
lupus_fold1	lupus	1	test	M447-S032	True
lupus_fold1	lupus	1	test	M447-S037	True
lupus_fold1	lupus	1	test	M447-S040	True
lupus_fold1	lupus	1	test	M447-S041	True
lupus_fold1	lupus	1	test	M447-S042	True
lupus_fold1	lupus	1	test	M447-S007	True
lupus_fold1	lupus	1	test	M447-S010	True
lupus_fold1	lupus	1	test	M447-S012	True
lupus_fold1	lupus	1	test	M447-S014	True
lupus_fold1	lupus	1	test	M447-S015	True
lupus_fold1	lupus	1	test	M447-S017	True
lupus_fold1	lupus	1	test	M447-S018	True
lupus_fold1	lupus	1	test	M447-S019	True
lupus_fold1	lupus	1	test	M447-S022	True
lupus_fold1	lupus	1	test	M454-S019	True
lupus_fold1	lupus	1	test	M454-S033	True
lupus_fold1	lupus	1	test	M454-S059	True
lupus_fold1	lupus	1	test	M454-S052	True
lupus_fold1	lupus	1	test	M454-S058	True
lupus_fold1	lupus	1	test	M454-S017	True
lupus_fold1	lupus	1	test	M456-S009	True
lupus_fold2	lupus	2	train	M124-S014	False
lupus_fold2	lupus	2	train	M124-S042	False
lupus_fold2	lupus	2	train	M124-S012	False
lupus_fold2	lupus	2	train	M124-S036	False
lupus_fold2	lupus	2	train	M124-S035	False
lupus_fold2	lupus	2	train	M124-S039	False
lupus_fold2	lupus	2	train	M124-S040	False
lupus_fold2	lupus	2	train	M64-002	False
lupus_fold2	lupus	2	train	M64-003	False
lupus_fold2	lupus	2	train	M64-009	False
lupus_fold2	lupus	2	train	M64-010	False
lupus_fold2	lupus	2	train	M64-012	False
lupus_fold2	lupus	2	train	M64-014	False
lupus_fold2	lupus	2	train	M64-016	False
lupus_fold2	lupus	2	train	M64-017	False
lupus_fold2	lupus	2	train	M64-018	False
lupus_fold2	lupus	2	train	M64-026	False
lupus_fold2	lupus	2	train	M64-027	False
lupus_fold2	lupus	2	train	M64-028	False
lupus_fold2	lupus	2	train	M64-029	False
lupus_fold2	lupus	2	train	M64-031	False
lupus_fold2	lupus	2	train	M64-032	False
lupus_fold2	lupus	2	train	M64-033	False
lupus_fold2	lupus	2	train	M64-035	False
lupus_fold2	lupus	2	train	M64-037	False
lupus_fold2	lupus	2	train	M64-038	False
lupus_fold2	lupus	2	train	M64-040	False
lupus_fold2	lupus	2	train	M64-041	False
lupus_fold2	lupus	2	train	M64-043	False
lupus_fold2	lupus	2	train	M64-044	False
lupus_fold2	lupus	2	train	M64-047	False
lupus_fold2	lupus	2	train	M64-049	False
lupus_fold2	lupus	2	train	M64-051	False
lupus_fold2	lupus	2	train	M64-052	False
lupus_fold2	lupus	2	train	M64-053	False
lupus_fold2	lupus	2	train	M64-054	False
lupus_fold2	lupus	2	train	M64-055	False
lupus_fold2	lupus	2	train	M64-057	False
lupus_fold2	lupus	2	train	M64-058	False
lupus_fold2	lupus	2	train	M64-059	False
lupus_fold2	lupus	2	train	M64-061	False
lupus_fold2	lupus	2	train	M64-062	False
lupus_fold2	lupus	2	train	M64-064	False
lupus_fold2	lupus	2	train	M64-065	False
lupus_fold2	lupus	2	train	M64-068	False
lupus_fold2	lupus	2	train	M64-069	False
lupus_fold2	lupus	2	train	M64-073	False
lupus_fold2	lupus	2	train	M64-075	False
lupus_fold2	lupus	2	train	M64-076	False
lupus_fold2	lupus	2	train	M64-077	False
lupus_fold2	lupus	2	train	M64-078	False
lupus_fold2	lupus	2	train	M64-080	False
lupus_fold2	lupus	2	train	M64-081	False
lupus_fold2	lupus	2	train	M64-084	False
lupus_fold2	lupus	2	train	M64-085	False
lupus_fold2	lupus	2	train	M64-086	False
lupus_fold2	lupus	2	train	M64-087	False
lupus_fold2	lupus	2	train	M64-089	False
lupus_fold2	lupus	2	train	M64-090	False
lupus_fold2	lupus	2	train	M64-091	False
lupus_fold2	lupus	2	train	M64-092	False
lupus_fold2	lupus	2	train	M64-096	False
lupus_fold2	lupus	2	train	M64-097	False
lupus_fold2	lupus	2	train	M64-098	False
lupus_fold2	lupus	2	train	M64-101	False
lupus_fold2	lupus	2	train	M64-103	False
lupus_fold2	lupus	2	train	M64-104	False
lupus_fold2	lupus	2	train	M64-105	False
lupus_fold2	lupus	2	train	M64-106	False
lupus_fold2	lupus	2	train	M64-107	False
lupus_fold2	lupus	2	train	M64-109	False
lupus_fold2	lupus	2	train	M64-110	False
lupus_fold2	lupus	2	train	M64-111	False
lupus_fold2	lupus	2	train	M64-112	False
lupus_fold2	lupus	2	train	M64-113	False
lupus_fold2	lupus	2	train	M64-114	False
lupus_fold2	lupus	2	train	M124-S002	False
lupus_fold2	lupus	2	train	M124-S005	False
lupus_fold2	lupus	2	train	M124-S006	False
lupus_fold2	lupus	2	train	M124-S007	False
lupus_fold2	lupus	2	train	M124-S008	False
lupus_fold2	lupus	2	train	M124-S009	False
lupus_fold2	lupus	2	train	M124-S010	False
lupus_fold2	lupus	2	train	M124-S011	False
lupus_fold2	lupus	2	train	M124-S013	False
lupus_fold2	lupus	2	train	M124-S015	False
lupus_fold2	lupus	2	train	M124-S018	False
lupus_fold2	lupus	2	train	M124-S019	False
lupus_fold2	lupus	2	train	M124-S020	False
lupus_fold2	lupus	2	train	M124-S021	False
lupus_fold2	lupus	2	train	M124-S025	False
lupus_fold2	lupus	2	train	M124-S027	False
lupus_fold2	lupus	2	train	M124-S028	False
lupus_fold2	lupus	2	train	M124-S029	False
lupus_fold2	lupus	2	train	M124-S030	False
lupus_fold2	lupus	2	train	M124-S031	False
lupus_fold2	lupus	2	train	M124-S032	False
lupus_fold2	lupus	2	train	M124-S033	False
lupus_fold2	lupus	2	train	M124-S034	False
lupus_fold2	lupus	2	train	M281redo-S040	False
lupus_fold2	lupus	2	train	M281redo-S048	False
lupus_fold2	lupus	2	train	M281redo-S041	False
lupus_fold2	lupus	2	train	M281redo-S042	False
lupus_fold2	lupus	2	train	M281redo-S044	False
lupus_fold2	lupus	2	train	M281redo-S045	False
lupus_fold2	lupus	2	train	M281redo-S046	False
lupus_fold2	lupus	2	train	M281redo-S047	False
lupus_fold2	lupus	2	train	M281redo-S050	False
lupus_fold2	lupus	2	train	M281redo-S051	False
lupus_fold2	lupus	2	train	M281redo-S054	False
lupus_fold2	lupus	2	train	M281redo-S056	False
lupus_fold2	lupus	2	train	M281redo-S057	False
lupus_fold2	lupus	2	train	M281redo-S058	False
lupus_fold2	lupus	2	train	M281redo-S061	False
lupus_fold2	lupus	2	train	M281redo-S064	False
lupus_fold2	lupus	2	train	M281redo-S065	False
lupus_fold2	lupus	2	train	M281redo-S066	False
lupus_fold2	lupus	2	train	M281redo-S068	False
lupus_fold2	lupus	2	train	M454-S028	False
lupus_fold2	lupus	2	train	M454-S029	False
lupus_fold2	lupus	2	train	M456-S005	False
lupus_fold2	lupus	2	train	M456-S007	False
lupus_fold2	lupus	2	train	M464-S002	False
lupus_fold2	lupus	2	train	M464-S005	False
lupus_fold2	lupus	2	train	M464-S006	False
lupus_fold2	lupus	2	train	M464-S007	False
lupus_fold2	lupus	2	train	M464-S008	False
lupus_fold2	lupus	2	train	M464-S010	False
lupus_fold2	lupus	2	train	M464-S012	False
lupus_fold2	lupus	2	train	M464-S014	False
lupus_fold2	lupus	2	train	M464-S018	False
lupus_fold2	lupus	2	train	M464-S019	False
lupus_fold2	lupus	2	train	M464-S020	False
lupus_fold2	lupus	2	train	M464-S021	False
lupus_fold2	lupus	2	train	M464-S022	False
lupus_fold2	lupus	2	train	M464-S025	False
lupus_fold2	lupus	2	train	M464-S026	False
lupus_fold2	lupus	2	train	M464-S027	False
lupus_fold2	lupus	2	train	M464-S029	False
lupus_fold2	lupus	2	train	M464-S033	False
lupus_fold2	lupus	2	train	M464-S034	False
lupus_fold2	lupus	2	train	M464-S036	False
lupus_fold2	lupus	2	train	M464-S037	False
lupus_fold2	lupus	2	train	M464-S039	False
lupus_fold2	lupus	2	train	M464-S040	False
lupus_fold2	lupus	2	train	M464-S041	False
lupus_fold2	lupus	2	train	M464-S042	False
lupus_fold2	lupus	2	train	M464-S044	False
lupus_fold2	lupus	2	train	M464-S045	False
lupus_fold2	lupus	2	train	M491-S035	False
lupus_fold2	lupus	2	train	M491-S062	False
lupus_fold2	lupus	2	train	M281redo-S001	True
lupus_fold2	lupus	2	train	M281redo-S002	True
lupus_fold2	lupus	2	train	M281redo-S027	True
lupus_fold2	lupus	2	train	M281redo-S028	True
lupus_fold2	lupus	2	train	M281redo-S003	True
lupus_fold2	lupus	2	train	M281redo-S005	True
lupus_fold2	lupus	2	train	M281redo-S007	True
lupus_fold2	lupus	2	train	M281redo-S008	True
lupus_fold2	lupus	2	train	M281redo-S034	True
lupus_fold2	lupus	2	train	M281redo-S010	True
lupus_fold2	lupus	2	train	M281redo-S030	True
lupus_fold2	lupus	2	train	M281redo-S031	True
lupus_fold2	lupus	2	train	M281redo-S013	True
lupus_fold2	lupus	2	train	M281redo-S014	True
lupus_fold2	lupus	2	train	M281redo-S017	True
lupus_fold2	lupus	2	train	M281redo-S018	True
lupus_fold2	lupus	2	train	M281redo-S019	True
lupus_fold2	lupus	2	train	M281redo-S020	True
lupus_fold2	lupus	2	train	M281redo-S022	True
lupus_fold2	lupus	2	train	M281redo-S023	True
lupus_fold2	lupus	2	train	M281redo-S026	True
lupus_fold2	lupus	2	train	M281redo-S029	True
lupus_fold2	lupus	2	train	M281redo-S035	True
lupus_fold2	lupus	2	train	M281redo-S037	True
lupus_fold2	lupus	2	train	M447-S031	True
lupus_fold2	lupus	2	train	M447-S032	True
lupus_fold2	lupus	2	train	M447-S034	True
lupus_fold2	lupus	2	train	M447-S035	True
lupus_fold2	lupus	2	train	M447-S037	True
lupus_fold2	lupus	2	train	M447-S038	True
lupus_fold2	lupus	2	train	M447-S040	True
lupus_fold2	lupus	2	train	M447-S041	True
lupus_fold2	lupus	2	train	M447-S042	True
lupus_fold2	lupus	2	train	M447-S002	True
lupus_fold2	lupus	2	train	M447-S003	True
lupus_fold2	lupus	2	train	M447-S004	True
lupus_fold2	lupus	2	train	M447-S007	True
lupus_fold2	lupus	2	train	M447-S008	True
lupus_fold2	lupus	2	train	M447-S009	True
lupus_fold2	lupus	2	train	M447-S010	True
lupus_fold2	lupus	2	train	M447-S011	True
lupus_fold2	lupus	2	train	M447-S012	True
lupus_fold2	lupus	2	train	M447-S013	True
lupus_fold2	lupus	2	train	M447-S014	True
lupus_fold2	lupus	2	train	M447-S015	True
lupus_fold2	lupus	2	train	M447-S016	True
lupus_fold2	lupus	2	train	M447-S017	True
lupus_fold2	lupus	2	train	M447-S018	True
lupus_fold2	lupus	2	train	M447-S019	True
lupus_fold2	lupus	2	train	M447-S021	True
lupus_fold2	lupus	2	train	M447-S022	True
lupus_fold2	lupus	2	train	M447-S023	True
lupus_fold2	lupus	2	train	M447-S025	True
lupus_fold2	lupus	2	train	M447-S026	True
lupus_fold2	lupus	2	train	M447-S029	True
lupus_fold2	lupus	2	train	M454-S015	True
lupus_fold2	lupus	2	train	M454-S018	True
lupus_fold2	lupus	2	train	M454-S019	True
lupus_fold2	lupus	2	train	M454-S033	True
lupus_fold2	lupus	2	train	M454-S059	True
lupus_fold2	lupus	2	train	M454-S049	True
lupus_fold2	lupus	2	train	M454-S050	True
lupus_fold2	lupus	2	train	M454-S052	True
lupus_fold2	lupus	2	train	M454-S058	True
lupus_fold2	lupus	2	train	M454-S017	True
lupus_fold2	lupus	2	train	M456-S008	True
lupus_fold2	lupus	2	train	M456-S009	True
lupus_fold2	lupus	2	test	M124-S041	False
lupus_fold2	lupus	2	test	M124-S037	False
lupus_fold2	lupus	2	test	M124-S038	False
lupus_fold2	lupus	2	test	M64-004	False
lupus_fold2	lupus	2	test	M64-005	False
lupus_fold2	lupus	2	test	M64-006	False
lupus_fold2	lupus	2	test	M64-008	False
lupus_fold2	lupus	2	test	M64-013	False
lupus_fold2	lupus	2	test	M64-019	False
lupus_fold2	lupus	2	test	M64-021	False
lupus_fold2	lupus	2	test	M64-022	False
lupus_fold2	lupus	2	test	M64-030	False
lupus_fold2	lupus	2	test	M64-034	False
lupus_fold2	lupus	2	test	M64-036	False
lupus_fold2	lupus	2	test	M64-039	False
lupus_fold2	lupus	2	test	M64-042	False
lupus_fold2	lupus	2	test	M64-046	False
lupus_fold2	lupus	2	test	M64-048	False
lupus_fold2	lupus	2	test	M64-050	False
lupus_fold2	lupus	2	test	M64-060	False
lupus_fold2	lupus	2	test	M64-063	False
lupus_fold2	lupus	2	test	M64-067	False
lupus_fold2	lupus	2	test	M64-070	False
lupus_fold2	lupus	2	test	M64-071	False
lupus_fold2	lupus	2	test	M64-072	False
lupus_fold2	lupus	2	test	M64-074	False
lupus_fold2	lupus	2	test	M64-079	False
lupus_fold2	lupus	2	test	M64-082	False
lupus_fold2	lupus	2	test	M64-083	False
lupus_fold2	lupus	2	test	M64-088	False
lupus_fold2	lupus	2	test	M64-093	False
lupus_fold2	lupus	2	test	M64-094	False
lupus_fold2	lupus	2	test	M64-095	False
lupus_fold2	lupus	2	test	M64-099	False
lupus_fold2	lupus	2	test	M64-100	False
lupus_fold2	lupus	2	test	M64-108	False
lupus_fold2	lupus	2	test	M124-S001	False
lupus_fold2	lupus	2	test	M124-S003	False
lupus_fold2	lupus	2	test	M124-S004	False
lupus_fold2	lupus	2	test	M124-S016	False
lupus_fold2	lupus	2	test	M124-S017	False
lupus_fold2	lupus	2	test	M124-S022	False
lupus_fold2	lupus	2	test	M124-S023	False
lupus_fold2	lupus	2	test	M124-S024	False
lupus_fold2	lupus	2	test	M124-S026	False
lupus_fold2	lupus	2	test	M124-S043	False
lupus_fold2	lupus	2	test	M281redo-S038	False
lupus_fold2	lupus	2	test	M281redo-S039	False
lupus_fold2	lupus	2	test	M281redo-S053	False
lupus_fold2	lupus	2	test	M281redo-S052	False
lupus_fold2	lupus	2	test	M281redo-S059	False
lupus_fold2	lupus	2	test	M281redo-S060	False
lupus_fold2	lupus	2	test	M281redo-S062	False
lupus_fold2	lupus	2	test	M281redo-S063	False
lupus_fold2	lupus	2	test	M454-S030	False
lupus_fold2	lupus	2	test	M454-S032	False
lupus_fold2	lupus	2	test	M464-S001	False
lupus_fold2	lupus	2	test	M464-S004	False
lupus_fold2	lupus	2	test	M464-S009	False
lupus_fold2	lupus	2	test	M464-S011	False
lupus_fold2	lupus	2	test	M464-S013	False
lupus_fold2	lupus	2	test	M464-S015	False
lupus_fold2	lupus	2	test	M464-S016	False
lupus_fold2	lupus	2	test	M464-S017	False
lupus_fold2	lupus	2	test	M464-S023	False
lupus_fold2	lupus	2	test	M464-S024	False
lupus_fold2	lupus	2	test	M464-S028	False
lupus_fold2	lupus	2	test	M464-S030	False
lupus_fold2	lupus	2	test	M464-S031	False
lupus_fold2	lupus	2	test	M464-S032	False
lupus_fold2	lupus	2	test	M464-S035	False
lupus_fold2	lupus	2	test	M464-S046	False
lupus_fold2	lupus	2	test	M491-S088	False
lupus_fold2	lupus	2	test	M281redo-S004	True
lupus_fold2	lupus	2	test	M281redo-S006	True
lupus_fold2	lupus	2	test	M281redo-S009	True
lupus_fold2	lupus	2	test	M281redo-S036	True
lupus_fold2	lupus	2	test	M281redo-S011	True
lupus_fold2	lupus	2	test	M281redo-S012	True
lupus_fold2	lupus	2	test	M281redo-S016	True
lupus_fold2	lupus	2	test	M281redo-S021	True
lupus_fold2	lupus	2	test	M281redo-S024	True
lupus_fold2	lupus	2	test	M281redo-S025	True
lupus_fold2	lupus	2	test	M447-S033	True
lupus_fold2	lupus	2	test	M447-S036	True
lupus_fold2	lupus	2	test	M447-S039	True
lupus_fold2	lupus	2	test	M447-S043	True
lupus_fold2	lupus	2	test	M447-S001	True
lupus_fold2	lupus	2	test	M447-S005	True
lupus_fold2	lupus	2	test	M447-S006	True
lupus_fold2	lupus	2	test	M447-S020	True
lupus_fold2	lupus	2	test	M447-S024	True
lupus_fold2	lupus	2	test	M447-S027	True
lupus_fold2	lupus	2	test	M447-S028	True
lupus_fold2	lupus	2	test	M447-S030	True
lupus_fold2	lupus	2	test	M454-S011	True
lupus_fold2	lupus	2	test	M454-S020	True
lupus_fold2	lupus	2	test	M454-S021	True
lupus_fold2	lupus	2	test	M454-S031	True
lupus_fold2	lupus	2	test	M454-S035	True
lupus_fold2	lupus	2	test	M454-S060	True
lupus_fold2	lupus	2	test	M456-S001	True
lupus_fold2	lupus	2	test	M456-S002	True
lupus_fold2	lupus	2	test	M456-S006	True
hiv_fold0	hiv	0	train	M124-S014	False
hiv_fold0	hiv	0	train	M124-S041	False
hiv_fold0	hiv	0	train	M124-S012	False
hiv_fold0	hiv	0	train	M124-S037	False
hiv_fold0	hiv	0	train	M124-S035	False
hiv_fold0	hiv	0	train	M124-S038	False
hiv_fold0	hiv	0	train	M124-S039	False
hiv_fold0	hiv	0	train	M64-004	False
hiv_fold0	hiv	0	train	M64-005	False
hiv_fold0	hiv	0	train	M64-006	False
hiv_fold0	hiv	0	train	M64-008	False
hiv_fold0	hiv	0	train	M64-009	False
hiv_fold0	hiv	0	train	M64-012	False
hiv_fold0	hiv	0	train	M64-013	False
hiv_fold0	hiv	0	train	M64-016	False
hiv_fold0	hiv	0	train	M64-018	False
hiv_fold0	hiv	0	train	M64-019	False
hiv_fold0	hiv	0	train	M64-021	False
hiv_fold0	hiv	0	train	M64-022	False
hiv_fold0	hiv	0	train	M64-027	False
hiv_fold0	hiv	0	train	M64-028	False
hiv_fold0	hiv	0	train	M64-030	False
hiv_fold0	hiv	0	train	M64-031	False
hiv_fold0	hiv	0	train	M64-033	False
hiv_fold0	hiv	0	train	M64-034	False
hiv_fold0	hiv	0	train	M64-036	False
hiv_fold0	hiv	0	train	M64-037	False
hiv_fold0	hiv	0	train	M64-038	False
hiv_fold0	hiv	0	train	M64-039	False
hiv_fold0	hiv	0	train	M64-042	False
hiv_fold0	hiv	0	train	M64-046	False
hiv_fold0	hiv	0	train	M64-048	False
hiv_fold0	hiv	0	train	M64-049	False
hiv_fold0	hiv	0	train	M64-050	False
hiv_fold0	hiv	0	train	M64-051	False
hiv_fold0	hiv	0	train	M64-052	False
hiv_fold0	hiv	0	train	M64-055	False
hiv_fold0	hiv	0	train	M64-059	False
hiv_fold0	hiv	0	train	M64-060	False
hiv_fold0	hiv	0	train	M64-061	False
hiv_fold0	hiv	0	train	M64-063	False
hiv_fold0	hiv	0	train	M64-064	False
hiv_fold0	hiv	0	train	M64-067	False
hiv_fold0	hiv	0	train	M64-069	False
hiv_fold0	hiv	0	train	M64-070	False
hiv_fold0	hiv	0	train	M64-071	False
hiv_fold0	hiv	0	train	M64-072	False
hiv_fold0	hiv	0	train	M64-073	False
hiv_fold0	hiv	0	train	M64-074	False
hiv_fold0	hiv	0	train	M64-075	False
hiv_fold0	hiv	0	train	M64-076	False
hiv_fold0	hiv	0	train	M64-079	False
hiv_fold0	hiv	0	train	M64-080	False
hiv_fold0	hiv	0	train	M64-082	False
hiv_fold0	hiv	0	train	M64-083	False
hiv_fold0	hiv	0	train	M64-087	False
hiv_fold0	hiv	0	train	M64-088	False
hiv_fold0	hiv	0	train	M64-091	False
hiv_fold0	hiv	0	train	M64-092	False
hiv_fold0	hiv	0	train	M64-093	False
hiv_fold0	hiv	0	train	M64-094	False
hiv_fold0	hiv	0	train	M64-095	False
hiv_fold0	hiv	0	train	M64-096	False
hiv_fold0	hiv	0	train	M64-097	False
hiv_fold0	hiv	0	train	M64-098	False
hiv_fold0	hiv	0	train	M64-099	False
hiv_fold0	hiv	0	train	M64-100	False
hiv_fold0	hiv	0	train	M64-104	False
hiv_fold0	hiv	0	train	M64-105	False
hiv_fold0	hiv	0	train	M64-106	False
hiv_fold0	hiv	0	train	M64-108	False
hiv_fold0	hiv	0	train	M64-110	False
hiv_fold0	hiv	0	train	M64-113	False
hiv_fold0	hiv	0	train	M124-S001	False
hiv_fold0	hiv	0	train	M124-S003	False
hiv_fold0	hiv	0	train	M124-S004	False
hiv_fold0	hiv	0	train	M124-S007	False
hiv_fold0	hiv	0	train	M124-S008	False
hiv_fold0	hiv	0	train	M124-S010	False
hiv_fold0	hiv	0	train	M124-S011	False
hiv_fold0	hiv	0	train	M124-S015	False
hiv_fold0	hiv	0	train	M124-S016	False
hiv_fold0	hiv	0	train	M124-S017	False
hiv_fold0	hiv	0	train	M124-S019	False
hiv_fold0	hiv	0	train	M124-S020	False
hiv_fold0	hiv	0	train	M124-S021	False
hiv_fold0	hiv	0	train	M124-S022	False
hiv_fold0	hiv	0	train	M124-S023	False
hiv_fold0	hiv	0	train	M124-S024	False
hiv_fold0	hiv	0	train	M124-S025	False
hiv_fold0	hiv	0	train	M124-S026	False
hiv_fold0	hiv	0	train	M124-S028	False
hiv_fold0	hiv	0	train	M124-S029	False
hiv_fold0	hiv	0	train	M124-S034	False
hiv_fold0	hiv	0	train	M124-S043	False
hiv_fold0	hiv	0	train	M281redo-S038	False
hiv_fold0	hiv	0	train	M281redo-S039	False
hiv_fold0	hiv	0	train	M281redo-S042	False
hiv_fold0	hiv	0	train	M281redo-S044	False
hiv_fold0	hiv	0	train	M281redo-S046	False
hiv_fold0	hiv	0	train	M281redo-S047	False
hiv_fold0	hiv	0	train	M281redo-S053	False
hiv_fold0	hiv	0	train	M281redo-S050	False
hiv_fold0	hiv	0	train	M281redo-S052	False
hiv_fold0	hiv	0	train	M281redo-S059	False
hiv_fold0	hiv	0	train	M281redo-S060	False
hiv_fold0	hiv	0	train	M281redo-S062	False
hiv_fold0	hiv	0	train	M281redo-S063	False
hiv_fold0	hiv	0	train	M281redo-S064	False
hiv_fold0	hiv	0	train	M281redo-S065	False
hiv_fold0	hiv	0	train	M281redo-S066	False
hiv_fold0	hiv	0	train	M281redo-S068	False
hiv_fold0	hiv	0	train	M454-S029	False
hiv_fold0	hiv	0	train	M454-S030	False
hiv_fold0	hiv	0	train	M454-S032	False
hiv_fold0	hiv	0	train	M464-S001	False
hiv_fold0	hiv	0	train	M464-S004	False
hiv_fold0	hiv	0	train	M464-S005	False
hiv_fold0	hiv	0	train	M464-S008	False
hiv_fold0	hiv	0	train	M464-S009	False
hiv_fold0	hiv	0	train	M464-S011	False
hiv_fold0	hiv	0	train	M464-S012	False
hiv_fold0	hiv	0	train	M464-S013	False
hiv_fold0	hiv	0	train	M464-S015	False
hiv_fold0	hiv	0	train	M464-S016	False
hiv_fold0	hiv	0	train	M464-S017	False
hiv_fold0	hiv	0	train	M464-S019	False
hiv_fold0	hiv	0	train	M464-S020	False
hiv_fold0	hiv	0	train	M464-S021	False
hiv_fold0	hiv	0	train	M464-S022	False
hiv_fold0	hiv	0	train	M464-S023	False
hiv_fold0	hiv	0	train	M464-S024	False
hiv_fold0	hiv	0	train	M464-S025	False
hiv_fold0	hiv	0	train	M464-S026	False
hiv_fold0	hiv	0	train	M464-S028	False
hiv_fold0	hiv	0	train	M464-S029	False
hiv_fold0	hiv	0	train	M464-S030	False
hiv_fold0	hiv	0	train	M464-S031	False
hiv_fold0	hiv	0	train	M464-S032	False
hiv_fold0	hiv	0	train	M464-S035	False
hiv_fold0	hiv	0	train	M464-S036	False
hiv_fold0	hiv	0	train	M464-S037	False
hiv_fold0	hiv	0	train	M464-S039	False
hiv_fold0	hiv	0	train	M464-S044	False
hiv_fold0	hiv	0	train	M464-S045	False
hiv_fold0	hiv	0	train	M464-S046	False
hiv_fold0	hiv	0	train	M491-S035	False
hiv_fold0	hiv	0	train	M491-S088	False
hiv_fold0	hiv	0	train	M111-S033	True
hiv_fold0	hiv	0	train	M111-S038	True
hiv_fold0	hiv	0	train	M111-S055	True
hiv_fold0	hiv	0	train	M124-S070	True
hiv_fold0	hiv	0	train	M111-S042	True
hiv_fold0	hiv	0	train	M111-S018	True
hiv_fold0	hiv	0	train	M111-S034	True
hiv_fold0	hiv	0	train	M111-S040	True
hiv_fold0	hiv	0	train	M111-S041	True
hiv_fold0	hiv	0	train	M111-S039	True
hiv_fold0	hiv	0	train	M111-S022	True
hiv_fold0	hiv	0	train	M111-S019	True
hiv_fold0	hiv	0	train	M111-S013	True
hiv_fold0	hiv	0	train	M111-S026	True
hiv_fold0	hiv	0	train	M111-S032	True
hiv_fold0	hiv	0	train	M111-S027	True
hiv_fold0	hiv	0	train	M111-S004	True
hiv_fold0	hiv	0	train	M111-S008	True
hiv_fold0	hiv	0	train	M111-S001	True
hiv_fold0	hiv	0	train	M111-S005	True
hiv_fold0	hiv	0	train	M111-S024	True
hiv_fold0	hiv	0	train	M111-S053	True
hiv_fold0	hiv	0	train	M111-S045	True
hiv_fold0	hiv	0	train	M111-S044	True
hiv_fold0	hiv	0	train	M111-S006	True
hiv_fold0	hiv	0	train	M111-S046	True
hiv_fold0	hiv	0	train	M111-S047	True
hiv_fold0	hiv	0	train	M111-S050	True
hiv_fold0	hiv	0	train	M111-S017	True
hiv_fold0	hiv	0	train	M111-S015	True
hiv_fold0	hiv	0	train	M111-S010	True
hiv_fold0	hiv	0	train	M111-S002	True
hiv_fold0	hiv	0	train	M111-S012	True
hiv_fold0	hiv	0	train	M111-S051	True
hiv_fold0	hiv	0	train	M111-S052	True
hiv_fold0	hiv	0	train	M111-S049	True
hiv_fold0	hiv	0	train	M111-S029	True
hiv_fold0	hiv	0	train	M124-S045	True
hiv_fold0	hiv	0	train	M124-S046	True
hiv_fold0	hiv	0	train	M124-S047	True
hiv_fold0	hiv	0	train	M124-S049	True
hiv_fold0	hiv	0	train	M124-S050	True
hiv_fold0	hiv	0	train	M124-S051	True
hiv_fold0	hiv	0	train	M124-S052	True
hiv_fold0	hiv	0	train	M124-S053	True
hiv_fold0	hiv	0	train	M124-S056	True
hiv_fold0	hiv	0	train	M124-S057	True
hiv_fold0	hiv	0	train	M124-S059	True
hiv_fold0	hiv	0	train	M124-S061	True
hiv_fold0	hiv	0	train	M124-S062	True
hiv_fold0	hiv	0	train	M124-S063	True
hiv_fold0	hiv	0	train	M124-S069	True
hiv_fold0	hiv	0	train	M124-S071	True
hiv_fold0	hiv	0	train	M124-S074	True
hiv_fold0	hiv	0	train	M124-S075	True
hiv_fold0	hiv	0	train	M124-S076	True
hiv_fold0	hiv	0	train	M124-S077	True
hiv_fold0	hiv	0	train	M124-S078	True
hiv_fold0	hiv	0	train	M124-S079	True
hiv_fold0	hiv	0	train	M124-S081	True
hiv_fold0	hiv	0	train	M124-S082	True
hiv_fold0	hiv	0	train	M124-S084	True
hiv_fold0	hiv	0	train	M124-S064	True
hiv_fold0	hiv	0	train	M124-S085	True
hiv_fold0	hiv	0	train	M124-S087	True
hiv_fold0	hiv	0	test	M124-S042	False
hiv_fold0	hiv	0	test	M124-S036	False
hiv_fold0	hiv	0	test	M124-S040	False
hiv_fold0	hiv	0	test	M64-002	False
hiv_fold0	hiv	0	test	M64-003	False
hiv_fold0	hiv	0	test	M64-010	False
hiv_fold0	hiv	0	test	M64-014	False
hiv_fold0	hiv	0	test	M64-017	False
hiv_fold0	hiv	0	test	M64-026	False
hiv_fold0	hiv	0	test	M64-029	False
hiv_fold0	hiv	0	test	M64-032	False
hiv_fold0	hiv	0	test	M64-035	False
hiv_fold0	hiv	0	test	M64-040	False
hiv_fold0	hiv	0	test	M64-041	False
hiv_fold0	hiv	0	test	M64-043	False
hiv_fold0	hiv	0	test	M64-044	False
hiv_fold0	hiv	0	test	M64-047	False
hiv_fold0	hiv	0	test	M64-053	False
hiv_fold0	hiv	0	test	M64-054	False
hiv_fold0	hiv	0	test	M64-057	False
hiv_fold0	hiv	0	test	M64-058	False
hiv_fold0	hiv	0	test	M64-062	False
hiv_fold0	hiv	0	test	M64-065	False
hiv_fold0	hiv	0	test	M64-068	False
hiv_fold0	hiv	0	test	M64-077	False
hiv_fold0	hiv	0	test	M64-078	False
hiv_fold0	hiv	0	test	M64-081	False
hiv_fold0	hiv	0	test	M64-084	False
hiv_fold0	hiv	0	test	M64-085	False
hiv_fold0	hiv	0	test	M64-086	False
hiv_fold0	hiv	0	test	M64-089	False
hiv_fold0	hiv	0	test	M64-090	False
hiv_fold0	hiv	0	test	M64-101	False
hiv_fold0	hiv	0	test	M64-103	False
hiv_fold0	hiv	0	test	M64-107	False
hiv_fold0	hiv	0	test	M64-109	False
hiv_fold0	hiv	0	test	M64-111	False
hiv_fold0	hiv	0	test	M64-112	False
hiv_fold0	hiv	0	test	M64-114	False
hiv_fold0	hiv	0	test	M124-S002	False
hiv_fold0	hiv	0	test	M124-S005	False
hiv_fold0	hiv	0	test	M124-S006	False
hiv_fold0	hiv	0	test	M124-S009	False
hiv_fold0	hiv	0	test	M124-S013	False
hiv_fold0	hiv	0	test	M124-S018	False
hiv_fold0	hiv	0	test	M124-S027	False
hiv_fold0	hiv	0	test	M124-S030	False
hiv_fold0	hiv	0	test	M124-S031	False
hiv_fold0	hiv	0	test	M124-S032	False
hiv_fold0	hiv	0	test	M124-S033	False
hiv_fold0	hiv	0	test	M281redo-S040	False
hiv_fold0	hiv	0	test	M281redo-S048	False
hiv_fold0	hiv	0	test	M281redo-S041	False
hiv_fold0	hiv	0	test	M281redo-S045	False
hiv_fold0	hiv	0	test	M281redo-S051	False
hiv_fold0	hiv	0	test	M281redo-S054	False
hiv_fold0	hiv	0	test	M281redo-S056	False
hiv_fold0	hiv	0	test	M281redo-S057	False
hiv_fold0	hiv	0	test	M281redo-S058	False
hiv_fold0	hiv	0	test	M281redo-S061	False
hiv_fold0	hiv	0	test	M454-S028	False
hiv_fold0	hiv	0	test	M456-S005	False
hiv_fold0	hiv	0	test	M456-S007	False
hiv_fold0	hiv	0	test	M464-S002	False
hiv_fold0	hiv	0	test	M464-S006	False
hiv_fold0	hiv	0	test	M464-S007	False
hiv_fold0	hiv	0	test	M464-S010	False
hiv_fold0	hiv	0	test	M464-S014	False
hiv_fold0	hiv	0	test	M464-S018	False
hiv_fold0	hiv	0	test	M464-S027	False
hiv_fold0	hiv	0	test	M464-S033	False
hiv_fold0	hiv	0	test	M464-S034	False
hiv_fold0	hiv	0	test	M464-S040	False
hiv_fold0	hiv	0	test	M464-S041	False
hiv_fold0	hiv	0	test	M464-S042	False
hiv_fold0	hiv	0	test	M491-S062	False
hiv_fold0	hiv	0	test	M111-S037	True
hiv_fold0	hiv	0	test	M111-S016	True
hiv_fold0	hiv	0	test	M111-S043	True
hiv_fold0	hiv	0	test	M111-S035	True
hiv_fold0	hiv	0	test	M111-S025	True
hiv_fold0	hiv	0	test	M111-S011	True
hiv_fold0	hiv	0	test	M111-S036	True
hiv_fold0	hiv	0	test	M111-S009	True
hiv_fold0	hiv	0	test	M111-S030	True
hiv_fold0	hiv	0	test	M111-S031	True
hiv_fold0	hiv	0	test	M111-S020	True
hiv_fold0	hiv	0	test	M111-S003	True
hiv_fold0	hiv	0	test	M111-S023	True
hiv_fold0	hiv	0	test	M111-S007	True
hiv_fold0	hiv	0	test	M111-S021	True
hiv_fold0	hiv	0	test	M111-S054	True
hiv_fold0	hiv	0	test	M111-S048	True
hiv_fold0	hiv	0	test	M111-S028	True
hiv_fold0	hiv	0	test	M124-S044	True
hiv_fold0	hiv	0	test	M124-S048	True
hiv_fold0	hiv	0	test	M124-S054	True
hiv_fold0	hiv	0	test	M124-S058	True
hiv_fold0	hiv	0	test	M124-S060	True
hiv_fold0	hiv	0	test	M124-S065	True
hiv_fold0	hiv	0	test	M124-S066	True
hiv_fold0	hiv	0	test	M124-S067	True
hiv_fold0	hiv	0	test	M124-S068	True
hiv_fold0	hiv	0	test	M124-S072	True
hiv_fold0	hiv	0	test	M124-S073	True
hiv_fold0	hiv	0	test	M124-S080	True
hiv_fold0	hiv	0	test	M124-S083	True
hiv_fold0	hiv	0	test	M124-S055	True
hiv_fold0	hiv	0	test	M124-S086	True
hiv_fold1	hiv	1	train	M124-S042	False
hiv_fold1	hiv	1	train	M124-S041	False
hiv_fold1	hiv	1	train	M124-S037	False
hiv_fold1	hiv	1	train	M124-S036	False
hiv_fold1	hiv	1	train	M124-S038	False
hiv_fold1	hiv	1	train	M124-S040	False
hiv_fold1	hiv	1	train	M64-002	False
hiv_fold1	hiv	1	train	M64-003	False
hiv_fold1	hiv	1	train	M64-004	False
hiv_fold1	hiv	1	train	M64-005	False
hiv_fold1	hiv	1	train	M64-006	False
hiv_fold1	hiv	1	train	M64-008	False
hiv_fold1	hiv	1	train	M64-010	False
hiv_fold1	hiv	1	train	M64-013	False
hiv_fold1	hiv	1	train	M64-014	False
hiv_fold1	hiv	1	train	M64-017	False
hiv_fold1	hiv	1	train	M64-019	False
hiv_fold1	hiv	1	train	M64-021	False
hiv_fold1	hiv	1	train	M64-022	False
hiv_fold1	hiv	1	train	M64-026	False
hiv_fold1	hiv	1	train	M64-029	False
hiv_fold1	hiv	1	train	M64-030	False
hiv_fold1	hiv	1	train	M64-032	False
hiv_fold1	hiv	1	train	M64-034	False
hiv_fold1	hiv	1	train	M64-035	False
hiv_fold1	hiv	1	train	M64-036	False
hiv_fold1	hiv	1	train	M64-039	False
hiv_fold1	hiv	1	train	M64-040	False
hiv_fold1	hiv	1	train	M64-041	False
hiv_fold1	hiv	1	train	M64-042	False
hiv_fold1	hiv	1	train	M64-043	False
hiv_fold1	hiv	1	train	M64-044	False
hiv_fold1	hiv	1	train	M64-046	False
hiv_fold1	hiv	1	train	M64-047	False
hiv_fold1	hiv	1	train	M64-048	False
hiv_fold1	hiv	1	train	M64-050	False
hiv_fold1	hiv	1	train	M64-053	False
hiv_fold1	hiv	1	train	M64-054	False
hiv_fold1	hiv	1	train	M64-057	False
hiv_fold1	hiv	1	train	M64-058	False
hiv_fold1	hiv	1	train	M64-060	False
hiv_fold1	hiv	1	train	M64-062	False
hiv_fold1	hiv	1	train	M64-063	False
hiv_fold1	hiv	1	train	M64-065	False
hiv_fold1	hiv	1	train	M64-067	False
hiv_fold1	hiv	1	train	M64-068	False
hiv_fold1	hiv	1	train	M64-070	False
hiv_fold1	hiv	1	train	M64-071	False
hiv_fold1	hiv	1	train	M64-072	False
hiv_fold1	hiv	1	train	M64-074	False
hiv_fold1	hiv	1	train	M64-077	False
hiv_fold1	hiv	1	train	M64-078	False
hiv_fold1	hiv	1	train	M64-079	False
hiv_fold1	hiv	1	train	M64-081	False
hiv_fold1	hiv	1	train	M64-082	False
hiv_fold1	hiv	1	train	M64-083	False
hiv_fold1	hiv	1	train	M64-084	False
hiv_fold1	hiv	1	train	M64-085	False
hiv_fold1	hiv	1	train	M64-086	False
hiv_fold1	hiv	1	train	M64-088	False
hiv_fold1	hiv	1	train	M64-089	False
hiv_fold1	hiv	1	train	M64-090	False
hiv_fold1	hiv	1	train	M64-093	False
hiv_fold1	hiv	1	train	M64-094	False
hiv_fold1	hiv	1	train	M64-095	False
hiv_fold1	hiv	1	train	M64-099	False
hiv_fold1	hiv	1	train	M64-100	False
hiv_fold1	hiv	1	train	M64-101	False
hiv_fold1	hiv	1	train	M64-103	False
hiv_fold1	hiv	1	train	M64-107	False
hiv_fold1	hiv	1	train	M64-108	False
hiv_fold1	hiv	1	train	M64-109	False
hiv_fold1	hiv	1	train	M64-111	False
hiv_fold1	hiv	1	train	M64-112	False
hiv_fold1	hiv	1	train	M64-114	False
hiv_fold1	hiv	1	train	M124-S001	False
hiv_fold1	hiv	1	train	M124-S002	False
hiv_fold1	hiv	1	train	M124-S003	False
hiv_fold1	hiv	1	train	M124-S004	False
hiv_fold1	hiv	1	train	M124-S005	False
hiv_fold1	hiv	1	train	M124-S006	False
hiv_fold1	hiv	1	train	M124-S009	False
hiv_fold1	hiv	1	train	M124-S013	False
hiv_fold1	hiv	1	train	M124-S016	False
hiv_fold1	hiv	1	train	M124-S017	False
hiv_fold1	hiv	1	train	M124-S018	False
hiv_fold1	hiv	1	train	M124-S022	False
hiv_fold1	hiv	1	train	M124-S023	False
hiv_fold1	hiv	1	train	M124-S024	False
hiv_fold1	hiv	1	train	M124-S026	False
hiv_fold1	hiv	1	train	M124-S027	False
hiv_fold1	hiv	1	train	M124-S030	False
hiv_fold1	hiv	1	train	M124-S031	False
hiv_fold1	hiv	1	train	M124-S032	False
hiv_fold1	hiv	1	train	M124-S033	False
hiv_fold1	hiv	1	train	M124-S043	False
hiv_fold1	hiv	1	train	M281redo-S038	False
hiv_fold1	hiv	1	train	M281redo-S039	False
hiv_fold1	hiv	1	train	M281redo-S040	False
hiv_fold1	hiv	1	train	M281redo-S048	False
hiv_fold1	hiv	1	train	M281redo-S041	False
hiv_fold1	hiv	1	train	M281redo-S045	False
hiv_fold1	hiv	1	train	M281redo-S053	False
hiv_fold1	hiv	1	train	M281redo-S051	False
hiv_fold1	hiv	1	train	M281redo-S052	False
hiv_fold1	hiv	1	train	M281redo-S054	False
hiv_fold1	hiv	1	train	M281redo-S056	False
hiv_fold1	hiv	1	train	M281redo-S057	False
hiv_fold1	hiv	1	train	M281redo-S058	False
hiv_fold1	hiv	1	train	M281redo-S059	False
hiv_fold1	hiv	1	train	M281redo-S060	False
hiv_fold1	hiv	1	train	M281redo-S061	False
hiv_fold1	hiv	1	train	M281redo-S062	False
hiv_fold1	hiv	1	train	M281redo-S063	False
hiv_fold1	hiv	1	train	M454-S028	False
hiv_fold1	hiv	1	train	M454-S030	False
hiv_fold1	hiv	1	train	M454-S032	False
hiv_fold1	hiv	1	train	M456-S005	False
hiv_fold1	hiv	1	train	M456-S007	False
hiv_fold1	hiv	1	train	M464-S001	False
hiv_fold1	hiv	1	train	M464-S002	False
hiv_fold1	hiv	1	train	M464-S004	False
hiv_fold1	hiv	1	train	M464-S006	False
hiv_fold1	hiv	1	train	M464-S007	False
hiv_fold1	hiv	1	train	M464-S009	False
hiv_fold1	hiv	1	train	M464-S010	False
hiv_fold1	hiv	1	train	M464-S011	False
hiv_fold1	hiv	1	train	M464-S013	False
hiv_fold1	hiv	1	train	M464-S014	False
hiv_fold1	hiv	1	train	M464-S015	False
hiv_fold1	hiv	1	train	M464-S016	False
hiv_fold1	hiv	1	train	M464-S017	False
hiv_fold1	hiv	1	train	M464-S018	False
hiv_fold1	hiv	1	train	M464-S023	False
hiv_fold1	hiv	1	train	M464-S024	False
hiv_fold1	hiv	1	train	M464-S027	False
hiv_fold1	hiv	1	train	M464-S028	False
hiv_fold1	hiv	1	train	M464-S030	False
hiv_fold1	hiv	1	train	M464-S031	False
hiv_fold1	hiv	1	train	M464-S032	False
hiv_fold1	hiv	1	train	M464-S033	False
hiv_fold1	hiv	1	train	M464-S034	False
hiv_fold1	hiv	1	train	M464-S035	False
hiv_fold1	hiv	1	train	M464-S040	False
hiv_fold1	hiv	1	train	M464-S041	False
hiv_fold1	hiv	1	train	M464-S042	False
hiv_fold1	hiv	1	train	M464-S046	False
hiv_fold1	hiv	1	train	M491-S062	False
hiv_fold1	hiv	1	train	M491-S088	False
hiv_fold1	hiv	1	train	M111-S037	True
hiv_fold1	hiv	1	train	M111-S033	True
hiv_fold1	hiv	1	train	M111-S038	True
hiv_fold1	hiv	1	train	M111-S016	True
hiv_fold1	hiv	1	train	M111-S043	True
hiv_fold1	hiv	1	train	M111-S040	True
hiv_fold1	hiv	1	train	M111-S041	True
hiv_fold1	hiv	1	train	M111-S035	True
hiv_fold1	hiv	1	train	M111-S025	True
hiv_fold1	hiv	1	train	M111-S011	True
hiv_fold1	hiv	1	train	M111-S036	True
hiv_fold1	hiv	1	train	M111-S039	True
hiv_fold1	hiv	1	train	M111-S022	True
hiv_fold1	hiv	1	train	M111-S019	True
hiv_fold1	hiv	1	train	M111-S013	True
hiv_fold1	hiv	1	train	M111-S009	True
hiv_fold1	hiv	1	train	M111-S030	True
hiv_fold1	hiv	1	train	M111-S032	True
hiv_fold1	hiv	1	train	M111-S031	True
hiv_fold1	hiv	1	train	M111-S020	True
hiv_fold1	hiv	1	train	M111-S027	True
hiv_fold1	hiv	1	train	M111-S008	True
hiv_fold1	hiv	1	train	M111-S003	True
hiv_fold1	hiv	1	train	M111-S053	True
hiv_fold1	hiv	1	train	M111-S023	True
hiv_fold1	hiv	1	train	M111-S007	True
hiv_fold1	hiv	1	train	M111-S044	True
hiv_fold1	hiv	1	train	M111-S006	True
hiv_fold1	hiv	1	train	M111-S021	True
hiv_fold1	hiv	1	train	M111-S054	True
hiv_fold1	hiv	1	train	M111-S050	True
hiv_fold1	hiv	1	train	M111-S048	True
hiv_fold1	hiv	1	train	M111-S012	True
hiv_fold1	hiv	1	train	M111-S028	True
hiv_fold1	hiv	1	train	M111-S052	True
hiv_fold1	hiv	1	train	M111-S049	True
hiv_fold1	hiv	1	train	M111-S029	True
hiv_fold1	hiv	1	train	M124-S044	True
hiv_fold1	hiv	1	train	M124-S046	True
hiv_fold1	hiv	1	train	M124-S048	True
hiv_fold1	hiv	1	train	M124-S049	True
hiv_fold1	hiv	1	train	M124-S050	True
hiv_fold1	hiv	1	train	M124-S051	True
hiv_fold1	hiv	1	train	M124-S053	True
hiv_fold1	hiv	1	train	M124-S054	True
hiv_fold1	hiv	1	train	M124-S057	True
hiv_fold1	hiv	1	train	M124-S058	True
hiv_fold1	hiv	1	train	M124-S059	True
hiv_fold1	hiv	1	train	M124-S060	True
hiv_fold1	hiv	1	train	M124-S065	True
hiv_fold1	hiv	1	train	M124-S066	True
hiv_fold1	hiv	1	train	M124-S067	True
hiv_fold1	hiv	1	train	M124-S068	True
hiv_fold1	hiv	1	train	M124-S072	True
hiv_fold1	hiv	1	train	M124-S073	True
hiv_fold1	hiv	1	train	M124-S076	True
hiv_fold1	hiv	1	train	M124-S079	True
hiv_fold1	hiv	1	train	M124-S080	True
hiv_fold1	hiv	1	train	M124-S081	True
hiv_fold1	hiv	1	train	M124-S082	True
hiv_fold1	hiv	1	train	M124-S083	True
hiv_fold1	hiv	1	train	M124-S084	True
hiv_fold1	hiv	1	train	M124-S055	True
hiv_fold1	hiv	1	train	M124-S086	True
hiv_fold1	hiv	1	train	M124-S087	True
hiv_fold1	hiv	1	test	M124-S014	False
hiv_fold1	hiv	1	test	M124-S012	False
hiv_fold1	hiv	1	test	M124-S035	False
hiv_fold1	hiv	1	test	M124-S039	False
hiv_fold1	hiv	1	test	M64-009	False
hiv_fold1	hiv	1	test	M64-012	False
hiv_fold1	hiv	1	test	M64-016	False
hiv_fold1	hiv	1	test	M64-018	False
hiv_fold1	hiv	1	test	M64-027	False
hiv_fold1	hiv	1	test	M64-028	False
hiv_fold1	hiv	1	test	M64-031	False
hiv_fold1	hiv	1	test	M64-033	False
hiv_fold1	hiv	1	test	M64-037	False
hiv_fold1	hiv	1	test	M64-038	False
hiv_fold1	hiv	1	test	M64-049	False
hiv_fold1	hiv	1	test	M64-051	False
hiv_fold1	hiv	1	test	M64-052	False
hiv_fold1	hiv	1	test	M64-055	False
hiv_fold1	hiv	1	test	M64-059	False
hiv_fold1	hiv	1	test	M64-061	False
hiv_fold1	hiv	1	test	M64-064	False
hiv_fold1	hiv	1	test	M64-069	False
hiv_fold1	hiv	1	test	M64-073	False
hiv_fold1	hiv	1	test	M64-075	False
hiv_fold1	hiv	1	test	M64-076	False
hiv_fold1	hiv	1	test	M64-080	False
hiv_fold1	hiv	1	test	M64-087	False
hiv_fold1	hiv	1	test	M64-091	False
hiv_fold1	hiv	1	test	M64-092	False
hiv_fold1	hiv	1	test	M64-096	False
hiv_fold1	hiv	1	test	M64-097	False
hiv_fold1	hiv	1	test	M64-098	False
hiv_fold1	hiv	1	test	M64-104	False
hiv_fold1	hiv	1	test	M64-105	False
hiv_fold1	hiv	1	test	M64-106	False
hiv_fold1	hiv	1	test	M64-110	False
hiv_fold1	hiv	1	test	M64-113	False
hiv_fold1	hiv	1	test	M124-S007	False
hiv_fold1	hiv	1	test	M124-S008	False
hiv_fold1	hiv	1	test	M124-S010	False
hiv_fold1	hiv	1	test	M124-S011	False
hiv_fold1	hiv	1	test	M124-S015	False
hiv_fold1	hiv	1	test	M124-S019	False
hiv_fold1	hiv	1	test	M124-S020	False
hiv_fold1	hiv	1	test	M124-S021	False
hiv_fold1	hiv	1	test	M124-S025	False
hiv_fold1	hiv	1	test	M124-S028	False
hiv_fold1	hiv	1	test	M124-S029	False
hiv_fold1	hiv	1	test	M124-S034	False
hiv_fold1	hiv	1	test	M281redo-S042	False
hiv_fold1	hiv	1	test	M281redo-S044	False
hiv_fold1	hiv	1	test	M281redo-S046	False
hiv_fold1	hiv	1	test	M281redo-S047	False
hiv_fold1	hiv	1	test	M281redo-S050	False
hiv_fold1	hiv	1	test	M281redo-S064	False
hiv_fold1	hiv	1	test	M281redo-S065	False
hiv_fold1	hiv	1	test	M281redo-S066	False
hiv_fold1	hiv	1	test	M281redo-S068	False
hiv_fold1	hiv	1	test	M454-S029	False
hiv_fold1	hiv	1	test	M464-S005	False
hiv_fold1	hiv	1	test	M464-S008	False
hiv_fold1	hiv	1	test	M464-S012	False
hiv_fold1	hiv	1	test	M464-S019	False
hiv_fold1	hiv	1	test	M464-S020	False
hiv_fold1	hiv	1	test	M464-S021	False
hiv_fold1	hiv	1	test	M464-S022	False
hiv_fold1	hiv	1	test	M464-S025	False
hiv_fold1	hiv	1	test	M464-S026	False
hiv_fold1	hiv	1	test	M464-S029	False
hiv_fold1	hiv	1	test	M464-S036	False
hiv_fold1	hiv	1	test	M464-S037	False
hiv_fold1	hiv	1	test	M464-S039	False
hiv_fold1	hiv	1	test	M464-S044	False
hiv_fold1	hiv	1	test	M464-S045	False
hiv_fold1	hiv	1	test	M491-S035	False
hiv_fold1	hiv	1	test	M111-S055	True
hiv_fold1	hiv	1	test	M124-S070	True
hiv_fold1	hiv	1	test	M111-S042	True
hiv_fold1	hiv	1	test	M111-S018	True
hiv_fold1	hiv	1	test	M111-S034	True
hiv_fold1	hiv	1	test	M111-S026	True
hiv_fold1	hiv	1	test	M111-S004	True
hiv_fold1	hiv	1	test	M111-S001	True
hiv_fold1	hiv	1	test	M111-S005	True
hiv_fold1	hiv	1	test	M111-S024	True
hiv_fold1	hiv	1	test	M111-S045	True
hiv_fold1	hiv	1	test	M111-S046	True
hiv_fold1	hiv	1	test	M111-S047	True
hiv_fold1	hiv	1	test	M111-S017	True
hiv_fold1	hiv	1	test	M111-S015	True
hiv_fold1	hiv	1	test	M111-S010	True
hiv_fold1	hiv	1	test	M111-S002	True
hiv_fold1	hiv	1	test	M111-S051	True
hiv_fold1	hiv	1	test	M124-S045	True
hiv_fold1	hiv	1	test	M124-S047	True
hiv_fold1	hiv	1	test	M124-S052	True
hiv_fold1	hiv	1	test	M124-S056	True
hiv_fold1	hiv	1	test	M124-S061	True
hiv_fold1	hiv	1	test	M124-S062	True
hiv_fold1	hiv	1	test	M124-S063	True
hiv_fold1	hiv	1	test	M124-S069	True
hiv_fold1	hiv	1	test	M124-S071	True
hiv_fold1	hiv	1	test	M124-S074	True
hiv_fold1	hiv	1	test	M124-S075	True
hiv_fold1	hiv	1	test	M124-S077	True
hiv_fold1	hiv	1	test	M124-S078	True
hiv_fold1	hiv	1	test	M124-S064	True
hiv_fold1	hiv	1	test	M124-S085	True
hiv_fold2	hiv	2	train	M124-S014	False
hiv_fold2	hiv	2	train	M124-S042	False
hiv_fold2	hiv	2	train	M124-S012	False
hiv_fold2	hiv	2	train	M124-S036	False
hiv_fold2	hiv	2	train	M124-S035	False
hiv_fold2	hiv	2	train	M124-S039	False
hiv_fold2	hiv	2	train	M124-S040	False
hiv_fold2	hiv	2	train	M64-002	False
hiv_fold2	hiv	2	train	M64-003	False
hiv_fold2	hiv	2	train	M64-009	False
hiv_fold2	hiv	2	train	M64-010	False
hiv_fold2	hiv	2	train	M64-012	False
hiv_fold2	hiv	2	train	M64-014	False
hiv_fold2	hiv	2	train	M64-016	False
hiv_fold2	hiv	2	train	M64-017	False
hiv_fold2	hiv	2	train	M64-018	False
hiv_fold2	hiv	2	train	M64-026	False
hiv_fold2	hiv	2	train	M64-027	False
hiv_fold2	hiv	2	train	M64-028	False
hiv_fold2	hiv	2	train	M64-029	False
hiv_fold2	hiv	2	train	M64-031	False
hiv_fold2	hiv	2	train	M64-032	False
hiv_fold2	hiv	2	train	M64-033	False
hiv_fold2	hiv	2	train	M64-035	False
hiv_fold2	hiv	2	train	M64-037	False
hiv_fold2	hiv	2	train	M64-038	False
hiv_fold2	hiv	2	train	M64-040	False
hiv_fold2	hiv	2	train	M64-041	False
hiv_fold2	hiv	2	train	M64-043	False
hiv_fold2	hiv	2	train	M64-044	False
hiv_fold2	hiv	2	train	M64-047	False
hiv_fold2	hiv	2	train	M64-049	False
hiv_fold2	hiv	2	train	M64-051	False
hiv_fold2	hiv	2	train	M64-052	False
hiv_fold2	hiv	2	train	M64-053	False
hiv_fold2	hiv	2	train	M64-054	False
hiv_fold2	hiv	2	train	M64-055	False
hiv_fold2	hiv	2	train	M64-057	False
hiv_fold2	hiv	2	train	M64-058	False
hiv_fold2	hiv	2	train	M64-059	False
hiv_fold2	hiv	2	train	M64-061	False
hiv_fold2	hiv	2	train	M64-062	False
hiv_fold2	hiv	2	train	M64-064	False
hiv_fold2	hiv	2	train	M64-065	False
hiv_fold2	hiv	2	train	M64-068	False
hiv_fold2	hiv	2	train	M64-069	False
hiv_fold2	hiv	2	train	M64-073	False
hiv_fold2	hiv	2	train	M64-075	False
hiv_fold2	hiv	2	train	M64-076	False
hiv_fold2	hiv	2	train	M64-077	False
hiv_fold2	hiv	2	train	M64-078	False
hiv_fold2	hiv	2	train	M64-080	False
hiv_fold2	hiv	2	train	M64-081	False
hiv_fold2	hiv	2	train	M64-084	False
hiv_fold2	hiv	2	train	M64-085	False
hiv_fold2	hiv	2	train	M64-086	False
hiv_fold2	hiv	2	train	M64-087	False
hiv_fold2	hiv	2	train	M64-089	False
hiv_fold2	hiv	2	train	M64-090	False
hiv_fold2	hiv	2	train	M64-091	False
hiv_fold2	hiv	2	train	M64-092	False
hiv_fold2	hiv	2	train	M64-096	False
hiv_fold2	hiv	2	train	M64-097	False
hiv_fold2	hiv	2	train	M64-098	False
hiv_fold2	hiv	2	train	M64-101	False
hiv_fold2	hiv	2	train	M64-103	False
hiv_fold2	hiv	2	train	M64-104	False
hiv_fold2	hiv	2	train	M64-105	False
hiv_fold2	hiv	2	train	M64-106	False
hiv_fold2	hiv	2	train	M64-107	False
hiv_fold2	hiv	2	train	M64-109	False
hiv_fold2	hiv	2	train	M64-110	False
hiv_fold2	hiv	2	train	M64-111	False
hiv_fold2	hiv	2	train	M64-112	False
hiv_fold2	hiv	2	train	M64-113	False
hiv_fold2	hiv	2	train	M64-114	False
hiv_fold2	hiv	2	train	M124-S002	False
hiv_fold2	hiv	2	train	M124-S005	False
hiv_fold2	hiv	2	train	M124-S006	False
hiv_fold2	hiv	2	train	M124-S007	False
hiv_fold2	hiv	2	train	M124-S008	False
hiv_fold2	hiv	2	train	M124-S009	False
hiv_fold2	hiv	2	train	M124-S010	False
hiv_fold2	hiv	2	train	M124-S011	False
hiv_fold2	hiv	2	train	M124-S013	False
hiv_fold2	hiv	2	train	M124-S015	False
hiv_fold2	hiv	2	train	M124-S018	False
hiv_fold2	hiv	2	train	M124-S019	False
hiv_fold2	hiv	2	train	M124-S020	False
hiv_fold2	hiv	2	train	M124-S021	False
hiv_fold2	hiv	2	train	M124-S025	False
hiv_fold2	hiv	2	train	M124-S027	False
hiv_fold2	hiv	2	train	M124-S028	False
hiv_fold2	hiv	2	train	M124-S029	False
hiv_fold2	hiv	2	train	M124-S030	False
hiv_fold2	hiv	2	train	M124-S031	False
hiv_fold2	hiv	2	train	M124-S032	False
hiv_fold2	hiv	2	train	M124-S033	False
hiv_fold2	hiv	2	train	M124-S034	False
hiv_fold2	hiv	2	train	M281redo-S040	False
hiv_fold2	hiv	2	train	M281redo-S048	False
hiv_fold2	hiv	2	train	M281redo-S041	False
hiv_fold2	hiv	2	train	M281redo-S042	False
hiv_fold2	hiv	2	train	M281redo-S044	False
hiv_fold2	hiv	2	train	M281redo-S045	False
hiv_fold2	hiv	2	train	M281redo-S046	False
hiv_fold2	hiv	2	train	M281redo-S047	False
hiv_fold2	hiv	2	train	M281redo-S050	False
hiv_fold2	hiv	2	train	M281redo-S051	False
hiv_fold2	hiv	2	train	M281redo-S054	False
hiv_fold2	hiv	2	train	M281redo-S056	False
hiv_fold2	hiv	2	train	M281redo-S057	False
hiv_fold2	hiv	2	train	M281redo-S058	False
hiv_fold2	hiv	2	train	M281redo-S061	False
hiv_fold2	hiv	2	train	M281redo-S064	False
hiv_fold2	hiv	2	train	M281redo-S065	False
hiv_fold2	hiv	2	train	M281redo-S066	False
hiv_fold2	hiv	2	train	M281redo-S068	False
hiv_fold2	hiv	2	train	M454-S028	False
hiv_fold2	hiv	2	train	M454-S029	False
hiv_fold2	hiv	2	train	M456-S005	False
hiv_fold2	hiv	2	train	M456-S007	False
hiv_fold2	hiv	2	train	M464-S002	False
hiv_fold2	hiv	2	train	M464-S005	False
hiv_fold2	hiv	2	train	M464-S006	False
hiv_fold2	hiv	2	train	M464-S007	False
hiv_fold2	hiv	2	train	M464-S008	False
hiv_fold2	hiv	2	train	M464-S010	False
hiv_fold2	hiv	2	train	M464-S012	False
hiv_fold2	hiv	2	train	M464-S014	False
hiv_fold2	hiv	2	train	M464-S018	False
hiv_fold2	hiv	2	train	M464-S019	False
hiv_fold2	hiv	2	train	M464-S020	False
hiv_fold2	hiv	2	train	M464-S021	False
hiv_fold2	hiv	2	train	M464-S022	False
hiv_fold2	hiv	2	train	M464-S025	False
hiv_fold2	hiv	2	train	M464-S026	False
hiv_fold2	hiv	2	train	M464-S027	False
hiv_fold2	hiv	2	train	M464-S029	False
hiv_fold2	hiv	2	train	M464-S033	False
hiv_fold2	hiv	2	train	M464-S034	False
hiv_fold2	hiv	2	train	M464-S036	False
hiv_fold2	hiv	2	train	M464-S037	False
hiv_fold2	hiv	2	train	M464-S039	False
hiv_fold2	hiv	2	train	M464-S040	False
hiv_fold2	hiv	2	train	M464-S041	False
hiv_fold2	hiv	2	train	M464-S042	False
hiv_fold2	hiv	2	train	M464-S044	False
hiv_fold2	hiv	2	train	M464-S045	False
hiv_fold2	hiv	2	train	M491-S035	False
hiv_fold2	hiv	2	train	M491-S062	False
hiv_fold2	hiv	2	train	M111-S037	True
hiv_fold2	hiv	2	train	M111-S055	True
hiv_fold2	hiv	2	train	M124-S070	True
hiv_fold2	hiv	2	train	M111-S042	True
hiv_fold2	hiv	2	train	M111-S016	True
hiv_fold2	hiv	2	train	M111-S043	True
hiv_fold2	hiv	2	train	M111-S018	True
hiv_fold2	hiv	2	train	M111-S034	True
hiv_fold2	hiv	2	train	M111-S035	True
hiv_fold2	hiv	2	train	M111-S025	True
hiv_fold2	hiv	2	train	M111-S011	True
hiv_fold2	hiv	2	train	M111-S036	True
hiv_fold2	hiv	2	train	M111-S009	True
hiv_fold2	hiv	2	train	M111-S030	True
hiv_fold2	hiv	2	train	M111-S026	True
hiv_fold2	hiv	2	train	M111-S031	True
hiv_fold2	hiv	2	train	M111-S020	True
hiv_fold2	hiv	2	train	M111-S004	True
hiv_fold2	hiv	2	train	M111-S001	True
hiv_fold2	hiv	2	train	M111-S005	True
hiv_fold2	hiv	2	train	M111-S024	True
hiv_fold2	hiv	2	train	M111-S003	True
hiv_fold2	hiv	2	train	M111-S023	True
hiv_fold2	hiv	2	train	M111-S007	True
hiv_fold2	hiv	2	train	M111-S045	True
hiv_fold2	hiv	2	train	M111-S021	True
hiv_fold2	hiv	2	train	M111-S046	True
hiv_fold2	hiv	2	train	M111-S054	True
hiv_fold2	hiv	2	train	M111-S047	True
hiv_fold2	hiv	2	train	M111-S017	True
hiv_fold2	hiv	2	train	M111-S015	True
hiv_fold2	hiv	2	train	M111-S010	True
hiv_fold2	hiv	2	train	M111-S002	True
hiv_fold2	hiv	2	train	M111-S048	True
hiv_fold2	hiv	2	train	M111-S028	True
hiv_fold2	hiv	2	train	M111-S051	True
hiv_fold2	hiv	2	train	M124-S044	True
hiv_fold2	hiv	2	train	M124-S045	True
hiv_fold2	hiv	2	train	M124-S047	True
hiv_fold2	hiv	2	train	M124-S048	True
hiv_fold2	hiv	2	train	M124-S052	True
hiv_fold2	hiv	2	train	M124-S054	True
hiv_fold2	hiv	2	train	M124-S056	True
hiv_fold2	hiv	2	train	M124-S058	True
hiv_fold2	hiv	2	train	M124-S060	True
hiv_fold2	hiv	2	train	M124-S061	True
hiv_fold2	hiv	2	train	M124-S062	True
hiv_fold2	hiv	2	train	M124-S063	True
hiv_fold2	hiv	2	train	M124-S065	True
hiv_fold2	hiv	2	train	M124-S066	True
hiv_fold2	hiv	2	train	M124-S067	True
hiv_fold2	hiv	2	train	M124-S068	True
hiv_fold2	hiv	2	train	M124-S069	True
hiv_fold2	hiv	2	train	M124-S071	True
hiv_fold2	hiv	2	train	M124-S072	True
hiv_fold2	hiv	2	train	M124-S073	True
hiv_fold2	hiv	2	train	M124-S074	True
hiv_fold2	hiv	2	train	M124-S075	True
hiv_fold2	hiv	2	train	M124-S077	True
hiv_fold2	hiv	2	train	M124-S078	True
hiv_fold2	hiv	2	train	M124-S080	True
hiv_fold2	hiv	2	train	M124-S083	True
hiv_fold2	hiv	2	train	M124-S064	True
hiv_fold2	hiv	2	train	M124-S085	True
hiv_fold2	hiv	2	train	M124-S055	True
hiv_fold2	hiv	2	train	M124-S086	True
hiv_fold2	hiv	2	test	M124-S041	False
hiv_fold2	hiv	2	test	M124-S037	False
hiv_fold2	hiv	2	test	M124-S038	False
hiv_fold2	hiv	2	test	M64-004	False
hiv_fold2	hiv	2	test	M64-005	False
hiv_fold2	hiv	2	test	M64-006	False
hiv_fold2	hiv	2	test	M64-008	False
hiv_fold2	hiv	2	test	M64-013	False
hiv_fold2	hiv	2	test	M64-019	False
hiv_fold2	hiv	2	test	M64-021	False
hiv_fold2	hiv	2	test	M64-022	False
hiv_fold2	hiv	2	test	M64-030	False
hiv_fold2	hiv	2	test	M64-034	False
hiv_fold2	hiv	2	test	M64-036	False
hiv_fold2	hiv	2	test	M64-039	False
hiv_fold2	hiv	2	test	M64-042	False
hiv_fold2	hiv	2	test	M64-046	False
hiv_fold2	hiv	2	test	M64-048	False
hiv_fold2	hiv	2	test	M64-050	False
hiv_fold2	hiv	2	test	M64-060	False
hiv_fold2	hiv	2	test	M64-063	False
hiv_fold2	hiv	2	test	M64-067	False
hiv_fold2	hiv	2	test	M64-070	False
hiv_fold2	hiv	2	test	M64-071	False
hiv_fold2	hiv	2	test	M64-072	False
hiv_fold2	hiv	2	test	M64-074	False
hiv_fold2	hiv	2	test	M64-079	False
hiv_fold2	hiv	2	test	M64-082	False
hiv_fold2	hiv	2	test	M64-083	False
hiv_fold2	hiv	2	test	M64-088	False
hiv_fold2	hiv	2	test	M64-093	False
hiv_fold2	hiv	2	test	M64-094	False
hiv_fold2	hiv	2	test	M64-095	False
hiv_fold2	hiv	2	test	M64-099	False
hiv_fold2	hiv	2	test	M64-100	False
hiv_fold2	hiv	2	test	M64-108	False
hiv_fold2	hiv	2	test	M124-S001	False
hiv_fold2	hiv	2	test	M124-S003	False
hiv_fold2	hiv	2	test	M124-S004	False
hiv_fold2	hiv	2	test	M124-S016	False
hiv_fold2	hiv	2	test	M124-S017	False
hiv_fold2	hiv	2	test	M124-S022	False
hiv_fold2	hiv	2	test	M124-S023	False
hiv_fold2	hiv	2	test	M124-S024	False
hiv_fold2	hiv	2	test	M124-S026	False
hiv_fold2	hiv	2	test	M124-S043	False
hiv_fold2	hiv	2	test	M281redo-S038	False
hiv_fold2	hiv	2	test	M281redo-S039	False
hiv_fold2	hiv	2	test	M281redo-S053	False
hiv_fold2	hiv	2	test	M281redo-S052	False
hiv_fold2	hiv	2	test	M281redo-S059	False
hiv_fold2	hiv	2	test	M281redo-S060	False
hiv_fold2	hiv	2	test	M281redo-S062	False
hiv_fold2	hiv	2	test	M281redo-S063	False
hiv_fold2	hiv	2	test	M454-S030	False
hiv_fold2	hiv	2	test	M454-S032	False
hiv_fold2	hiv	2	test	M464-S001	False
hiv_fold2	hiv	2	test	M464-S004	False
hiv_fold2	hiv	2	test	M464-S009	False
hiv_fold2	hiv	2	test	M464-S011	False
hiv_fold2	hiv	2	test	M464-S013	False
hiv_fold2	hiv	2	test	M464-S015	False
hiv_fold2	hiv	2	test	M464-S016	False
hiv_fold2	hiv	2	test	M464-S017	False
hiv_fold2	hiv	2	test	M464-S023	False
hiv_fold2	hiv	2	test	M464-S024	False
hiv_fold2	hiv	2	test	M464-S028	False
hiv_fold2	hiv	2	test	M464-S030	False
hiv_fold2	hiv	2	test	M464-S031	False
hiv_fold2	hiv	2	test	M464-S032	False
hiv_fold2	hiv	2	test	M464-S035	False
hiv_fold2	hiv	2	test	M464-S046	False
hiv_fold2	hiv	2	test	M491-S088	False
hiv_fold2	hiv	2	test	M111-S033	True
hiv_fold2	hiv	2	test	M111-S038	True
hiv_fold2	hiv	2	test	M111-S040	True
hiv_fold2	hiv	2	test	M111-S041	True
hiv_fold2	hiv	2	test	M111-S039	True
hiv_fold2	hiv	2	test	M111-S022	True
hiv_fold2	hiv	2	test	M111-S019	True
hiv_fold2	hiv	2	test	M111-S013	True
hiv_fold2	hiv	2	test	M111-S032	True
hiv_fold2	hiv	2	test	M111-S027	True
hiv_fold2	hiv	2	test	M111-S008	True
hiv_fold2	hiv	2	test	M111-S053	True
hiv_fold2	hiv	2	test	M111-S044	True
hiv_fold2	hiv	2	test	M111-S006	True
hiv_fold2	hiv	2	test	M111-S050	True
hiv_fold2	hiv	2	test	M111-S012	True
hiv_fold2	hiv	2	test	M111-S052	True
hiv_fold2	hiv	2	test	M111-S049	True
hiv_fold2	hiv	2	test	M111-S029	True
hiv_fold2	hiv	2	test	M124-S046	True
hiv_fold2	hiv	2	test	M124-S049	True
hiv_fold2	hiv	2	test	M124-S050	True
hiv_fold2	hiv	2	test	M124-S051	True
hiv_fold2	hiv	2	test	M124-S053	True
hiv_fold2	hiv	2	test	M124-S057	True
hiv_fold2	hiv	2	test	M124-S059	True
hiv_fold2	hiv	2	test	M124-S076	True
hiv_fold2	hiv	2	test	M124-S079	True
hiv_fold2	hiv	2	test	M124-S081	True
hiv_fold2	hiv	2	test	M124-S082	True
hiv_fold2	hiv	2	test	M124-S084	True
hiv_fold2	hiv	2	test	M124-S087	True
t1d_fold0	t1d	0	train	M124-S014	False
t1d_fold0	t1d	0	train	M124-S041	False
t1d_fold0	t1d	0	train	M124-S012	False
t1d_fold0	t1d	0	train	M124-S037	False
t1d_fold0	t1d	0	train	M124-S035	False
t1d_fold0	t1d	0	train	M124-S038	False
t1d_fold0	t1d	0	train	M124-S039	False
t1d_fold0	t1d	0	train	M64-004	False
t1d_fold0	t1d	0	train	M64-005	False
t1d_fold0	t1d	0	train	M64-006	False
t1d_fold0	t1d	0	train	M64-008	False
t1d_fold0	t1d	0	train	M64-009	False
t1d_fold0	t1d	0	train	M64-012	False
t1d_fold0	t1d	0	train	M64-013	False
t1d_fold0	t1d	0	train	M64-016	False
t1d_fold0	t1d	0	train	M64-018	False
t1d_fold0	t1d	0	train	M64-019	False
t1d_fold0	t1d	0	train	M64-021	False
t1d_fold0	t1d	0	train	M64-022	False
t1d_fold0	t1d	0	train	M64-027	False
t1d_fold0	t1d	0	train	M64-028	False
t1d_fold0	t1d	0	train	M64-030	False
t1d_fold0	t1d	0	train	M64-031	False
t1d_fold0	t1d	0	train	M64-033	False
t1d_fold0	t1d	0	train	M64-034	False
t1d_fold0	t1d	0	train	M64-036	False
t1d_fold0	t1d	0	train	M64-037	False
t1d_fold0	t1d	0	train	M64-038	False
t1d_fold0	t1d	0	train	M64-039	False
t1d_fold0	t1d	0	train	M64-042	False
t1d_fold0	t1d	0	train	M64-046	False
t1d_fold0	t1d	0	train	M64-048	False
t1d_fold0	t1d	0	train	M64-049	False
t1d_fold0	t1d	0	train	M64-050	False
t1d_fold0	t1d	0	train	M64-051	False
t1d_fold0	t1d	0	train	M64-052	False
t1d_fold0	t1d	0	train	M64-055	False
t1d_fold0	t1d	0	train	M64-059	False
t1d_fold0	t1d	0	train	M64-060	False
t1d_fold0	t1d	0	train	M64-061	False
t1d_fold0	t1d	0	train	M64-063	False
t1d_fold0	t1d	0	train	M64-064	False
t1d_fold0	t1d	0	train	M64-067	False
t1d_fold0	t1d	0	train	M64-069	False
t1d_fold0	t1d	0	train	M64-070	False
t1d_fold0	t1d	0	train	M64-071	False
t1d_fold0	t1d	0	train	M64-072	False
t1d_fold0	t1d	0	train	M64-073	False
t1d_fold0	t1d	0	train	M64-074	False
t1d_fold0	t1d	0	train	M64-075	False
t1d_fold0	t1d	0	train	M64-076	False
t1d_fold0	t1d	0	train	M64-079	False
t1d_fold0	t1d	0	train	M64-080	False
t1d_fold0	t1d	0	train	M64-082	False
t1d_fold0	t1d	0	train	M64-083	False
t1d_fold0	t1d	0	train	M64-087	False
t1d_fold0	t1d	0	train	M64-088	False
t1d_fold0	t1d	0	train	M64-091	False
t1d_fold0	t1d	0	train	M64-092	False
t1d_fold0	t1d	0	train	M64-093	False
t1d_fold0	t1d	0	train	M64-094	False
t1d_fold0	t1d	0	train	M64-095	False
t1d_fold0	t1d	0	train	M64-096	False
t1d_fold0	t1d	0	train	M64-097	False
t1d_fold0	t1d	0	train	M64-098	False
t1d_fold0	t1d	0	train	M64-099	False
t1d_fold0	t1d	0	train	M64-100	False
t1d_fold0	t1d	0	train	M64-104	False
t1d_fold0	t1d	0	train	M64-105	False
t1d_fold0	t1d	0	train	M64-106	False
t1d_fold0	t1d	0	train	M64-108	False
t1d_fold0	t1d	0	train	M64-110	False
t1d_fold0	t1d	0	train	M64-113	False
t1d_fold0	t1d	0	train	M124-S001	False
t1d_fold0	t1d	0	train	M124-S003	False
t1d_fold0	t1d	0	train	M124-S004	False
t1d_fold0	t1d	0	train	M124-S007	False
t1d_fold0	t1d	0	train	M124-S008	False
t1d_fold0	t1d	0	train	M124-S010	False
t1d_fold0	t1d	0	train	M124-S011	False
t1d_fold0	t1d	0	train	M124-S015	False
t1d_fold0	t1d	0	train	M124-S016	False
t1d_fold0	t1d	0	train	M124-S017	False
t1d_fold0	t1d	0	train	M124-S019	False
t1d_fold0	t1d	0	train	M124-S020	False
t1d_fold0	t1d	0	train	M124-S021	False
t1d_fold0	t1d	0	train	M124-S022	False
t1d_fold0	t1d	0	train	M124-S023	False
t1d_fold0	t1d	0	train	M124-S024	False
t1d_fold0	t1d	0	train	M124-S025	False
t1d_fold0	t1d	0	train	M124-S026	False
t1d_fold0	t1d	0	train	M124-S028	False
t1d_fold0	t1d	0	train	M124-S029	False
t1d_fold0	t1d	0	train	M124-S034	False
t1d_fold0	t1d	0	train	M124-S043	False
t1d_fold0	t1d	0	train	M281redo-S038	False
t1d_fold0	t1d	0	train	M281redo-S039	False
t1d_fold0	t1d	0	train	M281redo-S042	False
t1d_fold0	t1d	0	train	M281redo-S044	False
t1d_fold0	t1d	0	train	M281redo-S046	False
t1d_fold0	t1d	0	train	M281redo-S047	False
t1d_fold0	t1d	0	train	M281redo-S053	False
t1d_fold0	t1d	0	train	M281redo-S050	False
t1d_fold0	t1d	0	train	M281redo-S052	False
t1d_fold0	t1d	0	train	M281redo-S059	False
t1d_fold0	t1d	0	train	M281redo-S060	False
t1d_fold0	t1d	0	train	M281redo-S062	False
t1d_fold0	t1d	0	train	M281redo-S063	False
t1d_fold0	t1d	0	train	M281redo-S064	False
t1d_fold0	t1d	0	train	M281redo-S065	False
t1d_fold0	t1d	0	train	M281redo-S066	False
t1d_fold0	t1d	0	train	M281redo-S068	False
t1d_fold0	t1d	0	train	M454-S029	False
t1d_fold0	t1d	0	train	M454-S030	False
t1d_fold0	t1d	0	train	M454-S032	False
t1d_fold0	t1d	0	train	M464-S001	False
t1d_fold0	t1d	0	train	M464-S004	False
t1d_fold0	t1d	0	train	M464-S005	False
t1d_fold0	t1d	0	train	M464-S008	False
t1d_fold0	t1d	0	train	M464-S009	False
t1d_fold0	t1d	0	train	M464-S011	False
t1d_fold0	t1d	0	train	M464-S012	False
t1d_fold0	t1d	0	train	M464-S013	False
t1d_fold0	t1d	0	train	M464-S015	False
t1d_fold0	t1d	0	train	M464-S016	False
t1d_fold0	t1d	0	train	M464-S017	False
t1d_fold0	t1d	0	train	M464-S019	False
t1d_fold0	t1d	0	train	M464-S020	False
t1d_fold0	t1d	0	train	M464-S021	False
t1d_fold0	t1d	0	train	M464-S022	False
t1d_fold0	t1d	0	train	M464-S023	False
t1d_fold0	t1d	0	train	M464-S024	False
t1d_fold0	t1d	0	train	M464-S025	False
t1d_fold0	t1d	0	train	M464-S026	False
t1d_fold0	t1d	0	train	M464-S028	False
t1d_fold0	t1d	0	train	M464-S029	False
t1d_fold0	t1d	0	train	M464-S030	False
t1d_fold0	t1d	0	train	M464-S031	False
t1d_fold0	t1d	0	train	M464-S032	False
t1d_fold0	t1d	0	train	M464-S035	False
t1d_fold0	t1d	0	train	M464-S036	False
t1d_fold0	t1d	0	train	M464-S037	False
t1d_fold0	t1d	0	train	M464-S039	False
t1d_fold0	t1d	0	train	M464-S044	False
t1d_fold0	t1d	0	train	M464-S045	False
t1d_fold0	t1d	0	train	M464-S046	False
t1d_fold0	t1d	0	train	M491-S035	False
t1d_fold0	t1d	0	train	M491-S088	False
t1d_fold0	t1d	0	train	M491-S002	True
t1d_fold0	t1d	0	train	M491-S006	True
t1d_fold0	t1d	0	train	M491-S007	True
t1d_fold0	t1d	0	train	M491-S009	True
t1d_fold0	t1d	0	train	M491-S013	True
t1d_fold0	t1d	0	train	M491-S015	True
t1d_fold0	t1d	0	train	M491-S018	True
t1d_fold0	t1d	0	train	M491-S019	True
t1d_fold0	t1d	0	train	M491-S020	True
t1d_fold0	t1d	0	train	M491-S166	True
t1d_fold0	t1d	0	train	M491-S023	True
t1d_fold0	t1d	0	train	M491-S026	True
t1d_fold0	t1d	0	train	M491-S028	True
t1d_fold0	t1d	0	train	M491-S029	True
t1d_fold0	t1d	0	train	M491-S032	True
t1d_fold0	t1d	0	train	M491-S036	True
t1d_fold0	t1d	0	train	M491-S039	True
t1d_fold0	t1d	0	train	M491-S040	True
t1d_fold0	t1d	0	train	M491-S041	True
t1d_fold0	t1d	0	train	M491-S043	True
t1d_fold0	t1d	0	train	M491-S045	True
t1d_fold0	t1d	0	train	M491-S046	True
t1d_fold0	t1d	0	train	M491-S047	True
t1d_fold0	t1d	0	train	M491-S050	True
t1d_fold0	t1d	0	train	M491-S051	True
t1d_fold0	t1d	0	train	M491-S052	True
t1d_fold0	t1d	0	train	M491-S053	True
t1d_fold0	t1d	0	train	M491-S054	True
t1d_fold0	t1d	0	train	M491-S066	True
t1d_fold0	t1d	0	train	M491-S072	True
t1d_fold0	t1d	0	train	M491-S074	True
t1d_fold0	t1d	0	train	M491-S075	True
t1d_fold0	t1d	0	train	M491-S078	True
t1d_fold0	t1d	0	train	M491-S079	True
t1d_fold0	t1d	0	train	M491-S080	True
t1d_fold0	t1d	0	train	M491-S085	True
t1d_fold0	t1d	0	train	M491-S101	True
t1d_fold0	t1d	0	train	M491-S089	True
t1d_fold0	t1d	0	train	M491-S090	True
t1d_fold0	t1d	0	train	M491-S091	True
t1d_fold0	t1d	0	train	M491-S093	True
t1d_fold0	t1d	0	train	M491-S096	True
t1d_fold0	t1d	0	train	M491-S097	True
t1d_fold0	t1d	0	train	M491-S099	True
t1d_fold0	t1d	0	train	M491-S100	True
t1d_fold0	t1d	0	train	M491-S105	True
t1d_fold0	t1d	0	train	M491-S112	True
t1d_fold0	t1d	0	train	M491-S116	True
t1d_fold0	t1d	0	train	M491-S118	True
t1d_fold0	t1d	0	train	M491-S120	True
t1d_fold0	t1d	0	train	M491-S121	True
t1d_fold0	t1d	0	train	M491-S123	True
t1d_fold0	t1d	0	train	M491-S156	True
t1d_fold0	t1d	0	train	M491-S125	True
t1d_fold0	t1d	0	train	M491-S129	True
t1d_fold0	t1d	0	train	M491-S131	True
t1d_fold0	t1d	0	train	M491-S133	True
t1d_fold0	t1d	0	train	M491-S134	True
t1d_fold0	t1d	0	train	M491-S138	True
t1d_fold0	t1d	0	train	M491-S141	True
t1d_fold0	t1d	0	train	M491-S145	True
t1d_fold0	t1d	0	train	M491-S147	True
t1d_fold0	t1d	0	train	M491-S150	True
t1d_fold0	t1d	0	train	M491-S167	True
t1d_fold0	t1d	0	test	M124-S042	False
t1d_fold0	t1d	0	test	M124-S036	False
t1d_fold0	t1d	0	test	M124-S040	False
t1d_fold0	t1d	0	test	M64-002	False
t1d_fold0	t1d	0	test	M64-003	False
t1d_fold0	t1d	0	test	M64-010	False
t1d_fold0	t1d	0	test	M64-014	False
t1d_fold0	t1d	0	test	M64-017	False
t1d_fold0	t1d	0	test	M64-026	False
t1d_fold0	t1d	0	test	M64-029	False
t1d_fold0	t1d	0	test	M64-032	False
t1d_fold0	t1d	0	test	M64-035	False
t1d_fold0	t1d	0	test	M64-040	False
t1d_fold0	t1d	0	test	M64-041	False
t1d_fold0	t1d	0	test	M64-043	False
t1d_fold0	t1d	0	test	M64-044	False
t1d_fold0	t1d	0	test	M64-047	False
t1d_fold0	t1d	0	test	M64-053	False
t1d_fold0	t1d	0	test	M64-054	False
t1d_fold0	t1d	0	test	M64-057	False
t1d_fold0	t1d	0	test	M64-058	False
t1d_fold0	t1d	0	test	M64-062	False
t1d_fold0	t1d	0	test	M64-065	False
t1d_fold0	t1d	0	test	M64-068	False
t1d_fold0	t1d	0	test	M64-077	False
t1d_fold0	t1d	0	test	M64-078	False
t1d_fold0	t1d	0	test	M64-081	False
t1d_fold0	t1d	0	test	M64-084	False
t1d_fold0	t1d	0	test	M64-085	False
t1d_fold0	t1d	0	test	M64-086	False
t1d_fold0	t1d	0	test	M64-089	False
t1d_fold0	t1d	0	test	M64-090	False
t1d_fold0	t1d	0	test	M64-101	False
t1d_fold0	t1d	0	test	M64-103	False
t1d_fold0	t1d	0	test	M64-107	False
t1d_fold0	t1d	0	test	M64-109	False
t1d_fold0	t1d	0	test	M64-111	False
t1d_fold0	t1d	0	test	M64-112	False
t1d_fold0	t1d	0	test	M64-114	False
t1d_fold0	t1d	0	test	M124-S002	False
t1d_fold0	t1d	0	test	M124-S005	False
t1d_fold0	t1d	0	test	M124-S006	False
t1d_fold0	t1d	0	test	M124-S009	False
t1d_fold0	t1d	0	test	M124-S013	False
t1d_fold0	t1d	0	test	M124-S018	False
t1d_fold0	t1d	0	test	M124-S027	False
t1d_fold0	t1d	0	test	M124-S030	False
t1d_fold0	t1d	0	test	M124-S031	False
t1d_fold0	t1d	0	test	M124-S032	False
t1d_fold0	t1d	0	test	M124-S033	False
t1d_fold0	t1d	0	test	M281redo-S040	False
t1d_fold0	t1d	0	test	M281redo-S048	False
t1d_fold0	t1d	0	test	M281redo-S041	False
t1d_fold0	t1d	0	test	M281redo-S045	False
t1d_fold0	t1d	0	test	M281redo-S051	False
t1d_fold0	t1d	0	test	M281redo-S054	False
t1d_fold0	t1d	0	test	M281redo-S056	False
t1d_fold0	t1d	0	test	M281redo-S057	False
t1d_fold0	t1d	0	test	M281redo-S058	False
t1d_fold0	t1d	0	test	M281redo-S061	False
t1d_fold0	t1d	0	test	M454-S028	False
t1d_fold0	t1d	0	test	M456-S005	False
t1d_fold0	t1d	0	test	M456-S007	False
t1d_fold0	t1d	0	test	M464-S002	False
t1d_fold0	t1d	0	test	M464-S006	False
t1d_fold0	t1d	0	test	M464-S007	False
t1d_fold0	t1d	0	test	M464-S010	False
t1d_fold0	t1d	0	test	M464-S014	False
t1d_fold0	t1d	0	test	M464-S018	False
t1d_fold0	t1d	0	test	M464-S027	False
t1d_fold0	t1d	0	test	M464-S033	False
t1d_fold0	t1d	0	test	M464-S034	False
t1d_fold0	t1d	0	test	M464-S040	False
t1d_fold0	t1d	0	test	M464-S041	False
t1d_fold0	t1d	0	test	M464-S042	False
t1d_fold0	t1d	0	test	M491-S062	False
t1d_fold0	t1d	0	test	M491-S016	True
t1d_fold0	t1d	0	test	M491-S017	True
t1d_fold0	t1d	0	test	M491-S037	True
t1d_fold0	t1d	0	test	M491-S048	True
t1d_fold0	t1d	0	test	M491-S049	True
t1d_fold0	t1d	0	test	M491-S127	True
t1d_fold0	t1d	0	test	M491-S057	True
t1d_fold0	t1d	0	test	M491-S064	True
t1d_fold0	t1d	0	test	M491-S065	True
t1d_fold0	t1d	0	test	M491-S067	True
t1d_fold0	t1d	0	test	M491-S068	True
t1d_fold0	t1d	0	test	M491-S070	True
t1d_fold0	t1d	0	test	M491-S071	True
t1d_fold0	t1d	0	test	M491-S077	True
t1d_fold0	t1d	0	test	M491-S083	True
t1d_fold0	t1d	0	test	M491-S086	True
t1d_fold0	t1d	0	test	M491-S087	True
t1d_fold0	t1d	0	test	M491-S098	True
t1d_fold0	t1d	0	test	M491-S102	True
t1d_fold0	t1d	0	test	M491-S106	True
t1d_fold0	t1d	0	test	M491-S107	True
t1d_fold0	t1d	0	test	M491-S109	True
t1d_fold0	t1d	0	test	M491-S111	True
t1d_fold0	t1d	0	test	M491-S117	True
t1d_fold0	t1d	0	test	M491-S124	True
t1d_fold0	t1d	0	test	M491-S126	True
t1d_fold0	t1d	0	test	M491-S136	True
t1d_fold0	t1d	0	test	M491-S146	True
t1d_fold0	t1d	0	test	M491-S148	True
t1d_fold0	t1d	0	test	M491-S149	True
t1d_fold0	t1d	0	test	M491-S153	True
t1d_fold0	t1d	0	test	M491-S160	True
t1d_fold1	t1d	1	train	M124-S042	False
t1d_fold1	t1d	1	train	M124-S041	False
t1d_fold1	t1d	1	train	M124-S037	False
t1d_fold1	t1d	1	train	M124-S036	False
t1d_fold1	t1d	1	train	M124-S038	False
t1d_fold1	t1d	1	train	M124-S040	False
t1d_fold1	t1d	1	train	M64-002	False
t1d_fold1	t1d	1	train	M64-003	False
t1d_fold1	t1d	1	train	M64-004	False
t1d_fold1	t1d	1	train	M64-005	False
t1d_fold1	t1d	1	train	M64-006	False
t1d_fold1	t1d	1	train	M64-008	False
t1d_fold1	t1d	1	train	M64-010	False
t1d_fold1	t1d	1	train	M64-013	False
t1d_fold1	t1d	1	train	M64-014	False
t1d_fold1	t1d	1	train	M64-017	False
t1d_fold1	t1d	1	train	M64-019	False
t1d_fold1	t1d	1	train	M64-021	False
t1d_fold1	t1d	1	train	M64-022	False
t1d_fold1	t1d	1	train	M64-026	False
t1d_fold1	t1d	1	train	M64-029	False
t1d_fold1	t1d	1	train	M64-030	False
t1d_fold1	t1d	1	train	M64-032	False
t1d_fold1	t1d	1	train	M64-034	False
t1d_fold1	t1d	1	train	M64-035	False
t1d_fold1	t1d	1	train	M64-036	False
t1d_fold1	t1d	1	train	M64-039	False
t1d_fold1	t1d	1	train	M64-040	False
t1d_fold1	t1d	1	train	M64-041	False
t1d_fold1	t1d	1	train	M64-042	False
t1d_fold1	t1d	1	train	M64-043	False
t1d_fold1	t1d	1	train	M64-044	False
t1d_fold1	t1d	1	train	M64-046	False
t1d_fold1	t1d	1	train	M64-047	False
t1d_fold1	t1d	1	train	M64-048	False
t1d_fold1	t1d	1	train	M64-050	False
t1d_fold1	t1d	1	train	M64-053	False
t1d_fold1	t1d	1	train	M64-054	False
t1d_fold1	t1d	1	train	M64-057	False
t1d_fold1	t1d	1	train	M64-058	False
t1d_fold1	t1d	1	train	M64-060	False
t1d_fold1	t1d	1	train	M64-062	False
t1d_fold1	t1d	1	train	M64-063	False
t1d_fold1	t1d	1	train	M64-065	False
t1d_fold1	t1d	1	train	M64-067	False
t1d_fold1	t1d	1	train	M64-068	False
t1d_fold1	t1d	1	train	M64-070	False
t1d_fold1	t1d	1	train	M64-071	False
t1d_fold1	t1d	1	train	M64-072	False
t1d_fold1	t1d	1	train	M64-074	False
t1d_fold1	t1d	1	train	M64-077	False
t1d_fold1	t1d	1	train	M64-078	False
t1d_fold1	t1d	1	train	M64-079	False
t1d_fold1	t1d	1	train	M64-081	False
t1d_fold1	t1d	1	train	M64-082	False
t1d_fold1	t1d	1	train	M64-083	False
t1d_fold1	t1d	1	train	M64-084	False
t1d_fold1	t1d	1	train	M64-085	False
t1d_fold1	t1d	1	train	M64-086	False
t1d_fold1	t1d	1	train	M64-088	False
t1d_fold1	t1d	1	train	M64-089	False
t1d_fold1	t1d	1	train	M64-090	False
t1d_fold1	t1d	1	train	M64-093	False
t1d_fold1	t1d	1	train	M64-094	False
t1d_fold1	t1d	1	train	M64-095	False
t1d_fold1	t1d	1	train	M64-099	False
t1d_fold1	t1d	1	train	M64-100	False
t1d_fold1	t1d	1	train	M64-101	False
t1d_fold1	t1d	1	train	M64-103	False
t1d_fold1	t1d	1	train	M64-107	False
t1d_fold1	t1d	1	train	M64-108	False
t1d_fold1	t1d	1	train	M64-109	False
t1d_fold1	t1d	1	train	M64-111	False
t1d_fold1	t1d	1	train	M64-112	False
t1d_fold1	t1d	1	train	M64-114	False
t1d_fold1	t1d	1	train	M124-S001	False
t1d_fold1	t1d	1	train	M124-S002	False
t1d_fold1	t1d	1	train	M124-S003	False
t1d_fold1	t1d	1	train	M124-S004	False
t1d_fold1	t1d	1	train	M124-S005	False
t1d_fold1	t1d	1	train	M124-S006	False
t1d_fold1	t1d	1	train	M124-S009	False
t1d_fold1	t1d	1	train	M124-S013	False
t1d_fold1	t1d	1	train	M124-S016	False
t1d_fold1	t1d	1	train	M124-S017	False
t1d_fold1	t1d	1	train	M124-S018	False
t1d_fold1	t1d	1	train	M124-S022	False
t1d_fold1	t1d	1	train	M124-S023	False
t1d_fold1	t1d	1	train	M124-S024	False
t1d_fold1	t1d	1	train	M124-S026	False
t1d_fold1	t1d	1	train	M124-S027	False
t1d_fold1	t1d	1	train	M124-S030	False
t1d_fold1	t1d	1	train	M124-S031	False
t1d_fold1	t1d	1	train	M124-S032	False
t1d_fold1	t1d	1	train	M124-S033	False
t1d_fold1	t1d	1	train	M124-S043	False
t1d_fold1	t1d	1	train	M281redo-S038	False
t1d_fold1	t1d	1	train	M281redo-S039	False
t1d_fold1	t1d	1	train	M281redo-S040	False
t1d_fold1	t1d	1	train	M281redo-S048	False
t1d_fold1	t1d	1	train	M281redo-S041	False
t1d_fold1	t1d	1	train	M281redo-S045	False
t1d_fold1	t1d	1	train	M281redo-S053	False
t1d_fold1	t1d	1	train	M281redo-S051	False
t1d_fold1	t1d	1	train	M281redo-S052	False
t1d_fold1	t1d	1	train	M281redo-S054	False
t1d_fold1	t1d	1	train	M281redo-S056	False
t1d_fold1	t1d	1	train	M281redo-S057	False
t1d_fold1	t1d	1	train	M281redo-S058	False
t1d_fold1	t1d	1	train	M281redo-S059	False
t1d_fold1	t1d	1	train	M281redo-S060	False
t1d_fold1	t1d	1	train	M281redo-S061	False
t1d_fold1	t1d	1	train	M281redo-S062	False
t1d_fold1	t1d	1	train	M281redo-S063	False
t1d_fold1	t1d	1	train	M454-S028	False
t1d_fold1	t1d	1	train	M454-S030	False
t1d_fold1	t1d	1	train	M454-S032	False
t1d_fold1	t1d	1	train	M456-S005	False
t1d_fold1	t1d	1	train	M456-S007	False
t1d_fold1	t1d	1	train	M464-S001	False
t1d_fold1	t1d	1	train	M464-S002	False
t1d_fold1	t1d	1	train	M464-S004	False
t1d_fold1	t1d	1	train	M464-S006	False
t1d_fold1	t1d	1	train	M464-S007	False
t1d_fold1	t1d	1	train	M464-S009	False
t1d_fold1	t1d	1	train	M464-S010	False
t1d_fold1	t1d	1	train	M464-S011	False
t1d_fold1	t1d	1	train	M464-S013	False
t1d_fold1	t1d	1	train	M464-S014	False
t1d_fold1	t1d	1	train	M464-S015	False
t1d_fold1	t1d	1	train	M464-S016	False
t1d_fold1	t1d	1	train	M464-S017	False
t1d_fold1	t1d	1	train	M464-S018	False
t1d_fold1	t1d	1	train	M464-S023	False
t1d_fold1	t1d	1	train	M464-S024	False
t1d_fold1	t1d	1	train	M464-S027	False
t1d_fold1	t1d	1	train	M464-S028	False
t1d_fold1	t1d	1	train	M464-S030	False
t1d_fold1	t1d	1	train	M464-S031	False
t1d_fold1	t1d	1	train	M464-S032	False
t1d_fold1	t1d	1	train	M464-S033	False
t1d_fold1	t1d	1	train	M464-S034	False
t1d_fold1	t1d	1	train	M464-S035	False
t1d_fold1	t1d	1	train	M464-S040	False
t1d_fold1	t1d	1	train	M464-S041	False
t1d_fold1	t1d	1	train	M464-S042	False
t1d_fold1	t1d	1	train	M464-S046	False
t1d_fold1	t1d	1	train	M491-S062	False
t1d_fold1	t1d	1	train	M491-S088	False
t1d_fold1	t1d	1	train	M491-S002	True
t1d_fold1	t1d	1	train	M491-S006	True
t1d_fold1	t1d	1	train	M491-S007	True
t1d_fold1	t1d	1	train	M491-S013	True
t1d_fold1	t1d	1	train	M491-S015	True
t1d_fold1	t1d	1	train	M491-S016	True
t1d_fold1	t1d	1	train	M491-S017	True
t1d_fold1	t1d	1	train	M491-S028	True
t1d_fold1	t1d	1	train	M491-S037	True
t1d_fold1	t1d	1	train	M491-S040	True
t1d_fold1	t1d	1	train	M491-S043	True
t1d_fold1	t1d	1	train	M491-S048	True
t1d_fold1	t1d	1	train	M491-S049	True
t1d_fold1	t1d	1	train	M491-S127	True
t1d_fold1	t1d	1	train	M491-S050	True
t1d_fold1	t1d	1	train	M491-S051	True
t1d_fold1	t1d	1	train	M491-S052	True
t1d_fold1	t1d	1	train	M491-S053	True
t1d_fold1	t1d	1	train	M491-S057	True
t1d_fold1	t1d	1	train	M491-S064	True
t1d_fold1	t1d	1	train	M491-S065	True
t1d_fold1	t1d	1	train	M491-S067	True
t1d_fold1	t1d	1	train	M491-S068	True
t1d_fold1	t1d	1	train	M491-S070	True
t1d_fold1	t1d	1	train	M491-S071	True
t1d_fold1	t1d	1	train	M491-S072	True
t1d_fold1	t1d	1	train	M491-S074	True
t1d_fold1	t1d	1	train	M491-S077	True
t1d_fold1	t1d	1	train	M491-S078	True
t1d_fold1	t1d	1	train	M491-S079	True
t1d_fold1	t1d	1	train	M491-S083	True
t1d_fold1	t1d	1	train	M491-S086	True
t1d_fold1	t1d	1	train	M491-S087	True
t1d_fold1	t1d	1	train	M491-S090	True
t1d_fold1	t1d	1	train	M491-S091	True
t1d_fold1	t1d	1	train	M491-S093	True
t1d_fold1	t1d	1	train	M491-S097	True
t1d_fold1	t1d	1	train	M491-S098	True
t1d_fold1	t1d	1	train	M491-S099	True
t1d_fold1	t1d	1	train	M491-S102	True
t1d_fold1	t1d	1	train	M491-S105	True
t1d_fold1	t1d	1	train	M491-S106	True
t1d_fold1	t1d	1	train	M491-S107	True
t1d_fold1	t1d	1	train	M491-S109	True
t1d_fold1	t1d	1	train	M491-S111	True
t1d_fold1	t1d	1	train	M491-S112	True
t1d_fold1	t1d	1	train	M491-S116	True
t1d_fold1	t1d	1	train	M491-S117	True
t1d_fold1	t1d	1	train	M491-S118	True
t1d_fold1	t1d	1	train	M491-S120	True
t1d_fold1	t1d	1	train	M491-S124	True
t1d_fold1	t1d	1	train	M491-S125	True
t1d_fold1	t1d	1	train	M491-S126	True
t1d_fold1	t1d	1	train	M491-S134	True
t1d_fold1	t1d	1	train	M491-S136	True
t1d_fold1	t1d	1	train	M491-S138	True
t1d_fold1	t1d	1	train	M491-S145	True
t1d_fold1	t1d	1	train	M491-S146	True
t1d_fold1	t1d	1	train	M491-S148	True
t1d_fold1	t1d	1	train	M491-S149	True
t1d_fold1	t1d	1	train	M491-S153	True
t1d_fold1	t1d	1	train	M491-S160	True
t1d_fold1	t1d	1	test	M124-S014	False
t1d_fold1	t1d	1	test	M124-S012	False
t1d_fold1	t1d	1	test	M124-S035	False
t1d_fold1	t1d	1	test	M124-S039	False
t1d_fold1	t1d	1	test	M64-009	False
t1d_fold1	t1d	1	test	M64-012	False
t1d_fold1	t1d	1	test	M64-016	False
t1d_fold1	t1d	1	test	M64-018	False
t1d_fold1	t1d	1	test	M64-027	False
t1d_fold1	t1d	1	test	M64-028	False
t1d_fold1	t1d	1	test	M64-031	False
t1d_fold1	t1d	1	test	M64-033	False
t1d_fold1	t1d	1	test	M64-037	False
t1d_fold1	t1d	1	test	M64-038	False
t1d_fold1	t1d	1	test	M64-049	False
t1d_fold1	t1d	1	test	M64-051	False
t1d_fold1	t1d	1	test	M64-052	False
t1d_fold1	t1d	1	test	M64-055	False
t1d_fold1	t1d	1	test	M64-059	False
t1d_fold1	t1d	1	test	M64-061	False
t1d_fold1	t1d	1	test	M64-064	False
t1d_fold1	t1d	1	test	M64-069	False
t1d_fold1	t1d	1	test	M64-073	False
t1d_fold1	t1d	1	test	M64-075	False
t1d_fold1	t1d	1	test	M64-076	False
t1d_fold1	t1d	1	test	M64-080	False
t1d_fold1	t1d	1	test	M64-087	False
t1d_fold1	t1d	1	test	M64-091	False
t1d_fold1	t1d	1	test	M64-092	False
t1d_fold1	t1d	1	test	M64-096	False
t1d_fold1	t1d	1	test	M64-097	False
t1d_fold1	t1d	1	test	M64-098	False
t1d_fold1	t1d	1	test	M64-104	False
t1d_fold1	t1d	1	test	M64-105	False
t1d_fold1	t1d	1	test	M64-106	False
t1d_fold1	t1d	1	test	M64-110	False
t1d_fold1	t1d	1	test	M64-113	False
t1d_fold1	t1d	1	test	M124-S007	False
t1d_fold1	t1d	1	test	M124-S008	False
t1d_fold1	t1d	1	test	M124-S010	False
t1d_fold1	t1d	1	test	M124-S011	False
t1d_fold1	t1d	1	test	M124-S015	False
t1d_fold1	t1d	1	test	M124-S019	False
t1d_fold1	t1d	1	test	M124-S020	False
t1d_fold1	t1d	1	test	M124-S021	False
t1d_fold1	t1d	1	test	M124-S025	False
t1d_fold1	t1d	1	test	M124-S028	False
t1d_fold1	t1d	1	test	M124-S029	False
t1d_fold1	t1d	1	test	M124-S034	False
t1d_fold1	t1d	1	test	M281redo-S042	False
t1d_fold1	t1d	1	test	M281redo-S044	False
t1d_fold1	t1d	1	test	M281redo-S046	False
t1d_fold1	t1d	1	test	M281redo-S047	False
t1d_fold1	t1d	1	test	M281redo-S050	False
t1d_fold1	t1d	1	test	M281redo-S064	False
t1d_fold1	t1d	1	test	M281redo-S065	False
t1d_fold1	t1d	1	test	M281redo-S066	False
t1d_fold1	t1d	1	test	M281redo-S068	False
t1d_fold1	t1d	1	test	M454-S029	False
t1d_fold1	t1d	1	test	M464-S005	False
t1d_fold1	t1d	1	test	M464-S008	False
t1d_fold1	t1d	1	test	M464-S012	False
t1d_fold1	t1d	1	test	M464-S019	False
t1d_fold1	t1d	1	test	M464-S020	False
t1d_fold1	t1d	1	test	M464-S021	False
t1d_fold1	t1d	1	test	M464-S022	False
t1d_fold1	t1d	1	test	M464-S025	False
t1d_fold1	t1d	1	test	M464-S026	False
t1d_fold1	t1d	1	test	M464-S029	False
t1d_fold1	t1d	1	test	M464-S036	False
t1d_fold1	t1d	1	test	M464-S037	False
t1d_fold1	t1d	1	test	M464-S039	False
t1d_fold1	t1d	1	test	M464-S044	False
t1d_fold1	t1d	1	test	M464-S045	False
t1d_fold1	t1d	1	test	M491-S035	False
t1d_fold1	t1d	1	test	M491-S009	True
t1d_fold1	t1d	1	test	M491-S018	True
t1d_fold1	t1d	1	test	M491-S019	True
t1d_fold1	t1d	1	test	M491-S020	True
t1d_fold1	t1d	1	test	M491-S166	True
t1d_fold1	t1d	1	test	M491-S023	True
t1d_fold1	t1d	1	test	M491-S026	True
t1d_fold1	t1d	1	test	M491-S029	True
t1d_fold1	t1d	1	test	M491-S032	True
t1d_fold1	t1d	1	test	M491-S036	True
t1d_fold1	t1d	1	test	M491-S039	True
t1d_fold1	t1d	1	test	M491-S041	True
t1d_fold1	t1d	1	test	M491-S045	True
t1d_fold1	t1d	1	test	M491-S046	True
t1d_fold1	t1d	1	test	M491-S047	True
t1d_fold1	t1d	1	test	M491-S054	True
t1d_fold1	t1d	1	test	M491-S066	True
t1d_fold1	t1d	1	test	M491-S075	True
t1d_fold1	t1d	1	test	M491-S080	True
t1d_fold1	t1d	1	test	M491-S085	True
t1d_fold1	t1d	1	test	M491-S101	True
t1d_fold1	t1d	1	test	M491-S089	True
t1d_fold1	t1d	1	test	M491-S096	True
t1d_fold1	t1d	1	test	M491-S100	True
t1d_fold1	t1d	1	test	M491-S121	True
t1d_fold1	t1d	1	test	M491-S123	True
t1d_fold1	t1d	1	test	M491-S156	True
t1d_fold1	t1d	1	test	M491-S129	True
t1d_fold1	t1d	1	test	M491-S131	True
t1d_fold1	t1d	1	test	M491-S133	True
t1d_fold1	t1d	1	test	M491-S141	True
t1d_fold1	t1d	1	test	M491-S147	True
t1d_fold1	t1d	1	test	M491-S150	True
t1d_fold1	t1d	1	test	M491-S167	True
t1d_fold2	t1d	2	train	M124-S014	False
t1d_fold2	t1d	2	train	M124-S042	False
t1d_fold2	t1d	2	train	M124-S012	False
t1d_fold2	t1d	2	train	M124-S036	False
t1d_fold2	t1d	2	train	M124-S035	False
t1d_fold2	t1d	2	train	M124-S039	False
t1d_fold2	t1d	2	train	M124-S040	False
t1d_fold2	t1d	2	train	M64-002	False
t1d_fold2	t1d	2	train	M64-003	False
t1d_fold2	t1d	2	train	M64-009	False
t1d_fold2	t1d	2	train	M64-010	False
t1d_fold2	t1d	2	train	M64-012	False
t1d_fold2	t1d	2	train	M64-014	False
t1d_fold2	t1d	2	train	M64-016	False
t1d_fold2	t1d	2	train	M64-017	False
t1d_fold2	t1d	2	train	M64-018	False
t1d_fold2	t1d	2	train	M64-026	False
t1d_fold2	t1d	2	train	M64-027	False
t1d_fold2	t1d	2	train	M64-028	False
t1d_fold2	t1d	2	train	M64-029	False
t1d_fold2	t1d	2	train	M64-031	False
t1d_fold2	t1d	2	train	M64-032	False
t1d_fold2	t1d	2	train	M64-033	False
t1d_fold2	t1d	2	train	M64-035	False
t1d_fold2	t1d	2	train	M64-037	False
t1d_fold2	t1d	2	train	M64-038	False
t1d_fold2	t1d	2	train	M64-040	False
t1d_fold2	t1d	2	train	M64-041	False
t1d_fold2	t1d	2	train	M64-043	False
t1d_fold2	t1d	2	train	M64-044	False
t1d_fold2	t1d	2	train	M64-047	False
t1d_fold2	t1d	2	train	M64-049	False
t1d_fold2	t1d	2	train	M64-051	False
t1d_fold2	t1d	2	train	M64-052	False
t1d_fold2	t1d	2	train	M64-053	False
t1d_fold2	t1d	2	train	M64-054	False
t1d_fold2	t1d	2	train	M64-055	False
t1d_fold2	t1d	2	train	M64-057	False
t1d_fold2	t1d	2	train	M64-058	False
t1d_fold2	t1d	2	train	M64-059	False
t1d_fold2	t1d	2	train	M64-061	False
t1d_fold2	t1d	2	train	M64-062	False
t1d_fold2	t1d	2	train	M64-064	False
t1d_fold2	t1d	2	train	M64-065	False
t1d_fold2	t1d	2	train	M64-068	False
t1d_fold2	t1d	2	train	M64-069	False
t1d_fold2	t1d	2	train	M64-073	False
t1d_fold2	t1d	2	train	M64-075	False
t1d_fold2	t1d	2	train	M64-076	False
t1d_fold2	t1d	2	train	M64-077	False
t1d_fold2	t1d	2	train	M64-078	False
t1d_fold2	t1d	2	train	M64-080	False
t1d_fold2	t1d	2	train	M64-081	False
t1d_fold2	t1d	2	train	M64-084	False
t1d_fold2	t1d	2	train	M64-085	False
t1d_fold2	t1d	2	train	M64-086	False
t1d_fold2	t1d	2	train	M64-087	False
t1d_fold2	t1d	2	train	M64-089	False
t1d_fold2	t1d	2	train	M64-090	False
t1d_fold2	t1d	2	train	M64-091	False
t1d_fold2	t1d	2	train	M64-092	False
t1d_fold2	t1d	2	train	M64-096	False
t1d_fold2	t1d	2	train	M64-097	False
t1d_fold2	t1d	2	train	M64-098	False
t1d_fold2	t1d	2	train	M64-101	False
t1d_fold2	t1d	2	train	M64-103	False
t1d_fold2	t1d	2	train	M64-104	False
t1d_fold2	t1d	2	train	M64-105	False
t1d_fold2	t1d	2	train	M64-106	False
t1d_fold2	t1d	2	train	M64-107	False
t1d_fold2	t1d	2	train	M64-109	False
t1d_fold2	t1d	2	train	M64-110	False
t1d_fold2	t1d	2	train	M64-111	False
t1d_fold2	t1d	2	train	M64-112	False
t1d_fold2	t1d	2	train	M64-113	False
t1d_fold2	t1d	2	train	M64-114	False
t1d_fold2	t1d	2	train	M124-S002	False
t1d_fold2	t1d	2	train	M124-S005	False
t1d_fold2	t1d	2	train	M124-S006	False
t1d_fold2	t1d	2	train	M124-S007	False
t1d_fold2	t1d	2	train	M124-S008	False
t1d_fold2	t1d	2	train	M124-S009	False
t1d_fold2	t1d	2	train	M124-S010	False
t1d_fold2	t1d	2	train	M124-S011	False
t1d_fold2	t1d	2	train	M124-S013	False
t1d_fold2	t1d	2	train	M124-S015	False
t1d_fold2	t1d	2	train	M124-S018	False
t1d_fold2	t1d	2	train	M124-S019	False
t1d_fold2	t1d	2	train	M124-S020	False
t1d_fold2	t1d	2	train	M124-S021	False
t1d_fold2	t1d	2	train	M124-S025	False
t1d_fold2	t1d	2	train	M124-S027	False
t1d_fold2	t1d	2	train	M124-S028	False
t1d_fold2	t1d	2	train	M124-S029	False
t1d_fold2	t1d	2	train	M124-S030	False
t1d_fold2	t1d	2	train	M124-S031	False
t1d_fold2	t1d	2	train	M124-S032	False
t1d_fold2	t1d	2	train	M124-S033	False
t1d_fold2	t1d	2	train	M124-S034	False
t1d_fold2	t1d	2	train	M281redo-S040	False
t1d_fold2	t1d	2	train	M281redo-S048	False
t1d_fold2	t1d	2	train	M281redo-S041	False
t1d_fold2	t1d	2	train	M281redo-S042	False
t1d_fold2	t1d	2	train	M281redo-S044	False
t1d_fold2	t1d	2	train	M281redo-S045	False
t1d_fold2	t1d	2	train	M281redo-S046	False
t1d_fold2	t1d	2	train	M281redo-S047	False
t1d_fold2	t1d	2	train	M281redo-S050	False
t1d_fold2	t1d	2	train	M281redo-S051	False
t1d_fold2	t1d	2	train	M281redo-S054	False
t1d_fold2	t1d	2	train	M281redo-S056	False
t1d_fold2	t1d	2	train	M281redo-S057	False
t1d_fold2	t1d	2	train	M281redo-S058	False
t1d_fold2	t1d	2	train	M281redo-S061	False
t1d_fold2	t1d	2	train	M281redo-S064	False
t1d_fold2	t1d	2	train	M281redo-S065	False
t1d_fold2	t1d	2	train	M281redo-S066	False
t1d_fold2	t1d	2	train	M281redo-S068	False
t1d_fold2	t1d	2	train	M454-S028	False
t1d_fold2	t1d	2	train	M454-S029	False
t1d_fold2	t1d	2	train	M456-S005	False
t1d_fold2	t1d	2	train	M456-S007	False
t1d_fold2	t1d	2	train	M464-S002	False
t1d_fold2	t1d	2	train	M464-S005	False
t1d_fold2	t1d	2	train	M464-S006	False
t1d_fold2	t1d	2	train	M464-S007	False
t1d_fold2	t1d	2	train	M464-S008	False
t1d_fold2	t1d	2	train	M464-S010	False
t1d_fold2	t1d	2	train	M464-S012	False
t1d_fold2	t1d	2	train	M464-S014	False
t1d_fold2	t1d	2	train	M464-S018	False
t1d_fold2	t1d	2	train	M464-S019	False
t1d_fold2	t1d	2	train	M464-S020	False
t1d_fold2	t1d	2	train	M464-S021	False
t1d_fold2	t1d	2	train	M464-S022	False
t1d_fold2	t1d	2	train	M464-S025	False
t1d_fold2	t1d	2	train	M464-S026	False
t1d_fold2	t1d	2	train	M464-S027	False
t1d_fold2	t1d	2	train	M464-S029	False
t1d_fold2	t1d	2	train	M464-S033	False
t1d_fold2	t1d	2	train	M464-S034	False
t1d_fold2	t1d	2	train	M464-S036	False
t1d_fold2	t1d	2	train	M464-S037	False
t1d_fold2	t1d	2	train	M464-S039	False
t1d_fold2	t1d	2	train	M464-S040	False
t1d_fold2	t1d	2	train	M464-S041	False
t1d_fold2	t1d	2	train	M464-S042	False
t1d_fold2	t1d	2	train	M464-S044	False
t1d_fold2	t1d	2	train	M464-S045	False
t1d_fold2	t1d	2	train	M491-S035	False
t1d_fold2	t1d	2	train	M491-S062	False
t1d_fold2	t1d	2	train	M491-S009	True
t1d_fold2	t1d	2	train	M491-S016	True
t1d_fold2	t1d	2	train	M491-S017	True
t1d_fold2	t1d	2	train	M491-S018	True
t1d_fold2	t1d	2	train	M491-S019	True
t1d_fold2	t1d	2	train	M491-S020	True
t1d_fold2	t1d	2	train	M491-S166	True
t1d_fold2	t1d	2	train	M491-S023	True
t1d_fold2	t1d	2	train	M491-S026	True
t1d_fold2	t1d	2	train	M491-S029	True
t1d_fold2	t1d	2	train	M491-S032	True
t1d_fold2	t1d	2	train	M491-S036	True
t1d_fold2	t1d	2	train	M491-S037	True
t1d_fold2	t1d	2	train	M491-S039	True
t1d_fold2	t1d	2	train	M491-S041	True
t1d_fold2	t1d	2	train	M491-S045	True
t1d_fold2	t1d	2	train	M491-S046	True
t1d_fold2	t1d	2	train	M491-S047	True
t1d_fold2	t1d	2	train	M491-S048	True
t1d_fold2	t1d	2	train	M491-S049	True
t1d_fold2	t1d	2	train	M491-S127	True
t1d_fold2	t1d	2	train	M491-S054	True
t1d_fold2	t1d	2	train	M491-S057	True
t1d_fold2	t1d	2	train	M491-S064	True
t1d_fold2	t1d	2	train	M491-S065	True
t1d_fold2	t1d	2	train	M491-S066	True
t1d_fold2	t1d	2	train	M491-S067	True
t1d_fold2	t1d	2	train	M491-S068	True
t1d_fold2	t1d	2	train	M491-S070	True
t1d_fold2	t1d	2	train	M491-S071	True
t1d_fold2	t1d	2	train	M491-S075	True
t1d_fold2	t1d	2	train	M491-S077	True
t1d_fold2	t1d	2	train	M491-S080	True
t1d_fold2	t1d	2	train	M491-S083	True
t1d_fold2	t1d	2	train	M491-S085	True
t1d_fold2	t1d	2	train	M491-S101	True
t1d_fold2	t1d	2	train	M491-S086	True
t1d_fold2	t1d	2	train	M491-S087	True
t1d_fold2	t1d	2	train	M491-S089	True
t1d_fold2	t1d	2	train	M491-S096	True
t1d_fold2	t1d	2	train	M491-S098	True
t1d_fold2	t1d	2	train	M491-S100	True
t1d_fold2	t1d	2	train	M491-S102	True
t1d_fold2	t1d	2	train	M491-S106	True
t1d_fold2	t1d	2	train	M491-S107	True
t1d_fold2	t1d	2	train	M491-S109	True
t1d_fold2	t1d	2	train	M491-S111	True
t1d_fold2	t1d	2	train	M491-S117	True
t1d_fold2	t1d	2	train	M491-S121	True
t1d_fold2	t1d	2	train	M491-S123	True
t1d_fold2	t1d	2	train	M491-S156	True
t1d_fold2	t1d	2	train	M491-S124	True
t1d_fold2	t1d	2	train	M491-S126	True
t1d_fold2	t1d	2	train	M491-S129	True
t1d_fold2	t1d	2	train	M491-S131	True
t1d_fold2	t1d	2	train	M491-S133	True
t1d_fold2	t1d	2	train	M491-S136	True
t1d_fold2	t1d	2	train	M491-S141	True
t1d_fold2	t1d	2	train	M491-S146	True
t1d_fold2	t1d	2	train	M491-S147	True
t1d_fold2	t1d	2	train	M491-S148	True
t1d_fold2	t1d	2	train	M491-S149	True
t1d_fold2	t1d	2	train	M491-S150	True
t1d_fold2	t1d	2	train	M491-S153	True
t1d_fold2	t1d	2	train	M491-S160	True
t1d_fold2	t1d	2	train	M491-S167	True
t1d_fold2	t1d	2	test	M124-S041	False
t1d_fold2	t1d	2	test	M124-S037	False
t1d_fold2	t1d	2	test	M124-S038	False
t1d_fold2	t1d	2	test	M64-004	False
t1d_fold2	t1d	2	test	M64-005	False
t1d_fold2	t1d	2	test	M64-006	False
t1d_fold2	t1d	2	test	M64-008	False
t1d_fold2	t1d	2	test	M64-013	False
t1d_fold2	t1d	2	test	M64-019	False
t1d_fold2	t1d	2	test	M64-021	False
t1d_fold2	t1d	2	test	M64-022	False
t1d_fold2	t1d	2	test	M64-030	False
t1d_fold2	t1d	2	test	M64-034	False
t1d_fold2	t1d	2	test	M64-036	False
t1d_fold2	t1d	2	test	M64-039	False
t1d_fold2	t1d	2	test	M64-042	False
t1d_fold2	t1d	2	test	M64-046	False
t1d_fold2	t1d	2	test	M64-048	False
t1d_fold2	t1d	2	test	M64-050	False
t1d_fold2	t1d	2	test	M64-060	False
t1d_fold2	t1d	2	test	M64-063	False
t1d_fold2	t1d	2	test	M64-067	False
t1d_fold2	t1d	2	test	M64-070	False
t1d_fold2	t1d	2	test	M64-071	False
t1d_fold2	t1d	2	test	M64-072	False
t1d_fold2	t1d	2	test	M64-074	False
t1d_fold2	t1d	2	test	M64-079	False
t1d_fold2	t1d	2	test	M64-082	False
t1d_fold2	t1d	2	test	M64-083	False
t1d_fold2	t1d	2	test	M64-088	False
t1d_fold2	t1d	2	test	M64-093	False
t1d_fold2	t1d	2	test	M64-094	False
t1d_fold2	t1d	2	test	M64-095	False
t1d_fold2	t1d	2	test	M64-099	False
t1d_fold2	t1d	2	test	M64-100	False
t1d_fold2	t1d	2	test	M64-108	False
t1d_fold2	t1d	2	test	M124-S001	False
t1d_fold2	t1d	2	test	M124-S003	False
t1d_fold2	t1d	2	test	M124-S004	False
t1d_fold2	t1d	2	test	M124-S016	False
t1d_fold2	t1d	2	test	M124-S017	False
t1d_fold2	t1d	2	test	M124-S022	False
t1d_fold2	t1d	2	test	M124-S023	False
t1d_fold2	t1d	2	test	M124-S024	False
t1d_fold2	t1d	2	test	M124-S026	False
t1d_fold2	t1d	2	test	M124-S043	False
t1d_fold2	t1d	2	test	M281redo-S038	False
t1d_fold2	t1d	2	test	M281redo-S039	False
t1d_fold2	t1d	2	test	M281redo-S053	False
t1d_fold2	t1d	2	test	M281redo-S052	False
t1d_fold2	t1d	2	test	M281redo-S059	False
t1d_fold2	t1d	2	test	M281redo-S060	False
t1d_fold2	t1d	2	test	M281redo-S062	False
t1d_fold2	t1d	2	test	M281redo-S063	False
t1d_fold2	t1d	2	test	M454-S030	False
t1d_fold2	t1d	2	test	M454-S032	False
t1d_fold2	t1d	2	test	M464-S001	False
t1d_fold2	t1d	2	test	M464-S004	False
t1d_fold2	t1d	2	test	M464-S009	False
t1d_fold2	t1d	2	test	M464-S011	False
t1d_fold2	t1d	2	test	M464-S013	False
t1d_fold2	t1d	2	test	M464-S015	False
t1d_fold2	t1d	2	test	M464-S016	False
t1d_fold2	t1d	2	test	M464-S017	False
t1d_fold2	t1d	2	test	M464-S023	False
t1d_fold2	t1d	2	test	M464-S024	False
t1d_fold2	t1d	2	test	M464-S028	False
t1d_fold2	t1d	2	test	M464-S030	False
t1d_fold2	t1d	2	test	M464-S031	False
t1d_fold2	t1d	2	test	M464-S032	False
t1d_fold2	t1d	2	test	M464-S035	False
t1d_fold2	t1d	2	test	M464-S046	False
t1d_fold2	t1d	2	test	M491-S088	False
t1d_fold2	t1d	2	test	M491-S002	True
t1d_fold2	t1d	2	test	M491-S006	True
t1d_fold2	t1d	2	test	M491-S007	True
t1d_fold2	t1d	2	test	M491-S013	True
t1d_fold2	t1d	2	test	M491-S015	True
t1d_fold2	t1d	2	test	M491-S028	True
t1d_fold2	t1d	2	test	M491-S040	True
t1d_fold2	t1d	2	test	M491-S043	True
t1d_fold2	t1d	2	test	M491-S050	True
t1d_fold2	t1d	2	test	M491-S051	True
t1d_fold2	t1d	2	test	M491-S052	True
t1d_fold2	t1d	2	test	M491-S053	True
t1d_fold2	t1d	2	test	M491-S072	True
t1d_fold2	t1d	2	test	M491-S074	True
t1d_fold2	t1d	2	test	M491-S078	True
t1d_fold2	t1d	2	test	M491-S079	True
t1d_fold2	t1d	2	test	M491-S090	True
t1d_fold2	t1d	2	test	M491-S091	True
t1d_fold2	t1d	2	test	M491-S093	True
t1d_fold2	t1d	2	test	M491-S097	True
t1d_fold2	t1d	2	test	M491-S099	True
t1d_fold2	t1d	2	test	M491-S105	True
t1d_fold2	t1d	2	test	M491-S112	True
t1d_fold2	t1d	2	test	M491-S116	True
t1d_fold2	t1d	2	test	M491-S118	True
t1d_fold2	t1d	2	test	M491-S120	True
t1d_fold2	t1d	2	test	M491-S125	True
t1d_fold2	t1d	2	test	M491-S134	True
t1d_fold2	t1d	2	test	M491-S138	True
t1d_fold2	t1d	2	test	M491-S145	True
